policy,request_id,arrival_ms,first_start_ms,completion_ms,latency_ms,first_wait_ms,deadline_ms,service_class,slo_miss,canvas
arrival_dense,0,0.0,0.0,3291.245305998018,3291.245305998018,0.0,20000.0,interactive_short,False,32
arrival_dense,1,4685.326635856748,4685.326635856748,8134.444861459181,3449.118225602433,0.0,24685.32663585675,interactive_short,False,32
arrival_dense,2,6262.838718290957,6288.020002255783,9737.138227858217,3474.2995095672595,25.181283964825525,26262.838718290957,interactive_short,False,32
arrival_dense,3,9861.555492950167,9861.555492950167,16358.432821550552,6496.877328600385,0.0,29861.555492950167,interactive_short,False,32
arrival_dense,4,11608.542790353687,11635.966005749098,22927.908880865463,11319.366090511776,27.423215395410807,61608.54279035369,interactive_medium,False,64
arrival_dense,5,11929.100460691434,11929.808385398966,23662.514829990134,11733.4143692987,0.7079247075325839,31929.100460691436,interactive_short,False,32
arrival_dense,6,12201.760830234378,12244.639506452397,24082.289658061374,11880.528827826996,42.87867621801888,62201.76083023438,interactive_medium,False,64
arrival_dense,7,12938.846292477965,13000.23419698063,24505.30365843387,11566.457365955905,61.38790450266424,32938.84629247797,interactive_short,False,32
arrival_dense,8,17523.749290794418,17533.802340150025,26588.84412089191,9065.094830097492,10.053049355607072,37523.74929079442,interactive_short,False,32
arrival_dense,9,20704.219288184544,20787.057257702138,27558.99955538861,6854.780267204067,82.83796951759359,40704.21928818454,interactive_short,False,32
arrival_dense,10,24646.507156003463,24661.78034141721,28789.63910458787,4143.131948584407,15.273185413745523,44646.50715600346,interactive_short,False,32
arrival_dense,11,29230.284890772156,29230.284890772156,35638.31020236349,6408.0253115913365,0.0,49230.284890772156,interactive_short,False,32
arrival_dense,12,29701.92333515015,29716.816805571863,36703.67879589422,7001.7554607440725,14.893470421713573,49701.923335150146,interactive_short,False,32
arrival_dense,13,30276.033844297603,30280.132864311883,37549.70679663921,7273.672952341611,4.099020014280541,50276.033844297606,interactive_short,False,32
arrival_dense,14,30492.972578722907,30515.140642296603,37706.18347962255,7213.210900899645,22.16806357369569,50492.97257872291,interactive_short,False,32
arrival_dense,15,33522.2850675438,33523.240200501015,39352.04276528194,5829.7576977381395,0.955132957213209,53522.2850675438,interactive_short,False,32
arrival_dense,16,37832.93903158115,37849.281101622466,42795.865277260156,4962.926245679009,16.342070041318948,57832.93903158115,interactive_short,False,32
arrival_dense,17,38875.962027478956,38882.0272093125,44873.750676212796,5997.78864873384,6.065181833546376,58875.962027478956,interactive_short,False,32
arrival_dense,18,40814.614746337094,40822.92358532533,47665.253282886544,6850.63853654945,8.30883898823231,90814.61474633709,interactive_medium,False,64
arrival_dense,19,41150.39514152049,41200.72093058944,47917.11817972929,6766.723038208802,50.32578906895651,61150.39514152049,interactive_short,False,32
arrival_dense,20,46465.51854974466,46468.89502288351,52804.707158153135,6339.188608408476,3.376473138850997,96465.51854974465,interactive_medium,False,64
arrival_dense,21,50464.64652766523,50495.94560376131,54521.8786221521,4057.2320944868698,31.29907609608199,70464.64652766523,interactive_short,False,32
arrival_dense,22,57941.29295752837,57941.29295752837,61232.53826352639,3291.245305998018,0.0,77941.29295752838,interactive_short,False,32
arrival_dense,23,61270.895281049074,61270.895281049074,64562.14058704709,3291.245305998018,0.0,81270.89528104907,interactive_short,False,32
arrival_dense,24,65535.16615037969,65535.16615037969,77949.65125055923,12414.485100179532,0.0,115535.1661503797,interactive_medium,False,128
arrival_dense,25,65585.36358234937,65590.96354375916,78054.59495757704,12469.231375227668,5.599961409796379,85585.36358234937,interactive_short,False,32
arrival_dense,26,68253.25681341092,68284.48662711043,80825.10882284722,12571.852009436305,31.229813699508668,88253.25681341092,interactive_short,False,32
arrival_dense,27,69060.7463946566,69139.8109300705,81454.77106495408,12394.024670297484,79.06453541389783,89060.7463946566,interactive_short,False,32
arrival_dense,28,74402.71441442745,74499.84322862027,84309.23989583852,9906.525481411067,97.12881419282348,124402.71441442745,interactive_medium,False,64
arrival_dense,29,77644.06746322283,77778.58638996721,85421.6431902273,7777.5757270044705,134.5189267443784,97644.06746322283,interactive_short,False,32
arrival_dense,30,81635.21006518841,81664.6584789897,88485.99943514736,6850.789369958948,29.44841380129219,131635.2100651884,interactive_medium,False,64
arrival_dense,31,84964.57561606709,84980.8796207525,95053.79750118617,10089.221885119085,16.30400468541484,134964.5756160671,interactive_medium,False,64
arrival_dense,32,85585.2647166139,85589.5531214558,96308.27314552761,10723.008428913701,4.2884048418927705,105585.2647166139,interactive_short,False,32
arrival_dense,33,88681.710555966,88695.88684918298,103675.0264164382,14993.315860472198,14.176293216980412,138681.710555966,interactive_medium,False,128
arrival_dense,34,88910.50326923911,88952.484140071,103858.13265959568,14947.629390356567,41.98087083188875,108910.50326923911,interactive_short,False,32
arrival_dense,35,93024.56098153477,93058.04079427934,107376.6407788963,14352.079797361526,33.479812744568335,113024.56098153477,interactive_short,False,32
arrival_dense,36,96936.79057994079,96992.53258789566,110210.42787538124,13273.63729544045,55.74200795487559,146936.79057994077,interactive_medium,False,64
arrival_dense,37,97439.96335557531,97448.70554947437,110524.32429222266,13084.360936647354,8.742193899059203,117439.96335557531,interactive_short,False,32
arrival_dense,38,100831.98873158326,100870.00276131465,112250.75458485032,11418.765853267061,38.01402973139193,150831.98873158326,interactive_medium,False,64
arrival_dense,39,102065.48441728606,102067.45678545875,112739.03789993691,10673.553482650852,1.9723681726900395,122065.48441728606,interactive_short,False,32
arrival_dense,40,102793.72061808415,102817.65594658247,112983.17955748022,10189.458939396078,23.935328498322633,152793.72061808413,interactive_medium,False,64
arrival_dense,41,105966.58478485378,105998.984282759,115239.25422613353,9272.669441279751,32.39949790522223,125966.58478485378,interactive_short,False,32
arrival_dense,42,106483.07855714422,106487.26759784562,115865.94163409279,9382.86307694856,4.18904070139979,126483.07855714422,interactive_short,False,32
arrival_dense,43,106530.9764266568,106557.02235714371,115928.61037488871,9397.633948231916,26.045930486914585,126530.9764266568,interactive_short,False,32
arrival_dense,44,106960.16133027605,107027.86698240585,116210.61970847037,9250.458378194322,67.70565212979272,126960.16133027605,interactive_short,False,32
arrival_dense,45,107755.9349758439,107769.01129994808,116492.27773784038,8736.342761996479,13.076324104171363,127755.9349758439,interactive_short,False,32
arrival_dense,46,111751.33283285139,111779.90995958819,117923.25395783952,6171.921124988134,28.577126736796345,131751.3328328514,interactive_short,False,32
arrival_dense,47,118567.11856872926,118567.11856872926,122575.5690316254,4008.450462896144,0.0,138567.11856872926,interactive_short,False,32
arrival_dense,48,119221.6976026299,119225.36762992886,123656.60481035511,4434.90720772522,3.6700272989692166,139221.6976026299,interactive_short,False,32
arrival_dense,49,121273.24896644348,121290.85984530894,125722.09702573519,4448.848059291704,17.610878865452833,141273.24896644347,interactive_short,False,32
arrival_dense,50,122293.82844906364,122324.8940684417,126351.72656253481,4057.898113471165,31.065619378059637,142293.82844906364,interactive_short,False,32
arrival_dense,51,130236.27999100173,130236.27999100173,133690.74984099754,3454.469849995803,0.0,150236.27999100173,interactive_short,False,32
arrival_dense,52,131772.95154212418,131781.7343086008,135236.2041585966,3463.252616472426,8.782766476622783,151772.95154212418,interactive_short,False,32
arrival_dense,53,137374.50461665468,137374.50461665468,147267.45970156754,9892.955084912857,0.0,187374.50461665468,interactive_medium,False,128
arrival_dense,54,137619.61235432947,137653.49158355204,147502.46747955226,9882.855125222792,33.87922922256985,157619.61235432947,interactive_short,False,32
arrival_dense,55,144659.61547534552,144672.97598258866,150193.8664268657,5534.250951520167,13.360507243138272,164659.61547534552,interactive_short,False,32
arrival_dense,56,145053.0272684508,145100.6381340687,150336.9640488656,5283.936780414806,47.610865617898526,165053.0272684508,interactive_short,False,32
arrival_dense,57,151621.68697230733,151621.68697230733,199089.07613951716,47467.389167209825,0.0,201621.68697230733,interactive_medium,False,64
arrival_dense,58,152238.7259482832,152284.81402420122,206147.31692343022,53908.59097514703,46.08807591802906,172238.7259482832,interactive_short,True,32
arrival_dense,59,152468.2070170382,152494.70143823684,210068.56180338192,57600.35478634373,26.494421198643977,172468.2070170382,interactive_short,True,32
arrival_dense,60,153608.5224910845,153628.09347402919,224185.04337120804,70576.52088012354,19.570982944685966,253608.5224910845,interactive_long,False,256
arrival_dense,61,156216.44073635942,156236.95839498806,228997.65027512188,72781.20953876246,20.517658628639765,176216.44073635942,interactive_short,True,32
arrival_dense,62,156969.2554851252,156989.70890824104,230108.25186833277,73138.99638320756,20.453423115832265,176969.2554851252,interactive_short,True,32
arrival_dense,63,158833.12467464927,159097.41034534937,232699.65558582483,73866.53091117556,264.2856707001047,178833.12467464927,interactive_short,True,32
arrival_dense,64,160265.64130798163,160478.3984160441,234180.457710106,73914.81640212439,212.75710806247662,210265.64130798163,interactive_medium,True,64
arrival_dense,65,161238.5429869296,161267.5344564411,234920.8587722466,73682.31578531701,28.991469511500327,211238.5429869296,interactive_medium,True,64
arrival_dense,66,162957.3623497664,163043.09054733432,236401.66089652778,73444.29854676139,85.7281975679216,182957.3623497664,interactive_short,True,32
arrival_dense,67,163545.3596597112,164029.51059783055,237142.06195866838,73596.70229895719,484.15093811936094,183545.3596597112,interactive_short,True,32
arrival_dense,68,166012.74851501672,166199.63470892227,238622.86408294956,72610.11556793284,186.8861939055496,186012.74851501672,interactive_short,True,32
arrival_dense,69,166016.13393510526,166199.63470892227,238622.86408294956,72606.7301478443,183.50077381700976,186016.13393510526,interactive_short,True,32
arrival_dense,70,171212.06512667643,171297.25305285948,241584.46833151192,70372.40320483549,85.18792618304724,191212.06512667643,interactive_short,True,32
arrival_dense,71,172758.40355763954,173355.90661483412,243937.21525948294,71178.8117018434,597.5030571945827,222758.40355763954,interactive_medium,True,128
arrival_dense,72,175300.2676131151,175561.60685980695,246289.96218745396,70989.69457433885,261.3392466918449,225300.2676131151,interactive_medium,True,64
arrival_dense,73,178009.4720451799,199089.07613951716,269817.4314671642,91807.9594219843,21079.604094337265,198009.4720451799,interactive_short,True,32
arrival_dense,74,180230.61004395568,206147.31692343022,276875.67225107725,96645.06220712158,25916.706879474543,200230.61004395568,interactive_short,True,32
arrival_dense,75,181136.4200486716,210068.56180338192,280796.91713102895,99660.49708235735,28932.14175471032,201136.4200486716,interactive_short,True,32
arrival_dense,76,181281.50511497576,224185.04337120804,294913.3986988551,113631.89358387931,42903.53825623228,231281.50511497576,interactive_medium,True,128
arrival_dense,77,183464.20864479677,228997.65027512188,305108.6353867295,121644.42674193272,45533.441630325106,203464.20864479677,interactive_short,True,32
arrival_dense,78,184265.7609896628,230108.25186833277,307461.3823147005,123195.6213250377,45842.49087866995,204265.7609896628,interactive_short,True,32
arrival_dense,79,185019.27037452036,232699.65558582483,312951.1251466329,127931.85477211254,47680.38521130447,205019.27037452036,interactive_short,True,32
arrival_dense,80,188787.22094703364,234180.457710106,316088.12105059426,127300.90010356062,45393.236763072375,208787.22094703364,interactive_short,True,32
arrival_dense,81,191331.39780426107,234920.8587722466,317656.61900257494,126325.22119831387,43589.460967985535,211331.39780426107,interactive_short,True,32
arrival_dense,82,192045.66867047417,236401.66089652778,320793.6149065363,128747.94623606213,44355.99222605361,212045.66867047417,interactive_short,True,32
arrival_dense,83,192785.72366443145,237142.06195866838,322362.112858517,129576.38919408552,44356.33829423692,242785.72366443145,interactive_medium,True,64
arrival_dense,84,193835.54878730024,238622.86408294956,325499.10876247834,131663.5599751781,44787.315295649314,213835.54878730024,interactive_short,True,32
arrival_dense,85,194865.21737300162,238622.86408294956,325499.10876247834,130633.89138947672,43757.646709947934,214865.21737300162,interactive_short,True,32
arrival_dense,86,195566.19192016678,241584.46833151192,331773.10057040106,136206.90865023428,46018.27641134514,295566.1919201668,interactive_long,True,256
arrival_dense,87,195838.49080862475,243937.21525948294,334125.8474983721,138287.35668974734,48098.72445085819,215838.49080862475,interactive_short,True,32
arrival_dense,88,196929.48483398094,246289.96218745396,336478.5944263431,139549.10959236216,49360.47735347302,216929.48483398094,interactive_short,True,32
arrival_dense,89,202568.46551219074,269817.4314671642,360006.0637060533,157437.59819386256,67248.96595497345,222568.46551219074,interactive_short,True,32
arrival_dense,90,204830.64109467145,276875.67225107725,367064.30448996637,162233.66339529492,72045.0311564058,224830.64109467145,interactive_short,True,32
arrival_dense,91,209492.72434268222,280796.91713102895,370985.54936991807,161492.82502723584,71304.19278834673,229492.72434268222,interactive_short,True,32
arrival_dense,92,211404.4249104831,294913.3986988551,385102.0309377442,173697.6060272611,83508.97378837198,261404.4249104831,interactive_medium,True,64
arrival_dense,93,212120.4905687086,305108.6353867295,395297.2676256186,183176.77705691,92988.1448180209,232120.4905687086,interactive_short,True,32
arrival_dense,94,213708.3589683187,307461.3823147005,397650.01455358963,183941.65558527093,93753.02334638181,233708.3589683187,interactive_short,True,32
arrival_dense,95,213709.17101254492,312951.1251466329,403139.757385522,189430.5863729771,99241.95413408798,233709.17101254492,interactive_short,True,32
arrival_dense,96,214385.4767159057,316088.12105059426,406276.7532894834,191891.27657357766,101702.64433468855,314385.4767159057,interactive_long,True,256
arrival_dense,97,215509.3221345372,317656.61900257494,407017.15435162396,191507.83221708678,102147.29686803775,235509.3221345372,interactive_short,True,32
arrival_dense,98,217244.25080076285,320793.6149065363,408497.95647590514,191253.7056751423,103549.36410577345,267244.25080076285,interactive_medium,True,128
arrival_dense,99,219370.96672305348,322362.112858517,409238.35753804573,189867.39081499225,102991.1461354635,269370.9667230535,interactive_medium,True,64
arrival_dense,100,220621.8996391037,325499.10876247834,410719.1596623269,190097.2600232232,104877.20912337463,240621.8996391037,interactive_short,True,32
arrival_dense,101,221789.26511169868,325499.10876247834,410719.1596623269,188929.89455062823,103709.84365077966,271789.26511169865,interactive_medium,True,64
arrival_dense,102,222270.10243516884,331773.10057040106,413680.7639108893,191410.66147572044,109502.99813523222,242270.10243516884,interactive_short,True,32
arrival_dense,103,223551.9186087876,334125.8474983721,414791.36550410016,191239.44689531258,110573.9288895845,243551.9186087876,interactive_short,True,32
arrival_dense,104,228180.84585377428,336478.5944263431,415901.96709731105,187721.12124353676,108297.74857256882,248180.84585377428,interactive_short,True,32
arrival_dense,105,231360.35918512376,360006.0637060533,427007.9830294199,195647.62384429615,128645.70452092955,251360.35918512376,interactive_short,True,32
arrival_dense,106,231732.27485609736,367064.30448996637,430339.78780905256,198607.5129529552,135332.029633869,251732.27485609736,interactive_short,True,32
arrival_dense,107,231909.49041917422,370985.54936991807,432190.79046440404,200281.30004522981,139076.05895074384,251909.49041917422,interactive_short,True,32
arrival_dense,108,233358.5680228021,385102.0309377442,438854.40002366935,205495.83200086726,151743.4629149421,253358.5680228021,interactive_short,True,32
arrival_dense,109,235363.03259872267,395297.2676256186,443667.0069275832,208303.97432886052,159934.23502689594,285363.03259872267,interactive_medium,True,128
arrival_dense,110,236179.5353372144,397650.01455358963,444777.6085207941,208598.0731835797,161470.47921637524,286179.53533721436,interactive_medium,True,64
arrival_dense,111,239591.69139954826,403139.757385522,447369.01223828614,207777.32083873788,163548.06598597375,259591.69139954826,interactive_short,True,32
arrival_dense,112,242373.40601094568,406276.7532894834,448849.8143625673,206476.40835162165,163903.3472785377,262373.4060109457,interactive_short,True,32
arrival_dense,113,244607.74689604086,407017.15435162396,449590.2154247079,204982.46852866706,162409.4074555831,264607.74689604086,interactive_short,True,32
arrival_dense,114,245116.60429665423,408497.95647590514,451071.0175489891,205954.41325233487,163381.3521792509,295116.60429665423,interactive_medium,True,128
arrival_dense,115,245560.71741308132,409238.35753804573,451811.4186111297,206250.70119804837,163677.6401249644,295560.7174130813,interactive_medium,True,64
arrival_dense,116,245610.1746843997,410719.1596623269,453292.22073541087,207682.04605101116,165108.9849779272,265610.17468439974,interactive_short,True,32
arrival_dense,117,246171.83268557416,410719.1596623269,453292.22073541087,207120.3880498367,164547.32697675275,266171.8326855742,interactive_short,True,32
arrival_dense,118,247461.06619236048,413680.7639108893,456253.82498397323,208792.75879161275,166219.6977185288,267461.0661923605,interactive_short,True,32
arrival_dense,119,251251.8118115288,414791.36550410016,457364.4265771841,206112.6147656553,163539.55369257135,271251.8118115288,interactive_short,True,32
arrival_dense,120,251403.04467762125,415901.96709731105,458475.028170395,207071.98349277375,164498.9224196898,301403.0446776212,interactive_medium,True,64
arrival_dense,121,252473.421380079,427007.9830294199,469581.04410250386,217107.62272242486,174534.5616493409,272473.421380079,interactive_short,True,32
arrival_dense,122,254460.65811645883,430339.78780905256,472912.8488821365,218452.1907656777,175879.12969259373,304460.6581164588,interactive_medium,True,64
arrival_dense,123,254893.08147302043,432190.79046440404,474763.851537488,219870.77006446756,177297.7089913836,274893.08147302043,interactive_short,True,32
arrival_dense,124,257276.86858247902,438854.40002366935,481427.4610967533,224150.5925142743,181577.53144119034,277276.868582479,interactive_short,True,32
arrival_dense,125,258640.7971443583,443667.0069275832,486240.06800066715,227599.27085630884,185026.20978322488,278640.7971443583,interactive_short,True,32
arrival_dense,126,259200.18378525076,444777.6085207941,487350.66959387803,228150.48580862727,185577.42473554332,279200.18378525076,interactive_short,True,32
arrival_dense,127,261334.74833081558,447369.01223828614,489942.0733113701,228607.32498055452,186034.26390747057,311334.7483308156,interactive_medium,True,128
arrival_dense,128,261345.86882622488,448849.8143625673,491422.8754356513,230077.0066094264,187503.94553634245,311345.8688262249,interactive_medium,True,64
arrival_dense,129,264126.1882832452,449590.2154247079,492163.27649779187,228037.08821454667,185464.02714146272,314126.1882832452,interactive_medium,True,64
arrival_dense,130,267065.94190347125,451071.0175489891,493644.07862207305,226578.1367186018,184005.07564551785,287065.94190347125,interactive_short,True,32
arrival_dense,131,267291.35520539456,451811.4186111297,494384.47968421364,227093.12447881908,184520.06340573513,287291.35520539456,interactive_short,True,32
arrival_dense,132,268398.6342470887,453292.22073541087,495865.2818084948,227466.64756140613,184893.58648832218,318398.6342470887,interactive_medium,True,64
arrival_dense,133,268785.528719743,453292.22073541087,495865.2818084948,227079.7530887518,184506.69201566785,318785.528719743,interactive_medium,True,128
arrival_dense,134,275124.0836601808,456253.82498397323,496829.09383028955,221705.01017010876,181129.74132379243,295124.0836601808,interactive_short,True,32
arrival_dense,135,276583.5306883647,457364.4265771841,499181.8407582606,222598.31006989587,180780.89588881942,296583.5306883647,interactive_short,True,32
arrival_dense,136,276686.57708818314,458475.028170395,501534.5876862316,224848.01059804845,181788.45108221186,296686.57708818314,interactive_short,True,32
arrival_dense,137,277259.80445404275,469581.04410250386,525062.0569659418,247802.25251189905,192321.2396484611,327259.80445404275,interactive_medium,True,64
arrival_dense,138,281031.9844971329,472912.8488821365,532120.2977498549,251088.31325272197,191880.86438500363,331031.9844971329,interactive_medium,True,64
arrival_dense,139,282251.2951702571,474763.851537488,536041.5426298066,253790.24745954946,192512.5563672309,302251.2951702571,interactive_short,True,32
arrival_dense,140,285484.3874195229,481427.4610967533,550158.0241976327,264673.63677810977,195943.0736772304,305484.3874195229,interactive_short,True,32
arrival_dense,141,287687.0858763872,486240.06800066715,560353.2608855071,272666.1750091199,198552.98212427995,307687.0858763872,interactive_short,True,32
arrival_dense,142,296514.93849096954,487350.66959387803,562706.0078134781,266191.0693225086,190835.7311029085,316514.93849096954,interactive_short,True,32
arrival_dense,143,298324.9098344262,489942.0733113701,568195.7506454105,269870.8408109843,191617.1634769439,348324.9098344262,interactive_medium,True,64
arrival_dense,144,304317.9593471235,491422.8754356513,571332.7465493719,267014.78720224835,187104.91608852777,324317.9593471235,interactive_short,True,32
arrival_dense,145,308758.6046021605,492163.27649779187,572901.2445013525,264142.639899192,183404.67189563136,328758.6046021605,interactive_short,True,32
arrival_dense,146,310655.46979909524,493644.07862207305,576038.2404053139,265382.77060621866,182988.6088229778,330655.46979909524,interactive_short,True,32
arrival_dense,147,313196.2218718601,494384.47968421364,577606.7383572946,264410.5164854345,181188.25781235355,363196.2218718601,interactive_medium,True,64
arrival_dense,148,314601.7208017273,495865.2818084948,580743.734261256,266142.0134595286,181263.5610067675,334601.7208017273,interactive_short,True,32
arrival_dense,149,318152.3418345306,495865.2818084948,580743.734261256,262591.39242672536,177712.93997396424,338152.3418345306,interactive_short,True,32
arrival_dense,150,319739.9215228538,496829.09383028955,587017.7260691787,267277.8045463249,177089.17230743577,419739.9215228538,interactive_long,True,256
arrival_dense,151,324290.01903144224,499181.8407582606,588128.3276623897,263838.3086309475,174891.82172681834,344290.01903144224,interactive_short,True,32
arrival_dense,152,327012.4846522204,501534.5876862316,589238.9292556008,262226.4446033804,174522.1030340112,347012.4846522204,interactive_short,True,32
arrival_dense,153,328299.95882871764,525062.0569659418,600344.9451877114,272044.98635899374,196762.09813722415,348299.95882871764,interactive_short,True,32
arrival_dense,154,328899.98520282906,532120.2977498549,603676.7499673446,274776.7647645155,203220.3125470258,348899.98520282906,interactive_short,True,32
arrival_dense,155,329468.00215959235,536041.5426298066,605527.7526226963,276059.750463104,206573.5404702142,349468.00215959235,interactive_short,True,32
arrival_dense,156,331498.3546530178,550158.0241976327,612191.3621819627,280693.0075289449,218659.66954461485,351498.3546530178,interactive_short,True,32
arrival_dense,157,334401.6311719936,560353.2608855071,617003.9690858773,282602.3379138837,225951.62971351348,354401.6311719936,interactive_short,True,32
arrival_dense,158,335874.9927551598,562706.0078134781,618114.5706790884,282239.57792392856,226831.01505831833,355874.9927551598,interactive_short,True,32
arrival_dense,159,337845.99806512165,568195.7506454105,620705.9743965808,282859.9763314592,230349.75258028886,357845.99806512165,interactive_short,True,32
arrival_dense,160,338488.05513029825,571332.7465493719,622186.7765208622,283698.721390564,232844.6914190736,358488.05513029825,interactive_short,True,32
arrival_dense,161,338649.35484757664,572901.2445013525,622927.177583003,284277.8227354263,234251.8896537759,358649.35484757664,interactive_short,True,32
arrival_dense,162,339322.3381436127,576038.2404053139,624407.9797072844,285085.64156367164,236715.90226170118,359322.3381436127,interactive_short,True,32
arrival_dense,163,339956.4640854367,577606.7383572946,625148.3807694251,285191.91668398835,237650.27427185787,389956.4640854367,interactive_medium,True,128
arrival_dense,164,340726.9350188946,580743.734261256,626629.1828937065,285902.2478748119,240016.79924236133,390726.9350188946,interactive_medium,True,64
arrival_dense,165,342280.6545444606,580743.734261256,626629.1828937065,284348.5283492459,238463.07971679536,362280.6545444606,interactive_short,True,32
arrival_dense,166,342578.52264161,587017.7260691787,629590.7871422693,287012.2645006593,244439.20342756866,362578.52264161,interactive_short,True,32
arrival_dense,167,343104.5314275153,588128.3276623897,631943.5340702403,288839.002642725,245023.7962348744,363104.5314275153,interactive_short,True,32
arrival_dense,168,345472.54378428264,589238.9292556008,634296.2809982114,288823.7372139287,243766.38547131815,365472.54378428264,interactive_short,True,32
arrival_dense,169,347923.74814603163,600344.9451877114,657823.7502779216,309900.0021318899,252421.19704167976,367923.74814603163,interactive_short,True,32
arrival_dense,170,348056.51680808194,603676.7499673446,664881.9910618346,316825.4742537527,255620.23315926263,398056.51680808194,interactive_medium,True,128
arrival_dense,171,349103.6610731932,605527.7526226963,668803.2359417863,319699.57486859313,256424.09154950315,369103.6610731932,interactive_short,True,32
arrival_dense,172,350668.1037808773,612191.3621819627,682919.7175096124,332251.61372873513,261523.2584010854,370668.1037808773,interactive_short,True,32
arrival_dense,173,351743.0393517153,617003.9690858773,693114.9541974869,341371.91484577156,265260.929734162,401743.0393517153,interactive_medium,True,64
arrival_dense,174,352206.4858290961,618114.5706790884,695467.7011254579,343261.21529636177,265908.08484999224,402206.4858290961,interactive_medium,True,64
arrival_dense,175,353296.4351300922,620705.9743965808,700957.4439573903,347661.00882729806,267409.53926648863,373296.4351300922,interactive_short,True,32
arrival_dense,176,358000.79433636187,622186.7765208622,704094.4398613516,346093.64552498976,264185.9821845004,378000.79433636187,interactive_short,True,32
arrival_dense,177,359755.3162093097,622927.177583003,705662.9378133323,345907.6216040226,263171.8613736933,379755.3162093097,interactive_short,True,32
arrival_dense,178,362133.63557731314,624407.9797072844,708799.9337172937,346666.2981399805,262274.3441299712,382133.63557731314,interactive_short,True,32
arrival_dense,179,366019.71258193307,625148.3807694251,710368.4316692743,344348.7190873413,259128.668187492,386019.71258193307,interactive_short,True,32
arrival_dense,180,368921.118746171,626629.1828937065,713505.4275732357,344584.3088270647,257708.06414753548,418921.118746171,interactive_medium,True,64
arrival_dense,181,369878.4198514725,626629.1828937065,713505.4275732357,343627.0077217632,256750.763042234,389878.4198514725,interactive_short,True,32
arrival_dense,182,369890.2469196961,629590.7871422693,719779.4193811584,349889.1724614623,259700.5402225732,469890.2469196961,interactive_long,True,256
arrival_dense,183,370757.2317872697,631943.5340702403,722132.1663091294,351374.93452185974,261186.30228297063,390757.2317872697,interactive_short,True,32
arrival_dense,184,373557.81654337514,634296.2809982114,724484.9132371005,350927.0966937253,260738.4644548362,393557.81654337514,interactive_short,True,32
arrival_dense,185,377398.56579818815,657823.7502779216,748012.3825168107,370613.8167186225,280425.1844797334,397398.56579818815,interactive_short,True,32
arrival_dense,186,383532.1777781886,664881.9910618346,755070.6233007237,371538.4455225351,281349.813283646,433532.1777781886,interactive_medium,True,64
arrival_dense,187,384618.2600858557,668803.2359417863,758991.8681806754,374373.6080948197,284184.9758559306,404618.2600858557,interactive_short,True,32
arrival_dense,188,387371.07226095744,682919.7175096124,773108.3497485016,385737.2774875441,295548.645248655,407371.07226095744,interactive_short,True,32
arrival_dense,189,388950.97137005127,693114.9541974869,783303.586436376,394352.6150663247,304163.9828274356,408950.97137005127,interactive_short,True,32
arrival_dense,190,390799.8822599886,695467.7011254579,785656.333364347,394856.4511043584,304667.8188654693,410799.8822599886,interactive_short,True,32
arrival_dense,191,391298.18672327726,700957.4439573903,791146.0761962794,399847.8894730021,309659.257234113,411298.18672327726,interactive_short,True,32
arrival_dense,192,391793.62700326595,704094.4398613516,794283.0721002407,402489.4450969748,312300.8128580857,411793.62700326595,interactive_short,True,32
arrival_dense,193,392938.4474975708,705662.9378133323,795851.5700522214,402913.1225546506,312724.4903157615,442938.4474975708,interactive_medium,True,128
arrival_dense,194,392997.3562420502,708799.9337172937,798988.5659561828,405991.2097141326,315802.5774752435,412997.3562420502,interactive_short,True,32
arrival_dense,195,393816.6927309916,710368.4316692743,800557.0639081635,406740.3711771719,316551.73893828277,443816.6927309916,interactive_medium,True,64
arrival_dense,196,396090.205256994,713505.4275732357,803694.0598121248,407603.8545551308,317415.2223162417,416090.205256994,interactive_short,True,32
arrival_dense,197,397126.29741134576,713505.4275732357,803694.0598121248,406567.76240077906,316379.13016188995,417126.29741134576,interactive_short,True,32
arrival_dense,198,397487.0516630854,719779.4193811584,809968.0516200475,412480.9999569621,322292.367718073,497487.0516630854,interactive_long,True,256
arrival_dense,199,398746.9838833903,722132.1663091294,812320.7985480186,413573.81466462824,323385.1824257391,448746.9838833903,interactive_medium,True,64
arrival_dense,200,399020.0620997148,724484.9132371005,814673.5454759896,415653.48337627476,325464.85113738565,449020.0620997148,interactive_medium,True,128
arrival_dense,201,400967.14431063854,748012.3825168107,838201.0147556998,437233.87044506124,347045.23820617213,450967.14431063854,interactive_medium,True,128
arrival_dense,202,401021.8177473623,755070.6233007237,845259.2555396128,444237.43779225054,354048.8055533614,451021.8177473623,interactive_medium,True,64
arrival_dense,203,402023.63518691156,758991.8681806754,849180.5004195645,447156.865232653,356968.2329937639,422023.63518691156,interactive_short,True,32
arrival_dense,204,403685.6601542116,773108.3497485016,863296.9819873907,459611.32183317904,369422.6895942899,423685.6601542116,interactive_short,True,32
arrival_dense,205,403740.6123148993,783303.586436376,873492.2186752651,469751.6063603658,379562.9741214767,423740.6123148993,interactive_short,True,32
arrival_dense,206,405799.249268688,785656.333364347,875844.9656032361,470045.7163345481,379857.08409565897,425799.249268688,interactive_short,True,32
arrival_dense,207,406090.9187785812,791146.0761962794,881334.7084351685,475243.7896565873,385055.1574176982,426090.9187785812,interactive_short,True,32
arrival_dense,208,407329.59150444844,794283.0721002407,884471.7043391299,477142.1128346814,386953.4805957923,427329.59150444844,interactive_short,True,32
arrival_dense,209,407432.77741140727,795851.5700522214,886040.2022911105,478607.42487970326,388418.79264081415,507432.77741140727,interactive_long,True,256
arrival_dense,210,408385.96033972333,798988.5659561828,889177.1981950719,480791.23785534856,390602.60561645945,428385.96033972333,interactive_short,True,32
arrival_dense,211,408861.612680962,800557.0639081635,890745.6961470526,481884.08346609055,391695.45122720144,458861.612680962,interactive_medium,True,64
arrival_dense,212,409653.17439997237,803694.0598121248,893882.6920510139,484229.51765104156,394040.88541215245,429653.17439997237,interactive_short,True,32
arrival_dense,213,412517.6810202103,803694.0598121248,893882.6920510139,481365.0110308036,391176.3787919145,432517.6810202103,interactive_short,True,32
arrival_dense,214,413470.93594697193,809968.0516200475,900156.6838589367,486685.7479119647,396497.1156730756,463470.93594697193,interactive_medium,True,128
arrival_dense,215,416259.6682363913,812320.7985480186,902509.4307869077,486249.76255051635,396061.13031162723,516259.6682363913,interactive_long,True,256
arrival_dense,216,419826.34967140463,814673.5454759896,903620.0323801187,483793.6827087141,394847.19580458495,439826.34967140463,interactive_short,True,32
arrival_dense,217,420407.7804260369,838201.0147556998,914726.0483122293,494318.2678861924,417793.23432966287,470407.7804260369,interactive_medium,True,64
arrival_dense,218,420578.6919272703,845259.2555396128,918057.8530918625,497479.1611645922,424680.5636123425,440578.6919272703,interactive_short,True,32
arrival_dense,219,420617.8391398993,849180.5004195645,919908.8557472143,499291.016607315,428562.66127966525,440617.8391398993,interactive_short,True,32
arrival_dense,220,422168.3724339736,863296.9819873907,926572.4653064806,504404.09287250706,441128.6095534171,472168.3724339736,interactive_medium,True,128
arrival_dense,221,440752.0918054324,873492.2186752651,931385.0722103952,490632.98040496284,432740.1268698327,460752.0918054324,interactive_short,True,32
arrival_dense,222,441613.5356220168,875844.9656032361,932495.6738036063,490882.1381815895,434231.4299812193,461613.5356220168,interactive_short,True,32
arrival_dense,223,443714.0034305528,881334.7084351685,935087.0775210988,491373.074090546,437620.7050046157,493714.0034305528,interactive_medium,True,64
arrival_dense,224,446753.4999690595,884471.7043391299,936567.8796453802,489814.3796763207,437718.20437007037,466753.4999690595,interactive_short,True,32
arrival_dense,225,448863.1960369516,886040.2022911105,937308.2807075209,488445.0846705693,437177.0062541589,468863.1960369516,interactive_short,True,32
arrival_dense,226,451669.94039025676,889177.1981950719,938789.0828318023,487119.14244154555,437507.25780481513,471669.94039025676,interactive_short,True,32
arrival_dense,227,457645.9342362347,890745.6961470526,939529.483893943,481883.5496577083,433099.7619108179,507645.9342362347,interactive_medium,True,64
arrival_dense,228,458090.6236830654,893882.6920510139,941010.2860182244,482919.662335159,435792.0683679485,478090.6236830654,interactive_short,True,32
arrival_dense,229,458131.8047936588,893882.6920510139,941010.2860182244,482878.48122456565,435750.88725735515,508131.8047936588,interactive_medium,True,128
arrival_dense,230,458462.45604231907,900156.6838589367,943971.8902667873,485509.4342244682,441694.2278166176,478462.45604231907,interactive_short,True,32
arrival_dense,231,458732.3115762346,902509.4307869077,945082.4918599983,486350.18028376374,443777.1192106731,478732.3115762346,interactive_short,True,32
arrival_dense,232,460946.3597819217,903620.0323801187,946193.0934532094,485246.73367128766,442673.672598197,480946.3597819217,interactive_short,True,32
arrival_dense,233,462606.4463256239,914726.0483122293,957299.10938532,494692.6630596961,452119.60198660544,482606.4463256239,interactive_short,True,32
arrival_dense,234,463098.1567163349,918057.8530918625,960630.9141649532,497532.75744861824,454959.6963755276,483098.1567163349,interactive_short,True,32
arrival_dense,235,465502.5386434709,919908.8557472143,962481.9168203049,496979.378176834,454406.3171037434,485502.5386434709,interactive_short,True,32
arrival_dense,236,468415.09779329854,926572.4653064806,969145.5263795713,500730.42858627276,458157.3675131821,518415.09779329854,interactive_medium,True,64
arrival_dense,237,468782.43666693376,931385.0722103952,973958.1332834859,505175.69661655213,462602.6355434615,488782.43666693376,interactive_short,True,32
arrival_dense,238,470651.5879088133,932495.6738036063,975068.734876697,504417.14696788363,461844.085894793,490651.5879088133,interactive_short,True,32
arrival_dense,239,473407.65031493455,935087.0775210988,980558.4777086293,507150.8273936948,461679.4272061642,493407.65031493455,interactive_short,True,32
arrival_dense,240,473650.9302034876,936567.8796453802,983695.4736125907,510044.5434091031,462916.9494418926,493650.9302034876,interactive_short,True,32
arrival_dense,241,477072.7773636534,937308.2807075209,985263.9715645714,508191.19420091796,460235.5033438675,497072.7773636534,interactive_short,True,32
arrival_dense,242,483761.6992826147,938789.0828318023,988400.9674685327,504639.26818591804,455027.3835491876,503761.6992826147,interactive_short,True,32
arrival_dense,243,483990.498999464,939529.483893943,989969.4654205134,505978.96642104944,455538.98489447904,533990.498999464,interactive_medium,True,128
arrival_dense,244,484042.5267418703,941010.2860182244,993106.4613244748,509063.9345826045,456967.75927635416,504042.5267418703,interactive_short,True,32
arrival_dense,245,484790.3353382794,941010.2860182244,993106.4613244748,508316.1259861954,456219.95067994506,534790.3353382794,interactive_medium,True,64
arrival_dense,246,487052.69278963906,943971.8902667873,999380.4531323975,512327.76034275844,456919.1974771482,507052.69278963906,interactive_short,True,32
arrival_dense,247,493401.1114832305,945082.4918599983,1001733.2000603685,508332.088577138,451681.38037676783,513401.1114832305,interactive_short,True,32
arrival_dense,248,494411.64184506255,946193.0934532094,1004085.9469883395,509674.305143277,451781.45160814683,514411.64184506255,interactive_short,True,32
arrival_dense,249,496922.27723848145,957299.10938532,1027613.4162680497,530691.1390295683,460376.83214683854,516922.27723848145,interactive_short,True,32
arrival_dense,250,497080.35602946056,960630.9141649532,1034671.6570519628,537591.3010225022,463550.5581354926,517080.35602946056,interactive_short,True,32
arrival_dense,251,499426.68989969784,962481.9168203049,1038592.9019319145,539166.2120322166,463055.2269206071,549426.6898996979,interactive_medium,True,64
arrival_dense,252,501400.34374918457,969145.5263795713,1052709.3834997406,551309.039750556,467745.1826303867,521400.34374918457,interactive_short,True,32
arrival_dense,253,501615.2943729255,973958.1332834859,1062904.620187615,561289.3258146895,472342.8389105604,521615.2943729255,interactive_short,True,32
arrival_dense,254,504576.33641678223,975068.734876697,1065257.367115586,560681.0306988038,470492.3984599147,604576.3364167822,interactive_long,True,256
arrival_dense,255,508374.4900678,980558.4777086293,1070747.1099475184,562372.6198797184,472183.98764082935,608374.4900678,interactive_long,True,256
arrival_dense,256,510209.1306652767,983695.4736125907,1073884.1058514798,563674.9751862031,473486.34294731397,530209.1306652767,interactive_short,True,32
arrival_dense,257,510467.1967220508,985263.9715645714,1075452.6038034605,564985.4070814097,474796.7748425206,530467.1967220508,interactive_short,True,32
arrival_dense,258,518718.1678001482,988400.9674685327,1078589.5997074218,559871.4319072736,469682.79966838454,538718.1678001483,interactive_short,True,32
arrival_dense,259,521770.52560869,989969.4654205134,1080158.0976594025,558387.5720507125,468198.9398118234,571770.52560869,interactive_medium,True,128
arrival_dense,260,522623.5060952592,993106.4613244748,1083295.093563364,560671.5874681047,470482.95522921556,572623.5060952592,interactive_medium,True,64
arrival_dense,261,523742.0608319924,993106.4613244748,1083295.093563364,559553.0327313715,469364.40049248235,573742.0608319924,interactive_medium,True,64
arrival_dense,262,524667.9448782488,999380.4531323975,1089569.0853712866,564901.1404930378,474712.50825414865,544667.9448782488,interactive_short,True,32
arrival_dense,263,526078.2256618903,1001733.2000603685,1091921.8322992576,565843.6066373673,475654.97439847817,546078.2256618903,interactive_short,True,32
arrival_dense,264,526912.9908668387,1004085.9469883395,1094274.5792272286,567361.5883603899,477172.9561215008,576912.9908668387,interactive_medium,True,64
arrival_dense,265,530701.5805189821,1027613.4162680497,1117802.0485069389,587100.4679879567,496911.8357490676,580701.5805189821,interactive_medium,True,64
arrival_dense,266,534157.2456176562,1034671.6570519628,1124860.289290852,590703.0436731958,500514.41143430665,554157.2456176562,interactive_short,True,32
arrival_dense,267,534380.3132819388,1038592.9019319145,1128781.5341708036,594401.2208888648,504212.5886499757,634380.3132819388,interactive_long,True,256
arrival_dense,268,540857.8361210944,1052709.3834997406,1135445.14373007,594587.3076089756,511851.5473786462,560857.8361210944,interactive_short,True,32
arrival_dense,269,542876.7606051796,1062904.620187615,1140257.7506339846,597380.990028805,520027.85958243546,562876.7606051796,interactive_short,True,32
arrival_dense,270,546405.5237133533,1065257.367115586,1141368.3522271956,594962.8285138423,518851.84340223274,596405.5237133533,interactive_medium,True,64
arrival_dense,271,548862.7969466735,1070747.1099475184,1143959.755944688,595096.9589980146,521884.3130008449,568862.7969466735,interactive_short,True,32
arrival_dense,272,550006.3811932743,1073884.1058514798,1145440.5580689695,595434.1768756952,523877.7246582055,570006.3811932743,interactive_short,True,32
arrival_dense,273,552653.3606579853,1075452.6038034605,1146180.9591311102,593527.5984731249,522799.24314547516,602653.3606579853,interactive_medium,True,128
arrival_dense,274,559385.4303205531,1078589.5997074218,1147661.7612553916,588276.3309348385,519204.1693868687,579385.4303205531,interactive_short,True,32
arrival_dense,275,560015.0775665006,1080158.0976594025,1148402.1623175323,588387.0847510317,520143.0200929019,580015.0775665006,interactive_short,True,32
arrival_dense,276,563317.6736536679,1083295.093563364,1149882.9644418138,586565.2907881459,519977.419909696,583317.6736536679,interactive_short,True,32
arrival_dense,277,564862.8030823345,1083295.093563364,1149882.9644418138,585020.1613594793,518432.2904810294,584862.8030823345,interactive_short,True,32
arrival_dense,278,566184.1533976971,1089569.0853712866,1152844.5686903766,586660.4152926794,523384.93197358947,586184.1533976971,interactive_short,True,32
arrival_dense,279,567328.0471315094,1091921.8322992576,1153955.1702835876,586627.1231520782,524593.7851677482,587328.0471315094,interactive_short,True,32
arrival_dense,280,569954.3298416642,1094274.5792272286,1155065.7718767987,585111.4420351345,524320.2493855645,619954.3298416642,interactive_medium,True,64
arrival_dense,281,570579.3603688445,1117802.0485069389,1166171.7878089093,595592.4274400648,547222.6881380944,590579.3603688445,interactive_short,True,32
arrival_dense,282,574396.5739147417,1124860.289290852,1169503.5925885425,595107.0186738007,550463.7153761102,594396.5739147417,interactive_short,True,32
arrival_dense,283,577949.1063649838,1128781.5341708036,1171354.5952438943,593405.4888789104,550832.4278058198,597949.1063649838,interactive_short,True,32
arrival_dense,284,578130.4068491043,1135445.14373007,1178018.2048031606,599887.7979540563,557314.7368809656,598130.4068491043,interactive_short,True,32
arrival_dense,285,582398.3067883528,1140257.7506339846,1182530.0237755785,600131.7169872257,557859.4438456318,632398.3067883528,interactive_medium,True,128
arrival_dense,286,582957.3733546018,1141368.3522271956,1182846.2745952297,599888.9012406279,558410.9788725938,632957.3733546018,interactive_medium,True,64
arrival_dense,287,584207.2608711326,1143959.755944688,1183531.484704474,599324.2238333414,559752.4950735555,604207.2608711326,interactive_short,True,32
arrival_dense,288,586092.1797219864,1145440.5580689695,1183950.013260262,597857.8335382757,559348.3783469831,606092.1797219864,interactive_short,True,32
arrival_dense,289,587044.9936691284,1146180.9591311102,1184141.838848332,597096.8451792035,559135.9654619818,607044.9936691284,interactive_short,True,32
arrival_dense,290,587103.2334616845,1147661.7612553916,1184490.6126448223,597387.3791831378,560558.5277937071,607103.2334616845,interactive_short,True,32
arrival_dense,291,590910.2184382996,1148402.1623175323,1184647.5608532429,593737.3424149433,557491.9438792327,640910.2184382996,interactive_medium,True,64
arrival_dense,292,591311.612814089,1149882.9644418138,1184926.5798904356,593614.9670763465,558571.3516277247,611311.612814089,interactive_short,True,32
arrival_dense,293,591788.431403746,1149882.9644418138,1184926.5798904356,593138.1484866895,558094.5330380677,611788.431403746,interactive_short,True,32
arrival_dense,294,594985.7474219035,1152844.5686903766,1185934.0394778065,590948.292055903,557858.821268473,644985.7474219035,interactive_medium,True,64
arrival_dense,295,595817.805370963,1153955.1702835876,1186248.8705988596,590431.0652278967,558137.3649126247,615817.805370963,interactive_short,True,32
arrival_dense,296,600063.67256221,1155065.7718767987,1186500.7354957024,586437.0629334924,555002.0993145887,620063.67256221,interactive_short,True,32
arrival_dense,297,602479.5254504309,1166171.7878089093,1188389.7222220264,585910.1967715955,563692.2623584784,622479.5254504309,interactive_short,True,32
arrival_dense,298,603126.1952832483,1169503.5925885425,1188767.5195672906,585641.3242840422,566377.3973052942,623126.1952832483,interactive_short,True,32
arrival_dense,299,603146.6012599512,1171354.5952438943,1189135.9234850092,585989.322225058,568207.993983943,653146.6012599512,interactive_medium,True,64
exact_bucket,0,0.0,0.0,3291.245305998018,3291.245305998018,0.0,20000.0,interactive_short,False,32
exact_bucket,1,4685.326635856748,4685.326635856748,8134.444861459181,3449.118225602433,0.0,24685.32663585675,interactive_short,False,32
exact_bucket,2,6262.838718290957,6288.020002255783,9737.138227858217,3474.2995095672595,25.181283964825525,26262.838718290957,interactive_short,False,32
exact_bucket,3,9861.555492950167,9861.555492950167,13422.247101211717,3560.69160826155,0.0,29861.555492950167,interactive_short,False,32
exact_bucket,4,11608.542790353687,13422.247101211717,18249.65762403098,6641.114833677293,1813.7043108580292,61608.54279035369,interactive_medium,False,64
exact_bucket,5,11929.100460691434,11950.780774148909,21994.114886587515,10065.01442589608,21.680313457474767,31929.100460691436,interactive_short,False,32
exact_bucket,6,12201.760830234378,13422.247101211717,18249.65762403098,6047.896793796603,1220.4862709773388,62201.76083023438,interactive_medium,False,64
exact_bucket,7,12938.846292477965,12952.231545242277,23498.16466568972,10559.318373211756,13.3852527643121,32938.84629247797,interactive_short,False,32
exact_bucket,8,17523.749290794418,18249.65762403098,23811.1180316564,6287.368740861981,725.9083332365626,37523.74929079442,interactive_short,False,32
exact_bucket,9,20704.219288184544,20740.74007066901,25389.49650537924,4685.277217194696,36.5207824844656,40704.21928818454,interactive_short,False,32
exact_bucket,10,24646.507156003463,24669.70376365588,28022.492750177655,3375.9855941741916,23.196607652418606,44646.50715600346,interactive_short,False,32
exact_bucket,11,29230.284890772156,29230.284890772156,35638.31020236349,6408.0253115913365,0.0,49230.284890772156,interactive_short,False,32
exact_bucket,12,29701.92333515015,29716.816805571863,36703.67879589422,7001.7554607440725,14.893470421713573,49701.923335150146,interactive_short,False,32
exact_bucket,13,30276.033844297603,30280.132864311883,37549.70679663921,7273.672952341611,4.099020014280541,50276.033844297606,interactive_short,False,32
exact_bucket,14,30492.972578722907,30515.140642296603,37706.18347962255,7213.210900899645,22.16806357369569,50492.97257872291,interactive_short,False,32
exact_bucket,15,33522.2850675438,33523.240200501015,39352.04276528194,5829.7576977381395,0.955132957213209,53522.2850675438,interactive_short,False,32
exact_bucket,16,37832.93903158115,37849.281101622466,41825.19406624589,3992.2550346647404,16.342070041318948,57832.93903158115,interactive_short,False,32
exact_bucket,17,38875.962027478956,38882.0272093125,42857.940173935924,3981.978146456968,6.065181833546376,58875.962027478956,interactive_short,False,32
exact_bucket,18,40814.614746337094,42857.940173935924,49238.812432850944,8424.19768651385,2043.3254275988293,90814.61474633709,interactive_medium,False,64
exact_bucket,19,41150.39514152049,41167.17228788867,51251.8353969669,10101.44025544641,16.77714636818564,61150.39514152049,interactive_short,False,32
exact_bucket,20,46465.51854974466,46468.29856758076,54862.19379061173,8396.675240867073,2.7800178360994323,96465.51854974465,interactive_medium,False,64
exact_bucket,21,50464.64652766523,50469.4519820502,57437.95098661018,6973.304458944949,4.8054543849721085,70464.64652766523,interactive_short,False,32
exact_bucket,22,57941.29295752837,57941.29295752837,61232.53826352639,3291.245305998018,0.0,77941.29295752838,interactive_short,False,32
exact_bucket,23,61270.895281049074,61270.895281049074,64562.14058704709,3291.245305998018,0.0,81270.89528104907,interactive_short,False,32
exact_bucket,24,65535.16615037969,65535.16615037969,71951.86638901886,6416.700238639169,0.0,115535.1661503797,interactive_medium,False,128
exact_bucket,25,65585.36358234937,71951.86638901886,77357.04528266742,11771.681700318048,6366.502806669494,85585.36358234937,interactive_short,False,32
exact_bucket,26,68253.25681341092,71951.86638901886,77357.04528266742,9103.788469256499,3698.609575607945,88253.25681341092,interactive_short,False,32
exact_bucket,27,69060.7463946566,71951.86638901886,77357.04528266742,8296.298888010817,2891.1199943622632,89060.7463946566,interactive_short,False,32
exact_bucket,28,74402.71441442745,77357.04528266742,84054.95054894935,9652.236134521896,2954.3308682399656,124402.71441442745,interactive_medium,False,64
exact_bucket,29,77644.06746322283,84054.95054894935,87509.42039894515,9865.352935722316,6410.883085726513,97644.06746322283,interactive_short,False,32
exact_bucket,30,81635.21006518841,81704.2115117504,89986.09188456547,8350.881819377057,69.00144656198972,131635.2100651884,interactive_medium,False,64
exact_bucket,31,84964.57561606709,87509.42039894515,94112.21576301711,9147.640146950027,2544.8447828780627,134964.5756160671,interactive_medium,False,64
exact_bucket,32,85585.2647166139,85600.40486654842,96650.29976525209,11065.03504863818,15.140149934508372,105585.2647166139,interactive_short,False,32
exact_bucket,33,88681.710555966,96650.29976525209,103067.00000389125,14385.289447925257,7968.589209286089,138681.710555966,interactive_medium,False,128
exact_bucket,34,88910.50326923911,94112.21576301711,106726.89155628391,17816.3882870448,5201.712493778003,108910.50326923911,interactive_short,False,32
exact_bucket,35,93024.56098153477,94112.21576301711,106726.89155628391,13702.33057474914,1087.6547814823425,113024.56098153477,interactive_short,False,32
exact_bucket,36,96936.79057994079,106726.89155628391,113968.0073405128,17031.216760572017,9790.100976343121,146936.79057994077,interactive_medium,False,64
exact_bucket,37,97439.96335557531,103067.00000389125,115432.4807548921,17992.517399316785,5627.036648315945,117439.96335557531,interactive_short,False,32
exact_bucket,38,100831.98873158326,106726.89155628391,113968.0073405128,13136.018608929546,5894.90282470065,150831.98873158326,interactive_medium,False,64
exact_bucket,39,102065.48441728606,103067.00000389125,115432.4807548921,13366.996337606033,1001.5155866051937,122065.48441728606,interactive_short,False,32
exact_bucket,40,102793.72061808415,106726.89155628391,113968.0073405128,11174.28672242866,3933.1709381997644,152793.72061808413,interactive_medium,False,64
exact_bucket,41,105966.58478485378,106012.43082129974,118937.07514823538,12970.4903633816,45.846036445960635,125966.58478485378,interactive_short,False,32
exact_bucket,42,106483.07855714422,106560.78230326409,119384.27727287657,12901.198715732346,77.70374611986335,126483.07855714422,interactive_short,False,32
exact_bucket,43,106530.9764266568,106560.78230326409,119384.27727287657,12853.300846219776,29.805876607293612,126530.9764266568,interactive_short,False,32
exact_bucket,44,106960.16133027605,113968.0073405128,119932.62875484092,12972.467424564864,7007.8460102367535,126960.16133027605,interactive_short,False,32
exact_bucket,45,107755.9349758439,113968.0073405128,119932.62875484092,12176.69377899701,6212.0723646689,127755.9349758439,interactive_short,False,32
exact_bucket,46,111751.33283285139,113968.0073405128,119932.62875484092,8181.295921989527,2216.674507661417,131751.3328328514,interactive_short,False,32
exact_bucket,47,118567.11856872926,118628.58653548428,123753.74348993668,5186.624921207418,61.467966755022644,138567.11856872926,interactive_short,False,32
exact_bucket,48,119221.6976026299,119313.08759301093,124552.76993508473,5331.072332454831,91.38999038103793,139221.6976026299,interactive_short,False,32
exact_bucket,49,121273.24896644348,121278.32822849763,126211.42277470812,4938.173808264633,5.079262054146966,141273.24896644347,interactive_short,False,32
exact_bucket,50,122293.82844906364,122312.3624516304,126841.05231150774,4547.223862444094,18.53400256675377,142293.82844906364,interactive_short,False,32
exact_bucket,51,130236.27999100173,130236.27999100173,133690.74984099754,3454.469849995803,0.0,150236.27999100173,interactive_short,False,32
exact_bucket,52,131772.95154212418,131781.7343086008,135236.2041585966,3463.252616472426,8.782766476622783,151772.95154212418,interactive_short,False,32
exact_bucket,53,137374.50461665468,137374.50461665468,143791.20485529385,6416.700238639169,0.0,187374.50461665468,interactive_medium,False,128
exact_bucket,54,137619.61235432947,143791.20485529385,148438.0661538333,10818.453799503826,6171.592500964383,157619.61235432947,interactive_short,False,32
exact_bucket,55,144659.61547534552,144678.41011169332,149408.22158833,4748.606112984475,18.794636347796768,164659.61547534552,interactive_short,False,32
exact_bucket,56,145053.0272684508,145053.95415085333,149751.6558811298,4698.628612678993,0.9268824025348295,165053.0272684508,interactive_short,False,32
exact_bucket,57,151621.68697230733,151621.68697230733,160094.9770798403,8473.290107532957,0.0,201621.68697230733,interactive_medium,False,64
exact_bucket,58,152238.7259482832,160094.9770798403,165265.97732559047,13027.251377307286,7856.251131557103,172238.7259482832,interactive_short,False,32
exact_bucket,59,152468.2070170382,160094.9770798403,165265.97732559047,12797.77030855228,7626.7700628020975,172468.2070170382,interactive_short,False,32
exact_bucket,60,153608.5224910845,165265.97732559047,173593.32082417994,19984.798333095445,11657.454834505974,253608.5224910845,interactive_long,False,256
exact_bucket,61,156216.44073635942,160094.9770798403,165265.97732559047,9049.536589231051,3878.536343480868,176216.44073635942,interactive_short,False,32
exact_bucket,62,156969.2554851252,160094.9770798403,165265.97732559047,8296.721840465267,3125.7215947150835,176969.2554851252,interactive_short,False,32
exact_bucket,63,158833.12467464927,160094.9770798403,165265.97732559047,6432.852650941204,1261.8524051910208,178833.12467464927,interactive_short,False,32
exact_bucket,64,160265.64130798163,173593.32082417994,179973.8982108628,19708.25690288117,13327.679516198317,210265.64130798163,interactive_medium,False,64
exact_bucket,65,161238.5429869296,173593.32082417994,179973.8982108628,18735.355223933206,12354.777837250353,211238.5429869296,interactive_medium,False,64
exact_bucket,66,162957.3623497664,162993.40634165183,181062.72391625502,18105.36156648863,36.04399188543903,182957.3623497664,interactive_short,False,32
exact_bucket,67,163545.3596597112,163557.42500881516,181275.37649389164,17730.016834180453,12.06534910397022,183545.3596597112,interactive_short,False,32
exact_bucket,68,166012.74851501672,179973.8982108628,184728.1157812389,18715.367266222194,13961.149695846078,186012.74851501672,interactive_short,False,32
exact_bucket,69,166016.13393510526,179973.8982108628,184728.1157812389,18711.981846133654,13957.764275757538,186016.13393510526,interactive_short,False,32
exact_bucket,70,171212.06512667643,179973.8982108628,184728.1157812389,13516.050654562481,8761.833084186364,191212.06512667643,interactive_short,False,32
exact_bucket,71,172758.40355763954,184728.1157812389,194114.63561715998,21356.232059520436,11969.712223599374,222758.40355763954,interactive_medium,False,128
exact_bucket,72,175300.2676131151,175314.39761927203,195835.71241225206,20535.444799136952,14.13000615691999,225300.2676131151,interactive_medium,False,64
exact_bucket,73,178009.4720451799,179973.8982108628,184728.1157812389,6718.643736059021,1964.426165682904,198009.4720451799,interactive_short,False,32
exact_bucket,74,180230.61004395568,180255.90754444446,195944.19192442828,15713.5818804726,25.297500488784863,200230.61004395568,interactive_short,False,32
exact_bucket,75,181136.4200486716,181156.7270274489,197147.636512633,16011.216463961406,20.306978777312906,201136.4200486716,interactive_short,False,32
exact_bucket,76,181281.50511497576,184728.1157812389,194114.63561715998,12833.130502184213,3446.61066626315,231281.50511497576,interactive_medium,False,128
exact_bucket,77,183464.20864479677,183531.45116254495,198130.7320917298,14666.523446933017,67.24251774817822,203464.20864479677,interactive_short,False,32
exact_bucket,78,184265.7609896628,184267.07785448988,199076.53783851664,14810.776848853828,1.3168648270657286,204265.7609896628,interactive_short,False,32
exact_bucket,79,185019.27037452036,195835.71241225206,199537.57576526568,14518.305390745314,10816.4420377317,205019.27037452036,interactive_short,False,32
exact_bucket,80,188787.22094703364,195835.71241225206,199537.57576526568,10750.354818232037,7048.491465218423,208787.22094703364,interactive_short,False,32
exact_bucket,81,191331.39780426107,195835.71241225206,199537.57576526568,8206.177961004607,4504.314607990993,211331.39780426107,interactive_short,False,32
exact_bucket,82,192045.66867047417,195835.71241225206,199537.57576526568,7491.9070947915025,3790.0437417778885,212045.66867047417,interactive_short,False,32
exact_bucket,83,192785.72366443145,194114.63561715998,204989.95374750427,12204.23008307282,1328.911952728522,242785.72366443145,interactive_medium,False,64
exact_bucket,84,193835.54878730024,195835.71241225206,199537.57576526568,5702.026977965434,2000.1636249518197,213835.54878730024,interactive_short,False,32
exact_bucket,85,194865.21737300162,195835.71241225206,199537.57576526568,4672.358392264054,970.4950392504397,214865.21737300162,interactive_short,False,32
exact_bucket,86,195566.19192016678,204989.95374750427,213317.29724609375,17751.10532592697,9423.761827337497,295566.1919201668,interactive_long,False,256
exact_bucket,87,195838.49080862475,195869.61225980712,213411.30035728763,17572.809548662888,31.121451182378223,215838.49080862475,interactive_short,False,32
exact_bucket,88,196929.48483398094,196961.18735108012,214389.08107334655,17459.59623936561,31.70251709918375,216929.48483398094,interactive_short,False,32
exact_bucket,89,202568.46551219074,213317.29724609375,217178.21093787142,14609.745425680681,10748.831733903004,222568.46551219074,interactive_short,False,32
exact_bucket,90,204830.64109467145,213317.29724609375,217178.21093787142,12347.569843199977,8486.6561514223,224830.64109467145,interactive_short,False,32
exact_bucket,91,209492.72434268222,213317.29724609375,217178.21093787142,7685.486595189199,3824.572903411521,229492.72434268222,interactive_short,False,32
exact_bucket,92,211404.4249104831,217178.21093787142,223523.4165006861,12118.99159020299,5773.786027388327,261404.4249104831,interactive_medium,False,64
exact_bucket,93,212120.4905687086,213317.29724609375,217178.21093787142,5057.720369162824,1196.806677385146,232120.4905687086,interactive_short,False,32
exact_bucket,94,213708.3589683187,213724.64406126726,223977.76487145654,10269.405903137842,16.285092948557576,233708.3589683187,interactive_short,False,32
exact_bucket,95,213709.17101254492,213724.64406126726,223977.76487145654,10268.593858911627,15.473048722342355,233709.17101254492,interactive_short,False,32
exact_bucket,96,214385.4767159057,223977.76487145654,232305.10837004601,17919.631654140307,9592.288155550836,314385.4767159057,interactive_long,False,256
exact_bucket,97,215509.3221345372,215517.1184076732,233393.29347656397,17883.97134202678,7.79627313601668,235509.3221345372,interactive_short,False,32
exact_bucket,98,217244.25080076285,233393.29347656397,241850.1306559446,24605.87985518176,16149.042675801116,267244.25080076285,interactive_medium,False,128
exact_bucket,99,219370.96672305348,219388.63444418437,243739.1173822652,24368.150659211708,17.667721130885184,269370.9667230535,interactive_medium,False,64
exact_bucket,100,220621.8996391037,223523.4165006861,246311.02866002455,25689.12902092084,2901.5168615823786,240621.8996391037,interactive_short,True,32
exact_bucket,101,221789.26511169868,221823.32844699756,249963.06966424434,28173.804552545655,34.0633352988807,271789.26511169865,interactive_medium,False,64
exact_bucket,102,222270.10243516884,223523.4165006861,246311.02866002455,24040.926224855706,1253.3140655172465,242270.10243516884,interactive_short,True,32
exact_bucket,103,223551.9186087876,223601.752426681,250003.74948131043,26451.83087252284,49.833817893406376,243551.9186087876,interactive_short,True,32
exact_bucket,104,228180.84585377428,232305.10837004601,250152.90881055273,21972.06295677845,4124.26251627173,248180.84585377428,interactive_short,True,32
exact_bucket,105,231360.35918512376,232305.10837004601,250152.90881055273,18792.549625428976,944.749184922257,251360.35918512376,interactive_short,False,32
exact_bucket,106,231732.27485609736,232305.10837004601,250152.90881055273,18420.633954455378,572.833513948659,251732.27485609736,interactive_short,False,32
exact_bucket,107,231909.49041917422,232305.10837004601,250152.90881055273,18243.41839137851,395.6179508717905,251909.49041917422,interactive_short,False,32
exact_bucket,108,233358.5680228021,233362.7836137644,251078.37464880603,17719.806626003934,4.215590962296119,253358.5680228021,interactive_short,False,32
exact_bucket,109,235363.03259872267,235401.99963822492,254016.7634670074,18653.730868284736,38.96703950225492,285363.03259872267,interactive_medium,False,128
exact_bucket,110,236179.5353372144,241850.1306559446,256115.6376073636,19936.10227014922,5670.595318730222,286179.53533721436,interactive_medium,False,64
exact_bucket,111,239591.69139954826,243739.1173822652,256146.14747016318,16554.45607061492,4147.42598271693,259591.69139954826,interactive_short,False,32
exact_bucket,112,242373.40601094568,243739.1173822652,256146.14747016318,13772.741459217505,1365.711371319514,262373.4060109457,interactive_short,False,32
exact_bucket,113,244607.74689604086,244620.5134186968,256763.12469566538,12155.377799624519,12.766522655932931,264607.74689604086,interactive_short,False,32
exact_bucket,114,245116.60429665423,251078.37464880603,261171.1187726436,16054.51447598936,5961.770352151798,295116.60429665423,interactive_medium,False,128
exact_bucket,115,245560.71741308132,246311.02866002455,263626.8015168604,18066.084103779052,750.3112469432235,295560.7174130813,interactive_medium,False,64
exact_bucket,116,245610.1746843997,245627.33889108236,264450.56781244813,18840.393128048425,17.16420668264618,265610.17468439974,interactive_short,False,32
exact_bucket,117,246171.83268557416,246196.85633000763,264830.246105065,18658.413419490826,25.023644433473237,266171.8326855742,interactive_short,False,32
exact_bucket,118,247461.06619236048,249963.06966424434,264901.4357849307,17440.369592570234,2502.003471883858,267461.0661923605,interactive_short,False,32
exact_bucket,119,251251.8118115288,256115.6376073636,267679.5681059323,16427.756294403516,4863.825795834797,271251.8118115288,interactive_short,False,32
exact_bucket,120,251403.04467762125,254016.7634670074,273577.40444033325,22174.359762712003,2613.7187893861555,301403.0446776212,interactive_medium,False,64
exact_bucket,121,252473.421380079,256115.6376073636,267679.5681059323,15206.146725853323,3642.2162272846035,272473.421380079,interactive_short,False,32
exact_bucket,122,254460.65811645883,254520.4932606929,274249.04416524724,19788.38604878841,59.8351442340645,304460.6581164588,interactive_medium,False,64
exact_bucket,123,254893.08147302043,256115.6376073636,267679.5681059323,12786.486632911896,1222.5561343431764,274893.08147302043,interactive_short,False,32
exact_bucket,124,257276.86858247902,263626.8015168604,276599.12194509443,19322.253362615418,6349.932934381359,277276.868582479,interactive_short,False,32
exact_bucket,125,258640.7971443583,263626.8015168604,276599.12194509443,17958.324800736125,4986.004372502066,278640.7971443583,interactive_short,False,32
exact_bucket,126,259200.18378525076,263626.8015168604,276599.12194509443,17398.938159843674,4426.617731609615,279200.18378525076,interactive_short,False,32
exact_bucket,127,261334.74833081558,276599.12194509443,285985.6417810155,24650.893450199917,15264.373614278855,311334.7483308156,interactive_medium,False,128
exact_bucket,128,261345.86882622488,261360.01744527565,288294.4033354073,26948.534509182442,14.14861905077123,311345.8688262249,interactive_medium,False,64
exact_bucket,129,264126.1882832452,267679.5681059323,290561.187406992,26434.99912374682,3553.3798226871295,314126.1882832452,interactive_medium,False,64
exact_bucket,130,267065.94190347125,267157.510453584,292405.33911398816,25339.39721051691,91.56855011277366,287065.94190347125,interactive_short,True,32
exact_bucket,131,267291.35520539456,267299.8898133155,292547.7184737196,25256.363268325047,8.534607920912094,287291.35520539456,interactive_short,True,32
exact_bucket,132,268398.6342470887,268435.16279646056,293114.4144916158,24715.780244527094,36.5285493718693,318398.6342470887,interactive_medium,False,64
exact_bucket,133,268785.528719743,276599.12194509443,285985.6417810155,17200.11306127248,7813.593225351418,318785.528719743,interactive_medium,False,128
exact_bucket,134,275124.0836601808,275189.0752771861,295558.49538265687,20434.41172247607,64.9916170053184,295124.0836601808,interactive_short,True,32
exact_bucket,135,276583.5306883647,290561.187406992,296764.8686429784,20181.33795461373,13977.656718627317,296583.5306883647,interactive_short,True,32
exact_bucket,136,276686.57708818314,290561.187406992,296764.8686429784,20078.291554795287,13874.610318808875,296686.57708818314,interactive_short,True,32
exact_bucket,137,277259.80445404275,285985.6417810155,299556.3712496522,22296.566795609426,8725.837326972745,327259.80445404275,interactive_medium,False,64
exact_bucket,138,281031.9844971329,285985.6417810155,299556.3712496522,18524.38675251929,4953.6572838826105,331031.9844971329,interactive_medium,False,64
exact_bucket,139,282251.2951702571,290561.187406992,296764.8686429784,14513.573472721328,8309.892236734915,302251.2951702571,interactive_short,False,32
exact_bucket,140,285484.3874195229,290561.187406992,296764.8686429784,11280.481223455514,5076.799987469101,305484.3874195229,interactive_short,False,32
exact_bucket,141,287687.0858763872,290561.187406992,296764.8686429784,9077.782766591234,2874.101530604821,307687.0858763872,interactive_short,False,32
exact_bucket,142,296514.93849096954,296576.86242059065,302790.37750685023,6275.439015880693,61.92392962111626,316514.93849096954,interactive_short,False,32
exact_bucket,143,298324.9098344262,298360.01298964914,309863.73272705445,11538.82289262826,35.10315522295423,348324.9098344262,interactive_medium,False,64
exact_bucket,144,304317.9593471235,309863.73272705445,314938.8858526907,10620.926505567215,5545.773379930935,324317.9593471235,interactive_short,False,32
exact_bucket,145,308758.6046021605,309863.73272705445,314938.8858526907,6180.281250530214,1105.128124893934,328758.6046021605,interactive_short,False,32
exact_bucket,146,310655.46979909524,310677.4114785678,315752.5646042041,5097.094805108849,21.941679472569376,330655.46979909524,interactive_short,False,32
exact_bucket,147,313196.2218718601,315752.5646042041,324225.8547117404,11029.632839880302,2556.3427323439973,363196.2218718601,interactive_medium,False,64
exact_bucket,148,314601.7208017273,314625.5421487111,328518.5463548574,13916.825553130067,23.82134698377922,334601.7208017273,interactive_short,False,32
exact_bucket,149,318152.3418345306,324225.8547117404,331103.6319126893,12951.290078158723,6073.5128772098105,338152.3418345306,interactive_short,False,32
exact_bucket,150,319739.9215228538,331103.6319126893,339430.9754112788,19691.053888424998,11363.710389835527,419739.9215228538,interactive_long,False,256
exact_bucket,151,324290.01903144224,324319.7407215304,339553.01486247696,15262.995831034728,29.721690088161267,344290.01903144224,interactive_short,False,32
exact_bucket,152,327012.4846522204,327045.83094615315,341715.8251364904,14703.340484270011,33.34629393275827,347012.4846522204,interactive_short,False,32
exact_bucket,153,328299.95882871764,328361.8745028676,342441.28187416925,14141.323045451602,61.915674149931874,348299.95882871764,interactive_short,False,32
exact_bucket,154,328899.98520282906,328957.22754042887,342759.940441187,13859.955238357943,57.24233759980416,348899.98520282906,interactive_short,False,32
exact_bucket,155,329468.00215959235,329505.5790223932,342997.23937407264,13529.237214480294,37.576862800866365,349468.00215959235,interactive_short,False,32
exact_bucket,156,331498.3546530178,339430.9754112788,343559.976843487,12061.622190469177,7932.6207582609495,351498.3546530178,interactive_short,False,32
exact_bucket,157,334401.6311719936,339430.9754112788,343559.976843487,9158.345671493385,5029.3442392851575,354401.6311719936,interactive_short,False,32
exact_bucket,158,335874.9927551598,339430.9754112788,343559.976843487,7684.984088327212,3555.982656118984,355874.9927551598,interactive_short,False,32
exact_bucket,159,337845.99806512165,339430.9754112788,343559.976843487,5713.978778365359,1584.9773461571313,357845.99806512165,interactive_short,False,32
exact_bucket,160,338488.05513029825,339430.9754112788,343559.976843487,5071.921713188756,942.9202809805283,358488.05513029825,interactive_short,False,32
exact_bucket,161,338649.35484757664,339430.9754112788,343559.976843487,4910.621995910362,781.620563702134,358649.35484757664,interactive_short,False,32
exact_bucket,162,339322.3381436127,339430.9754112788,343559.976843487,4237.638699874282,108.63726766605396,359322.3381436127,interactive_short,False,32
exact_bucket,163,339956.4640854367,343559.976843487,350854.71070218977,10898.246616753051,3603.5127580502885,389956.4640854367,interactive_medium,False,128
exact_bucket,164,340726.9350188946,350854.71070218977,358025.22834371345,17298.293324818835,10127.775683295156,390726.9350188946,interactive_medium,False,64
exact_bucket,165,342280.6545444606,342292.12254492694,360476.1873219445,18195.532777483924,11.46800046635326,362280.6545444606,interactive_short,False,32
exact_bucket,166,342578.52264161,342610.7811119447,360750.77608714043,18172.253445530427,32.25847033469472,362578.52264161,interactive_short,False,32
exact_bucket,167,343104.5314275153,343119.2788252708,361157.57425780135,18053.042830286024,14.747397755505517,363104.5314275153,interactive_short,False,32
exact_bucket,168,345472.54378428264,358025.22834371345,361466.0628705528,15993.519086270186,12552.68455943081,365472.54378428264,interactive_short,False,32
exact_bucket,169,347923.74814603163,358025.22834371345,361466.0628705528,13542.314724521188,10101.480197681813,367923.74814603163,interactive_short,False,32
exact_bucket,170,348056.51680808194,348079.5657072218,365985.6517342876,17929.134926205676,23.048899139859714,398056.51680808194,interactive_medium,False,128
exact_bucket,171,349103.6610731932,358025.22834371345,361466.0628705528,12362.401797359635,8921.56727052026,369103.6610731932,interactive_short,False,32
exact_bucket,172,350668.1037808773,358025.22834371345,361466.0628705528,10797.95908967551,7357.124562836136,370668.1037808773,interactive_short,False,32
exact_bucket,173,351743.0393517153,351812.5608882591,366531.35901078023,14788.319659064931,69.52153654379072,401743.0393517153,interactive_medium,False,64
exact_bucket,174,352206.4858290961,352232.33571633033,367268.16684621817,15061.681017122057,25.84988723421702,402206.4858290961,interactive_medium,False,64
exact_bucket,175,353296.4351300922,358025.22834371345,361466.0628705528,8169.627740460623,4728.793213621248,373296.4351300922,interactive_short,False,32
exact_bucket,176,358000.79433636187,358025.22834371345,361466.0628705528,3465.268534190953,24.434007351577748,378000.79433636187,interactive_short,False,32
exact_bucket,177,359755.3162093097,359764.2905232876,369962.92270044296,10207.60649113328,8.97431397793116,379755.3162093097,interactive_short,False,32
exact_bucket,178,362133.63557731314,367268.16684621817,373331.36751822394,11197.731940910802,5134.531268905033,382133.63557731314,interactive_short,False,32
exact_bucket,179,366019.71258193307,367268.16684621817,373331.36751822394,7311.65493629087,1248.454264285101,386019.71258193307,interactive_short,False,32
exact_bucket,180,368921.118746171,373331.36751822394,381804.65762576024,12883.538879589236,4410.248772052932,418921.118746171,interactive_medium,False,64
exact_bucket,181,369878.4198514725,369900.25395964703,385486.44614752085,15608.026296048367,21.83410817454569,389878.4198514725,interactive_short,False,32
exact_bucket,182,369890.2469196961,385486.44614752085,393813.7896461103,23923.54272641422,15596.199227824749,469890.2469196961,interactive_long,False,256
exact_bucket,183,370757.2317872697,370761.949145591,394423.98690210195,23666.755114832253,4.717358321300708,390757.2317872697,interactive_short,True,32
exact_bucket,184,373557.81654337514,381804.65762576024,395674.89127688337,22117.074733508227,8246.8410823851,393557.81654337514,interactive_short,True,32
exact_bucket,185,377398.56579818815,381804.65762576024,395674.89127688337,18276.325478695217,4406.091827572091,397398.56579818815,interactive_short,False,32
exact_bucket,186,383532.1777781886,395674.89127688337,401467.7839042665,17935.60612607788,12142.713498694764,433532.1777781886,interactive_medium,False,64
exact_bucket,187,384618.2600858557,384624.7509615769,402928.86733389023,18310.607248034503,6.490875721152406,404618.2600858557,interactive_short,False,32
exact_bucket,188,387371.07226095744,393813.7896461103,403264.47582468524,15893.4035637278,6442.717385152879,407371.07226095744,interactive_short,False,32
exact_bucket,189,388950.97137005127,393813.7896461103,403264.47582468524,14313.504454633978,4862.818276059057,408950.97137005127,interactive_short,False,32
exact_bucket,190,390799.8822599886,393813.7896461103,403264.47582468524,12464.593564696668,3013.9073861217475,410799.8822599886,interactive_short,False,32
exact_bucket,191,391298.18672327726,393813.7896461103,403264.47582468524,11966.28910140798,2515.602922833059,411298.18672327726,interactive_short,False,32
exact_bucket,192,391793.62700326595,393813.7896461103,403264.47582468524,11470.848821419291,2020.1626428443706,411793.62700326595,interactive_short,False,32
exact_bucket,193,392938.4474975708,403264.47582468524,413100.70530872606,20162.25781115523,10326.028327114414,442938.4474975708,interactive_medium,False,128
exact_bucket,194,392997.3562420502,393813.7896461103,403264.47582468524,10267.11958263506,816.4334040601389,412997.3562420502,interactive_short,False,32
exact_bucket,195,393816.6927309916,395674.89127688337,401467.7839042665,7651.091173274908,1858.1985458917916,443816.6927309916,interactive_medium,False,64
exact_bucket,196,396090.205256994,401467.7839042665,415300.80541505007,19210.60015805607,5377.578647272487,416090.205256994,interactive_short,False,32
exact_bucket,197,397126.29741134576,401467.7839042665,415300.80541505007,18174.508003704308,4341.486492920725,417126.29741134576,interactive_short,False,32
exact_bucket,198,397487.0516630854,415300.80541505007,434079.6766423387,36592.624979253276,17813.753751964658,497487.0516630854,interactive_long,False,256
exact_bucket,199,398746.9838833903,398781.22500461055,440292.34409779304,41545.360214402725,34.2411212202278,448746.9838833903,interactive_medium,False,64
exact_bucket,200,399020.0620997148,403264.47582468524,413100.70530872606,14080.643209011236,4244.413724970422,449020.0620997148,interactive_medium,False,128
exact_bucket,201,400967.14431063854,403264.47582468524,413100.70530872606,12133.560998087516,2297.331514046702,450967.14431063854,interactive_medium,False,128
exact_bucket,202,401021.8177473623,401048.00907619525,442559.12816937774,41537.310422015435,26.19132883293787,451021.8177473623,interactive_medium,False,64
exact_bucket,203,402023.63518691156,402047.4712974579,443337.8420100059,41314.20682309434,23.83611054631183,422023.63518691156,interactive_short,True,32
exact_bucket,204,403685.6601542116,413100.70530872606,444745.9674135478,41060.30725933617,9415.045154514431,423685.6601542116,interactive_short,True,32
exact_bucket,205,403740.6123148993,413100.70530872606,444745.9674135478,41005.35509864852,9360.09299382678,423740.6123148993,interactive_short,True,32
exact_bucket,206,405799.249268688,413100.70530872606,444745.9674135478,38946.71814485977,7301.456040038029,425799.249268688,interactive_short,True,32
exact_bucket,207,406090.9187785812,413100.70530872606,444745.9674135478,38655.0486349666,7009.786530144862,426090.9187785812,interactive_short,True,32
exact_bucket,208,407329.59150444844,413100.70530872606,444745.9674135478,37416.375909099355,5771.113804277615,427329.59150444844,interactive_short,True,32
exact_bucket,209,407432.77741140727,415300.80541505007,434079.6766423387,26646.89923093142,7868.028003642801,507432.77741140727,interactive_long,False,256
exact_bucket,210,408385.96033972333,413100.70530872606,444745.9674135478,36360.00707382447,4714.744969002728,428385.96033972333,interactive_short,True,32
exact_bucket,211,408861.612680962,434079.6766423387,445060.7985346012,36199.18585363921,25218.06396137667,458861.612680962,interactive_medium,False,64
exact_bucket,212,409653.17439997237,413100.70530872606,444745.9674135478,35092.79301357543,3447.530908753688,429653.17439997237,interactive_short,True,32
exact_bucket,213,412517.6810202103,413100.70530872606,444745.9674135478,32228.286393337476,583.024288515735,432517.6810202103,interactive_short,True,32
exact_bucket,214,413470.93594697193,445060.7985346012,454447.3183705223,40976.382423550356,31589.862587629294,463470.93594697193,interactive_medium,False,128
exact_bucket,215,416259.6682363913,416306.8163736548,455099.02351389016,38839.355277498835,47.148137263488024,516259.6682363913,interactive_long,False,256
exact_bucket,216,419826.34967140463,442559.12816937774,456699.09631848976,36872.74664708512,22732.778497973108,439826.34967140463,interactive_short,True,32
exact_bucket,217,420407.7804260369,434079.6766423387,445060.7985346012,24653.018108564313,13671.896216301771,470407.7804260369,interactive_medium,False,64
exact_bucket,218,420578.6919272703,442559.12816937774,456699.09631848976,36120.40439121943,21980.43624210742,440578.6919272703,interactive_short,True,32
exact_bucket,219,420617.8391398993,442559.12816937774,456699.09631848976,36081.25717859046,21941.289029478445,440617.8391398993,interactive_short,True,32
exact_bucket,220,422168.3724339736,445060.7985346012,454447.3183705223,32278.9459365487,22892.426100627636,472168.3724339736,interactive_medium,False,128
exact_bucket,221,440752.0918054324,442559.12816937774,456699.09631848976,15947.004513057356,1807.0363639453426,460752.0918054324,interactive_short,False,32
exact_bucket,222,441613.5356220168,442559.12816937774,456699.09631848976,15085.560696472938,945.5925473609241,461613.5356220168,interactive_short,False,32
exact_bucket,223,443714.0034305528,444745.9674135478,461728.7623368501,18014.758906297327,1031.9639829950174,493714.0034305528,interactive_medium,False,64
exact_bucket,224,446753.4999690595,455099.02351389016,463122.04607136454,16368.54610230506,8345.523544830678,466753.4999690595,interactive_short,False,32
exact_bucket,225,448863.1960369516,455099.02351389016,463122.04607136454,14258.850034412928,6235.827476938546,468863.1960369516,interactive_short,False,32
exact_bucket,226,451669.94039025676,455099.02351389016,463122.04607136454,11452.105681107787,3429.083123633405,471669.94039025676,interactive_short,False,32
exact_bucket,227,457645.9342362347,457656.9465045591,464448.30017515284,6802.365938918141,11.012268324382603,507645.9342362347,interactive_medium,False,64
exact_bucket,228,458090.6236830654,461728.7623368501,466691.6424940425,8601.018810977112,3638.1386537846993,478090.6236830654,interactive_short,False,32
exact_bucket,229,458131.8047936588,466691.6424940425,473108.34273267834,14976.53793901956,8559.837700383738,508131.8047936588,interactive_medium,False,128
exact_bucket,230,458462.45604231907,461728.7623368501,466691.6424940425,8229.18645172345,3266.3062945310376,478462.45604231907,interactive_short,False,32
exact_bucket,231,458732.3115762346,461728.7623368501,466691.6424940425,7959.330917807936,2996.450760615524,478732.3115762346,interactive_short,False,32
exact_bucket,232,460946.3597819217,461728.7623368501,466691.6424940425,5745.282712120796,782.4025549283833,480946.3597819217,interactive_short,False,32
exact_bucket,233,462606.4463256239,462606.7683885274,474415.5925688969,11809.14624327299,0.3220629034913145,482606.4463256239,interactive_short,False,32
exact_bucket,234,463098.1567163349,464448.30017515284,476201.65168158076,13103.49496524583,1350.1434588179109,483098.1567163349,interactive_short,False,32
exact_bucket,235,465502.5386434709,465576.3375094795,477141.68279351963,11639.144150048727,73.79886600858299,485502.5386434709,interactive_short,False,32
exact_bucket,236,468415.09779329854,477141.68279351963,485266.23659295257,16851.13879965403,8726.585000221094,518415.09779329854,interactive_medium,False,64
exact_bucket,237,468782.43666693376,473108.34273267834,486381.5415775156,17599.10491058184,4325.906065744581,488782.43666693376,interactive_short,False,32
exact_bucket,238,470651.5879088133,473108.34273267834,486381.5415775156,15729.953668702277,2456.7548238650197,490651.5879088133,interactive_short,False,32
exact_bucket,239,473407.65031493455,473421.68643665797,486694.8852814952,13287.234966560674,14.036121723416727,493407.65031493455,interactive_short,False,32
exact_bucket,240,473650.9302034876,473703.69577023963,486882.891503883,13231.96130039543,52.765566752059385,493650.9302034876,interactive_short,False,32
exact_bucket,241,477072.7773636534,485266.23659295257,490643.0159516385,13570.238587985106,8193.459229299158,497072.7773636534,interactive_short,False,32
exact_bucket,242,483761.6992826147,485266.23659295257,490643.0159516385,6881.316669023829,1504.5373103378806,503761.6992826147,interactive_short,False,32
exact_bucket,243,483990.498999464,490643.0159516385,497059.71619027434,13069.217190810363,6652.516952174541,533990.498999464,interactive_medium,False,128
exact_bucket,244,484042.5267418703,485266.23659295257,490643.0159516385,6600.489209768246,1223.709851082298,504042.5267418703,interactive_short,False,32
exact_bucket,245,484790.3353382794,484804.4842820742,502471.58332652535,17681.247988245974,14.14894379483303,534790.3353382794,interactive_medium,False,64
exact_bucket,246,487052.69278963906,487070.8977262708,503847.9171372627,16795.224347623647,18.204936631722376,507052.69278963906,interactive_short,False,32
exact_bucket,247,493401.1114832305,502471.58332652535,509206.0944753143,15804.982992083824,9070.471843294858,513401.1114832305,interactive_short,False,32
exact_bucket,248,494411.64184506255,502471.58332652535,509206.0944753143,14794.452630251762,8059.941481462796,514411.64184506255,interactive_short,False,32
exact_bucket,249,496922.27723848145,502471.58332652535,509206.0944753143,12283.817236832867,5549.306088043901,516922.27723848145,interactive_short,False,32
exact_bucket,250,497080.35602946056,502471.58332652535,509206.0944753143,12125.738445853756,5391.22729706479,517080.35602946056,interactive_short,False,32
exact_bucket,251,499426.68989969784,499491.18204721954,512448.04895124125,13021.359051543404,64.49214752169792,549426.6898996979,interactive_medium,False,64
exact_bucket,252,501400.34374918457,502471.58332652535,509206.0944753143,7805.750726129743,1071.239577340777,521400.34374918457,interactive_short,False,32
exact_bucket,253,501615.2943729255,502471.58332652535,509206.0944753143,7590.8001023888355,856.2889535998693,521615.2943729255,interactive_short,False,32
exact_bucket,254,504576.33641678223,512448.04895124125,525302.6334223018,20726.29700551962,7871.712534459017,604576.3364167822,interactive_long,False,256
exact_bucket,255,508374.4900678,512448.04895124125,525302.6334223018,16928.143354501866,4073.558883441263,608374.4900678,interactive_long,False,256
exact_bucket,256,510209.1306652767,525302.6334223018,534107.5915041293,23898.460838852625,15093.502757025126,530209.1306652767,interactive_short,True,32
exact_bucket,257,510467.1967220508,525302.6334223018,534107.5915041293,23640.39478207857,14835.43670025107,530467.1967220508,interactive_short,True,32
exact_bucket,258,518718.1678001482,525302.6334223018,534107.5915041293,15389.423703981156,6584.465622153657,538718.1678001483,interactive_short,False,32
exact_bucket,259,521770.52560869,534107.5915041293,540524.2917427719,18753.766134081874,12337.065895439358,571770.52560869,interactive_medium,False,128
exact_bucket,260,522623.5060952592,540524.2917427719,551102.6174101671,28479.111314907903,17900.785647512646,572623.5060952592,interactive_medium,False,64
exact_bucket,261,523742.0608319924,540524.2917427719,551102.6174101671,27360.5565781747,16782.230910779443,573742.0608319924,interactive_medium,False,64
exact_bucket,262,524667.9448782488,525302.6334223018,534107.5915041293,9439.646625880501,634.6885440530023,544667.9448782488,interactive_short,False,32
exact_bucket,263,526078.2256618903,526117.3270526489,552324.6578556877,26246.432193797315,39.101390758529305,546078.2256618903,interactive_short,True,32
exact_bucket,264,526912.9908668387,540524.2917427719,551102.6174101671,24189.6265433284,13611.300875933142,576912.9908668387,interactive_medium,False,64
exact_bucket,265,530701.5805189821,540524.2917427719,551102.6174101671,20401.03689118498,9822.711223789724,580701.5805189821,interactive_medium,False,64
exact_bucket,266,534157.2456176562,551102.6174101671,560135.8952548304,25978.64963717421,16945.371792510967,554157.2456176562,interactive_short,True,32
exact_bucket,267,534380.3132819388,560135.8952548304,568463.2387534198,34082.92547148105,25755.58197289158,634380.3132819388,interactive_long,False,256
exact_bucket,268,540857.8361210944,551102.6174101671,560135.8952548304,19278.05913373595,10244.781289072707,560857.8361210944,interactive_short,False,32
exact_bucket,269,542876.7606051796,551102.6174101671,560135.8952548304,17259.134649650776,8225.856804987532,562876.7606051796,interactive_short,False,32
exact_bucket,270,546405.5237133533,546485.0943013835,572109.4093481945,25703.885634841165,79.57058803015389,596405.5237133533,interactive_medium,False,64
exact_bucket,271,548862.7969466735,551102.6174101671,560135.8952548304,11273.098308156827,2239.820463493583,568862.7969466735,interactive_short,False,32
exact_bucket,272,550006.3811932743,551102.6174101671,560135.8952548304,10129.514061556081,1096.2362168928375,570006.3811932743,interactive_short,False,32
exact_bucket,273,552653.3606579853,572109.4093481945,578526.109586837,25872.74892885168,19456.048690209165,602653.3606579853,interactive_medium,False,128
exact_bucket,274,559385.4303205531,559453.2271212242,582051.6937325664,22666.2634120133,67.7968006710289,579385.4303205531,interactive_short,True,32
exact_bucket,275,560015.0775665006,560017.2457883875,582234.7529093637,22219.675342863076,2.168221886851825,580015.0775665006,interactive_short,True,32
exact_bucket,276,563317.6736536679,578526.109586837,582370.3522995837,19052.678645915817,15208.435933169094,583317.6736536679,interactive_short,False,32
exact_bucket,277,564862.8030823345,578526.109586837,582370.3522995837,17507.549217249267,13663.306504502543,584862.8030823345,interactive_short,False,32
exact_bucket,278,566184.1533976971,578526.109586837,582370.3522995837,16186.198901886586,12341.956189139863,586184.1533976971,interactive_short,False,32
exact_bucket,279,567328.0471315094,578526.109586837,582370.3522995837,15042.305168074323,11198.0624553276,587328.0471315094,interactive_short,False,32
exact_bucket,280,569954.3298416642,570010.5352078383,585352.5150879397,15398.185246275505,56.20536617410835,619954.3298416642,interactive_medium,False,64
exact_bucket,281,570579.3603688445,578526.109586837,582370.3522995837,11790.991930739256,7946.749217992532,590579.3603688445,interactive_short,False,32
exact_bucket,282,574396.5739147417,578526.109586837,582370.3522995837,7973.778384841979,4129.535672095255,594396.5739147417,interactive_short,False,32
exact_bucket,283,577949.1063649838,578526.109586837,582370.3522995837,4421.245934599894,577.0032218531705,597949.1063649838,interactive_short,False,32
exact_bucket,284,578130.4068491043,578526.109586837,582370.3522995837,4239.945450479398,395.702737732674,598130.4068491043,interactive_short,False,32
exact_bucket,285,582398.3067883528,585352.5150879397,591769.2153265822,9370.908538229414,2954.2082995868986,632398.3067883528,interactive_medium,False,128
exact_bucket,286,582957.3733546018,582959.7985679336,594203.9093293954,11246.535974793602,2.425213331822306,632957.3733546018,interactive_medium,False,64
exact_bucket,287,584207.2608711326,594203.9093293954,598197.7649798772,13990.504108744557,9996.648458262789,604207.2608711326,interactive_short,False,32
exact_bucket,288,586092.1797219864,594203.9093293954,598197.7649798772,12105.58525789075,8111.729607408983,606092.1797219864,interactive_short,False,32
exact_bucket,289,587044.9936691284,594203.9093293954,598197.7649798772,11152.771310748765,7158.915660266997,607044.9936691284,interactive_short,False,32
exact_bucket,290,587103.2334616845,594203.9093293954,598197.7649798772,11094.531518192613,7100.675867710845,607103.2334616845,interactive_short,False,32
exact_bucket,291,590910.2184382996,591769.2153265822,600590.4814998832,9680.263061583624,858.9968882825924,640910.2184382996,interactive_medium,False,64
exact_bucket,292,591311.612814089,594203.9093293954,598197.7649798772,6886.152165788109,2892.2965153063415,611311.612814089,interactive_short,False,32
exact_bucket,293,591788.431403746,594203.9093293954,598197.7649798772,6409.333576131146,2415.4779256493784,611788.431403746,interactive_short,False,32
exact_bucket,294,594985.7474219035,598197.7649798772,604134.7910284778,9149.043606574298,3212.017557973624,644985.7474219035,interactive_medium,False,64
exact_bucket,295,595817.805370963,595895.9653308854,605262.8283628045,9445.022991841543,78.15995992242824,615817.805370963,interactive_short,False,32
exact_bucket,296,600063.67256221,604134.7910284778,609821.979255708,9758.306693498045,4071.118466267828,620063.67256221,interactive_short,False,32
exact_bucket,297,602479.5254504309,604134.7910284778,609821.979255708,7342.453805277124,1655.2655780469067,622479.5254504309,interactive_short,False,32
exact_bucket,298,603126.1952832483,604134.7910284778,609821.979255708,6695.783972459729,1008.5957452295115,623126.1952832483,interactive_short,False,32
exact_bucket,299,603146.6012599512,603169.308923914,616600.6113417317,13454.010081780492,22.707663962733932,653146.6012599512,interactive_medium,False,64
exact_bucket_bounded,0,0.0,20.0,3311.245305998018,3311.245305998018,20.0,20000.0,interactive_short,False,32
exact_bucket_bounded,1,4685.326635856748,4705.326635856748,8157.120673655866,3471.794037799118,20.0,24685.32663585675,interactive_short,False,32
exact_bucket_bounded,2,6262.838718290957,6279.4004778558,9731.194515654919,3468.3557973639618,16.56175956484276,26262.838718290957,interactive_short,False,32
exact_bucket_bounded,3,9861.555492950167,9881.555492950167,13460.629132408678,3599.073639458511,20.0,29861.555492950167,interactive_short,False,32
exact_bucket_bounded,4,11608.542790353687,16629.718148168206,48047.28386134494,36438.74107099125,5021.175357814518,61608.54279035369,interactive_medium,False,64
exact_bucket_bounded,5,11929.100460691434,11942.161249748926,15713.893367368757,3784.792906677323,13.060789057492002,31929.100460691436,interactive_short,False,32
exact_bucket_bounded,6,12201.760830234378,16629.718148168206,48047.28386134494,35845.52303111056,4427.957317933828,62201.76083023438,interactive_medium,False,64
exact_bucket_bounded,7,12938.846292477965,12943.612020842294,16629.718148168206,3690.8718556902404,4.765728364329334,32938.84629247797,interactive_short,False,32
exact_bucket_bounded,8,17523.749290794418,17553.222769924934,20855.171324709692,3331.4220339152744,29.473479130516353,37523.74929079442,interactive_short,False,32
exact_bucket_bounded,9,20704.219288184544,20729.98997832302,24031.93853310778,3327.7192449232352,25.77069013847722,40704.21928818454,interactive_short,False,32
exact_bucket_bounded,10,24646.507156003463,24703.578258021764,27994.82356401978,3348.3164080163187,57.071102018300735,44646.50715600346,interactive_short,False,32
exact_bucket_bounded,11,29230.284890772156,29254.148048233503,35680.516357220506,6450.231466448349,23.863157461346418,49230.284890772156,interactive_short,False,32
exact_bucket_bounded,12,29701.92333515015,29712.060438633227,36683.21620995531,6981.29287480516,10.137103483077226,49701.923335150146,interactive_short,False,32
exact_bucket_bounded,13,30276.033844297603,30306.671833969915,37576.245766297245,7300.211921999642,30.63798967231196,50276.033844297606,interactive_short,False,32
exact_bucket_bounded,14,30492.972578722907,30494.67805635769,37701.427112683916,7208.454533961009,1.7054776347831648,50492.97257872291,interactive_short,False,32
exact_bucket_bounded,15,33522.2850675438,33565.44635535803,39394.28795394025,5872.002886396447,43.16128781422594,53522.2850675438,interactive_short,False,32
exact_bucket_bounded,16,37832.93903158115,37844.52473468383,41836.14391830753,4003.20488672638,11.5857031026826,57832.93903158115,interactive_short,False,32
exact_bucket_bounded,17,38875.962027478956,38877.270842373866,43498.552268104424,4622.590240625468,1.3088148949100287,58875.962027478956,interactive_short,False,32
exact_bucket_bounded,18,40814.614746337094,42086.50661108087,54192.997998227394,13378.3832518903,1271.891864743775,90814.61474633709,interactive_medium,False,64
exact_bucket_bounded,19,41150.39514152049,41178.12213995031,47543.554067659454,6393.158926138967,27.72699842982547,61150.39514152049,interactive_short,False,32
exact_bucket_bounded,20,46465.51854974466,46469.33739356001,56698.14463871565,10232.626088970988,3.818843815352011,96465.51854974465,interactive_medium,False,64
exact_bucket_bounded,21,50464.64652766523,50523.95534696526,53815.20065296328,3350.5541252980474,59.30881930002943,70464.64652766523,interactive_short,False,32
exact_bucket_bounded,22,57941.29295752837,57961.29295752837,61252.53826352639,3311.245305998018,20.0,77941.29295752838,interactive_short,False,32
exact_bucket_bounded,23,61270.895281049074,61290.895281049074,64582.14058704709,3311.245305998018,20.0,81270.89528104907,interactive_short,False,32
exact_bucket_bounded,24,65535.16615037969,65555.1661503797,82257.09555844488,16721.92940806519,20.0,115535.1661503797,interactive_medium,False,128
exact_bucket_bounded,25,65585.36358234937,65610.96354375916,68961.07671808425,3375.7131357348844,25.59996140979638,85585.36358234937,interactive_short,False,32
exact_bucket_bounded,26,68253.25681341092,68272.57931295756,71860.83977278761,3607.5829593766975,19.322499546644394,88253.25681341092,interactive_short,False,32
exact_bucket_bounded,27,69060.7463946566,69075.55481568418,72604.94740718717,3544.201012530568,14.8084210275847,89060.7463946566,interactive_short,False,32
exact_bucket_bounded,28,74402.71441442745,82257.09555844488,101844.63165192693,27441.91723749948,7854.381144017432,124402.71441442745,interactive_medium,False,64
exact_bucket_bounded,29,77644.06746322283,77682.51020471903,80973.75551071705,3329.6880474942154,38.442741496197414,97644.06746322283,interactive_short,False,32
exact_bucket_bounded,30,81635.21006518841,82257.09555844488,101844.63165192693,20209.42158673852,621.8854932564718,131635.2100651884,interactive_medium,False,64
exact_bucket_bounded,31,84964.57561606709,84985.63194090794,124851.89630699522,39887.32069092813,21.056324840857997,134964.5756160671,interactive_medium,False,64
exact_bucket_bounded,32,85585.2647166139,85615.2941830148,88906.53948901282,3321.274772398916,30.029466400897945,105585.2647166139,interactive_short,False,32
exact_bucket_bounded,33,88681.710555966,119151.24266266768,137468.10581908145,48786.39526311545,30469.532106701678,138681.710555966,interactive_medium,False,128
exact_bucket_bounded,34,88910.50326923911,88969.50571322351,92260.75101922153,3350.2477499824163,59.00244398439827,108910.50326923911,interactive_short,False,32
exact_bucket_bounded,35,93024.56098153477,93079.31193396045,96370.55723995846,3345.996258423693,54.75095242567477,113024.56098153477,interactive_short,False,32
exact_bucket_bounded,36,96936.79057994079,96937.25325785464,139545.9912180341,42609.2006380933,0.4626779138488928,146936.79057994077,interactive_medium,False,64
exact_bucket_bounded,37,97439.96335557531,97524.93801715437,100816.18332315239,3376.2199675770826,84.97466157906456,117439.96335557531,interactive_short,False,32
exact_bucket_bounded,38,100831.98873158326,100900.13828876664,142466.896638323,41634.90790673974,68.14955718338024,150831.98873158326,interactive_medium,False,64
exact_bucket_bounded,39,102065.48441728606,102096.49654876968,105387.7418547677,3322.257437481632,31.012131483614212,122065.48441728606,interactive_short,False,32
exact_bucket_bounded,40,102793.72061808415,105387.7418547677,143894.17687334196,41100.45625525781,2594.0212366835476,152793.72061808413,interactive_medium,False,64
exact_bucket_bounded,41,105966.58478485378,106059.38157968168,114134.18275518171,8167.59797032793,92.79679482789652,125966.58478485378,interactive_short,False,32
exact_bucket_bounded,42,106483.07855714422,106488.67444568142,115309.22164510531,8826.143087961085,5.595888537194696,126483.07855714422,interactive_short,False,32
exact_bucket_bounded,43,106530.9764266568,106551.26511887475,115434.55912669716,8903.582700040366,20.288692217960488,126530.9764266568,interactive_short,False,32
exact_bucket_bounded,44,106960.16133027605,106974.27911924725,115857.57312706966,8897.411796793604,14.117788971198024,126960.16133027605,interactive_short,False,32
exact_bucket_bounded,45,107755.9349758439,107788.97274959428,116264.41250282634,8508.477526982431,33.03777375037316,127755.9349758439,interactive_short,False,32
exact_bucket_bounded,46,111751.33283285139,111784.10497533451,118563.55790336794,6812.22507051655,32.77214248312521,131751.3328328514,interactive_short,False,32
exact_bucket_bounded,47,118567.11856872926,125186.68066727204,137330.68651408528,18763.567945356015,6619.562098542781,138567.11856872926,interactive_short,False,32
exact_bucket_bounded,48,119221.6976026299,125186.68066727204,137330.68651408528,18108.98891145538,5964.983064642147,139221.6976026299,interactive_short,False,32
exact_bucket_bounded,49,121273.24896644348,125186.68066727204,137330.68651408528,16057.437547641792,3913.431700828558,141273.24896644347,interactive_short,False,32
exact_bucket_bounded,50,122293.82844906364,125186.68066727204,137330.68651408528,15036.858065021632,2892.852218208398,142293.82844906364,interactive_short,False,32
exact_bucket_bounded,51,130236.27999100173,130251.58581905259,142131.076775866,11894.796784864273,15.30582805085578,150236.27999100173,interactive_short,False,32
exact_bucket_bounded,52,131772.95154212418,131817.2064626325,142936.32668727302,11163.375145148835,44.25492050830508,151772.95154212418,interactive_short,False,32
exact_bucket_bounded,53,137374.50461665468,137386.48390746475,172883.3034294671,35508.79881281243,11.979290810064413,187374.50461665468,interactive_medium,False,128
exact_bucket_bounded,54,137619.61235432947,139545.9912180341,145308.7511858829,7689.138831553428,1926.3788637046237,157619.61235432947,interactive_short,False,32
exact_bucket_bounded,55,144659.61547534552,144666.9040321415,148344.39883575967,3684.783360414149,7.288556795974728,164659.61547534552,interactive_short,False,32
exact_bucket_bounded,56,145053.0272684508,145073.74340789818,148716.45265295944,3663.4253845086496,20.716139447380556,165053.0272684508,interactive_short,False,32
exact_bucket_bounded,57,151621.68697230733,176060.0706378652,194472.44780292537,42850.760830618034,24438.383665557863,201621.68697230733,interactive_medium,False,64
exact_bucket_bounded,58,152238.7259482832,152287.4858292456,155867.7188524856,3628.9929042024014,48.75988096240326,172238.7259482832,interactive_short,False,32
exact_bucket_bounded,59,152468.2070170382,152487.82250004547,156068.05552328547,3599.8485062472755,19.615483007277362,172468.2070170382,interactive_short,False,32
exact_bucket_bounded,60,153608.5224910845,238188.76421439665,257897.77900018153,104289.25650909703,84580.24172331215,253608.5224910845,interactive_long,True,256
exact_bucket_bounded,61,156216.44073635942,156291.24509680335,160312.88210170827,4096.441365348845,74.80436044392991,176216.44073635942,interactive_short,False,32
exact_bucket_bounded,62,156969.2554851252,156978.11368240294,161063.9701800283,4094.7146949030866,8.85819727773196,176969.2554851252,interactive_short,False,32
exact_bucket_bounded,63,158833.12467464927,158855.833878203,162781.14164402726,3948.01696937799,22.70920355373528,178833.12467464927,interactive_short,False,32
exact_bucket_bounded,64,160265.64130798163,176060.0706378652,194472.44780292537,34206.80649494374,15794.42932988357,210265.64130798163,interactive_medium,False,64
exact_bucket_bounded,65,161238.5429869296,176060.0706378652,194472.44780292537,33233.904815995775,14821.527650935604,211238.5429869296,interactive_medium,False,64
exact_bucket_bounded,66,162957.3623497664,163004.33121754514,167085.8023658123,4128.4400160459045,46.96886777874897,182957.3623497664,interactive_short,False,32
exact_bucket_bounded,67,163545.3596597112,163548.10218114482,167978.83192215423,4433.472262443043,2.7425214336253703,183545.3596597112,interactive_short,False,32
exact_bucket_bounded,68,166012.74851501672,166020.43377228157,171518.34147012257,5505.592955105851,7.685257264849497,186012.74851501672,interactive_short,False,32
exact_bucket_bounded,69,166016.13393510526,166020.43377228157,171518.34147012257,5502.207535017311,4.299837176309666,186016.13393510526,interactive_short,False,32
exact_bucket_bounded,70,171212.06512667643,171218.74046097585,176060.0706378652,4848.005511188763,6.675334299419774,191212.06512667643,interactive_short,False,32
exact_bucket_bounded,71,172758.40355763954,172801.6815178504,217172.45198617756,44414.04842853802,43.27796021086397,222758.40355763954,interactive_medium,False,128
exact_bucket_bounded,72,175300.2676131151,176060.0706378652,194472.44780292537,19172.180189810257,759.8030247500865,225300.2676131151,interactive_medium,False,64
exact_bucket_bounded,73,178009.4720451799,178074.98981260715,187247.20568148905,9237.73363630916,65.51776742725633,198009.4720451799,interactive_short,False,32
exact_bucket_bounded,74,180230.61004395568,180253.94629279172,192269.49016008372,12038.880116128043,23.336248836043524,200230.61004395568,interactive_short,False,32
exact_bucket_bounded,75,181136.4200486716,181143.15116981298,193842.7855608185,12706.365512146906,6.731121141376207,201136.4200486716,interactive_short,False,32
exact_bucket_bounded,76,181281.50511497576,202826.9526429493,220371.84375239155,39090.338637415785,21545.447527973534,231281.50511497576,interactive_medium,False,128
exact_bucket_bounded,77,183464.20864479677,183513.65586949533,195201.29452535938,11737.085880562605,49.44722469855333,203464.20864479677,interactive_short,False,32
exact_bucket_bounded,78,184265.7609896628,184266.87069270547,195391.13367166775,11125.372682004934,1.1097030426608399,204265.7609896628,interactive_short,False,32
exact_bucket_bounded,79,185019.27037452036,185145.42299750747,195932.33890750282,10913.068532982463,126.15262298710877,205019.27037452036,interactive_short,False,32
exact_bucket_bounded,80,188787.22094703364,188831.11194892108,197156.21227694396,8368.991329910321,43.89100188744487,208787.22094703364,interactive_short,False,32
exact_bucket_bounded,81,191331.39780426107,191476.8170089067,199130.2776120156,7798.879807754536,145.41920464564464,211331.39780426107,interactive_short,False,32
exact_bucket_bounded,82,192045.66867047417,192049.93580424917,199913.63687196467,7867.968201490497,4.267133774992544,212045.66867047417,interactive_short,False,32
exact_bucket_bounded,83,192785.72366443145,192904.63470596055,236778.71754648833,43992.99388205688,118.91104152909247,242785.72366443145,interactive_medium,False,64
exact_bucket_bounded,84,193835.54878730024,194472.44780292537,201167.01168788318,7331.462900582934,636.8990156251239,213835.54878730024,interactive_short,False,32
exact_bucket_bounded,85,194865.21737300162,194875.85598883065,201966.03813303122,7100.820760029601,10.638615829026094,214865.21737300162,interactive_short,False,32
exact_bucket_bounded,86,195566.19192016678,238188.76421439665,257897.77900018153,62331.58708001475,42622.572294229874,295566.1919201668,interactive_long,False,256
exact_bucket_bounded,87,195838.49080862475,195861.1492276372,202826.9526429493,6988.461834324553,22.6584190124413,215838.49080862475,interactive_short,False,32
exact_bucket_bounded,88,196929.48483398094,196966.3731306356,204081.3064714697,7151.821637488756,36.88829665465164,216929.48483398094,interactive_short,False,32
exact_bucket_bounded,89,202568.46551219074,202591.94486496458,216927.58625132745,14359.120739136706,23.47935277383658,222568.46551219074,interactive_short,False,32
exact_bucket_bounded,90,204830.64109467145,208325.64587553835,218958.51109886143,14127.870004189987,3495.004780866904,224830.64109467145,interactive_short,False,32
exact_bucket_bounded,91,209492.72434268222,209592.26380223205,220290.22184077484,10797.49749809262,99.53945954982191,229492.72434268222,interactive_short,False,32
exact_bucket_bounded,92,211404.4249104831,224147.63538534605,261160.68178405252,49756.25687356942,12743.21047486295,261404.4249104831,interactive_medium,False,64
exact_bucket_bounded,93,212120.4905687086,212226.63914439094,222721.92153223875,10601.430963530147,106.14857568233856,232120.4905687086,interactive_short,False,32
exact_bucket_bounded,94,213708.3589683187,213819.64554926346,223959.62916295827,10251.270194639568,111.28658094475395,233708.3589683187,interactive_short,False,32
exact_bucket_bounded,95,213709.17101254492,213819.64554926346,223959.62916295827,10250.458150413353,110.47453671853873,233709.17101254492,interactive_short,False,32
exact_bucket_bounded,96,214385.4767159057,238188.76421439665,257897.77900018153,43512.30228427582,23803.287498490943,314385.4767159057,interactive_long,False,256
exact_bucket_bounded,97,215509.3221345372,215531.41746448423,225110.1426557623,9600.820521225105,22.095329947042046,235509.3221345372,interactive_short,False,32
exact_bucket_bounded,98,217244.25080076285,220290.22184077484,275245.021972795,58000.77117203217,3045.971040011995,267244.25080076285,interactive_medium,True,128
exact_bucket_bounded,99,219370.96672305348,224147.63538534605,261160.68178405252,41789.715060999035,4776.668662292563,269370.9667230535,interactive_medium,False,64
exact_bucket_bounded,100,220621.8996391037,220622.51871557525,233717.02218430932,13095.12254520561,0.6190764715429395,240621.8996391037,interactive_short,False,32
exact_bucket_bounded,101,221789.26511169868,224147.63538534605,261160.68178405252,39371.41667235384,2358.3702736473642,271789.26511169865,interactive_medium,False,64
exact_bucket_bounded,102,222270.10243516884,222345.9090874632,236086.0890801708,13815.986645001947,75.80665229435544,242270.10243516884,interactive_short,False,32
exact_bucket_bounded,103,223551.9186087876,223583.61671818272,238188.76421439665,14636.845605609065,31.698109395132633,243551.9186087876,interactive_short,False,32
exact_bucket_bounded,104,228180.84585377428,228972.0710740177,245322.6420176222,17141.796163847903,791.2252202434174,248180.84585377428,interactive_short,False,32
exact_bucket_bounded,105,231360.35918512376,231378.3392500583,258939.96744854102,27579.608263417264,17.98006493455614,251360.35918512376,interactive_short,True,32
exact_bucket_bounded,106,231732.27485609736,231859.59288526644,259103.90720446274,27371.632348365383,127.31802916908055,251732.27485609736,interactive_short,True,32
exact_bucket_bounded,107,231909.49041917422,231953.59599646032,259141.9646478017,27232.474228627485,44.105577286100015,251909.49041917422,interactive_short,True,32
exact_bucket_bounded,108,233358.5680228021,233386.39298481646,260098.6454787302,26740.077455928113,27.824962014361518,253358.5680228021,interactive_short,True,32
exact_bucket_bounded,109,235363.03259872267,260708.93686744163,285188.88201332634,49825.84941460367,25345.904268718965,285363.03259872267,interactive_medium,False,128
exact_bucket_bounded,110,236179.5353372144,236253.99901139928,286444.46768069157,50264.93234347718,74.46367418489535,286179.53533721436,interactive_medium,True,64
exact_bucket_bounded,111,239591.69139954826,243889.49297982355,276887.34702765365,37295.65562810539,4297.8015802752925,259591.69139954826,interactive_short,True,32
exact_bucket_bounded,112,242373.40601094568,243889.49297982355,276887.34702765365,34513.94101670798,1516.0869688778766,262373.4060109457,interactive_short,True,32
exact_bucket_bounded,113,244607.74689604086,244797.46588511218,277326.47137387254,32718.72447783168,189.7189890713198,264607.74689604086,interactive_short,True,32
exact_bucket_bounded,114,245116.60429665423,260708.93686744163,285188.88201332634,40072.277716672106,15592.332570787403,295116.60429665423,interactive_medium,False,128
exact_bucket_bounded,115,245560.71741308132,260302.04456406066,287589.88789472706,42029.170481645735,14741.327150979341,295560.7174130813,interactive_medium,False,64
exact_bucket_bounded,116,245610.1746843997,257897.77900018153,277613.36594673555,32003.191262335837,12287.60431578182,265610.17468439974,interactive_short,True,32
exact_bucket_bounded,117,246171.83268557416,257897.77900018153,277613.36594673555,31441.533261161385,11725.946314607369,266171.8326855742,interactive_short,True,32
exact_bucket_bounded,118,247461.06619236048,257897.77900018153,277613.36594673555,30152.299754375068,10436.712807821052,267461.0661923605,interactive_short,True,32
exact_bucket_bounded,119,251251.8118115288,257897.77900018153,277613.36594673555,26361.554135206738,6645.967188652721,271251.8118115288,interactive_short,True,32
exact_bucket_bounded,120,251403.04467762125,260302.04456406066,287589.88789472706,36186.84321710581,8898.999886439415,301403.0446776212,interactive_medium,False,64
exact_bucket_bounded,121,252473.421380079,257897.77900018153,277613.36594673555,25139.944566656544,5424.357620102528,272473.421380079,interactive_short,True,32
exact_bucket_bounded,122,254460.65811645883,260302.04456406066,287589.88789472706,33129.22977826823,5841.386447601835,304460.6581164588,interactive_medium,False,64
exact_bucket_bounded,123,254893.08147302043,257897.77900018153,277613.36594673555,22720.284473715117,3004.697527161101,274893.08147302043,interactive_short,True,32
exact_bucket_bounded,124,257276.86858247902,257897.77900018153,277613.36594673555,20336.49736425653,620.9104177025147,277276.868582479,interactive_short,True,32
exact_bucket_bounded,125,258640.7971443583,258676.4928408097,278064.2339192185,19423.436774860165,35.69569645138108,278640.7971443583,interactive_short,False,32
exact_bucket_bounded,126,259200.18378525076,259223.3242819339,286552.9471928678,27352.76340761705,23.14049668313237,279200.18378525076,interactive_short,True,32
exact_bucket_bounded,127,261334.74833081558,261417.27907494054,295065.54516148916,33730.796830673586,82.53074412496062,311334.7483308156,interactive_medium,False,128
exact_bucket_bounded,128,261345.86882622488,278534.2494751879,294983.92324987246,33638.05442364758,17188.380648963037,311345.8688262249,interactive_medium,False,64
exact_bucket_bounded,129,264126.1882832452,278534.2494751879,294983.92324987246,30857.734966627264,14408.061191942717,314126.1882832452,interactive_medium,False,64
exact_bucket_bounded,130,267065.94190347125,275245.021972795,287241.1140982365,20175.17219476524,8179.080069323769,287065.94190347125,interactive_short,True,32
exact_bucket_bounded,131,267291.35520539456,275245.021972795,287241.1140982365,19949.758892841928,7953.666767400457,287291.35520539456,interactive_short,False,32
exact_bucket_bounded,132,268398.6342470887,278534.2494751879,294983.92324987246,26585.28900278377,10135.615228099225,318398.6342470887,interactive_medium,False,64
exact_bucket_bounded,133,268785.528719743,268830.0897005945,301983.6210371509,33198.09231740789,44.56098085147096,318785.528719743,interactive_medium,False,128
exact_bucket_bounded,134,275124.0836601808,275245.021972795,287241.1140982365,12117.030438055692,120.9383126142202,295124.0836601808,interactive_short,False,32
exact_bucket_bounded,135,276583.5306883647,276606.30744607357,289986.9672301712,13403.436541806499,22.77675770886708,296583.5306883647,interactive_short,False,32
exact_bucket_bounded,136,276686.57708818314,276887.34702765365,290362.97967494675,13676.402586763608,200.76993947051233,296686.57708818314,interactive_short,False,32
exact_bucket_bounded,137,277259.80445404275,278534.2494751879,294983.92324987246,17724.11879582971,1274.4450211451622,327259.80445404275,interactive_medium,False,64
exact_bucket_bounded,138,281031.9844971329,281072.659458205,303284.92300417175,22252.938507038867,40.67496107210172,331031.9844971329,interactive_medium,False,64
exact_bucket_bounded,139,282251.2951702571,286444.46768069157,292478.0496768092,10226.754506552126,4193.172510434466,302251.2951702571,interactive_short,False,32
exact_bucket_bounded,140,285484.3874195229,286444.46768069157,292478.0496768092,6993.6622572863125,960.0802611686522,305484.3874195229,interactive_short,False,32
exact_bucket_bounded,141,287687.0858763872,287715.2253763189,293479.7330308086,5792.647154421429,28.139499931712635,307687.0858763872,interactive_short,False,32
exact_bucket_bounded,142,296514.93849096954,296572.0747827341,299863.3200887321,3348.381597762578,57.136291764560156,316514.93849096954,interactive_short,False,32
exact_bucket_bounded,143,298324.9098344262,301983.6210371509,322947.11521409877,24622.20537967258,3658.7112027247204,348324.9098344262,interactive_medium,False,64
exact_bucket_bounded,144,304317.9593471235,304390.13475732866,307681.3800633267,3363.420716203167,72.17541020514909,324317.9593471235,interactive_short,False,32
exact_bucket_bounded,145,308758.6046021605,308786.5918164836,312208.9519201192,3450.347317958658,27.987214323075023,328758.6046021605,interactive_short,False,32
exact_bucket_bounded,146,310655.46979909524,310675.48042688245,314097.84053051803,3442.370731422794,20.01062778721098,330655.46979909524,interactive_short,False,32
exact_bucket_bounded,147,313196.2218718601,314097.84053051803,351509.61425533774,38313.39238347765,901.6186586579424,363196.2218718601,interactive_medium,False,64
exact_bucket_bounded,148,314601.7208017273,314643.54780701065,317934.79311300867,3333.072311281343,41.82700528332498,334601.7208017273,interactive_short,False,32
exact_bucket_bounded,149,318152.3418345306,318186.6580098514,321477.9033158494,3325.561481318844,34.316175320826005,338152.3418345306,interactive_short,False,32
exact_bucket_bounded,150,319739.9215228538,399671.2898820203,426043.458993132,106303.53747027821,79931.36835916655,419739.9215228538,interactive_long,True,256
exact_bucket_bounded,151,324290.01903144224,324347.05010143085,327694.48746355926,3404.4684321170207,57.03106998861767,344290.01903144224,interactive_short,False,32
exact_bucket_bounded,152,327012.4846522204,327037.28539502923,332177.5029170837,5165.018264863291,24.800742808845825,347012.4846522204,interactive_short,False,32
exact_bucket_bounded,153,328299.95882871764,328324.1170003589,334981.92906770133,6681.970238983689,24.15817164123291,348299.95882871764,interactive_short,False,32
exact_bucket_bounded,154,328899.98520282906,328918.72839569557,336235.30388361984,7335.318680790777,18.743192866502795,348899.98520282906,interactive_short,False,32
exact_bucket_bounded,155,329468.00215959235,329482.7470628589,336987.32877317094,7519.326613578596,14.744903266546316,349468.00215959235,interactive_short,False,32
exact_bucket_bounded,156,331498.3546530178,331550.8155091244,338851.7238118497,7353.369158831891,52.46085610659793,351498.3546530178,interactive_short,False,32
exact_bucket_bounded,157,334401.6311719936,334433.577585737,342456.55110055604,8054.91992856242,31.946413743367884,354401.6311719936,interactive_short,False,32
exact_bucket_bounded,158,335874.9927551598,335921.9601796402,343119.1551887153,7244.162433555524,46.96742448041914,355874.9927551598,interactive_short,False,32
exact_bucket_bounded,159,337845.99806512165,337880.3583295129,343949.70145381545,6103.703388693801,34.360264391230885,357845.99806512165,interactive_short,False,32
exact_bucket_bounded,160,338488.05513029825,338507.04573747213,344889.7325657543,6401.677435456077,18.990607173880562,358488.05513029825,interactive_short,False,32
exact_bucket_bounded,161,338649.35484757664,338663.71758946194,345046.40441774414,6397.049570167495,14.362741885299329,358649.35484757664,interactive_short,False,32
exact_bucket_bounded,162,339322.3381436127,339400.07529381406,345641.75745530543,6319.419311692705,77.73715020134114,359322.3381436127,interactive_short,False,32
exact_bucket_bounded,163,339956.4640854367,365538.3862558871,389539.9431576423,49583.479072205606,25581.922170450387,389956.4640854367,interactive_medium,False,128
exact_bucket_bounded,164,340726.9350188946,345641.75745530543,390694.32393483823,49967.38891594362,4914.822436410817,390726.9350188946,interactive_medium,False,64
exact_bucket_bounded,165,342280.6545444606,342314.1717408246,349016.1519413816,6735.4973969210405,33.5171963640023,362280.6545444606,interactive_short,False,32
exact_bucket_bounded,166,342578.52264161,342644.5573229438,349753.1046125633,7174.581970953266,66.03468133381102,362578.52264161,interactive_short,False,32
exact_bucket_bounded,167,343104.5314275153,343119.1551887153,351467.6367725306,8363.105345015298,14.623761199996807,363104.5314275153,interactive_short,False,32
exact_bucket_bounded,168,345472.54378428264,345485.0856033156,355285.40588829224,9812.862104009604,12.54181903298013,365472.54378428264,interactive_short,False,32
exact_bucket_bounded,169,347923.74814603163,347986.54682420916,356664.1181858026,8740.370039770962,62.79867817752529,367923.74814603163,interactive_short,False,32
exact_bucket_bounded,170,348056.51680808194,365538.3862558871,389539.9431576423,41483.42634956038,17481.869447805162,398056.51680808194,interactive_medium,False,128
exact_bucket_bounded,171,349103.6610731932,349120.7981649847,357228.1368529659,8124.475779772736,17.137091791490093,369103.6610731932,interactive_short,False,32
exact_bucket_bounded,172,350668.1037808773,350715.01691615,357822.7482483026,7154.6444674253,46.913135272683576,370668.1037808773,interactive_short,False,32
exact_bucket_bounded,173,351743.0393517153,370933.7793927909,395757.3287591993,44014.289407484,19190.740041075624,401743.0393517153,interactive_medium,False,64
exact_bucket_bounded,174,352206.4858290961,370933.7793927909,395757.3287591993,43550.84293010319,18727.29356369481,402206.4858290961,interactive_medium,False,64
exact_bucket_bounded,175,353296.4351300922,353327.0077384196,358961.9450170025,5665.509886910324,30.572608327376656,373296.4351300922,interactive_short,False,32
exact_bucket_bounded,176,358000.79433636187,358023.0849191025,361547.1258862121,3546.3315498502343,22.290582740621176,378000.79433636187,interactive_short,False,32
exact_bucket_bounded,177,359755.3162093097,359763.29170020204,363306.06335268845,3550.7471433787723,7.975490892364178,379755.3162093097,interactive_short,False,32
exact_bucket_bounded,178,362133.63557731314,362148.13589861174,365538.3862558871,3404.750678573968,14.500321298604831,382133.63557731314,interactive_short,False,32
exact_bucket_bounded,179,366019.71258193307,366109.73963720404,373699.5852602306,7679.872678297514,90.02705527096987,386019.71258193307,interactive_short,False,32
exact_bucket_bounded,180,368921.118746171,370933.7793927909,395757.3287591993,26836.210013028292,2012.6606466199155,418921.118746171,interactive_medium,False,64
exact_bucket_bounded,181,369878.4198514725,369892.8788611201,389458.3212460256,19579.901394553133,14.459009647602215,389878.4198514725,interactive_short,False,32
exact_bucket_bounded,182,369890.2469196961,399671.2898820203,426043.458993132,56153.21207343589,29781.042962324223,469890.2469196961,interactive_long,False,256
exact_bucket_bounded,183,370757.2317872697,370758.15436998033,391119.62909011176,20362.39730284206,0.9225827106274664,390757.2317872697,interactive_short,True,32
exact_bucket_bounded,184,373557.81654337514,373574.24777863873,391805.9630715596,18248.146528184472,16.43123526358977,393557.81654337514,interactive_short,False,32
exact_bucket_bounded,185,377398.56579818815,378079.20681785943,391853.42285813676,14454.857059948612,680.6410196712823,397398.56579818815,interactive_short,False,32
exact_bucket_bounded,186,383532.1777781886,383622.0098186569,434540.20770517725,51008.029926988645,89.83204046828905,433532.1777781886,interactive_medium,True,64
exact_bucket_bounded,187,384618.2600858557,384702.0097717486,397008.23313398194,12389.973048126209,83.74968589289347,404618.2600858557,interactive_short,False,32
exact_bucket_bounded,188,387371.07226095744,387421.30175572034,397452.32113695354,10081.248875996098,50.22949476289796,407371.07226095744,interactive_short,False,32
exact_bucket_bounded,189,388950.97137005127,388990.2704356023,397665.8901765507,8714.918806499452,39.29906555102207,408950.97137005127,interactive_short,False,32
exact_bucket_bounded,190,390799.8822599886,390882.330157226,398229.90884371405,7430.02658372547,82.44789723743452,410799.8822599886,interactive_short,False,32
exact_bucket_bounded,191,391298.18672327726,391307.63531249954,399169.9399556529,7871.75323237566,9.448589222272858,411298.18672327726,interactive_short,False,32
exact_bucket_bounded,192,391793.62700326595,391805.9630715596,401324.3259778713,9530.698974605359,12.33606829366181,411793.62700326595,interactive_short,False,32
exact_bucket_bounded,193,392938.4474975708,435354.9013355243,451748.61714225897,58810.16964468814,42416.45383795345,442938.4474975708,interactive_medium,True,128
exact_bucket_bounded,194,392997.3562420502,395757.3287591993,404362.69658297254,11365.340340922354,2759.9725171491154,412997.3562420502,interactive_short,False,32
exact_bucket_bounded,195,393816.6927309916,393868.3420328787,457850.548461221,64033.85573022941,51.64930188714061,443816.6927309916,interactive_medium,True,64
exact_bucket_bounded,196,396090.205256994,396113.2771585279,412679.35972565215,16589.154468658147,23.071901533927303,416090.205256994,interactive_short,False,32
exact_bucket_bounded,197,397126.29741134576,397126.8826004248,426119.57387980993,28993.276468464173,0.585189079050906,417126.29741134576,interactive_short,True,32
exact_bucket_bounded,198,397487.0516630854,399671.2898820203,426043.458993132,28556.407330046583,2184.2382189349155,497487.0516630854,interactive_long,False,256
exact_bucket_bounded,199,398746.9838833903,428621.38262937276,460117.3325328057,61370.34864941536,29874.398745982442,448746.9838833903,interactive_medium,True,64
exact_bucket_bounded,200,399020.0620997148,435354.9013355243,451748.61714225897,52728.55504254415,36334.83923580946,449020.0620997148,interactive_medium,True,128
exact_bucket_bounded,201,400967.14431063854,435354.9013355243,451748.61714225897,50781.47283162043,34387.75702488574,450967.14431063854,interactive_medium,True,128
exact_bucket_bounded,202,401021.8177473623,428621.38262937276,460117.3325328057,59095.514785443374,27599.564882010454,451021.8177473623,interactive_medium,True,64
exact_bucket_bounded,203,402023.63518691156,404174.69036058476,428560.36290377367,26536.727716862108,2151.0551736732014,422023.63518691156,interactive_short,True,32
exact_bucket_bounded,204,403685.6601542116,404174.69036058476,428560.36290377367,24874.702749562042,489.030206373136,423685.6601542116,interactive_short,True,32
exact_bucket_bounded,205,403740.6123148993,404174.69036058476,428560.36290377367,24819.75058887439,434.07804568548454,423740.6123148993,interactive_short,True,32
exact_bucket_bounded,206,405799.249268688,410959.9905408338,428621.38262937276,22822.133360684733,5160.741272145766,425799.249268688,interactive_short,True,32
exact_bucket_bounded,207,406090.9187785812,410959.9905408338,428621.38262937276,22530.463850791566,4869.071762252599,426090.9187785812,interactive_short,True,32
exact_bucket_bounded,208,407329.59150444844,410959.9905408338,428621.38262937276,21291.79112492432,3630.399036385352,427329.59150444844,interactive_short,True,32
exact_bucket_bounded,209,407432.77741140727,407548.3979518876,506743.0359963005,99310.25858489325,115.62054048030404,507432.77741140727,interactive_long,False,256
exact_bucket_bounded,210,408385.96033972333,410959.9905408338,428621.38262937276,20235.422289649432,2574.030201110465,428385.96033972333,interactive_short,True,32
exact_bucket_bounded,211,408861.612680962,428621.38262937276,460117.3325328057,51255.71985184366,19759.769948410743,458861.612680962,interactive_medium,True,64
exact_bucket_bounded,212,409653.17439997237,410959.9905408338,428621.38262937276,18968.208229400392,1306.816140861425,429653.17439997237,interactive_short,False,32
exact_bucket_bounded,213,412517.6810202103,412604.780061031,435354.9013355243,22837.220315313956,87.09904082067078,432517.6810202103,interactive_short,True,32
exact_bucket_bounded,214,413470.93594697193,435354.9013355243,451748.61714225897,38277.681195287034,21883.965388552344,463470.93594697193,interactive_medium,False,128
exact_bucket_bounded,215,416259.6682363913,416440.8194634841,516952.4599128833,100692.79167649196,181.15122709277784,516259.6682363913,interactive_long,True,256
exact_bucket_bounded,216,419826.34967140463,426043.458993132,461585.1959319399,41758.84626053524,6217.109321727359,439826.34967140463,interactive_short,True,32
exact_bucket_bounded,217,420407.7804260369,428621.38262937276,460117.3325328057,39709.552106768766,8213.602203335846,470407.7804260369,interactive_medium,False,64
exact_bucket_bounded,218,420578.6919272703,426043.458993132,461585.1959319399,41006.50400466955,5464.76706586167,440578.6919272703,interactive_short,True,32
exact_bucket_bounded,219,420617.8391398993,426043.458993132,461585.1959319399,40967.35679204058,5425.619853232696,440617.8391398993,interactive_short,True,32
exact_bucket_bounded,220,422168.3724339736,435354.9013355243,451748.61714225897,29580.244708285376,13186.528901550686,472168.3724339736,interactive_medium,False,128
exact_bucket_bounded,221,440752.0918054324,460117.3325328057,464175.14428514696,23423.052479714563,19365.240727373282,460752.0918054324,interactive_short,True,32
exact_bucket_bounded,222,441613.5356220168,460117.3325328057,464175.14428514696,22561.608663130144,18503.796910788864,461613.5356220168,interactive_short,True,32
exact_bucket_bounded,223,443714.0034305528,451748.61714225897,481288.4754061175,37574.471975564724,8034.613711706188,493714.0034305528,interactive_medium,False,64
exact_bucket_bounded,224,446753.4999690595,460117.3325328057,464175.14428514696,17421.644316087477,13363.832563746197,466753.4999690595,interactive_short,False,32
exact_bucket_bounded,225,448863.1960369516,460117.3325328057,464175.14428514696,15311.948248195346,11254.136495854065,468863.1960369516,interactive_short,False,32
exact_bucket_bounded,226,451669.94039025676,460117.3325328057,464175.14428514696,12505.203894890205,8447.392142548924,471669.94039025676,interactive_short,False,32
exact_bucket_bounded,227,457645.9342362347,457667.44221806346,507239.7666279934,49593.83239175868,21.50798182876315,507645.9342362347,interactive_medium,False,64
exact_bucket_bounded,228,458090.6236830654,460117.3325328057,464175.14428514696,6084.520602081553,2026.7088497402729,478090.6236830654,interactive_short,False,32
exact_bucket_bounded,229,458131.8047936588,482862.54924811656,508055.9857441604,49924.18095050164,24730.744454457774,508131.8047936588,interactive_medium,False,128
exact_bucket_bounded,230,458462.45604231907,460117.3325328057,464175.14428514696,5712.688242827891,1654.8764904866111,478462.45604231907,interactive_short,False,32
exact_bucket_bounded,231,458732.3115762346,460117.3325328057,464175.14428514696,5442.832708912378,1385.0209565710975,478732.3115762346,interactive_short,False,32
exact_bucket_bounded,232,460946.3597819217,460974.99867594894,465256.1800638767,4309.820281954948,28.63889402721543,480946.3597819217,interactive_short,False,32
exact_bucket_bounded,233,462606.4463256239,462622.53126712446,467433.6065361247,4827.1602105008205,16.084941500565037,482606.4463256239,interactive_short,False,32
exact_bucket_bounded,234,463098.1567163349,463131.0289804508,467903.03658507473,4804.879868739808,32.87226411589654,483098.1567163349,interactive_short,False,32
exact_bucket_bounded,235,465502.5386434709,465506.54275665,469666.5112661809,4163.972622709989,4.004113179107662,485502.5386434709,interactive_short,False,32
exact_bucket_bounded,236,468415.09779329854,473803.0809343705,518274.7506213077,49859.65282800916,5387.983141071978,518415.09779329854,interactive_medium,False,64
exact_bucket_bounded,237,468782.43666693376,468790.2418414742,472295.552123207,3513.1154562732554,7.805174540437292,488782.43666693376,interactive_short,False,32
exact_bucket_bounded,238,470651.5879088133,470668.1946201803,474791.8985023949,4140.310593581584,16.606711366970558,490651.5879088133,interactive_short,False,32
exact_bucket_bounded,239,473407.65031493455,473411.71357480634,480786.2478165014,7378.597501566866,4.0632598717929795,493407.65031493455,interactive_short,False,32
exact_bucket_bounded,240,473650.9302034876,473662.0762675797,481225.5091819068,7574.578978419246,11.146064092114102,493650.9302034876,interactive_short,False,32
exact_bucket_bounded,241,477072.7773636534,477082.8424412466,482862.54924811656,5789.771884463145,10.06507759320084,497072.7773636534,interactive_short,False,32
exact_bucket_bounded,242,483761.6992826147,483811.10493556707,489426.786260755,5665.086978140287,49.40565295238048,503761.6992826147,interactive_short,False,32
exact_bucket_bounded,243,483990.498999464,486196.7635437403,527843.8087463423,43853.30974687834,2206.264544276346,533990.498999464,interactive_medium,False,128
exact_bucket_bounded,244,484042.5267418703,484068.6806551669,490116.5538482085,6074.027106338239,26.153913296642713,504042.5267418703,interactive_short,False,32
exact_bucket_bounded,245,484790.3353382794,490361.4195830586,528998.1895235382,44207.85418525885,5571.084244779253,534790.3353382794,interactive_medium,False,64
exact_bucket_bounded,246,487052.69278963906,487143.66096421727,504995.1872330251,17942.494443386036,90.96817457821453,507052.69278963906,interactive_short,False,32
exact_bucket_bounded,247,493401.1114832305,493493.1506306415,510750.2849082348,17349.173425004294,92.03914741100743,513401.1114832305,interactive_short,False,32
exact_bucket_bounded,248,494411.64184506255,494481.3193805019,512760.7475853635,18349.10574030096,69.67753543937579,514411.64184506255,interactive_short,False,32
exact_bucket_bounded,249,496922.27723848145,497016.41279227065,519005.79500345147,22083.51776497002,94.13555378920864,516922.27723848145,interactive_short,True,32
exact_bucket_bounded,250,497080.35602946056,497190.8605284671,519099.79811464535,22019.442085184797,110.50449900655076,517080.35602946056,interactive_short,True,32
exact_bucket_bounded,251,499426.68989969784,499732.6429717688,535671.2264326242,36244.536532926315,305.953072070959,549426.6898996979,interactive_medium,False,64
exact_bucket_bounded,252,501400.34374918457,501628.7117078656,520901.5244125282,19501.180663343635,228.36795868101763,521400.34374918457,interactive_short,False,32
exact_bucket_bounded,253,501615.2943729255,501628.7117078656,520901.5244125282,19286.230039602728,13.417334940109868,521615.2943729255,interactive_short,False,32
exact_bucket_bounded,254,504576.33641678223,504722.166935019,605712.2310379312,101135.89462114894,145.83051823679125,604576.3364167822,interactive_long,True,256
exact_bucket_bounded,255,508374.4900678,510750.2849082348,607230.4011992116,98855.91113141162,2375.794840434799,608374.4900678,interactive_long,False,256
exact_bucket_bounded,256,510209.1306652767,510218.05730161985,523110.59752558457,12901.466860307846,8.926636343123391,530209.1306652767,interactive_short,False,32
exact_bucket_bounded,257,510467.1967220508,510479.0861277942,523454.8462281479,12987.649506097136,11.889405743393581,530467.1967220508,interactive_short,False,32
exact_bucket_bounded,258,518718.1678001482,518744.76617727714,530032.223746671,11314.0559465228,26.598377128946595,538718.1678001483,interactive_short,False,32
exact_bucket_bounded,259,521770.52560869,525364.8216958721,558275.6802460452,36505.15463735524,3594.296087182127,571770.52560869,interactive_medium,False,128
exact_bucket_bounded,260,522623.5060952592,523454.8462281479,559535.004730259,36911.498634999734,831.3401328886976,572623.5060952592,interactive_medium,False,64
exact_bucket_bounded,261,523742.0608319924,523769.67734920135,559954.7795583302,36212.71872633777,27.61651720892405,573742.0608319924,interactive_medium,False,64
exact_bucket_bounded,262,524667.9448782488,528998.1895235382,532942.6900501611,8274.745171912247,4330.244645289378,544667.9448782488,interactive_short,False,32
exact_bucket_bounded,263,526078.2256618903,528998.1895235382,532942.6900501611,6864.464388270746,2919.963861647877,546078.2256618903,interactive_short,False,32
exact_bucket_bounded,264,526912.9908668387,527015.9243601873,562499.8417001287,35586.850833290024,102.93349334853701,576912.9908668387,interactive_medium,False,64
exact_bucket_bounded,265,530701.5805189821,532942.6900501611,567389.9244037236,36688.34388474142,2241.109531178954,580701.5805189821,interactive_medium,False,64
exact_bucket_bounded,266,534157.2456176562,535671.2264326242,538962.4717386222,4805.226120966021,1513.980814968003,554157.2456176562,interactive_short,False,32
exact_bucket_bounded,267,534380.3132819388,584668.9436075813,627202.5509777294,92822.2376957906,50288.63032564253,634380.3132819388,interactive_long,False,256
exact_bucket_bounded,268,540857.8361210944,540915.3805069047,544329.7131739502,3471.8770528557943,57.54438581026625,560857.8361210944,interactive_short,False,32
exact_bucket_bounded,269,542876.7606051796,542890.1276905035,546304.460357549,3427.69975236943,13.367085323901847,562876.7606051796,interactive_short,False,32
exact_bucket_bounded,270,546405.5237133533,547587.8004052775,580732.7593457489,34327.235632395605,1182.2766919241985,596405.5237133533,interactive_medium,False,64
exact_bucket_bounded,271,548862.7969466735,548985.323995215,552487.9584647511,3625.161518077599,122.52704854146577,568862.7969466735,interactive_short,False,32
exact_bucket_bounded,272,550006.3811932743,550015.6268736144,553518.2613431505,3511.880149876233,9.24568034010008,570006.3811932743,interactive_short,False,32
exact_bucket_bounded,273,552653.3606579853,553518.2613431505,600313.9556420458,47660.5949840605,864.9006851651939,602653.3606579853,interactive_medium,False,128
exact_bucket_bounded,274,559385.4303205531,560962.2391457012,566760.2621616167,7374.831841063569,1576.8088251480367,579385.4303205531,interactive_short,False,32
exact_bucket_bounded,275,560015.0775665006,560962.2391457012,566760.2621616167,6745.184595116065,947.1615792005323,580015.0775665006,interactive_short,False,32
exact_bucket_bounded,276,563317.6736536679,563344.8157882388,570821.0379623005,7503.364308632561,27.142134570865892,583317.6736536679,interactive_short,False,32
exact_bucket_bounded,277,564862.8030823345,564895.8671229379,572889.106408566,8026.303326231544,33.0640406034654,584862.8030823345,interactive_short,False,32
exact_bucket_bounded,278,566184.1533976971,566211.9106796524,573876.1390761018,7691.985678404686,27.75728195521515,586184.1533976971,interactive_short,False,32
exact_bucket_bounded,279,567328.0471315094,567389.9244037236,574095.2064322785,6767.159300769097,61.87727221415844,587328.0471315094,interactive_short,False,32
exact_bucket_bounded,280,569954.3298416642,577808.2989945437,619531.4891264042,49577.15928473999,7853.969152879552,619954.3298416642,interactive_medium,False,64
exact_bucket_bounded,281,570579.3603688445,570586.0301843158,575661.834664545,5082.474295700551,6.669815471279435,590579.3603688445,interactive_short,False,32
exact_bucket_bounded,282,574396.5739147417,574410.0212006783,577808.2989945437,3411.7250798019813,13.447285936563276,594396.5739147417,interactive_short,False,32
exact_bucket_bounded,283,577949.1063649838,577976.2089257722,582566.9201067791,4617.813741795253,27.10256078839302,597949.1063649838,interactive_short,False,32
exact_bucket_bounded,284,578130.4068491043,578161.2840305793,582954.8834636293,4824.47661452496,30.877181474934332,598130.4068491043,interactive_short,False,32
exact_bucket_bounded,285,582398.3067883528,582454.0028585657,624503.3841401153,42105.077351762564,55.696070212870836,632398.3067883528,interactive_medium,False,128
exact_bucket_bounded,286,582957.3733546018,607669.0823847831,625754.3173258008,42796.94397119898,24711.709030181286,632957.3733546018,interactive_medium,False,64
exact_bucket_bounded,287,584207.2608711326,590892.3543857856,606559.7272268084,22352.46635567583,6685.093514653039,604207.2608711326,interactive_short,True,32
exact_bucket_bounded,288,586092.1797219864,590892.3543857856,606559.7272268084,20467.547504822025,4800.174663799233,606092.1797219864,interactive_short,True,32
exact_bucket_bounded,289,587044.9936691284,590892.3543857856,606559.7272268084,19514.73355768004,3847.3607166572474,607044.9936691284,interactive_short,False,32
exact_bucket_bounded,290,587103.2334616845,590892.3543857856,606559.7272268084,19456.493765123887,3789.1209241010947,607103.2334616845,interactive_short,False,32
exact_bucket_bounded,291,590910.2184382996,607669.0823847831,625754.3173258008,34844.09888750117,16758.86394648347,640910.2184382996,interactive_medium,False,64
exact_bucket_bounded,292,591311.612814089,591411.2729245077,607512.4105327933,16200.797718704212,99.66011041868478,611311.612814089,interactive_short,False,32
exact_bucket_bounded,293,591788.431403746,591817.2351812151,607669.0823847831,15880.650981037063,28.803777469089255,611788.431403746,interactive_short,False,32
exact_bucket_bounded,294,594985.7474219035,607669.0823847831,625754.3173258008,30768.569903897238,12683.33496287954,644985.7474219035,interactive_medium,False,64
exact_bucket_bounded,295,595817.805370963,595854.8644660668,612385.5995322893,16567.79416132637,37.059095103875734,615817.805370963,interactive_short,False,32
exact_bucket_bounded,296,600063.67256221,600205.2138523851,619813.4984599858,19749.825897775823,141.5412901750533,620063.67256221,interactive_short,False,32
exact_bucket_bounded,297,602479.5254504309,602641.5176461098,620595.8818749025,18116.356424471596,161.99219567887485,622479.5254504309,interactive_short,False,32
exact_bucket_bounded,298,603126.1952832483,603129.4039463091,620738.9794969024,17612.784213654115,3.2086630607955158,623126.1952832483,interactive_short,False,32
exact_bucket_bounded,299,603146.6012599512,607669.0823847831,625754.3173258008,22607.716065849527,4522.481124831829,653146.6012599512,interactive_medium,False,64
