policy,request_id,arrival_ms,first_start_ms,completion_ms,latency_ms,first_wait_ms,deadline_ms,service_class,slo_miss,canvas
arrival_dense,0,0.0,0.0,11509.37240513391,11509.37240513391,0.0,2000.0,interactive_short,True,32
arrival_dense,1,292.83291474104675,314.8147683998104,12834.613935101583,12541.781020360537,21.98185365876367,2292.832914741047,interactive_short,True,32
arrival_dense,2,391.42741989318483,408.7007781898137,13196.043443274584,12804.616023381399,17.273358296628885,2391.427419893185,interactive_short,True,32
arrival_dense,3,616.3472183093854,643.7085561745334,13798.425956896253,13182.078738586868,27.361337865148016,2616.3472183093854,interactive_short,True,32
arrival_dense,4,725.5339243971055,769.046037766384,14039.378962344921,13313.845037947816,43.512113369278495,5725.533924397106,interactive_medium,True,64
arrival_dense,5,745.5687787932146,769.046037766384,14039.378962344921,13293.810183551706,23.47725897316934,2745.5687787932147,interactive_short,True,32
arrival_dense,6,762.6100518896486,769.046037766384,14039.378962344921,13276.768910455272,6.435985876735344,5762.610051889648,interactive_medium,True,64
arrival_dense,7,808.6778932798728,830.0814521522116,14159.855465069255,13351.177571789382,21.40355887233875,2808.677893279873,interactive_short,True,32
arrival_dense,8,1095.2343306746511,1109.100489344566,14641.76147596659,13546.527145291939,13.866158669914967,3095.234330674651,interactive_short,True,32
arrival_dense,9,1294.013705511534,1344.522801975615,15752.363069177492,14458.349363665959,50.50909646408104,3294.0137055115338,interactive_short,True,32
arrival_dense,10,1540.4066972502164,1606.1031493434477,16862.964662388393,15322.557965138176,65.6964520932313,3540.4066972502164,interactive_short,True,32
arrival_dense,11,1826.8928056732598,1893.8415314480635,17973.56625559929,16146.67344992603,66.94872577480373,3826.8928056732598,interactive_short,True,32
arrival_dense,12,1856.3702084468844,1893.8415314480635,17973.56625559929,16117.196047152405,37.471323001179144,3856.370208446884,interactive_short,True,32
arrival_dense,13,1892.2521152686002,1893.8415314480635,17973.56625559929,16081.314140330689,1.589416179463342,3892.2521152686004,interactive_short,True,32
arrival_dense,14,1905.8107861701817,1999.258471331855,18343.76678666959,16437.956000499405,93.44768516167323,3905.810786170182,interactive_short,True,32
arrival_dense,15,2095.1428167214876,2112.2051926359172,18713.967317739887,16618.8245010184,17.062375914429595,4095.1428167214876,interactive_short,True,32
arrival_dense,16,2364.5586894738217,11509.37240513391,47589.60874122335,45225.050051749524,9144.81371566009,4364.558689473822,interactive_short,True,32
arrival_dense,17,2429.7476267174347,12834.613935101583,51661.814582996674,49232.06695627924,10404.866308384147,4429.747626717435,interactive_short,True,32
arrival_dense,18,2550.9134216460684,13196.043443274584,52772.41617620758,50221.502754561516,10645.130021628516,7550.913421646068,interactive_medium,True,64
arrival_dense,19,2571.8996963450304,13798.425956896253,54623.418831559095,52051.51913521406,11226.526260551223,4571.89969634503,interactive_short,True,32
arrival_dense,20,2904.094909359041,14039.378962344921,55363.8198936997,52459.72498434066,11135.28405298588,7904.094909359041,interactive_medium,True,64
arrival_dense,21,3154.040407979077,14039.378962344921,55363.8198936997,52209.779485720625,10885.338554365844,5154.040407979077,interactive_short,True,32
arrival_dense,22,3621.330809845523,14039.378962344921,55363.8198936997,51742.489083854176,10418.048152499397,5621.330809845524,interactive_short,True,32
arrival_dense,23,3829.430955065567,14159.855465069255,55734.02042477,51904.589469704435,10330.424510003688,5829.430955065567,interactive_short,True,32
arrival_dense,24,4095.947884398731,14641.76147596659,57214.82254905121,53118.87466465248,10545.81359156786,9095.94788439873,interactive_medium,True,128
arrival_dense,25,4099.0852238968355,15752.363069177492,58325.42414226212,54226.33891836528,11653.277845280656,6099.0852238968355,interactive_short,True,32
arrival_dense,26,4265.828550838182,16862.964662388393,59436.02573547303,55170.197184634846,12597.136111550211,6265.828550838182,interactive_short,True,32
arrival_dense,27,4316.296649666037,17973.56625559929,60546.627328683935,56230.3306790179,13657.269605933252,6316.296649666037,interactive_short,True,32
arrival_dense,28,4650.169650901716,17973.56625559929,60546.627328683935,55896.45767778222,13323.396604697573,9650.169650901717,interactive_medium,True,64
arrival_dense,29,4852.754216451427,17973.56625559929,60546.627328683935,55693.87311223251,13120.812039147862,6852.754216451427,interactive_short,True,32
arrival_dense,30,5102.200629074276,18343.76678666959,60916.82785975424,55814.627230679966,13241.566157595313,10102.200629074276,interactive_medium,True,64
arrival_dense,31,5310.285976004193,18713.967317739887,61287.02839082454,55976.74241482035,13403.681341735693,10310.285976004194,interactive_medium,True,64
arrival_dense,32,5349.079044788369,47589.60874122335,90162.66981430765,84813.59076951929,42240.529696434976,7349.079044788369,interactive_short,True,32
arrival_dense,33,5542.606909747875,51661.814582996674,94234.8756560809,88692.26874633302,46119.2076732488,10542.606909747876,interactive_medium,True,128
arrival_dense,34,5556.906454327444,52772.41617620758,94596.30516425388,89039.39870992643,47215.50972188014,7556.906454327444,interactive_short,True,32
arrival_dense,35,5814.035061345923,54623.418831559095,95198.68767787551,89384.65261652958,48809.38377021317,7814.035061345923,interactive_short,True,32
arrival_dense,36,6058.549411246299,55363.8198936997,95439.64068332416,89381.09127207786,49305.2704824534,11058.549411246298,interactive_medium,True,64
arrival_dense,37,6089.997709723457,55363.8198936997,95439.64068332416,89349.64297360071,49273.82218397624,8089.997709723457,interactive_short,True,32
arrival_dense,38,6301.999295723954,55363.8198936997,95439.64068332416,89137.6413876002,49061.82059797575,11301.999295723954,interactive_medium,True,64
arrival_dense,39,6379.092776080379,55734.02042477,95809.84121439446,89430.74843831408,49354.92764868963,8379.092776080379,interactive_short,True,32
arrival_dense,40,6424.607538630259,57214.82254905121,97290.64333867564,90866.03580004539,50790.21501042095,11424.607538630258,interactive_medium,True,64
arrival_dense,41,6622.911549053361,58325.42414226212,98401.24493188653,91778.33338283317,51702.51259320876,8622.911549053362,interactive_short,True,32
arrival_dense,42,6655.192409821514,59436.02573547303,99511.84652509741,92856.6541152759,52780.83332565151,8655.192409821513,interactive_short,True,32
arrival_dense,43,6658.18602666605,60546.627328683935,100622.4481183083,93964.26209164225,53888.44130201788,8658.18602666605,interactive_short,True,32
arrival_dense,44,6685.010083142253,60546.627328683935,100622.4481183083,93937.43803516604,53861.61724554168,8685.010083142253,interactive_short,True,32
arrival_dense,45,6734.745935990244,60546.627328683935,100622.4481183083,93887.70218231805,53811.88139269369,8734.745935990244,interactive_short,True,32
arrival_dense,46,6984.458302053212,60916.82785975424,101406.69709429864,94422.23879224542,53932.36955770102,8984.458302053212,interactive_short,True,32
arrival_dense,47,7410.444910545579,61287.02839082454,102190.94607028898,94780.5011597434,53876.58348027896,9410.444910545579,interactive_short,True,32
arrival_dense,48,7451.356100164368,90162.66981430765,163362.3661975355,155911.01009737112,82711.31371414328,9451.356100164368,interactive_short,True,32
arrival_dense,49,7579.578060402718,94234.8756560809,171989.10493342925,164409.52687302654,86655.29759567817,9579.578060402717,interactive_short,True,32
arrival_dense,50,7643.364278066478,94596.30516425388,174341.85186140027,166698.4875833338,86952.9408861874,9643.364278066478,interactive_short,True,32
arrival_dense,51,8139.767499437608,95198.68767787551,178263.09674135197,170123.32924191435,87058.9201784379,10139.767499437608,interactive_short,True,32
arrival_dense,52,8235.809471382761,95439.64068332416,179831.59469333265,171595.7852219499,87203.8312119414,10235.809471382761,interactive_short,True,32
arrival_dense,53,8585.906538540918,95439.64068332416,179831.59469333265,171245.68815479174,86853.73414478324,13585.906538540918,interactive_medium,True,128
arrival_dense,54,8601.225772145592,95439.64068332416,179831.59469333265,171230.36892118707,86838.41491117857,10601.225772145592,interactive_short,True,32
arrival_dense,55,9041.225967209095,95809.84121439446,180615.843669323,171574.6177021139,86768.61524718537,11041.225967209095,interactive_short,True,32
arrival_dense,56,9065.814204278175,97290.64333867564,183752.83957328435,174687.02536900618,88224.82913439747,11065.814204278175,interactive_short,True,32
arrival_dense,57,9476.355435769208,98401.24493188653,186105.58650125537,176629.23106548615,88924.88949611732,14476.355435769208,interactive_medium,True,64
arrival_dense,58,9514.9203717677,99511.84652509741,188458.3334292264,178943.4130574587,89996.92615332971,11514.9203717677,interactive_short,True,32
arrival_dense,59,9529.262938564887,100622.4481183083,190811.0803571974,181281.81741863253,91093.1851797434,11529.262938564887,interactive_short,True,32
arrival_dense,60,9600.532655692781,100622.4481183083,190811.0803571974,181210.54770150463,91021.91546261552,19600.532655692783,interactive_long,True,256
arrival_dense,61,9763.527546022464,100622.4481183083,190811.0803571974,181047.55281117494,90858.92057228583,11763.527546022464,interactive_short,True,32
arrival_dense,62,9810.578467820325,101406.69709429864,191181.2808882677,181370.70242044737,91596.11862647832,11810.578467820325,interactive_short,True,32
arrival_dense,63,9927.07029216558,102190.94607028898,191551.481419338,181624.4111271724,92263.8757781234,11927.07029216558,interactive_short,True,32
arrival_dense,64,10016.602581748852,163362.3661975355,220427.12284282103,210410.52026107218,153345.76361578665,15016.602581748852,interactive_medium,True,64
arrival_dense,65,10077.4089366831,171989.10493342925,224499.32868459428,214421.9197479112,161911.69599674616,15077.4089366831,interactive_medium,True,64
arrival_dense,66,10184.8351468604,174341.85186140027,225609.93027780516,215425.09513094477,164157.01671453987,12184.8351468604,interactive_short,True,32
arrival_dense,67,10221.58497873195,178263.09674135197,227460.93293315664,217239.34795442468,168041.51176262,12221.58497873195,interactive_short,True,32
arrival_dense,68,10375.796782188545,179831.59469333265,228201.33399529723,217825.53721310868,169455.7979111441,12375.796782188545,interactive_short,True,32
arrival_dense,69,10376.008370944079,179831.59469333265,228201.33399529723,217825.32562435317,169455.58632238858,12376.008370944079,interactive_short,True,32
arrival_dense,70,10700.754070417277,179831.59469333265,228201.33399529723,217500.57992487994,169130.84062291536,12700.754070417277,interactive_short,True,32
arrival_dense,71,10797.400222352471,180615.843669323,228985.58297128757,218188.1827489351,169818.44344697052,15797.400222352471,interactive_medium,True,128
arrival_dense,72,10956.266725819694,183752.83957328435,232122.57887524893,221166.31214942923,172796.57284746465,15956.266725819694,interactive_medium,True,64
arrival_dense,73,11125.592002823743,186105.58650125537,234475.32580321995,223349.7338003962,174979.99449843162,13125.592002823743,interactive_short,True,32
arrival_dense,74,11264.41312774723,188458.3334292264,236828.07273119097,225563.65960344375,177193.92030147917,13264.41312774723,interactive_short,True,32
arrival_dense,75,11321.026253041975,190811.0803571974,239180.819659162,227859.79340612,179490.05410415542,13321.026253041975,interactive_short,True,32
arrival_dense,76,11330.094069685985,190811.0803571974,239180.819659162,227850.725589476,179480.98628751142,16330.094069685985,interactive_medium,True,128
arrival_dense,77,11466.513040299798,190811.0803571974,239180.819659162,227714.3066188622,179344.56731689762,13466.513040299798,interactive_short,True,32
arrival_dense,78,11516.610061853926,191181.2808882677,239965.06863515233,228448.4585732984,179664.67082641379,13516.610061853926,interactive_short,True,32
arrival_dense,79,11563.704398407523,191551.481419338,240749.31761114267,229185.61321273516,179987.7770209305,13563.704398407523,interactive_short,True,32
arrival_dense,80,11799.201309189602,220427.12284282103,301920.7377383892,290121.53642919956,208627.92153363142,13799.201309189602,interactive_short,True,32
arrival_dense,81,11958.212362766317,224499.32868459428,310547.4764742829,298589.2641115166,212541.11632182795,13958.212362766317,interactive_short,True,32
arrival_dense,82,12002.854291904636,225609.93027780516,312900.22340225393,300897.3691103493,213607.07598590053,14002.854291904636,interactive_short,True,32
arrival_dense,83,12049.107729026966,227460.93293315664,316821.46828220563,304772.36055317865,215411.82520412968,17049.107729026968,interactive_medium,True,64
arrival_dense,84,12114.721799206265,228201.33399529723,318389.9662341863,306275.24443498004,216086.61219609098,14114.721799206265,interactive_short,True,32
arrival_dense,85,12179.076085812601,228201.33399529723,318389.9662341863,306210.8901483737,216022.25790948462,14179.076085812601,interactive_short,True,32
arrival_dense,86,12222.886995010424,228201.33399529723,318389.9662341863,306167.0792391759,215978.4470002868,22222.886995010424,interactive_long,True,256
arrival_dense,87,12239.905675539047,228985.58297128757,319174.21521017666,306934.3095346376,216745.67729574852,14239.905675539047,interactive_short,True,32
arrival_dense,88,12308.092802123809,232122.57887524893,322311.211114138,310003.1183120142,219814.48607312512,14308.092802123809,interactive_short,True,32
arrival_dense,89,12660.529094511921,234475.32580321995,324663.95804210904,312003.4289475971,221814.79670870802,14660.529094511921,interactive_short,True,32
arrival_dense,90,12801.915068416965,236828.07273119097,327016.70497008006,314214.7899016631,224026.157662774,14801.915068416965,interactive_short,True,32
arrival_dense,91,13093.295271417639,239180.819659162,329369.4518980511,316276.1566266334,226087.52438774434,15093.295271417639,interactive_short,True,32
arrival_dense,92,13212.776556905194,239180.819659162,329369.4518980511,316156.6753411459,225968.0431022568,18212.77655690519,interactive_medium,True,64
arrival_dense,93,13257.530660544287,239180.819659162,329369.4518980511,316111.9212375068,225923.2889986177,15257.530660544287,interactive_short,True,32
arrival_dense,94,13356.772435519919,239965.06863515233,330153.7008740414,316796.9284385215,226608.2961996324,15356.772435519919,interactive_short,True,32
arrival_dense,95,13356.823188284057,240749.31761114267,330937.94985003176,317581.1266617477,227392.4944228586,15356.823188284057,interactive_short,True,32
arrival_dense,96,13399.092294744107,301920.7377383892,392109.3699772783,378710.2776825342,288521.6454436451,23399.092294744107,interactive_long,True,256
arrival_dense,97,13469.332633408574,310547.4764742829,396181.57581905153,382712.24318564293,297078.1438408743,15469.332633408574,interactive_short,True,32
arrival_dense,98,13577.765675047678,312900.22340225393,397292.1774122624,383714.4117372147,299322.45772720623,18577.765675047678,interactive_medium,True,128
arrival_dense,99,13710.685420190843,316821.46828220563,399143.1800676139,385432.49464742304,303110.7828620148,18710.685420190843,interactive_medium,True,64
arrival_dense,100,13788.868727443982,318389.9662341863,399883.5811297545,386094.7124023105,304601.09750674234,15788.868727443982,interactive_short,True,32
arrival_dense,101,13861.829069481168,318389.9662341863,399883.5811297545,386021.7520602733,304528.13716470514,18861.829069481166,interactive_medium,True,64
arrival_dense,102,13891.881402198052,318389.9662341863,399883.5811297545,385991.69972755644,304498.08483198826,15891.881402198052,interactive_short,True,32
arrival_dense,103,13971.994913049224,319174.21521017666,400253.7816608248,386281.78674777556,305202.22029712744,15971.994913049224,interactive_short,True,32
arrival_dense,104,14261.302865860893,322311.211114138,401734.58378510596,387473.2809192451,308049.90824827715,16261.302865860893,interactive_short,True,32
arrival_dense,105,14460.022449070235,324663.95804210904,402845.18537831685,388385.1629292466,310203.9355930388,16460.022449070235,interactive_short,True,32
arrival_dense,106,14483.267178506085,327016.70497008006,403955.78697152773,389472.51979302167,312533.437791574,16483.267178506085,interactive_short,True,32
arrival_dense,107,14494.343151198389,329369.4518980511,405066.3885647386,390572.0454135402,314875.10874685267,16494.343151198387,interactive_short,True,32
arrival_dense,108,14584.91050142513,329369.4518980511,405066.3885647386,390481.47806331347,314784.5413966259,16584.910501425133,interactive_short,True,32
arrival_dense,109,14710.189537420167,329369.4518980511,405066.3885647386,390356.19902731845,314659.2623606309,19710.189537420167,interactive_medium,True,128
arrival_dense,110,14761.2209585759,330153.7008740414,405436.5890958089,390675.368137233,315392.4799154655,19761.220958575897,interactive_medium,True,64
arrival_dense,111,14974.480712471766,330937.94985003176,405806.7896268792,390832.30891440745,315963.46913756,16974.480712471766,interactive_short,True,32
arrival_dense,112,15148.337875684105,392109.3699772783,434682.43105036224,419534.09317467816,376961.0321015942,17148.337875684105,interactive_short,True,32
arrival_dense,113,15287.984181002554,396181.57581905153,438754.6368921355,423466.65271113295,380893.591638049,17287.984181002554,interactive_short,True,32
arrival_dense,114,15319.78776854089,397292.1774122624,439865.2384853464,424545.45071680547,381972.3896437215,20319.78776854089,interactive_medium,True,128
arrival_dense,115,15347.544838317583,399143.1800676139,441716.24114069785,426368.6963023803,383795.6352292963,20347.544838317583,interactive_medium,True,64
arrival_dense,116,15350.635917774982,399883.5811297545,442456.64220283844,427106.00628506346,384532.9452119795,17350.635917774984,interactive_short,True,32
arrival_dense,117,15385.739542848385,399883.5811297545,442456.64220283844,427070.90265999007,384497.8415869061,17385.739542848387,interactive_short,True,32
arrival_dense,118,15466.31663702253,399883.5811297545,442456.64220283844,426990.3255658159,384417.26449273195,17466.31663702253,interactive_short,True,32
arrival_dense,119,15703.23823822055,400253.7816608248,442826.84273390874,427123.60449568817,384550.5434226042,17703.23823822055,interactive_short,True,32
arrival_dense,120,15712.690292351328,401734.58378510596,444307.6448581899,428594.95456583856,386021.8934927546,20712.690292351326,interactive_medium,True,64
arrival_dense,121,15779.588836254938,402845.18537831685,445418.2464514008,429638.65761514584,387065.5965420619,17779.588836254938,interactive_short,True,32
arrival_dense,122,15903.791132278677,403955.78697152773,446528.8480446117,430625.056912333,388051.99583924905,20903.791132278675,interactive_medium,True,64
arrival_dense,123,15930.817592063777,405066.3885647386,447639.4496378226,431708.6320457588,389135.5709726748,17930.817592063777,interactive_short,True,32
arrival_dense,124,16079.804286404938,405066.3885647386,447639.4496378226,431559.64535141765,388986.5842783337,18079.80428640494,interactive_short,True,32
arrival_dense,125,16165.049821522394,405066.3885647386,447639.4496378226,431474.3998163002,388901.33874321624,18165.049821522392,interactive_short,True,32
arrival_dense,126,16200.011486578172,405436.5890958089,448009.65016889287,431809.6386823147,389236.57760923076,18200.011486578172,interactive_short,True,32
arrival_dense,127,16333.421770675974,405806.7896268792,448379.85069996316,432046.4289292872,389473.36785620323,21333.421770675974,interactive_medium,True,128
arrival_dense,128,16334.116801639055,434682.43105036224,477255.4921234462,460921.37532180717,418348.3142487232,21334.116801639055,interactive_medium,True,64
arrival_dense,129,16507.886767702825,438754.6368921355,481327.69796521944,464819.8111975166,422246.75012443267,21507.886767702825,interactive_medium,True,64
arrival_dense,130,16691.621368966953,439865.2384853464,482438.2995584303,465746.6781894634,423173.61711637944,18691.621368966953,interactive_short,True,32
arrival_dense,131,16705.70970033716,441716.24114069785,484289.3022137818,467583.59251344466,425010.5314403607,18705.70970033716,interactive_short,True,32
arrival_dense,132,16774.914640443043,442456.64220283844,485029.7032759224,468254.78863547934,425681.7275623954,21774.914640443043,interactive_medium,True,64
arrival_dense,133,16799.09554498394,442456.64220283844,485029.7032759224,468230.6077309385,425657.5466578545,21799.09554498394,interactive_medium,True,128
arrival_dense,134,17195.2552287613,442456.64220283844,485029.7032759224,467834.4480471611,425261.38697407715,19195.2552287613,interactive_short,True,32
arrival_dense,135,17286.470668022794,442826.84273390874,485813.95225191273,468527.4815838899,425540.3720658859,19286.470668022794,interactive_short,True,32
arrival_dense,136,17292.911068011446,444307.6448581899,488950.9481558741,471658.03708786267,427014.7337901785,19292.911068011446,interactive_short,True,32
arrival_dense,137,17328.737778377672,445418.2464514008,491303.6950838451,473974.95730546745,428089.50867302314,22328.737778377672,interactive_medium,True,64
arrival_dense,138,17564.499031070805,446528.8480446117,493656.44201181614,476091.94298074534,428964.3490135409,22564.499031070805,interactive_medium,True,64
arrival_dense,139,17640.70594814107,447639.4496378226,496009.18893978716,478368.4829916461,429998.7436896815,19640.70594814107,interactive_short,True,32
arrival_dense,140,17842.774213720182,447639.4496378226,496009.18893978716,478166.414726067,429796.6754241024,19842.774213720182,interactive_short,True,32
arrival_dense,141,17980.4428672742,447639.4496378226,496009.18893978716,478028.74607251293,429659.00677054835,19980.4428672742,interactive_short,True,32
arrival_dense,142,18532.183655685596,448009.65016889287,496793.4379157775,478261.2542600919,429477.4665132073,20532.183655685596,interactive_short,True,32
arrival_dense,143,18645.306864651637,448379.85069996316,497577.68689176784,478932.3800271162,429734.54383531155,23645.306864651637,interactive_medium,True,64
arrival_dense,144,19019.87245919522,477255.4921234462,558749.1070190144,539729.2345598192,458235.619664251,21019.87245919522,interactive_short,True,32
arrival_dense,145,19297.412787635032,481327.69796521944,567375.8457549082,548078.4329672732,462030.2851775844,21297.412787635032,interactive_short,True,32
arrival_dense,146,19415.966862443453,482438.2995584303,569728.5926828792,550312.6258204357,463022.3326959869,21415.966862443453,interactive_short,True,32
arrival_dense,147,19574.763866991256,484289.3022137818,573649.8375628309,554075.0736958396,464714.53834679053,24574.763866991256,interactive_medium,True,64
arrival_dense,148,19662.607550107958,485029.7032759224,575218.3355148116,555555.7279647036,465367.09572581446,21662.607550107958,interactive_short,True,32
arrival_dense,149,19884.52136465816,485029.7032759224,575218.3355148116,555333.8141501534,465145.18191126426,21884.52136465816,interactive_short,True,32
arrival_dense,150,19983.74509517836,485029.7032759224,575218.3355148116,555234.5904196332,465045.958180744,29983.74509517836,interactive_long,True,256
arrival_dense,151,20268.12618946514,485813.95225191273,575588.5360458819,555320.4098564168,465545.8260624476,22268.12618946514,interactive_short,True,32
arrival_dense,152,20438.280290763774,488950.9481558741,577069.3381701633,556631.0578793995,468512.6678651103,22438.280290763774,interactive_short,True,32
arrival_dense,153,20518.747426794853,491303.6950838451,578179.9397633744,557661.1923365796,470784.9476570503,22518.747426794853,interactive_short,True,32
arrival_dense,154,20556.249075176816,493656.44201181614,579290.5413565855,558734.2922814087,473100.1929366393,22556.249075176816,interactive_short,True,32
arrival_dense,155,20591.75013497452,496009.18893978716,580401.1429497965,559809.392814822,475417.4388048126,22591.75013497452,interactive_short,True,32
arrival_dense,156,20718.647165813614,496009.18893978716,580401.1429497965,559682.4957839829,475290.54177397356,22718.647165813614,interactive_short,True,32
arrival_dense,157,20900.1019482496,496009.18893978716,580401.1429497965,559501.0410015469,475109.08699153754,22900.1019482496,interactive_short,True,32
arrival_dense,158,20992.187047197487,496793.4379157775,580771.3434808669,559779.1564336694,475801.25086858,22992.187047197487,interactive_short,True,32
arrival_dense,159,21115.374879070103,497577.68689176784,581141.5440119372,560026.1691328671,476462.31201269774,23115.374879070103,interactive_short,True,32
arrival_dense,160,21155.50344564364,558749.1070190144,610017.1854354248,588861.6819897811,537593.6035733707,23155.50344564364,interactive_short,True,32
arrival_dense,161,21165.58467797354,567375.8457549082,614089.3912771987,592923.8065992252,546210.2610769346,23165.58467797354,interactive_short,True,32
arrival_dense,162,21207.646133975795,569728.5926828792,615199.9928704097,593992.3467364339,548520.9465489034,23207.646133975795,interactive_short,True,32
arrival_dense,163,21247.279005339795,573649.8375628309,617050.9955257615,595803.7165204217,552402.558557491,26247.279005339795,interactive_medium,True,128
arrival_dense,164,21295.433438680913,575218.3355148116,617791.3965879022,596495.9631492213,553922.9020761306,26295.433438680913,interactive_medium,True,64
arrival_dense,165,21392.540909028787,575218.3355148116,617791.3965879022,596398.8556788734,553825.7946057827,23392.540909028787,interactive_short,True,32
arrival_dense,166,21411.157665100625,575218.3355148116,617791.3965879022,596380.2389228016,553807.1778497109,23411.157665100625,interactive_short,True,32
arrival_dense,167,21444.033214219708,575588.5360458819,618575.6455638926,597131.6123496728,554144.5028316622,23444.033214219708,interactive_short,True,32
arrival_dense,168,21592.033986517665,577069.3381701633,621712.6414678539,600120.6074813362,555477.3041836456,23592.033986517665,interactive_short,True,32
arrival_dense,169,21745.234259126977,578179.9397633744,624065.3883958249,602320.154136698,556434.7055042475,23745.234259126977,interactive_short,True,32
arrival_dense,170,21753.53230050512,579290.5413565855,626418.135323796,604664.6030232909,557537.0090560804,26753.53230050512,interactive_medium,True,128
arrival_dense,171,21818.978817074574,580401.1429497965,628770.882251767,606951.9034346924,558582.164132722,23818.978817074574,interactive_short,True,32
arrival_dense,172,21916.756486304832,580401.1429497965,628770.882251767,606854.1257654622,558484.3864634917,23916.756486304832,interactive_short,True,32
arrival_dense,173,21983.939959482206,580401.1429497965,628770.882251767,606786.9422922848,558417.2029903143,26983.939959482206,interactive_medium,True,64
arrival_dense,174,22012.905364318507,580771.3434808669,629555.1312277573,607542.2258634388,558758.4381165484,27012.905364318507,interactive_medium,True,64
arrival_dense,175,22081.027195630762,581141.5440119372,630339.3802037477,608258.353008117,559060.5168163065,24081.027195630762,interactive_short,True,32
arrival_dense,176,22375.049646022617,610017.1854354248,691510.8003309942,669135.7506849716,587642.1357894022,24375.049646022617,interactive_short,True,32
arrival_dense,177,22484.707263081855,614089.3912771987,700137.5390668879,677652.8318038061,591604.6840141169,24484.707263081855,interactive_short,True,32
arrival_dense,178,22633.35222358207,615199.9928704097,702490.285994859,679856.9337712768,592566.6406468276,24633.35222358207,interactive_short,True,32
arrival_dense,179,22876.232036370817,617050.9955257615,706411.5308748106,683535.2988384399,594174.7634893907,24876.232036370817,interactive_short,True,32
arrival_dense,180,23057.569921635688,617791.3965879022,707980.0288267913,684922.4589051557,594733.8266662665,28057.569921635688,interactive_medium,True,64
arrival_dense,181,23117.40124071703,617791.3965879022,707980.0288267913,684862.6275860743,594673.9953471852,25117.40124071703,interactive_short,True,32
arrival_dense,182,23118.140432481006,617791.3965879022,707980.0288267913,684861.8883943104,594673.2561554213,33118.14043248101,interactive_long,True,256
arrival_dense,183,23172.326986704356,618575.6455638926,708764.2778027817,685591.9508160773,595403.3185771882,25172.326986704356,interactive_short,True,32
arrival_dense,184,23347.363533960946,621712.6414678539,711901.273706743,688553.9101727821,598365.277933893,25347.363533960946,interactive_short,True,32
arrival_dense,185,23587.41036238676,624065.3883958249,714254.020634714,690666.6102723273,600477.9780334382,25587.41036238676,interactive_short,True,32
arrival_dense,186,23970.761111136788,626418.135323796,716606.7675626851,692636.0064515483,602447.3742126592,28970.761111136788,interactive_medium,True,64
arrival_dense,187,24038.641255365983,628770.882251767,718959.5144906561,694920.87323529,604732.240996401,26038.641255365983,interactive_short,True,32
arrival_dense,188,24210.69201630984,628770.882251767,718959.5144906561,694748.8224743463,604560.1902354572,26210.69201630984,interactive_short,True,32
arrival_dense,189,24309.435710628204,628770.882251767,718959.5144906561,694650.0787800279,604461.4465411388,26309.435710628204,interactive_short,True,32
arrival_dense,190,24424.992641249286,629555.1312277573,719743.7634666464,695318.7708253971,605130.138586508,26424.992641249286,interactive_short,True,32
arrival_dense,191,24456.13667020483,630339.3802037477,720528.0124426368,696071.875772432,605883.2435335428,26456.13667020483,interactive_short,True,32
arrival_dense,192,24487.101687704122,691510.8003309942,781699.4325698833,757212.3308821792,667023.6986432901,26487.101687704122,interactive_short,True,32
arrival_dense,193,24558.652968598177,700137.5390668879,790326.171305777,765767.5183371789,675578.8860982897,29558.652968598177,interactive_medium,True,128
arrival_dense,194,24562.334765128136,702490.285994859,792678.9182337481,768116.58346862,677927.9512297309,26562.334765128136,interactive_short,True,32
arrival_dense,195,24613.543295686974,706411.5308748106,796600.1631136998,771986.6198180128,681797.9875791237,29613.543295686974,interactive_medium,True,64
arrival_dense,196,24755.637828562125,707980.0288267913,798168.6610656804,773413.0232371183,683224.3909982292,26755.637828562125,interactive_short,True,32
arrival_dense,197,24820.39358820911,707980.0288267913,798168.6610656804,773348.2674774714,683159.6352385823,26820.39358820911,interactive_short,True,32
arrival_dense,198,24842.940728942838,707980.0288267913,798168.6610656804,773325.7203367376,683137.0880978485,34842.940728942835,interactive_long,True,256
arrival_dense,199,24921.686492711895,708764.2778027817,798952.9100416708,774031.2235489589,683842.5913100698,29921.686492711895,interactive_medium,True,64
arrival_dense,200,24938.753881232176,711901.273706743,802089.9059456321,777151.1520643999,686962.5198255108,29938.753881232176,interactive_medium,True,128
arrival_dense,201,25060.44651941491,714254.020634714,804442.6528736032,779382.2063541883,689193.5741152992,30060.44651941491,interactive_medium,True,128
arrival_dense,202,25063.863609210144,716606.7675626851,806795.3998015742,781731.5361923641,691542.903953475,30063.863609210144,interactive_medium,True,64
arrival_dense,203,25126.477199181973,718959.5144906561,809148.1467295452,784021.6695303633,693833.0372914742,27126.477199181973,interactive_short,True,32
arrival_dense,204,25230.353759638227,718959.5144906561,809148.1467295452,783917.7929699069,693729.1607310178,27230.353759638227,interactive_short,True,32
arrival_dense,205,25233.788269681205,718959.5144906561,809148.1467295452,783914.358459864,693725.7262209749,27233.788269681205,interactive_short,True,32
arrival_dense,206,25362.453079293,719743.7634666464,809932.3957055355,784569.9426262425,694381.3103873534,27362.453079293,interactive_short,True,32
arrival_dense,207,25380.682423661325,720528.0124426368,810716.6446815259,785335.9622578645,695147.3300189754,27380.682423661325,interactive_short,True,32
arrival_dense,208,25458.099469028028,781699.4325698833,871888.0648087724,846429.9653397443,756241.3331008552,27458.099469028028,interactive_short,True,32
arrival_dense,209,25464.548588212954,790326.171305777,880514.8035446662,855050.2549564532,764861.6227175641,35464.54858821296,interactive_long,True,256
arrival_dense,210,25524.122521232708,792678.9182337481,882867.5504726372,857343.4279514045,767154.7957125154,27524.122521232708,interactive_short,True,32
arrival_dense,211,25553.850792560126,796600.1631136998,886788.7953525889,861234.9445600287,771046.3123211396,30553.850792560126,interactive_medium,True,64
arrival_dense,212,25603.323399998273,798168.6610656804,888357.2933045696,862753.9699045713,772565.3376656822,27603.323399998273,interactive_short,True,32
arrival_dense,213,25782.355063763145,798168.6610656804,888357.2933045696,862574.9382408065,772386.3060019173,27782.355063763145,interactive_short,True,32
arrival_dense,214,25841.933496685746,798168.6610656804,888357.2933045696,862515.3598078839,772326.7275689947,30841.933496685746,interactive_medium,True,128
arrival_dense,215,26016.229264774458,798952.9100416708,889141.5422805599,863125.3130157854,772936.6807768963,36016.22926477446,interactive_long,True,256
arrival_dense,216,26239.14685446279,802089.9059456321,890622.3444048413,864383.1975503785,775850.7590911693,28239.14685446279,interactive_short,True,32
arrival_dense,217,26275.486276627307,804442.6528736032,891732.9459980524,865457.4597214251,778167.1665969759,31275.486276627307,interactive_medium,True,64
arrival_dense,218,26286.168245454395,806795.3998015742,892843.5475912634,866557.379345809,780509.2315561197,28286.168245454395,interactive_short,True,32
arrival_dense,219,26288.614946243706,809148.1467295452,893954.1491844745,867665.5342382308,782859.5317833015,28288.614946243706,interactive_short,True,32
arrival_dense,220,26385.52327712335,809148.1467295452,893954.1491844745,867568.6259073511,782762.6234524219,31385.52327712335,interactive_medium,True,128
arrival_dense,221,27547.005737839525,809148.1467295452,893954.1491844745,866407.143446635,781601.1409917057,29547.005737839525,interactive_short,True,32
arrival_dense,222,27600.84597637605,809932.3957055355,894324.3497155448,866723.5037391688,782331.5497291595,29600.84597637605,interactive_short,True,32
arrival_dense,223,27732.12521440955,810716.6446815259,894694.5502466152,866962.4250322056,782984.5194671163,32732.12521440955,interactive_medium,True,64
arrival_dense,224,27922.093748066218,871888.0648087724,923570.1916701028,895648.0979220365,843965.9710607062,29922.093748066218,interactive_short,True,32
arrival_dense,225,28053.949752309476,880514.8035446662,927642.3975118767,899588.4477595672,852460.8537923567,30053.949752309476,interactive_short,True,32
arrival_dense,226,28229.371274391047,882867.5504726372,928752.9991050877,900523.6278306966,854638.1791982461,30229.371274391047,interactive_short,True,32
arrival_dense,227,28602.87088976467,886788.7953525889,930604.0017604395,902001.1308706749,858185.9244628242,33602.87088976467,interactive_medium,True,64
arrival_dense,228,28630.663980191588,888357.2933045696,931344.4028225802,902713.7388423886,859726.629324378,30630.663980191588,interactive_short,True,32
arrival_dense,229,28633.237799603674,888357.2933045696,931344.4028225802,902711.1650229765,859724.0555049658,33633.237799603674,interactive_medium,True,128
arrival_dense,230,28653.903502644942,888357.2933045696,931344.4028225802,902690.4993199352,859703.3898019246,30653.903502644942,interactive_short,True,32
arrival_dense,231,28670.76947351466,889141.5422805599,931714.6033536505,903043.8338801359,860470.7728070453,30670.76947351466,interactive_short,True,32
arrival_dense,232,28809.147486370108,890622.3444048413,933195.405477932,904386.2579915619,861813.1969184713,30809.147486370108,interactive_short,True,32
arrival_dense,233,28912.902895351493,891732.9459980524,934306.007071143,905393.1041757915,862820.0431027008,30912.902895351493,interactive_short,True,32
arrival_dense,234,28943.634794770933,892843.5475912634,935416.6086643541,906472.9738695831,863899.9127964925,30943.634794770933,interactive_short,True,32
arrival_dense,235,29093.90866521693,893954.1491844745,936527.2102575651,907433.3015923483,864860.2405192576,31093.90866521693,interactive_short,True,32
arrival_dense,236,29275.94361208116,893954.1491844745,936527.2102575651,907251.266645484,864678.2055723934,34275.94361208116,interactive_medium,True,64
arrival_dense,237,29298.90229168336,893954.1491844745,936527.2102575651,907228.3079658818,864655.2468927911,31298.90229168336,interactive_short,True,32
arrival_dense,238,29415.724244300833,894324.3497155448,936897.4107886355,907481.6865443346,864908.625471244,31415.724244300833,interactive_short,True,32
arrival_dense,239,29587.97814468341,894694.5502466152,937681.6597646258,908093.6816199424,865106.5721019318,31587.97814468341,interactive_short,True,32
arrival_dense,240,29603.183137717973,923570.1916701028,998853.0798918724,969249.8967541544,893967.0085323848,31603.183137717973,interactive_short,True,32
arrival_dense,241,29817.04858522834,927642.3975118767,1007479.8186277661,977662.7700425377,897825.3489266483,31817.04858522834,interactive_short,True,32
arrival_dense,242,30235.106205163418,928752.9991050877,1009832.5655557371,979597.4593505737,898517.8928999243,32235.106205163418,interactive_short,True,32
arrival_dense,243,30249.4061874665,930604.0017604395,1013753.8104356888,983504.4042482224,900354.595572973,35249.4061874665,interactive_medium,True,128
arrival_dense,244,30252.657921366892,931344.4028225802,1015322.3083876695,985069.6504663026,901091.7449012133,32252.657921366892,interactive_short,True,32
arrival_dense,245,30299.39595864246,931344.4028225802,1015322.3083876695,985022.912429027,901045.0068639377,35299.39595864246,interactive_medium,True,64
arrival_dense,246,30440.79329935244,931344.4028225802,1015322.3083876695,984881.5150883171,900903.6095232278,32440.79329935244,interactive_short,True,32
arrival_dense,247,30837.569467701906,931714.6033536505,1016106.5573636598,985268.9878959579,900877.0338859486,32837.569467701906,interactive_short,True,32
arrival_dense,248,30900.72761531641,933195.405477932,1019243.5532676212,988342.8256523048,902294.6778626156,32900.72761531641,interactive_short,True,32
arrival_dense,249,31057.64232740509,934306.007071143,1021596.3001955922,990538.6578681872,903248.364743738,33057.64232740509,interactive_short,True,32
arrival_dense,250,31067.522251841285,935416.6086643541,1023949.0471235632,992881.524871722,904349.0864125128,33067.522251841285,interactive_short,True,32
arrival_dense,251,31214.168118731115,936527.2102575651,1026301.7940515343,995087.6259328031,905313.042138834,36214.16811873112,interactive_medium,True,64
arrival_dense,252,31337.521484324036,936527.2102575651,1026301.7940515343,994964.2725672103,905189.6887732411,33337.52148432404,interactive_short,True,32
arrival_dense,253,31350.955898307842,936527.2102575651,1026301.7940515343,994950.8381532264,905176.2543592573,33350.955898307846,interactive_short,True,32
arrival_dense,254,31536.02102604889,936897.4107886355,1027086.0430275246,995550.0220014757,905361.3897625866,41536.02102604889,interactive_long,True,256
arrival_dense,255,31773.4056292375,937681.6597646258,1027870.292003515,996096.8863742774,905908.2541353883,41773.4056292375,interactive_long,True,256
arrival_dense,256,31888.070666579795,998853.0798918724,1089041.7121307615,1057153.6414641817,966965.0092252926,33888.07066657979,interactive_short,True,32
arrival_dense,257,31904.199795128174,1007479.8186277661,1097668.4508666552,1065764.2510715271,975575.6188326379,33904.199795128174,interactive_short,True,32
arrival_dense,258,32419.885487509262,1009832.5655557371,1100021.1977946262,1067601.312307117,977412.6800682278,34419.885487509266,interactive_short,True,32
arrival_dense,259,32610.657850543124,1013753.8104356888,1103942.442674578,1071331.784824035,981143.1525851457,37610.657850543124,interactive_medium,True,128
arrival_dense,260,32663.9691309537,1015322.3083876695,1105510.9406265586,1072846.9714956048,982658.3392567158,37663.9691309537,interactive_medium,True,64
arrival_dense,261,32733.878801999526,1015322.3083876695,1105510.9406265586,1072777.061824559,982588.42958567,37733.878801999526,interactive_medium,True,64
arrival_dense,262,32791.74655489055,1015322.3083876695,1105510.9406265586,1072719.194071668,982530.561832779,34791.74655489055,interactive_short,True,32
arrival_dense,263,32879.88910386815,1016106.5573636598,1106295.189602549,1073415.300498681,983226.6682597917,34879.88910386815,interactive_short,True,32
arrival_dense,264,32932.06192917742,1019243.5532676212,1109432.1855065103,1076500.1235773328,986311.4913384438,37932.06192917742,interactive_medium,True,64
arrival_dense,265,33168.848782436384,1021596.3001955922,1111784.9324344813,1078616.0836520449,988427.4514131559,38168.848782436384,interactive_medium,True,64
arrival_dense,266,33384.82785110351,1023949.0471235632,1114137.6793624524,1080752.8515113487,990564.2192724597,35384.82785110351,interactive_short,True,32
arrival_dense,267,33398.769580121174,1026301.7940515343,1116490.4262904234,1083091.6567103022,992903.0244714131,43398.769580121174,interactive_long,True,256
arrival_dense,268,33803.6147575684,1026301.7940515343,1116490.4262904234,1082686.811532855,992498.1792939659,35803.6147575684,interactive_short,True,32
arrival_dense,269,33929.797537823724,1026301.7940515343,1116490.4262904234,1082560.6287525997,992371.9965137106,35929.797537823724,interactive_short,True,32
arrival_dense,270,34150.34523208458,1027086.0430275246,1116860.6268214937,1082710.281589409,992935.69779544,39150.34523208458,interactive_medium,True,64
arrival_dense,271,34303.924809167096,1027870.292003515,1117230.827352564,1082926.902543397,993566.3671943479,36303.924809167096,interactive_short,True,32
arrival_dense,272,34375.39882457964,1089041.7121307615,1146106.4687760517,1111731.069951472,1054666.313306182,36375.39882457964,interactive_short,True,32
arrival_dense,273,34540.83504112408,1097668.4508666552,1150178.6746178255,1115637.8395767014,1063127.615825531,39540.83504112408,interactive_medium,True,128
arrival_dense,274,34961.58939503457,1100021.1977946262,1151289.2762110366,1116327.686816002,1065059.6083995916,36961.58939503457,interactive_short,True,32
arrival_dense,275,35000.94234790629,1103942.442674578,1153140.2788663884,1118139.336518482,1068941.5003266716,37000.94234790629,interactive_short,True,32
arrival_dense,276,35207.354603354244,1105510.9406265586,1153880.679928529,1118673.3253251747,1070303.5860232043,37207.354603354244,interactive_short,True,32
arrival_dense,277,35303.925192645904,1105510.9406265586,1153880.679928529,1118576.754735883,1070207.0154339126,37303.925192645904,interactive_short,True,32
arrival_dense,278,35386.50958735607,1105510.9406265586,1153880.679928529,1118494.170341173,1070124.4310392025,37386.50958735607,interactive_short,True,32
arrival_dense,279,35458.00294571934,1106295.189602549,1154250.8804595994,1118792.8775138801,1070837.1866568297,37458.00294571934,interactive_short,True,32
arrival_dense,280,35622.14561510401,1109432.1855065103,1155731.6825838808,1120109.5369687767,1073810.0398914062,40622.14561510401,interactive_medium,True,64
arrival_dense,281,35661.21002305278,1111784.9324344813,1156842.284177092,1121181.0741540391,1076123.7224114286,37661.21002305278,interactive_short,True,32
arrival_dense,282,35899.78586967136,1114137.6793624524,1157952.885770303,1122053.0999006317,1078237.893492781,37899.78586967136,interactive_short,True,32
arrival_dense,283,36121.81914781149,1116490.4262904234,1159063.487363514,1122941.6682157025,1080368.6071426119,38121.81914781149,interactive_short,True,32
arrival_dense,284,36133.15042806902,1116490.4262904234,1159063.487363514,1122930.336935445,1080357.2758623543,38133.15042806902,interactive_short,True,32
arrival_dense,285,36399.89417427205,1116490.4262904234,1159063.487363514,1122663.593189242,1080090.5321161514,41399.89417427205,interactive_medium,True,128
arrival_dense,286,36434.83583466261,1116860.6268214937,1159168.9043033978,1122734.068468735,1080425.790986831,41434.83583466261,interactive_medium,True,64
arrival_dense,287,36512.95380444579,1117230.827352564,1159266.7914618612,1122753.8376574155,1080717.8735481184,38512.95380444579,interactive_short,True,32
arrival_dense,288,36630.76123262415,1146106.4687760517,1167428.0982997292,1130797.337067105,1109475.7075434276,38630.76123262415,interactive_short,True,32
arrival_dense,289,36690.312104320525,1150178.6746178255,1168483.1390341134,1131792.8269297928,1113488.362513505,38690.312104320525,interactive_short,True,32
arrival_dense,290,36693.952091355284,1151289.2762110366,1168744.7193814812,1132050.7672901258,1114595.3241196813,38693.952091355284,interactive_short,True,32
arrival_dense,291,36931.888652393725,1153140.2788663884,1169137.0899025325,1132205.2012501387,1116208.3902139945,41931.888652393725,interactive_medium,True,64
arrival_dense,292,36956.975800880566,1153880.679928529,1169276.5994211289,1132319.6236202484,1116923.7041276486,38956.975800880566,interactive_short,True,32
arrival_dense,293,36986.776962734126,1153880.679928529,1169276.5994211289,1132289.8224583948,1116893.902965795,38986.776962734126,interactive_short,True,32
arrival_dense,294,37186.60921386897,1153880.679928529,1169276.5994211289,1132089.99020726,1116694.07071466,42186.60921386897,interactive_medium,True,64
arrival_dense,295,37238.612835685184,1154250.8804595994,1169381.5431281468,1132142.9302924615,1117012.2676239142,39238.612835685184,interactive_short,True,32
arrival_dense,296,37503.979535138125,1155731.6825838808,1169717.3629906038,1132213.3834554655,1118227.7030487426,39503.979535138125,interactive_short,True,32
arrival_dense,297,37654.97034065193,1156842.284177092,1169906.2616632362,1132251.2913225843,1119187.31383644,39654.97034065193,interactive_short,True,32
arrival_dense,298,37695.38720520302,1157952.885770303,1170032.1941116576,1132336.8069064545,1120257.4985651,39695.38720520302,interactive_short,True,32
arrival_dense,299,37696.66257874695,1159063.487363514,1170253.2364622888,1132556.5738835419,1121366.824784767,42696.66257874695,interactive_medium,True,64
exact_bucket,0,0.0,0.0,4728.728582948663,4728.728582948663,0.0,2000.0,interactive_short,True,32
exact_bucket,1,292.83291474104675,314.8147683998104,5243.96781584543,4951.134901104383,21.98185365876367,2292.832914741047,interactive_short,True,32
exact_bucket,2,391.42741989318483,408.7007781898137,5384.487606635457,4993.060186742272,17.273358296628885,2391.427419893185,interactive_short,True,32
exact_bucket,3,616.3472183093854,643.7085561745334,5618.68725795217,5002.340039642784,27.361337865148016,2616.3472183093854,interactive_short,True,32
exact_bucket,4,725.5339243971055,5618.68725795217,17005.24010524273,16279.706180845626,4893.153333555064,5725.533924397106,interactive_medium,True,64
exact_bucket,5,745.5687787932146,769.046037766384,17098.91996576942,16353.351186976204,23.47725897316934,2745.5687787932147,interactive_short,True,32
exact_bucket,6,762.6100518896486,5618.68725795217,17005.24010524273,16242.630053353081,4856.077206062521,5762.610051889648,interactive_medium,True,64
exact_bucket,7,808.6778932798728,847.3819637612905,17145.759896032763,16337.08200275289,38.704070481417716,2808.677893279873,interactive_short,True,32
exact_bucket,8,1095.2343306746511,1129.3912973429542,17286.279686822796,16191.045356148144,34.156966668303085,3095.234330674651,interactive_short,True,32
exact_bucket,9,1294.013705511534,1295.5005503628192,17614.159198666206,16320.145493154672,1.486844851285241,3294.0137055115338,interactive_short,True,32
exact_bucket,10,1540.4066972502164,1566.6993308034168,18082.55850129965,16542.151804049434,26.292633553200403,3540.4066972502164,interactive_short,True,32
exact_bucket,11,1826.8928056732598,1841.2880959995211,18504.117873669747,16677.22506799649,14.395290326261375,3826.8928056732598,interactive_short,True,32
exact_bucket,12,1856.3702084468844,1875.1879435545957,18550.95780393309,16694.587595486206,18.817735107711314,3856.370208446884,interactive_short,True,32
exact_bucket,13,1892.2521152686002,1912.4777758651778,18597.797734196436,16705.545618927837,20.225660596577654,3892.2521152686004,interactive_short,True,32
exact_bucket,14,1905.8107861701817,1912.4777758651778,18597.797734196436,16691.986948026253,6.6669896949961185,3905.810786170182,interactive_short,True,32
exact_bucket,15,2095.1428167214876,2102.764992560008,18831.997385513157,16736.85456879167,7.622175838520434,4095.1428167214876,interactive_short,True,32
exact_bucket,16,2364.5586894738217,2389.6595654229823,19159.876897356567,16795.318207882745,25.10087594916058,4364.558689473822,interactive_short,True,32
exact_bucket,17,2429.7476267174347,2433.572000044866,19206.71682761991,16776.969200902477,3.8243733274312035,4429.747626717435,interactive_short,True,32
exact_bucket,18,2550.9134216460684,5618.68725795217,17005.24010524273,14454.326683596662,3067.773836306101,7550.913421646068,interactive_medium,True,64
exact_bucket,19,2571.8996963450304,4728.728582948663,21501.87341052378,18929.973714178752,2156.8288866036323,4571.89969634503,interactive_short,True,32
exact_bucket,20,2904.094909359041,5618.68725795217,17005.24010524273,14101.14519588369,2714.5923485931285,7904.094909359041,interactive_medium,True,64
exact_bucket,21,3154.040407979077,5243.96781584543,22017.11264342057,18863.07223544149,2089.927407866353,5154.040407979077,interactive_short,True,32
exact_bucket,22,3621.330809845523,5384.487606635457,22157.6324342106,18536.301624365078,1763.156796789934,5621.330809845524,interactive_short,True,32
exact_bucket,23,3829.430955065567,17005.24010524273,22391.832085527323,18562.401130461756,13175.809150177163,5829.430955065567,interactive_short,True,32
exact_bucket,24,4095.947884398731,22391.832085527323,64462.124192147894,60366.17630774916,18295.884201128592,9095.94788439873,interactive_medium,True,128
exact_bucket,25,4099.0852238968355,17098.91996576942,64555.804052674575,60456.71882877774,12999.834741872583,6099.0852238968355,interactive_short,True,32
exact_bucket,26,4265.828550838182,17145.759896032763,64602.643982937916,60336.815432099735,12879.931345194582,6265.828550838182,interactive_short,True,32
exact_bucket,27,4316.296649666037,17286.279686822796,64743.16377372794,60426.8671240619,12969.983037156759,6316.296649666037,interactive_short,True,32
exact_bucket,28,4650.169650901716,5618.68725795217,17005.24010524273,12355.070454341014,968.517607050454,9650.169650901717,interactive_medium,True,64
exact_bucket,29,4852.754216451427,17614.159198666206,65071.04328557132,60218.2890691199,12761.404982214779,6852.754216451427,interactive_short,True,32
exact_bucket,30,5102.200629074276,5618.68725795217,17005.24010524273,11903.039476168455,516.486628877894,10102.200629074276,interactive_medium,True,64
exact_bucket,31,5310.285976004193,5618.68725795217,17005.24010524273,11694.954129238537,308.4012819479767,10310.285976004194,interactive_medium,True,64
exact_bucket,32,5349.079044788369,18082.55850129965,65539.44258820474,60190.363543416366,12733.479456511279,7349.079044788369,interactive_short,True,32
exact_bucket,33,5542.606909747875,22391.832085527323,64462.124192147894,58919.51728240002,16849.225175779447,10542.606909747876,interactive_medium,True,128
exact_bucket,34,5556.906454327444,18504.117873669747,65961.00196057487,60404.095506247424,12947.211419342304,7556.906454327444,interactive_short,True,32
exact_bucket,35,5814.035061345923,18550.95780393309,66007.84189083822,60193.80682949229,12736.922742587169,7814.035061345923,interactive_short,True,32
exact_bucket,36,6058.549411246299,6106.9705730387905,66971.65391263283,60913.10450138653,48.42116179249115,11058.549411246298,interactive_medium,True,64
exact_bucket,37,6089.997709723457,18597.797734196436,67018.49384289618,60928.49613317272,12507.80002447298,8089.997709723457,interactive_short,True,32
exact_bucket,38,6301.999295723954,6316.234850933058,67379.92335106916,61077.924055345204,14.23555520910395,11301.999295723954,interactive_medium,True,64
exact_bucket,39,6379.092776080379,18597.797734196436,67018.49384289618,60639.4010668158,12218.704958116057,8379.092776080379,interactive_short,True,32
exact_bucket,40,6424.607538630259,6473.183059353757,67620.87635651781,61196.26881788755,48.5755207234979,11424.607538630258,interactive_medium,True,64
exact_bucket,41,6622.911549053361,18831.997385513157,67855.07600783455,61232.16445878119,12209.085836459795,8622.911549053362,interactive_short,True,32
exact_bucket,42,6655.192409821514,19159.876897356567,68182.95551967798,61527.76310985647,12504.684487535054,8655.192409821513,interactive_short,True,32
exact_bucket,43,6658.18602666605,19206.71682761991,68229.79544994133,61571.60942327528,12548.530800953862,8658.18602666605,interactive_short,True,32
exact_bucket,44,6685.010083142253,21501.87341052378,70524.95203284538,63839.94194970313,14816.863327381529,8685.010083142253,interactive_short,True,32
exact_bucket,45,6734.745935990244,22017.11264342057,71040.1912657422,64305.445329751965,15282.366707430325,8734.745935990244,interactive_short,True,32
exact_bucket,46,6984.458302053212,22157.6324342106,71180.71105653225,64196.252754479036,15173.17413215739,8984.458302053212,interactive_short,True,32
exact_bucket,47,7410.444910545579,64462.124192147894,71414.91070784899,64004.46579730341,57051.679281602315,9410.444910545579,interactive_short,True,32
exact_bucket,48,7451.356100164368,64555.804052674575,71508.59056837569,64057.23446821132,57104.44795251021,9451.356100164368,interactive_short,True,32
exact_bucket,49,7579.578060402718,64602.643982937916,71555.43049863903,63975.85243823632,57023.0659225352,9579.578060402717,interactive_short,True,32
exact_bucket,50,7643.364278066478,64743.16377372794,71695.95028942908,64052.5860113626,57099.79949566146,9643.364278066478,interactive_short,True,32
exact_bucket,51,8139.767499437608,65071.04328557132,72023.82980127251,63884.06230183491,56931.275786133716,10139.767499437608,interactive_short,True,32
exact_bucket,52,8235.809471382761,65539.44258820474,72492.229103906,64256.41963252323,57303.63311682198,10235.809471382761,interactive_short,True,32
exact_bucket,53,8585.906538540918,22391.832085527323,64462.124192147894,55876.217653606975,13805.925546986406,13585.906538540918,interactive_medium,True,128
exact_bucket,54,8601.225772145592,65961.00196057487,72913.78847627612,64312.562704130534,57359.77618842928,10601.225772145592,interactive_short,True,32
exact_bucket,55,9041.225967209095,66971.65391263283,72960.62840653947,63919.40243933038,57930.42794542373,11041.225967209095,interactive_short,True,32
exact_bucket,56,9065.814204278175,67620.87635651781,73007.46833680282,63941.65413252464,58555.06215223963,11065.814204278175,interactive_short,True,32
exact_bucket,57,9476.355435769208,9524.953778645146,77224.14593215425,67747.79049638505,48.598342875937306,14476.355435769208,interactive_medium,True,64
exact_bucket,58,9514.9203717677,67620.87635651781,73007.46833680282,63492.54796503512,58105.95598475011,11514.9203717677,interactive_short,True,32
exact_bucket,59,9529.262938564887,67855.07600783455,77458.34558347099,67929.0826449061,58325.81306926966,11529.262938564887,interactive_short,True,32
exact_bucket,60,9600.532655692781,77458.34558347099,139849.4137773579,130248.88112166512,67857.81292777821,19600.532655692783,interactive_long,True,256
exact_bucket,61,9763.527546022464,68182.95551967798,140177.29328920133,130413.76574317887,58419.42797365552,11763.527546022464,interactive_short,True,32
exact_bucket,62,9810.578467820325,68229.79544994133,140224.13321946468,130413.55475164436,58419.216982121005,11810.578467820325,interactive_short,True,32
exact_bucket,63,9927.07029216558,70524.95203284538,142519.28980236873,132592.21951020314,60597.881740679804,11927.07029216558,interactive_short,True,32
exact_bucket,64,10016.602581748852,10100.430542854376,143242.14881871478,133225.54623696592,83.82796110552408,15016.602581748852,interactive_medium,True,64
exact_bucket,65,10077.4089366831,10100.430542854376,143242.14881871478,133164.7398820317,23.02160617127629,15077.4089366831,interactive_medium,True,64
exact_bucket,66,10184.8351468604,71040.1912657422,143757.3880516116,133572.5529047512,60855.356118881806,12184.8351468604,interactive_short,True,32
exact_bucket,67,10221.58497873195,71180.71105653225,143897.90784240165,133676.3228636697,60959.126077800305,12221.58497873195,interactive_short,True,32
exact_bucket,68,10375.796782188545,71414.91070784899,144132.1074937184,133756.31071152983,61039.113925660444,12375.796782188545,interactive_short,True,32
exact_bucket,69,10376.008370944079,71508.59056837569,144225.78735424508,133849.77898330102,61132.582197431606,12376.008370944079,interactive_short,True,32
exact_bucket,70,10700.754070417277,71555.43049863903,144272.62728450843,133571.87321409115,60854.676428221755,12700.754070417277,interactive_short,True,32
exact_bucket,71,10797.400222352471,22391.832085527323,64462.124192147894,53664.72396979542,11594.431863174852,15797.400222352471,interactive_medium,True,128
exact_bucket,72,10956.266725819694,10981.414969026055,145356.9158090275,134400.6490832078,25.14824320636035,15956.266725819694,interactive_medium,True,64
exact_bucket,73,11125.592002823743,71695.95028942908,145497.43559981755,134371.8435969938,60570.35828660533,13125.592002823743,interactive_short,True,32
exact_bucket,74,11264.41312774723,72023.82980127251,145825.31511166098,134560.90198391376,60759.41667352528,13264.41312774723,interactive_short,True,32
exact_bucket,75,11321.026253041975,72492.229103906,146293.71441429446,134972.68816125247,61171.20285086402,13321.026253041975,interactive_short,True,32
exact_bucket,76,11330.094069685985,22391.832085527323,64462.124192147894,53132.03012246191,11061.738015841338,16330.094069685985,interactive_medium,True,128
exact_bucket,77,11466.513040299798,72913.78847627612,146715.2737866646,135248.7607463648,61447.27543597633,13466.513040299798,interactive_short,True,32
exact_bucket,78,11516.610061853926,72960.62840653947,146762.11371692794,135245.50365507402,61444.018344685544,13516.610061853926,interactive_short,True,32
exact_bucket,79,11563.704398407523,77224.14593215425,146808.9536471913,135245.24924878377,65660.44153374672,13563.704398407523,interactive_short,True,32
exact_bucket,80,11799.201309189602,77224.14593215425,146808.9536471913,135009.75233800168,65424.94462296465,13799.201309189602,interactive_short,True,32
exact_bucket,81,11958.212362766317,139849.4137773579,147043.15329850803,135084.9409357417,127891.20141459157,13958.212362766317,interactive_short,True,32
exact_bucket,82,12002.854291904636,140177.29328920133,147371.03281035146,135368.17851844683,128174.4389972967,14002.854291904636,interactive_short,True,32
exact_bucket,83,12049.107729026966,12141.001307747758,148696.2743403192,136647.16661129225,91.893578720792,17049.107729026968,interactive_medium,True,64
exact_bucket,84,12114.721799206265,140224.13321946468,148743.11427058256,136628.39247137628,128109.41142025842,14114.721799206265,interactive_short,True,32
exact_bucket,85,12179.076085812601,143242.14881871478,151038.2708534866,138859.19476767402,131063.07273290218,14179.076085812601,interactive_short,True,32
exact_bucket,86,12222.886995010424,77458.34558347099,139849.4137773579,127626.52678234747,65235.45858846056,22222.886995010424,interactive_long,True,256
exact_bucket,87,12239.905675539047,143757.3880516116,151553.51008638344,139313.6044108444,131517.48237607256,14239.905675539047,interactive_short,True,32
exact_bucket,88,12308.092802123809,143897.90784240165,151694.02987717348,139385.93707504967,131589.81504027784,14308.092802123809,interactive_short,True,32
exact_bucket,89,12660.529094511921,144132.1074937184,151928.22952849022,139267.7004339783,131471.57839920645,14660.529094511921,interactive_short,True,32
exact_bucket,90,12801.915068416965,144225.78735424508,152021.90938901692,139219.99432059994,131423.8722858281,14801.915068416965,interactive_short,True,32
exact_bucket,91,13093.295271417639,145356.9158090275,152068.74931928026,138975.45404786261,132263.62053760985,15093.295271417639,interactive_short,True,32
exact_bucket,92,13212.776556905194,13270.468520788383,153273.51434652368,140060.7377896185,57.6919638831896,18212.77655690519,interactive_medium,True,64
exact_bucket,93,13257.530660544287,145497.43559981755,153414.03413731372,140156.50347676943,132239.90493927326,15257.530660544287,interactive_short,True,32
exact_bucket,94,13356.772435519919,145825.31511166098,153741.91364915716,140385.14121363722,132468.54267614105,15356.772435519919,interactive_short,True,32
exact_bucket,95,13356.823188284057,146293.71441429446,154210.31295179063,140853.48976350657,132936.8912260104,15356.823188284057,interactive_short,True,32
exact_bucket,96,13399.092294744107,77458.34558347099,139849.4137773579,126450.3214826138,64059.25328872688,23399.092294744107,interactive_long,True,256
exact_bucket,97,13469.332633408574,146715.2737866646,154631.87232416077,141162.5396907522,133245.94115325602,15469.332633408574,interactive_short,True,32
exact_bucket,98,13577.765675047678,22391.832085527323,64462.124192147894,50884.35851710022,8814.066410479645,18577.765675047678,interactive_medium,True,128
exact_bucket,99,13710.685420190843,66007.84189083822,158366.64390861534,144655.95848842448,52297.15647064737,18710.685420190843,interactive_medium,True,64
exact_bucket,100,13788.868727443982,146762.11371692794,158413.4838388787,144624.61511143472,132973.24498948397,15788.868727443982,interactive_short,True,32
exact_bucket,101,13861.829069481168,66007.84189083822,158366.64390861534,144504.81483913417,52146.01282135705,18861.829069481166,interactive_medium,True,64
exact_bucket,102,13891.881402198052,146808.9536471913,158460.32376914204,144568.442366944,132917.07224499324,15891.881402198052,interactive_short,True,32
exact_bucket,103,13971.994913049224,146808.9536471913,158460.32376914204,144488.32885609282,132836.95873414207,15971.994913049224,interactive_short,True,32
exact_bucket,104,14261.302865860893,147043.15329850803,158694.52342045878,144433.22055459788,132781.85043264713,16261.302865860893,interactive_short,True,32
exact_bucket,105,14460.022449070235,148696.2743403192,159022.4029323022,144562.38048323197,134236.25189124898,16460.022449070235,interactive_short,True,32
exact_bucket,106,14483.267178506085,148743.11427058256,159069.24286256556,144585.97568405946,134259.84709207647,16483.267178506085,interactive_short,True,32
exact_bucket,107,14494.343151198389,151038.2708534866,161364.3994454696,146870.05629427123,136543.92770228823,16494.343151198387,interactive_short,True,32
exact_bucket,108,14584.91050142513,151553.51008638344,161879.63867836643,147294.7281769413,136968.5995849583,16584.910501425133,interactive_short,True,32
exact_bucket,109,14710.189537420167,22391.832085527323,64462.124192147894,49751.934654727724,7681.6425481071565,19710.189537420167,interactive_medium,True,128
exact_bucket,110,14761.2209585759,66007.84189083822,158366.64390861534,143605.42295003944,51246.62093226232,19761.220958575897,interactive_medium,True,64
exact_bucket,111,14974.480712471766,151694.02987717348,162020.15846915648,147045.67775668472,136719.54916470172,16974.480712471766,interactive_short,True,32
exact_bucket,112,15148.337875684105,151928.22952849022,162254.35812047322,147106.0202447891,136779.8916528061,17148.337875684105,interactive_short,True,32
exact_bucket,113,15287.984181002554,152021.90938901692,162348.0379809999,147060.05379999737,136733.92520801438,17287.984181002554,interactive_short,True,32
exact_bucket,114,15319.78776854089,22391.832085527323,64462.124192147894,49142.336423607005,7072.044316986434,20319.78776854089,interactive_medium,True,128
exact_bucket,115,15347.544838317583,66007.84189083822,158366.64390861534,143019.09907029776,50660.29705252063,20347.544838317583,interactive_medium,True,64
exact_bucket,116,15350.635917774982,153273.51434652368,162394.87791126326,147044.24199348828,137922.8784287487,17350.635917774984,interactive_short,True,32
exact_bucket,117,15385.739542848385,153414.03413731372,162535.3977020533,147149.65815920493,138028.29459446535,17385.739542848387,interactive_short,True,32
exact_bucket,118,15466.31663702253,153741.91364915716,162863.27721389674,147396.9605768742,138275.59701213462,17466.31663702253,interactive_short,True,32
exact_bucket,119,15703.23823822055,154210.31295179063,163331.67651653022,147628.43827830968,138507.0747135701,17703.23823822055,interactive_short,True,32
exact_bucket,120,15712.690292351328,66007.84189083822,158366.64390861534,142653.953616264,50295.15159848689,20712.690292351326,interactive_medium,True,64
exact_bucket,121,15779.588836254938,158366.64390861534,163753.23588890035,147973.64705264542,142587.0550723604,17779.588836254938,interactive_short,True,32
exact_bucket,122,15903.791132278677,66007.84189083822,158366.64390861534,142462.85277633666,50104.05075855954,20903.791132278675,interactive_medium,True,64
exact_bucket,123,15930.817592063777,158413.4838388787,163800.0758191637,147869.25822709993,142482.66624681492,17930.817592063777,interactive_short,True,32
exact_bucket,124,16079.804286404938,158460.32376914204,163846.91574942705,147767.1114630221,142380.5194827371,18079.80428640494,interactive_short,True,32
exact_bucket,125,16165.049821522394,158460.32376914204,163846.91574942705,147681.86592790464,142295.27394761963,18165.049821522392,interactive_short,True,32
exact_bucket,126,16200.011486578172,158694.52342045878,164081.1154007438,147881.1039141656,142494.5119338806,18200.011486578172,interactive_short,True,32
exact_bucket,127,16333.421770675974,22391.832085527323,64462.124192147894,48128.70242147192,6058.4103148513495,21333.421770675974,interactive_medium,True,128
exact_bucket,128,16334.116801639055,66007.84189083822,158366.64390861534,142032.52710697628,49673.72508919916,21334.116801639055,interactive_medium,True,64
exact_bucket,129,16507.886767702825,67018.49384289618,165044.92742253852,148537.0406548357,50510.60707519335,21507.886767702825,interactive_medium,True,64
exact_bucket,130,16691.621368966953,159022.4029323022,165372.80693438195,148681.185565415,142330.78156333527,18691.621368966953,interactive_short,True,32
exact_bucket,131,16705.70970033716,159069.24286256556,165419.6468646453,148713.93716430815,142363.5331622284,18705.70970033716,interactive_short,True,32
exact_bucket,132,16774.914640443043,67379.92335106916,165781.07637281832,149006.16173237527,50605.00871062611,21774.914640443043,interactive_medium,True,64
exact_bucket,133,16799.09554498394,22391.832085527323,64462.124192147894,47663.028647163956,5592.736540543385,21799.09554498394,interactive_medium,True,128
exact_bucket,134,17195.2552287613,161364.3994454696,168076.23295572237,150880.97772696108,144169.14421670832,19195.2552287613,interactive_short,True,32
exact_bucket,135,17286.470668022794,161879.63867836643,168591.4721886192,151305.00152059642,144593.16801034365,19286.470668022794,interactive_short,True,32
exact_bucket,136,17292.911068011446,162020.15846915648,168731.99197940924,151439.0809113978,144727.24740114502,19292.911068011446,interactive_short,True,32
exact_bucket,137,17328.737778377672,73007.46833680282,168972.94498485792,151644.20720648026,55678.730558425144,22328.737778377672,interactive_medium,True,64
exact_bucket,138,17564.499031070805,142519.28980236873,173189.62258020986,155625.12354913907,124954.79077129792,22564.499031070805,interactive_medium,True,64
exact_bucket,139,17640.70594814107,162254.35812047322,173423.8222315266,155783.11628338555,144613.65217233216,19640.70594814107,interactive_short,True,32
exact_bucket,140,17842.774213720182,162348.0379809999,173517.5020920533,155674.72787833313,144505.26376727974,19842.774213720182,interactive_short,True,32
exact_bucket,141,17980.4428672742,162394.87791126326,173564.34202231665,155583.89915504245,144414.43504398907,19980.4428672742,interactive_short,True,32
exact_bucket,142,18532.183655685596,162535.3977020533,173704.8618131067,155172.6781574211,144003.2140463677,20532.183655685596,interactive_short,True,32
exact_bucket,143,18645.306864651637,144272.62728450843,174427.72082945274,155782.4139648011,125627.3204198568,23645.306864651637,interactive_medium,True,64
exact_bucket,144,19019.87245919522,162863.27721389674,174755.60034129617,155735.72788210097,143843.40475470154,21019.87245919522,interactive_short,True,32
exact_bucket,145,19297.412787635032,163331.67651653022,175223.99964392965,155926.58685629463,144034.2637288952,21297.412787635032,interactive_short,True,32
exact_bucket,146,19415.966862443453,163753.23588890035,175645.55901629978,156229.59215385633,144337.2690264569,21415.966862443453,interactive_short,True,32
exact_bucket,147,19574.763866991256,144272.62728450843,174427.72082945274,154852.95696246147,124697.86341751718,24574.763866991256,interactive_medium,True,64
exact_bucket,148,19662.607550107958,163800.0758191637,175692.39894656313,156029.79139645517,144137.46826905574,21662.607550107958,interactive_short,True,32
exact_bucket,149,19884.52136465816,163846.91574942705,175739.23887682648,155854.7175121683,143962.39438476888,21884.52136465816,interactive_short,True,32
exact_bucket,150,19983.74509517836,77458.34558347099,139849.4137773579,119865.66868217953,57474.60048829263,29983.74509517836,interactive_long,True,256
exact_bucket,151,20268.12618946514,163846.91574942705,175739.23887682648,155471.11268736134,143578.7895599619,22268.12618946514,interactive_short,True,32
exact_bucket,152,20438.280290763774,165044.92742253852,175973.43852814322,155535.15823737945,144606.64713177475,22438.280290763774,interactive_short,True,32
exact_bucket,153,20518.747426794853,165372.80693438195,176301.31803998665,155782.5706131918,144854.0595075871,22518.747426794853,interactive_short,True,32
exact_bucket,154,20556.249075176816,165781.07637281832,176348.15797025,155791.9088950732,145224.82729764152,22556.249075176816,interactive_short,True,32
exact_bucket,155,20591.75013497452,168076.23295572237,178643.31455315405,158051.56441817954,147484.48282074786,22591.75013497452,interactive_short,True,32
exact_bucket,156,20718.647165813614,168591.4721886192,179158.55378605088,158439.90662023728,147872.8250228056,22718.647165813614,interactive_short,True,32
exact_bucket,157,20900.1019482496,173189.62258020986,179299.07357684092,158398.97162859133,152289.52063196027,22900.1019482496,interactive_short,True,32
exact_bucket,158,20992.187047197487,173423.8222315266,179533.27322815766,158541.08618096018,152431.63518432912,22992.187047197487,interactive_short,True,32
exact_bucket,159,21115.374879070103,173517.5020920533,179626.95308868436,158511.57820961426,152402.1272129832,23115.374879070103,interactive_short,True,32
exact_bucket,160,21155.50344564364,173564.34202231665,179673.7930189477,158518.28957330406,152408.838576673,23155.50344564364,interactive_short,True,32
exact_bucket,161,21165.58467797354,174427.72082945274,179814.31280973775,158648.72813176422,153262.1361514792,23165.58467797354,interactive_short,True,32
exact_bucket,162,21207.646133975795,174755.60034129617,180142.19232158118,158934.5461876054,153547.95420732038,23207.646133975795,interactive_short,True,32
exact_bucket,163,21247.279005339795,22391.832085527323,64462.124192147894,43214.8451868081,1144.5530801875284,26247.279005339795,interactive_medium,True,128
exact_bucket,164,21295.433438680913,147371.03281035146,181226.48084610025,159931.04740741933,126075.59937167054,26295.433438680913,interactive_medium,True,64
exact_bucket,165,21392.540909028787,175223.99964392965,181694.88014873373,160302.33923970495,153831.45873490087,23392.540909028787,interactive_short,True,32
exact_bucket,166,21411.157665100625,175645.55901629978,182116.43952110386,160705.28185600325,154234.40135119917,23411.157665100625,interactive_short,True,32
exact_bucket,167,21444.033214219708,175692.39894656313,182163.2794513672,160719.2462371475,154248.36573234343,23444.033214219708,interactive_short,True,32
exact_bucket,168,21592.033986517665,175739.23887682648,182210.11938163056,160618.0853951129,154147.2048903088,23592.033986517665,interactive_short,True,32
exact_bucket,169,21745.234259126977,175739.23887682648,182210.11938163056,160464.8851225036,153994.0046176995,23745.234259126977,interactive_short,True,32
exact_bucket,170,21753.53230050512,22391.832085527323,64462.124192147894,42708.591891642776,638.2997850222018,26753.53230050512,interactive_medium,True,128
exact_bucket,171,21818.978817074574,175973.43852814322,182444.3190329473,160625.34021587274,154154.45971106866,23818.978817074574,interactive_short,True,32
exact_bucket,172,21916.756486304832,176301.31803998665,182772.19854479074,160855.4420584859,154384.56155368182,23916.756486304832,interactive_short,True,32
exact_bucket,173,21983.939959482206,152068.74931928026,184097.4400747585,162113.50011527629,130084.80935979806,26983.939959482206,interactive_medium,True,64
exact_bucket,174,22012.905364318507,154631.87232416077,185302.2051020019,163289.29973768338,132618.96695984225,27012.905364318507,interactive_medium,True,64
exact_bucket,175,22081.027195630762,176348.15797025,185349.04503226525,163268.01783663448,154267.13077461923,24081.027195630762,interactive_short,True,32
exact_bucket,176,22375.049646022617,178643.31455315405,187644.2016151693,165269.15196914668,156268.26490713144,24375.049646022617,interactive_short,True,32
exact_bucket,177,22484.707263081855,179158.55378605088,188159.44084806612,165674.73358498426,156673.84652296902,24484.707263081855,interactive_short,True,32
exact_bucket,178,22633.35222358207,179299.07357684092,188299.96063885617,165666.6084152741,156665.72135325885,24633.35222358207,interactive_short,True,32
exact_bucket,179,22876.232036370817,179533.27322815766,188534.1602901729,165657.9282538021,156657.04119178685,24876.232036370817,interactive_short,True,32
exact_bucket,180,23057.569921635688,164081.1154007438,192268.93187462748,169211.3619529918,141023.5454791081,28057.569921635688,interactive_medium,True,64
exact_bucket,181,23117.40124071703,179626.95308868436,192362.61173515418,169245.21049443714,156509.55184796732,25117.40124071703,interactive_short,True,32
exact_bucket,182,23118.140432481006,77458.34558347099,139849.4137773579,116731.27334487688,54340.20515098998,33118.14043248101,interactive_long,True,256
exact_bucket,183,23172.326986704356,179673.7930189477,192409.45166541752,169237.12467871315,156501.46603224333,25172.326986704356,interactive_short,True,32
exact_bucket,184,23347.363533960946,179814.31280973775,192549.97145620757,169202.60792224662,156466.9492757768,25347.363533960946,interactive_short,True,32
exact_bucket,185,23587.41036238676,181226.48084610025,192877.850968051,169290.44060566425,157639.0704837135,25587.41036238676,interactive_short,True,32
exact_bucket,186,23970.761111136788,164081.1154007438,192268.93187462748,168298.1707634907,140110.354289607,28970.761111136788,interactive_medium,True,64
exact_bucket,187,24038.641255365983,181694.88014873373,193346.25027068448,169307.6090153185,157656.23889336776,26038.641255365983,interactive_short,True,32
exact_bucket,188,24210.69201630984,182116.43952110386,193767.8096430546,169557.1176267448,157905.74750479404,26210.69201630984,interactive_short,True,32
exact_bucket,189,24309.435710628204,182163.2794513672,193814.64957331796,169505.21386268976,157853.84374073902,26309.435710628204,interactive_short,True,32
exact_bucket,190,24424.992641249286,182210.11938163056,193861.4895035813,169436.49686233202,157785.12674038127,26424.992641249286,interactive_short,True,32
exact_bucket,191,24456.13667020483,182210.11938163056,193861.4895035813,169405.35283337647,157753.98271142572,26456.13667020483,interactive_short,True,32
exact_bucket,192,24487.101687704122,182444.3190329473,194095.68915489805,169608.58746719392,157957.21734524317,26487.101687704122,interactive_short,True,32
exact_bucket,193,24558.652968598177,24642.429568898555,195971.1870577074,171412.53408910922,83.77660030037805,29558.652968598177,interactive_medium,True,128
exact_bucket,194,24562.334765128136,185302.2051020019,196299.06656955084,171736.73180442268,160739.87033687375,26562.334765128136,interactive_short,True,32
exact_bucket,195,24613.543295686974,164081.1154007438,192268.93187462748,167655.3885789405,139467.5721050568,29613.543295686974,interactive_medium,True,64
exact_bucket,196,24755.637828562125,185349.04503226525,196345.90649981418,171590.26867125207,160593.40720370313,26755.637828562125,interactive_short,True,32
exact_bucket,197,24820.39358820911,187644.2016151693,198641.06308271823,173820.66949450911,162823.80802696018,26820.39358820911,interactive_short,True,32
exact_bucket,198,24842.940728942838,77458.34558347099,139849.4137773579,115006.47304841506,52615.404854528155,34842.940728942835,interactive_long,True,256
exact_bucket,199,24921.686492711895,164081.1154007438,192268.93187462748,167347.2453819156,139159.4289080319,29921.686492711895,interactive_medium,True,64
exact_bucket,200,24938.753881232176,24943.217500393173,198882.19852736514,173943.44464613296,4.463619160997041,29938.753881232176,interactive_medium,True,128
exact_bucket,201,25060.44651941491,25267.142965079685,199096.54114482907,174036.09462541417,206.69644566477655,30060.44651941491,interactive_medium,True,128
exact_bucket,202,25063.863609210144,164081.1154007438,192268.93187462748,167205.06826541733,139017.25179153364,30063.863609210144,interactive_medium,True,64
exact_bucket,203,25126.477199181973,188159.44084806612,199611.7803777259,174485.30317854392,163032.96364888415,27126.477199181973,interactive_short,True,32
exact_bucket,204,25230.353759638227,188299.96063885617,199752.30016851594,174521.9464088777,163069.60687921793,27230.353759638227,interactive_short,True,32
exact_bucket,205,25233.788269681205,192268.93187462748,199986.49981983268,174752.71155015146,167035.14360494626,27233.788269681205,interactive_short,True,32
exact_bucket,206,25362.453079293,192362.61173515418,200080.17968035938,174717.72660106636,167000.15865586116,27362.453079293,interactive_short,True,32
exact_bucket,207,25380.682423661325,192409.45166541752,200127.01961062272,174746.3371869614,167028.7692417562,27380.682423661325,interactive_short,True,32
exact_bucket,208,25458.099469028028,192549.97145620757,200267.53940141277,174809.43993238473,167091.87198717953,27458.099469028028,interactive_short,True,32
exact_bucket,209,25464.548588212954,77458.34558347099,139849.4137773579,114384.86518914494,51993.79699525803,35464.54858821296,interactive_long,True,256
exact_bucket,210,25524.122521232708,192877.850968051,200595.4189132562,175071.2963920235,167353.7284468183,27524.122521232708,interactive_short,True,32
exact_bucket,211,25553.850792560126,164081.1154007438,192268.93187462748,166715.08108206737,138527.26460818367,30553.850792560126,interactive_medium,True,64
exact_bucket,212,25603.323399998273,193346.25027068448,201063.81821588968,175460.4948158914,167742.9268706862,27603.323399998273,interactive_short,True,32
exact_bucket,213,25782.355063763145,193767.8096430546,201485.3775882598,175703.02252449666,167985.45457929146,27782.355063763145,interactive_short,True,32
exact_bucket,214,25841.933496685746,25961.268960836496,201860.47716882167,176018.54367213591,119.33546415075034,30841.933496685746,interactive_medium,True,128
exact_bucket,215,26016.229264774458,77458.34558347099,139849.4137773579,113833.18451258344,51442.11631869653,36016.22926477446,interactive_long,True,256
exact_bucket,216,26239.14685446279,193814.64957331796,201907.31709908502,175668.17024462222,167575.50271885516,28239.14685446279,interactive_short,True,32
exact_bucket,217,26275.486276627307,164081.1154007438,192268.93187462748,165993.44559800017,137805.62912411647,31275.486276627307,interactive_medium,True,64
exact_bucket,218,26286.168245454395,193861.4895035813,201954.15702934837,175667.98878389396,167575.3212581269,28286.168245454395,interactive_short,True,32
exact_bucket,219,26288.614946243706,193861.4895035813,201954.15702934837,175665.54208310466,167572.8745573376,28288.614946243706,interactive_short,True,32
exact_bucket,220,26385.52327712335,194095.68915489805,219744.90253091784,193359.3792537945,167710.1658777747,31385.52327712335,interactive_medium,True,128
exact_bucket,221,27547.005737839525,195971.1870577074,219979.10218223458,192432.09644439505,168424.18131986787,29547.005737839525,interactive_short,True,32
exact_bucket,222,27600.84597637605,196299.06656955084,220306.98169407801,192706.13571770195,168698.22059317477,29600.84597637605,interactive_short,True,32
exact_bucket,223,27732.12521440955,165419.6468646453,221210.55546451051,193478.43025010097,137687.52165023575,32732.12521440955,interactive_medium,True,64
exact_bucket,224,27922.093748066218,196345.90649981418,221257.39539477386,193335.30164670764,168423.81275174796,29922.093748066218,interactive_short,True,32
exact_bucket,225,28053.949752309476,199096.54114482907,223552.5519776779,195498.60222536844,171042.5913925196,30053.949752309476,interactive_short,True,32
exact_bucket,226,28229.371274391047,199611.7803777259,224067.79121057474,195838.4199361837,171382.40910333485,30229.371274391047,interactive_short,True,32
exact_bucket,227,28602.87088976467,168731.99197940924,224384.0420302261,195781.17114046143,140129.12108964458,33602.87088976467,interactive_medium,True,64
exact_bucket,228,28630.663980191588,199752.30016851594,224524.56182101613,195893.89784082456,171121.63618832437,30630.663980191588,interactive_short,True,32
exact_bucket,229,28633.237799603674,194095.68915489805,219744.90253091784,191111.66473131417,165462.45135529438,33633.237799603674,interactive_medium,True,128
exact_bucket,230,28653.903502644942,199986.49981983268,224758.76147233287,196104.85796968793,171332.59631718774,30653.903502644942,interactive_short,True,32
exact_bucket,231,28670.76947351466,200080.17968035938,224852.44133285957,196181.6718593449,171409.4102068447,30670.76947351466,interactive_short,True,32
exact_bucket,232,28809.147486370108,200127.01961062272,224899.28126312292,196090.1337767528,171317.8721242526,30809.147486370108,interactive_short,True,32
exact_bucket,233,28912.902895351493,200267.53940141277,225039.80105391296,196126.89815856147,171354.63650606127,30912.902895351493,interactive_short,True,32
exact_bucket,234,28943.634794770933,200595.4189132562,225367.6805657564,196424.04577098545,171651.78411848526,30943.634794770933,interactive_short,True,32
exact_bucket,235,29093.90866521693,201063.81821588968,225836.07986838988,196742.17120317294,171969.90955067275,31093.90866521693,interactive_short,True,32
exact_bucket,236,29275.94361208116,168972.94498485792,226031.85418531694,196755.91057323577,139697.00137277675,34275.94361208116,interactive_medium,True,64
exact_bucket,237,29298.90229168336,201860.47716882167,226453.41355768708,197154.5112660037,172561.5748771383,31298.90229168336,interactive_short,True,32
exact_bucket,238,29415.724244300833,201907.31709908502,226500.25348795042,197084.5292436496,172491.5928547842,31415.724244300833,interactive_short,True,32
exact_bucket,239,29587.97814468341,219744.90253091784,226547.09341821377,196959.11527353036,190156.92438623443,31587.97814468341,interactive_short,True,32
exact_bucket,240,29603.183137717973,219744.90253091784,226547.09341821377,196943.9102804958,190141.71939319986,31603.183137717973,interactive_short,True,32
exact_bucket,241,29817.04858522834,219979.10218223458,226781.2930695305,196964.24448430218,190162.05359700625,31817.04858522834,interactive_short,True,32
exact_bucket,242,30235.106205163418,221210.55546451051,227109.17258137395,196874.06637621054,190975.4492593471,32235.106205163418,interactive_short,True,32
exact_bucket,243,30249.4061874665,194095.68915489805,219744.90253091784,189495.49634345135,163846.28296743156,35249.4061874665,interactive_medium,True,128
exact_bucket,244,30252.657921366892,221257.39539477386,227156.0125116373,196903.3545902704,191004.73747340697,32252.657921366892,interactive_short,True,32
exact_bucket,245,30299.39595864246,173704.8618131067,230818.13737478724,200518.74141614477,143405.46585446422,35299.39595864246,interactive_medium,True,64
exact_bucket,246,30440.79329935244,223552.5519776779,233113.2939576913,202672.50065833886,193111.75867832548,32440.79329935244,interactive_short,True,32
exact_bucket,247,30837.569467701906,224384.0420302261,233628.53319058812,202790.96372288623,193546.4725625242,32837.569467701906,interactive_short,True,32
exact_bucket,248,30900.72761531641,224524.56182101613,233769.05298137816,202868.32536606176,193623.83420569974,32900.72761531641,interactive_short,True,32
exact_bucket,249,31057.64232740509,224758.76147233287,234003.2526326949,202945.6103052898,193701.11914492777,33057.64232740509,interactive_short,True,32
exact_bucket,250,31067.522251841285,224852.44133285957,234096.9324932216,203029.4102413803,193784.91908101828,33067.522251841285,interactive_short,True,32
exact_bucket,251,31214.168118731115,180142.19232158118,234672.40925743082,203458.2411386997,148928.02420285007,36214.16811873112,interactive_medium,True,64
exact_bucket,252,31337.521484324036,224899.28126312292,234719.24918769416,203381.72770337012,193561.75977879888,33337.52148432404,interactive_short,True,32
exact_bucket,253,31350.955898307842,225039.80105391296,234859.7689784842,203508.81308017636,193688.84515560511,33350.955898307846,interactive_short,True,32
exact_bucket,254,31536.02102604889,77458.34558347099,139849.4137773579,108313.392751309,45922.3245574221,41536.02102604889,interactive_long,True,256
exact_bucket,255,31773.4056292375,77458.34558347099,139849.4137773579,108076.0081481204,45684.93995423349,41773.4056292375,interactive_long,True,256
exact_bucket,256,31888.070666579795,225367.6805657564,235187.64849032764,203299.57782374785,193479.6098991766,33888.07066657979,interactive_short,True,32
exact_bucket,257,31904.199795128174,226031.85418531694,235656.04779296112,203751.84799783296,194127.65439018878,33904.199795128174,interactive_short,True,32
exact_bucket,258,32419.885487509262,226453.41355768708,236077.60716533125,203657.721677822,194033.52807017782,34419.885487509266,interactive_short,True,32
exact_bucket,259,32610.657850543124,194095.68915489805,219744.90253091784,187134.24468037472,161485.03130435492,37610.657850543124,interactive_medium,True,128
exact_bucket,260,32663.9691309537,180142.19232158118,234672.40925743082,202008.4401264771,147478.22319062747,37663.9691309537,interactive_medium,True,64
exact_bucket,261,32733.878801999526,182772.19854479074,236783.87410322446,204049.99530122493,150038.3197427912,37733.878801999526,interactive_medium,True,64
exact_bucket,262,32791.74655489055,226500.25348795042,236830.7140334878,204038.96747859725,193708.50693305986,34791.74655489055,interactive_short,True,32
exact_bucket,263,32879.88910386815,226547.09341821377,236877.55396375115,203997.66485988302,193667.2043143456,34879.88910386815,interactive_short,True,32
exact_bucket,264,32932.06192917742,184097.4400747585,237644.85631603008,204712.79438685265,151165.37814558105,37932.06192917742,interactive_medium,True,64
exact_bucket,265,33168.848782436384,188534.1602901729,238255.2104598882,205086.36167745182,155365.3115077365,38168.848782436384,interactive_medium,True,64
exact_bucket,266,33384.82785110351,226547.09341821377,236877.55396375115,203492.72611264765,193162.26556711027,35384.82785110351,interactive_short,True,32
exact_bucket,267,33398.769580121174,77458.34558347099,139849.4137773579,106450.64419723672,44059.576003349815,43398.769580121174,interactive_long,True,256
exact_bucket,268,33803.6147575684,226781.2930695305,238489.41011120495,204685.79535363655,192977.6783119621,35803.6147575684,interactive_short,True,32
exact_bucket,269,33929.797537823724,227109.17258137395,238817.2896230484,204887.49208522466,193179.37504355022,35929.797537823724,interactive_short,True,32
exact_bucket,270,34150.34523208458,220306.98169407801,242721.19552411092,208570.85029202636,186156.63646199345,39150.34523208458,interactive_medium,True,64
exact_bucket,271,34303.924809167096,230818.13737478724,242768.03545437427,208464.11064520717,196514.21256562014,36303.924809167096,interactive_short,True,32
exact_bucket,272,34375.39882457964,233113.2939576913,245063.19203727832,210687.79321269869,198737.89513311166,36375.39882457964,interactive_short,True,32
exact_bucket,273,34540.83504112408,194095.68915489805,219744.90253091784,185204.06748979376,159554.85411377397,39540.83504112408,interactive_medium,True,128
exact_bucket,274,34961.58939503457,233628.53319058812,245578.43127017515,210616.84187514058,198666.94379555355,36961.58939503457,interactive_short,True,32
exact_bucket,275,35000.94234790629,233769.05298137816,245718.9510609652,210718.0087130589,198768.11063347186,37000.94234790629,interactive_short,True,32
exact_bucket,276,35207.354603354244,234003.2526326949,245953.15071228193,210745.7961089277,198795.89802934066,37207.354603354244,interactive_short,True,32
exact_bucket,277,35303.925192645904,234672.40925743082,246046.83057280863,210742.90538016273,199368.48406478492,37303.925192645904,interactive_short,True,32
exact_bucket,278,35386.50958735607,234719.24918769416,246093.67050307197,210707.1609157159,199332.7396003381,37386.50958735607,interactive_short,True,32
exact_bucket,279,35458.00294571934,234859.7689784842,246225.40780693764,210767.4048612183,199401.76603276486,37458.00294571934,interactive_short,True,32
exact_bucket,280,35622.14561510401,220306.98169407801,242721.19552411092,207099.04990900692,184684.836078974,40622.14561510401,interactive_medium,True,64
exact_bucket,281,35661.21002305278,235187.64849032764,246512.30237980065,210851.09235674786,199526.43846727486,37661.21002305278,interactive_short,True,32
exact_bucket,282,35899.78586967136,235656.04779296112,246892.87681319035,210993.090943519,199756.26192328977,37899.78586967136,interactive_short,True,32
exact_bucket,283,36121.81914781149,236783.87410322446,247258.99516678517,211137.1760189737,200662.05495541298,38121.81914781149,interactive_short,True,32
exact_bucket,284,36133.15042806902,236830.7140334878,247296.28499909575,211163.13457102672,200697.56360541878,38133.15042806902,interactive_short,True,32
exact_bucket,285,36399.89417427205,194095.68915489805,219744.90253091784,183345.0083566458,157695.794980626,41399.89417427205,interactive_medium,True,128
exact_bucket,286,36434.83583466261,220306.98169407801,242721.19552411092,206286.35968944832,183872.1458594154,41434.83583466261,interactive_medium,True,64
exact_bucket,287,36512.95380444579,238255.2104598882,247330.1848466508,210817.231042205,201742.2566554424,38512.95380444579,interactive_short,True,32
exact_bucket,288,36630.76123262415,238255.2104598882,247330.1848466508,210699.42361402666,201624.44922726406,38630.76123262415,interactive_short,True,32
exact_bucket,289,36690.312104320525,238489.41011120495,247465.7842368711,210775.47213255058,201799.09800688442,38690.312104320525,interactive_short,True,32
exact_bucket,290,36693.952091355284,242721.19552411092,247631.89348989094,210937.94139853565,206027.24343275564,38693.952091355284,interactive_short,True,32
exact_bucket,291,36931.888652393725,220306.98169407801,242721.19552411092,205789.3068717172,183375.0930416843,41931.888652393725,interactive_medium,True,64
exact_bucket,292,36956.975800880566,242768.03545437427,247725.89660108482,210768.92080020427,205811.0596534937,38956.975800880566,interactive_short,True,32
exact_bucket,293,36986.776962734126,245063.19203727832,251564.35697483525,214577.58001210113,208076.4150745442,38986.776962734126,interactive_short,True,32
exact_bucket,294,37186.60921386897,220306.98169407801,242721.19552411092,205534.58631024195,183120.37248020904,42186.60921386897,interactive_medium,True,64
exact_bucket,295,37238.612835685184,245578.43127017515,252253.71312359042,215015.10028790525,208339.81843448995,39238.612835685184,interactive_short,True,32
exact_bucket,296,37503.979535138125,245718.9510609652,252394.71779038126,214890.73825524314,208214.97152582707,39503.979535138125,interactive_short,True,32
exact_bucket,297,37654.97034065193,245953.15071228193,252551.1944733646,214896.22413271267,208298.18037163,39654.97034065193,interactive_short,True,32
exact_bucket,298,37695.38720520302,246046.83057280863,252608.43352216456,214913.04631696153,208351.44336760562,39695.38720520302,interactive_short,True,32
exact_bucket,299,37696.66257874695,220306.98169407801,242721.19552411092,205024.53294536396,182610.31911533105,42696.66257874695,interactive_medium,True,64
exact_bucket_wait,0,0.0,616.3472183093854,5633.654752349902,5633.654752349902,616.3472183093854,2000.0,interactive_short,True,32
exact_bucket_wait,1,292.83291474104675,616.3472183093854,5633.654752349902,5340.821837608855,323.5143035683387,2292.832914741047,interactive_short,True,32
exact_bucket_wait,2,391.42741989318483,616.3472183093854,5633.654752349902,5242.227332456718,224.9197984162006,2391.427419893185,interactive_short,True,32
exact_bucket_wait,3,616.3472183093854,616.3472183093854,5633.654752349902,5017.307534040517,0.0,2616.3472183093854,interactive_short,True,32
exact_bucket_wait,4,725.5339243971055,5633.654752349902,17045.176070885256,16319.642146488151,4908.120827952796,5725.533924397106,interactive_medium,True,64
exact_bucket_wait,5,745.5687787932146,804.3534406971612,17185.69586167529,16440.127082882074,58.784661903946585,2745.5687787932147,interactive_short,True,32
exact_bucket_wait,6,762.6100518896486,5633.654752349902,17045.176070885256,16282.566018995607,4871.044700460254,5762.610051889648,interactive_medium,True,64
exact_bucket_wait,7,808.6778932798728,882.6893666920678,17232.535791938633,16423.85789865876,74.01147341219496,2808.677893279873,interactive_short,True,32
exact_bucket_wait,8,1095.2343306746511,1164.6987002737314,17373.055582728666,16277.821252054015,69.46436959908033,3095.234330674651,interactive_short,True,32
exact_bucket_wait,9,1294.013705511534,1307.0780600050443,17654.095164308732,16360.081458797198,13.064354493510336,3294.0137055115338,interactive_short,True,32
exact_bucket_wait,10,1540.4066972502164,1551.1569624015822,18075.65453667883,16535.247839428615,10.750265151365738,3540.4066972502164,interactive_short,True,32
exact_bucket_wait,11,1826.8928056732598,1856.2555903972536,18544.053839312273,16717.161033639015,29.362784723993855,3826.8928056732598,interactive_short,True,32
exact_bucket_wait,12,1856.3702084468844,1890.1554379523282,18590.893769575618,16734.52356112873,33.785229505443795,3856.370208446884,interactive_short,True,32
exact_bucket_wait,13,1892.2521152686002,1927.4452702629103,18637.733699838962,16745.481584570363,35.193154994310134,3892.2521152686004,interactive_short,True,32
exact_bucket_wait,14,1905.8107861701817,1927.4452702629103,18637.733699838962,16731.92291366878,21.6344840927286,3905.810786170182,interactive_short,True,32
exact_bucket_wait,15,2095.1428167214876,2117.7324869577405,18871.933351155683,16776.790534434196,22.589670236252914,4095.1428167214876,interactive_short,True,32
exact_bucket_wait,16,2364.5586894738217,2404.6270598207147,19199.812862999093,16835.25417352527,40.06837034689306,4364.558689473822,interactive_short,True,32
exact_bucket_wait,17,2429.7476267174347,2448.5394944425984,19246.652793262438,16816.905166545002,18.791867725163684,4429.747626717435,interactive_short,True,32
exact_bucket_wait,18,2550.9134216460684,5633.654752349902,17045.176070885256,14494.262649239188,3082.7413307038337,7550.913421646068,interactive_medium,True,64
exact_bucket_wait,19,2571.8996963450304,17045.176070885256,22431.76805116985,19859.86835482482,14473.276374540226,4571.89969634503,interactive_short,True,32
exact_bucket_wait,20,2904.094909359041,5633.654752349902,17045.176070885256,14141.081161526216,2729.559842990861,7904.094909359041,interactive_medium,True,64
exact_bucket_wait,21,3154.040407979077,17045.176070885256,22431.76805116985,19277.727643190774,13891.13566290618,5154.040407979077,interactive_short,True,32
exact_bucket_wait,22,3621.330809845523,17045.176070885256,22431.76805116985,18810.437241324325,13423.845261039733,5621.330809845524,interactive_short,True,32
exact_bucket_wait,23,3829.430955065567,17045.176070885256,22431.76805116985,18602.337096104282,13215.745115819689,5829.430955065567,interactive_short,True,32
exact_bucket_wait,24,4095.947884398731,22431.76805116985,64502.060157790416,60406.112273391685,18335.82016677112,9095.94788439873,interactive_medium,True,128
exact_bucket_wait,25,4099.0852238968355,17185.69586167529,64642.57994858044,60543.4947246836,13086.610637778453,6099.0852238968355,interactive_short,True,32
exact_bucket_wait,26,4265.828550838182,17232.535791938633,64689.41987884378,60423.5913280056,12966.707241100452,6265.828550838182,interactive_short,True,32
exact_bucket_wait,27,4316.296649666037,17373.055582728666,64829.9396696338,60513.64301996776,13056.758933062629,6316.296649666037,interactive_short,True,32
exact_bucket_wait,28,4650.169650901716,5633.654752349902,17045.176070885256,12395.00641998354,983.4851014481865,9650.169650901717,interactive_medium,True,64
exact_bucket_wait,29,4852.754216451427,17654.095164308732,65110.979251213845,60258.22503476242,12801.340947857305,6852.754216451427,interactive_short,True,32
exact_bucket_wait,30,5102.200629074276,5633.654752349902,17045.176070885256,11942.97544181098,531.4541232756264,10102.200629074276,interactive_medium,True,64
exact_bucket_wait,31,5310.285976004193,5633.654752349902,17045.176070885256,11734.890094881062,323.3687763457092,10310.285976004194,interactive_medium,True,64
exact_bucket_wait,32,5349.079044788369,18075.65453667883,65532.53862358391,60183.45957879554,12726.57549189046,7349.079044788369,interactive_short,True,32
exact_bucket_wait,33,5542.606909747875,22431.76805116985,64502.060157790416,58959.45324804254,16889.161141421973,10542.606909747876,interactive_medium,True,128
exact_bucket_wait,34,5556.906454327444,18544.053839312273,66000.93792621739,60444.031471889946,12987.14738498483,7556.906454327444,interactive_short,True,32
exact_bucket_wait,35,5814.035061345923,18590.893769575618,66047.77785648074,60233.742795134815,12776.858708229694,7814.035061345923,interactive_short,True,32
exact_bucket_wait,36,6058.549411246299,6060.902653050695,66891.11337555102,60832.563964304725,2.3532418043960206,11058.549411246298,interactive_medium,True,64
exact_bucket_wait,37,6089.997709723457,18637.733699838962,66937.95330581437,60847.95559609091,12547.735990115505,8089.997709723457,interactive_short,True,32
exact_bucket_wait,38,6301.999295723954,6339.921690243052,67419.85931671168,61117.860020987726,37.92239451909791,11301.999295723954,interactive_medium,True,64
exact_bucket_wait,39,6379.092776080379,18637.733699838962,66937.95330581437,60558.860529734,12258.640923758583,8379.092776080379,interactive_short,True,32
exact_bucket_wait,40,6424.607538630259,6496.869898663751,67660.81232216033,61236.20478353007,72.26236003349186,11424.607538630258,interactive_medium,True,64
exact_bucket_wait,41,6622.911549053361,18871.933351155683,67895.01197347707,61272.10042442371,12249.021802102321,8622.911549053362,interactive_short,True,32
exact_bucket_wait,42,6655.192409821514,19199.812862999093,68222.8914853205,61567.69907549899,12544.62045317758,8655.192409821513,interactive_short,True,32
exact_bucket_wait,43,6658.18602666605,19246.652793262438,68269.73141558385,61611.5453889178,12588.466766596388,8658.18602666605,interactive_short,True,32
exact_bucket_wait,44,6685.010083142253,64502.060157790416,71454.84667349151,64769.83659034926,57817.05007464816,8685.010083142253,interactive_short,True,32
exact_bucket_wait,45,6734.745935990244,64502.060157790416,71454.84667349151,64720.10073750127,57767.314221800174,8734.745935990244,interactive_short,True,32
exact_bucket_wait,46,6984.458302053212,64502.060157790416,71454.84667349151,64470.3883714383,57517.6018557372,8984.458302053212,interactive_short,True,32
exact_bucket_wait,47,7410.444910545579,64502.060157790416,71454.84667349151,64044.401762945934,57091.61524724484,9410.444910545579,interactive_short,True,32
exact_bucket_wait,48,7451.356100164368,64642.57994858044,71595.36646428156,64144.01036411719,57191.22384841607,9451.356100164368,interactive_short,True,32
exact_bucket_wait,49,7579.578060402718,64689.41987884378,71642.2063945449,64062.62833414219,57109.84181844106,9579.578060402717,interactive_short,True,32
exact_bucket_wait,50,7643.364278066478,64829.9396696338,71782.72618533495,64139.36190726847,57186.57539156733,9643.364278066478,interactive_short,True,32
exact_bucket_wait,51,8139.767499437608,65110.979251213845,72063.76576691504,63923.99826747743,56971.21175177624,10139.767499437608,interactive_short,True,32
exact_bucket_wait,52,8235.809471382761,65532.53862358391,72485.32513928517,64249.51566790241,57296.72915220115,10235.809471382761,interactive_short,True,32
exact_bucket_wait,53,8585.906538540918,22431.76805116985,64502.060157790416,55916.1536192495,13845.861512628931,13585.906538540918,interactive_medium,True,128
exact_bucket_wait,54,8601.225772145592,66000.93792621739,72953.72444191865,64352.49866977306,57399.7121540718,10601.225772145592,interactive_short,True,32
exact_bucket_wait,55,9041.225967209095,66891.11337555102,73000.564372182,63959.3384049729,57849.88740834193,11041.225967209095,interactive_short,True,32
exact_bucket_wait,56,9065.814204278175,67660.81232216033,73047.40430244534,63981.590098167166,58594.998117882154,11065.814204278175,interactive_short,True,32
exact_bucket_wait,57,9476.355435769208,9548.64061795514,77264.08189779677,67787.72646202757,72.28518218593126,14476.355435769208,interactive_medium,True,64
exact_bucket_wait,58,9514.9203717677,67660.81232216033,73047.40430244534,63532.48393067764,58145.89195039263,11514.9203717677,interactive_short,True,32
exact_bucket_wait,59,9529.262938564887,67895.01197347707,77498.28154911351,67969.01861054862,58365.74903491218,11529.262938564887,interactive_short,True,32
exact_bucket_wait,60,9600.532655692781,77498.28154911351,139889.3497430004,130288.81708730763,67897.74889342074,19600.532655692783,interactive_long,True,256
exact_bucket_wait,61,9763.527546022464,68222.8914853205,140217.22925484384,130453.70170882138,58459.36393929804,11763.527546022464,interactive_short,True,32
exact_bucket_wait,62,9810.578467820325,68269.73141558385,140264.0691851072,130453.49071728687,58459.15294776353,11810.578467820325,interactive_short,True,32
exact_bucket_wait,63,9927.07029216558,71454.84667349151,143449.18444301485,133522.11415084926,61527.77638132594,11927.07029216558,interactive_short,True,32
exact_bucket_wait,64,10016.602581748852,10028.204588129498,144051.56695663655,134034.9643748877,11.602006380646344,15016.602581748852,interactive_medium,True,64
exact_bucket_wait,65,10077.4089366831,10132.83672707663,144172.0434593609,134094.6345226778,55.42779039353081,15077.4089366831,interactive_medium,True,64
exact_bucket_wait,66,10184.8351468604,71454.84667349151,143449.18444301485,133264.34929615445,61270.01152663111,12184.8351468604,interactive_short,True,32
exact_bucket_wait,67,10221.58497873195,71454.84667349151,143449.18444301485,133227.5994642829,61233.26169475957,12221.58497873195,interactive_short,True,32
exact_bucket_wait,68,10375.796782188545,71454.84667349151,143449.18444301485,133073.3876608263,61079.049891302966,12375.796782188545,interactive_short,True,32
exact_bucket_wait,69,10376.008370944079,71595.36646428156,144312.56325015094,133936.55487920687,61219.358093337476,12376.008370944079,interactive_short,True,32
exact_bucket_wait,70,10700.754070417277,71642.2063945449,144359.4031804143,133658.649109997,60941.452324127626,12700.754070417277,interactive_short,True,32
exact_bucket_wait,71,10797.400222352471,22431.76805116985,64502.060157790416,53704.65993543794,11634.367828817378,15797.400222352471,interactive_medium,True,128
exact_bucket_wait,72,10956.266725819694,11013.82115324831,145443.69170493336,134487.42497911365,57.55442742861487,15956.266725819694,interactive_medium,True,64
exact_bucket_wait,73,11125.592002823743,71782.72618533495,145584.2114957234,134458.61949289966,60657.1341825112,13125.592002823743,interactive_short,True,32
exact_bucket_wait,74,11264.41312774723,72063.76576691504,145865.2510773035,134600.83794955627,60799.3526391678,13264.41312774723,interactive_short,True,32
exact_bucket_wait,75,11321.026253041975,72485.32513928517,146286.81044967362,134965.78419663163,61164.298886243196,13321.026253041975,interactive_short,True,32
exact_bucket_wait,76,11330.094069685985,22431.76805116985,64502.060157790416,53171.96608810443,11101.673981483864,16330.094069685985,interactive_medium,True,128
exact_bucket_wait,77,11466.513040299798,72953.72444191865,146755.2097523071,135288.6967120073,61487.21140161885,13466.513040299798,interactive_short,True,32
exact_bucket_wait,78,11516.610061853926,73000.564372182,146802.04968257045,135285.43962071653,61483.95431032807,13516.610061853926,interactive_short,True,32
exact_bucket_wait,79,11563.704398407523,77264.08189779677,146848.8896128338,135285.18521442628,65700.37749938924,13563.704398407523,interactive_short,True,32
exact_bucket_wait,80,11799.201309189602,77264.08189779677,146848.8896128338,135049.6883036442,65464.88058860717,13799.201309189602,interactive_short,True,32
exact_bucket_wait,81,11958.212362766317,139889.3497430004,147083.08926415053,135124.8769013842,127931.13738023408,13958.212362766317,interactive_short,True,32
exact_bucket_wait,82,12002.854291904636,140217.22925484384,147410.96877599397,135408.11448408934,128214.37496293921,14002.854291904636,interactive_short,True,32
exact_bucket_wait,83,12049.107729026966,12067.990552086221,148615.73380323738,136566.62607421042,18.882823059255315,17049.107729026968,interactive_medium,True,64
exact_bucket_wait,84,12114.721799206265,140264.0691851072,148662.57373350073,136547.85193429445,128149.34738590092,14114.721799206265,interactive_short,True,32
exact_bucket_wait,85,12179.076085812601,144172.0434593609,151847.6889914084,139668.6129055958,131992.9673735483,14179.076085812601,interactive_short,True,32
exact_bucket_wait,86,12222.886995010424,77498.28154911351,139889.3497430004,127666.46274798998,65275.394554103084,22222.886995010424,interactive_long,True,256
exact_bucket_wait,87,12239.905675539047,144172.0434593609,151847.6889914084,139607.78331586934,131932.13778382185,14239.905675539047,interactive_short,True,32
exact_bucket_wait,88,12308.092802123809,144172.0434593609,151847.6889914084,139539.59618928458,131863.9506572371,14308.092802123809,interactive_short,True,32
exact_bucket_wait,89,12660.529094511921,144172.0434593609,151847.6889914084,139187.15989689645,131511.51436484896,14660.529094511921,interactive_short,True,32
exact_bucket_wait,90,12801.915068416965,144312.56325015094,151988.20878219843,139186.29371378146,131510.64818173397,14801.915068416965,interactive_short,True,32
exact_bucket_wait,91,13093.295271417639,145443.69170493336,152035.04871246178,138941.75344104413,132350.3964335157,15093.295271417639,interactive_short,True,32
exact_bucket_wait,92,13212.776556905194,13310.404486430909,153360.29024242953,140147.51368552435,97.62792952571544,18212.77655690519,interactive_medium,True,64
exact_bucket_wait,93,13257.530660544287,145584.2114957234,153500.81003321958,140243.2793726753,132326.6808351791,15257.530660544287,interactive_short,True,32
exact_bucket_wait,94,13356.772435519919,145865.2510773035,153781.84961479966,140425.07717927973,132508.47864178356,15356.772435519919,interactive_short,True,32
exact_bucket_wait,95,13356.823188284057,146286.81044967362,154203.4089871698,140846.58579888573,132929.98726138956,15356.823188284057,interactive_short,True,32
exact_bucket_wait,96,13399.092294744107,77498.28154911351,139889.3497430004,126490.2574482563,64099.189254369405,23399.092294744107,interactive_long,True,256
exact_bucket_wait,97,13469.332633408574,146755.2097523071,154671.80828980327,141202.4756563947,133285.87711889853,15469.332633408574,interactive_short,True,32
exact_bucket_wait,98,13577.765675047678,22431.76805116985,64502.060157790416,50924.29448274274,8854.002376122171,18577.765675047678,interactive_medium,True,128
exact_bucket_wait,99,13710.685420190843,66047.77785648074,158406.57987425785,144695.894454067,52337.092436289895,18710.685420190843,interactive_medium,True,64
exact_bucket_wait,100,13788.868727443982,146802.04968257045,158453.4198045212,144664.55107707722,133013.18095512647,15788.868727443982,interactive_short,True,32
exact_bucket_wait,101,13861.829069481168,66047.77785648074,158406.57987425785,144544.75080477668,52185.94878699957,18861.829069481166,interactive_medium,True,64
exact_bucket_wait,102,13891.881402198052,146848.8896128338,158500.25973478454,144608.3783325865,132957.00821063574,15891.881402198052,interactive_short,True,32
exact_bucket_wait,103,13971.994913049224,146848.8896128338,158500.25973478454,144528.26482173533,132876.89469978458,15971.994913049224,interactive_short,True,32
exact_bucket_wait,104,14261.302865860893,147083.08926415053,158734.45938610128,144473.1565202404,132821.78639828964,16261.302865860893,interactive_short,True,32
exact_bucket_wait,105,14460.022449070235,148615.73380323738,159062.33889794472,144602.31644887448,134155.71135416714,16460.022449070235,interactive_short,True,32
exact_bucket_wait,106,14483.267178506085,148662.57373350073,159109.17882820807,144625.91164970197,134179.30655499463,16483.267178506085,interactive_short,True,32
exact_bucket_wait,107,14494.343151198389,151847.6889914084,162294.29408611573,147799.95093491735,137353.34584021,16494.343151198387,interactive_short,True,32
exact_bucket_wait,108,14584.91050142513,151847.6889914084,162294.29408611573,147709.3835846906,137262.77848998326,16584.910501425133,interactive_short,True,32
exact_bucket_wait,109,14710.189537420167,22431.76805116985,64502.060157790416,49791.870620370246,7721.578513749682,19710.189537420167,interactive_medium,True,128
exact_bucket_wait,110,14761.2209585759,66047.77785648074,158406.57987425785,143645.35891568195,51286.55689790484,19761.220958575897,interactive_medium,True,64
exact_bucket_wait,111,14974.480712471766,151847.6889914084,162294.29408611573,147319.81337364396,136873.20827893662,16974.480712471766,interactive_short,True,32
exact_bucket_wait,112,15148.337875684105,151847.6889914084,162294.29408611573,147145.9562104316,136699.35111572428,17148.337875684105,interactive_short,True,32
exact_bucket_wait,113,15287.984181002554,151988.20878219843,162434.81387690577,147146.82969590323,136700.2246011959,17287.984181002554,interactive_short,True,32
exact_bucket_wait,114,15319.78776854089,22431.76805116985,64502.060157790416,49182.27238924953,7111.98028262896,20319.78776854089,interactive_medium,True,128
exact_bucket_wait,115,15347.544838317583,66047.77785648074,158406.57987425785,143059.03503594027,50700.233018163155,20347.544838317583,interactive_medium,True,64
exact_bucket_wait,116,15350.635917774982,153360.29024242953,162481.65380716912,147131.01788939413,138009.65432465455,17350.635917774984,interactive_short,True,32
exact_bucket_wait,117,15385.739542848385,153500.81003321958,162622.17359795916,147236.4340551108,138115.0704903712,17385.739542848387,interactive_short,True,32
exact_bucket_wait,118,15466.31663702253,153781.84961479966,162903.21317953925,147436.8965425167,138315.53297777713,17466.31663702253,interactive_short,True,32
exact_bucket_wait,119,15703.23823822055,154203.4089871698,163324.77255190938,147621.53431368884,138500.17074894925,17703.23823822055,interactive_short,True,32
exact_bucket_wait,120,15712.690292351328,66047.77785648074,158406.57987425785,142693.88958190652,50335.08756412941,20712.690292351326,interactive_medium,True,64
exact_bucket_wait,121,15779.588836254938,158406.57987425785,163793.17185454286,148013.58301828793,142626.99103800292,17779.588836254938,interactive_short,True,32
exact_bucket_wait,122,15903.791132278677,66047.77785648074,158406.57987425785,142502.78874197917,50143.98672420206,20903.791132278675,interactive_medium,True,64
exact_bucket_wait,123,15930.817592063777,158453.4198045212,163840.0117848062,147909.19419274243,142522.60221245742,17930.817592063777,interactive_short,True,32
exact_bucket_wait,124,16079.804286404938,158500.25973478454,163886.85171506956,147807.0474286646,142420.4554483796,18079.80428640494,interactive_short,True,32
exact_bucket_wait,125,16165.049821522394,158500.25973478454,163886.85171506956,147721.80189354715,142335.20991326214,18165.049821522392,interactive_short,True,32
exact_bucket_wait,126,16200.011486578172,158734.45938610128,164121.0513663863,147921.03987980812,142534.4478995231,18200.011486578172,interactive_short,True,32
exact_bucket_wait,127,16333.421770675974,22431.76805116985,64502.060157790416,48168.63838711444,6098.346280493875,21333.421770675974,interactive_medium,True,128
exact_bucket_wait,128,16334.116801639055,66047.77785648074,158406.57987425785,142072.4630726188,49713.66105484168,21334.116801639055,interactive_medium,True,64
exact_bucket_wait,129,16507.886767702825,66937.95330581437,164964.38688545668,148456.50011775387,50430.06653811155,21507.886767702825,interactive_medium,True,64
exact_bucket_wait,130,16691.621368966953,159062.33889794472,165292.26639730012,148600.64502833318,142370.71752897778,18691.621368966953,interactive_short,True,32
exact_bucket_wait,131,16705.70970033716,159109.17882820807,165339.10632756347,148633.39662722632,142403.46912787092,18705.70970033716,interactive_short,True,32
exact_bucket_wait,132,16774.914640443043,67419.85931671168,165821.01233846083,149046.09769801778,50644.944676268635,21774.914640443043,interactive_medium,True,64
exact_bucket_wait,133,16799.09554498394,22431.76805116985,64502.060157790416,47702.96461280648,5632.672506185911,21799.09554498394,interactive_medium,True,128
exact_bucket_wait,134,17195.2552287613,162294.29408611573,169006.1275963685,151810.8723676072,145099.03885735443,19195.2552287613,interactive_short,True,32
exact_bucket_wait,135,17286.470668022794,162294.29408611573,169006.1275963685,151719.6569283457,145007.82341809294,19286.470668022794,interactive_short,True,32
exact_bucket_wait,136,17292.911068011446,162294.29408611573,169006.1275963685,151713.21652835704,145001.38301810427,19292.911068011446,interactive_short,True,32
exact_bucket_wait,137,17328.737778377672,73047.40430244534,169247.08060181717,151918.3428234395,55718.66652406767,22328.737778377672,interactive_medium,True,64
exact_bucket_wait,138,17564.499031070805,143449.18444301485,173463.7581971691,155899.25916609832,125884.68541194404,22564.499031070805,interactive_medium,True,64
exact_bucket_wait,139,17640.70594814107,162294.29408611573,169006.1275963685,151365.42164822744,144653.58813797467,19640.70594814107,interactive_short,True,32
exact_bucket_wait,140,17842.774213720182,162434.81387690577,173604.27798795915,155761.50377423898,144592.0396631856,19842.774213720182,interactive_short,True,32
exact_bucket_wait,141,17980.4428672742,162481.65380716912,173651.1179182225,155670.6750509483,144501.21093989493,19980.4428672742,interactive_short,True,32
exact_bucket_wait,142,18532.183655685596,162622.17359795916,173791.63770901255,155259.45405332695,144089.98994227356,20532.183655685596,interactive_short,True,32
exact_bucket_wait,143,18645.306864651637,144051.56695663655,174394.02022263425,155748.7133579826,125406.26009198492,23645.306864651637,interactive_medium,True,64
exact_bucket_wait,144,19019.87245919522,162903.21317953925,174675.05980421434,155655.18734501913,143883.34072034404,21019.87245919522,interactive_short,True,32
exact_bucket_wait,145,19297.412787635032,163324.77255190938,175096.61917658447,155799.20638894945,144027.35976427436,21297.412787635032,interactive_short,True,32
exact_bucket_wait,146,19415.966862443453,163793.17185454286,175565.01847921795,156149.0516167745,144377.2049920994,21415.966862443453,interactive_short,True,32
exact_bucket_wait,147,19574.763866991256,144359.4031804143,175685.4949819423,156110.73111495102,124784.63931342303,24574.763866991256,interactive_medium,True,64
exact_bucket_wait,148,19662.607550107958,163840.0117848062,175732.33491220564,156069.72736209768,144177.40423469825,21662.607550107958,interactive_short,True,32
exact_bucket_wait,149,19884.52136465816,163886.85171506956,175779.174842469,155894.65347781082,144002.3303504114,21884.52136465816,interactive_short,True,32
exact_bucket_wait,150,19983.74509517836,77498.28154911351,139889.3497430004,119905.60464782204,57514.53645393515,29983.74509517836,interactive_long,True,256
exact_bucket_wait,151,20268.12618946514,163886.85171506956,175779.174842469,155511.04865300385,143618.72552560442,22268.12618946514,interactive_short,True,32
exact_bucket_wait,152,20438.280290763774,164964.38688545668,176013.37449378573,155575.09420302196,144526.10659469292,22438.280290763774,interactive_short,True,32
exact_bucket_wait,153,20518.747426794853,165292.26639730012,176341.25400562916,155822.50657883432,144773.51897050528,22518.747426794853,interactive_short,True,32
exact_bucket_wait,154,20556.249075176816,165821.01233846083,176388.0939358925,155831.8448607157,145264.76326328403,22556.249075176816,interactive_short,True,32
exact_bucket_wait,155,20591.75013497452,173463.7581971691,179573.20919380017,158981.45905882565,152872.0080621946,22591.75013497452,interactive_short,True,32
exact_bucket_wait,156,20718.647165813614,173463.7581971691,179573.20919380017,158854.56202798657,152745.1110313555,22718.647165813614,interactive_short,True,32
exact_bucket_wait,157,20900.1019482496,173463.7581971691,179573.20919380017,158673.10724555058,152563.65624891952,22900.1019482496,interactive_short,True,32
exact_bucket_wait,158,20992.187047197487,173463.7581971691,179573.20919380017,158581.02214660269,152471.57114997163,22992.187047197487,interactive_short,True,32
exact_bucket_wait,159,21115.374879070103,173604.27798795915,179713.7289845902,158598.35410552012,152488.90310888906,23115.374879070103,interactive_short,True,32
exact_bucket_wait,160,21155.50344564364,173651.1179182225,179760.56891485356,158605.06546920992,152495.61447257886,23155.50344564364,interactive_short,True,32
exact_bucket_wait,161,21165.58467797354,174394.02022263425,179901.0887056436,158735.50402767007,153228.43554466072,23165.58467797354,interactive_short,True,32
exact_bucket_wait,162,21207.646133975795,174675.05980421434,180182.1282872237,158974.4821532479,153467.41367023854,23207.646133975795,interactive_short,True,32
exact_bucket_wait,163,21247.279005339795,22431.76805116985,64502.060157790416,43254.781152450625,1184.4890458300542,26247.279005339795,interactive_medium,True,128
exact_bucket_wait,164,21295.433438680913,147410.96877599397,181266.41681174276,159970.98337306184,126115.53533731305,26295.433438680913,interactive_medium,True,64
exact_bucket_wait,165,21392.540909028787,175096.61917658447,181687.9761841129,160295.4352750841,153704.07826755568,23392.540909028787,interactive_short,True,32
exact_bucket_wait,166,21411.157665100625,175685.4949819423,182156.37548674637,160745.21782164575,154274.33731684167,23411.157665100625,interactive_short,True,32
exact_bucket_wait,167,21444.033214219708,175732.33491220564,182203.21541700972,160759.18220279002,154288.30169798594,23444.033214219708,interactive_short,True,32
exact_bucket_wait,168,21592.033986517665,175779.174842469,182250.05534727307,160658.0213607554,154187.14085595132,23592.033986517665,interactive_short,True,32
exact_bucket_wait,169,21745.234259126977,175779.174842469,182250.05534727307,160504.8210881461,154033.94058334202,23745.234259126977,interactive_short,True,32
exact_bucket_wait,170,21753.53230050512,22431.76805116985,64502.060157790416,42748.5278572853,678.2357506647277,26753.53230050512,interactive_medium,True,128
exact_bucket_wait,171,21818.978817074574,176013.37449378573,182484.2549985898,160665.27618151525,154194.39567671117,23818.978817074574,interactive_short,True,32
exact_bucket_wait,172,21916.756486304832,176341.25400562916,182812.13451043324,160895.3780241284,154424.49751932433,23916.756486304832,interactive_short,True,32
exact_bucket_wait,173,21983.939959482206,152035.04871246178,184016.89953767665,162032.95957819445,130051.10875297958,26983.939959482206,interactive_medium,True,64
exact_bucket_wait,174,22012.905364318507,154671.80828980327,185342.1410676444,163329.2357033259,132658.90292548476,27012.905364318507,interactive_medium,True,64
exact_bucket_wait,175,22081.027195630762,176388.0939358925,185388.98099790775,163307.95380227698,154307.06674026174,24081.027195630762,interactive_short,True,32
exact_bucket_wait,176,22375.049646022617,179573.20919380017,188574.0962558154,166199.0466097928,157198.15954777756,24375.049646022617,interactive_short,True,32
exact_bucket_wait,177,22484.707263081855,179573.20919380017,188574.0962558154,166089.38899273355,157088.5019307183,24484.707263081855,interactive_short,True,32
exact_bucket_wait,178,22633.35222358207,179573.20919380017,188574.0962558154,165940.74403223334,156939.8569702181,24633.35222358207,interactive_short,True,32
exact_bucket_wait,179,22876.232036370817,179573.20919380017,188574.0962558154,165697.8642194446,156696.97715742936,24876.232036370817,interactive_short,True,32
exact_bucket_wait,180,23057.569921635688,164121.0513663863,192308.86784027,169251.29791863431,141063.48144475062,28057.569921635688,interactive_medium,True,64
exact_bucket_wait,181,23117.40124071703,179713.7289845902,192449.38763106003,169331.986390343,156596.32774387317,25117.40124071703,interactive_short,True,32
exact_bucket_wait,182,23118.140432481006,77498.28154911351,139889.3497430004,116771.20931051939,54380.141116632505,33118.14043248101,interactive_long,True,256
exact_bucket_wait,183,23172.326986704356,179760.56891485356,192496.22756132338,169323.900574619,156588.2419281492,25172.326986704356,interactive_short,True,32
exact_bucket_wait,184,23347.363533960946,179901.0887056436,192636.74735211342,169289.38381815248,156553.72517168266,25347.363533960946,interactive_short,True,32
exact_bucket_wait,185,23587.41036238676,181266.41681174276,192917.7869336935,169330.37657130676,157679.006449356,25587.41036238676,interactive_short,True,32
exact_bucket_wait,186,23970.761111136788,164121.0513663863,192308.86784027,168338.1067291332,140150.2902552495,28970.761111136788,interactive_medium,True,64
exact_bucket_wait,187,24038.641255365983,181687.9761841129,193339.34630606364,169300.70505069767,157649.33492874692,26038.641255365983,interactive_short,True,32
exact_bucket_wait,188,24210.69201630984,182156.37548674637,193807.74560869712,169597.0535923873,157945.68347043655,26210.69201630984,interactive_short,True,32
exact_bucket_wait,189,24309.435710628204,182203.21541700972,193854.58553896047,169545.14982833227,157893.77970638152,26309.435710628204,interactive_short,True,32
exact_bucket_wait,190,24424.992641249286,182250.05534727307,193901.42546922382,169476.43282797452,157825.06270602377,26424.992641249286,interactive_short,True,32
exact_bucket_wait,191,24456.13667020483,182250.05534727307,193901.42546922382,169445.28879901898,157793.91867706823,26456.13667020483,interactive_short,True,32
exact_bucket_wait,192,24487.101687704122,182484.2549985898,194135.62512054056,169648.52343283643,157997.15331088568,26487.101687704122,interactive_short,True,32
exact_bucket_wait,193,24558.652968598177,24682.36553454108,196011.1230233499,171452.47005475173,123.7125659429039,29558.652968598177,interactive_medium,True,128
exact_bucket_wait,194,24562.334765128136,185342.1410676444,196339.00253519334,171776.6677700652,160779.80630251626,26562.334765128136,interactive_short,True,32
exact_bucket_wait,195,24613.543295686974,164121.0513663863,192308.86784027,167695.324544583,139507.50807069932,29613.543295686974,interactive_medium,True,64
exact_bucket_wait,196,24755.637828562125,185388.98099790775,196385.8424654567,171630.20463689457,160633.34316934564,26755.637828562125,interactive_short,True,32
exact_bucket_wait,197,24820.39358820911,192308.86784027,199570.95772336435,174750.56413515523,167488.47425206087,26820.39358820911,interactive_short,True,32
exact_bucket_wait,198,24842.940728942838,77498.28154911351,139889.3497430004,115046.40901405757,52655.34082017068,34842.940728942835,interactive_long,True,256
exact_bucket_wait,199,24921.686492711895,164121.0513663863,192308.86784027,167387.1813475581,139199.3648736744,29921.686492711895,interactive_medium,True,64
exact_bucket_wait,200,24938.753881232176,24983.1534660357,199812.09316801126,174873.33928677908,44.399584803522885,29938.753881232176,interactive_medium,True,128
exact_bucket_wait,201,25060.44651941491,25307.07893072221,200026.4357854752,174965.9892660603,246.6324113073024,30060.44651941491,interactive_medium,True,128
exact_bucket_wait,202,25063.863609210144,164121.0513663863,192308.86784027,167245.00423105984,139057.18775717614,30063.863609210144,interactive_medium,True,64
exact_bucket_wait,203,25126.477199181973,192308.86784027,199570.95772336435,174444.48052418238,167182.39064108802,27126.477199181973,interactive_short,True,32
exact_bucket_wait,204,25230.353759638227,192308.86784027,199570.95772336435,174340.6039637261,167078.51408063175,27230.353759638227,interactive_short,True,32
exact_bucket_wait,205,25233.788269681205,192308.86784027,199570.95772336435,174337.16945368313,167075.07957058877,27233.788269681205,interactive_short,True,32
exact_bucket_wait,206,25362.453079293,192449.38763106003,200166.95557626523,174804.5024969722,167086.93455176702,27362.453079293,interactive_short,True,32
exact_bucket_wait,207,25380.682423661325,192496.22756132338,200213.79550652858,174833.11308286726,167115.54513766206,27380.682423661325,interactive_short,True,32
exact_bucket_wait,208,25458.099469028028,192636.74735211342,200354.31529731862,174896.2158282906,167178.6478830854,27458.099469028028,interactive_short,True,32
exact_bucket_wait,209,25464.548588212954,77498.28154911351,139889.3497430004,114424.80115478745,52033.732960900554,35464.54858821296,interactive_long,True,256
exact_bucket_wait,210,25524.122521232708,192917.7869336935,200635.3548788987,175111.232357666,167393.6644124608,27524.122521232708,interactive_short,True,32
exact_bucket_wait,211,25553.850792560126,164121.0513663863,192308.86784027,166755.01704770987,138567.20057382618,30553.850792560126,interactive_medium,True,64
exact_bucket_wait,212,25603.323399998273,193339.34630606364,201056.91425126884,175453.59085127056,167736.02290606537,27603.323399998273,interactive_short,True,32
exact_bucket_wait,213,25782.355063763145,193807.74560869712,201525.31355390232,175742.95849013916,168025.39054493397,27782.355063763145,interactive_short,True,32
exact_bucket_wait,214,25841.933496685746,26001.204926479022,201900.41313446418,176058.47963777842,159.27142979327618,30841.933496685746,interactive_medium,True,128
exact_bucket_wait,215,26016.229264774458,77498.28154911351,139889.3497430004,113873.12047822594,51482.05228433905,36016.22926477446,interactive_long,True,256
exact_bucket_wait,216,26239.14685446279,193854.58553896047,201947.25306472753,175708.10621026473,167615.43868449767,28239.14685446279,interactive_short,True,32
exact_bucket_wait,217,26275.486276627307,164121.0513663863,192308.86784027,166033.38156364267,137845.56508975898,31275.486276627307,interactive_medium,True,64
exact_bucket_wait,218,26286.168245454395,193901.42546922382,201994.09299499088,175707.92474953647,167615.2572237694,28286.168245454395,interactive_short,True,32
exact_bucket_wait,219,26288.614946243706,193901.42546922382,201994.09299499088,175705.47804874717,167612.81052298011,28288.614946243706,interactive_short,True,32
exact_bucket_wait,220,26385.52327712335,194135.62512054056,219784.83849656035,193399.315219437,167750.10184341721,31385.52327712335,interactive_medium,True,128
exact_bucket_wait,221,27547.005737839525,196011.1230233499,220019.0381478771,192472.03241003756,168464.11728551038,29547.005737839525,interactive_short,True,32
exact_bucket_wait,222,27600.84597637605,196339.00253519334,220346.91765972052,192746.07168334446,168738.15655881728,29600.84597637605,interactive_short,True,32
exact_bucket_wait,223,27732.12521440955,165339.10632756347,221137.54470884896,193405.4194944394,137606.98111315392,32732.12521440955,interactive_medium,True,64
exact_bucket_wait,224,27922.093748066218,196385.8424654567,221184.3846391123,193262.29089104608,168463.74871739047,29922.093748066218,interactive_short,True,32
exact_bucket_wait,225,28053.949752309476,200026.4357854752,224369.49989701997,196315.5501447105,171972.4860331657,30053.949752309476,interactive_short,True,32
exact_bucket_wait,226,28229.371274391047,200026.4357854752,224369.49989701997,196140.12862262892,171797.06451108414,30229.371274391047,interactive_short,True,32
exact_bucket_wait,227,28602.87088976467,169006.1275963685,224791.1676565551,196188.29676679044,140403.25670660383,33602.87088976467,interactive_medium,True,64
exact_bucket_wait,228,28630.663980191588,200026.4357854752,224369.49989701997,195738.83591682836,171395.7718052836,30630.663980191588,interactive_short,True,32
exact_bucket_wait,229,28633.237799603674,194135.62512054056,219784.83849656035,191151.60069695668,165502.3873209369,33633.237799603674,interactive_medium,True,128
exact_bucket_wait,230,28653.903502644942,200026.4357854752,224369.49989701997,195715.59639437502,171372.53228283025,30653.903502644942,interactive_short,True,32
exact_bucket_wait,231,28670.76947351466,200166.95557626523,224931.68744734515,196260.91797383048,171496.18610275057,30670.76947351466,interactive_short,True,32
exact_bucket_wait,232,28809.147486370108,200213.79550652858,224978.5273776085,196169.37989123838,171404.64802015846,30809.147486370108,interactive_short,True,32
exact_bucket_wait,233,28912.902895351493,200354.31529731862,225119.04716839854,196206.14427304704,171441.41240196713,30912.902895351493,interactive_short,True,32
exact_bucket_wait,234,28943.634794770933,200635.3548788987,225400.08674997863,196456.45195520768,171691.72008412777,30943.634794770933,interactive_short,True,32
exact_bucket_wait,235,29093.90866521693,201056.91425126884,225821.64612234876,196727.73745713182,171963.0055860519,31093.90866521693,interactive_short,True,32
exact_bucket_wait,236,29275.94361208116,169247.08060181717,226017.42043927583,196741.47682719468,139971.136989736,34275.94361208116,interactive_medium,True,64
exact_bucket_wait,237,29298.90229168336,201900.41313446418,226485.8197419093,197186.91745022594,172601.51084278082,31298.90229168336,interactive_short,True,32
exact_bucket_wait,238,29415.724244300833,201947.25306472753,226532.65967217265,197116.93542787182,172531.5288204267,31415.724244300833,interactive_short,True,32
exact_bucket_wait,239,29587.97814468341,219784.83849656035,226579.499602436,196991.5214577526,190196.86035187694,31587.97814468341,interactive_short,True,32
exact_bucket_wait,240,29603.183137717973,219784.83849656035,226579.499602436,196976.31646471802,190181.65535884237,31603.183137717973,interactive_short,True,32
exact_bucket_wait,241,29817.04858522834,220019.0381478771,226813.69925375274,196996.6506685244,190201.98956264876,31817.04858522834,interactive_short,True,32
exact_bucket_wait,242,30235.106205163418,221137.54470884896,227141.57876559618,196906.47256043277,190902.43850368555,32235.106205163418,interactive_short,True,32
exact_bucket_wait,243,30249.4061874665,194135.62512054056,219784.83849656035,189535.43230909386,163886.21893307407,35249.4061874665,interactive_medium,True,128
exact_bucket_wait,244,30252.657921366892,221184.3846391123,227188.41869585952,196935.76077449264,190931.72671774542,32252.657921366892,interactive_short,True,32
exact_bucket_wait,245,30299.39595864246,173791.63770901255,230850.54355900947,200551.14760036703,143492.24175037007,35299.39595864246,interactive_medium,True,64
exact_bucket_wait,246,30440.79329935244,224791.1676565551,234035.65881691713,203594.8655175647,194350.37435720267,32440.79329935244,interactive_short,True,32
exact_bucket_wait,247,30837.569467701906,224791.1676565551,234035.65881691713,203198.0893492152,193953.59818885318,32837.569467701906,interactive_short,True,32
exact_bucket_wait,248,30900.72761531641,224791.1676565551,234035.65881691713,203134.93120160073,193890.4400412387,32900.72761531641,interactive_short,True,32
exact_bucket_wait,249,31057.64232740509,224791.1676565551,234035.65881691713,202978.01648951205,193733.52532915003,33057.64232740509,interactive_short,True,32
exact_bucket_wait,250,31067.522251841285,224931.68744734515,234176.17860770717,203108.65635586588,193864.16519550385,33067.522251841285,interactive_short,True,32
exact_bucket_wait,251,31214.168118731115,175565.01847921795,234655.74257788152,203441.5744591504,144350.85036048683,36214.16811873112,interactive_medium,True,64
exact_bucket_wait,252,31337.521484324036,224978.5273776085,234702.58250814487,203365.06102382083,193641.00589328445,33337.52148432404,interactive_short,True,32
exact_bucket_wait,253,31350.955898307842,225119.04716839854,234843.10229893491,203492.14640062707,193768.0912700907,33350.955898307846,interactive_short,True,32
exact_bucket_wait,254,31536.02102604889,77498.28154911351,139889.3497430004,108353.32871695151,45962.26052306462,41536.02102604889,interactive_long,True,256
exact_bucket_wait,255,31773.4056292375,77498.28154911351,139889.3497430004,108115.9441137629,45724.87591987601,41773.4056292375,interactive_long,True,256
exact_bucket_wait,256,31888.070666579795,225400.08674997863,235124.141880515,203236.0712139352,193512.01608339883,33888.07066657979,interactive_short,True,32
exact_bucket_wait,257,31904.199795128174,226017.42043927583,235545.70125288513,203641.50145775697,194113.22064414766,33904.199795128174,interactive_short,True,32
exact_bucket_wait,258,32419.885487509262,226485.8197419093,236014.1005555186,203594.21506800936,194065.93425440005,34419.885487509266,interactive_short,True,32
exact_bucket_wait,259,32610.657850543124,194135.62512054056,219784.83849656035,187174.18064601722,161524.96726999743,37610.657850543124,interactive_medium,True,128
exact_bucket_wait,260,32663.9691309537,180182.1282872237,236101.2940046412,203437.32487368752,147518.15915626998,37663.9691309537,interactive_medium,True,64
exact_bucket_wait,261,32733.878801999526,182812.13451043324,236807.56094253442,204073.6821405349,150078.25570843372,37733.878801999526,interactive_medium,True,64
exact_bucket_wait,262,32791.74655489055,226532.65967217265,236854.40087279776,204062.6543179072,193740.9131172821,34791.74655489055,interactive_short,True,32
exact_bucket_wait,263,32879.88910386815,226579.499602436,236901.2408030611,204021.35169919295,193699.61049856787,34879.88910386815,interactive_short,True,32
exact_bucket_wait,264,32932.06192917742,184016.89953767665,237598.78839604196,204666.72646686452,151084.83760849922,37932.06192917742,interactive_medium,True,64
exact_bucket_wait,265,33168.848782436384,188574.0962558154,238270.1779542859,205101.32917184953,155405.24747337901,38168.848782436384,interactive_medium,True,64
exact_bucket_wait,266,33384.82785110351,226579.499602436,236901.2408030611,203516.4129519576,193194.6717513325,35384.82785110351,interactive_short,True,32
exact_bucket_wait,267,33398.769580121174,77498.28154911351,139889.3497430004,106490.58016287923,44099.51196899234,43398.769580121174,interactive_long,True,256
exact_bucket_wait,268,33803.6147575684,226813.69925375274,238504.37760560264,204700.76284803424,193010.08449618434,35803.6147575684,interactive_short,True,32
exact_bucket_wait,269,33929.797537823724,227141.57876559618,238832.25711744608,204902.45957962234,193211.78122777244,35929.797537823724,interactive_short,True,32
exact_bucket_wait,270,34150.34523208458,220346.91765972052,242736.1630185086,208585.817786424,186196.57242763595,39150.34523208458,interactive_medium,True,64
exact_bucket_wait,271,34303.924809167096,230850.54355900947,242783.00294877196,208479.07813960486,196546.61874984237,36303.924809167096,interactive_short,True,32
exact_bucket_wait,272,34375.39882457964,234035.65881691713,245968.11820667962,211592.71938209998,199660.2599923375,36375.39882457964,interactive_short,True,32
exact_bucket_wait,273,34540.83504112408,194135.62512054056,219784.83849656035,185244.00345543626,159594.79007941647,39540.83504112408,interactive_medium,True,128
exact_bucket_wait,274,34961.58939503457,234035.65881691713,245968.11820667962,211006.52881164505,199074.06942188257,36961.58939503457,interactive_short,True,32
exact_bucket_wait,275,35000.94234790629,234035.65881691713,245968.11820667962,210967.17585877332,199034.71646901083,37000.94234790629,interactive_short,True,32
exact_bucket_wait,276,35207.354603354244,234035.65881691713,245968.11820667962,210760.76360332538,198828.3042135629,37207.354603354244,interactive_short,True,32
exact_bucket_wait,277,35303.925192645904,234655.74257788152,246108.63799746966,210804.71280482376,199351.81738523563,37303.925192645904,interactive_short,True,32
exact_bucket_wait,278,35386.50958735607,234702.58250814487,246155.477927733,210768.96834037694,199316.0729207888,37386.50958735607,interactive_short,True,32
exact_bucket_wait,279,35458.00294571934,234843.10229893491,246287.21523159868,210829.21228587933,199385.09935321557,37458.00294571934,interactive_short,True,32
exact_bucket_wait,280,35622.14561510401,220346.91765972052,242736.1630185086,207114.0174034046,184724.77204461652,40622.14561510401,interactive_medium,True,64
exact_bucket_wait,281,35661.21002305278,235124.141880515,246533.12486548125,210871.91484242846,199462.93185746222,37661.21002305278,interactive_short,True,32
exact_bucket_wait,282,35899.78586967136,235545.70125288513,246875.64185553198,210975.85598586063,199645.91538321378,37899.78586967136,interactive_short,True,32
exact_bucket_wait,283,36121.81914781149,236807.56094253442,247282.4400261929,211160.62087838142,200685.7417947229,38121.81914781149,interactive_short,True,32
exact_bucket_wait,284,36133.15042806902,236854.40087279776,247319.72985850347,211186.57943043445,200721.25044472874,38133.15042806902,interactive_short,True,32
exact_bucket_wait,285,36399.89417427205,194135.62512054056,219784.83849656035,183384.9443222883,157735.7309462685,41399.89417427205,interactive_medium,True,128
exact_bucket_wait,286,36434.83583466261,220346.91765972052,242736.1630185086,206301.327183846,183912.08182505792,41434.83583466261,interactive_medium,True,64
exact_bucket_wait,287,36512.95380444579,238270.1779542859,247353.62970605853,210840.67590161273,201757.22414984013,38512.95380444579,interactive_short,True,32
exact_bucket_wait,288,36630.76123262415,238270.1779542859,247353.62970605853,210722.86847343438,201639.41672166175,38630.76123262415,interactive_short,True,32
exact_bucket_wait,289,36690.312104320525,238504.37760560264,247489.22909627884,210798.9169919583,201814.0655012821,38690.312104320525,interactive_short,True,32
exact_bucket_wait,290,36693.952091355284,242736.1630185086,247655.33834929866,210961.38625794338,206042.21092715333,38693.952091355284,interactive_short,True,32
exact_bucket_wait,291,36931.888652393725,220346.91765972052,242736.1630185086,205804.27436611487,183415.0290073268,41931.888652393725,interactive_medium,True,64
exact_bucket_wait,292,36956.975800880566,242783.00294877196,247749.34146049255,210792.365659612,205826.0271478914,38956.975800880566,interactive_short,True,32
exact_bucket_wait,293,36986.776962734126,245968.11820667962,253076.1844281462,216089.40746541208,208981.3412439455,38986.776962734126,interactive_short,True,32
exact_bucket_wait,294,37186.60921386897,220346.91765972052,242736.1630185086,205549.55380463964,183160.30844585155,42186.60921386897,interactive_medium,True,64
exact_bucket_wait,295,37238.612835685184,245968.11820667962,253076.1844281462,215837.57159246103,208729.50537099445,39238.612835685184,interactive_short,True,32
exact_bucket_wait,296,37503.979535138125,245968.11820667962,253076.1844281462,215572.20489300808,208464.1386715415,39503.979535138125,interactive_short,True,32
exact_bucket_wait,297,37654.97034065193,245968.11820667962,253076.1844281462,215421.21408749427,208313.1478660277,39654.97034065193,interactive_short,True,32
exact_bucket_wait,298,37695.38720520302,246108.63799746966,253162.04300134614,215466.6557961431,208413.25079226663,39695.38720520302,interactive_short,True,32
exact_bucket_wait,299,37696.66257874695,220346.91765972052,242736.1630185086,205039.50043976167,182650.25508097355,42696.66257874695,interactive_medium,True,64
canvas_aware,0,0.0,0.0,7892.489432777724,7892.489432777724,0.0,2000.0,interactive_short,True,32
canvas_aware,1,292.83291474104675,314.8147683998104,8805.076072440768,8512.243157699722,21.98185365876367,2292.832914741047,interactive_short,True,32
canvas_aware,2,391.42741989318483,784.2448173498269,10049.512399254016,9658.08497936083,392.8173974566421,2391.427419893185,interactive_short,True,32
canvas_aware,3,616.3472183093854,784.2448173498269,10049.512399254016,9433.16518094463,167.8975990404415,2616.3472183093854,interactive_short,True,32
canvas_aware,4,725.5339243971055,784.2448173498269,10091.48988206114,9365.955957664035,58.71089295272145,5725.533924397106,interactive_medium,True,64
canvas_aware,5,745.5687787932146,784.2448173498269,10049.512399254016,9303.943620460801,38.6760385566123,2745.5687787932147,interactive_short,True,32
canvas_aware,6,762.6100518896486,784.2448173498269,10091.48988206114,9328.87983017149,21.6347654601783,5762.610051889648,interactive_medium,True,64
canvas_aware,7,808.6778932798728,845.2802317356545,10118.609760105199,9309.931866825325,36.602338455781705,2808.677893279873,interactive_short,True,32
canvas_aware,8,1095.2343306746511,1124.299268928009,10227.089272281435,9131.854941606784,29.064938253357923,3095.234330674651,interactive_short,True,32
canvas_aware,9,1294.013705511534,1321.4213972150376,10308.448906413612,9014.435200902079,27.407691703503588,3294.0137055115338,interactive_short,True,32
canvas_aware,10,1540.4066972502164,1597.8108406197728,10416.928418589849,8876.521721339632,57.40414336955632,3540.4066972502164,interactive_short,True,32
canvas_aware,11,1826.8928056732598,1887.7602230465375,10511.847991744055,8684.955186070794,60.8674173732777,3826.8928056732598,interactive_short,True,32
canvas_aware,12,1856.3702084468844,1887.7602230465375,10511.847991744055,8655.47778329717,31.390014599653114,3856.370208446884,interactive_short,True,32
canvas_aware,13,1892.2521152686002,1967.0275381642437,10542.357854543621,8650.10573927502,74.77542289564349,3892.2521152686004,interactive_short,True,32
canvas_aware,14,1905.8107861701817,1967.0275381642437,10542.357854543621,8636.54706837344,61.21675199406195,3905.810786170182,interactive_short,True,32
canvas_aware,15,2095.1428167214876,2127.097390456424,10739.479982830648,8644.33716610916,31.954573734936275,4095.1428167214876,interactive_short,True,32
canvas_aware,16,2364.5586894738217,7934.466915584848,15864.835549485952,13500.27686001213,5569.908226111026,4364.558689473822,interactive_short,True,32
canvas_aware,17,2429.7476267174347,8847.053555247892,16719.331350887536,14289.583724170101,6417.305928530457,4429.747626717435,interactive_short,True,32
canvas_aware,18,2550.9134216460684,10542.357854543621,19458.143655436397,16907.230233790327,7991.444432897553,7550.913421646068,interactive_medium,True,64
canvas_aware,19,2571.8996963450304,10511.847991744055,19416.166172629273,16844.266476284243,7939.948295399025,4571.89969634503,interactive_short,True,32
canvas_aware,20,2904.094909359041,10542.357854543621,19458.143655436397,16554.048746077355,7638.2629451845805,7904.094909359041,interactive_medium,True,64
canvas_aware,21,3154.040407979077,10511.847991744055,19416.166172629273,16262.125764650196,7357.807583764978,5154.040407979077,interactive_short,True,32
canvas_aware,22,3621.330809845523,10511.847991744055,19416.166172629273,15794.83536278375,6890.517181898531,5621.330809845524,interactive_short,True,32
canvas_aware,23,3829.430955065567,10511.847991744055,21113.144831859634,17283.713876794067,6682.417036678487,5829.430955065567,interactive_short,True,32
canvas_aware,24,4095.947884398731,16785.038726983214,39295.98666811971,35200.03878372098,12689.090842584483,9095.94788439873,interactive_medium,True,128
canvas_aware,25,4099.0852238968355,16719.331350887536,39109.421049485194,35010.33582558836,12620.2461269907,6099.0852238968355,interactive_short,True,32
canvas_aware,26,4265.828550838182,16719.331350887536,39109.421049485194,34843.59249864701,12453.502800049355,6265.828550838182,interactive_short,True,32
canvas_aware,27,4316.296649666037,16719.331350887536,39109.421049485194,34793.12439981916,12403.034701221499,6316.296649666037,interactive_short,True,32
canvas_aware,28,4650.169650901716,19544.450911615433,44121.702480549706,39471.53282964799,14894.281260713717,9650.169650901717,interactive_medium,True,64
canvas_aware,29,4852.754216451427,19513.941048815865,43995.770032128334,39143.0158156769,14661.186832364438,6852.754216451427,interactive_short,True,32
canvas_aware,30,5102.200629074276,19544.450911615433,44121.702480549706,39019.501851475434,14442.250282541158,10102.200629074276,interactive_medium,True,64
canvas_aware,31,5310.285976004193,19544.450911615433,44121.702480549706,38811.416504545516,14234.16493561124,10310.285976004194,interactive_medium,True,64
canvas_aware,32,5349.079044788369,19513.941048815865,43995.770032128334,38646.69098733996,14164.862004027495,7349.079044788369,interactive_short,True,32
canvas_aware,33,5542.606909747875,19628.40587722968,44177.49987392918,38634.8929641813,14085.798967481805,10542.606909747876,interactive_medium,True,128
canvas_aware,34,5556.906454327444,19513.941048815865,43995.770032128334,38438.86357780089,13957.034594488421,7556.906454327444,interactive_short,True,32
canvas_aware,35,5814.035061345923,19513.941048815865,43995.770032128334,38181.73497078241,13699.905987469941,7814.035061345923,interactive_short,True,32
canvas_aware,36,6058.549411246299,19544.450911615433,44121.702480549706,38063.15306930341,13485.901500369135,11058.549411246298,interactive_medium,True,64
canvas_aware,37,6089.997709723457,19513.941048815865,43995.770032128334,37905.772322404875,13423.943339092408,8089.997709723457,interactive_short,True,32
canvas_aware,38,6301.999295723954,21309.23157189016,44897.81420924396,38595.81491352001,15007.232276166205,11301.999295723954,interactive_medium,True,64
canvas_aware,39,6379.092776080379,21278.72170909059,44855.836726436835,38476.74395035645,14899.628933010212,8379.092776080379,interactive_short,True,32
canvas_aware,40,6424.607538630259,39326.49653091928,53022.44836171611,46597.84082308585,32901.888992289016,11424.607538630258,interactive_medium,True,64
canvas_aware,41,6622.911549053361,39295.98666811971,53022.44836171611,46399.53681266275,32673.075119066347,8622.911549053362,interactive_short,True,32
canvas_aware,42,6655.192409821514,39295.98666811971,53022.44836171611,46367.25595189459,32640.794258298196,8655.192409821513,interactive_short,True,32
canvas_aware,43,6658.18602666605,39295.98666811971,53022.44836171611,46364.26233505006,32637.800641453658,8658.18602666605,interactive_short,True,32
canvas_aware,44,6685.010083142253,44177.49987392918,53646.20555672951,46961.19547358726,37492.48979078692,8685.010083142253,interactive_short,True,32
canvas_aware,45,6734.745935990244,44177.49987392918,53646.20555672951,46911.45962073927,37442.753937938935,8734.745935990244,interactive_short,True,32
canvas_aware,46,6984.458302053212,44177.49987392918,53646.20555672951,46661.7472546763,37193.04157187596,8984.458302053212,interactive_short,True,32
canvas_aware,47,7410.444910545579,44177.49987392918,53646.20555672951,46235.76064618393,36767.0549633836,9410.444910545579,interactive_short,True,32
canvas_aware,48,7451.356100164368,44177.49987392918,53646.20555672951,46194.84945656514,36726.14377376481,9451.356100164368,interactive_short,True,32
canvas_aware,49,7579.578060402718,44177.49987392918,53646.20555672951,46066.62749632679,36597.92181352646,9579.578060402717,interactive_short,True,32
canvas_aware,50,7643.364278066478,44177.49987392918,53646.20555672951,46002.841278663036,36534.135595862695,9643.364278066478,interactive_short,True,32
canvas_aware,51,8139.767499437608,44177.49987392918,53646.20555672951,45506.4380572919,36037.73237449157,10139.767499437608,interactive_short,True,32
canvas_aware,52,8235.809471382761,44177.49987392918,58709.728303977856,50473.918832595096,35941.69040254642,10235.809471382761,interactive_short,True,32
canvas_aware,53,8585.906538540918,53746.46161325078,79847.2841113073,71261.37757276637,45160.55507470986,13585.906538540918,interactive_medium,True,128
canvas_aware,54,8601.225772145592,53646.20555672951,79728.52049371714,71127.29472157154,45044.97978458392,10601.225772145592,interactive_short,True,32
canvas_aware,55,9041.225967209095,53646.20555672951,79728.52049371714,70687.29452650805,44604.979589520415,11041.225967209095,interactive_short,True,32
canvas_aware,56,9065.814204278175,53646.20555672951,79728.52049371714,70662.70628943897,44580.391352451334,11065.814204278175,interactive_short,True,32
canvas_aware,57,9476.355435769208,53683.495389040094,79791.48671792782,70315.13128215862,44207.13995327089,14476.355435769208,interactive_medium,True,64
canvas_aware,58,9514.9203717677,53646.20555672951,79728.52049371714,70213.60012194944,44131.28518496181,11514.9203717677,interactive_short,True,32
canvas_aware,59,9529.262938564887,53646.20555672951,79728.52049371714,70199.25755515225,44116.94261816463,11529.262938564887,interactive_short,True,32
canvas_aware,60,9600.532655692781,53802.25900663025,79919.69579390372,70319.16313821095,44201.72635093747,19600.532655692783,interactive_long,True,256
canvas_aware,61,9763.527546022464,53646.20555672951,79728.52049371714,69964.99294769467,43882.678010707044,11763.527546022464,interactive_short,True,32
canvas_aware,62,9810.578467820325,53646.20555672951,79728.52049371714,69917.94202589682,43835.62708890918,11810.578467820325,interactive_short,True,32
canvas_aware,63,9927.07029216558,53646.20555672951,79728.52049371714,69801.45020155156,43719.13526456393,11927.07029216558,interactive_short,True,32
canvas_aware,64,10016.602581748852,53683.495389040094,79791.48671792782,69774.88413617897,43666.89280729124,15016.602581748852,interactive_medium,True,64
canvas_aware,65,10077.4089366831,53683.495389040094,79791.48671792782,69714.07778124472,43606.08645235699,15077.4089366831,interactive_medium,True,64
canvas_aware,66,10184.8351468604,53646.20555672951,79728.52049371714,69543.68534685674,43461.37040986911,12184.8351468604,interactive_short,True,32
canvas_aware,67,10221.58497873195,53646.20555672951,79728.52049371714,69506.93551498519,43424.62057799756,12221.58497873195,interactive_short,True,32
canvas_aware,68,10375.796782188545,58900.90360416444,83574.51826374806,73198.72148155952,48525.106821975896,12375.796782188545,interactive_short,True,32
canvas_aware,69,10376.008370944079,79919.69579390372,98688.20572082073,88312.19734987665,69543.68742295964,12376.008370944079,interactive_short,True,32
canvas_aware,70,10700.754070417277,79919.69579390372,98688.20572082073,87987.45165040345,69218.94172348645,12700.754070417277,interactive_short,True,32
canvas_aware,71,10797.400222352471,80002.35309377694,98811.80511524456,88014.40489289208,69204.95287142447,15797.400222352471,interactive_medium,True,128
canvas_aware,72,10956.266725819694,79960.37561096982,98730.18320362785,87773.91647780816,69004.10888515013,15956.266725819694,interactive_medium,True,64
canvas_aware,73,11125.592002823743,79919.69579390372,98688.20572082073,87562.61371799698,68794.10379107998,13125.592002823743,interactive_short,True,32
canvas_aware,74,11264.41312774723,79919.69579390372,98688.20572082073,87423.7925930735,68655.28266615649,13264.41312774723,interactive_short,True,32
canvas_aware,75,11321.026253041975,79919.69579390372,98688.20572082073,87367.17946777875,68598.66954086175,13321.026253041975,interactive_short,True,32
canvas_aware,76,11330.094069685985,80002.35309377694,98811.80511524456,87481.71104555856,68672.25902409095,16330.094069685985,interactive_medium,True,128
canvas_aware,77,11466.513040299798,79919.69579390372,98688.20572082073,87221.69268052092,68453.18275360392,13466.513040299798,interactive_short,True,32
canvas_aware,78,11516.610061853926,79919.69579390372,98688.20572082073,87171.5956589668,68403.0857320498,13516.610061853926,interactive_short,True,32
canvas_aware,79,11563.704398407523,79919.69579390372,98688.20572082073,87124.5013224132,68355.9913954962,13563.704398407523,interactive_short,True,32
canvas_aware,80,11799.201309189602,79919.69579390372,98688.20572082073,86889.00441163112,68120.49448471412,13799.201309189602,interactive_short,True,32
canvas_aware,81,11958.212362766317,79919.69579390372,98688.20572082073,86729.9933580544,67961.4834311374,13958.212362766317,interactive_short,True,32
canvas_aware,82,12002.854291904636,79919.69579390372,98688.20572082073,86685.3514289161,67916.8415019991,14002.854291904636,interactive_short,True,32
canvas_aware,83,12049.107729026966,79960.37561096982,98730.18320362785,86681.07547460089,67911.26788194285,17049.107729026968,interactive_medium,True,64
canvas_aware,84,12114.721799206265,83698.11765817189,100950.64967800258,88835.92787879631,71583.39585896562,14114.721799206265,interactive_short,True,32
canvas_aware,85,12179.076085812601,98811.80511524456,123523.1282476002,111344.0521617876,86632.72902943195,14179.076085812601,interactive_short,True,32
canvas_aware,86,12222.886995010424,98835.5350085331,123732.68211918732,111509.79512417689,86612.64801352267,22222.886995010424,interactive_long,True,256
canvas_aware,87,12239.905675539047,98811.80511524456,123523.1282476002,111283.22257206115,86571.8994397055,14239.905675539047,interactive_short,True,32
canvas_aware,88,12308.092802123809,98811.80511524456,123523.1282476002,111215.03544547639,86503.71231312075,14308.092802123809,interactive_short,True,32
canvas_aware,89,12660.529094511921,98811.80511524456,123523.1282476002,110862.59915308827,86151.27602073264,14660.529094511921,interactive_short,True,32
canvas_aware,90,12801.915068416965,98811.80511524456,123523.1282476002,110721.21317918322,86009.89004682758,14801.915068416965,interactive_short,True,32
canvas_aware,91,13093.295271417639,98811.80511524456,123523.1282476002,110429.83297618256,85718.50984382692,15093.295271417639,interactive_short,True,32
canvas_aware,92,13212.776556905194,101060.35119290958,128859.17109064618,115646.39453374098,87847.57463600438,18212.77655690519,interactive_medium,True,64
canvas_aware,93,13257.530660544287,101023.06136059901,128796.2048664355,115538.6742058912,87765.53070005472,15257.530660544287,interactive_short,True,32
canvas_aware,94,13356.772435519919,101023.06136059901,128796.2048664355,115439.43243091558,87666.28892507909,15356.772435519919,interactive_short,True,32
canvas_aware,95,13356.823188284057,101023.06136059901,128796.2048664355,115439.38167815143,87666.23817231494,15356.823188284057,interactive_short,True,32
canvas_aware,96,13399.092294744107,101158.12606909618,128987.38016662208,115588.28787187798,87759.03377435208,23399.092294744107,interactive_long,True,256
canvas_aware,97,13469.332633408574,101023.06136059901,128796.2048664355,115326.87223302692,87553.72872719044,15469.332633408574,interactive_short,True,32
canvas_aware,98,13577.765675047678,101102.32867571671,128914.96848402565,115337.20280897798,87524.56300066903,18577.765675047678,interactive_medium,True,128
canvas_aware,99,13710.685420190843,101060.35119290958,128859.17109064618,115148.48567045534,87349.66577271874,18710.685420190843,interactive_medium,True,64
canvas_aware,100,13788.868727443982,101023.06136059901,128796.2048664355,115007.33613899151,87234.19263315502,15788.868727443982,interactive_short,True,32
canvas_aware,101,13861.829069481168,123769.9719514979,135369.9406423968,121508.11157291563,109908.14288201672,18861.829069481166,interactive_medium,True,64
canvas_aware,102,13891.881402198052,123732.68211918732,135369.9406423968,121478.05924019875,109840.80071698927,15891.881402198052,interactive_short,True,32
canvas_aware,103,13971.994913049224,123732.68211918732,135369.9406423968,121397.94572934759,109760.6872061381,15971.994913049224,interactive_short,True,32
canvas_aware,104,14261.302865860893,123732.68211918732,135369.9406423968,121108.6377765359,109471.37925332642,16261.302865860893,interactive_short,True,32
canvas_aware,105,14460.022449070235,123732.68211918732,135369.9406423968,120909.91819332656,109272.65967011708,16460.022449070235,interactive_short,True,32
canvas_aware,106,14483.267178506085,123732.68211918732,135369.9406423968,120886.67346389072,109249.41494068124,16483.267178506085,interactive_short,True,32
canvas_aware,107,14494.343151198389,123732.68211918732,135369.9406423968,120875.59749119841,109238.33896798892,16494.343151198387,interactive_short,True,32
canvas_aware,108,14584.91050142513,128987.38016662208,140590.23533438824,126005.32483296312,114402.46966519696,16584.910501425133,interactive_short,True,32
canvas_aware,109,14710.189537420167,135487.7954555661,158309.76399278847,143599.5744553683,120777.60591814594,19710.189537420167,interactive_medium,True,128
canvas_aware,110,14761.2209585759,135403.84048995186,158228.14208117177,143466.92112259587,120642.61953137597,19761.220958575897,interactive_medium,True,64
canvas_aware,111,14974.480712471766,135369.9406423968,158144.18711555752,143169.70640308576,120395.45992992504,16974.480712471766,interactive_short,True,32
canvas_aware,112,15148.337875684105,135369.9406423968,158144.18711555752,142995.8492398734,120221.60276671269,17148.337875684105,interactive_short,True,32
canvas_aware,113,15287.984181002554,135369.9406423968,158144.18711555752,142856.20293455495,120081.95646139425,17287.984181002554,interactive_short,True,32
canvas_aware,114,15319.78776854089,135487.7954555661,158309.76399278847,142989.9762242476,120168.00768702522,20319.78776854089,interactive_medium,True,128
canvas_aware,115,15347.544838317583,135403.84048995186,158228.14208117177,142880.5972428542,120056.29565163428,20347.544838317583,interactive_medium,True,64
canvas_aware,116,15350.635917774982,135369.9406423968,158144.18711555752,142793.55119778254,120019.30472462182,17350.635917774984,interactive_short,True,32
canvas_aware,117,15385.739542848385,135369.9406423968,158144.18711555752,142758.44757270915,119984.20109954842,17385.739542848387,interactive_short,True,32
canvas_aware,118,15466.31663702253,135369.9406423968,158144.18711555752,142677.87047853498,119903.62400537427,17466.31663702253,interactive_short,True,32
canvas_aware,119,15703.23823822055,135369.9406423968,158144.18711555752,142440.94887733698,119666.70240417625,17703.23823822055,interactive_short,True,32
canvas_aware,120,15712.690292351328,135403.84048995186,158228.14208117177,142515.45178882044,119691.15019760054,20712.690292351326,interactive_medium,True,64
canvas_aware,121,15779.588836254938,135369.9406423968,158144.18711555752,142364.5982793026,119590.35180614187,17779.588836254938,interactive_short,True,32
canvas_aware,122,15903.791132278677,135403.84048995186,158228.14208117177,142324.3509488931,119500.04935767318,20903.791132278675,interactive_medium,True,64
canvas_aware,123,15930.817592063777,135369.9406423968,158144.18711555752,142213.36952349375,119439.12305033303,17930.817592063777,interactive_short,True,32
canvas_aware,124,16079.804286404938,140755.8122116192,162801.29223149028,146721.48794508533,124676.00792521426,18079.80428640494,interactive_short,True,32
canvas_aware,125,16165.049821522394,158309.76399278847,181861.95711488315,165696.90729336074,142144.71417126607,18165.049821522392,interactive_short,True,32
canvas_aware,126,16200.011486578172,158309.76399278847,181861.95711488315,165661.94562830497,142109.7525062103,18200.011486578172,interactive_short,True,32
canvas_aware,127,16333.421770675974,158399.85009504322,182048.52273351766,165715.10096284168,142066.42832436724,21333.421770675974,interactive_medium,True,128
canvas_aware,128,16334.116801639055,158336.88387083253,181966.90082190096,165632.7840202619,142002.76706919348,21334.116801639055,interactive_medium,True,64
canvas_aware,129,16507.886767702825,158336.88387083253,181966.90082190096,165459.01405419814,141828.99710312972,21507.886767702825,interactive_medium,True,64
canvas_aware,130,16691.621368966953,158309.76399278847,181861.95711488315,165170.33574591618,141618.1426238215,18691.621368966953,interactive_short,True,32
canvas_aware,131,16705.70970033716,158309.76399278847,181861.95711488315,165156.24741454597,141604.0542924513,18705.70970033716,interactive_short,True,32
canvas_aware,132,16774.914640443043,158336.88387083253,181966.90082190096,165191.9861814579,141561.96923038948,21774.914640443043,interactive_medium,True,64
canvas_aware,133,16799.09554498394,158399.85009504322,182048.52273351766,165249.4271885337,141600.75455005927,21799.09554498394,interactive_medium,True,128
canvas_aware,134,17195.2552287613,158309.76399278847,181861.95711488315,164666.70188612185,141114.50876402718,19195.2552287613,interactive_short,True,32
canvas_aware,135,17286.470668022794,158309.76399278847,181861.95711488315,164575.48644686036,141023.2933247657,19286.470668022794,interactive_short,True,32
canvas_aware,136,17292.911068011446,158309.76399278847,181861.95711488315,164569.0460468717,141016.85292477702,19292.911068011446,interactive_short,True,32
canvas_aware,137,17328.737778377672,162976.39023011725,184691.4760120331,167362.73823365543,145647.6524517396,22328.737778377672,interactive_medium,True,64
canvas_aware,138,17564.499031070805,162976.39023011725,184691.4760120331,167126.9769809623,145411.89119904645,22564.499031070805,interactive_medium,True,64
canvas_aware,139,17640.70594814107,162945.88036731767,184691.4760120331,167050.770063892,145305.1744191766,19640.70594814107,interactive_short,True,32
canvas_aware,140,17842.774213720182,162945.88036731767,184691.4760120331,166848.70179831292,145103.1061535975,19842.774213720182,interactive_short,True,32
canvas_aware,141,17980.4428672742,182048.52273351766,190431.74762564493,172451.30475837074,164068.07986624347,19980.4428672742,interactive_short,True,32
canvas_aware,142,18532.183655685596,182048.52273351766,190431.74762564493,171899.56396995933,163516.33907783206,20532.183655685596,interactive_short,True,32
canvas_aware,143,18645.306864651637,182048.52273351766,190473.72510845205,171828.4182438004,163403.215868866,23645.306864651637,interactive_medium,True,64
canvas_aware,144,19019.87245919522,182048.52273351766,190431.74762564493,171411.8751664497,163028.65027432243,21019.87245919522,interactive_short,True,32
canvas_aware,145,19297.412787635032,182048.52273351766,190431.74762564493,171134.3348380099,162751.10994588264,21297.412787635032,interactive_short,True,32
canvas_aware,146,19415.966862443453,182048.52273351766,190431.74762564493,171015.78076320147,162632.5558710742,21415.966862443453,interactive_short,True,32
canvas_aware,147,19574.763866991256,182048.52273351766,190473.72510845205,170898.9612414608,162473.75886652642,24574.763866991256,interactive_medium,True,64
canvas_aware,148,19662.607550107958,182048.52273351766,190431.74762564493,170769.14007553697,162385.9151834097,21662.607550107958,interactive_short,True,32
canvas_aware,149,19884.52136465816,182048.52273351766,190431.74762564493,170547.22626098676,162164.0013688595,21884.52136465816,interactive_short,True,32
canvas_aware,150,19983.74509517836,190514.40492551815,203479.24756964203,183495.50247446366,170530.65983033978,29983.74509517836,interactive_long,True,256
canvas_aware,151,20268.12618946514,190473.72510845205,203406.8358870456,183138.70969758046,170205.5989189869,22268.12618946514,interactive_short,True,32
canvas_aware,152,20438.280290763774,190473.72510845205,203406.8358870456,182968.55559628183,170035.4448176883,22438.280290763774,interactive_short,True,32
canvas_aware,153,20518.747426794853,190473.72510845205,203406.8358870456,182888.08846025076,169954.9776816572,22518.747426794853,interactive_short,True,32
canvas_aware,154,20556.249075176816,190473.72510845205,203406.8358870456,182850.5868118688,169917.47603327525,22556.249075176816,interactive_short,True,32
canvas_aware,155,20591.75013497452,190473.72510845205,203406.8358870456,182815.08575207109,169881.97497347754,22591.75013497452,interactive_short,True,32
canvas_aware,156,20718.647165813614,190473.72510845205,203406.8358870456,182688.188721232,169755.07794263843,22718.647165813614,interactive_short,True,32
canvas_aware,157,20900.1019482496,190473.72510845205,203406.8358870456,182506.733938796,169573.62316020246,22900.1019482496,interactive_short,True,32
canvas_aware,158,20992.187047197487,190473.72510845205,203406.8358870456,182414.64883984812,169481.53806125457,22992.187047197487,interactive_short,True,32
canvas_aware,159,21115.374879070103,190473.72510845205,203406.8358870456,182291.4610079755,169358.35022938196,23115.374879070103,interactive_short,True,32
canvas_aware,160,21155.50344564364,190473.72510845205,203406.8358870456,182251.33244140196,169318.2216628084,23155.50344564364,interactive_short,True,32
canvas_aware,161,21165.58467797354,190473.72510845205,203406.8358870456,182241.25120907207,169308.14043047852,23165.58467797354,interactive_short,True,32
canvas_aware,162,21207.646133975795,190473.72510845205,203406.8358870456,182199.1897530698,169266.07897447626,23207.646133975795,interactive_short,True,32
canvas_aware,163,21247.279005339795,203579.5036261633,224395.21390550828,203147.93490016847,182332.2246208235,26247.279005339795,interactive_medium,True,128
canvas_aware,164,21295.433438680913,203516.5374019526,224313.59199389158,203018.15855521066,182221.1039632717,26295.433438680913,interactive_medium,True,64
canvas_aware,165,21392.540909028787,203479.24756964203,224250.6257696809,202858.0848606521,182086.70666061324,23392.540909028787,interactive_short,True,32
canvas_aware,166,21411.157665100625,203479.24756964203,224250.6257696809,202839.46810458027,182068.0899045414,23411.157665100625,interactive_short,True,32
canvas_aware,167,21444.033214219708,203479.24756964203,224250.6257696809,202806.5925554612,182035.21435542233,23444.033214219708,interactive_short,True,32
canvas_aware,168,21592.033986517665,203479.24756964203,224250.6257696809,202658.59178316323,181887.21358312436,23592.033986517665,interactive_short,True,32
canvas_aware,169,21745.234259126977,203479.24756964203,224250.6257696809,202505.39151055392,181734.01331051506,23745.234259126977,interactive_short,True,32
canvas_aware,170,21753.53230050512,203579.5036261633,224395.21390550828,202641.68160500316,181825.97132565817,26753.53230050512,interactive_medium,True,128
canvas_aware,171,21818.978817074574,203479.24756964203,224250.6257696809,202431.64695260633,181660.26875256747,23818.978817074574,interactive_short,True,32
canvas_aware,172,21916.756486304832,203479.24756964203,224250.6257696809,202333.86928337606,181562.4910833372,23916.756486304832,interactive_short,True,32
canvas_aware,173,21983.939959482206,203516.5374019526,224313.59199389158,202329.65203440937,181532.5974424704,26983.939959482206,interactive_medium,True,64
canvas_aware,174,22012.905364318507,203516.5374019526,224313.59199389158,202300.68662957306,181503.6320376341,27012.905364318507,interactive_medium,True,64
canvas_aware,175,22081.027195630762,203479.24756964203,224250.6257696809,202169.59857405012,181398.22037401126,24081.027195630762,interactive_short,True,32
canvas_aware,176,22375.049646022617,203479.24756964203,224250.6257696809,201875.57612365828,181104.19792361942,24375.049646022617,interactive_short,True,32
canvas_aware,177,22484.707263081855,203479.24756964203,224250.6257696809,201765.91850659903,180994.54030656017,24484.707263081855,interactive_short,True,32
canvas_aware,178,22633.35222358207,203479.24756964203,224250.6257696809,201617.27354609882,180845.89534605996,24633.35222358207,interactive_short,True,32
canvas_aware,179,22876.232036370817,224395.21390550828,241723.90947722975,218847.67744085894,201518.98186913747,24876.232036370817,interactive_short,True,32
canvas_aware,180,23057.569921635688,224432.50373781886,241765.88696003688,218708.3170384012,201374.93381618318,28057.569921635688,interactive_medium,True,64
canvas_aware,181,23117.40124071703,224395.21390550828,241723.90947722975,218606.50823651272,201277.81266479124,25117.40124071703,interactive_short,True,32
canvas_aware,182,23118.140432481006,224474.48122062598,241838.2986426333,218720.1582101523,201356.34078814497,33118.14043248101,interactive_long,True,256
canvas_aware,183,23172.326986704356,224395.21390550828,241723.90947722975,218551.58249052538,201222.8869188039,25172.326986704356,interactive_short,True,32
canvas_aware,184,23347.363533960946,224395.21390550828,241723.90947722975,218376.5459432688,201047.85037154733,25347.363533960946,interactive_short,True,32
canvas_aware,185,23587.41036238676,224395.21390550828,241723.90947722975,218136.499114843,200807.80354312152,25587.41036238676,interactive_short,True,32
canvas_aware,186,23970.761111136788,224432.50373781886,241765.88696003688,217795.1258489001,200461.74262668207,28970.761111136788,interactive_medium,True,64
canvas_aware,187,24038.641255365983,224395.21390550828,241723.90947722975,217685.26822186378,200356.5726501423,26038.641255365983,interactive_short,True,32
canvas_aware,188,24210.69201630984,224395.21390550828,241723.90947722975,217513.21746091993,200184.52188919846,26210.69201630984,interactive_short,True,32
canvas_aware,189,24309.435710628204,224395.21390550828,241723.90947722975,217414.47376660156,200085.77819488008,26309.435710628204,interactive_short,True,32
canvas_aware,190,24424.992641249286,224395.21390550828,241723.90947722975,217298.91683598046,199970.221264259,26424.992641249286,interactive_short,True,32
canvas_aware,191,24456.13667020483,224395.21390550828,241723.90947722975,217267.7728070249,199939.07723530344,26456.13667020483,interactive_short,True,32
canvas_aware,192,24487.101687704122,224395.21390550828,241723.90947722975,217236.80778952563,199908.11221780416,26487.101687704122,interactive_short,True,32
canvas_aware,193,24558.652968598177,241931.77472964357,270679.20994884626,246120.55698024807,217373.1217610454,29558.652968598177,interactive_medium,True,128
canvas_aware,194,24562.334765128136,241838.2986426333,270530.71129433956,245968.3765292114,217275.96387750516,26562.334765128136,interactive_short,True,32
canvas_aware,195,24613.543295686974,241868.80850543288,270593.67751855025,245980.13422286327,217255.2652097459,29613.543295686974,interactive_medium,True,64
canvas_aware,196,24755.637828562125,241838.2986426333,270530.71129433956,245775.07346577744,217082.6608140712,26755.637828562125,interactive_short,True,32
canvas_aware,197,24820.39358820911,241838.2986426333,270530.71129433956,245710.31770613045,217017.9050544242,26820.39358820911,interactive_short,True,32
canvas_aware,198,24842.940728942838,242017.30715993958,270751.6216314427,245908.68090249985,217174.36643099674,34842.940728942835,interactive_long,True,256
canvas_aware,199,24921.686492711895,241868.80850543288,270593.67751855025,245671.99102583836,216947.122012721,29921.686492711895,interactive_medium,True,64
canvas_aware,200,24938.753881232176,241931.77472964357,270679.20994884626,245740.45606761408,216993.0208484114,29938.753881232176,interactive_medium,True,128
canvas_aware,201,25060.44651941491,241931.77472964357,270679.20994884626,245618.76342943136,216871.32821022865,30060.44651941491,interactive_medium,True,128
canvas_aware,202,25063.863609210144,241868.80850543288,270593.67751855025,245529.8139093401,216804.94489622273,30063.863609210144,interactive_medium,True,64
canvas_aware,203,25126.477199181973,241838.2986426333,270530.71129433956,245404.2340951576,216711.82144345134,27126.477199181973,interactive_short,True,32
canvas_aware,204,25230.353759638227,241838.2986426333,270530.71129433956,245300.35753470132,216607.94488299507,27230.353759638227,interactive_short,True,32
canvas_aware,205,25233.788269681205,241838.2986426333,270530.71129433956,245296.92302465835,216604.5103729521,27233.788269681205,interactive_short,True,32
canvas_aware,206,25362.453079293,241838.2986426333,270530.71129433956,245168.25821504655,216475.8455633403,27362.453079293,interactive_short,True,32
canvas_aware,207,25380.682423661325,241838.2986426333,270530.71129433956,245150.02887067824,216457.616218972,27380.682423661325,interactive_short,True,32
canvas_aware,208,25458.099469028028,241838.2986426333,270530.71129433956,245072.61182531153,216380.19917360527,27458.099469028028,interactive_short,True,32
canvas_aware,209,25464.548588212954,270926.7196300696,303742.4759446012,278277.92735638825,245462.17104185667,35464.54858821296,interactive_long,True,256
canvas_aware,210,25524.122521232708,270751.6216314427,303486.10881337326,277961.98629214056,245227.49911021,27524.122521232708,interactive_short,True,32
canvas_aware,211,25553.850792560126,270782.13149424223,303549.07503758394,277995.2242450238,245228.28070168212,30553.850792560126,interactive_medium,True,64
canvas_aware,212,25603.323399998273,270751.6216314427,303486.10881337326,277882.785413375,245148.2982314444,27603.323399998273,interactive_short,True,32
canvas_aware,213,25782.355063763145,270751.6216314427,303486.10881337326,277703.7537496101,244969.26656767953,27782.355063763145,interactive_short,True,32
canvas_aware,214,25841.933496685746,270845.0977184529,303630.69694920065,277788.7634525149,245003.16422176716,30841.933496685746,interactive_medium,True,128
canvas_aware,215,26016.229264774458,270926.7196300696,303742.4759446012,277726.2466798267,244910.49036529518,36016.22926477446,interactive_long,True,256
canvas_aware,216,26239.14685446279,270751.6216314427,303486.10881337326,277246.96195891045,244512.47477697989,28239.14685446279,interactive_short,True,32
canvas_aware,217,26275.486276627307,270782.13149424223,303549.07503758394,277273.58876095666,244506.64521761492,31275.486276627307,interactive_medium,True,64
canvas_aware,218,26286.168245454395,270751.6216314427,303486.10881337326,277199.9405679189,244465.45338598828,28286.168245454395,interactive_short,True,32
canvas_aware,219,26288.614946243706,270751.6216314427,303486.10881337326,277197.49386712955,244463.00668519898,28288.614946243706,interactive_short,True,32
canvas_aware,220,26385.52327712335,270845.0977184529,303630.69694920065,277245.1736720773,244459.57444132958,31385.52327712335,interactive_medium,True,128
canvas_aware,221,27547.005737839525,270751.6216314427,303486.10881337326,275939.10307553376,243204.61589360316,29547.005737839525,interactive_short,True,32
canvas_aware,222,27600.84597637605,270751.6216314427,303486.10881337326,275885.2628369972,243150.77565506662,29600.84597637605,interactive_short,True,32
canvas_aware,223,27732.12521440955,270782.13149424223,303549.07503758394,275816.9498231744,243050.00627983268,32732.12521440955,interactive_medium,True,64
canvas_aware,224,27922.093748066218,270751.6216314427,303486.10881337326,275564.01506530703,242829.52788337646,29922.093748066218,interactive_short,True,32
canvas_aware,225,28053.949752309476,303742.4759446012,319265.41781385127,291211.4680615418,275688.5261922917,30053.949752309476,interactive_short,True,32
canvas_aware,226,28229.371274391047,303742.4759446012,319265.41781385127,291036.0465394602,275513.1046702101,30229.371274391047,interactive_short,True,32
canvas_aware,227,28602.87088976467,303780.53338794014,319307.3952966584,290704.5244068937,275177.66249817546,33602.87088976467,interactive_medium,True,64
canvas_aware,228,28630.663980191588,303742.4759446012,319265.41781385127,290634.7538336597,275111.8119644096,30630.663980191588,interactive_short,True,32
canvas_aware,229,28633.237799603674,303822.51087074727,319363.19269003783,290729.95489043416,275189.2730711436,33633.237799603674,interactive_medium,True,128
canvas_aware,230,28653.903502644942,303742.4759446012,319265.41781385127,290611.5143112063,275088.57244195626,30653.903502644942,interactive_short,True,32
canvas_aware,231,28670.76947351466,303742.4759446012,319265.41781385127,290594.64834033663,275071.70647108654,30670.76947351466,interactive_short,True,32
canvas_aware,232,28809.147486370108,303742.4759446012,319265.41781385127,290456.27032748115,274933.32845823106,30809.147486370108,interactive_short,True,32
canvas_aware,233,28912.902895351493,303742.4759446012,319265.41781385127,290352.51491849974,274829.5730492497,30912.902895351493,interactive_short,True,32
canvas_aware,234,28943.634794770933,303742.4759446012,319265.41781385127,290321.78301908035,274798.84114983026,30943.634794770933,interactive_short,True,32
canvas_aware,235,29093.90866521693,303742.4759446012,319265.41781385127,290171.50914863433,274648.56727938424,31093.90866521693,interactive_short,True,32
canvas_aware,236,29275.94361208116,303780.53338794014,319307.3952966584,290031.4516845772,274504.58977585897,34275.94361208116,interactive_medium,True,64
canvas_aware,237,29298.90229168336,303742.4759446012,319265.41781385127,289966.5155221679,274443.5736529178,31298.90229168336,interactive_short,True,32
canvas_aware,238,29415.724244300833,303742.4759446012,319265.41781385127,289849.6935695504,274326.7517003003,31415.724244300833,interactive_short,True,32
canvas_aware,239,29587.97814468341,303742.4759446012,319265.41781385127,289677.43966916786,274154.49779991776,31587.97814468341,interactive_short,True,32
canvas_aware,240,29603.183137717973,303742.4759446012,319265.41781385127,289662.2346761333,274139.2928068832,31603.183137717973,interactive_short,True,32
canvas_aware,241,29817.04858522834,319363.19269003783,334408.0110441418,304590.96245891345,289546.1441048095,31817.04858522834,interactive_short,True,32
canvas_aware,242,30235.106205163418,319363.19269003783,334408.0110441418,304172.9048389784,289128.0864848744,32235.106205163418,interactive_short,True,32
canvas_aware,243,30249.4061874665,319439.07002040005,334505.78592032834,304256.3797328618,289189.6638329335,35249.4061874665,interactive_medium,True,128
canvas_aware,244,30252.657921366892,319363.19269003783,334408.0110441418,304155.35312277486,289110.5347686709,32252.657921366892,interactive_short,True,32
canvas_aware,245,30299.39595864246,319397.0925375929,334449.9885269489,304150.5925683064,289097.69657895045,35299.39595864246,interactive_medium,True,64
canvas_aware,246,30440.79329935244,319363.19269003783,334408.0110441418,303967.2177447893,288922.3993906854,32440.79329935244,interactive_short,True,32
canvas_aware,247,30837.569467701906,319363.19269003783,334408.0110441418,303570.4415764399,288525.62322233594,32837.569467701906,interactive_short,True,32
canvas_aware,248,30900.72761531641,319363.19269003783,334408.0110441418,303507.2834288254,288462.46507472143,32900.72761531641,interactive_short,True,32
canvas_aware,249,31057.64232740509,319363.19269003783,334408.0110441418,303350.3687167367,288305.5503626327,33057.64232740509,interactive_short,True,32
canvas_aware,250,31067.522251841285,319363.19269003783,334408.0110441418,303340.4887923005,288295.67043819657,33067.522251841285,interactive_short,True,32
canvas_aware,251,31214.168118731115,319397.0925375929,334449.9885269489,303235.8204082178,288182.9244188618,36214.16811873112,interactive_medium,True,64
canvas_aware,252,31337.521484324036,319363.19269003783,334408.0110441418,303070.48955981777,288025.6712057138,33337.52148432404,interactive_short,True,32
canvas_aware,253,31350.955898307842,319363.19269003783,334408.0110441418,303057.05514583393,288012.23679173,33350.955898307846,interactive_short,True,32
canvas_aware,254,31536.02102604889,334672.6581573661,372977.9698862607,341441.9488602118,303136.6371313172,41536.02102604889,interactive_long,True,256
canvas_aware,255,31773.4056292375,334672.6581573661,372977.9698862607,341204.5642570232,302899.2525281286,41773.4056292375,interactive_long,True,256
canvas_aware,256,31888.070666579795,334505.78592032834,372670.5490341662,340782.4783675864,302617.7152537485,33888.07066657979,interactive_short,True,32
canvas_aware,257,31904.199795128174,334505.78592032834,372670.5490341662,340766.349239038,302601.58612520015,33904.199795128174,interactive_short,True,32
canvas_aware,258,32419.885487509262,334505.78592032834,372670.5490341662,340250.66354665696,302085.9004328191,34419.885487509266,interactive_short,True,32
canvas_aware,259,32610.657850543124,334616.86076398665,372810.3013931599,340199.64354261674,302006.20291344356,37610.657850543124,interactive_medium,True,128
canvas_aware,260,32663.9691309537,334532.9057983724,372754.50399978046,340090.53486882674,301868.9366674187,37663.9691309537,interactive_medium,True,64
canvas_aware,261,32733.878801999526,334532.9057983724,372754.50399978046,340020.6251977809,301799.02699637285,37733.878801999526,interactive_medium,True,64
canvas_aware,262,32791.74655489055,334505.78592032834,372670.5490341662,339878.8024792757,301714.0393654378,34791.74655489055,interactive_short,True,32
canvas_aware,263,32879.88910386815,334505.78592032834,372670.5490341662,339790.65993029805,301625.8968164602,34879.88910386815,interactive_short,True,32
canvas_aware,264,32932.06192917742,334532.9057983724,372754.50399978046,339822.442070603,301600.84386919497,37932.06192917742,interactive_medium,True,64
canvas_aware,265,33168.848782436384,334532.9057983724,372754.50399978046,339585.65521734406,301364.057015936,38168.848782436384,interactive_medium,True,64
canvas_aware,266,33384.82785110351,334505.78592032834,372670.5490341662,339285.7211830627,301120.95806922484,35384.82785110351,interactive_short,True,32
canvas_aware,267,33398.769580121174,334672.6581573661,372977.9698862607,339579.20030613954,301273.88857724494,43398.769580121174,interactive_long,True,256
canvas_aware,268,33803.6147575684,334505.78592032834,372670.5490341662,338866.9342765978,300702.17116275994,35803.6147575684,interactive_short,True,32
canvas_aware,269,33929.797537823724,334505.78592032834,372670.5490341662,338740.7514963425,300575.9883825046,35929.797537823724,interactive_short,True,32
canvas_aware,270,34150.34523208458,373018.64970332675,388844.4622169335,354694.1169848489,338868.3044712422,39150.34523208458,interactive_medium,True,64
canvas_aware,271,34303.924809167096,372977.9698862607,388802.48473412637,354498.55992495926,338674.0450770936,36303.924809167096,interactive_short,True,32
canvas_aware,272,34375.39882457964,372977.9698862607,388802.48473412637,354427.0859095467,338602.571061681,36375.39882457964,interactive_short,True,32
canvas_aware,273,34540.83504112408,373060.6271861339,388900.25961031293,354359.42456918885,338519.7921450098,39540.83504112408,interactive_medium,True,128
canvas_aware,274,34961.58939503457,372977.9698862607,388802.48473412637,353840.8953390918,338016.3804912261,36961.58939503457,interactive_short,True,32
canvas_aware,275,35000.94234790629,372977.9698862607,388802.48473412637,353801.54238622007,337977.0275383544,37000.94234790629,interactive_short,True,32
canvas_aware,276,35207.354603354244,372977.9698862607,388802.48473412637,353595.13013077213,337770.61528290645,37207.354603354244,interactive_short,True,32
canvas_aware,277,35303.925192645904,372977.9698862607,388802.48473412637,353498.55954148044,337674.04469361476,37303.925192645904,interactive_short,True,32
canvas_aware,278,35386.50958735607,372977.9698862607,388802.48473412637,353415.9751467703,337591.4602989046,37386.50958735607,interactive_short,True,32
canvas_aware,279,35458.00294571934,372977.9698862607,388802.48473412637,353344.481788407,337519.96694054134,37458.00294571934,interactive_short,True,32
canvas_aware,280,35622.14561510401,373018.64970332675,388844.4622169335,353222.3166018295,337396.50408822275,40622.14561510401,interactive_medium,True,64
canvas_aware,281,35661.21002305278,372977.9698862607,388802.48473412637,353141.2747110736,337316.75986320793,37661.21002305278,interactive_short,True,32
canvas_aware,282,35899.78586967136,372977.9698862607,388802.48473412637,352902.698864455,337078.1840165893,37899.78586967136,interactive_short,True,32
canvas_aware,283,36121.81914781149,372977.9698862607,388802.48473412637,352680.66558631486,336856.1507384492,38121.81914781149,interactive_short,True,32
canvas_aware,284,36133.15042806902,372977.9698862607,388802.48473412637,352669.33430605737,336844.8194581917,38133.15042806902,interactive_short,True,32
canvas_aware,285,36399.89417427205,388997.1256820787,406456.5581020131,370056.663927741,352597.2315078067,41399.89417427205,interactive_medium,True,128
canvas_aware,286,36434.83583466261,388934.159457868,406400.76070863364,369965.92487397103,352499.3236232054,41434.83583466261,interactive_medium,True,64
canvas_aware,287,36512.95380444579,388900.25961031293,406337.79448442295,369824.84067997715,352387.30580586713,38512.95380444579,interactive_short,True,32
canvas_aware,288,36630.76123262415,388900.25961031293,406337.79448442295,369707.0332517988,352269.4983776888,38630.76123262415,interactive_short,True,32
canvas_aware,289,36690.312104320525,388900.25961031293,406337.79448442295,369647.48238010245,352209.94750599243,38690.312104320525,interactive_short,True,32
canvas_aware,290,36693.952091355284,388900.25961031293,406337.79448442295,369643.84239306767,352206.30751895765,38693.952091355284,interactive_short,True,32
canvas_aware,291,36931.888652393725,388934.159457868,406400.76070863364,369468.8720562399,352002.2708054743,41931.888652393725,interactive_medium,True,64
canvas_aware,292,36956.975800880566,388900.25961031293,406337.79448442295,369380.81868354237,351943.28380943235,38956.975800880566,interactive_short,True,32
canvas_aware,293,36986.776962734126,388900.25961031293,406337.79448442295,369351.01752168883,351913.4826475788,38986.776962734126,interactive_short,True,32
canvas_aware,294,37186.60921386897,388934.159457868,406400.76070863364,369214.15149476466,351747.55024399905,42186.60921386897,interactive_medium,True,64
canvas_aware,295,37238.612835685184,388900.25961031293,406337.79448442295,369099.18164873775,351661.64677462773,39238.612835685184,interactive_short,True,32
canvas_aware,296,37503.979535138125,388900.25961031293,406337.79448442295,368833.81494928483,351396.2800751748,39503.979535138125,interactive_short,True,32
canvas_aware,297,37654.97034065193,388900.25961031293,406337.79448442295,368682.824143771,351245.289269661,39654.97034065193,interactive_short,True,32
canvas_aware,298,37695.38720520302,388900.25961031293,406337.79448442295,368642.40727921994,351204.8724051099,39695.38720520302,interactive_short,True,32
canvas_aware,299,37696.66257874695,406456.5581020131,414929.8482095494,377233.1856308024,368759.8955232661,42696.66257874695,interactive_medium,True,64
