batch_size,end_ms,latency_ms,memory_mb,oom,operation_index,phase,policy,request_ids,start_ms
1,38.69878074328881,38.69878074328881,117.5458984375,False,0,warmup,admit_all_memory_gated,0,0.0
1,83.25778089056257,44.559000147273764,12.220703125,False,1,refine,admit_all_memory_gated,0,38.69878074328881
1,127.81678103783634,44.559000147273764,12.220703125,False,2,refine,admit_all_memory_gated,0,83.25778089056257
1,172.3757811851101,44.559000147273764,12.220703125,False,3,refine,admit_all_memory_gated,0,127.81678103783634
1,216.93478133238386,44.559000147273764,12.220703125,False,4,refine,admit_all_memory_gated,0,172.3757811851101
1,261.4937814796576,44.559000147273764,12.220703125,False,5,refine,admit_all_memory_gated,0,216.93478133238386
1,306.0527816269314,44.559000147273764,12.220703125,False,6,refine,admit_all_memory_gated,0,261.4937814796576
1,350.61178177420516,44.559000147273764,12.220703125,False,7,refine,admit_all_memory_gated,0,306.0527816269314
1,395.1707819214789,44.559000147273764,12.220703125,False,8,refine,admit_all_memory_gated,0,350.61178177420516
1,439.7297820687527,44.559000147273764,12.220703125,False,9,refine,admit_all_memory_gated,0,395.1707819214789
1,484.28878221602645,44.559000147273764,12.220703125,False,10,refine,admit_all_memory_gated,0,439.7297820687527
1,528.8477823633002,44.559000147273764,12.220703125,False,11,refine,admit_all_memory_gated,0,484.28878221602645
1,567.546563106589,38.69878074328881,117.5458984375,False,12,warmup,admit_all_memory_gated,0,528.8477823633002
1,612.1055632538628,44.559000147273764,12.220703125,False,13,refine,admit_all_memory_gated,0,567.546563106589
1,656.6645634011365,44.559000147273764,12.220703125,False,14,refine,admit_all_memory_gated,0,612.1055632538628
1,701.2235635484103,44.559000147273764,12.220703125,False,15,refine,admit_all_memory_gated,0,656.6645634011365
1,745.7825636956841,44.559000147273764,12.220703125,False,16,refine,admit_all_memory_gated,0,701.2235635484103
1,790.3415638429578,44.559000147273764,12.220703125,False,17,refine,admit_all_memory_gated,0,745.7825636956841
1,834.9005639902316,44.559000147273764,12.220703125,False,18,refine,admit_all_memory_gated,0,790.3415638429578
1,879.4595641375054,44.559000147273764,12.220703125,False,19,refine,admit_all_memory_gated,0,834.9005639902316
1,924.0185642847791,44.559000147273764,12.220703125,False,20,refine,admit_all_memory_gated,0,879.4595641375054
1,968.5775644320529,44.559000147273764,12.220703125,False,21,refine,admit_all_memory_gated,0,924.0185642847791
1,1013.1365645793267,44.559000147273764,12.220703125,False,22,refine,admit_all_memory_gated,0,968.5775644320529
1,1051.8353453226155,38.69878074328881,117.5458984375,False,23,warmup,admit_all_memory_gated,0,1013.1365645793267
2,1123.8398218265502,72.00447650393471,235.28125,False,24,warmup,admit_all_memory_gated,"1,2",1051.8353453226155
3,1195.4608645663518,71.62104273980154,33.9873046875,False,25,refine,admit_all_memory_gated,"0,1,2",1123.8398218265502
3,1267.0819073061534,71.62104273980154,33.9873046875,False,26,refine,admit_all_memory_gated,"0,1,2",1195.4608645663518
3,1338.702950045955,71.62104273980154,33.9873046875,False,27,refine,admit_all_memory_gated,"0,1,2",1267.0819073061534
3,1410.3239927857567,71.62104273980154,33.9873046875,False,28,refine,admit_all_memory_gated,"0,1,2",1338.702950045955
3,1481.9450355255583,71.62104273980154,33.9873046875,False,29,refine,admit_all_memory_gated,"0,1,2",1410.3239927857567
3,1553.56607826536,71.62104273980154,33.9873046875,False,30,refine,admit_all_memory_gated,"0,1,2",1481.9450355255583
3,1625.1871210051615,71.62104273980154,33.9873046875,False,31,refine,admit_all_memory_gated,"0,1,2",1553.56607826536
3,1696.8081637449632,71.62104273980154,33.9873046875,False,32,refine,admit_all_memory_gated,"0,1,2",1625.1871210051615
3,1768.4292064847648,71.62104273980154,33.9873046875,False,33,refine,admit_all_memory_gated,"0,1,2",1696.8081637449632
3,1840.0502492245664,71.62104273980154,33.9873046875,False,34,refine,admit_all_memory_gated,"0,1,2",1768.4292064847648
2,1887.7976110511008,47.74736182653436,22.658203125,False,35,refine,admit_all_memory_gated,"1,2",1840.0502492245664
4,1998.2200528015164,110.4224417504156,467.0625,False,36,warmup,admit_all_memory_gated,"3,4,0,1",1887.7976110511008
4,2052.024054459564,53.804001658047525,46.439453125,False,37,refine,admit_all_memory_gated,"0,1,3,4",1998.2200528015164
4,2105.8280561176116,53.804001658047525,46.439453125,False,38,refine,admit_all_memory_gated,"0,1,3,4",2052.024054459564
4,2159.632057775659,53.804001658047525,46.439453125,False,39,refine,admit_all_memory_gated,"0,1,3,4",2105.8280561176116
4,2213.4360594337068,53.804001658047525,46.439453125,False,40,refine,admit_all_memory_gated,"0,1,3,4",2159.632057775659
4,2267.2400610917543,53.804001658047525,46.439453125,False,41,refine,admit_all_memory_gated,"0,1,3,4",2213.4360594337068
4,2321.044062749802,53.804001658047525,46.439453125,False,42,refine,admit_all_memory_gated,"0,1,3,4",2267.2400610917543
4,2374.8480644078495,53.804001658047525,46.439453125,False,43,refine,admit_all_memory_gated,"0,1,3,4",2321.044062749802
4,2428.652066065897,53.804001658047525,46.439453125,False,44,refine,admit_all_memory_gated,"0,1,3,4",2374.8480644078495
4,2482.4560677239447,53.804001658047525,46.439453125,False,45,refine,admit_all_memory_gated,"0,1,3,4",2428.652066065897
4,2536.2600693819923,53.804001658047525,46.439453125,False,46,refine,admit_all_memory_gated,"0,1,3,4",2482.4560677239447
2,2584.0074312085267,47.74736182653436,22.658203125,False,47,refine,admit_all_memory_gated,"3,4",2536.2600693819923
4,2694.4298729589423,110.4224417504156,467.0625,False,48,warmup,admit_all_memory_gated,"2,1,3,4",2584.0074312085267
4,2748.23387461699,53.804001658047525,46.439453125,False,49,refine,admit_all_memory_gated,"1,2,3,4",2694.4298729589423
4,2802.0378762750374,53.804001658047525,46.439453125,False,50,refine,admit_all_memory_gated,"1,2,3,4",2748.23387461699
4,2855.841877933085,53.804001658047525,46.439453125,False,51,refine,admit_all_memory_gated,"1,2,3,4",2802.0378762750374
4,2909.6458795911326,53.804001658047525,46.439453125,False,52,refine,admit_all_memory_gated,"1,2,3,4",2855.841877933085
4,2963.44988124918,53.804001658047525,46.439453125,False,53,refine,admit_all_memory_gated,"1,2,3,4",2909.6458795911326
4,3017.2538829072278,53.804001658047525,46.439453125,False,54,refine,admit_all_memory_gated,"1,2,3,4",2963.44988124918
4,3071.0578845652753,53.804001658047525,46.439453125,False,55,refine,admit_all_memory_gated,"1,2,3,4",3017.2538829072278
4,3124.861886223323,53.804001658047525,46.439453125,False,56,refine,admit_all_memory_gated,"1,2,3,4",3071.0578845652753
4,3178.6658878813705,53.804001658047525,46.439453125,False,57,refine,admit_all_memory_gated,"1,2,3,4",3124.861886223323
4,3232.469889539418,53.804001658047525,46.439453125,False,58,refine,admit_all_memory_gated,"1,2,3,4",3178.6658878813705
4,3342.8923312898337,110.4224417504156,467.0625,False,59,warmup,admit_all_memory_gated,"5,1,2,3",3232.469889539418
4,3396.6963329478813,53.804001658047525,46.439453125,False,60,refine,admit_all_memory_gated,"1,2,3,5",3342.8923312898337
4,3450.500334605929,53.804001658047525,46.439453125,False,61,refine,admit_all_memory_gated,"1,2,3,5",3396.6963329478813
4,3504.3043362639764,53.804001658047525,46.439453125,False,62,refine,admit_all_memory_gated,"1,2,3,5",3450.500334605929
4,3558.108337922024,53.804001658047525,46.439453125,False,63,refine,admit_all_memory_gated,"1,2,3,5",3504.3043362639764
4,3611.9123395800716,53.804001658047525,46.439453125,False,64,refine,admit_all_memory_gated,"1,2,3,5",3558.108337922024
4,3665.716341238119,53.804001658047525,46.439453125,False,65,refine,admit_all_memory_gated,"1,2,3,5",3611.9123395800716
4,3719.5203428961668,53.804001658047525,46.439453125,False,66,refine,admit_all_memory_gated,"1,2,3,5",3665.716341238119
4,3773.3243445542143,53.804001658047525,46.439453125,False,67,refine,admit_all_memory_gated,"1,2,3,5",3719.5203428961668
4,3827.128346212262,53.804001658047525,46.439453125,False,68,refine,admit_all_memory_gated,"1,2,3,5",3773.3243445542143
4,3880.9323478703095,53.804001658047525,46.439453125,False,69,refine,admit_all_memory_gated,"1,2,3,5",3827.128346212262
3,3988.9390626262116,108.00671475590207,352.921875,False,70,warmup,admit_all_memory_gated,"4,2,3",3880.9323478703095
4,4042.743064284259,53.804001658047525,46.439453125,False,71,refine,admit_all_memory_gated,"5,2,3,4",3988.9390626262116
3,4114.364107024061,71.62104273980154,33.9873046875,False,72,refine,admit_all_memory_gated,"2,3,4",4042.743064284259
3,4185.985149763863,71.62104273980154,33.9873046875,False,73,refine,admit_all_memory_gated,"2,3,4",4114.364107024061
3,4257.606192503665,71.62104273980154,33.9873046875,False,74,refine,admit_all_memory_gated,"2,3,4",4185.985149763863
3,4329.227235243467,71.62104273980154,33.9873046875,False,75,refine,admit_all_memory_gated,"2,3,4",4257.606192503665
3,4400.848277983268,71.62104273980154,33.9873046875,False,76,refine,admit_all_memory_gated,"2,3,4",4329.227235243467
3,4472.46932072307,71.62104273980154,33.9873046875,False,77,refine,admit_all_memory_gated,"2,3,4",4400.848277983268
3,4544.090363462872,71.62104273980154,33.9873046875,False,78,refine,admit_all_memory_gated,"2,3,4",4472.46932072307
3,4615.711406202674,71.62104273980154,33.9873046875,False,79,refine,admit_all_memory_gated,"2,3,4",4544.090363462872
3,4687.332448942476,71.62104273980154,33.9873046875,False,80,refine,admit_all_memory_gated,"2,3,4",4615.711406202674
3,4795.339163698378,108.00671475590207,352.921875,False,81,warmup,admit_all_memory_gated,"5,6,4",4687.332448942476
3,4866.96020643818,71.62104273980154,33.9873046875,False,82,refine,admit_all_memory_gated,"4,5,6",4795.339163698378
3,4938.581249177982,71.62104273980154,33.9873046875,False,83,refine,admit_all_memory_gated,"4,5,6",4866.96020643818
3,5010.202291917783,71.62104273980154,33.9873046875,False,84,refine,admit_all_memory_gated,"4,5,6",4938.581249177982
3,5081.823334657585,71.62104273980154,33.9873046875,False,85,refine,admit_all_memory_gated,"4,5,6",5010.202291917783
3,5153.444377397387,71.62104273980154,33.9873046875,False,86,refine,admit_all_memory_gated,"4,5,6",5081.823334657585
3,5225.065420137189,71.62104273980154,33.9873046875,False,87,refine,admit_all_memory_gated,"4,5,6",5153.444377397387
3,5296.686462876991,71.62104273980154,33.9873046875,False,88,refine,admit_all_memory_gated,"4,5,6",5225.065420137189
3,5368.307505616793,71.62104273980154,33.9873046875,False,89,refine,admit_all_memory_gated,"4,5,6",5296.686462876991
3,5439.928548356595,71.62104273980154,33.9873046875,False,90,refine,admit_all_memory_gated,"4,5,6",5368.307505616793
3,5511.549591096396,71.62104273980154,33.9873046875,False,91,refine,admit_all_memory_gated,"4,5,6",5439.928548356595
1,5550.248371839685,38.69878074328881,117.5458984375,False,92,warmup,admit_all_memory_gated,5,5511.549591096396
2,5597.995733666219,47.74736182653436,22.658203125,False,93,refine,admit_all_memory_gated,"6,5",5550.248371839685
1,5636.694514409508,38.69878074328881,117.5458984375,False,94,warmup,admit_all_memory_gated,6,5597.995733666219
2,5684.441876236042,47.74736182653436,22.658203125,False,95,refine,admit_all_memory_gated,"5,6",5636.694514409508
2,5732.189238062576,47.74736182653436,22.658203125,False,96,refine,admit_all_memory_gated,"5,6",5684.441876236042
2,5779.93659988911,47.74736182653436,22.658203125,False,97,refine,admit_all_memory_gated,"5,6",5732.189238062576
2,5827.683961715644,47.74736182653436,22.658203125,False,98,refine,admit_all_memory_gated,"5,6",5779.93659988911
2,5875.431323542178,47.74736182653436,22.658203125,False,99,refine,admit_all_memory_gated,"5,6",5827.683961715644
2,5923.178685368712,47.74736182653436,22.658203125,False,100,refine,admit_all_memory_gated,"5,6",5875.431323542178
2,5970.926047195246,47.74736182653436,22.658203125,False,101,refine,admit_all_memory_gated,"5,6",5923.178685368712
2,6018.67340902178,47.74736182653436,22.658203125,False,102,refine,admit_all_memory_gated,"5,6",5970.926047195246
2,6066.420770848314,47.74736182653436,22.658203125,False,103,refine,admit_all_memory_gated,"5,6",6018.67340902178
1,6105.119551591602,38.69878074328881,117.5458984375,False,104,warmup,admit_all_memory_gated,5,6066.420770848314
2,6152.866913418136,47.74736182653436,22.658203125,False,105,refine,admit_all_memory_gated,"6,5",6105.119551591602
1,6191.565694161425,38.69878074328881,117.5458984375,False,106,warmup,admit_all_memory_gated,6,6152.866913418136
2,6239.313055987959,47.74736182653436,22.658203125,False,107,refine,admit_all_memory_gated,"5,6",6191.565694161425
2,6287.060417814493,47.74736182653436,22.658203125,False,108,refine,admit_all_memory_gated,"5,6",6239.313055987959
2,6334.807779641027,47.74736182653436,22.658203125,False,109,refine,admit_all_memory_gated,"5,6",6287.060417814493
2,6382.555141467561,47.74736182653436,22.658203125,False,110,refine,admit_all_memory_gated,"5,6",6334.807779641027
2,6430.302503294095,47.74736182653436,22.658203125,False,111,refine,admit_all_memory_gated,"5,6",6382.555141467561
2,6478.049865120629,47.74736182653436,22.658203125,False,112,refine,admit_all_memory_gated,"5,6",6430.302503294095
2,6525.797226947163,47.74736182653436,22.658203125,False,113,refine,admit_all_memory_gated,"5,6",6478.049865120629
2,6573.544588773697,47.74736182653436,22.658203125,False,114,refine,admit_all_memory_gated,"5,6",6525.797226947163
2,6621.291950600231,47.74736182653436,22.658203125,False,115,refine,admit_all_memory_gated,"5,6",6573.544588773697
2,6693.296427104166,72.00447650393471,235.28125,False,116,warmup,admit_all_memory_gated,"7,8",6621.291950600231
3,6764.917469843967,71.62104273980154,33.9873046875,False,117,refine,admit_all_memory_gated,"6,7,8",6693.296427104166
2,6812.664831670501,47.74736182653436,22.658203125,False,118,refine,admit_all_memory_gated,"7,8",6764.917469843967
2,6860.412193497035,47.74736182653436,22.658203125,False,119,refine,admit_all_memory_gated,"7,8",6812.664831670501
2,6908.159555323569,47.74736182653436,22.658203125,False,120,refine,admit_all_memory_gated,"7,8",6860.412193497035
2,6955.906917150103,47.74736182653436,22.658203125,False,121,refine,admit_all_memory_gated,"7,8",6908.159555323569
2,7003.654278976637,47.74736182653436,22.658203125,False,122,refine,admit_all_memory_gated,"7,8",6955.906917150103
2,7051.401640803171,47.74736182653436,22.658203125,False,123,refine,admit_all_memory_gated,"7,8",7003.654278976637
2,7099.149002629705,47.74736182653436,22.658203125,False,124,refine,admit_all_memory_gated,"7,8",7051.401640803171
2,7146.896364456239,47.74736182653436,22.658203125,False,125,refine,admit_all_memory_gated,"7,8",7099.149002629705
2,7194.643726282773,47.74736182653436,22.658203125,False,126,refine,admit_all_memory_gated,"7,8",7146.896364456239
2,7242.391088109307,47.74736182653436,22.658203125,False,127,refine,admit_all_memory_gated,"7,8",7194.643726282773
4,7352.813529859723,110.4224417504156,467.0625,False,128,warmup,admit_all_memory_gated,"6,9,10,7",7242.391088109307
4,7406.61753151777,53.804001658047525,46.439453125,False,129,refine,admit_all_memory_gated,"6,7,9,10",7352.813529859723
4,7460.421533175817,53.804001658047525,46.439453125,False,130,refine,admit_all_memory_gated,"6,7,9,10",7406.61753151777
4,7514.225534833864,53.804001658047525,46.439453125,False,131,refine,admit_all_memory_gated,"6,7,9,10",7460.421533175817
4,7568.029536491911,53.804001658047525,46.439453125,False,132,refine,admit_all_memory_gated,"6,7,9,10",7514.225534833864
4,7621.833538149958,53.804001658047525,46.439453125,False,133,refine,admit_all_memory_gated,"6,7,9,10",7568.029536491911
4,7675.637539808005,53.804001658047525,46.439453125,False,134,refine,admit_all_memory_gated,"6,7,9,10",7621.833538149958
4,7729.4415414660525,53.804001658047525,46.439453125,False,135,refine,admit_all_memory_gated,"6,7,9,10",7675.637539808005
4,7783.2455431241,53.804001658047525,46.439453125,False,136,refine,admit_all_memory_gated,"6,7,9,10",7729.4415414660525
4,7837.049544782147,53.804001658047525,46.439453125,False,137,refine,admit_all_memory_gated,"6,7,9,10",7783.2455431241
4,7890.853546440194,53.804001658047525,46.439453125,False,138,refine,admit_all_memory_gated,"6,7,9,10",7837.049544782147
2,7938.600908266728,47.74736182653436,22.658203125,False,139,refine,admit_all_memory_gated,"9,10",7890.853546440194
4,8049.0233500171435,110.4224417504156,467.0625,False,140,warmup,admit_all_memory_gated,"8,11,7,9",7938.600908266728
4,8102.827351675191,53.804001658047525,46.439453125,False,141,refine,admit_all_memory_gated,"7,8,9,11",8049.0233500171435
4,8156.631353333238,53.804001658047525,46.439453125,False,142,refine,admit_all_memory_gated,"7,8,9,11",8102.827351675191
4,8210.435354991285,53.804001658047525,46.439453125,False,143,refine,admit_all_memory_gated,"7,8,9,11",8156.631353333238
4,8264.239356649332,53.804001658047525,46.439453125,False,144,refine,admit_all_memory_gated,"7,8,9,11",8210.435354991285
4,8318.04335830738,53.804001658047525,46.439453125,False,145,refine,admit_all_memory_gated,"7,8,9,11",8264.239356649332
4,8371.847359965426,53.804001658047525,46.439453125,False,146,refine,admit_all_memory_gated,"7,8,9,11",8318.04335830738
4,8425.651361623473,53.804001658047525,46.439453125,False,147,refine,admit_all_memory_gated,"7,8,9,11",8371.847359965426
4,8479.45536328152,53.804001658047525,46.439453125,False,148,refine,admit_all_memory_gated,"7,8,9,11",8425.651361623473
4,8533.259364939568,53.804001658047525,46.439453125,False,149,refine,admit_all_memory_gated,"7,8,9,11",8479.45536328152
4,8587.063366597615,53.804001658047525,46.439453125,False,150,refine,admit_all_memory_gated,"7,8,9,11",8533.259364939568
4,8697.48580834803,110.4224417504156,467.0625,False,151,warmup,admit_all_memory_gated,"10,12,13,14",8587.063366597615
5,8764.74081042059,67.2550020725594,58.04931640625,False,152,refine,admit_all_memory_gated,"11,10,12,13,14",8697.48580834803
4,8818.544812078637,53.804001658047525,46.439453125,False,153,refine,admit_all_memory_gated,"10,12,13,14",8764.74081042059
4,8872.348813736684,53.804001658047525,46.439453125,False,154,refine,admit_all_memory_gated,"10,12,13,14",8818.544812078637
4,8926.152815394731,53.804001658047525,46.439453125,False,155,refine,admit_all_memory_gated,"10,12,13,14",8872.348813736684
4,8979.956817052778,53.804001658047525,46.439453125,False,156,refine,admit_all_memory_gated,"10,12,13,14",8926.152815394731
4,9033.760818710825,53.804001658047525,46.439453125,False,157,refine,admit_all_memory_gated,"10,12,13,14",8979.956817052778
4,9087.564820368872,53.804001658047525,46.439453125,False,158,refine,admit_all_memory_gated,"10,12,13,14",9033.760818710825
4,9141.36882202692,53.804001658047525,46.439453125,False,159,refine,admit_all_memory_gated,"10,12,13,14",9087.564820368872
4,9195.172823684967,53.804001658047525,46.439453125,False,160,refine,admit_all_memory_gated,"10,12,13,14",9141.36882202692
4,9248.976825343014,53.804001658047525,46.439453125,False,161,refine,admit_all_memory_gated,"10,12,13,14",9195.172823684967
3,9320.597868082816,71.62104273980154,33.9873046875,False,162,refine,admit_all_memory_gated,"12,13,14",9248.976825343014
4,9431.020309833231,110.4224417504156,467.0625,False,163,warmup,admit_all_memory_gated,"7,8,9,11",9320.597868082816
4,9484.824311491278,53.804001658047525,46.439453125,False,164,refine,admit_all_memory_gated,"7,8,9,11",9431.020309833231
4,9538.628313149326,53.804001658047525,46.439453125,False,165,refine,admit_all_memory_gated,"7,8,9,11",9484.824311491278
4,9592.432314807373,53.804001658047525,46.439453125,False,166,refine,admit_all_memory_gated,"7,8,9,11",9538.628313149326
4,9646.23631646542,53.804001658047525,46.439453125,False,167,refine,admit_all_memory_gated,"7,8,9,11",9592.432314807373
4,9700.040318123467,53.804001658047525,46.439453125,False,168,refine,admit_all_memory_gated,"7,8,9,11",9646.23631646542
4,9753.844319781514,53.804001658047525,46.439453125,False,169,refine,admit_all_memory_gated,"7,8,9,11",9700.040318123467
4,9807.648321439561,53.804001658047525,46.439453125,False,170,refine,admit_all_memory_gated,"7,8,9,11",9753.844319781514
4,9861.452323097608,53.804001658047525,46.439453125,False,171,refine,admit_all_memory_gated,"7,8,9,11",9807.648321439561
4,9915.256324755655,53.804001658047525,46.439453125,False,172,refine,admit_all_memory_gated,"7,8,9,11",9861.452323097608
4,9969.060326413703,53.804001658047525,46.439453125,False,173,refine,admit_all_memory_gated,"7,8,9,11",9915.256324755655
4,10079.482768164118,110.4224417504156,467.0625,False,174,warmup,admit_all_memory_gated,"10,15,12,13",9969.060326413703
4,10133.286769822165,53.804001658047525,46.439453125,False,175,refine,admit_all_memory_gated,"10,12,13,15",10079.482768164118
4,10187.090771480212,53.804001658047525,46.439453125,False,176,refine,admit_all_memory_gated,"10,12,13,15",10133.286769822165
4,10240.89477313826,53.804001658047525,46.439453125,False,177,refine,admit_all_memory_gated,"10,12,13,15",10187.090771480212
4,10294.698774796307,53.804001658047525,46.439453125,False,178,refine,admit_all_memory_gated,"10,12,13,15",10240.89477313826
4,10348.502776454354,53.804001658047525,46.439453125,False,179,refine,admit_all_memory_gated,"10,12,13,15",10294.698774796307
4,10402.306778112401,53.804001658047525,46.439453125,False,180,refine,admit_all_memory_gated,"10,12,13,15",10348.502776454354
4,10456.110779770448,53.804001658047525,46.439453125,False,181,refine,admit_all_memory_gated,"10,12,13,15",10402.306778112401
4,10509.914781428495,53.804001658047525,46.439453125,False,182,refine,admit_all_memory_gated,"10,12,13,15",10456.110779770448
4,10563.718783086542,53.804001658047525,46.439453125,False,183,refine,admit_all_memory_gated,"10,12,13,15",10509.914781428495
4,10617.52278474459,53.804001658047525,46.439453125,False,184,refine,admit_all_memory_gated,"10,12,13,15",10563.718783086542
4,10727.945226495005,110.4224417504156,467.0625,False,185,warmup,admit_all_memory_gated,"14,8,9,11",10617.52278474459
5,10795.200228567564,67.2550020725594,58.04931640625,False,186,refine,admit_all_memory_gated,"15,8,9,11,14",10727.945226495005
4,10849.004230225612,53.804001658047525,46.439453125,False,187,refine,admit_all_memory_gated,"8,9,11,14",10795.200228567564
4,10902.808231883659,53.804001658047525,46.439453125,False,188,refine,admit_all_memory_gated,"8,9,11,14",10849.004230225612
4,10956.612233541706,53.804001658047525,46.439453125,False,189,refine,admit_all_memory_gated,"8,9,11,14",10902.808231883659
4,11010.416235199753,53.804001658047525,46.439453125,False,190,refine,admit_all_memory_gated,"8,9,11,14",10956.612233541706
4,11064.2202368578,53.804001658047525,46.439453125,False,191,refine,admit_all_memory_gated,"8,9,11,14",11010.416235199753
4,11118.024238515847,53.804001658047525,46.439453125,False,192,refine,admit_all_memory_gated,"8,9,11,14",11064.2202368578
4,11171.828240173894,53.804001658047525,46.439453125,False,193,refine,admit_all_memory_gated,"8,9,11,14",11118.024238515847
4,11225.632241831941,53.804001658047525,46.439453125,False,194,refine,admit_all_memory_gated,"8,9,11,14",11171.828240173894
4,11279.436243489989,53.804001658047525,46.439453125,False,195,refine,admit_all_memory_gated,"8,9,11,14",11225.632241831941
4,11389.858685240404,110.4224417504156,467.0625,False,196,warmup,admit_all_memory_gated,"16,17,10,12",11279.436243489989
4,11443.662686898451,53.804001658047525,46.439453125,False,197,refine,admit_all_memory_gated,"10,12,16,17",11389.858685240404
4,11497.466688556498,53.804001658047525,46.439453125,False,198,refine,admit_all_memory_gated,"10,12,16,17",11443.662686898451
4,11551.270690214546,53.804001658047525,46.439453125,False,199,refine,admit_all_memory_gated,"10,12,16,17",11497.466688556498
4,11605.074691872593,53.804001658047525,46.439453125,False,200,refine,admit_all_memory_gated,"10,12,16,17",11551.270690214546
4,11658.87869353064,53.804001658047525,46.439453125,False,201,refine,admit_all_memory_gated,"10,12,16,17",11605.074691872593
4,11712.682695188687,53.804001658047525,46.439453125,False,202,refine,admit_all_memory_gated,"10,12,16,17",11658.87869353064
4,11766.486696846734,53.804001658047525,46.439453125,False,203,refine,admit_all_memory_gated,"10,12,16,17",11712.682695188687
4,11820.290698504781,53.804001658047525,46.439453125,False,204,refine,admit_all_memory_gated,"10,12,16,17",11766.486696846734
4,11874.094700162828,53.804001658047525,46.439453125,False,205,refine,admit_all_memory_gated,"10,12,16,17",11820.290698504781
4,11927.898701820875,53.804001658047525,46.439453125,False,206,refine,admit_all_memory_gated,"10,12,16,17",11874.094700162828
2,11975.64606364741,47.74736182653436,22.658203125,False,207,refine,admit_all_memory_gated,"16,17",11927.898701820875
4,12086.068505397825,110.4224417504156,467.0625,False,208,warmup,admit_all_memory_gated,"13,15,18,11",11975.64606364741
4,12139.872507055872,53.804001658047525,46.439453125,False,209,refine,admit_all_memory_gated,"11,13,15,18",12086.068505397825
4,12193.67650871392,53.804001658047525,46.439453125,False,210,refine,admit_all_memory_gated,"11,13,15,18",12139.872507055872
4,12247.480510371966,53.804001658047525,46.439453125,False,211,refine,admit_all_memory_gated,"11,13,15,18",12193.67650871392
4,12301.284512030014,53.804001658047525,46.439453125,False,212,refine,admit_all_memory_gated,"11,13,15,18",12247.480510371966
4,12355.08851368806,53.804001658047525,46.439453125,False,213,refine,admit_all_memory_gated,"11,13,15,18",12301.284512030014
4,12408.892515346108,53.804001658047525,46.439453125,False,214,refine,admit_all_memory_gated,"11,13,15,18",12355.08851368806
4,12462.696517004155,53.804001658047525,46.439453125,False,215,refine,admit_all_memory_gated,"11,13,15,18",12408.892515346108
4,12516.500518662202,53.804001658047525,46.439453125,False,216,refine,admit_all_memory_gated,"11,13,15,18",12462.696517004155
4,12570.30452032025,53.804001658047525,46.439453125,False,217,refine,admit_all_memory_gated,"11,13,15,18",12516.500518662202
4,12624.108521978296,53.804001658047525,46.439453125,False,218,refine,admit_all_memory_gated,"11,13,15,18",12570.30452032025
4,12734.530963728712,110.4224417504156,467.0625,False,219,warmup,admit_all_memory_gated,"14,12,16,17",12624.108521978296
5,12801.785965801271,67.2550020725594,58.04931640625,False,220,refine,admit_all_memory_gated,"18,12,14,16,17",12734.530963728712
4,12855.589967459318,53.804001658047525,46.439453125,False,221,refine,admit_all_memory_gated,"12,14,16,17",12801.785965801271
4,12909.393969117365,53.804001658047525,46.439453125,False,222,refine,admit_all_memory_gated,"12,14,16,17",12855.589967459318
4,12963.197970775413,53.804001658047525,46.439453125,False,223,refine,admit_all_memory_gated,"12,14,16,17",12909.393969117365
4,13017.00197243346,53.804001658047525,46.439453125,False,224,refine,admit_all_memory_gated,"12,14,16,17",12963.197970775413
4,13070.805974091507,53.804001658047525,46.439453125,False,225,refine,admit_all_memory_gated,"12,14,16,17",13017.00197243346
4,13124.609975749554,53.804001658047525,46.439453125,False,226,refine,admit_all_memory_gated,"12,14,16,17",13070.805974091507
4,13178.413977407601,53.804001658047525,46.439453125,False,227,refine,admit_all_memory_gated,"12,14,16,17",13124.609975749554
4,13232.217979065648,53.804001658047525,46.439453125,False,228,refine,admit_all_memory_gated,"12,14,16,17",13178.413977407601
4,13286.021980723695,53.804001658047525,46.439453125,False,229,refine,admit_all_memory_gated,"12,14,16,17",13232.217979065648
4,13396.444422474111,110.4224417504156,467.0625,False,230,warmup,admit_all_memory_gated,"13,15,18,19",13286.021980723695
4,13450.248424132158,53.804001658047525,46.439453125,False,231,refine,admit_all_memory_gated,"13,15,18,19",13396.444422474111
4,13504.052425790205,53.804001658047525,46.439453125,False,232,refine,admit_all_memory_gated,"13,15,18,19",13450.248424132158
4,13557.856427448252,53.804001658047525,46.439453125,False,233,refine,admit_all_memory_gated,"13,15,18,19",13504.052425790205
4,13611.6604291063,53.804001658047525,46.439453125,False,234,refine,admit_all_memory_gated,"13,15,18,19",13557.856427448252
4,13665.464430764347,53.804001658047525,46.439453125,False,235,refine,admit_all_memory_gated,"13,15,18,19",13611.6604291063
4,13719.268432422394,53.804001658047525,46.439453125,False,236,refine,admit_all_memory_gated,"13,15,18,19",13665.464430764347
4,13773.07243408044,53.804001658047525,46.439453125,False,237,refine,admit_all_memory_gated,"13,15,18,19",13719.268432422394
4,13826.876435738488,53.804001658047525,46.439453125,False,238,refine,admit_all_memory_gated,"13,15,18,19",13773.07243408044
4,13880.680437396535,53.804001658047525,46.439453125,False,239,refine,admit_all_memory_gated,"13,15,18,19",13826.876435738488
4,13934.484439054582,53.804001658047525,46.439453125,False,240,refine,admit_all_memory_gated,"13,15,18,19",13880.680437396535
4,14044.906880804998,110.4224417504156,467.0625,False,241,warmup,admit_all_memory_gated,"20,14,16,17",13934.484439054582
5,14112.161882877557,67.2550020725594,58.04931640625,False,242,refine,admit_all_memory_gated,"19,14,16,17,20",14044.906880804998
4,14165.965884535604,53.804001658047525,46.439453125,False,243,refine,admit_all_memory_gated,"14,16,17,20",14112.161882877557
4,14219.769886193651,53.804001658047525,46.439453125,False,244,refine,admit_all_memory_gated,"14,16,17,20",14165.965884535604
4,14273.573887851699,53.804001658047525,46.439453125,False,245,refine,admit_all_memory_gated,"14,16,17,20",14219.769886193651
4,14327.377889509746,53.804001658047525,46.439453125,False,246,refine,admit_all_memory_gated,"14,16,17,20",14273.573887851699
4,14381.181891167793,53.804001658047525,46.439453125,False,247,refine,admit_all_memory_gated,"14,16,17,20",14327.377889509746
4,14434.98589282584,53.804001658047525,46.439453125,False,248,refine,admit_all_memory_gated,"14,16,17,20",14381.181891167793
4,14488.789894483887,53.804001658047525,46.439453125,False,249,refine,admit_all_memory_gated,"14,16,17,20",14434.98589282584
4,14542.593896141934,53.804001658047525,46.439453125,False,250,refine,admit_all_memory_gated,"14,16,17,20",14488.789894483887
4,14596.397897799981,53.804001658047525,46.439453125,False,251,refine,admit_all_memory_gated,"14,16,17,20",14542.593896141934
4,14706.820339550397,110.4224417504156,467.0625,False,252,warmup,admit_all_memory_gated,"15,18,19,21",14596.397897799981
5,14774.075341622956,67.2550020725594,58.04931640625,False,253,refine,admit_all_memory_gated,"20,15,18,19,21",14706.820339550397
4,14827.879343281003,53.804001658047525,46.439453125,False,254,refine,admit_all_memory_gated,"15,18,19,21",14774.075341622956
4,14881.68334493905,53.804001658047525,46.439453125,False,255,refine,admit_all_memory_gated,"15,18,19,21",14827.879343281003
4,14935.487346597098,53.804001658047525,46.439453125,False,256,refine,admit_all_memory_gated,"15,18,19,21",14881.68334493905
4,14989.291348255145,53.804001658047525,46.439453125,False,257,refine,admit_all_memory_gated,"15,18,19,21",14935.487346597098
4,15043.095349913192,53.804001658047525,46.439453125,False,258,refine,admit_all_memory_gated,"15,18,19,21",14989.291348255145
4,15096.89935157124,53.804001658047525,46.439453125,False,259,refine,admit_all_memory_gated,"15,18,19,21",15043.095349913192
4,15150.703353229286,53.804001658047525,46.439453125,False,260,refine,admit_all_memory_gated,"15,18,19,21",15096.89935157124
4,15204.507354887333,53.804001658047525,46.439453125,False,261,refine,admit_all_memory_gated,"15,18,19,21",15150.703353229286
4,15258.31135654538,53.804001658047525,46.439453125,False,262,refine,admit_all_memory_gated,"15,18,19,21",15204.507354887333
4,15368.733798295796,110.4224417504156,467.0625,False,263,warmup,admit_all_memory_gated,"16,17,20,18",15258.31135654538
5,15435.988800368355,67.2550020725594,58.04931640625,False,264,refine,admit_all_memory_gated,"21,16,17,18,20",15368.733798295796
4,15489.792802026403,53.804001658047525,46.439453125,False,265,refine,admit_all_memory_gated,"16,17,18,20",15435.988800368355
4,15543.59680368445,53.804001658047525,46.439453125,False,266,refine,admit_all_memory_gated,"16,17,18,20",15489.792802026403
4,15597.400805342497,53.804001658047525,46.439453125,False,267,refine,admit_all_memory_gated,"16,17,18,20",15543.59680368445
4,15651.204807000544,53.804001658047525,46.439453125,False,268,refine,admit_all_memory_gated,"16,17,18,20",15597.400805342497
4,15705.008808658591,53.804001658047525,46.439453125,False,269,refine,admit_all_memory_gated,"16,17,18,20",15651.204807000544
4,15758.812810316638,53.804001658047525,46.439453125,False,270,refine,admit_all_memory_gated,"16,17,18,20",15705.008808658591
4,15812.616811974685,53.804001658047525,46.439453125,False,271,refine,admit_all_memory_gated,"16,17,18,20",15758.812810316638
4,15866.420813632732,53.804001658047525,46.439453125,False,272,refine,admit_all_memory_gated,"16,17,18,20",15812.616811974685
4,15920.22481529078,53.804001658047525,46.439453125,False,273,refine,admit_all_memory_gated,"16,17,18,20",15866.420813632732
4,16030.647257041195,110.4224417504156,467.0625,False,274,warmup,admit_all_memory_gated,"19,21,22,20",15920.22481529078
4,16084.451258699242,53.804001658047525,46.439453125,False,275,refine,admit_all_memory_gated,"19,20,21,22",16030.647257041195
4,16138.25526035729,53.804001658047525,46.439453125,False,276,refine,admit_all_memory_gated,"19,20,21,22",16084.451258699242
4,16192.059262015337,53.804001658047525,46.439453125,False,277,refine,admit_all_memory_gated,"19,20,21,22",16138.25526035729
4,16245.863263673384,53.804001658047525,46.439453125,False,278,refine,admit_all_memory_gated,"19,20,21,22",16192.059262015337
4,16299.66726533143,53.804001658047525,46.439453125,False,279,refine,admit_all_memory_gated,"19,20,21,22",16245.863263673384
4,16353.471266989478,53.804001658047525,46.439453125,False,280,refine,admit_all_memory_gated,"19,20,21,22",16299.66726533143
4,16407.275268647525,53.804001658047525,46.439453125,False,281,refine,admit_all_memory_gated,"19,20,21,22",16353.471266989478
4,16461.079270305574,53.804001658047525,46.439453125,False,282,refine,admit_all_memory_gated,"19,20,21,22",16407.275268647525
4,16514.883271963623,53.804001658047525,46.439453125,False,283,refine,admit_all_memory_gated,"19,20,21,22",16461.079270305574
4,16568.687273621672,53.804001658047525,46.439453125,False,284,refine,admit_all_memory_gated,"19,20,21,22",16514.883271963623
4,16679.109715372088,110.4224417504156,467.0625,False,285,warmup,admit_all_memory_gated,"23,24,19,20",16568.687273621672
5,16746.36471744465,67.2550020725594,58.04931640625,False,286,refine,admit_all_memory_gated,"22,19,20,23,24",16679.109715372088
4,16800.168719102698,53.804001658047525,46.439453125,False,287,refine,admit_all_memory_gated,"19,20,23,24",16746.36471744465
4,16853.972720760747,53.804001658047525,46.439453125,False,288,refine,admit_all_memory_gated,"19,20,23,24",16800.168719102698
4,16907.776722418796,53.804001658047525,46.439453125,False,289,refine,admit_all_memory_gated,"19,20,23,24",16853.972720760747
4,16961.580724076844,53.804001658047525,46.439453125,False,290,refine,admit_all_memory_gated,"19,20,23,24",16907.776722418796
4,17015.384725734893,53.804001658047525,46.439453125,False,291,refine,admit_all_memory_gated,"19,20,23,24",16961.580724076844
4,17069.188727392942,53.804001658047525,46.439453125,False,292,refine,admit_all_memory_gated,"19,20,23,24",17015.384725734893
4,17122.99272905099,53.804001658047525,46.439453125,False,293,refine,admit_all_memory_gated,"19,20,23,24",17069.188727392942
4,17176.79673070904,53.804001658047525,46.439453125,False,294,refine,admit_all_memory_gated,"19,20,23,24",17122.99272905099
4,17230.60073236709,53.804001658047525,46.439453125,False,295,refine,admit_all_memory_gated,"19,20,23,24",17176.79673070904
2,17278.348094193625,47.74736182653436,22.658203125,False,296,refine,admit_all_memory_gated,"23,24",17230.60073236709
4,17388.77053594404,110.4224417504156,467.0625,False,297,warmup,admit_all_memory_gated,"21,22,23,24",17278.348094193625
4,17442.57453760209,53.804001658047525,46.439453125,False,298,refine,admit_all_memory_gated,"21,22,23,24",17388.77053594404
4,17496.37853926014,53.804001658047525,46.439453125,False,299,refine,admit_all_memory_gated,"21,22,23,24",17442.57453760209
4,17550.182540918187,53.804001658047525,46.439453125,False,300,refine,admit_all_memory_gated,"21,22,23,24",17496.37853926014
4,17603.986542576236,53.804001658047525,46.439453125,False,301,refine,admit_all_memory_gated,"21,22,23,24",17550.182540918187
4,17657.790544234285,53.804001658047525,46.439453125,False,302,refine,admit_all_memory_gated,"21,22,23,24",17603.986542576236
4,17711.594545892334,53.804001658047525,46.439453125,False,303,refine,admit_all_memory_gated,"21,22,23,24",17657.790544234285
4,17765.398547550383,53.804001658047525,46.439453125,False,304,refine,admit_all_memory_gated,"21,22,23,24",17711.594545892334
4,17819.202549208432,53.804001658047525,46.439453125,False,305,refine,admit_all_memory_gated,"21,22,23,24",17765.398547550383
4,17873.00655086648,53.804001658047525,46.439453125,False,306,refine,admit_all_memory_gated,"21,22,23,24",17819.202549208432
4,17926.81055252453,53.804001658047525,46.439453125,False,307,refine,admit_all_memory_gated,"21,22,23,24",17873.00655086648
4,18037.232994274946,110.4224417504156,467.0625,False,308,warmup,admit_all_memory_gated,"21,22,23,24",17926.81055252453
4,18091.036995932995,53.804001658047525,46.439453125,False,309,refine,admit_all_memory_gated,"21,22,23,24",18037.232994274946
4,18144.840997591044,53.804001658047525,46.439453125,False,310,refine,admit_all_memory_gated,"21,22,23,24",18091.036995932995
4,18198.644999249093,53.804001658047525,46.439453125,False,311,refine,admit_all_memory_gated,"21,22,23,24",18144.840997591044
4,18252.44900090714,53.804001658047525,46.439453125,False,312,refine,admit_all_memory_gated,"21,22,23,24",18198.644999249093
4,18306.25300256519,53.804001658047525,46.439453125,False,313,refine,admit_all_memory_gated,"21,22,23,24",18252.44900090714
4,18360.05700422324,53.804001658047525,46.439453125,False,314,refine,admit_all_memory_gated,"21,22,23,24",18306.25300256519
4,18413.86100588129,53.804001658047525,46.439453125,False,315,refine,admit_all_memory_gated,"21,22,23,24",18360.05700422324
4,18467.665007539337,53.804001658047525,46.439453125,False,316,refine,admit_all_memory_gated,"21,22,23,24",18413.86100588129
4,18521.469009197386,53.804001658047525,46.439453125,False,317,refine,admit_all_memory_gated,"21,22,23,24",18467.665007539337
4,18575.273010855435,53.804001658047525,46.439453125,False,318,refine,admit_all_memory_gated,"21,22,23,24",18521.469009197386
3,18683.279725611337,108.00671475590207,352.921875,False,319,warmup,admit_all_memory_gated,"22,23,24",18575.273010855435
3,18754.900768351137,71.62104273980154,33.9873046875,False,320,refine,admit_all_memory_gated,"22,23,24",18683.279725611337
3,18826.521811090937,71.62104273980154,33.9873046875,False,321,refine,admit_all_memory_gated,"22,23,24",18754.900768351137
3,18898.142853830737,71.62104273980154,33.9873046875,False,322,refine,admit_all_memory_gated,"22,23,24",18826.521811090937
3,18969.763896570537,71.62104273980154,33.9873046875,False,323,refine,admit_all_memory_gated,"22,23,24",18898.142853830737
3,19041.384939310337,71.62104273980154,33.9873046875,False,324,refine,admit_all_memory_gated,"22,23,24",18969.763896570537
3,19113.005982050137,71.62104273980154,33.9873046875,False,325,refine,admit_all_memory_gated,"22,23,24",19041.384939310337
3,19184.627024789937,71.62104273980154,33.9873046875,False,326,refine,admit_all_memory_gated,"22,23,24",19113.005982050137
3,19256.248067529737,71.62104273980154,33.9873046875,False,327,refine,admit_all_memory_gated,"22,23,24",19184.627024789937
3,19327.869110269537,71.62104273980154,33.9873046875,False,328,refine,admit_all_memory_gated,"22,23,24",19256.248067529737
3,19399.490153009338,71.62104273980154,33.9873046875,False,329,refine,admit_all_memory_gated,"22,23,24",19327.869110269537
1,19438.188933752626,38.69878074328881,117.5458984375,False,330,warmup,admit_all_memory_gated,25,19399.490153009338
1,19482.7479338999,44.559000147273764,12.220703125,False,331,refine,admit_all_memory_gated,25,19438.188933752626
1,19527.306934047174,44.559000147273764,12.220703125,False,332,refine,admit_all_memory_gated,25,19482.7479338999
1,19571.865934194448,44.559000147273764,12.220703125,False,333,refine,admit_all_memory_gated,25,19527.306934047174
1,19616.42493434172,44.559000147273764,12.220703125,False,334,refine,admit_all_memory_gated,25,19571.865934194448
1,19660.983934488995,44.559000147273764,12.220703125,False,335,refine,admit_all_memory_gated,25,19616.42493434172
1,19705.54293463627,44.559000147273764,12.220703125,False,336,refine,admit_all_memory_gated,25,19660.983934488995
1,19750.101934783543,44.559000147273764,12.220703125,False,337,refine,admit_all_memory_gated,25,19705.54293463627
1,19794.660934930816,44.559000147273764,12.220703125,False,338,refine,admit_all_memory_gated,25,19750.101934783543
1,19839.21993507809,44.559000147273764,12.220703125,False,339,refine,admit_all_memory_gated,25,19794.660934930816
1,19877.91871582138,38.69878074328881,117.5458984375,False,340,warmup,admit_all_memory_gated,26,19839.21993507809
2,19925.666077647915,47.74736182653436,22.658203125,False,341,refine,admit_all_memory_gated,"25,26",19877.91871582138
2,19973.41343947445,47.74736182653436,22.658203125,False,342,refine,admit_all_memory_gated,"25,26",19925.666077647915
2,20045.417915978385,72.00447650393471,235.28125,False,343,warmup,admit_all_memory_gated,"27,25",19973.41343947445
3,20117.038958718185,71.62104273980154,33.9873046875,False,344,refine,admit_all_memory_gated,"26,25,27",20045.417915978385
3,20188.660001457985,71.62104273980154,33.9873046875,False,345,refine,admit_all_memory_gated,"25,26,27",20117.038958718185
3,20260.281044197785,71.62104273980154,33.9873046875,False,346,refine,admit_all_memory_gated,"25,26,27",20188.660001457985
3,20331.902086937585,71.62104273980154,33.9873046875,False,347,refine,admit_all_memory_gated,"25,26,27",20260.281044197785
3,20403.523129677385,71.62104273980154,33.9873046875,False,348,refine,admit_all_memory_gated,"25,26,27",20331.902086937585
3,20475.144172417185,71.62104273980154,33.9873046875,False,349,refine,admit_all_memory_gated,"25,26,27",20403.523129677385
3,20546.765215156986,71.62104273980154,33.9873046875,False,350,refine,admit_all_memory_gated,"25,26,27",20475.144172417185
3,20618.386257896786,71.62104273980154,33.9873046875,False,351,refine,admit_all_memory_gated,"25,26,27",20546.765215156986
3,20690.007300636586,71.62104273980154,33.9873046875,False,352,refine,admit_all_memory_gated,"25,26,27",20618.386257896786
2,20737.75466246312,47.74736182653436,22.658203125,False,353,refine,admit_all_memory_gated,"25,27",20690.007300636586
3,20845.761377219023,108.00671475590207,352.921875,False,354,warmup,admit_all_memory_gated,"28,26,25",20737.75466246312
4,20899.565378877072,53.804001658047525,46.439453125,False,355,refine,admit_all_memory_gated,"27,25,26,28",20845.761377219023
3,20971.186421616872,71.62104273980154,33.9873046875,False,356,refine,admit_all_memory_gated,"25,26,28",20899.565378877072
3,21042.807464356672,71.62104273980154,33.9873046875,False,357,refine,admit_all_memory_gated,"25,26,28",20971.186421616872
3,21114.428507096472,71.62104273980154,33.9873046875,False,358,refine,admit_all_memory_gated,"25,26,28",21042.807464356672
3,21186.049549836272,71.62104273980154,33.9873046875,False,359,refine,admit_all_memory_gated,"25,26,28",21114.428507096472
3,21257.670592576073,71.62104273980154,33.9873046875,False,360,refine,admit_all_memory_gated,"25,26,28",21186.049549836272
3,21329.291635315873,71.62104273980154,33.9873046875,False,361,refine,admit_all_memory_gated,"25,26,28",21257.670592576073
3,21400.912678055673,71.62104273980154,33.9873046875,False,362,refine,admit_all_memory_gated,"25,26,28",21329.291635315873
3,21472.533720795473,71.62104273980154,33.9873046875,False,363,refine,admit_all_memory_gated,"25,26,28",21400.912678055673
3,21544.154763535273,71.62104273980154,33.9873046875,False,364,refine,admit_all_memory_gated,"25,26,28",21472.533720795473
3,21652.161478291175,108.00671475590207,352.921875,False,365,warmup,admit_all_memory_gated,"27,25,26",21544.154763535273
4,21705.965479949224,53.804001658047525,46.439453125,False,366,refine,admit_all_memory_gated,"28,25,26,27",21652.161478291175
3,21777.586522689024,71.62104273980154,33.9873046875,False,367,refine,admit_all_memory_gated,"25,26,27",21705.965479949224
3,21849.207565428824,71.62104273980154,33.9873046875,False,368,refine,admit_all_memory_gated,"25,26,27",21777.586522689024
3,21920.828608168624,71.62104273980154,33.9873046875,False,369,refine,admit_all_memory_gated,"25,26,27",21849.207565428824
3,21992.449650908424,71.62104273980154,33.9873046875,False,370,refine,admit_all_memory_gated,"25,26,27",21920.828608168624
3,22064.070693648224,71.62104273980154,33.9873046875,False,371,refine,admit_all_memory_gated,"25,26,27",21992.449650908424
3,22135.691736388024,71.62104273980154,33.9873046875,False,372,refine,admit_all_memory_gated,"25,26,27",22064.070693648224
3,22207.312779127824,71.62104273980154,33.9873046875,False,373,refine,admit_all_memory_gated,"25,26,27",22135.691736388024
3,22278.933821867624,71.62104273980154,33.9873046875,False,374,refine,admit_all_memory_gated,"25,26,27",22207.312779127824
3,22350.554864607424,71.62104273980154,33.9873046875,False,375,refine,admit_all_memory_gated,"25,26,27",22278.933821867624
4,22460.97730635784,110.4224417504156,467.0625,False,376,warmup,admit_all_memory_gated,"28,29,26,27",22350.554864607424
4,22514.78130801589,53.804001658047525,46.439453125,False,377,refine,admit_all_memory_gated,"26,27,28,29",22460.97730635784
4,22568.585309673937,53.804001658047525,46.439453125,False,378,refine,admit_all_memory_gated,"26,27,28,29",22514.78130801589
4,22622.389311331986,53.804001658047525,46.439453125,False,379,refine,admit_all_memory_gated,"26,27,28,29",22568.585309673937
4,22676.193312990035,53.804001658047525,46.439453125,False,380,refine,admit_all_memory_gated,"26,27,28,29",22622.389311331986
4,22729.997314648084,53.804001658047525,46.439453125,False,381,refine,admit_all_memory_gated,"26,27,28,29",22676.193312990035
4,22783.801316306133,53.804001658047525,46.439453125,False,382,refine,admit_all_memory_gated,"26,27,28,29",22729.997314648084
4,22837.605317964182,53.804001658047525,46.439453125,False,383,refine,admit_all_memory_gated,"26,27,28,29",22783.801316306133
4,22891.40931962223,53.804001658047525,46.439453125,False,384,refine,admit_all_memory_gated,"26,27,28,29",22837.605317964182
4,22945.21332128028,53.804001658047525,46.439453125,False,385,refine,admit_all_memory_gated,"26,27,28,29",22891.40931962223
4,22999.01732293833,53.804001658047525,46.439453125,False,386,refine,admit_all_memory_gated,"26,27,28,29",22945.21332128028
3,23107.02403769423,108.00671475590207,352.921875,False,387,warmup,admit_all_memory_gated,"30,27,28",22999.01732293833
4,23160.82803935228,53.804001658047525,46.439453125,False,388,refine,admit_all_memory_gated,"29,27,28,30",23107.02403769423
3,23232.44908209208,71.62104273980154,33.9873046875,False,389,refine,admit_all_memory_gated,"27,28,30",23160.82803935228
3,23304.07012483188,71.62104273980154,33.9873046875,False,390,refine,admit_all_memory_gated,"27,28,30",23232.44908209208
3,23375.69116757168,71.62104273980154,33.9873046875,False,391,refine,admit_all_memory_gated,"27,28,30",23304.07012483188
3,23447.31221031148,71.62104273980154,33.9873046875,False,392,refine,admit_all_memory_gated,"27,28,30",23375.69116757168
3,23518.93325305128,71.62104273980154,33.9873046875,False,393,refine,admit_all_memory_gated,"27,28,30",23447.31221031148
3,23590.55429579108,71.62104273980154,33.9873046875,False,394,refine,admit_all_memory_gated,"27,28,30",23518.93325305128
3,23662.17533853088,71.62104273980154,33.9873046875,False,395,refine,admit_all_memory_gated,"27,28,30",23590.55429579108
3,23733.79638127068,71.62104273980154,33.9873046875,False,396,refine,admit_all_memory_gated,"27,28,30",23662.17533853088
3,23805.41742401048,71.62104273980154,33.9873046875,False,397,refine,admit_all_memory_gated,"27,28,30",23733.79638127068
2,23877.421900514415,72.00447650393471,235.28125,False,398,warmup,admit_all_memory_gated,"29,28",23805.41742401048
3,23949.042943254215,71.62104273980154,33.9873046875,False,399,refine,admit_all_memory_gated,"30,28,29",23877.421900514415
2,23996.79030508075,47.74736182653436,22.658203125,False,400,refine,admit_all_memory_gated,"28,29",23949.042943254215
2,24044.537666907287,47.74736182653436,22.658203125,False,401,refine,admit_all_memory_gated,"28,29",23996.79030508075
2,24092.285028733822,47.74736182653436,22.658203125,False,402,refine,admit_all_memory_gated,"28,29",24044.537666907287
2,24140.032390560358,47.74736182653436,22.658203125,False,403,refine,admit_all_memory_gated,"28,29",24092.285028733822
2,24187.779752386894,47.74736182653436,22.658203125,False,404,refine,admit_all_memory_gated,"28,29",24140.032390560358
2,24235.52711421343,47.74736182653436,22.658203125,False,405,refine,admit_all_memory_gated,"28,29",24187.779752386894
2,24283.274476039966,47.74736182653436,22.658203125,False,406,refine,admit_all_memory_gated,"28,29",24235.52711421343
2,24331.0218378665,47.74736182653436,22.658203125,False,407,refine,admit_all_memory_gated,"28,29",24283.274476039966
2,24378.769199693037,47.74736182653436,22.658203125,False,408,refine,admit_all_memory_gated,"28,29",24331.0218378665
2,24450.77367619697,72.00447650393471,235.28125,False,409,warmup,admit_all_memory_gated,"30,29",24378.769199693037
2,24498.521038023508,47.74736182653436,22.658203125,False,410,refine,admit_all_memory_gated,"29,30",24450.77367619697
2,24546.268399850043,47.74736182653436,22.658203125,False,411,refine,admit_all_memory_gated,"29,30",24498.521038023508
2,24594.01576167658,47.74736182653436,22.658203125,False,412,refine,admit_all_memory_gated,"29,30",24546.268399850043
2,24641.763123503115,47.74736182653436,22.658203125,False,413,refine,admit_all_memory_gated,"29,30",24594.01576167658
2,24689.51048532965,47.74736182653436,22.658203125,False,414,refine,admit_all_memory_gated,"29,30",24641.763123503115
2,24737.257847156186,47.74736182653436,22.658203125,False,415,refine,admit_all_memory_gated,"29,30",24689.51048532965
2,24785.005208982722,47.74736182653436,22.658203125,False,416,refine,admit_all_memory_gated,"29,30",24737.257847156186
2,24832.752570809258,47.74736182653436,22.658203125,False,417,refine,admit_all_memory_gated,"29,30",24785.005208982722
2,24880.499932635794,47.74736182653436,22.658203125,False,418,refine,admit_all_memory_gated,"29,30",24832.752570809258
2,24928.24729446233,47.74736182653436,22.658203125,False,419,refine,admit_all_memory_gated,"29,30",24880.499932635794
3,25036.25400921823,108.00671475590207,352.921875,False,420,warmup,admit_all_memory_gated,"31,29,30",24928.24729446233
3,25107.87505195803,71.62104273980154,33.9873046875,False,421,refine,admit_all_memory_gated,"29,30,31",25036.25400921823
3,25179.49609469783,71.62104273980154,33.9873046875,False,422,refine,admit_all_memory_gated,"29,30,31",25107.87505195803
3,25251.11713743763,71.62104273980154,33.9873046875,False,423,refine,admit_all_memory_gated,"29,30,31",25179.49609469783
3,25322.73818017743,71.62104273980154,33.9873046875,False,424,refine,admit_all_memory_gated,"29,30,31",25251.11713743763
3,25394.35922291723,71.62104273980154,33.9873046875,False,425,refine,admit_all_memory_gated,"29,30,31",25322.73818017743
3,25465.980265657032,71.62104273980154,33.9873046875,False,426,refine,admit_all_memory_gated,"29,30,31",25394.35922291723
3,25537.601308396832,71.62104273980154,33.9873046875,False,427,refine,admit_all_memory_gated,"29,30,31",25465.980265657032
3,25609.222351136632,71.62104273980154,33.9873046875,False,428,refine,admit_all_memory_gated,"29,30,31",25537.601308396832
3,25680.843393876432,71.62104273980154,33.9873046875,False,429,refine,admit_all_memory_gated,"29,30,31",25609.222351136632
3,25752.464436616232,71.62104273980154,33.9873046875,False,430,refine,admit_all_memory_gated,"29,30,31",25680.843393876432
1,25791.16321735952,38.69878074328881,117.5458984375,False,431,warmup,admit_all_memory_gated,30,25752.464436616232
2,25838.910579186057,47.74736182653436,22.658203125,False,432,refine,admit_all_memory_gated,"31,30",25791.16321735952
2,25910.91505568999,72.00447650393471,235.28125,False,433,warmup,admit_all_memory_gated,"32,31",25838.910579186057
3,25982.53609842979,71.62104273980154,33.9873046875,False,434,refine,admit_all_memory_gated,"30,31,32",25910.91505568999
3,26054.15714116959,71.62104273980154,33.9873046875,False,435,refine,admit_all_memory_gated,"30,31,32",25982.53609842979
3,26125.77818390939,71.62104273980154,33.9873046875,False,436,refine,admit_all_memory_gated,"30,31,32",26054.15714116959
3,26197.39922664919,71.62104273980154,33.9873046875,False,437,refine,admit_all_memory_gated,"30,31,32",26125.77818390939
3,26269.02026938899,71.62104273980154,33.9873046875,False,438,refine,admit_all_memory_gated,"30,31,32",26197.39922664919
3,26340.64131212879,71.62104273980154,33.9873046875,False,439,refine,admit_all_memory_gated,"30,31,32",26269.02026938899
3,26412.26235486859,71.62104273980154,33.9873046875,False,440,refine,admit_all_memory_gated,"30,31,32",26340.64131212879
3,26483.88339760839,71.62104273980154,33.9873046875,False,441,refine,admit_all_memory_gated,"30,31,32",26412.26235486859
3,26555.50444034819,71.62104273980154,33.9873046875,False,442,refine,admit_all_memory_gated,"30,31,32",26483.88339760839
2,26603.251802174727,47.74736182653436,22.658203125,False,443,refine,admit_all_memory_gated,"31,32",26555.50444034819
2,26675.256278678662,72.00447650393471,235.28125,False,444,warmup,admit_all_memory_gated,"33,31",26603.251802174727
3,26746.877321418462,71.62104273980154,33.9873046875,False,445,refine,admit_all_memory_gated,"32,31,33",26675.256278678662
2,26794.624683244998,47.74736182653436,22.658203125,False,446,refine,admit_all_memory_gated,"31,33",26746.877321418462
2,26842.372045071534,47.74736182653436,22.658203125,False,447,refine,admit_all_memory_gated,"31,33",26794.624683244998
2,26890.11940689807,47.74736182653436,22.658203125,False,448,refine,admit_all_memory_gated,"31,33",26842.372045071534
2,26937.866768724605,47.74736182653436,22.658203125,False,449,refine,admit_all_memory_gated,"31,33",26890.11940689807
2,26985.61413055114,47.74736182653436,22.658203125,False,450,refine,admit_all_memory_gated,"31,33",26937.866768724605
2,27033.361492377677,47.74736182653436,22.658203125,False,451,refine,admit_all_memory_gated,"31,33",26985.61413055114
2,27081.108854204213,47.74736182653436,22.658203125,False,452,refine,admit_all_memory_gated,"31,33",27033.361492377677
2,27128.85621603075,47.74736182653436,22.658203125,False,453,refine,admit_all_memory_gated,"31,33",27081.108854204213
2,27176.603577857284,47.74736182653436,22.658203125,False,454,refine,admit_all_memory_gated,"31,33",27128.85621603075
2,27248.60805436122,72.00447650393471,235.28125,False,455,warmup,admit_all_memory_gated,"32,31",27176.603577857284
3,27320.22909710102,71.62104273980154,33.9873046875,False,456,refine,admit_all_memory_gated,"33,31,32",27248.60805436122
2,27367.976458927555,47.74736182653436,22.658203125,False,457,refine,admit_all_memory_gated,"31,32",27320.22909710102
2,27415.72382075409,47.74736182653436,22.658203125,False,458,refine,admit_all_memory_gated,"31,32",27367.976458927555
2,27463.471182580626,47.74736182653436,22.658203125,False,459,refine,admit_all_memory_gated,"31,32",27415.72382075409
2,27511.218544407162,47.74736182653436,22.658203125,False,460,refine,admit_all_memory_gated,"31,32",27463.471182580626
2,27558.965906233698,47.74736182653436,22.658203125,False,461,refine,admit_all_memory_gated,"31,32",27511.218544407162
2,27606.713268060234,47.74736182653436,22.658203125,False,462,refine,admit_all_memory_gated,"31,32",27558.965906233698
2,27654.46062988677,47.74736182653436,22.658203125,False,463,refine,admit_all_memory_gated,"31,32",27606.713268060234
2,27702.207991713305,47.74736182653436,22.658203125,False,464,refine,admit_all_memory_gated,"31,32",27654.46062988677
2,27749.95535353984,47.74736182653436,22.658203125,False,465,refine,admit_all_memory_gated,"31,32",27702.207991713305
2,27821.959830043776,72.00447650393471,235.28125,False,466,warmup,admit_all_memory_gated,"33,32",27749.95535353984
2,27869.70719187031,47.74736182653436,22.658203125,False,467,refine,admit_all_memory_gated,"32,33",27821.959830043776
2,27917.454553696847,47.74736182653436,22.658203125,False,468,refine,admit_all_memory_gated,"32,33",27869.70719187031
2,27965.201915523383,47.74736182653436,22.658203125,False,469,refine,admit_all_memory_gated,"32,33",27917.454553696847
2,28012.94927734992,47.74736182653436,22.658203125,False,470,refine,admit_all_memory_gated,"32,33",27965.201915523383
2,28060.696639176454,47.74736182653436,22.658203125,False,471,refine,admit_all_memory_gated,"32,33",28012.94927734992
2,28108.44400100299,47.74736182653436,22.658203125,False,472,refine,admit_all_memory_gated,"32,33",28060.696639176454
2,28156.191362829526,47.74736182653436,22.658203125,False,473,refine,admit_all_memory_gated,"32,33",28108.44400100299
2,28203.938724656062,47.74736182653436,22.658203125,False,474,refine,admit_all_memory_gated,"32,33",28156.191362829526
2,28251.686086482598,47.74736182653436,22.658203125,False,475,refine,admit_all_memory_gated,"32,33",28203.938724656062
2,28299.433448309133,47.74736182653436,22.658203125,False,476,refine,admit_all_memory_gated,"32,33",28251.686086482598
2,28371.437924813068,72.00447650393471,235.28125,False,477,warmup,admit_all_memory_gated,"32,33",28299.433448309133
2,28419.185286639604,47.74736182653436,22.658203125,False,478,refine,admit_all_memory_gated,"32,33",28371.437924813068
2,28466.93264846614,47.74736182653436,22.658203125,False,479,refine,admit_all_memory_gated,"32,33",28419.185286639604
2,28514.680010292675,47.74736182653436,22.658203125,False,480,refine,admit_all_memory_gated,"32,33",28466.93264846614
2,28562.42737211921,47.74736182653436,22.658203125,False,481,refine,admit_all_memory_gated,"32,33",28514.680010292675
2,28610.174733945747,47.74736182653436,22.658203125,False,482,refine,admit_all_memory_gated,"32,33",28562.42737211921
2,28657.922095772283,47.74736182653436,22.658203125,False,483,refine,admit_all_memory_gated,"32,33",28610.174733945747
2,28705.66945759882,47.74736182653436,22.658203125,False,484,refine,admit_all_memory_gated,"32,33",28657.922095772283
2,28753.416819425354,47.74736182653436,22.658203125,False,485,refine,admit_all_memory_gated,"32,33",28705.66945759882
2,28801.16418125189,47.74736182653436,22.658203125,False,486,refine,admit_all_memory_gated,"32,33",28753.416819425354
2,28848.911543078426,47.74736182653436,22.658203125,False,487,refine,admit_all_memory_gated,"32,33",28801.16418125189
1,28887.610323821715,38.69878074328881,117.5458984375,False,488,warmup,admit_all_memory_gated,33,28848.911543078426
1,28932.16932396899,44.559000147273764,12.220703125,False,489,refine,admit_all_memory_gated,33,28887.610323821715
1,28976.728324116262,44.559000147273764,12.220703125,False,490,refine,admit_all_memory_gated,33,28932.16932396899
1,29021.287324263536,44.559000147273764,12.220703125,False,491,refine,admit_all_memory_gated,33,28976.728324116262
1,29065.84632441081,44.559000147273764,12.220703125,False,492,refine,admit_all_memory_gated,33,29021.287324263536
1,29110.405324558084,44.559000147273764,12.220703125,False,493,refine,admit_all_memory_gated,33,29065.84632441081
1,29154.964324705357,44.559000147273764,12.220703125,False,494,refine,admit_all_memory_gated,33,29110.405324558084
1,29199.52332485263,44.559000147273764,12.220703125,False,495,refine,admit_all_memory_gated,33,29154.964324705357
1,29244.082324999905,44.559000147273764,12.220703125,False,496,refine,admit_all_memory_gated,33,29199.52332485263
1,29288.64132514718,44.559000147273764,12.220703125,False,497,refine,admit_all_memory_gated,33,29244.082324999905
1,29333.200325294452,44.559000147273764,12.220703125,False,498,refine,admit_all_memory_gated,33,29288.64132514718
1,30184.164679821002,38.69878074328881,117.5458984375,False,499,warmup,admit_all_memory_gated,34,30145.465899077713
1,30228.723679968276,44.559000147273764,12.220703125,False,500,refine,admit_all_memory_gated,34,30184.164679821002
1,30273.28268011555,44.559000147273764,12.220703125,False,501,refine,admit_all_memory_gated,34,30228.723679968276
1,30317.841680262824,44.559000147273764,12.220703125,False,502,refine,admit_all_memory_gated,34,30273.28268011555
1,30362.400680410097,44.559000147273764,12.220703125,False,503,refine,admit_all_memory_gated,34,30317.841680262824
1,30406.95968055737,44.559000147273764,12.220703125,False,504,refine,admit_all_memory_gated,34,30362.400680410097
1,30451.518680704645,44.559000147273764,12.220703125,False,505,refine,admit_all_memory_gated,34,30406.95968055737
1,30496.07768085192,44.559000147273764,12.220703125,False,506,refine,admit_all_memory_gated,34,30451.518680704645
1,30540.636680999192,44.559000147273764,12.220703125,False,507,refine,admit_all_memory_gated,34,30496.07768085192
1,30585.195681146466,44.559000147273764,12.220703125,False,508,refine,admit_all_memory_gated,34,30540.636680999192
1,30629.75468129374,44.559000147273764,12.220703125,False,509,refine,admit_all_memory_gated,34,30585.195681146466
1,30668.45346203703,38.69878074328881,117.5458984375,False,510,warmup,admit_all_memory_gated,35,30629.75468129374
2,30716.200823863564,47.74736182653436,22.658203125,False,511,refine,admit_all_memory_gated,"34,35",30668.45346203703
1,30754.899604606853,38.69878074328881,117.5458984375,False,512,warmup,admit_all_memory_gated,34,30716.200823863564
2,30802.64696643339,47.74736182653436,22.658203125,False,513,refine,admit_all_memory_gated,"35,34",30754.899604606853
2,30850.394328259925,47.74736182653436,22.658203125,False,514,refine,admit_all_memory_gated,"34,35",30802.64696643339
2,30898.14169008646,47.74736182653436,22.658203125,False,515,refine,admit_all_memory_gated,"34,35",30850.394328259925
2,30945.889051912996,47.74736182653436,22.658203125,False,516,refine,admit_all_memory_gated,"34,35",30898.14169008646
2,30993.636413739532,47.74736182653436,22.658203125,False,517,refine,admit_all_memory_gated,"34,35",30945.889051912996
2,31041.383775566068,47.74736182653436,22.658203125,False,518,refine,admit_all_memory_gated,"34,35",30993.636413739532
2,31089.131137392604,47.74736182653436,22.658203125,False,519,refine,admit_all_memory_gated,"34,35",31041.383775566068
2,31136.87849921914,47.74736182653436,22.658203125,False,520,refine,admit_all_memory_gated,"34,35",31089.131137392604
2,31184.625861045675,47.74736182653436,22.658203125,False,521,refine,admit_all_memory_gated,"34,35",31136.87849921914
2,31232.37322287221,47.74736182653436,22.658203125,False,522,refine,admit_all_memory_gated,"34,35",31184.625861045675
2,31304.377699376146,72.00447650393471,235.28125,False,523,warmup,admit_all_memory_gated,"34,35",31232.37322287221
2,31352.12506120268,47.74736182653436,22.658203125,False,524,refine,admit_all_memory_gated,"34,35",31304.377699376146
2,31399.872423029217,47.74736182653436,22.658203125,False,525,refine,admit_all_memory_gated,"34,35",31352.12506120268
2,31447.619784855753,47.74736182653436,22.658203125,False,526,refine,admit_all_memory_gated,"34,35",31399.872423029217
2,31495.36714668229,47.74736182653436,22.658203125,False,527,refine,admit_all_memory_gated,"34,35",31447.619784855753
2,31543.114508508825,47.74736182653436,22.658203125,False,528,refine,admit_all_memory_gated,"34,35",31495.36714668229
2,31590.86187033536,47.74736182653436,22.658203125,False,529,refine,admit_all_memory_gated,"34,35",31543.114508508825
2,31638.609232161896,47.74736182653436,22.658203125,False,530,refine,admit_all_memory_gated,"34,35",31590.86187033536
2,31686.356593988432,47.74736182653436,22.658203125,False,531,refine,admit_all_memory_gated,"34,35",31638.609232161896
2,31734.103955814968,47.74736182653436,22.658203125,False,532,refine,admit_all_memory_gated,"34,35",31686.356593988432
2,31781.851317641504,47.74736182653436,22.658203125,False,533,refine,admit_all_memory_gated,"34,35",31734.103955814968
3,31889.858032397406,108.00671475590207,352.921875,False,534,warmup,admit_all_memory_gated,"36,34,35",31781.851317641504
3,31961.479075137206,71.62104273980154,33.9873046875,False,535,refine,admit_all_memory_gated,"34,35,36",31889.858032397406
3,32033.100117877006,71.62104273980154,33.9873046875,False,536,refine,admit_all_memory_gated,"34,35,36",31961.479075137206
3,32104.721160616806,71.62104273980154,33.9873046875,False,537,refine,admit_all_memory_gated,"34,35,36",32033.100117877006
3,32176.342203356606,71.62104273980154,33.9873046875,False,538,refine,admit_all_memory_gated,"34,35,36",32104.721160616806
3,32247.963246096406,71.62104273980154,33.9873046875,False,539,refine,admit_all_memory_gated,"34,35,36",32176.342203356606
3,32319.584288836206,71.62104273980154,33.9873046875,False,540,refine,admit_all_memory_gated,"34,35,36",32247.963246096406
3,32391.205331576006,71.62104273980154,33.9873046875,False,541,refine,admit_all_memory_gated,"34,35,36",32319.584288836206
3,32462.826374315806,71.62104273980154,33.9873046875,False,542,refine,admit_all_memory_gated,"34,35,36",32391.205331576006
3,32534.447417055606,71.62104273980154,33.9873046875,False,543,refine,admit_all_memory_gated,"34,35,36",32462.826374315806
3,32606.068459795406,71.62104273980154,33.9873046875,False,544,refine,admit_all_memory_gated,"34,35,36",32534.447417055606
1,32644.767240538695,38.69878074328881,117.5458984375,False,545,warmup,admit_all_memory_gated,35,32606.068459795406
2,32692.51460236523,47.74736182653436,22.658203125,False,546,refine,admit_all_memory_gated,"36,35",32644.767240538695
1,32731.21338310852,38.69878074328881,117.5458984375,False,547,warmup,admit_all_memory_gated,36,32692.51460236523
2,32778.96074493505,47.74736182653436,22.658203125,False,548,refine,admit_all_memory_gated,"35,36",32731.21338310852
2,32826.70810676159,47.74736182653436,22.658203125,False,549,refine,admit_all_memory_gated,"35,36",32778.96074493505
2,32874.45546858812,47.74736182653436,22.658203125,False,550,refine,admit_all_memory_gated,"35,36",32826.70810676159
2,32922.20283041466,47.74736182653436,22.658203125,False,551,refine,admit_all_memory_gated,"35,36",32874.45546858812
2,32969.950192241195,47.74736182653436,22.658203125,False,552,refine,admit_all_memory_gated,"35,36",32922.20283041466
2,33017.69755406773,47.74736182653436,22.658203125,False,553,refine,admit_all_memory_gated,"35,36",32969.950192241195
2,33065.444915894266,47.74736182653436,22.658203125,False,554,refine,admit_all_memory_gated,"35,36",33017.69755406773
2,33113.1922777208,47.74736182653436,22.658203125,False,555,refine,admit_all_memory_gated,"35,36",33065.444915894266
2,33160.93963954734,47.74736182653436,22.658203125,False,556,refine,admit_all_memory_gated,"35,36",33113.1922777208
1,33205.49863969461,44.559000147273764,12.220703125,False,557,refine,admit_all_memory_gated,36,33160.93963954734
2,33277.503116198546,72.00447650393471,235.28125,False,558,warmup,admit_all_memory_gated,"36,37",33205.49863969461
2,33325.25047802508,47.74736182653436,22.658203125,False,559,refine,admit_all_memory_gated,"36,37",33277.503116198546
2,33372.99783985162,47.74736182653436,22.658203125,False,560,refine,admit_all_memory_gated,"36,37",33325.25047802508
2,33420.74520167815,47.74736182653436,22.658203125,False,561,refine,admit_all_memory_gated,"36,37",33372.99783985162
2,33468.49256350469,47.74736182653436,22.658203125,False,562,refine,admit_all_memory_gated,"36,37",33420.74520167815
2,33516.239925331225,47.74736182653436,22.658203125,False,563,refine,admit_all_memory_gated,"36,37",33468.49256350469
2,33563.98728715776,47.74736182653436,22.658203125,False,564,refine,admit_all_memory_gated,"36,37",33516.239925331225
2,33611.7346489843,47.74736182653436,22.658203125,False,565,refine,admit_all_memory_gated,"36,37",33563.98728715776
2,33659.48201081083,47.74736182653436,22.658203125,False,566,refine,admit_all_memory_gated,"36,37",33611.7346489843
2,33707.22937263737,47.74736182653436,22.658203125,False,567,refine,admit_all_memory_gated,"36,37",33659.48201081083
2,33754.976734463904,47.74736182653436,22.658203125,False,568,refine,admit_all_memory_gated,"36,37",33707.22937263737
1,33793.67551520719,38.69878074328881,117.5458984375,False,569,warmup,admit_all_memory_gated,36,33754.976734463904
2,33841.42287703373,47.74736182653436,22.658203125,False,570,refine,admit_all_memory_gated,"37,36",33793.67551520719
1,33880.12165777702,38.69878074328881,117.5458984375,False,571,warmup,admit_all_memory_gated,37,33841.42287703373
2,33927.86901960355,47.74736182653436,22.658203125,False,572,refine,admit_all_memory_gated,"36,37",33880.12165777702
2,33975.61638143009,47.74736182653436,22.658203125,False,573,refine,admit_all_memory_gated,"36,37",33927.86901960355
2,34023.363743256625,47.74736182653436,22.658203125,False,574,refine,admit_all_memory_gated,"36,37",33975.61638143009
2,34071.11110508316,47.74736182653436,22.658203125,False,575,refine,admit_all_memory_gated,"36,37",34023.363743256625
2,34118.858466909696,47.74736182653436,22.658203125,False,576,refine,admit_all_memory_gated,"36,37",34071.11110508316
2,34166.60582873623,47.74736182653436,22.658203125,False,577,refine,admit_all_memory_gated,"36,37",34118.858466909696
2,34214.35319056277,47.74736182653436,22.658203125,False,578,refine,admit_all_memory_gated,"36,37",34166.60582873623
2,34262.1005523893,47.74736182653436,22.658203125,False,579,refine,admit_all_memory_gated,"36,37",34214.35319056277
2,34309.84791421584,47.74736182653436,22.658203125,False,580,refine,admit_all_memory_gated,"36,37",34262.1005523893
1,34348.54669495913,38.69878074328881,117.5458984375,False,581,warmup,admit_all_memory_gated,38,34309.84791421584
2,34396.294056785664,47.74736182653436,22.658203125,False,582,refine,admit_all_memory_gated,"37,38",34348.54669495913
1,34434.99283752895,38.69878074328881,117.5458984375,False,583,warmup,admit_all_memory_gated,37,34396.294056785664
2,34482.74019935549,47.74736182653436,22.658203125,False,584,refine,admit_all_memory_gated,"38,37",34434.99283752895
2,34530.487561182024,47.74736182653436,22.658203125,False,585,refine,admit_all_memory_gated,"37,38",34482.74019935549
2,34578.23492300856,47.74736182653436,22.658203125,False,586,refine,admit_all_memory_gated,"37,38",34530.487561182024
2,34625.982284835096,47.74736182653436,22.658203125,False,587,refine,admit_all_memory_gated,"37,38",34578.23492300856
2,34673.72964666163,47.74736182653436,22.658203125,False,588,refine,admit_all_memory_gated,"37,38",34625.982284835096
2,34721.47700848817,47.74736182653436,22.658203125,False,589,refine,admit_all_memory_gated,"37,38",34673.72964666163
2,34769.2243703147,47.74736182653436,22.658203125,False,590,refine,admit_all_memory_gated,"37,38",34721.47700848817
2,34816.97173214124,47.74736182653436,22.658203125,False,591,refine,admit_all_memory_gated,"37,38",34769.2243703147
2,34864.719093967775,47.74736182653436,22.658203125,False,592,refine,admit_all_memory_gated,"37,38",34816.97173214124
2,34912.46645579431,47.74736182653436,22.658203125,False,593,refine,admit_all_memory_gated,"37,38",34864.719093967775
2,34984.470932298245,72.00447650393471,235.28125,False,594,warmup,admit_all_memory_gated,"37,38",34912.46645579431
2,35032.21829412478,47.74736182653436,22.658203125,False,595,refine,admit_all_memory_gated,"37,38",34984.470932298245
2,35079.96565595132,47.74736182653436,22.658203125,False,596,refine,admit_all_memory_gated,"37,38",35032.21829412478
2,35127.71301777785,47.74736182653436,22.658203125,False,597,refine,admit_all_memory_gated,"37,38",35079.96565595132
2,35175.46037960439,47.74736182653436,22.658203125,False,598,refine,admit_all_memory_gated,"37,38",35127.71301777785
2,35223.207741430924,47.74736182653436,22.658203125,False,599,refine,admit_all_memory_gated,"37,38",35175.46037960439
2,35270.95510325746,47.74736182653436,22.658203125,False,600,refine,admit_all_memory_gated,"37,38",35223.207741430924
2,35318.702465083996,47.74736182653436,22.658203125,False,601,refine,admit_all_memory_gated,"37,38",35270.95510325746
2,35366.44982691053,47.74736182653436,22.658203125,False,602,refine,admit_all_memory_gated,"37,38",35318.702465083996
2,35414.19718873707,47.74736182653436,22.658203125,False,603,refine,admit_all_memory_gated,"37,38",35366.44982691053
2,35461.9445505636,47.74736182653436,22.658203125,False,604,refine,admit_all_memory_gated,"37,38",35414.19718873707
1,35500.64333130689,38.69878074328881,117.5458984375,False,605,warmup,admit_all_memory_gated,38,35461.9445505636
1,35545.202331454166,44.559000147273764,12.220703125,False,606,refine,admit_all_memory_gated,38,35500.64333130689
1,35589.76133160144,44.559000147273764,12.220703125,False,607,refine,admit_all_memory_gated,38,35545.202331454166
1,35634.32033174871,44.559000147273764,12.220703125,False,608,refine,admit_all_memory_gated,38,35589.76133160144
1,35678.87933189599,44.559000147273764,12.220703125,False,609,refine,admit_all_memory_gated,38,35634.32033174871
1,35723.43833204326,44.559000147273764,12.220703125,False,610,refine,admit_all_memory_gated,38,35678.87933189599
1,35767.997332190535,44.559000147273764,12.220703125,False,611,refine,admit_all_memory_gated,38,35723.43833204326
1,35812.55633233781,44.559000147273764,12.220703125,False,612,refine,admit_all_memory_gated,38,35767.997332190535
1,35857.11533248508,44.559000147273764,12.220703125,False,613,refine,admit_all_memory_gated,38,35812.55633233781
1,35901.674332632356,44.559000147273764,12.220703125,False,614,refine,admit_all_memory_gated,38,35857.11533248508
1,35946.23333277963,44.559000147273764,12.220703125,False,615,refine,admit_all_memory_gated,38,35901.674332632356
1,35984.93211352292,38.69878074328881,117.5458984375,False,616,warmup,admit_all_memory_gated,38,35946.23333277963
1,36029.49111367019,44.559000147273764,12.220703125,False,617,refine,admit_all_memory_gated,38,35984.93211352292
1,36074.050113817466,44.559000147273764,12.220703125,False,618,refine,admit_all_memory_gated,38,36029.49111367019
1,36118.60911396474,44.559000147273764,12.220703125,False,619,refine,admit_all_memory_gated,38,36074.050113817466
1,36163.16811411201,44.559000147273764,12.220703125,False,620,refine,admit_all_memory_gated,38,36118.60911396474
1,36201.8668948553,38.69878074328881,117.5458984375,False,621,warmup,admit_all_memory_gated,39,36163.16811411201
2,36249.61425668184,47.74736182653436,22.658203125,False,622,refine,admit_all_memory_gated,"38,39",36201.8668948553
2,36297.361618508374,47.74736182653436,22.658203125,False,623,refine,admit_all_memory_gated,"38,39",36249.61425668184
2,36345.10898033491,47.74736182653436,22.658203125,False,624,refine,admit_all_memory_gated,"38,39",36297.361618508374
2,36392.856342161445,47.74736182653436,22.658203125,False,625,refine,admit_all_memory_gated,"38,39",36345.10898033491
2,36440.60370398798,47.74736182653436,22.658203125,False,626,refine,admit_all_memory_gated,"38,39",36392.856342161445
2,36488.35106581452,47.74736182653436,22.658203125,False,627,refine,admit_all_memory_gated,"38,39",36440.60370398798
1,36532.91006596179,44.559000147273764,12.220703125,False,628,refine,admit_all_memory_gated,39,36488.35106581452
1,36577.469066109064,44.559000147273764,12.220703125,False,629,refine,admit_all_memory_gated,39,36532.91006596179
1,36622.02806625634,44.559000147273764,12.220703125,False,630,refine,admit_all_memory_gated,39,36577.469066109064
1,36666.58706640361,44.559000147273764,12.220703125,False,631,refine,admit_all_memory_gated,39,36622.02806625634
1,36711.146066550886,44.559000147273764,12.220703125,False,632,refine,admit_all_memory_gated,39,36666.58706640361
1,36749.844847294175,38.69878074328881,117.5458984375,False,633,warmup,admit_all_memory_gated,39,36711.146066550886
1,36794.40384744145,44.559000147273764,12.220703125,False,634,refine,admit_all_memory_gated,39,36749.844847294175
1,36838.96284758872,44.559000147273764,12.220703125,False,635,refine,admit_all_memory_gated,39,36794.40384744145
1,36883.521847735996,44.559000147273764,12.220703125,False,636,refine,admit_all_memory_gated,39,36838.96284758872
1,36928.08084788327,44.559000147273764,12.220703125,False,637,refine,admit_all_memory_gated,39,36883.521847735996
1,36972.63984803054,44.559000147273764,12.220703125,False,638,refine,admit_all_memory_gated,39,36928.08084788327
1,37017.19884817782,44.559000147273764,12.220703125,False,639,refine,admit_all_memory_gated,39,36972.63984803054
1,37055.897628921106,38.69878074328881,117.5458984375,False,640,warmup,admit_all_memory_gated,40,37017.19884817782
2,37103.64499074764,47.74736182653436,22.658203125,False,641,refine,admit_all_memory_gated,"39,40",37055.897628921106
2,37151.39235257418,47.74736182653436,22.658203125,False,642,refine,admit_all_memory_gated,"39,40",37103.64499074764
2,37199.13971440071,47.74736182653436,22.658203125,False,643,refine,admit_all_memory_gated,"39,40",37151.39235257418
2,37246.88707622725,47.74736182653436,22.658203125,False,644,refine,admit_all_memory_gated,"39,40",37199.13971440071
1,37285.58585697054,38.69878074328881,117.5458984375,False,645,warmup,admit_all_memory_gated,39,37246.88707622725
2,37333.333218797074,47.74736182653436,22.658203125,False,646,refine,admit_all_memory_gated,"40,39",37285.58585697054
2,37381.08058062361,47.74736182653436,22.658203125,False,647,refine,admit_all_memory_gated,"39,40",37333.333218797074
2,37428.827942450145,47.74736182653436,22.658203125,False,648,refine,admit_all_memory_gated,"39,40",37381.08058062361
2,37476.57530427668,47.74736182653436,22.658203125,False,649,refine,admit_all_memory_gated,"39,40",37428.827942450145
2,37524.32266610322,47.74736182653436,22.658203125,False,650,refine,admit_all_memory_gated,"39,40",37476.57530427668
2,37572.07002792975,47.74736182653436,22.658203125,False,651,refine,admit_all_memory_gated,"39,40",37524.32266610322
2,37619.81738975629,47.74736182653436,22.658203125,False,652,refine,admit_all_memory_gated,"39,40",37572.07002792975
1,37658.51617049958,38.69878074328881,117.5458984375,False,653,warmup,admit_all_memory_gated,40,37619.81738975629
2,37706.26353232611,47.74736182653436,22.658203125,False,654,refine,admit_all_memory_gated,"39,40",37658.51617049958
2,37754.01089415265,47.74736182653436,22.658203125,False,655,refine,admit_all_memory_gated,"39,40",37706.26353232611
2,37801.758255979184,47.74736182653436,22.658203125,False,656,refine,admit_all_memory_gated,"39,40",37754.01089415265
1,37840.45703672247,38.69878074328881,117.5458984375,False,657,warmup,admit_all_memory_gated,39,37801.758255979184
2,37888.20439854901,47.74736182653436,22.658203125,False,658,refine,admit_all_memory_gated,"40,39",37840.45703672247
2,37935.951760375545,47.74736182653436,22.658203125,False,659,refine,admit_all_memory_gated,"39,40",37888.20439854901
2,37983.69912220208,47.74736182653436,22.658203125,False,660,refine,admit_all_memory_gated,"39,40",37935.951760375545
2,38031.44648402862,47.74736182653436,22.658203125,False,661,refine,admit_all_memory_gated,"39,40",37983.69912220208
2,38079.19384585515,47.74736182653436,22.658203125,False,662,refine,admit_all_memory_gated,"39,40",38031.44648402862
2,38126.94120768169,47.74736182653436,22.658203125,False,663,refine,admit_all_memory_gated,"39,40",38079.19384585515
2,38174.688569508224,47.74736182653436,22.658203125,False,664,refine,admit_all_memory_gated,"39,40",38126.94120768169
1,38213.38735025151,38.69878074328881,117.5458984375,False,665,warmup,admit_all_memory_gated,40,38174.688569508224
2,38261.13471207805,47.74736182653436,22.658203125,False,666,refine,admit_all_memory_gated,"39,40",38213.38735025151
2,38308.882073904584,47.74736182653436,22.658203125,False,667,refine,admit_all_memory_gated,"39,40",38261.13471207805
2,38356.62943573112,47.74736182653436,22.658203125,False,668,refine,admit_all_memory_gated,"39,40",38308.882073904584
2,38428.633912235055,72.00447650393471,235.28125,False,669,warmup,admit_all_memory_gated,"41,42",38356.62943573112
3,38500.25495497486,71.62104273980154,33.9873046875,False,670,refine,admit_all_memory_gated,"40,41,42",38428.633912235055
3,38571.87599771466,71.62104273980154,33.9873046875,False,671,refine,admit_all_memory_gated,"40,41,42",38500.25495497486
3,38643.497040454466,71.62104273980154,33.9873046875,False,672,refine,admit_all_memory_gated,"40,41,42",38571.87599771466
3,38715.11808319427,71.62104273980154,33.9873046875,False,673,refine,admit_all_memory_gated,"40,41,42",38643.497040454466
3,38786.73912593407,71.62104273980154,33.9873046875,False,674,refine,admit_all_memory_gated,"40,41,42",38715.11808319427
3,38858.36016867388,71.62104273980154,33.9873046875,False,675,refine,admit_all_memory_gated,"40,41,42",38786.73912593407
3,38929.98121141368,71.62104273980154,33.9873046875,False,676,refine,admit_all_memory_gated,"40,41,42",38858.36016867388
2,38977.728573240216,47.74736182653436,22.658203125,False,677,refine,admit_all_memory_gated,"41,42",38929.98121141368
2,39025.47593506675,47.74736182653436,22.658203125,False,678,refine,admit_all_memory_gated,"41,42",38977.728573240216
2,39073.22329689329,47.74736182653436,22.658203125,False,679,refine,admit_all_memory_gated,"41,42",39025.47593506675
2,39120.97065871982,47.74736182653436,22.658203125,False,680,refine,admit_all_memory_gated,"41,42",39073.22329689329
4,39231.39310047024,110.4224417504156,467.0625,False,681,warmup,admit_all_memory_gated,"43,40,44,45",39120.97065871982
4,39285.19710212829,53.804001658047525,46.439453125,False,682,refine,admit_all_memory_gated,"40,43,44,45",39231.39310047024
4,39339.00110378634,53.804001658047525,46.439453125,False,683,refine,admit_all_memory_gated,"40,43,44,45",39285.19710212829
4,39392.805105444386,53.804001658047525,46.439453125,False,684,refine,admit_all_memory_gated,"40,43,44,45",39339.00110378634
4,39446.609107102435,53.804001658047525,46.439453125,False,685,refine,admit_all_memory_gated,"40,43,44,45",39392.805105444386
4,39500.413108760484,53.804001658047525,46.439453125,False,686,refine,admit_all_memory_gated,"40,43,44,45",39446.609107102435
4,39554.21711041853,53.804001658047525,46.439453125,False,687,refine,admit_all_memory_gated,"40,43,44,45",39500.413108760484
4,39608.02111207658,53.804001658047525,46.439453125,False,688,refine,admit_all_memory_gated,"40,43,44,45",39554.21711041853
4,39661.82511373463,53.804001658047525,46.439453125,False,689,refine,admit_all_memory_gated,"40,43,44,45",39608.02111207658
4,39715.62911539268,53.804001658047525,46.439453125,False,690,refine,admit_all_memory_gated,"40,43,44,45",39661.82511373463
4,39769.43311705073,53.804001658047525,46.439453125,False,691,refine,admit_all_memory_gated,"40,43,44,45",39715.62911539268
3,39841.05415979053,71.62104273980154,33.9873046875,False,692,refine,admit_all_memory_gated,"43,44,45",39769.43311705073
4,39951.47660154095,110.4224417504156,467.0625,False,693,warmup,admit_all_memory_gated,"41,42,46,47",39841.05415979053
4,40005.280603199,53.804001658047525,46.439453125,False,694,refine,admit_all_memory_gated,"41,42,46,47",39951.47660154095
4,40059.084604857046,53.804001658047525,46.439453125,False,695,refine,admit_all_memory_gated,"41,42,46,47",40005.280603199
4,40112.888606515095,53.804001658047525,46.439453125,False,696,refine,admit_all_memory_gated,"41,42,46,47",40059.084604857046
4,40166.69260817314,53.804001658047525,46.439453125,False,697,refine,admit_all_memory_gated,"41,42,46,47",40112.888606515095
4,40220.49660983119,53.804001658047525,46.439453125,False,698,refine,admit_all_memory_gated,"41,42,46,47",40166.69260817314
4,40274.30061148924,53.804001658047525,46.439453125,False,699,refine,admit_all_memory_gated,"41,42,46,47",40220.49660983119
4,40328.10461314729,53.804001658047525,46.439453125,False,700,refine,admit_all_memory_gated,"41,42,46,47",40274.30061148924
4,40381.90861480534,53.804001658047525,46.439453125,False,701,refine,admit_all_memory_gated,"41,42,46,47",40328.10461314729
4,40435.71261646339,53.804001658047525,46.439453125,False,702,refine,admit_all_memory_gated,"41,42,46,47",40381.90861480534
4,40489.51661812144,53.804001658047525,46.439453125,False,703,refine,admit_all_memory_gated,"41,42,46,47",40435.71261646339
2,40537.26397994797,47.74736182653436,22.658203125,False,704,refine,admit_all_memory_gated,"46,47",40489.51661812144
4,40647.68642169839,110.4224417504156,467.0625,False,705,warmup,admit_all_memory_gated,"48,43,44,45",40537.26397994797
4,40701.49042335644,53.804001658047525,46.439453125,False,706,refine,admit_all_memory_gated,"43,44,45,48",40647.68642169839
4,40755.29442501449,53.804001658047525,46.439453125,False,707,refine,admit_all_memory_gated,"43,44,45,48",40701.49042335644
4,40809.098426672535,53.804001658047525,46.439453125,False,708,refine,admit_all_memory_gated,"43,44,45,48",40755.29442501449
4,40862.902428330584,53.804001658047525,46.439453125,False,709,refine,admit_all_memory_gated,"43,44,45,48",40809.098426672535
4,40916.70642998863,53.804001658047525,46.439453125,False,710,refine,admit_all_memory_gated,"43,44,45,48",40862.902428330584
4,40970.51043164668,53.804001658047525,46.439453125,False,711,refine,admit_all_memory_gated,"43,44,45,48",40916.70642998863
4,41024.31443330473,53.804001658047525,46.439453125,False,712,refine,admit_all_memory_gated,"43,44,45,48",40970.51043164668
4,41078.11843496278,53.804001658047525,46.439453125,False,713,refine,admit_all_memory_gated,"43,44,45,48",41024.31443330473
4,41131.92243662083,53.804001658047525,46.439453125,False,714,refine,admit_all_memory_gated,"43,44,45,48",41078.11843496278
4,41185.72643827888,53.804001658047525,46.439453125,False,715,refine,admit_all_memory_gated,"43,44,45,48",41131.92243662083
4,41296.148880029294,110.4224417504156,467.0625,False,716,warmup,admit_all_memory_gated,"41,42,46,47",41185.72643827888
5,41363.403882101855,67.2550020725594,58.04931640625,False,717,refine,admit_all_memory_gated,"48,41,42,46,47",41296.148880029294
4,41417.207883759904,53.804001658047525,46.439453125,False,718,refine,admit_all_memory_gated,"41,42,46,47",41363.403882101855
4,41471.01188541795,53.804001658047525,46.439453125,False,719,refine,admit_all_memory_gated,"41,42,46,47",41417.207883759904
4,41524.815887076,53.804001658047525,46.439453125,False,720,refine,admit_all_memory_gated,"41,42,46,47",41471.01188541795
4,41578.61988873405,53.804001658047525,46.439453125,False,721,refine,admit_all_memory_gated,"41,42,46,47",41524.815887076
4,41632.4238903921,53.804001658047525,46.439453125,False,722,refine,admit_all_memory_gated,"41,42,46,47",41578.61988873405
4,41686.22789205015,53.804001658047525,46.439453125,False,723,refine,admit_all_memory_gated,"41,42,46,47",41632.4238903921
4,41740.0318937082,53.804001658047525,46.439453125,False,724,refine,admit_all_memory_gated,"41,42,46,47",41686.22789205015
4,41793.83589536625,53.804001658047525,46.439453125,False,725,refine,admit_all_memory_gated,"41,42,46,47",41740.0318937082
4,41847.639897024295,53.804001658047525,46.439453125,False,726,refine,admit_all_memory_gated,"41,42,46,47",41793.83589536625
4,41958.06233877471,110.4224417504156,467.0625,False,727,warmup,admit_all_memory_gated,"49,50,43,44",41847.639897024295
4,42011.86634043276,53.804001658047525,46.439453125,False,728,refine,admit_all_memory_gated,"43,44,49,50",41958.06233877471
4,42065.67034209081,53.804001658047525,46.439453125,False,729,refine,admit_all_memory_gated,"43,44,49,50",42011.86634043276
4,42119.47434374886,53.804001658047525,46.439453125,False,730,refine,admit_all_memory_gated,"43,44,49,50",42065.67034209081
4,42173.27834540691,53.804001658047525,46.439453125,False,731,refine,admit_all_memory_gated,"43,44,49,50",42119.47434374886
4,42227.082347064956,53.804001658047525,46.439453125,False,732,refine,admit_all_memory_gated,"43,44,49,50",42173.27834540691
4,42280.886348723005,53.804001658047525,46.439453125,False,733,refine,admit_all_memory_gated,"43,44,49,50",42227.082347064956
4,42334.69035038105,53.804001658047525,46.439453125,False,734,refine,admit_all_memory_gated,"43,44,49,50",42280.886348723005
4,42388.4943520391,53.804001658047525,46.439453125,False,735,refine,admit_all_memory_gated,"43,44,49,50",42334.69035038105
4,42442.29835369715,53.804001658047525,46.439453125,False,736,refine,admit_all_memory_gated,"43,44,49,50",42388.4943520391
4,42496.1023553552,53.804001658047525,46.439453125,False,737,refine,admit_all_memory_gated,"43,44,49,50",42442.29835369715
2,42543.849717181736,47.74736182653436,22.658203125,False,738,refine,admit_all_memory_gated,"49,50",42496.1023553552
4,42654.27215893215,110.4224417504156,467.0625,False,739,warmup,admit_all_memory_gated,"45,48,51,41",42543.849717181736
4,42708.0761605902,53.804001658047525,46.439453125,False,740,refine,admit_all_memory_gated,"41,45,48,51",42654.27215893215
4,42761.88016224825,53.804001658047525,46.439453125,False,741,refine,admit_all_memory_gated,"41,45,48,51",42708.0761605902
4,42815.6841639063,53.804001658047525,46.439453125,False,742,refine,admit_all_memory_gated,"41,45,48,51",42761.88016224825
4,42869.48816556435,53.804001658047525,46.439453125,False,743,refine,admit_all_memory_gated,"41,45,48,51",42815.6841639063
4,42923.2921672224,53.804001658047525,46.439453125,False,744,refine,admit_all_memory_gated,"41,45,48,51",42869.48816556435
4,42977.096168880445,53.804001658047525,46.439453125,False,745,refine,admit_all_memory_gated,"41,45,48,51",42923.2921672224
4,43030.900170538494,53.804001658047525,46.439453125,False,746,refine,admit_all_memory_gated,"41,45,48,51",42977.096168880445
4,43084.70417219654,53.804001658047525,46.439453125,False,747,refine,admit_all_memory_gated,"41,45,48,51",43030.900170538494
4,43138.50817385459,53.804001658047525,46.439453125,False,748,refine,admit_all_memory_gated,"41,45,48,51",43084.70417219654
4,43192.31217551264,53.804001658047525,46.439453125,False,749,refine,admit_all_memory_gated,"41,45,48,51",43138.50817385459
4,43302.73461726306,110.4224417504156,467.0625,False,750,warmup,admit_all_memory_gated,"42,46,47,52",43192.31217551264
5,43369.98961933562,67.2550020725594,58.04931640625,False,751,refine,admit_all_memory_gated,"51,42,46,47,52",43302.73461726306
4,43423.79362099367,53.804001658047525,46.439453125,False,752,refine,admit_all_memory_gated,"42,46,47,52",43369.98961933562
4,43477.597622651716,53.804001658047525,46.439453125,False,753,refine,admit_all_memory_gated,"42,46,47,52",43423.79362099367
4,43531.401624309765,53.804001658047525,46.439453125,False,754,refine,admit_all_memory_gated,"42,46,47,52",43477.597622651716
4,43585.205625967814,53.804001658047525,46.439453125,False,755,refine,admit_all_memory_gated,"42,46,47,52",43531.401624309765
4,43639.00962762586,53.804001658047525,46.439453125,False,756,refine,admit_all_memory_gated,"42,46,47,52",43585.205625967814
4,43692.81362928391,53.804001658047525,46.439453125,False,757,refine,admit_all_memory_gated,"42,46,47,52",43639.00962762586
4,43746.61763094196,53.804001658047525,46.439453125,False,758,refine,admit_all_memory_gated,"42,46,47,52",43692.81362928391
4,43800.42163260001,53.804001658047525,46.439453125,False,759,refine,admit_all_memory_gated,"42,46,47,52",43746.61763094196
4,43854.22563425806,53.804001658047525,46.439453125,False,760,refine,admit_all_memory_gated,"42,46,47,52",43800.42163260001
4,43964.648076008474,110.4224417504156,467.0625,False,761,warmup,admit_all_memory_gated,"53,43,44,49",43854.22563425806
5,44031.903078081035,67.2550020725594,58.04931640625,False,762,refine,admit_all_memory_gated,"52,43,44,49,53",43964.648076008474
4,44085.707079739084,53.804001658047525,46.439453125,False,763,refine,admit_all_memory_gated,"43,44,49,53",44031.903078081035
4,44139.51108139713,53.804001658047525,46.439453125,False,764,refine,admit_all_memory_gated,"43,44,49,53",44085.707079739084
4,44193.31508305518,53.804001658047525,46.439453125,False,765,refine,admit_all_memory_gated,"43,44,49,53",44139.51108139713
4,44247.11908471323,53.804001658047525,46.439453125,False,766,refine,admit_all_memory_gated,"43,44,49,53",44193.31508305518
4,44300.92308637128,53.804001658047525,46.439453125,False,767,refine,admit_all_memory_gated,"43,44,49,53",44247.11908471323
4,44354.72708802933,53.804001658047525,46.439453125,False,768,refine,admit_all_memory_gated,"43,44,49,53",44300.92308637128
4,44408.53108968738,53.804001658047525,46.439453125,False,769,refine,admit_all_memory_gated,"43,44,49,53",44354.72708802933
4,44462.33509134543,53.804001658047525,46.439453125,False,770,refine,admit_all_memory_gated,"43,44,49,53",44408.53108968738
4,44516.139093003476,53.804001658047525,46.439453125,False,771,refine,admit_all_memory_gated,"43,44,49,53",44462.33509134543
4,44626.56153475389,110.4224417504156,467.0625,False,772,warmup,admit_all_memory_gated,"50,45,48,51",44516.139093003476
5,44693.81653682645,67.2550020725594,58.04931640625,False,773,refine,admit_all_memory_gated,"53,45,48,50,51",44626.56153475389
4,44747.6205384845,53.804001658047525,46.439453125,False,774,refine,admit_all_memory_gated,"45,48,50,51",44693.81653682645
4,44801.42454014255,53.804001658047525,46.439453125,False,775,refine,admit_all_memory_gated,"45,48,50,51",44747.6205384845
4,44855.2285418006,53.804001658047525,46.439453125,False,776,refine,admit_all_memory_gated,"45,48,50,51",44801.42454014255
4,44909.03254345865,53.804001658047525,46.439453125,False,777,refine,admit_all_memory_gated,"45,48,50,51",44855.2285418006
4,44962.8365451167,53.804001658047525,46.439453125,False,778,refine,admit_all_memory_gated,"45,48,50,51",44909.03254345865
4,45016.640546774746,53.804001658047525,46.439453125,False,779,refine,admit_all_memory_gated,"45,48,50,51",44962.8365451167
4,45070.444548432795,53.804001658047525,46.439453125,False,780,refine,admit_all_memory_gated,"45,48,50,51",45016.640546774746
4,45124.248550090844,53.804001658047525,46.439453125,False,781,refine,admit_all_memory_gated,"45,48,50,51",45070.444548432795
4,45178.05255174889,53.804001658047525,46.439453125,False,782,refine,admit_all_memory_gated,"45,48,50,51",45124.248550090844
4,45288.47499349931,110.4224417504156,467.0625,False,783,warmup,admit_all_memory_gated,"46,47,52,49",45178.05255174889
4,45342.27899515736,53.804001658047525,46.439453125,False,784,refine,admit_all_memory_gated,"46,47,49,52",45288.47499349931
4,45396.08299681541,53.804001658047525,46.439453125,False,785,refine,admit_all_memory_gated,"46,47,49,52",45342.27899515736
4,45449.886998473456,53.804001658047525,46.439453125,False,786,refine,admit_all_memory_gated,"46,47,49,52",45396.08299681541
4,45503.691000131505,53.804001658047525,46.439453125,False,787,refine,admit_all_memory_gated,"46,47,49,52",45449.886998473456
4,45557.49500178955,53.804001658047525,46.439453125,False,788,refine,admit_all_memory_gated,"46,47,49,52",45503.691000131505
4,45611.2990034476,53.804001658047525,46.439453125,False,789,refine,admit_all_memory_gated,"46,47,49,52",45557.49500178955
4,45665.10300510565,53.804001658047525,46.439453125,False,790,refine,admit_all_memory_gated,"46,47,49,52",45611.2990034476
4,45718.9070067637,53.804001658047525,46.439453125,False,791,refine,admit_all_memory_gated,"46,47,49,52",45665.10300510565
4,45772.71100842175,53.804001658047525,46.439453125,False,792,refine,admit_all_memory_gated,"46,47,49,52",45718.9070067637
4,45826.5150100798,53.804001658047525,46.439453125,False,793,refine,admit_all_memory_gated,"46,47,49,52",45772.71100842175
4,45936.937451830214,110.4224417504156,467.0625,False,794,warmup,admit_all_memory_gated,"53,54,48,50",45826.5150100798
4,45990.74145348826,53.804001658047525,46.439453125,False,795,refine,admit_all_memory_gated,"48,50,53,54",45936.937451830214
4,46044.54545514631,53.804001658047525,46.439453125,False,796,refine,admit_all_memory_gated,"48,50,53,54",45990.74145348826
4,46098.34945680436,53.804001658047525,46.439453125,False,797,refine,admit_all_memory_gated,"48,50,53,54",46044.54545514631
4,46152.15345846241,53.804001658047525,46.439453125,False,798,refine,admit_all_memory_gated,"48,50,53,54",46098.34945680436
4,46205.95746012046,53.804001658047525,46.439453125,False,799,refine,admit_all_memory_gated,"48,50,53,54",46152.15345846241
4,46259.76146177851,53.804001658047525,46.439453125,False,800,refine,admit_all_memory_gated,"48,50,53,54",46205.95746012046
4,46313.56546343656,53.804001658047525,46.439453125,False,801,refine,admit_all_memory_gated,"48,50,53,54",46259.76146177851
4,46367.369465094605,53.804001658047525,46.439453125,False,802,refine,admit_all_memory_gated,"48,50,53,54",46313.56546343656
4,46421.173466752654,53.804001658047525,46.439453125,False,803,refine,admit_all_memory_gated,"48,50,53,54",46367.369465094605
4,46474.9774684107,53.804001658047525,46.439453125,False,804,refine,admit_all_memory_gated,"48,50,53,54",46421.173466752654
4,46585.39991016112,110.4224417504156,467.0625,False,805,warmup,admit_all_memory_gated,"51,49,52,55",46474.9774684107
5,46652.65491223368,67.2550020725594,58.04931640625,False,806,refine,admit_all_memory_gated,"54,49,51,52,55",46585.39991016112
4,46706.45891389173,53.804001658047525,46.439453125,False,807,refine,admit_all_memory_gated,"49,51,52,55",46652.65491223368
4,46760.26291554978,53.804001658047525,46.439453125,False,808,refine,admit_all_memory_gated,"49,51,52,55",46706.45891389173
4,46814.06691720783,53.804001658047525,46.439453125,False,809,refine,admit_all_memory_gated,"49,51,52,55",46760.26291554978
4,46867.870918865876,53.804001658047525,46.439453125,False,810,refine,admit_all_memory_gated,"49,51,52,55",46814.06691720783
4,46921.674920523925,53.804001658047525,46.439453125,False,811,refine,admit_all_memory_gated,"49,51,52,55",46867.870918865876
4,46975.478922181974,53.804001658047525,46.439453125,False,812,refine,admit_all_memory_gated,"49,51,52,55",46921.674920523925
4,47029.28292384002,53.804001658047525,46.439453125,False,813,refine,admit_all_memory_gated,"49,51,52,55",46975.478922181974
4,47083.08692549807,53.804001658047525,46.439453125,False,814,refine,admit_all_memory_gated,"49,51,52,55",47029.28292384002
4,47136.89092715612,53.804001658047525,46.439453125,False,815,refine,admit_all_memory_gated,"49,51,52,55",47083.08692549807
4,47247.313368906536,110.4224417504156,467.0625,False,816,warmup,admit_all_memory_gated,"50,53,54,56",47136.89092715612
5,47314.5683709791,67.2550020725594,58.04931640625,False,817,refine,admit_all_memory_gated,"55,50,53,54,56",47247.313368906536
4,47368.372372637146,53.804001658047525,46.439453125,False,818,refine,admit_all_memory_gated,"50,53,54,56",47314.5683709791
4,47422.176374295195,53.804001658047525,46.439453125,False,819,refine,admit_all_memory_gated,"50,53,54,56",47368.372372637146
4,47475.980375953244,53.804001658047525,46.439453125,False,820,refine,admit_all_memory_gated,"50,53,54,56",47422.176374295195
4,47529.78437761129,53.804001658047525,46.439453125,False,821,refine,admit_all_memory_gated,"50,53,54,56",47475.980375953244
4,47583.58837926934,53.804001658047525,46.439453125,False,822,refine,admit_all_memory_gated,"50,53,54,56",47529.78437761129
4,47637.39238092739,53.804001658047525,46.439453125,False,823,refine,admit_all_memory_gated,"50,53,54,56",47583.58837926934
4,47691.19638258544,53.804001658047525,46.439453125,False,824,refine,admit_all_memory_gated,"50,53,54,56",47637.39238092739
4,47745.00038424349,53.804001658047525,46.439453125,False,825,refine,admit_all_memory_gated,"50,53,54,56",47691.19638258544
4,47798.80438590154,53.804001658047525,46.439453125,False,826,refine,admit_all_memory_gated,"50,53,54,56",47745.00038424349
4,47909.22682765195,110.4224417504156,467.0625,False,827,warmup,admit_all_memory_gated,"57,51,52,55",47798.80438590154
5,47976.481829724515,67.2550020725594,58.04931640625,False,828,refine,admit_all_memory_gated,"56,51,52,55,57",47909.22682765195
4,48030.28583138256,53.804001658047525,46.439453125,False,829,refine,admit_all_memory_gated,"51,52,55,57",47976.481829724515
4,48084.08983304061,53.804001658047525,46.439453125,False,830,refine,admit_all_memory_gated,"51,52,55,57",48030.28583138256
4,48137.89383469866,53.804001658047525,46.439453125,False,831,refine,admit_all_memory_gated,"51,52,55,57",48084.08983304061
4,48191.69783635671,53.804001658047525,46.439453125,False,832,refine,admit_all_memory_gated,"51,52,55,57",48137.89383469866
4,48245.50183801476,53.804001658047525,46.439453125,False,833,refine,admit_all_memory_gated,"51,52,55,57",48191.69783635671
4,48299.30583967281,53.804001658047525,46.439453125,False,834,refine,admit_all_memory_gated,"51,52,55,57",48245.50183801476
4,48353.10984133086,53.804001658047525,46.439453125,False,835,refine,admit_all_memory_gated,"51,52,55,57",48299.30583967281
4,48406.913842988906,53.804001658047525,46.439453125,False,836,refine,admit_all_memory_gated,"51,52,55,57",48353.10984133086
4,48460.717844646955,53.804001658047525,46.439453125,False,837,refine,admit_all_memory_gated,"51,52,55,57",48406.913842988906
4,48571.14028639737,110.4224417504156,467.0625,False,838,warmup,admit_all_memory_gated,"53,54,56,58",48460.717844646955
5,48638.39528846993,67.2550020725594,58.04931640625,False,839,refine,admit_all_memory_gated,"57,53,54,56,58",48571.14028639737
4,48692.19929012798,53.804001658047525,46.439453125,False,840,refine,admit_all_memory_gated,"53,54,56,58",48638.39528846993
4,48746.00329178603,53.804001658047525,46.439453125,False,841,refine,admit_all_memory_gated,"53,54,56,58",48692.19929012798
4,48799.80729344408,53.804001658047525,46.439453125,False,842,refine,admit_all_memory_gated,"53,54,56,58",48746.00329178603
4,48853.61129510213,53.804001658047525,46.439453125,False,843,refine,admit_all_memory_gated,"53,54,56,58",48799.80729344408
4,48907.41529676018,53.804001658047525,46.439453125,False,844,refine,admit_all_memory_gated,"53,54,56,58",48853.61129510213
4,48961.219298418226,53.804001658047525,46.439453125,False,845,refine,admit_all_memory_gated,"53,54,56,58",48907.41529676018
4,49015.023300076275,53.804001658047525,46.439453125,False,846,refine,admit_all_memory_gated,"53,54,56,58",48961.219298418226
4,49068.82730173432,53.804001658047525,46.439453125,False,847,refine,admit_all_memory_gated,"53,54,56,58",49015.023300076275
4,49122.63130339237,53.804001658047525,46.439453125,False,848,refine,admit_all_memory_gated,"53,54,56,58",49068.82730173432
4,49233.05374514279,110.4224417504156,467.0625,False,849,warmup,admit_all_memory_gated,"55,59,57,60",49122.63130339237
5,49300.30874721535,67.2550020725594,58.04931640625,False,850,refine,admit_all_memory_gated,"58,55,57,59,60",49233.05374514279
4,49354.1127488734,53.804001658047525,46.439453125,False,851,refine,admit_all_memory_gated,"55,57,59,60",49300.30874721535
4,49407.91675053145,53.804001658047525,46.439453125,False,852,refine,admit_all_memory_gated,"55,57,59,60",49354.1127488734
4,49461.720752189496,53.804001658047525,46.439453125,False,853,refine,admit_all_memory_gated,"55,57,59,60",49407.91675053145
4,49515.524753847545,53.804001658047525,46.439453125,False,854,refine,admit_all_memory_gated,"55,57,59,60",49461.720752189496
4,49569.328755505594,53.804001658047525,46.439453125,False,855,refine,admit_all_memory_gated,"55,57,59,60",49515.524753847545
4,49623.13275716364,53.804001658047525,46.439453125,False,856,refine,admit_all_memory_gated,"55,57,59,60",49569.328755505594
4,49676.93675882169,53.804001658047525,46.439453125,False,857,refine,admit_all_memory_gated,"55,57,59,60",49623.13275716364
4,49730.74076047974,53.804001658047525,46.439453125,False,858,refine,admit_all_memory_gated,"55,57,59,60",49676.93675882169
4,49784.54476213779,53.804001658047525,46.439453125,False,859,refine,admit_all_memory_gated,"55,57,59,60",49730.74076047974
2,49832.292123964326,47.74736182653436,22.658203125,False,860,refine,admit_all_memory_gated,"59,60",49784.54476213779
4,49942.71456571474,110.4224417504156,467.0625,False,861,warmup,admit_all_memory_gated,"54,56,58,55",49832.292123964326
4,49996.51856737279,53.804001658047525,46.439453125,False,862,refine,admit_all_memory_gated,"54,55,56,58",49942.71456571474
4,50050.32256903084,53.804001658047525,46.439453125,False,863,refine,admit_all_memory_gated,"54,55,56,58",49996.51856737279
4,50104.12657068889,53.804001658047525,46.439453125,False,864,refine,admit_all_memory_gated,"54,55,56,58",50050.32256903084
4,50157.93057234694,53.804001658047525,46.439453125,False,865,refine,admit_all_memory_gated,"54,55,56,58",50104.12657068889
4,50211.734574004986,53.804001658047525,46.439453125,False,866,refine,admit_all_memory_gated,"54,55,56,58",50157.93057234694
4,50265.538575663035,53.804001658047525,46.439453125,False,867,refine,admit_all_memory_gated,"54,55,56,58",50211.734574004986
4,50319.342577321084,53.804001658047525,46.439453125,False,868,refine,admit_all_memory_gated,"54,55,56,58",50265.538575663035
4,50373.14657897913,53.804001658047525,46.439453125,False,869,refine,admit_all_memory_gated,"54,55,56,58",50319.342577321084
4,50426.95058063718,53.804001658047525,46.439453125,False,870,refine,admit_all_memory_gated,"54,55,56,58",50373.14657897913
4,50480.75458229523,53.804001658047525,46.439453125,False,871,refine,admit_all_memory_gated,"54,55,56,58",50426.95058063718
4,50591.177024045646,110.4224417504156,467.0625,False,872,warmup,admit_all_memory_gated,"57,59,60,56",50480.75458229523
4,50644.981025703695,53.804001658047525,46.439453125,False,873,refine,admit_all_memory_gated,"56,57,59,60",50591.177024045646
4,50698.785027361744,53.804001658047525,46.439453125,False,874,refine,admit_all_memory_gated,"56,57,59,60",50644.981025703695
4,50752.58902901979,53.804001658047525,46.439453125,False,875,refine,admit_all_memory_gated,"56,57,59,60",50698.785027361744
4,50806.39303067784,53.804001658047525,46.439453125,False,876,refine,admit_all_memory_gated,"56,57,59,60",50752.58902901979
4,50860.19703233589,53.804001658047525,46.439453125,False,877,refine,admit_all_memory_gated,"56,57,59,60",50806.39303067784
4,50914.00103399394,53.804001658047525,46.439453125,False,878,refine,admit_all_memory_gated,"56,57,59,60",50860.19703233589
4,50967.80503565199,53.804001658047525,46.439453125,False,879,refine,admit_all_memory_gated,"56,57,59,60",50914.00103399394
4,51021.60903731004,53.804001658047525,46.439453125,False,880,refine,admit_all_memory_gated,"56,57,59,60",50967.80503565199
4,51075.41303896809,53.804001658047525,46.439453125,False,881,refine,admit_all_memory_gated,"56,57,59,60",51021.60903731004
4,51129.217040626136,53.804001658047525,46.439453125,False,882,refine,admit_all_memory_gated,"56,57,59,60",51075.41303896809
4,51239.63948237655,110.4224417504156,467.0625,False,883,warmup,admit_all_memory_gated,"58,57,59,60",51129.217040626136
4,51293.4434840346,53.804001658047525,46.439453125,False,884,refine,admit_all_memory_gated,"57,58,59,60",51239.63948237655
4,51347.24748569265,53.804001658047525,46.439453125,False,885,refine,admit_all_memory_gated,"57,58,59,60",51293.4434840346
4,51401.0514873507,53.804001658047525,46.439453125,False,886,refine,admit_all_memory_gated,"57,58,59,60",51347.24748569265
4,51454.85548900875,53.804001658047525,46.439453125,False,887,refine,admit_all_memory_gated,"57,58,59,60",51401.0514873507
4,51508.659490666796,53.804001658047525,46.439453125,False,888,refine,admit_all_memory_gated,"57,58,59,60",51454.85548900875
4,51562.463492324845,53.804001658047525,46.439453125,False,889,refine,admit_all_memory_gated,"57,58,59,60",51508.659490666796
4,51616.267493982894,53.804001658047525,46.439453125,False,890,refine,admit_all_memory_gated,"57,58,59,60",51562.463492324845
4,51670.07149564094,53.804001658047525,46.439453125,False,891,refine,admit_all_memory_gated,"57,58,59,60",51616.267493982894
4,51723.87549729899,53.804001658047525,46.439453125,False,892,refine,admit_all_memory_gated,"57,58,59,60",51670.07149564094
4,51777.67949895704,53.804001658047525,46.439453125,False,893,refine,admit_all_memory_gated,"57,58,59,60",51723.87549729899
3,51885.68621371294,108.00671475590207,352.921875,False,894,warmup,admit_all_memory_gated,"58,59,60",51777.67949895704
3,51957.30725645275,71.62104273980154,33.9873046875,False,895,refine,admit_all_memory_gated,"58,59,60",51885.68621371294
3,52028.92829919255,71.62104273980154,33.9873046875,False,896,refine,admit_all_memory_gated,"58,59,60",51957.30725645275
3,52100.549341932354,71.62104273980154,33.9873046875,False,897,refine,admit_all_memory_gated,"58,59,60",52028.92829919255
3,52172.17038467216,71.62104273980154,33.9873046875,False,898,refine,admit_all_memory_gated,"58,59,60",52100.549341932354
3,52243.79142741196,71.62104273980154,33.9873046875,False,899,refine,admit_all_memory_gated,"58,59,60",52172.17038467216
3,52315.412470151765,71.62104273980154,33.9873046875,False,900,refine,admit_all_memory_gated,"58,59,60",52243.79142741196
3,52387.03351289157,71.62104273980154,33.9873046875,False,901,refine,admit_all_memory_gated,"58,59,60",52315.412470151765
3,52458.65455563137,71.62104273980154,33.9873046875,False,902,refine,admit_all_memory_gated,"58,59,60",52387.03351289157
3,52530.275598371176,71.62104273980154,33.9873046875,False,903,refine,admit_all_memory_gated,"58,59,60",52458.65455563137
3,52601.89664111098,71.62104273980154,33.9873046875,False,904,refine,admit_all_memory_gated,"58,59,60",52530.275598371176
1,53603.8137552877,38.69878074328881,117.5458984375,False,905,warmup,admit_all_memory_gated,61,53565.11497454441
1,53648.372755434975,44.559000147273764,12.220703125,False,906,refine,admit_all_memory_gated,61,53603.8137552877
1,53692.93175558225,44.559000147273764,12.220703125,False,907,refine,admit_all_memory_gated,61,53648.372755434975
1,53737.49075572952,44.559000147273764,12.220703125,False,908,refine,admit_all_memory_gated,61,53692.93175558225
1,53782.0497558768,44.559000147273764,12.220703125,False,909,refine,admit_all_memory_gated,61,53737.49075572952
1,53826.60875602407,44.559000147273764,12.220703125,False,910,refine,admit_all_memory_gated,61,53782.0497558768
1,53871.167756171344,44.559000147273764,12.220703125,False,911,refine,admit_all_memory_gated,61,53826.60875602407
1,53915.72675631862,44.559000147273764,12.220703125,False,912,refine,admit_all_memory_gated,61,53871.167756171344
1,53960.28575646589,44.559000147273764,12.220703125,False,913,refine,admit_all_memory_gated,61,53915.72675631862
1,54004.844756613165,44.559000147273764,12.220703125,False,914,refine,admit_all_memory_gated,61,53960.28575646589
1,54049.40375676044,44.559000147273764,12.220703125,False,915,refine,admit_all_memory_gated,61,54004.844756613165
1,54093.96275690771,44.559000147273764,12.220703125,False,916,refine,admit_all_memory_gated,61,54049.40375676044
1,54132.661537651,38.69878074328881,117.5458984375,False,917,warmup,admit_all_memory_gated,61,54093.96275690771
1,54177.220537798275,44.559000147273764,12.220703125,False,918,refine,admit_all_memory_gated,61,54132.661537651
1,54221.77953794555,44.559000147273764,12.220703125,False,919,refine,admit_all_memory_gated,61,54177.220537798275
1,54266.33853809282,44.559000147273764,12.220703125,False,920,refine,admit_all_memory_gated,61,54221.77953794555
1,54310.8975382401,44.559000147273764,12.220703125,False,921,refine,admit_all_memory_gated,61,54266.33853809282
1,54355.45653838737,44.559000147273764,12.220703125,False,922,refine,admit_all_memory_gated,61,54310.8975382401
1,54400.015538534644,44.559000147273764,12.220703125,False,923,refine,admit_all_memory_gated,61,54355.45653838737
1,54444.57453868192,44.559000147273764,12.220703125,False,924,refine,admit_all_memory_gated,61,54400.015538534644
1,54489.13353882919,44.559000147273764,12.220703125,False,925,refine,admit_all_memory_gated,61,54444.57453868192
1,54533.692538976466,44.559000147273764,12.220703125,False,926,refine,admit_all_memory_gated,61,54489.13353882919
1,54578.25153912374,44.559000147273764,12.220703125,False,927,refine,admit_all_memory_gated,61,54533.692538976466
1,54616.95031986703,38.69878074328881,117.5458984375,False,928,warmup,admit_all_memory_gated,61,54578.25153912374
1,54655.64910061032,38.69878074328881,117.5458984375,False,929,warmup,admit_all_memory_gated,62,54616.95031986703
2,54703.39646243685,47.74736182653436,22.658203125,False,930,refine,admit_all_memory_gated,"61,62",54655.64910061032
2,54751.14382426339,47.74736182653436,22.658203125,False,931,refine,admit_all_memory_gated,"61,62",54703.39646243685
2,54798.891186089924,47.74736182653436,22.658203125,False,932,refine,admit_all_memory_gated,"61,62",54751.14382426339
2,54846.63854791646,47.74736182653436,22.658203125,False,933,refine,admit_all_memory_gated,"61,62",54798.891186089924
2,54894.385909742996,47.74736182653436,22.658203125,False,934,refine,admit_all_memory_gated,"61,62",54846.63854791646
2,54942.13327156953,47.74736182653436,22.658203125,False,935,refine,admit_all_memory_gated,"61,62",54894.385909742996
2,54989.88063339607,47.74736182653436,22.658203125,False,936,refine,admit_all_memory_gated,"61,62",54942.13327156953
2,55037.6279952226,47.74736182653436,22.658203125,False,937,refine,admit_all_memory_gated,"61,62",54989.88063339607
2,55085.37535704914,47.74736182653436,22.658203125,False,938,refine,admit_all_memory_gated,"61,62",55037.6279952226
2,55133.122718875675,47.74736182653436,22.658203125,False,939,refine,admit_all_memory_gated,"61,62",55085.37535704914
1,55171.82149961896,38.69878074328881,117.5458984375,False,940,warmup,admit_all_memory_gated,61,55133.122718875675
2,55219.5688614455,47.74736182653436,22.658203125,False,941,refine,admit_all_memory_gated,"62,61",55171.82149961896
1,55258.26764218879,38.69878074328881,117.5458984375,False,942,warmup,admit_all_memory_gated,62,55219.5688614455
2,55306.015004015324,47.74736182653436,22.658203125,False,943,refine,admit_all_memory_gated,"61,62",55258.26764218879
2,55353.76236584186,47.74736182653436,22.658203125,False,944,refine,admit_all_memory_gated,"61,62",55306.015004015324
2,55401.509727668395,47.74736182653436,22.658203125,False,945,refine,admit_all_memory_gated,"61,62",55353.76236584186
2,55449.25708949493,47.74736182653436,22.658203125,False,946,refine,admit_all_memory_gated,"61,62",55401.509727668395
2,55497.00445132147,47.74736182653436,22.658203125,False,947,refine,admit_all_memory_gated,"61,62",55449.25708949493
2,55544.751813148,47.74736182653436,22.658203125,False,948,refine,admit_all_memory_gated,"61,62",55497.00445132147
2,55592.49917497454,47.74736182653436,22.658203125,False,949,refine,admit_all_memory_gated,"61,62",55544.751813148
2,55640.246536801074,47.74736182653436,22.658203125,False,950,refine,admit_all_memory_gated,"61,62",55592.49917497454
2,55687.99389862761,47.74736182653436,22.658203125,False,951,refine,admit_all_memory_gated,"61,62",55640.246536801074
1,55726.6926793709,38.69878074328881,117.5458984375,False,952,warmup,admit_all_memory_gated,63,55687.99389862761
2,55774.440041197435,47.74736182653436,22.658203125,False,953,refine,admit_all_memory_gated,"62,63",55726.6926793709
1,55813.13882194072,38.69878074328881,117.5458984375,False,954,warmup,admit_all_memory_gated,62,55774.440041197435
2,55860.88618376726,47.74736182653436,22.658203125,False,955,refine,admit_all_memory_gated,"63,62",55813.13882194072
2,55908.633545593795,47.74736182653436,22.658203125,False,956,refine,admit_all_memory_gated,"62,63",55860.88618376726
2,55956.38090742033,47.74736182653436,22.658203125,False,957,refine,admit_all_memory_gated,"62,63",55908.633545593795
2,56004.12826924687,47.74736182653436,22.658203125,False,958,refine,admit_all_memory_gated,"62,63",55956.38090742033
2,56051.8756310734,47.74736182653436,22.658203125,False,959,refine,admit_all_memory_gated,"62,63",56004.12826924687
2,56099.62299289994,47.74736182653436,22.658203125,False,960,refine,admit_all_memory_gated,"62,63",56051.8756310734
2,56147.370354726474,47.74736182653436,22.658203125,False,961,refine,admit_all_memory_gated,"62,63",56099.62299289994
2,56195.11771655301,47.74736182653436,22.658203125,False,962,refine,admit_all_memory_gated,"62,63",56147.370354726474
2,56242.865078379546,47.74736182653436,22.658203125,False,963,refine,admit_all_memory_gated,"62,63",56195.11771655301
2,56290.61244020608,47.74736182653436,22.658203125,False,964,refine,admit_all_memory_gated,"62,63",56242.865078379546
2,56362.616916710016,72.00447650393471,235.28125,False,965,warmup,admit_all_memory_gated,"62,63",56290.61244020608
2,56410.36427853655,47.74736182653436,22.658203125,False,966,refine,admit_all_memory_gated,"62,63",56362.616916710016
2,56458.11164036309,47.74736182653436,22.658203125,False,967,refine,admit_all_memory_gated,"62,63",56410.36427853655
2,56505.85900218962,47.74736182653436,22.658203125,False,968,refine,admit_all_memory_gated,"62,63",56458.11164036309
2,56553.60636401616,47.74736182653436,22.658203125,False,969,refine,admit_all_memory_gated,"62,63",56505.85900218962
2,56601.353725842695,47.74736182653436,22.658203125,False,970,refine,admit_all_memory_gated,"62,63",56553.60636401616
2,56649.10108766923,47.74736182653436,22.658203125,False,971,refine,admit_all_memory_gated,"62,63",56601.353725842695
2,56696.84844949577,47.74736182653436,22.658203125,False,972,refine,admit_all_memory_gated,"62,63",56649.10108766923
2,56744.5958113223,47.74736182653436,22.658203125,False,973,refine,admit_all_memory_gated,"62,63",56696.84844949577
2,56792.34317314884,47.74736182653436,22.658203125,False,974,refine,admit_all_memory_gated,"62,63",56744.5958113223
2,56840.090534975374,47.74736182653436,22.658203125,False,975,refine,admit_all_memory_gated,"62,63",56792.34317314884
1,56878.78931571866,38.69878074328881,117.5458984375,False,976,warmup,admit_all_memory_gated,63,56840.090534975374
1,56923.34831586594,44.559000147273764,12.220703125,False,977,refine,admit_all_memory_gated,63,56878.78931571866
1,56967.90731601321,44.559000147273764,12.220703125,False,978,refine,admit_all_memory_gated,63,56923.34831586594
1,57012.466316160484,44.559000147273764,12.220703125,False,979,refine,admit_all_memory_gated,63,56967.90731601321
1,57057.02531630776,44.559000147273764,12.220703125,False,980,refine,admit_all_memory_gated,63,57012.466316160484
1,57101.58431645503,44.559000147273764,12.220703125,False,981,refine,admit_all_memory_gated,63,57057.02531630776
1,57146.143316602305,44.559000147273764,12.220703125,False,982,refine,admit_all_memory_gated,63,57101.58431645503
1,57190.70231674958,44.559000147273764,12.220703125,False,983,refine,admit_all_memory_gated,63,57146.143316602305
1,57235.26131689685,44.559000147273764,12.220703125,False,984,refine,admit_all_memory_gated,63,57190.70231674958
1,57279.82031704413,44.559000147273764,12.220703125,False,985,refine,admit_all_memory_gated,63,57235.26131689685
1,57324.3793171914,44.559000147273764,12.220703125,False,986,refine,admit_all_memory_gated,63,57279.82031704413
1,57363.07809793469,38.69878074328881,117.5458984375,False,987,warmup,admit_all_memory_gated,63,57324.3793171914
1,57407.63709808196,44.559000147273764,12.220703125,False,988,refine,admit_all_memory_gated,63,57363.07809793469
1,57452.19609822924,44.559000147273764,12.220703125,False,989,refine,admit_all_memory_gated,63,57407.63709808196
1,57496.75509837651,44.559000147273764,12.220703125,False,990,refine,admit_all_memory_gated,63,57452.19609822924
1,57541.314098523784,44.559000147273764,12.220703125,False,991,refine,admit_all_memory_gated,63,57496.75509837651
1,57585.87309867106,44.559000147273764,12.220703125,False,992,refine,admit_all_memory_gated,63,57541.314098523784
1,57630.43209881833,44.559000147273764,12.220703125,False,993,refine,admit_all_memory_gated,63,57585.87309867106
1,57674.991098965605,44.559000147273764,12.220703125,False,994,refine,admit_all_memory_gated,63,57630.43209881833
1,57719.55009911288,44.559000147273764,12.220703125,False,995,refine,admit_all_memory_gated,63,57674.991098965605
1,57764.10909926015,44.559000147273764,12.220703125,False,996,refine,admit_all_memory_gated,63,57719.55009911288
1,57808.66809940743,44.559000147273764,12.220703125,False,997,refine,admit_all_memory_gated,63,57764.10909926015
1,38.69878074328881,38.69878074328881,117.5458984375,False,0,warmup,static_active_cap,0,0.0
1,83.25778089056257,44.559000147273764,12.220703125,False,1,refine,static_active_cap,0,38.69878074328881
1,127.81678103783634,44.559000147273764,12.220703125,False,2,refine,static_active_cap,0,83.25778089056257
1,172.3757811851101,44.559000147273764,12.220703125,False,3,refine,static_active_cap,0,127.81678103783634
1,216.93478133238386,44.559000147273764,12.220703125,False,4,refine,static_active_cap,0,172.3757811851101
1,261.4937814796576,44.559000147273764,12.220703125,False,5,refine,static_active_cap,0,216.93478133238386
1,306.0527816269314,44.559000147273764,12.220703125,False,6,refine,static_active_cap,0,261.4937814796576
1,350.61178177420516,44.559000147273764,12.220703125,False,7,refine,static_active_cap,0,306.0527816269314
1,395.1707819214789,44.559000147273764,12.220703125,False,8,refine,static_active_cap,0,350.61178177420516
1,439.7297820687527,44.559000147273764,12.220703125,False,9,refine,static_active_cap,0,395.1707819214789
1,484.28878221602645,44.559000147273764,12.220703125,False,10,refine,static_active_cap,0,439.7297820687527
1,528.8477823633002,44.559000147273764,12.220703125,False,11,refine,static_active_cap,0,484.28878221602645
1,567.546563106589,38.69878074328881,117.5458984375,False,12,warmup,static_active_cap,0,528.8477823633002
1,612.1055632538628,44.559000147273764,12.220703125,False,13,refine,static_active_cap,0,567.546563106589
1,656.6645634011365,44.559000147273764,12.220703125,False,14,refine,static_active_cap,0,612.1055632538628
1,701.2235635484103,44.559000147273764,12.220703125,False,15,refine,static_active_cap,0,656.6645634011365
1,745.7825636956841,44.559000147273764,12.220703125,False,16,refine,static_active_cap,0,701.2235635484103
1,790.3415638429578,44.559000147273764,12.220703125,False,17,refine,static_active_cap,0,745.7825636956841
1,834.9005639902316,44.559000147273764,12.220703125,False,18,refine,static_active_cap,0,790.3415638429578
1,879.4595641375054,44.559000147273764,12.220703125,False,19,refine,static_active_cap,0,834.9005639902316
1,924.0185642847791,44.559000147273764,12.220703125,False,20,refine,static_active_cap,0,879.4595641375054
1,968.5775644320529,44.559000147273764,12.220703125,False,21,refine,static_active_cap,0,924.0185642847791
1,1013.1365645793267,44.559000147273764,12.220703125,False,22,refine,static_active_cap,0,968.5775644320529
1,1051.8353453226155,38.69878074328881,117.5458984375,False,23,warmup,static_active_cap,0,1013.1365645793267
2,1123.8398218265502,72.00447650393471,235.28125,False,24,warmup,static_active_cap,"1,2",1051.8353453226155
3,1195.4608645663518,71.62104273980154,33.9873046875,False,25,refine,static_active_cap,"0,1,2",1123.8398218265502
3,1267.0819073061534,71.62104273980154,33.9873046875,False,26,refine,static_active_cap,"0,1,2",1195.4608645663518
3,1338.702950045955,71.62104273980154,33.9873046875,False,27,refine,static_active_cap,"0,1,2",1267.0819073061534
3,1410.3239927857567,71.62104273980154,33.9873046875,False,28,refine,static_active_cap,"0,1,2",1338.702950045955
3,1481.9450355255583,71.62104273980154,33.9873046875,False,29,refine,static_active_cap,"0,1,2",1410.3239927857567
3,1553.56607826536,71.62104273980154,33.9873046875,False,30,refine,static_active_cap,"0,1,2",1481.9450355255583
3,1625.1871210051615,71.62104273980154,33.9873046875,False,31,refine,static_active_cap,"0,1,2",1553.56607826536
3,1696.8081637449632,71.62104273980154,33.9873046875,False,32,refine,static_active_cap,"0,1,2",1625.1871210051615
3,1768.4292064847648,71.62104273980154,33.9873046875,False,33,refine,static_active_cap,"0,1,2",1696.8081637449632
3,1840.0502492245664,71.62104273980154,33.9873046875,False,34,refine,static_active_cap,"0,1,2",1768.4292064847648
2,1887.7976110511008,47.74736182653436,22.658203125,False,35,refine,static_active_cap,"1,2",1840.0502492245664
4,1998.2200528015164,110.4224417504156,467.0625,False,36,warmup,static_active_cap,"3,4,0,1",1887.7976110511008
4,2052.024054459564,53.804001658047525,46.439453125,False,37,refine,static_active_cap,"0,1,3,4",1998.2200528015164
4,2105.8280561176116,53.804001658047525,46.439453125,False,38,refine,static_active_cap,"0,1,3,4",2052.024054459564
4,2159.632057775659,53.804001658047525,46.439453125,False,39,refine,static_active_cap,"0,1,3,4",2105.8280561176116
4,2213.4360594337068,53.804001658047525,46.439453125,False,40,refine,static_active_cap,"0,1,3,4",2159.632057775659
4,2267.2400610917543,53.804001658047525,46.439453125,False,41,refine,static_active_cap,"0,1,3,4",2213.4360594337068
4,2321.044062749802,53.804001658047525,46.439453125,False,42,refine,static_active_cap,"0,1,3,4",2267.2400610917543
4,2374.8480644078495,53.804001658047525,46.439453125,False,43,refine,static_active_cap,"0,1,3,4",2321.044062749802
4,2428.652066065897,53.804001658047525,46.439453125,False,44,refine,static_active_cap,"0,1,3,4",2374.8480644078495
4,2482.4560677239447,53.804001658047525,46.439453125,False,45,refine,static_active_cap,"0,1,3,4",2428.652066065897
4,2536.2600693819923,53.804001658047525,46.439453125,False,46,refine,static_active_cap,"0,1,3,4",2482.4560677239447
2,2584.0074312085267,47.74736182653436,22.658203125,False,47,refine,static_active_cap,"3,4",2536.2600693819923
4,2694.4298729589423,110.4224417504156,467.0625,False,48,warmup,static_active_cap,"2,1,3,4",2584.0074312085267
4,2748.23387461699,53.804001658047525,46.439453125,False,49,refine,static_active_cap,"1,2,3,4",2694.4298729589423
4,2802.0378762750374,53.804001658047525,46.439453125,False,50,refine,static_active_cap,"1,2,3,4",2748.23387461699
4,2855.841877933085,53.804001658047525,46.439453125,False,51,refine,static_active_cap,"1,2,3,4",2802.0378762750374
4,2909.6458795911326,53.804001658047525,46.439453125,False,52,refine,static_active_cap,"1,2,3,4",2855.841877933085
4,2963.44988124918,53.804001658047525,46.439453125,False,53,refine,static_active_cap,"1,2,3,4",2909.6458795911326
4,3017.2538829072278,53.804001658047525,46.439453125,False,54,refine,static_active_cap,"1,2,3,4",2963.44988124918
4,3071.0578845652753,53.804001658047525,46.439453125,False,55,refine,static_active_cap,"1,2,3,4",3017.2538829072278
4,3124.861886223323,53.804001658047525,46.439453125,False,56,refine,static_active_cap,"1,2,3,4",3071.0578845652753
4,3178.6658878813705,53.804001658047525,46.439453125,False,57,refine,static_active_cap,"1,2,3,4",3124.861886223323
4,3232.469889539418,53.804001658047525,46.439453125,False,58,refine,static_active_cap,"1,2,3,4",3178.6658878813705
4,3342.8923312898337,110.4224417504156,467.0625,False,59,warmup,static_active_cap,"5,1,2,3",3232.469889539418
4,3396.6963329478813,53.804001658047525,46.439453125,False,60,refine,static_active_cap,"1,2,3,5",3342.8923312898337
4,3450.500334605929,53.804001658047525,46.439453125,False,61,refine,static_active_cap,"1,2,3,5",3396.6963329478813
4,3504.3043362639764,53.804001658047525,46.439453125,False,62,refine,static_active_cap,"1,2,3,5",3450.500334605929
4,3558.108337922024,53.804001658047525,46.439453125,False,63,refine,static_active_cap,"1,2,3,5",3504.3043362639764
4,3611.9123395800716,53.804001658047525,46.439453125,False,64,refine,static_active_cap,"1,2,3,5",3558.108337922024
4,3665.716341238119,53.804001658047525,46.439453125,False,65,refine,static_active_cap,"1,2,3,5",3611.9123395800716
4,3719.5203428961668,53.804001658047525,46.439453125,False,66,refine,static_active_cap,"1,2,3,5",3665.716341238119
4,3773.3243445542143,53.804001658047525,46.439453125,False,67,refine,static_active_cap,"1,2,3,5",3719.5203428961668
4,3827.128346212262,53.804001658047525,46.439453125,False,68,refine,static_active_cap,"1,2,3,5",3773.3243445542143
4,3880.9323478703095,53.804001658047525,46.439453125,False,69,refine,static_active_cap,"1,2,3,5",3827.128346212262
3,3988.9390626262116,108.00671475590207,352.921875,False,70,warmup,static_active_cap,"4,2,3",3880.9323478703095
4,4042.743064284259,53.804001658047525,46.439453125,False,71,refine,static_active_cap,"5,2,3,4",3988.9390626262116
3,4114.364107024061,71.62104273980154,33.9873046875,False,72,refine,static_active_cap,"2,3,4",4042.743064284259
3,4185.985149763863,71.62104273980154,33.9873046875,False,73,refine,static_active_cap,"2,3,4",4114.364107024061
3,4257.606192503665,71.62104273980154,33.9873046875,False,74,refine,static_active_cap,"2,3,4",4185.985149763863
3,4329.227235243467,71.62104273980154,33.9873046875,False,75,refine,static_active_cap,"2,3,4",4257.606192503665
3,4400.848277983268,71.62104273980154,33.9873046875,False,76,refine,static_active_cap,"2,3,4",4329.227235243467
3,4472.46932072307,71.62104273980154,33.9873046875,False,77,refine,static_active_cap,"2,3,4",4400.848277983268
3,4544.090363462872,71.62104273980154,33.9873046875,False,78,refine,static_active_cap,"2,3,4",4472.46932072307
3,4615.711406202674,71.62104273980154,33.9873046875,False,79,refine,static_active_cap,"2,3,4",4544.090363462872
3,4687.332448942476,71.62104273980154,33.9873046875,False,80,refine,static_active_cap,"2,3,4",4615.711406202674
3,4795.339163698378,108.00671475590207,352.921875,False,81,warmup,static_active_cap,"5,6,4",4687.332448942476
3,4866.96020643818,71.62104273980154,33.9873046875,False,82,refine,static_active_cap,"4,5,6",4795.339163698378
3,4938.581249177982,71.62104273980154,33.9873046875,False,83,refine,static_active_cap,"4,5,6",4866.96020643818
3,5010.202291917783,71.62104273980154,33.9873046875,False,84,refine,static_active_cap,"4,5,6",4938.581249177982
3,5081.823334657585,71.62104273980154,33.9873046875,False,85,refine,static_active_cap,"4,5,6",5010.202291917783
3,5153.444377397387,71.62104273980154,33.9873046875,False,86,refine,static_active_cap,"4,5,6",5081.823334657585
3,5225.065420137189,71.62104273980154,33.9873046875,False,87,refine,static_active_cap,"4,5,6",5153.444377397387
3,5296.686462876991,71.62104273980154,33.9873046875,False,88,refine,static_active_cap,"4,5,6",5225.065420137189
3,5368.307505616793,71.62104273980154,33.9873046875,False,89,refine,static_active_cap,"4,5,6",5296.686462876991
3,5439.928548356595,71.62104273980154,33.9873046875,False,90,refine,static_active_cap,"4,5,6",5368.307505616793
3,5511.549591096396,71.62104273980154,33.9873046875,False,91,refine,static_active_cap,"4,5,6",5439.928548356595
1,5550.248371839685,38.69878074328881,117.5458984375,False,92,warmup,static_active_cap,5,5511.549591096396
2,5597.995733666219,47.74736182653436,22.658203125,False,93,refine,static_active_cap,"6,5",5550.248371839685
1,5636.694514409508,38.69878074328881,117.5458984375,False,94,warmup,static_active_cap,6,5597.995733666219
2,5684.441876236042,47.74736182653436,22.658203125,False,95,refine,static_active_cap,"5,6",5636.694514409508
2,5732.189238062576,47.74736182653436,22.658203125,False,96,refine,static_active_cap,"5,6",5684.441876236042
2,5779.93659988911,47.74736182653436,22.658203125,False,97,refine,static_active_cap,"5,6",5732.189238062576
2,5827.683961715644,47.74736182653436,22.658203125,False,98,refine,static_active_cap,"5,6",5779.93659988911
2,5875.431323542178,47.74736182653436,22.658203125,False,99,refine,static_active_cap,"5,6",5827.683961715644
2,5923.178685368712,47.74736182653436,22.658203125,False,100,refine,static_active_cap,"5,6",5875.431323542178
2,5970.926047195246,47.74736182653436,22.658203125,False,101,refine,static_active_cap,"5,6",5923.178685368712
2,6018.67340902178,47.74736182653436,22.658203125,False,102,refine,static_active_cap,"5,6",5970.926047195246
2,6066.420770848314,47.74736182653436,22.658203125,False,103,refine,static_active_cap,"5,6",6018.67340902178
1,6105.119551591602,38.69878074328881,117.5458984375,False,104,warmup,static_active_cap,5,6066.420770848314
2,6152.866913418136,47.74736182653436,22.658203125,False,105,refine,static_active_cap,"6,5",6105.119551591602
1,6191.565694161425,38.69878074328881,117.5458984375,False,106,warmup,static_active_cap,6,6152.866913418136
2,6239.313055987959,47.74736182653436,22.658203125,False,107,refine,static_active_cap,"5,6",6191.565694161425
2,6287.060417814493,47.74736182653436,22.658203125,False,108,refine,static_active_cap,"5,6",6239.313055987959
2,6334.807779641027,47.74736182653436,22.658203125,False,109,refine,static_active_cap,"5,6",6287.060417814493
2,6382.555141467561,47.74736182653436,22.658203125,False,110,refine,static_active_cap,"5,6",6334.807779641027
2,6430.302503294095,47.74736182653436,22.658203125,False,111,refine,static_active_cap,"5,6",6382.555141467561
2,6478.049865120629,47.74736182653436,22.658203125,False,112,refine,static_active_cap,"5,6",6430.302503294095
2,6525.797226947163,47.74736182653436,22.658203125,False,113,refine,static_active_cap,"5,6",6478.049865120629
2,6573.544588773697,47.74736182653436,22.658203125,False,114,refine,static_active_cap,"5,6",6525.797226947163
2,6621.291950600231,47.74736182653436,22.658203125,False,115,refine,static_active_cap,"5,6",6573.544588773697
2,6693.296427104166,72.00447650393471,235.28125,False,116,warmup,static_active_cap,"7,8",6621.291950600231
3,6764.917469843967,71.62104273980154,33.9873046875,False,117,refine,static_active_cap,"6,7,8",6693.296427104166
2,6812.664831670501,47.74736182653436,22.658203125,False,118,refine,static_active_cap,"7,8",6764.917469843967
2,6860.412193497035,47.74736182653436,22.658203125,False,119,refine,static_active_cap,"7,8",6812.664831670501
2,6908.159555323569,47.74736182653436,22.658203125,False,120,refine,static_active_cap,"7,8",6860.412193497035
2,6955.906917150103,47.74736182653436,22.658203125,False,121,refine,static_active_cap,"7,8",6908.159555323569
2,7003.654278976637,47.74736182653436,22.658203125,False,122,refine,static_active_cap,"7,8",6955.906917150103
2,7051.401640803171,47.74736182653436,22.658203125,False,123,refine,static_active_cap,"7,8",7003.654278976637
2,7099.149002629705,47.74736182653436,22.658203125,False,124,refine,static_active_cap,"7,8",7051.401640803171
2,7146.896364456239,47.74736182653436,22.658203125,False,125,refine,static_active_cap,"7,8",7099.149002629705
2,7194.643726282773,47.74736182653436,22.658203125,False,126,refine,static_active_cap,"7,8",7146.896364456239
2,7242.391088109307,47.74736182653436,22.658203125,False,127,refine,static_active_cap,"7,8",7194.643726282773
4,7352.813529859723,110.4224417504156,467.0625,False,128,warmup,static_active_cap,"6,9,10,7",7242.391088109307
4,7406.61753151777,53.804001658047525,46.439453125,False,129,refine,static_active_cap,"6,7,9,10",7352.813529859723
4,7460.421533175817,53.804001658047525,46.439453125,False,130,refine,static_active_cap,"6,7,9,10",7406.61753151777
4,7514.225534833864,53.804001658047525,46.439453125,False,131,refine,static_active_cap,"6,7,9,10",7460.421533175817
4,7568.029536491911,53.804001658047525,46.439453125,False,132,refine,static_active_cap,"6,7,9,10",7514.225534833864
4,7621.833538149958,53.804001658047525,46.439453125,False,133,refine,static_active_cap,"6,7,9,10",7568.029536491911
4,7675.637539808005,53.804001658047525,46.439453125,False,134,refine,static_active_cap,"6,7,9,10",7621.833538149958
4,7729.4415414660525,53.804001658047525,46.439453125,False,135,refine,static_active_cap,"6,7,9,10",7675.637539808005
4,7783.2455431241,53.804001658047525,46.439453125,False,136,refine,static_active_cap,"6,7,9,10",7729.4415414660525
4,7837.049544782147,53.804001658047525,46.439453125,False,137,refine,static_active_cap,"6,7,9,10",7783.2455431241
4,7890.853546440194,53.804001658047525,46.439453125,False,138,refine,static_active_cap,"6,7,9,10",7837.049544782147
2,7938.600908266728,47.74736182653436,22.658203125,False,139,refine,static_active_cap,"9,10",7890.853546440194
4,8049.0233500171435,110.4224417504156,467.0625,False,140,warmup,static_active_cap,"8,11,7,9",7938.600908266728
4,8102.827351675191,53.804001658047525,46.439453125,False,141,refine,static_active_cap,"7,8,9,11",8049.0233500171435
4,8156.631353333238,53.804001658047525,46.439453125,False,142,refine,static_active_cap,"7,8,9,11",8102.827351675191
4,8210.435354991285,53.804001658047525,46.439453125,False,143,refine,static_active_cap,"7,8,9,11",8156.631353333238
4,8264.239356649332,53.804001658047525,46.439453125,False,144,refine,static_active_cap,"7,8,9,11",8210.435354991285
4,8318.04335830738,53.804001658047525,46.439453125,False,145,refine,static_active_cap,"7,8,9,11",8264.239356649332
4,8371.847359965426,53.804001658047525,46.439453125,False,146,refine,static_active_cap,"7,8,9,11",8318.04335830738
4,8425.651361623473,53.804001658047525,46.439453125,False,147,refine,static_active_cap,"7,8,9,11",8371.847359965426
4,8479.45536328152,53.804001658047525,46.439453125,False,148,refine,static_active_cap,"7,8,9,11",8425.651361623473
4,8533.259364939568,53.804001658047525,46.439453125,False,149,refine,static_active_cap,"7,8,9,11",8479.45536328152
4,8587.063366597615,53.804001658047525,46.439453125,False,150,refine,static_active_cap,"7,8,9,11",8533.259364939568
4,8697.48580834803,110.4224417504156,467.0625,False,151,warmup,static_active_cap,"10,12,13,14",8587.063366597615
5,8764.74081042059,67.2550020725594,58.04931640625,False,152,refine,static_active_cap,"11,10,12,13,14",8697.48580834803
4,8818.544812078637,53.804001658047525,46.439453125,False,153,refine,static_active_cap,"10,12,13,14",8764.74081042059
4,8872.348813736684,53.804001658047525,46.439453125,False,154,refine,static_active_cap,"10,12,13,14",8818.544812078637
4,8926.152815394731,53.804001658047525,46.439453125,False,155,refine,static_active_cap,"10,12,13,14",8872.348813736684
4,8979.956817052778,53.804001658047525,46.439453125,False,156,refine,static_active_cap,"10,12,13,14",8926.152815394731
4,9033.760818710825,53.804001658047525,46.439453125,False,157,refine,static_active_cap,"10,12,13,14",8979.956817052778
4,9087.564820368872,53.804001658047525,46.439453125,False,158,refine,static_active_cap,"10,12,13,14",9033.760818710825
4,9141.36882202692,53.804001658047525,46.439453125,False,159,refine,static_active_cap,"10,12,13,14",9087.564820368872
4,9195.172823684967,53.804001658047525,46.439453125,False,160,refine,static_active_cap,"10,12,13,14",9141.36882202692
4,9248.976825343014,53.804001658047525,46.439453125,False,161,refine,static_active_cap,"10,12,13,14",9195.172823684967
3,9320.597868082816,71.62104273980154,33.9873046875,False,162,refine,static_active_cap,"12,13,14",9248.976825343014
4,9431.020309833231,110.4224417504156,467.0625,False,163,warmup,static_active_cap,"7,8,9,11",9320.597868082816
4,9484.824311491278,53.804001658047525,46.439453125,False,164,refine,static_active_cap,"7,8,9,11",9431.020309833231
4,9538.628313149326,53.804001658047525,46.439453125,False,165,refine,static_active_cap,"7,8,9,11",9484.824311491278
4,9592.432314807373,53.804001658047525,46.439453125,False,166,refine,static_active_cap,"7,8,9,11",9538.628313149326
4,9646.23631646542,53.804001658047525,46.439453125,False,167,refine,static_active_cap,"7,8,9,11",9592.432314807373
4,9700.040318123467,53.804001658047525,46.439453125,False,168,refine,static_active_cap,"7,8,9,11",9646.23631646542
4,9753.844319781514,53.804001658047525,46.439453125,False,169,refine,static_active_cap,"7,8,9,11",9700.040318123467
4,9807.648321439561,53.804001658047525,46.439453125,False,170,refine,static_active_cap,"7,8,9,11",9753.844319781514
4,9861.452323097608,53.804001658047525,46.439453125,False,171,refine,static_active_cap,"7,8,9,11",9807.648321439561
4,9915.256324755655,53.804001658047525,46.439453125,False,172,refine,static_active_cap,"7,8,9,11",9861.452323097608
4,9969.060326413703,53.804001658047525,46.439453125,False,173,refine,static_active_cap,"7,8,9,11",9915.256324755655
4,10079.482768164118,110.4224417504156,467.0625,False,174,warmup,static_active_cap,"10,12,13,14",9969.060326413703
4,10133.286769822165,53.804001658047525,46.439453125,False,175,refine,static_active_cap,"10,12,13,14",10079.482768164118
4,10187.090771480212,53.804001658047525,46.439453125,False,176,refine,static_active_cap,"10,12,13,14",10133.286769822165
4,10240.89477313826,53.804001658047525,46.439453125,False,177,refine,static_active_cap,"10,12,13,14",10187.090771480212
4,10294.698774796307,53.804001658047525,46.439453125,False,178,refine,static_active_cap,"10,12,13,14",10240.89477313826
4,10348.502776454354,53.804001658047525,46.439453125,False,179,refine,static_active_cap,"10,12,13,14",10294.698774796307
4,10402.306778112401,53.804001658047525,46.439453125,False,180,refine,static_active_cap,"10,12,13,14",10348.502776454354
4,10456.110779770448,53.804001658047525,46.439453125,False,181,refine,static_active_cap,"10,12,13,14",10402.306778112401
4,10509.914781428495,53.804001658047525,46.439453125,False,182,refine,static_active_cap,"10,12,13,14",10456.110779770448
4,10563.718783086542,53.804001658047525,46.439453125,False,183,refine,static_active_cap,"10,12,13,14",10509.914781428495
4,10617.52278474459,53.804001658047525,46.439453125,False,184,refine,static_active_cap,"10,12,13,14",10563.718783086542
4,10727.945226495005,110.4224417504156,467.0625,False,185,warmup,static_active_cap,"8,9,11,15",10617.52278474459
4,10781.749228153052,53.804001658047525,46.439453125,False,186,refine,static_active_cap,"8,9,11,15",10727.945226495005
4,10835.5532298111,53.804001658047525,46.439453125,False,187,refine,static_active_cap,"8,9,11,15",10781.749228153052
4,10889.357231469146,53.804001658047525,46.439453125,False,188,refine,static_active_cap,"8,9,11,15",10835.5532298111
4,10943.161233127194,53.804001658047525,46.439453125,False,189,refine,static_active_cap,"8,9,11,15",10889.357231469146
4,10996.96523478524,53.804001658047525,46.439453125,False,190,refine,static_active_cap,"8,9,11,15",10943.161233127194
4,11050.769236443288,53.804001658047525,46.439453125,False,191,refine,static_active_cap,"8,9,11,15",10996.96523478524
4,11104.573238101335,53.804001658047525,46.439453125,False,192,refine,static_active_cap,"8,9,11,15",11050.769236443288
4,11158.377239759382,53.804001658047525,46.439453125,False,193,refine,static_active_cap,"8,9,11,15",11104.573238101335
4,11212.18124141743,53.804001658047525,46.439453125,False,194,refine,static_active_cap,"8,9,11,15",11158.377239759382
4,11265.985243075476,53.804001658047525,46.439453125,False,195,refine,static_active_cap,"8,9,11,15",11212.18124141743
4,11376.407684825892,110.4224417504156,467.0625,False,196,warmup,static_active_cap,"10,12,13,14",11265.985243075476
5,11443.662686898451,67.2550020725594,58.04931640625,False,197,refine,static_active_cap,"15,10,12,13,14",11376.407684825892
4,11497.466688556498,53.804001658047525,46.439453125,False,198,refine,static_active_cap,"10,12,13,14",11443.662686898451
4,11551.270690214546,53.804001658047525,46.439453125,False,199,refine,static_active_cap,"10,12,13,14",11497.466688556498
4,11605.074691872593,53.804001658047525,46.439453125,False,200,refine,static_active_cap,"10,12,13,14",11551.270690214546
4,11658.87869353064,53.804001658047525,46.439453125,False,201,refine,static_active_cap,"10,12,13,14",11605.074691872593
4,11712.682695188687,53.804001658047525,46.439453125,False,202,refine,static_active_cap,"10,12,13,14",11658.87869353064
4,11766.486696846734,53.804001658047525,46.439453125,False,203,refine,static_active_cap,"10,12,13,14",11712.682695188687
4,11820.290698504781,53.804001658047525,46.439453125,False,204,refine,static_active_cap,"10,12,13,14",11766.486696846734
4,11874.094700162828,53.804001658047525,46.439453125,False,205,refine,static_active_cap,"10,12,13,14",11820.290698504781
4,11927.898701820875,53.804001658047525,46.439453125,False,206,refine,static_active_cap,"10,12,13,14",11874.094700162828
4,12038.321143571291,110.4224417504156,467.0625,False,207,warmup,static_active_cap,"11,16,17,15",11927.898701820875
4,12092.125145229338,53.804001658047525,46.439453125,False,208,refine,static_active_cap,"11,15,16,17",12038.321143571291
4,12145.929146887385,53.804001658047525,46.439453125,False,209,refine,static_active_cap,"11,15,16,17",12092.125145229338
4,12199.733148545432,53.804001658047525,46.439453125,False,210,refine,static_active_cap,"11,15,16,17",12145.929146887385
4,12253.53715020348,53.804001658047525,46.439453125,False,211,refine,static_active_cap,"11,15,16,17",12199.733148545432
4,12307.341151861527,53.804001658047525,46.439453125,False,212,refine,static_active_cap,"11,15,16,17",12253.53715020348
4,12361.145153519574,53.804001658047525,46.439453125,False,213,refine,static_active_cap,"11,15,16,17",12307.341151861527
4,12414.949155177621,53.804001658047525,46.439453125,False,214,refine,static_active_cap,"11,15,16,17",12361.145153519574
4,12468.753156835668,53.804001658047525,46.439453125,False,215,refine,static_active_cap,"11,15,16,17",12414.949155177621
4,12522.557158493715,53.804001658047525,46.439453125,False,216,refine,static_active_cap,"11,15,16,17",12468.753156835668
4,12576.361160151762,53.804001658047525,46.439453125,False,217,refine,static_active_cap,"11,15,16,17",12522.557158493715
2,12624.108521978296,47.74736182653436,22.658203125,False,218,refine,static_active_cap,"16,17",12576.361160151762
4,12734.530963728712,110.4224417504156,467.0625,False,219,warmup,static_active_cap,"12,13,14,18",12624.108521978296
4,12788.334965386759,53.804001658047525,46.439453125,False,220,refine,static_active_cap,"12,13,14,18",12734.530963728712
4,12842.138967044806,53.804001658047525,46.439453125,False,221,refine,static_active_cap,"12,13,14,18",12788.334965386759
4,12895.942968702853,53.804001658047525,46.439453125,False,222,refine,static_active_cap,"12,13,14,18",12842.138967044806
4,12949.7469703609,53.804001658047525,46.439453125,False,223,refine,static_active_cap,"12,13,14,18",12895.942968702853
4,13003.550972018948,53.804001658047525,46.439453125,False,224,refine,static_active_cap,"12,13,14,18",12949.7469703609
4,13057.354973676995,53.804001658047525,46.439453125,False,225,refine,static_active_cap,"12,13,14,18",13003.550972018948
4,13111.158975335042,53.804001658047525,46.439453125,False,226,refine,static_active_cap,"12,13,14,18",13057.354973676995
4,13164.962976993089,53.804001658047525,46.439453125,False,227,refine,static_active_cap,"12,13,14,18",13111.158975335042
4,13218.766978651136,53.804001658047525,46.439453125,False,228,refine,static_active_cap,"12,13,14,18",13164.962976993089
4,13272.570980309183,53.804001658047525,46.439453125,False,229,refine,static_active_cap,"12,13,14,18",13218.766978651136
4,13382.993422059599,110.4224417504156,467.0625,False,230,warmup,static_active_cap,"15,16,17,19",13272.570980309183
5,13450.248424132158,67.2550020725594,58.04931640625,False,231,refine,static_active_cap,"18,15,16,17,19",13382.993422059599
4,13504.052425790205,53.804001658047525,46.439453125,False,232,refine,static_active_cap,"15,16,17,19",13450.248424132158
4,13557.856427448252,53.804001658047525,46.439453125,False,233,refine,static_active_cap,"15,16,17,19",13504.052425790205
4,13611.6604291063,53.804001658047525,46.439453125,False,234,refine,static_active_cap,"15,16,17,19",13557.856427448252
4,13665.464430764347,53.804001658047525,46.439453125,False,235,refine,static_active_cap,"15,16,17,19",13611.6604291063
4,13719.268432422394,53.804001658047525,46.439453125,False,236,refine,static_active_cap,"15,16,17,19",13665.464430764347
4,13773.07243408044,53.804001658047525,46.439453125,False,237,refine,static_active_cap,"15,16,17,19",13719.268432422394
4,13826.876435738488,53.804001658047525,46.439453125,False,238,refine,static_active_cap,"15,16,17,19",13773.07243408044
4,13880.680437396535,53.804001658047525,46.439453125,False,239,refine,static_active_cap,"15,16,17,19",13826.876435738488
4,13934.484439054582,53.804001658047525,46.439453125,False,240,refine,static_active_cap,"15,16,17,19",13880.680437396535
4,14044.906880804998,110.4224417504156,467.0625,False,241,warmup,static_active_cap,"20,18,15,16",13934.484439054582
5,14112.161882877557,67.2550020725594,58.04931640625,False,242,refine,static_active_cap,"19,15,16,18,20",14044.906880804998
4,14165.965884535604,53.804001658047525,46.439453125,False,243,refine,static_active_cap,"15,16,18,20",14112.161882877557
4,14219.769886193651,53.804001658047525,46.439453125,False,244,refine,static_active_cap,"15,16,18,20",14165.965884535604
4,14273.573887851699,53.804001658047525,46.439453125,False,245,refine,static_active_cap,"15,16,18,20",14219.769886193651
4,14327.377889509746,53.804001658047525,46.439453125,False,246,refine,static_active_cap,"15,16,18,20",14273.573887851699
4,14381.181891167793,53.804001658047525,46.439453125,False,247,refine,static_active_cap,"15,16,18,20",14327.377889509746
4,14434.98589282584,53.804001658047525,46.439453125,False,248,refine,static_active_cap,"15,16,18,20",14381.181891167793
4,14488.789894483887,53.804001658047525,46.439453125,False,249,refine,static_active_cap,"15,16,18,20",14434.98589282584
4,14542.593896141934,53.804001658047525,46.439453125,False,250,refine,static_active_cap,"15,16,18,20",14488.789894483887
4,14596.397897799981,53.804001658047525,46.439453125,False,251,refine,static_active_cap,"15,16,18,20",14542.593896141934
4,14706.820339550397,110.4224417504156,467.0625,False,252,warmup,static_active_cap,"17,19,21,16",14596.397897799981
5,14774.075341622956,67.2550020725594,58.04931640625,False,253,refine,static_active_cap,"20,16,17,19,21",14706.820339550397
4,14827.879343281003,53.804001658047525,46.439453125,False,254,refine,static_active_cap,"16,17,19,21",14774.075341622956
4,14881.68334493905,53.804001658047525,46.439453125,False,255,refine,static_active_cap,"16,17,19,21",14827.879343281003
4,14935.487346597098,53.804001658047525,46.439453125,False,256,refine,static_active_cap,"16,17,19,21",14881.68334493905
4,14989.291348255145,53.804001658047525,46.439453125,False,257,refine,static_active_cap,"16,17,19,21",14935.487346597098
4,15043.095349913192,53.804001658047525,46.439453125,False,258,refine,static_active_cap,"16,17,19,21",14989.291348255145
4,15096.89935157124,53.804001658047525,46.439453125,False,259,refine,static_active_cap,"16,17,19,21",15043.095349913192
4,15150.703353229286,53.804001658047525,46.439453125,False,260,refine,static_active_cap,"16,17,19,21",15096.89935157124
4,15204.507354887333,53.804001658047525,46.439453125,False,261,refine,static_active_cap,"16,17,19,21",15150.703353229286
4,15258.31135654538,53.804001658047525,46.439453125,False,262,refine,static_active_cap,"16,17,19,21",15204.507354887333
4,15368.733798295796,110.4224417504156,467.0625,False,263,warmup,static_active_cap,"18,20,17,19",15258.31135654538
5,15435.988800368355,67.2550020725594,58.04931640625,False,264,refine,static_active_cap,"21,17,18,19,20",15368.733798295796
4,15489.792802026403,53.804001658047525,46.439453125,False,265,refine,static_active_cap,"17,18,19,20",15435.988800368355
4,15543.59680368445,53.804001658047525,46.439453125,False,266,refine,static_active_cap,"17,18,19,20",15489.792802026403
4,15597.400805342497,53.804001658047525,46.439453125,False,267,refine,static_active_cap,"17,18,19,20",15543.59680368445
4,15651.204807000544,53.804001658047525,46.439453125,False,268,refine,static_active_cap,"17,18,19,20",15597.400805342497
4,15705.008808658591,53.804001658047525,46.439453125,False,269,refine,static_active_cap,"17,18,19,20",15651.204807000544
4,15758.812810316638,53.804001658047525,46.439453125,False,270,refine,static_active_cap,"17,18,19,20",15705.008808658591
4,15812.616811974685,53.804001658047525,46.439453125,False,271,refine,static_active_cap,"17,18,19,20",15758.812810316638
4,15866.420813632732,53.804001658047525,46.439453125,False,272,refine,static_active_cap,"17,18,19,20",15812.616811974685
4,15920.22481529078,53.804001658047525,46.439453125,False,273,refine,static_active_cap,"17,18,19,20",15866.420813632732
4,16030.647257041195,110.4224417504156,467.0625,False,274,warmup,static_active_cap,"21,22,18,19",15920.22481529078
4,16084.451258699242,53.804001658047525,46.439453125,False,275,refine,static_active_cap,"18,19,21,22",16030.647257041195
4,16138.25526035729,53.804001658047525,46.439453125,False,276,refine,static_active_cap,"18,19,21,22",16084.451258699242
4,16192.059262015337,53.804001658047525,46.439453125,False,277,refine,static_active_cap,"18,19,21,22",16138.25526035729
4,16245.863263673384,53.804001658047525,46.439453125,False,278,refine,static_active_cap,"18,19,21,22",16192.059262015337
4,16299.66726533143,53.804001658047525,46.439453125,False,279,refine,static_active_cap,"18,19,21,22",16245.863263673384
4,16353.471266989478,53.804001658047525,46.439453125,False,280,refine,static_active_cap,"18,19,21,22",16299.66726533143
4,16407.275268647525,53.804001658047525,46.439453125,False,281,refine,static_active_cap,"18,19,21,22",16353.471266989478
4,16461.079270305574,53.804001658047525,46.439453125,False,282,refine,static_active_cap,"18,19,21,22",16407.275268647525
4,16514.883271963623,53.804001658047525,46.439453125,False,283,refine,static_active_cap,"18,19,21,22",16461.079270305574
4,16568.687273621672,53.804001658047525,46.439453125,False,284,refine,static_active_cap,"18,19,21,22",16514.883271963623
4,16679.109715372088,110.4224417504156,467.0625,False,285,warmup,static_active_cap,"20,23,24,21",16568.687273621672
5,16746.36471744465,67.2550020725594,58.04931640625,False,286,refine,static_active_cap,"22,20,21,23,24",16679.109715372088
4,16800.168719102698,53.804001658047525,46.439453125,False,287,refine,static_active_cap,"20,21,23,24",16746.36471744465
4,16853.972720760747,53.804001658047525,46.439453125,False,288,refine,static_active_cap,"20,21,23,24",16800.168719102698
4,16907.776722418796,53.804001658047525,46.439453125,False,289,refine,static_active_cap,"20,21,23,24",16853.972720760747
4,16961.580724076844,53.804001658047525,46.439453125,False,290,refine,static_active_cap,"20,21,23,24",16907.776722418796
4,17015.384725734893,53.804001658047525,46.439453125,False,291,refine,static_active_cap,"20,21,23,24",16961.580724076844
4,17069.188727392942,53.804001658047525,46.439453125,False,292,refine,static_active_cap,"20,21,23,24",17015.384725734893
4,17122.99272905099,53.804001658047525,46.439453125,False,293,refine,static_active_cap,"20,21,23,24",17069.188727392942
4,17176.79673070904,53.804001658047525,46.439453125,False,294,refine,static_active_cap,"20,21,23,24",17122.99272905099
4,17230.60073236709,53.804001658047525,46.439453125,False,295,refine,static_active_cap,"20,21,23,24",17176.79673070904
2,17278.348094193625,47.74736182653436,22.658203125,False,296,refine,static_active_cap,"23,24",17230.60073236709
4,17388.77053594404,110.4224417504156,467.0625,False,297,warmup,static_active_cap,"22,20,21,23",17278.348094193625
4,17442.57453760209,53.804001658047525,46.439453125,False,298,refine,static_active_cap,"20,21,22,23",17388.77053594404
4,17496.37853926014,53.804001658047525,46.439453125,False,299,refine,static_active_cap,"20,21,22,23",17442.57453760209
4,17550.182540918187,53.804001658047525,46.439453125,False,300,refine,static_active_cap,"20,21,22,23",17496.37853926014
4,17603.986542576236,53.804001658047525,46.439453125,False,301,refine,static_active_cap,"20,21,22,23",17550.182540918187
4,17657.790544234285,53.804001658047525,46.439453125,False,302,refine,static_active_cap,"20,21,22,23",17603.986542576236
4,17711.594545892334,53.804001658047525,46.439453125,False,303,refine,static_active_cap,"20,21,22,23",17657.790544234285
4,17765.398547550383,53.804001658047525,46.439453125,False,304,refine,static_active_cap,"20,21,22,23",17711.594545892334
4,17819.202549208432,53.804001658047525,46.439453125,False,305,refine,static_active_cap,"20,21,22,23",17765.398547550383
4,17873.00655086648,53.804001658047525,46.439453125,False,306,refine,static_active_cap,"20,21,22,23",17819.202549208432
4,17926.81055252453,53.804001658047525,46.439453125,False,307,refine,static_active_cap,"20,21,22,23",17873.00655086648
3,18034.817267280432,108.00671475590207,352.921875,False,308,warmup,static_active_cap,"24,22,23",17926.81055252453
3,18106.438310020232,71.62104273980154,33.9873046875,False,309,refine,static_active_cap,"22,23,24",18034.817267280432
3,18178.059352760032,71.62104273980154,33.9873046875,False,310,refine,static_active_cap,"22,23,24",18106.438310020232
3,18249.680395499832,71.62104273980154,33.9873046875,False,311,refine,static_active_cap,"22,23,24",18178.059352760032
3,18321.301438239632,71.62104273980154,33.9873046875,False,312,refine,static_active_cap,"22,23,24",18249.680395499832
3,18392.922480979432,71.62104273980154,33.9873046875,False,313,refine,static_active_cap,"22,23,24",18321.301438239632
3,18464.543523719232,71.62104273980154,33.9873046875,False,314,refine,static_active_cap,"22,23,24",18392.922480979432
3,18536.164566459032,71.62104273980154,33.9873046875,False,315,refine,static_active_cap,"22,23,24",18464.543523719232
3,18607.785609198832,71.62104273980154,33.9873046875,False,316,refine,static_active_cap,"22,23,24",18536.164566459032
3,18679.406651938632,71.62104273980154,33.9873046875,False,317,refine,static_active_cap,"22,23,24",18607.785609198832
3,18751.027694678432,71.62104273980154,33.9873046875,False,318,refine,static_active_cap,"22,23,24",18679.406651938632
3,18859.034409434335,108.00671475590207,352.921875,False,319,warmup,static_active_cap,"22,23,24",18751.027694678432
3,18930.655452174135,71.62104273980154,33.9873046875,False,320,refine,static_active_cap,"22,23,24",18859.034409434335
3,19002.276494913935,71.62104273980154,33.9873046875,False,321,refine,static_active_cap,"22,23,24",18930.655452174135
3,19073.897537653735,71.62104273980154,33.9873046875,False,322,refine,static_active_cap,"22,23,24",19002.276494913935
3,19145.518580393535,71.62104273980154,33.9873046875,False,323,refine,static_active_cap,"22,23,24",19073.897537653735
3,19217.139623133335,71.62104273980154,33.9873046875,False,324,refine,static_active_cap,"22,23,24",19145.518580393535
3,19288.760665873135,71.62104273980154,33.9873046875,False,325,refine,static_active_cap,"22,23,24",19217.139623133335
3,19360.381708612935,71.62104273980154,33.9873046875,False,326,refine,static_active_cap,"22,23,24",19288.760665873135
3,19432.002751352735,71.62104273980154,33.9873046875,False,327,refine,static_active_cap,"22,23,24",19360.381708612935
3,19503.623794092535,71.62104273980154,33.9873046875,False,328,refine,static_active_cap,"22,23,24",19432.002751352735
3,19575.244836832335,71.62104273980154,33.9873046875,False,329,refine,static_active_cap,"22,23,24",19503.623794092535
2,19647.24931333627,72.00447650393471,235.28125,False,330,warmup,static_active_cap,"25,24",19575.244836832335
2,19694.996675162805,47.74736182653436,22.658203125,False,331,refine,static_active_cap,"24,25",19647.24931333627
2,19742.74403698934,47.74736182653436,22.658203125,False,332,refine,static_active_cap,"24,25",19694.996675162805
2,19790.491398815877,47.74736182653436,22.658203125,False,333,refine,static_active_cap,"24,25",19742.74403698934
2,19838.238760642413,47.74736182653436,22.658203125,False,334,refine,static_active_cap,"24,25",19790.491398815877
2,19885.98612246895,47.74736182653436,22.658203125,False,335,refine,static_active_cap,"24,25",19838.238760642413
2,19933.733484295484,47.74736182653436,22.658203125,False,336,refine,static_active_cap,"24,25",19885.98612246895
2,19981.48084612202,47.74736182653436,22.658203125,False,337,refine,static_active_cap,"24,25",19933.733484295484
2,20029.228207948556,47.74736182653436,22.658203125,False,338,refine,static_active_cap,"24,25",19981.48084612202
2,20076.97556977509,47.74736182653436,22.658203125,False,339,refine,static_active_cap,"24,25",20029.228207948556
2,20124.722931601627,47.74736182653436,22.658203125,False,340,refine,static_active_cap,"24,25",20076.97556977509
3,20232.72964635753,108.00671475590207,352.921875,False,341,warmup,static_active_cap,"26,27,28",20124.722931601627
4,20286.53364801558,53.804001658047525,46.439453125,False,342,refine,static_active_cap,"25,26,27,28",20232.72964635753
3,20358.15469075538,71.62104273980154,33.9873046875,False,343,refine,static_active_cap,"26,27,28",20286.53364801558
3,20429.77573349518,71.62104273980154,33.9873046875,False,344,refine,static_active_cap,"26,27,28",20358.15469075538
3,20501.39677623498,71.62104273980154,33.9873046875,False,345,refine,static_active_cap,"26,27,28",20429.77573349518
3,20573.01781897478,71.62104273980154,33.9873046875,False,346,refine,static_active_cap,"26,27,28",20501.39677623498
3,20644.63886171458,71.62104273980154,33.9873046875,False,347,refine,static_active_cap,"26,27,28",20573.01781897478
3,20716.25990445438,71.62104273980154,33.9873046875,False,348,refine,static_active_cap,"26,27,28",20644.63886171458
3,20787.88094719418,71.62104273980154,33.9873046875,False,349,refine,static_active_cap,"26,27,28",20716.25990445438
3,20859.50198993398,71.62104273980154,33.9873046875,False,350,refine,static_active_cap,"26,27,28",20787.88094719418
3,20931.12303267378,71.62104273980154,33.9873046875,False,351,refine,static_active_cap,"26,27,28",20859.50198993398
3,21002.74407541358,71.62104273980154,33.9873046875,False,352,refine,static_active_cap,"26,27,28",20931.12303267378
4,21113.166517163994,110.4224417504156,467.0625,False,353,warmup,static_active_cap,"25,26,27,28",21002.74407541358
4,21166.970518822043,53.804001658047525,46.439453125,False,354,refine,static_active_cap,"25,26,27,28",21113.166517163994
4,21220.774520480092,53.804001658047525,46.439453125,False,355,refine,static_active_cap,"25,26,27,28",21166.970518822043
4,21274.57852213814,53.804001658047525,46.439453125,False,356,refine,static_active_cap,"25,26,27,28",21220.774520480092
4,21328.38252379619,53.804001658047525,46.439453125,False,357,refine,static_active_cap,"25,26,27,28",21274.57852213814
4,21382.18652545424,53.804001658047525,46.439453125,False,358,refine,static_active_cap,"25,26,27,28",21328.38252379619
4,21435.990527112288,53.804001658047525,46.439453125,False,359,refine,static_active_cap,"25,26,27,28",21382.18652545424
4,21489.794528770337,53.804001658047525,46.439453125,False,360,refine,static_active_cap,"25,26,27,28",21435.990527112288
4,21543.598530428386,53.804001658047525,46.439453125,False,361,refine,static_active_cap,"25,26,27,28",21489.794528770337
4,21597.402532086435,53.804001658047525,46.439453125,False,362,refine,static_active_cap,"25,26,27,28",21543.598530428386
4,21651.206533744484,53.804001658047525,46.439453125,False,363,refine,static_active_cap,"25,26,27,28",21597.402532086435
4,21761.6289754949,110.4224417504156,467.0625,False,364,warmup,static_active_cap,"25,26,27,28",21651.206533744484
4,21815.43297715295,53.804001658047525,46.439453125,False,365,refine,static_active_cap,"25,26,27,28",21761.6289754949
4,21869.236978810997,53.804001658047525,46.439453125,False,366,refine,static_active_cap,"25,26,27,28",21815.43297715295
4,21923.040980469046,53.804001658047525,46.439453125,False,367,refine,static_active_cap,"25,26,27,28",21869.236978810997
4,21976.844982127095,53.804001658047525,46.439453125,False,368,refine,static_active_cap,"25,26,27,28",21923.040980469046
4,22030.648983785144,53.804001658047525,46.439453125,False,369,refine,static_active_cap,"25,26,27,28",21976.844982127095
4,22084.452985443193,53.804001658047525,46.439453125,False,370,refine,static_active_cap,"25,26,27,28",22030.648983785144
4,22138.256987101242,53.804001658047525,46.439453125,False,371,refine,static_active_cap,"25,26,27,28",22084.452985443193
4,22192.06098875929,53.804001658047525,46.439453125,False,372,refine,static_active_cap,"25,26,27,28",22138.256987101242
4,22245.86499041734,53.804001658047525,46.439453125,False,373,refine,static_active_cap,"25,26,27,28",22192.06098875929
4,22299.66899207539,53.804001658047525,46.439453125,False,374,refine,static_active_cap,"25,26,27,28",22245.86499041734
4,22410.091433825804,110.4224417504156,467.0625,False,375,warmup,static_active_cap,"29,25,26,27",22299.66899207539
4,22463.895435483853,53.804001658047525,46.439453125,False,376,refine,static_active_cap,"25,26,27,29",22410.091433825804
4,22517.699437141902,53.804001658047525,46.439453125,False,377,refine,static_active_cap,"25,26,27,29",22463.895435483853
4,22571.50343879995,53.804001658047525,46.439453125,False,378,refine,static_active_cap,"25,26,27,29",22517.699437141902
4,22625.307440458,53.804001658047525,46.439453125,False,379,refine,static_active_cap,"25,26,27,29",22571.50343879995
4,22679.11144211605,53.804001658047525,46.439453125,False,380,refine,static_active_cap,"25,26,27,29",22625.307440458
4,22732.915443774098,53.804001658047525,46.439453125,False,381,refine,static_active_cap,"25,26,27,29",22679.11144211605
4,22786.719445432147,53.804001658047525,46.439453125,False,382,refine,static_active_cap,"25,26,27,29",22732.915443774098
4,22840.523447090196,53.804001658047525,46.439453125,False,383,refine,static_active_cap,"25,26,27,29",22786.719445432147
4,22894.327448748245,53.804001658047525,46.439453125,False,384,refine,static_active_cap,"25,26,27,29",22840.523447090196
4,22948.131450406294,53.804001658047525,46.439453125,False,385,refine,static_active_cap,"25,26,27,29",22894.327448748245
2,23020.13592691023,72.00447650393471,235.28125,False,386,warmup,static_active_cap,"28,30",22948.131450406294
3,23091.75696965003,71.62104273980154,33.9873046875,False,387,refine,static_active_cap,"29,28,30",23020.13592691023
2,23139.504331476564,47.74736182653436,22.658203125,False,388,refine,static_active_cap,"28,30",23091.75696965003
2,23187.2516933031,47.74736182653436,22.658203125,False,389,refine,static_active_cap,"28,30",23139.504331476564
2,23234.999055129636,47.74736182653436,22.658203125,False,390,refine,static_active_cap,"28,30",23187.2516933031
2,23282.74641695617,47.74736182653436,22.658203125,False,391,refine,static_active_cap,"28,30",23234.999055129636
2,23330.493778782708,47.74736182653436,22.658203125,False,392,refine,static_active_cap,"28,30",23282.74641695617
2,23378.241140609243,47.74736182653436,22.658203125,False,393,refine,static_active_cap,"28,30",23330.493778782708
2,23425.98850243578,47.74736182653436,22.658203125,False,394,refine,static_active_cap,"28,30",23378.241140609243
2,23473.735864262315,47.74736182653436,22.658203125,False,395,refine,static_active_cap,"28,30",23425.98850243578
2,23521.48322608885,47.74736182653436,22.658203125,False,396,refine,static_active_cap,"28,30",23473.735864262315
1,23560.18200683214,38.69878074328881,117.5458984375,False,397,warmup,static_active_cap,29,23521.48322608885
2,23607.929368658675,47.74736182653436,22.658203125,False,398,refine,static_active_cap,"30,29",23560.18200683214
1,23646.628149401964,38.69878074328881,117.5458984375,False,399,warmup,static_active_cap,30,23607.929368658675
2,23694.3755112285,47.74736182653436,22.658203125,False,400,refine,static_active_cap,"29,30",23646.628149401964
2,23742.122873055036,47.74736182653436,22.658203125,False,401,refine,static_active_cap,"29,30",23694.3755112285
2,23789.87023488157,47.74736182653436,22.658203125,False,402,refine,static_active_cap,"29,30",23742.122873055036
2,23837.617596708107,47.74736182653436,22.658203125,False,403,refine,static_active_cap,"29,30",23789.87023488157
2,23885.364958534643,47.74736182653436,22.658203125,False,404,refine,static_active_cap,"29,30",23837.617596708107
2,23933.11232036118,47.74736182653436,22.658203125,False,405,refine,static_active_cap,"29,30",23885.364958534643
2,23980.859682187714,47.74736182653436,22.658203125,False,406,refine,static_active_cap,"29,30",23933.11232036118
2,24028.60704401425,47.74736182653436,22.658203125,False,407,refine,static_active_cap,"29,30",23980.859682187714
2,24076.354405840786,47.74736182653436,22.658203125,False,408,refine,static_active_cap,"29,30",24028.60704401425
1,24115.053186584075,38.69878074328881,117.5458984375,False,409,warmup,static_active_cap,29,24076.354405840786
2,24162.80054841061,47.74736182653436,22.658203125,False,410,refine,static_active_cap,"30,29",24115.053186584075
1,24201.4993291539,38.69878074328881,117.5458984375,False,411,warmup,static_active_cap,30,24162.80054841061
2,24249.246690980435,47.74736182653436,22.658203125,False,412,refine,static_active_cap,"29,30",24201.4993291539
2,24296.99405280697,47.74736182653436,22.658203125,False,413,refine,static_active_cap,"29,30",24249.246690980435
2,24344.741414633507,47.74736182653436,22.658203125,False,414,refine,static_active_cap,"29,30",24296.99405280697
2,24392.488776460043,47.74736182653436,22.658203125,False,415,refine,static_active_cap,"29,30",24344.741414633507
2,24440.23613828658,47.74736182653436,22.658203125,False,416,refine,static_active_cap,"29,30",24392.488776460043
2,24487.983500113114,47.74736182653436,22.658203125,False,417,refine,static_active_cap,"29,30",24440.23613828658
2,24535.73086193965,47.74736182653436,22.658203125,False,418,refine,static_active_cap,"29,30",24487.983500113114
2,24583.478223766186,47.74736182653436,22.658203125,False,419,refine,static_active_cap,"29,30",24535.73086193965
2,24631.22558559272,47.74736182653436,22.658203125,False,420,refine,static_active_cap,"29,30",24583.478223766186
2,24703.230062096656,72.00447650393471,235.28125,False,421,warmup,static_active_cap,"31,29",24631.22558559272
3,24774.851104836456,71.62104273980154,33.9873046875,False,422,refine,static_active_cap,"30,29,31",24703.230062096656
2,24822.598466662992,47.74736182653436,22.658203125,False,423,refine,static_active_cap,"29,31",24774.851104836456
2,24870.345828489528,47.74736182653436,22.658203125,False,424,refine,static_active_cap,"29,31",24822.598466662992
2,24918.093190316064,47.74736182653436,22.658203125,False,425,refine,static_active_cap,"29,31",24870.345828489528
2,24965.8405521426,47.74736182653436,22.658203125,False,426,refine,static_active_cap,"29,31",24918.093190316064
2,25013.587913969135,47.74736182653436,22.658203125,False,427,refine,static_active_cap,"29,31",24965.8405521426
2,25061.33527579567,47.74736182653436,22.658203125,False,428,refine,static_active_cap,"29,31",25013.587913969135
2,25109.082637622207,47.74736182653436,22.658203125,False,429,refine,static_active_cap,"29,31",25061.33527579567
2,25156.829999448742,47.74736182653436,22.658203125,False,430,refine,static_active_cap,"29,31",25109.082637622207
2,25204.57736127528,47.74736182653436,22.658203125,False,431,refine,static_active_cap,"29,31",25156.829999448742
1,25243.276142018567,38.69878074328881,117.5458984375,False,432,warmup,static_active_cap,30,25204.57736127528
2,25291.023503845103,47.74736182653436,22.658203125,False,433,refine,static_active_cap,"31,30",25243.276142018567
1,25329.72228458839,38.69878074328881,117.5458984375,False,434,warmup,static_active_cap,31,25291.023503845103
2,25377.469646414927,47.74736182653436,22.658203125,False,435,refine,static_active_cap,"30,31",25329.72228458839
2,25425.217008241463,47.74736182653436,22.658203125,False,436,refine,static_active_cap,"30,31",25377.469646414927
2,25472.964370068,47.74736182653436,22.658203125,False,437,refine,static_active_cap,"30,31",25425.217008241463
2,25520.711731894535,47.74736182653436,22.658203125,False,438,refine,static_active_cap,"30,31",25472.964370068
2,25568.45909372107,47.74736182653436,22.658203125,False,439,refine,static_active_cap,"30,31",25520.711731894535
2,25616.206455547606,47.74736182653436,22.658203125,False,440,refine,static_active_cap,"30,31",25568.45909372107
2,25663.953817374142,47.74736182653436,22.658203125,False,441,refine,static_active_cap,"30,31",25616.206455547606
2,25711.701179200678,47.74736182653436,22.658203125,False,442,refine,static_active_cap,"30,31",25663.953817374142
2,25759.448541027214,47.74736182653436,22.658203125,False,443,refine,static_active_cap,"30,31",25711.701179200678
1,25804.007541174487,44.559000147273764,12.220703125,False,444,refine,static_active_cap,31,25759.448541027214
2,25876.012017678422,72.00447650393471,235.28125,False,445,warmup,static_active_cap,"31,32",25804.007541174487
2,25923.759379504958,47.74736182653436,22.658203125,False,446,refine,static_active_cap,"31,32",25876.012017678422
2,25971.506741331494,47.74736182653436,22.658203125,False,447,refine,static_active_cap,"31,32",25923.759379504958
2,26019.25410315803,47.74736182653436,22.658203125,False,448,refine,static_active_cap,"31,32",25971.506741331494
2,26067.001464984565,47.74736182653436,22.658203125,False,449,refine,static_active_cap,"31,32",26019.25410315803
2,26114.7488268111,47.74736182653436,22.658203125,False,450,refine,static_active_cap,"31,32",26067.001464984565
2,26162.496188637637,47.74736182653436,22.658203125,False,451,refine,static_active_cap,"31,32",26114.7488268111
2,26210.243550464173,47.74736182653436,22.658203125,False,452,refine,static_active_cap,"31,32",26162.496188637637
2,26257.99091229071,47.74736182653436,22.658203125,False,453,refine,static_active_cap,"31,32",26210.243550464173
2,26305.738274117244,47.74736182653436,22.658203125,False,454,refine,static_active_cap,"31,32",26257.99091229071
2,26353.48563594378,47.74736182653436,22.658203125,False,455,refine,static_active_cap,"31,32",26305.738274117244
1,26392.18441668707,38.69878074328881,117.5458984375,False,456,warmup,static_active_cap,31,26353.48563594378
2,26439.931778513605,47.74736182653436,22.658203125,False,457,refine,static_active_cap,"32,31",26392.18441668707
1,26478.630559256893,38.69878074328881,117.5458984375,False,458,warmup,static_active_cap,32,26439.931778513605
2,26526.37792108343,47.74736182653436,22.658203125,False,459,refine,static_active_cap,"31,32",26478.630559256893
2,26574.125282909965,47.74736182653436,22.658203125,False,460,refine,static_active_cap,"31,32",26526.37792108343
2,26621.8726447365,47.74736182653436,22.658203125,False,461,refine,static_active_cap,"31,32",26574.125282909965
2,26669.620006563036,47.74736182653436,22.658203125,False,462,refine,static_active_cap,"31,32",26621.8726447365
2,26717.367368389572,47.74736182653436,22.658203125,False,463,refine,static_active_cap,"31,32",26669.620006563036
2,26765.114730216108,47.74736182653436,22.658203125,False,464,refine,static_active_cap,"31,32",26717.367368389572
2,26812.862092042644,47.74736182653436,22.658203125,False,465,refine,static_active_cap,"31,32",26765.114730216108
2,26860.60945386918,47.74736182653436,22.658203125,False,466,refine,static_active_cap,"31,32",26812.862092042644
2,26908.356815695715,47.74736182653436,22.658203125,False,467,refine,static_active_cap,"31,32",26860.60945386918
1,26947.055596439004,38.69878074328881,117.5458984375,False,468,warmup,static_active_cap,33,26908.356815695715
2,26994.80295826554,47.74736182653436,22.658203125,False,469,refine,static_active_cap,"32,33",26947.055596439004
1,27033.50173900883,38.69878074328881,117.5458984375,False,470,warmup,static_active_cap,32,26994.80295826554
2,27081.249100835365,47.74736182653436,22.658203125,False,471,refine,static_active_cap,"33,32",27033.50173900883
2,27128.9964626619,47.74736182653436,22.658203125,False,472,refine,static_active_cap,"32,33",27081.249100835365
2,27176.743824488436,47.74736182653436,22.658203125,False,473,refine,static_active_cap,"32,33",27128.9964626619
2,27224.491186314972,47.74736182653436,22.658203125,False,474,refine,static_active_cap,"32,33",27176.743824488436
2,27272.238548141508,47.74736182653436,22.658203125,False,475,refine,static_active_cap,"32,33",27224.491186314972
2,27319.985909968043,47.74736182653436,22.658203125,False,476,refine,static_active_cap,"32,33",27272.238548141508
2,27367.73327179458,47.74736182653436,22.658203125,False,477,refine,static_active_cap,"32,33",27319.985909968043
2,27415.480633621115,47.74736182653436,22.658203125,False,478,refine,static_active_cap,"32,33",27367.73327179458
2,27463.22799544765,47.74736182653436,22.658203125,False,479,refine,static_active_cap,"32,33",27415.480633621115
2,27510.975357274187,47.74736182653436,22.658203125,False,480,refine,static_active_cap,"32,33",27463.22799544765
2,27582.97983377812,72.00447650393471,235.28125,False,481,warmup,static_active_cap,"32,33",27510.975357274187
2,27630.727195604657,47.74736182653436,22.658203125,False,482,refine,static_active_cap,"32,33",27582.97983377812
2,27678.474557431193,47.74736182653436,22.658203125,False,483,refine,static_active_cap,"32,33",27630.727195604657
2,27726.22191925773,47.74736182653436,22.658203125,False,484,refine,static_active_cap,"32,33",27678.474557431193
2,27773.969281084264,47.74736182653436,22.658203125,False,485,refine,static_active_cap,"32,33",27726.22191925773
2,27821.7166429108,47.74736182653436,22.658203125,False,486,refine,static_active_cap,"32,33",27773.969281084264
2,27869.464004737336,47.74736182653436,22.658203125,False,487,refine,static_active_cap,"32,33",27821.7166429108
2,27917.21136656387,47.74736182653436,22.658203125,False,488,refine,static_active_cap,"32,33",27869.464004737336
2,27964.958728390407,47.74736182653436,22.658203125,False,489,refine,static_active_cap,"32,33",27917.21136656387
2,28012.706090216943,47.74736182653436,22.658203125,False,490,refine,static_active_cap,"32,33",27964.958728390407
2,28060.45345204348,47.74736182653436,22.658203125,False,491,refine,static_active_cap,"32,33",28012.706090216943
1,28099.152232786768,38.69878074328881,117.5458984375,False,492,warmup,static_active_cap,33,28060.45345204348
1,28143.71123293404,44.559000147273764,12.220703125,False,493,refine,static_active_cap,33,28099.152232786768
1,28188.270233081315,44.559000147273764,12.220703125,False,494,refine,static_active_cap,33,28143.71123293404
1,28232.82923322859,44.559000147273764,12.220703125,False,495,refine,static_active_cap,33,28188.270233081315
1,28277.388233375863,44.559000147273764,12.220703125,False,496,refine,static_active_cap,33,28232.82923322859
1,28321.947233523137,44.559000147273764,12.220703125,False,497,refine,static_active_cap,33,28277.388233375863
1,28366.50623367041,44.559000147273764,12.220703125,False,498,refine,static_active_cap,33,28321.947233523137
1,28411.065233817684,44.559000147273764,12.220703125,False,499,refine,static_active_cap,33,28366.50623367041
1,28455.624233964958,44.559000147273764,12.220703125,False,500,refine,static_active_cap,33,28411.065233817684
1,28500.18323411223,44.559000147273764,12.220703125,False,501,refine,static_active_cap,33,28455.624233964958
1,28544.742234259505,44.559000147273764,12.220703125,False,502,refine,static_active_cap,33,28500.18323411223
1,28583.441015002794,38.69878074328881,117.5458984375,False,503,warmup,static_active_cap,33,28544.742234259505
1,28628.000015150068,44.559000147273764,12.220703125,False,504,refine,static_active_cap,33,28583.441015002794
1,28672.559015297342,44.559000147273764,12.220703125,False,505,refine,static_active_cap,33,28628.000015150068
1,28717.118015444616,44.559000147273764,12.220703125,False,506,refine,static_active_cap,33,28672.559015297342
1,28761.67701559189,44.559000147273764,12.220703125,False,507,refine,static_active_cap,33,28717.118015444616
1,28806.236015739163,44.559000147273764,12.220703125,False,508,refine,static_active_cap,33,28761.67701559189
1,28850.795015886437,44.559000147273764,12.220703125,False,509,refine,static_active_cap,33,28806.236015739163
1,28895.35401603371,44.559000147273764,12.220703125,False,510,refine,static_active_cap,33,28850.795015886437
1,28939.913016180984,44.559000147273764,12.220703125,False,511,refine,static_active_cap,33,28895.35401603371
1,28984.472016328258,44.559000147273764,12.220703125,False,512,refine,static_active_cap,33,28939.913016180984
1,29029.031016475532,44.559000147273764,12.220703125,False,513,refine,static_active_cap,33,28984.472016328258
1,30184.164679821002,38.69878074328881,117.5458984375,False,514,warmup,static_active_cap,34,30145.465899077713
1,30228.723679968276,44.559000147273764,12.220703125,False,515,refine,static_active_cap,34,30184.164679821002
1,30273.28268011555,44.559000147273764,12.220703125,False,516,refine,static_active_cap,34,30228.723679968276
1,30317.841680262824,44.559000147273764,12.220703125,False,517,refine,static_active_cap,34,30273.28268011555
1,30362.400680410097,44.559000147273764,12.220703125,False,518,refine,static_active_cap,34,30317.841680262824
1,30406.95968055737,44.559000147273764,12.220703125,False,519,refine,static_active_cap,34,30362.400680410097
1,30451.518680704645,44.559000147273764,12.220703125,False,520,refine,static_active_cap,34,30406.95968055737
1,30496.07768085192,44.559000147273764,12.220703125,False,521,refine,static_active_cap,34,30451.518680704645
1,30540.636680999192,44.559000147273764,12.220703125,False,522,refine,static_active_cap,34,30496.07768085192
1,30585.195681146466,44.559000147273764,12.220703125,False,523,refine,static_active_cap,34,30540.636680999192
1,30629.75468129374,44.559000147273764,12.220703125,False,524,refine,static_active_cap,34,30585.195681146466
1,30668.45346203703,38.69878074328881,117.5458984375,False,525,warmup,static_active_cap,35,30629.75468129374
2,30716.200823863564,47.74736182653436,22.658203125,False,526,refine,static_active_cap,"34,35",30668.45346203703
1,30754.899604606853,38.69878074328881,117.5458984375,False,527,warmup,static_active_cap,34,30716.200823863564
2,30802.64696643339,47.74736182653436,22.658203125,False,528,refine,static_active_cap,"35,34",30754.899604606853
2,30850.394328259925,47.74736182653436,22.658203125,False,529,refine,static_active_cap,"34,35",30802.64696643339
2,30898.14169008646,47.74736182653436,22.658203125,False,530,refine,static_active_cap,"34,35",30850.394328259925
2,30945.889051912996,47.74736182653436,22.658203125,False,531,refine,static_active_cap,"34,35",30898.14169008646
2,30993.636413739532,47.74736182653436,22.658203125,False,532,refine,static_active_cap,"34,35",30945.889051912996
2,31041.383775566068,47.74736182653436,22.658203125,False,533,refine,static_active_cap,"34,35",30993.636413739532
2,31089.131137392604,47.74736182653436,22.658203125,False,534,refine,static_active_cap,"34,35",31041.383775566068
2,31136.87849921914,47.74736182653436,22.658203125,False,535,refine,static_active_cap,"34,35",31089.131137392604
2,31184.625861045675,47.74736182653436,22.658203125,False,536,refine,static_active_cap,"34,35",31136.87849921914
2,31232.37322287221,47.74736182653436,22.658203125,False,537,refine,static_active_cap,"34,35",31184.625861045675
2,31304.377699376146,72.00447650393471,235.28125,False,538,warmup,static_active_cap,"34,35",31232.37322287221
2,31352.12506120268,47.74736182653436,22.658203125,False,539,refine,static_active_cap,"34,35",31304.377699376146
2,31399.872423029217,47.74736182653436,22.658203125,False,540,refine,static_active_cap,"34,35",31352.12506120268
2,31447.619784855753,47.74736182653436,22.658203125,False,541,refine,static_active_cap,"34,35",31399.872423029217
2,31495.36714668229,47.74736182653436,22.658203125,False,542,refine,static_active_cap,"34,35",31447.619784855753
2,31543.114508508825,47.74736182653436,22.658203125,False,543,refine,static_active_cap,"34,35",31495.36714668229
2,31590.86187033536,47.74736182653436,22.658203125,False,544,refine,static_active_cap,"34,35",31543.114508508825
2,31638.609232161896,47.74736182653436,22.658203125,False,545,refine,static_active_cap,"34,35",31590.86187033536
2,31686.356593988432,47.74736182653436,22.658203125,False,546,refine,static_active_cap,"34,35",31638.609232161896
2,31734.103955814968,47.74736182653436,22.658203125,False,547,refine,static_active_cap,"34,35",31686.356593988432
2,31781.851317641504,47.74736182653436,22.658203125,False,548,refine,static_active_cap,"34,35",31734.103955814968
3,31889.858032397406,108.00671475590207,352.921875,False,549,warmup,static_active_cap,"36,34,35",31781.851317641504
3,31961.479075137206,71.62104273980154,33.9873046875,False,550,refine,static_active_cap,"34,35,36",31889.858032397406
3,32033.100117877006,71.62104273980154,33.9873046875,False,551,refine,static_active_cap,"34,35,36",31961.479075137206
3,32104.721160616806,71.62104273980154,33.9873046875,False,552,refine,static_active_cap,"34,35,36",32033.100117877006
3,32176.342203356606,71.62104273980154,33.9873046875,False,553,refine,static_active_cap,"34,35,36",32104.721160616806
3,32247.963246096406,71.62104273980154,33.9873046875,False,554,refine,static_active_cap,"34,35,36",32176.342203356606
3,32319.584288836206,71.62104273980154,33.9873046875,False,555,refine,static_active_cap,"34,35,36",32247.963246096406
3,32391.205331576006,71.62104273980154,33.9873046875,False,556,refine,static_active_cap,"34,35,36",32319.584288836206
3,32462.826374315806,71.62104273980154,33.9873046875,False,557,refine,static_active_cap,"34,35,36",32391.205331576006
3,32534.447417055606,71.62104273980154,33.9873046875,False,558,refine,static_active_cap,"34,35,36",32462.826374315806
3,32606.068459795406,71.62104273980154,33.9873046875,False,559,refine,static_active_cap,"34,35,36",32534.447417055606
1,32644.767240538695,38.69878074328881,117.5458984375,False,560,warmup,static_active_cap,35,32606.068459795406
2,32692.51460236523,47.74736182653436,22.658203125,False,561,refine,static_active_cap,"36,35",32644.767240538695
1,32731.21338310852,38.69878074328881,117.5458984375,False,562,warmup,static_active_cap,36,32692.51460236523
2,32778.96074493505,47.74736182653436,22.658203125,False,563,refine,static_active_cap,"35,36",32731.21338310852
2,32826.70810676159,47.74736182653436,22.658203125,False,564,refine,static_active_cap,"35,36",32778.96074493505
2,32874.45546858812,47.74736182653436,22.658203125,False,565,refine,static_active_cap,"35,36",32826.70810676159
2,32922.20283041466,47.74736182653436,22.658203125,False,566,refine,static_active_cap,"35,36",32874.45546858812
2,32969.950192241195,47.74736182653436,22.658203125,False,567,refine,static_active_cap,"35,36",32922.20283041466
2,33017.69755406773,47.74736182653436,22.658203125,False,568,refine,static_active_cap,"35,36",32969.950192241195
2,33065.444915894266,47.74736182653436,22.658203125,False,569,refine,static_active_cap,"35,36",33017.69755406773
2,33113.1922777208,47.74736182653436,22.658203125,False,570,refine,static_active_cap,"35,36",33065.444915894266
2,33160.93963954734,47.74736182653436,22.658203125,False,571,refine,static_active_cap,"35,36",33113.1922777208
1,33205.49863969461,44.559000147273764,12.220703125,False,572,refine,static_active_cap,36,33160.93963954734
2,33277.503116198546,72.00447650393471,235.28125,False,573,warmup,static_active_cap,"36,37",33205.49863969461
2,33325.25047802508,47.74736182653436,22.658203125,False,574,refine,static_active_cap,"36,37",33277.503116198546
2,33372.99783985162,47.74736182653436,22.658203125,False,575,refine,static_active_cap,"36,37",33325.25047802508
2,33420.74520167815,47.74736182653436,22.658203125,False,576,refine,static_active_cap,"36,37",33372.99783985162
2,33468.49256350469,47.74736182653436,22.658203125,False,577,refine,static_active_cap,"36,37",33420.74520167815
2,33516.239925331225,47.74736182653436,22.658203125,False,578,refine,static_active_cap,"36,37",33468.49256350469
2,33563.98728715776,47.74736182653436,22.658203125,False,579,refine,static_active_cap,"36,37",33516.239925331225
2,33611.7346489843,47.74736182653436,22.658203125,False,580,refine,static_active_cap,"36,37",33563.98728715776
2,33659.48201081083,47.74736182653436,22.658203125,False,581,refine,static_active_cap,"36,37",33611.7346489843
2,33707.22937263737,47.74736182653436,22.658203125,False,582,refine,static_active_cap,"36,37",33659.48201081083
2,33754.976734463904,47.74736182653436,22.658203125,False,583,refine,static_active_cap,"36,37",33707.22937263737
1,33793.67551520719,38.69878074328881,117.5458984375,False,584,warmup,static_active_cap,36,33754.976734463904
2,33841.42287703373,47.74736182653436,22.658203125,False,585,refine,static_active_cap,"37,36",33793.67551520719
1,33880.12165777702,38.69878074328881,117.5458984375,False,586,warmup,static_active_cap,37,33841.42287703373
2,33927.86901960355,47.74736182653436,22.658203125,False,587,refine,static_active_cap,"36,37",33880.12165777702
2,33975.61638143009,47.74736182653436,22.658203125,False,588,refine,static_active_cap,"36,37",33927.86901960355
2,34023.363743256625,47.74736182653436,22.658203125,False,589,refine,static_active_cap,"36,37",33975.61638143009
2,34071.11110508316,47.74736182653436,22.658203125,False,590,refine,static_active_cap,"36,37",34023.363743256625
2,34118.858466909696,47.74736182653436,22.658203125,False,591,refine,static_active_cap,"36,37",34071.11110508316
2,34166.60582873623,47.74736182653436,22.658203125,False,592,refine,static_active_cap,"36,37",34118.858466909696
2,34214.35319056277,47.74736182653436,22.658203125,False,593,refine,static_active_cap,"36,37",34166.60582873623
2,34262.1005523893,47.74736182653436,22.658203125,False,594,refine,static_active_cap,"36,37",34214.35319056277
2,34309.84791421584,47.74736182653436,22.658203125,False,595,refine,static_active_cap,"36,37",34262.1005523893
1,34348.54669495913,38.69878074328881,117.5458984375,False,596,warmup,static_active_cap,38,34309.84791421584
2,34396.294056785664,47.74736182653436,22.658203125,False,597,refine,static_active_cap,"37,38",34348.54669495913
1,34434.99283752895,38.69878074328881,117.5458984375,False,598,warmup,static_active_cap,37,34396.294056785664
2,34482.74019935549,47.74736182653436,22.658203125,False,599,refine,static_active_cap,"38,37",34434.99283752895
2,34530.487561182024,47.74736182653436,22.658203125,False,600,refine,static_active_cap,"37,38",34482.74019935549
2,34578.23492300856,47.74736182653436,22.658203125,False,601,refine,static_active_cap,"37,38",34530.487561182024
2,34625.982284835096,47.74736182653436,22.658203125,False,602,refine,static_active_cap,"37,38",34578.23492300856
2,34673.72964666163,47.74736182653436,22.658203125,False,603,refine,static_active_cap,"37,38",34625.982284835096
2,34721.47700848817,47.74736182653436,22.658203125,False,604,refine,static_active_cap,"37,38",34673.72964666163
2,34769.2243703147,47.74736182653436,22.658203125,False,605,refine,static_active_cap,"37,38",34721.47700848817
2,34816.97173214124,47.74736182653436,22.658203125,False,606,refine,static_active_cap,"37,38",34769.2243703147
2,34864.719093967775,47.74736182653436,22.658203125,False,607,refine,static_active_cap,"37,38",34816.97173214124
2,34912.46645579431,47.74736182653436,22.658203125,False,608,refine,static_active_cap,"37,38",34864.719093967775
2,34984.470932298245,72.00447650393471,235.28125,False,609,warmup,static_active_cap,"37,38",34912.46645579431
2,35032.21829412478,47.74736182653436,22.658203125,False,610,refine,static_active_cap,"37,38",34984.470932298245
2,35079.96565595132,47.74736182653436,22.658203125,False,611,refine,static_active_cap,"37,38",35032.21829412478
2,35127.71301777785,47.74736182653436,22.658203125,False,612,refine,static_active_cap,"37,38",35079.96565595132
2,35175.46037960439,47.74736182653436,22.658203125,False,613,refine,static_active_cap,"37,38",35127.71301777785
2,35223.207741430924,47.74736182653436,22.658203125,False,614,refine,static_active_cap,"37,38",35175.46037960439
2,35270.95510325746,47.74736182653436,22.658203125,False,615,refine,static_active_cap,"37,38",35223.207741430924
2,35318.702465083996,47.74736182653436,22.658203125,False,616,refine,static_active_cap,"37,38",35270.95510325746
2,35366.44982691053,47.74736182653436,22.658203125,False,617,refine,static_active_cap,"37,38",35318.702465083996
2,35414.19718873707,47.74736182653436,22.658203125,False,618,refine,static_active_cap,"37,38",35366.44982691053
2,35461.9445505636,47.74736182653436,22.658203125,False,619,refine,static_active_cap,"37,38",35414.19718873707
1,35500.64333130689,38.69878074328881,117.5458984375,False,620,warmup,static_active_cap,38,35461.9445505636
1,35545.202331454166,44.559000147273764,12.220703125,False,621,refine,static_active_cap,38,35500.64333130689
1,35589.76133160144,44.559000147273764,12.220703125,False,622,refine,static_active_cap,38,35545.202331454166
1,35634.32033174871,44.559000147273764,12.220703125,False,623,refine,static_active_cap,38,35589.76133160144
1,35678.87933189599,44.559000147273764,12.220703125,False,624,refine,static_active_cap,38,35634.32033174871
1,35723.43833204326,44.559000147273764,12.220703125,False,625,refine,static_active_cap,38,35678.87933189599
1,35767.997332190535,44.559000147273764,12.220703125,False,626,refine,static_active_cap,38,35723.43833204326
1,35812.55633233781,44.559000147273764,12.220703125,False,627,refine,static_active_cap,38,35767.997332190535
1,35857.11533248508,44.559000147273764,12.220703125,False,628,refine,static_active_cap,38,35812.55633233781
1,35901.674332632356,44.559000147273764,12.220703125,False,629,refine,static_active_cap,38,35857.11533248508
1,35946.23333277963,44.559000147273764,12.220703125,False,630,refine,static_active_cap,38,35901.674332632356
1,35984.93211352292,38.69878074328881,117.5458984375,False,631,warmup,static_active_cap,38,35946.23333277963
1,36029.49111367019,44.559000147273764,12.220703125,False,632,refine,static_active_cap,38,35984.93211352292
1,36074.050113817466,44.559000147273764,12.220703125,False,633,refine,static_active_cap,38,36029.49111367019
1,36118.60911396474,44.559000147273764,12.220703125,False,634,refine,static_active_cap,38,36074.050113817466
1,36163.16811411201,44.559000147273764,12.220703125,False,635,refine,static_active_cap,38,36118.60911396474
1,36201.8668948553,38.69878074328881,117.5458984375,False,636,warmup,static_active_cap,39,36163.16811411201
2,36249.61425668184,47.74736182653436,22.658203125,False,637,refine,static_active_cap,"38,39",36201.8668948553
2,36297.361618508374,47.74736182653436,22.658203125,False,638,refine,static_active_cap,"38,39",36249.61425668184
2,36345.10898033491,47.74736182653436,22.658203125,False,639,refine,static_active_cap,"38,39",36297.361618508374
2,36392.856342161445,47.74736182653436,22.658203125,False,640,refine,static_active_cap,"38,39",36345.10898033491
2,36440.60370398798,47.74736182653436,22.658203125,False,641,refine,static_active_cap,"38,39",36392.856342161445
2,36488.35106581452,47.74736182653436,22.658203125,False,642,refine,static_active_cap,"38,39",36440.60370398798
1,36532.91006596179,44.559000147273764,12.220703125,False,643,refine,static_active_cap,39,36488.35106581452
1,36577.469066109064,44.559000147273764,12.220703125,False,644,refine,static_active_cap,39,36532.91006596179
1,36622.02806625634,44.559000147273764,12.220703125,False,645,refine,static_active_cap,39,36577.469066109064
1,36666.58706640361,44.559000147273764,12.220703125,False,646,refine,static_active_cap,39,36622.02806625634
1,36711.146066550886,44.559000147273764,12.220703125,False,647,refine,static_active_cap,39,36666.58706640361
1,36749.844847294175,38.69878074328881,117.5458984375,False,648,warmup,static_active_cap,39,36711.146066550886
1,36794.40384744145,44.559000147273764,12.220703125,False,649,refine,static_active_cap,39,36749.844847294175
1,36838.96284758872,44.559000147273764,12.220703125,False,650,refine,static_active_cap,39,36794.40384744145
1,36883.521847735996,44.559000147273764,12.220703125,False,651,refine,static_active_cap,39,36838.96284758872
1,36928.08084788327,44.559000147273764,12.220703125,False,652,refine,static_active_cap,39,36883.521847735996
1,36972.63984803054,44.559000147273764,12.220703125,False,653,refine,static_active_cap,39,36928.08084788327
1,37017.19884817782,44.559000147273764,12.220703125,False,654,refine,static_active_cap,39,36972.63984803054
1,37055.897628921106,38.69878074328881,117.5458984375,False,655,warmup,static_active_cap,40,37017.19884817782
2,37103.64499074764,47.74736182653436,22.658203125,False,656,refine,static_active_cap,"39,40",37055.897628921106
2,37151.39235257418,47.74736182653436,22.658203125,False,657,refine,static_active_cap,"39,40",37103.64499074764
2,37199.13971440071,47.74736182653436,22.658203125,False,658,refine,static_active_cap,"39,40",37151.39235257418
2,37246.88707622725,47.74736182653436,22.658203125,False,659,refine,static_active_cap,"39,40",37199.13971440071
1,37285.58585697054,38.69878074328881,117.5458984375,False,660,warmup,static_active_cap,39,37246.88707622725
2,37333.333218797074,47.74736182653436,22.658203125,False,661,refine,static_active_cap,"40,39",37285.58585697054
2,37381.08058062361,47.74736182653436,22.658203125,False,662,refine,static_active_cap,"39,40",37333.333218797074
2,37428.827942450145,47.74736182653436,22.658203125,False,663,refine,static_active_cap,"39,40",37381.08058062361
2,37476.57530427668,47.74736182653436,22.658203125,False,664,refine,static_active_cap,"39,40",37428.827942450145
2,37524.32266610322,47.74736182653436,22.658203125,False,665,refine,static_active_cap,"39,40",37476.57530427668
2,37572.07002792975,47.74736182653436,22.658203125,False,666,refine,static_active_cap,"39,40",37524.32266610322
2,37619.81738975629,47.74736182653436,22.658203125,False,667,refine,static_active_cap,"39,40",37572.07002792975
1,37658.51617049958,38.69878074328881,117.5458984375,False,668,warmup,static_active_cap,40,37619.81738975629
2,37706.26353232611,47.74736182653436,22.658203125,False,669,refine,static_active_cap,"39,40",37658.51617049958
2,37754.01089415265,47.74736182653436,22.658203125,False,670,refine,static_active_cap,"39,40",37706.26353232611
2,37801.758255979184,47.74736182653436,22.658203125,False,671,refine,static_active_cap,"39,40",37754.01089415265
1,37840.45703672247,38.69878074328881,117.5458984375,False,672,warmup,static_active_cap,39,37801.758255979184
2,37888.20439854901,47.74736182653436,22.658203125,False,673,refine,static_active_cap,"40,39",37840.45703672247
2,37935.951760375545,47.74736182653436,22.658203125,False,674,refine,static_active_cap,"39,40",37888.20439854901
2,37983.69912220208,47.74736182653436,22.658203125,False,675,refine,static_active_cap,"39,40",37935.951760375545
2,38031.44648402862,47.74736182653436,22.658203125,False,676,refine,static_active_cap,"39,40",37983.69912220208
2,38079.19384585515,47.74736182653436,22.658203125,False,677,refine,static_active_cap,"39,40",38031.44648402862
2,38126.94120768169,47.74736182653436,22.658203125,False,678,refine,static_active_cap,"39,40",38079.19384585515
2,38174.688569508224,47.74736182653436,22.658203125,False,679,refine,static_active_cap,"39,40",38126.94120768169
1,38213.38735025151,38.69878074328881,117.5458984375,False,680,warmup,static_active_cap,40,38174.688569508224
2,38261.13471207805,47.74736182653436,22.658203125,False,681,refine,static_active_cap,"39,40",38213.38735025151
2,38308.882073904584,47.74736182653436,22.658203125,False,682,refine,static_active_cap,"39,40",38261.13471207805
2,38356.62943573112,47.74736182653436,22.658203125,False,683,refine,static_active_cap,"39,40",38308.882073904584
2,38428.633912235055,72.00447650393471,235.28125,False,684,warmup,static_active_cap,"41,42",38356.62943573112
3,38500.25495497486,71.62104273980154,33.9873046875,False,685,refine,static_active_cap,"40,41,42",38428.633912235055
3,38571.87599771466,71.62104273980154,33.9873046875,False,686,refine,static_active_cap,"40,41,42",38500.25495497486
3,38643.497040454466,71.62104273980154,33.9873046875,False,687,refine,static_active_cap,"40,41,42",38571.87599771466
3,38715.11808319427,71.62104273980154,33.9873046875,False,688,refine,static_active_cap,"40,41,42",38643.497040454466
3,38786.73912593407,71.62104273980154,33.9873046875,False,689,refine,static_active_cap,"40,41,42",38715.11808319427
3,38858.36016867388,71.62104273980154,33.9873046875,False,690,refine,static_active_cap,"40,41,42",38786.73912593407
3,38929.98121141368,71.62104273980154,33.9873046875,False,691,refine,static_active_cap,"40,41,42",38858.36016867388
2,38977.728573240216,47.74736182653436,22.658203125,False,692,refine,static_active_cap,"41,42",38929.98121141368
2,39025.47593506675,47.74736182653436,22.658203125,False,693,refine,static_active_cap,"41,42",38977.728573240216
2,39073.22329689329,47.74736182653436,22.658203125,False,694,refine,static_active_cap,"41,42",39025.47593506675
2,39120.97065871982,47.74736182653436,22.658203125,False,695,refine,static_active_cap,"41,42",39073.22329689329
4,39231.39310047024,110.4224417504156,467.0625,False,696,warmup,static_active_cap,"43,40,44,45",39120.97065871982
4,39285.19710212829,53.804001658047525,46.439453125,False,697,refine,static_active_cap,"40,43,44,45",39231.39310047024
4,39339.00110378634,53.804001658047525,46.439453125,False,698,refine,static_active_cap,"40,43,44,45",39285.19710212829
4,39392.805105444386,53.804001658047525,46.439453125,False,699,refine,static_active_cap,"40,43,44,45",39339.00110378634
4,39446.609107102435,53.804001658047525,46.439453125,False,700,refine,static_active_cap,"40,43,44,45",39392.805105444386
4,39500.413108760484,53.804001658047525,46.439453125,False,701,refine,static_active_cap,"40,43,44,45",39446.609107102435
4,39554.21711041853,53.804001658047525,46.439453125,False,702,refine,static_active_cap,"40,43,44,45",39500.413108760484
4,39608.02111207658,53.804001658047525,46.439453125,False,703,refine,static_active_cap,"40,43,44,45",39554.21711041853
4,39661.82511373463,53.804001658047525,46.439453125,False,704,refine,static_active_cap,"40,43,44,45",39608.02111207658
4,39715.62911539268,53.804001658047525,46.439453125,False,705,refine,static_active_cap,"40,43,44,45",39661.82511373463
4,39769.43311705073,53.804001658047525,46.439453125,False,706,refine,static_active_cap,"40,43,44,45",39715.62911539268
3,39841.05415979053,71.62104273980154,33.9873046875,False,707,refine,static_active_cap,"43,44,45",39769.43311705073
4,39951.47660154095,110.4224417504156,467.0625,False,708,warmup,static_active_cap,"41,42,46,47",39841.05415979053
4,40005.280603199,53.804001658047525,46.439453125,False,709,refine,static_active_cap,"41,42,46,47",39951.47660154095
4,40059.084604857046,53.804001658047525,46.439453125,False,710,refine,static_active_cap,"41,42,46,47",40005.280603199
4,40112.888606515095,53.804001658047525,46.439453125,False,711,refine,static_active_cap,"41,42,46,47",40059.084604857046
4,40166.69260817314,53.804001658047525,46.439453125,False,712,refine,static_active_cap,"41,42,46,47",40112.888606515095
4,40220.49660983119,53.804001658047525,46.439453125,False,713,refine,static_active_cap,"41,42,46,47",40166.69260817314
4,40274.30061148924,53.804001658047525,46.439453125,False,714,refine,static_active_cap,"41,42,46,47",40220.49660983119
4,40328.10461314729,53.804001658047525,46.439453125,False,715,refine,static_active_cap,"41,42,46,47",40274.30061148924
4,40381.90861480534,53.804001658047525,46.439453125,False,716,refine,static_active_cap,"41,42,46,47",40328.10461314729
4,40435.71261646339,53.804001658047525,46.439453125,False,717,refine,static_active_cap,"41,42,46,47",40381.90861480534
4,40489.51661812144,53.804001658047525,46.439453125,False,718,refine,static_active_cap,"41,42,46,47",40435.71261646339
2,40537.26397994797,47.74736182653436,22.658203125,False,719,refine,static_active_cap,"46,47",40489.51661812144
4,40647.68642169839,110.4224417504156,467.0625,False,720,warmup,static_active_cap,"48,43,44,45",40537.26397994797
4,40701.49042335644,53.804001658047525,46.439453125,False,721,refine,static_active_cap,"43,44,45,48",40647.68642169839
4,40755.29442501449,53.804001658047525,46.439453125,False,722,refine,static_active_cap,"43,44,45,48",40701.49042335644
4,40809.098426672535,53.804001658047525,46.439453125,False,723,refine,static_active_cap,"43,44,45,48",40755.29442501449
4,40862.902428330584,53.804001658047525,46.439453125,False,724,refine,static_active_cap,"43,44,45,48",40809.098426672535
4,40916.70642998863,53.804001658047525,46.439453125,False,725,refine,static_active_cap,"43,44,45,48",40862.902428330584
4,40970.51043164668,53.804001658047525,46.439453125,False,726,refine,static_active_cap,"43,44,45,48",40916.70642998863
4,41024.31443330473,53.804001658047525,46.439453125,False,727,refine,static_active_cap,"43,44,45,48",40970.51043164668
4,41078.11843496278,53.804001658047525,46.439453125,False,728,refine,static_active_cap,"43,44,45,48",41024.31443330473
4,41131.92243662083,53.804001658047525,46.439453125,False,729,refine,static_active_cap,"43,44,45,48",41078.11843496278
4,41185.72643827888,53.804001658047525,46.439453125,False,730,refine,static_active_cap,"43,44,45,48",41131.92243662083
4,41296.148880029294,110.4224417504156,467.0625,False,731,warmup,static_active_cap,"41,42,46,47",41185.72643827888
5,41363.403882101855,67.2550020725594,58.04931640625,False,732,refine,static_active_cap,"48,41,42,46,47",41296.148880029294
4,41417.207883759904,53.804001658047525,46.439453125,False,733,refine,static_active_cap,"41,42,46,47",41363.403882101855
4,41471.01188541795,53.804001658047525,46.439453125,False,734,refine,static_active_cap,"41,42,46,47",41417.207883759904
4,41524.815887076,53.804001658047525,46.439453125,False,735,refine,static_active_cap,"41,42,46,47",41471.01188541795
4,41578.61988873405,53.804001658047525,46.439453125,False,736,refine,static_active_cap,"41,42,46,47",41524.815887076
4,41632.4238903921,53.804001658047525,46.439453125,False,737,refine,static_active_cap,"41,42,46,47",41578.61988873405
4,41686.22789205015,53.804001658047525,46.439453125,False,738,refine,static_active_cap,"41,42,46,47",41632.4238903921
4,41740.0318937082,53.804001658047525,46.439453125,False,739,refine,static_active_cap,"41,42,46,47",41686.22789205015
4,41793.83589536625,53.804001658047525,46.439453125,False,740,refine,static_active_cap,"41,42,46,47",41740.0318937082
4,41847.639897024295,53.804001658047525,46.439453125,False,741,refine,static_active_cap,"41,42,46,47",41793.83589536625
4,41958.06233877471,110.4224417504156,467.0625,False,742,warmup,static_active_cap,"43,44,45,48",41847.639897024295
4,42011.86634043276,53.804001658047525,46.439453125,False,743,refine,static_active_cap,"43,44,45,48",41958.06233877471
4,42065.67034209081,53.804001658047525,46.439453125,False,744,refine,static_active_cap,"43,44,45,48",42011.86634043276
4,42119.47434374886,53.804001658047525,46.439453125,False,745,refine,static_active_cap,"43,44,45,48",42065.67034209081
4,42173.27834540691,53.804001658047525,46.439453125,False,746,refine,static_active_cap,"43,44,45,48",42119.47434374886
4,42227.082347064956,53.804001658047525,46.439453125,False,747,refine,static_active_cap,"43,44,45,48",42173.27834540691
4,42280.886348723005,53.804001658047525,46.439453125,False,748,refine,static_active_cap,"43,44,45,48",42227.082347064956
4,42334.69035038105,53.804001658047525,46.439453125,False,749,refine,static_active_cap,"43,44,45,48",42280.886348723005
4,42388.4943520391,53.804001658047525,46.439453125,False,750,refine,static_active_cap,"43,44,45,48",42334.69035038105
4,42442.29835369715,53.804001658047525,46.439453125,False,751,refine,static_active_cap,"43,44,45,48",42388.4943520391
4,42496.1023553552,53.804001658047525,46.439453125,False,752,refine,static_active_cap,"43,44,45,48",42442.29835369715
4,42606.524797105616,110.4224417504156,467.0625,False,753,warmup,static_active_cap,"41,42,46,47",42496.1023553552
4,42660.328798763665,53.804001658047525,46.439453125,False,754,refine,static_active_cap,"41,42,46,47",42606.524797105616
4,42714.132800421714,53.804001658047525,46.439453125,False,755,refine,static_active_cap,"41,42,46,47",42660.328798763665
4,42767.93680207976,53.804001658047525,46.439453125,False,756,refine,static_active_cap,"41,42,46,47",42714.132800421714
4,42821.74080373781,53.804001658047525,46.439453125,False,757,refine,static_active_cap,"41,42,46,47",42767.93680207976
4,42875.54480539586,53.804001658047525,46.439453125,False,758,refine,static_active_cap,"41,42,46,47",42821.74080373781
4,42929.34880705391,53.804001658047525,46.439453125,False,759,refine,static_active_cap,"41,42,46,47",42875.54480539586
4,42983.15280871196,53.804001658047525,46.439453125,False,760,refine,static_active_cap,"41,42,46,47",42929.34880705391
4,43036.95681037001,53.804001658047525,46.439453125,False,761,refine,static_active_cap,"41,42,46,47",42983.15280871196
4,43090.76081202806,53.804001658047525,46.439453125,False,762,refine,static_active_cap,"41,42,46,47",43036.95681037001
4,43144.564813686105,53.804001658047525,46.439453125,False,763,refine,static_active_cap,"41,42,46,47",43090.76081202806
4,43254.98725543652,110.4224417504156,467.0625,False,764,warmup,static_active_cap,"43,44,45,48",43144.564813686105
4,43308.79125709457,53.804001658047525,46.439453125,False,765,refine,static_active_cap,"43,44,45,48",43254.98725543652
4,43362.59525875262,53.804001658047525,46.439453125,False,766,refine,static_active_cap,"43,44,45,48",43308.79125709457
4,43416.39926041067,53.804001658047525,46.439453125,False,767,refine,static_active_cap,"43,44,45,48",43362.59525875262
4,43470.20326206872,53.804001658047525,46.439453125,False,768,refine,static_active_cap,"43,44,45,48",43416.39926041067
4,43524.007263726766,53.804001658047525,46.439453125,False,769,refine,static_active_cap,"43,44,45,48",43470.20326206872
4,43577.811265384815,53.804001658047525,46.439453125,False,770,refine,static_active_cap,"43,44,45,48",43524.007263726766
4,43631.615267042864,53.804001658047525,46.439453125,False,771,refine,static_active_cap,"43,44,45,48",43577.811265384815
4,43685.41926870091,53.804001658047525,46.439453125,False,772,refine,static_active_cap,"43,44,45,48",43631.615267042864
4,43739.22327035896,53.804001658047525,46.439453125,False,773,refine,static_active_cap,"43,44,45,48",43685.41926870091
4,43793.02727201701,53.804001658047525,46.439453125,False,774,refine,static_active_cap,"43,44,45,48",43739.22327035896
4,43903.449713767426,110.4224417504156,467.0625,False,775,warmup,static_active_cap,"46,47,49,50",43793.02727201701
4,43957.253715425475,53.804001658047525,46.439453125,False,776,refine,static_active_cap,"46,47,49,50",43903.449713767426
4,44011.057717083524,53.804001658047525,46.439453125,False,777,refine,static_active_cap,"46,47,49,50",43957.253715425475
4,44064.86171874157,53.804001658047525,46.439453125,False,778,refine,static_active_cap,"46,47,49,50",44011.057717083524
4,44118.66572039962,53.804001658047525,46.439453125,False,779,refine,static_active_cap,"46,47,49,50",44064.86171874157
4,44172.46972205767,53.804001658047525,46.439453125,False,780,refine,static_active_cap,"46,47,49,50",44118.66572039962
4,44226.27372371572,53.804001658047525,46.439453125,False,781,refine,static_active_cap,"46,47,49,50",44172.46972205767
4,44280.07772537377,53.804001658047525,46.439453125,False,782,refine,static_active_cap,"46,47,49,50",44226.27372371572
4,44333.88172703182,53.804001658047525,46.439453125,False,783,refine,static_active_cap,"46,47,49,50",44280.07772537377
4,44387.68572868987,53.804001658047525,46.439453125,False,784,refine,static_active_cap,"46,47,49,50",44333.88172703182
4,44441.489730347916,53.804001658047525,46.439453125,False,785,refine,static_active_cap,"46,47,49,50",44387.68572868987
2,44489.23709217445,47.74736182653436,22.658203125,False,786,refine,static_active_cap,"49,50",44441.489730347916
4,44599.65953392487,110.4224417504156,467.0625,False,787,warmup,static_active_cap,"48,51,52,53",44489.23709217445
4,44653.463535582916,53.804001658047525,46.439453125,False,788,refine,static_active_cap,"48,51,52,53",44599.65953392487
4,44707.267537240965,53.804001658047525,46.439453125,False,789,refine,static_active_cap,"48,51,52,53",44653.463535582916
4,44761.071538899014,53.804001658047525,46.439453125,False,790,refine,static_active_cap,"48,51,52,53",44707.267537240965
4,44814.87554055706,53.804001658047525,46.439453125,False,791,refine,static_active_cap,"48,51,52,53",44761.071538899014
4,44868.67954221511,53.804001658047525,46.439453125,False,792,refine,static_active_cap,"48,51,52,53",44814.87554055706
4,44922.48354387316,53.804001658047525,46.439453125,False,793,refine,static_active_cap,"48,51,52,53",44868.67954221511
4,44976.28754553121,53.804001658047525,46.439453125,False,794,refine,static_active_cap,"48,51,52,53",44922.48354387316
4,45030.09154718926,53.804001658047525,46.439453125,False,795,refine,static_active_cap,"48,51,52,53",44976.28754553121
4,45083.89554884731,53.804001658047525,46.439453125,False,796,refine,static_active_cap,"48,51,52,53",45030.09154718926
4,45137.69955050536,53.804001658047525,46.439453125,False,797,refine,static_active_cap,"48,51,52,53",45083.89554884731
3,45209.32059324516,71.62104273980154,33.9873046875,False,798,refine,static_active_cap,"51,52,53",45137.69955050536
4,45319.743034995576,110.4224417504156,467.0625,False,799,warmup,static_active_cap,"49,50,54,51",45209.32059324516
4,45373.547036653625,53.804001658047525,46.439453125,False,800,refine,static_active_cap,"49,50,51,54",45319.743034995576
4,45427.35103831167,53.804001658047525,46.439453125,False,801,refine,static_active_cap,"49,50,51,54",45373.547036653625
4,45481.15503996972,53.804001658047525,46.439453125,False,802,refine,static_active_cap,"49,50,51,54",45427.35103831167
4,45534.95904162777,53.804001658047525,46.439453125,False,803,refine,static_active_cap,"49,50,51,54",45481.15503996972
4,45588.76304328582,53.804001658047525,46.439453125,False,804,refine,static_active_cap,"49,50,51,54",45534.95904162777
4,45642.56704494387,53.804001658047525,46.439453125,False,805,refine,static_active_cap,"49,50,51,54",45588.76304328582
4,45696.37104660192,53.804001658047525,46.439453125,False,806,refine,static_active_cap,"49,50,51,54",45642.56704494387
4,45750.17504825997,53.804001658047525,46.439453125,False,807,refine,static_active_cap,"49,50,51,54",45696.37104660192
4,45803.979049918016,53.804001658047525,46.439453125,False,808,refine,static_active_cap,"49,50,51,54",45750.17504825997
4,45857.783051576065,53.804001658047525,46.439453125,False,809,refine,static_active_cap,"49,50,51,54",45803.979049918016
4,45968.20549332648,110.4224417504156,467.0625,False,810,warmup,static_active_cap,"52,53,49,50",45857.783051576065
5,46035.46049539904,67.2550020725594,58.04931640625,False,811,refine,static_active_cap,"54,49,50,52,53",45968.20549332648
4,46089.26449705709,53.804001658047525,46.439453125,False,812,refine,static_active_cap,"49,50,52,53",46035.46049539904
4,46143.06849871514,53.804001658047525,46.439453125,False,813,refine,static_active_cap,"49,50,52,53",46089.26449705709
4,46196.87250037319,53.804001658047525,46.439453125,False,814,refine,static_active_cap,"49,50,52,53",46143.06849871514
4,46250.67650203124,53.804001658047525,46.439453125,False,815,refine,static_active_cap,"49,50,52,53",46196.87250037319
4,46304.48050368929,53.804001658047525,46.439453125,False,816,refine,static_active_cap,"49,50,52,53",46250.67650203124
4,46358.284505347336,53.804001658047525,46.439453125,False,817,refine,static_active_cap,"49,50,52,53",46304.48050368929
4,46412.088507005385,53.804001658047525,46.439453125,False,818,refine,static_active_cap,"49,50,52,53",46358.284505347336
4,46465.89250866343,53.804001658047525,46.439453125,False,819,refine,static_active_cap,"49,50,52,53",46412.088507005385
4,46519.69651032148,53.804001658047525,46.439453125,False,820,refine,static_active_cap,"49,50,52,53",46465.89250866343
4,46630.1189520719,110.4224417504156,467.0625,False,821,warmup,static_active_cap,"51,55,54,49",46519.69651032148
4,46683.92295372995,53.804001658047525,46.439453125,False,822,refine,static_active_cap,"49,51,54,55",46630.1189520719
4,46737.726955387996,53.804001658047525,46.439453125,False,823,refine,static_active_cap,"49,51,54,55",46683.92295372995
4,46791.530957046045,53.804001658047525,46.439453125,False,824,refine,static_active_cap,"49,51,54,55",46737.726955387996
4,46845.334958704094,53.804001658047525,46.439453125,False,825,refine,static_active_cap,"49,51,54,55",46791.530957046045
4,46899.13896036214,53.804001658047525,46.439453125,False,826,refine,static_active_cap,"49,51,54,55",46845.334958704094
4,46952.94296202019,53.804001658047525,46.439453125,False,827,refine,static_active_cap,"49,51,54,55",46899.13896036214
4,47006.74696367824,53.804001658047525,46.439453125,False,828,refine,static_active_cap,"49,51,54,55",46952.94296202019
4,47060.55096533629,53.804001658047525,46.439453125,False,829,refine,static_active_cap,"49,51,54,55",47006.74696367824
4,47114.35496699434,53.804001658047525,46.439453125,False,830,refine,static_active_cap,"49,51,54,55",47060.55096533629
4,47168.15896865239,53.804001658047525,46.439453125,False,831,refine,static_active_cap,"49,51,54,55",47114.35496699434
4,47278.5814104028,110.4224417504156,467.0625,False,832,warmup,static_active_cap,"50,52,53,56",47168.15896865239
5,47345.836412475364,67.2550020725594,58.04931640625,False,833,refine,static_active_cap,"55,50,52,53,56",47278.5814104028
4,47399.64041413341,53.804001658047525,46.439453125,False,834,refine,static_active_cap,"50,52,53,56",47345.836412475364
4,47453.44441579146,53.804001658047525,46.439453125,False,835,refine,static_active_cap,"50,52,53,56",47399.64041413341
4,47507.24841744951,53.804001658047525,46.439453125,False,836,refine,static_active_cap,"50,52,53,56",47453.44441579146
4,47561.05241910756,53.804001658047525,46.439453125,False,837,refine,static_active_cap,"50,52,53,56",47507.24841744951
4,47614.85642076561,53.804001658047525,46.439453125,False,838,refine,static_active_cap,"50,52,53,56",47561.05241910756
4,47668.66042242366,53.804001658047525,46.439453125,False,839,refine,static_active_cap,"50,52,53,56",47614.85642076561
4,47722.46442408171,53.804001658047525,46.439453125,False,840,refine,static_active_cap,"50,52,53,56",47668.66042242366
4,47776.268425739756,53.804001658047525,46.439453125,False,841,refine,static_active_cap,"50,52,53,56",47722.46442408171
4,47830.072427397805,53.804001658047525,46.439453125,False,842,refine,static_active_cap,"50,52,53,56",47776.268425739756
4,47940.49486914822,110.4224417504156,467.0625,False,843,warmup,static_active_cap,"51,54,57,55",47830.072427397805
5,48007.74987122078,67.2550020725594,58.04931640625,False,844,refine,static_active_cap,"56,51,54,55,57",47940.49486914822
4,48061.55387287883,53.804001658047525,46.439453125,False,845,refine,static_active_cap,"51,54,55,57",48007.74987122078
4,48115.35787453688,53.804001658047525,46.439453125,False,846,refine,static_active_cap,"51,54,55,57",48061.55387287883
4,48169.16187619493,53.804001658047525,46.439453125,False,847,refine,static_active_cap,"51,54,55,57",48115.35787453688
4,48222.96587785298,53.804001658047525,46.439453125,False,848,refine,static_active_cap,"51,54,55,57",48169.16187619493
4,48276.76987951103,53.804001658047525,46.439453125,False,849,refine,static_active_cap,"51,54,55,57",48222.96587785298
4,48330.573881169075,53.804001658047525,46.439453125,False,850,refine,static_active_cap,"51,54,55,57",48276.76987951103
4,48384.377882827124,53.804001658047525,46.439453125,False,851,refine,static_active_cap,"51,54,55,57",48330.573881169075
4,48438.18188448517,53.804001658047525,46.439453125,False,852,refine,static_active_cap,"51,54,55,57",48384.377882827124
4,48491.98588614322,53.804001658047525,46.439453125,False,853,refine,static_active_cap,"51,54,55,57",48438.18188448517
4,48602.40832789364,110.4224417504156,467.0625,False,854,warmup,static_active_cap,"52,53,56,58",48491.98588614322
5,48669.6633299662,67.2550020725594,58.04931640625,False,855,refine,static_active_cap,"57,52,53,56,58",48602.40832789364
4,48723.46733162425,53.804001658047525,46.439453125,False,856,refine,static_active_cap,"52,53,56,58",48669.6633299662
4,48777.2713332823,53.804001658047525,46.439453125,False,857,refine,static_active_cap,"52,53,56,58",48723.46733162425
4,48831.075334940346,53.804001658047525,46.439453125,False,858,refine,static_active_cap,"52,53,56,58",48777.2713332823
4,48884.879336598395,53.804001658047525,46.439453125,False,859,refine,static_active_cap,"52,53,56,58",48831.075334940346
4,48938.683338256444,53.804001658047525,46.439453125,False,860,refine,static_active_cap,"52,53,56,58",48884.879336598395
4,48992.48733991449,53.804001658047525,46.439453125,False,861,refine,static_active_cap,"52,53,56,58",48938.683338256444
4,49046.29134157254,53.804001658047525,46.439453125,False,862,refine,static_active_cap,"52,53,56,58",48992.48733991449
4,49100.09534323059,53.804001658047525,46.439453125,False,863,refine,static_active_cap,"52,53,56,58",49046.29134157254
4,49153.89934488864,53.804001658047525,46.439453125,False,864,refine,static_active_cap,"52,53,56,58",49100.09534323059
4,49264.321786639055,110.4224417504156,467.0625,False,865,warmup,static_active_cap,"54,55,59,57",49153.89934488864
5,49331.576788711616,67.2550020725594,58.04931640625,False,866,refine,static_active_cap,"58,54,55,57,59",49264.321786639055
4,49385.380790369665,53.804001658047525,46.439453125,False,867,refine,static_active_cap,"54,55,57,59",49331.576788711616
4,49439.184792027714,53.804001658047525,46.439453125,False,868,refine,static_active_cap,"54,55,57,59",49385.380790369665
4,49492.98879368576,53.804001658047525,46.439453125,False,869,refine,static_active_cap,"54,55,57,59",49439.184792027714
4,49546.79279534381,53.804001658047525,46.439453125,False,870,refine,static_active_cap,"54,55,57,59",49492.98879368576
4,49600.59679700186,53.804001658047525,46.439453125,False,871,refine,static_active_cap,"54,55,57,59",49546.79279534381
4,49654.40079865991,53.804001658047525,46.439453125,False,872,refine,static_active_cap,"54,55,57,59",49600.59679700186
4,49708.20480031796,53.804001658047525,46.439453125,False,873,refine,static_active_cap,"54,55,57,59",49654.40079865991
4,49762.00880197601,53.804001658047525,46.439453125,False,874,refine,static_active_cap,"54,55,57,59",49708.20480031796
4,49815.81280363406,53.804001658047525,46.439453125,False,875,refine,static_active_cap,"54,55,57,59",49762.00880197601
4,49926.23524538447,110.4224417504156,467.0625,False,876,warmup,static_active_cap,"56,60,58,55",49815.81280363406
5,49993.49024745703,67.2550020725594,58.04931640625,False,877,refine,static_active_cap,"59,55,56,58,60",49926.23524538447
4,50047.29424911508,53.804001658047525,46.439453125,False,878,refine,static_active_cap,"55,56,58,60",49993.49024745703
4,50101.09825077313,53.804001658047525,46.439453125,False,879,refine,static_active_cap,"55,56,58,60",50047.29424911508
4,50154.90225243118,53.804001658047525,46.439453125,False,880,refine,static_active_cap,"55,56,58,60",50101.09825077313
4,50208.70625408923,53.804001658047525,46.439453125,False,881,refine,static_active_cap,"55,56,58,60",50154.90225243118
4,50262.51025574728,53.804001658047525,46.439453125,False,882,refine,static_active_cap,"55,56,58,60",50208.70625408923
4,50316.31425740533,53.804001658047525,46.439453125,False,883,refine,static_active_cap,"55,56,58,60",50262.51025574728
4,50370.118259063376,53.804001658047525,46.439453125,False,884,refine,static_active_cap,"55,56,58,60",50316.31425740533
4,50423.922260721425,53.804001658047525,46.439453125,False,885,refine,static_active_cap,"55,56,58,60",50370.118259063376
4,50477.726262379474,53.804001658047525,46.439453125,False,886,refine,static_active_cap,"55,56,58,60",50423.922260721425
4,50588.14870412989,110.4224417504156,467.0625,False,887,warmup,static_active_cap,"57,59,56,58",50477.726262379474
5,50655.40370620245,67.2550020725594,58.04931640625,False,888,refine,static_active_cap,"60,56,57,58,59",50588.14870412989
4,50709.2077078605,53.804001658047525,46.439453125,False,889,refine,static_active_cap,"56,57,58,59",50655.40370620245
4,50763.01170951855,53.804001658047525,46.439453125,False,890,refine,static_active_cap,"56,57,58,59",50709.2077078605
4,50816.8157111766,53.804001658047525,46.439453125,False,891,refine,static_active_cap,"56,57,58,59",50763.01170951855
4,50870.61971283465,53.804001658047525,46.439453125,False,892,refine,static_active_cap,"56,57,58,59",50816.8157111766
4,50924.423714492696,53.804001658047525,46.439453125,False,893,refine,static_active_cap,"56,57,58,59",50870.61971283465
4,50978.227716150745,53.804001658047525,46.439453125,False,894,refine,static_active_cap,"56,57,58,59",50924.423714492696
4,51032.03171780879,53.804001658047525,46.439453125,False,895,refine,static_active_cap,"56,57,58,59",50978.227716150745
4,51085.83571946684,53.804001658047525,46.439453125,False,896,refine,static_active_cap,"56,57,58,59",51032.03171780879
4,51139.63972112489,53.804001658047525,46.439453125,False,897,refine,static_active_cap,"56,57,58,59",51085.83571946684
4,51250.06216287531,110.4224417504156,467.0625,False,898,warmup,static_active_cap,"60,57,58,59",51139.63972112489
4,51303.866164533356,53.804001658047525,46.439453125,False,899,refine,static_active_cap,"57,58,59,60",51250.06216287531
4,51357.670166191405,53.804001658047525,46.439453125,False,900,refine,static_active_cap,"57,58,59,60",51303.866164533356
4,51411.474167849454,53.804001658047525,46.439453125,False,901,refine,static_active_cap,"57,58,59,60",51357.670166191405
4,51465.2781695075,53.804001658047525,46.439453125,False,902,refine,static_active_cap,"57,58,59,60",51411.474167849454
4,51519.08217116555,53.804001658047525,46.439453125,False,903,refine,static_active_cap,"57,58,59,60",51465.2781695075
4,51572.8861728236,53.804001658047525,46.439453125,False,904,refine,static_active_cap,"57,58,59,60",51519.08217116555
4,51626.69017448165,53.804001658047525,46.439453125,False,905,refine,static_active_cap,"57,58,59,60",51572.8861728236
4,51680.4941761397,53.804001658047525,46.439453125,False,906,refine,static_active_cap,"57,58,59,60",51626.69017448165
4,51734.29817779775,53.804001658047525,46.439453125,False,907,refine,static_active_cap,"57,58,59,60",51680.4941761397
4,51788.1021794558,53.804001658047525,46.439453125,False,908,refine,static_active_cap,"57,58,59,60",51734.29817779775
2,51860.10665595973,72.00447650393471,235.28125,False,909,warmup,static_active_cap,"59,60",51788.1021794558
2,51907.85401778627,47.74736182653436,22.658203125,False,910,refine,static_active_cap,"59,60",51860.10665595973
2,51955.6013796128,47.74736182653436,22.658203125,False,911,refine,static_active_cap,"59,60",51907.85401778627
2,52003.34874143934,47.74736182653436,22.658203125,False,912,refine,static_active_cap,"59,60",51955.6013796128
2,52051.096103265874,47.74736182653436,22.658203125,False,913,refine,static_active_cap,"59,60",52003.34874143934
2,52098.84346509241,47.74736182653436,22.658203125,False,914,refine,static_active_cap,"59,60",52051.096103265874
2,52146.590826918946,47.74736182653436,22.658203125,False,915,refine,static_active_cap,"59,60",52098.84346509241
2,52194.33818874548,47.74736182653436,22.658203125,False,916,refine,static_active_cap,"59,60",52146.590826918946
2,52242.08555057202,47.74736182653436,22.658203125,False,917,refine,static_active_cap,"59,60",52194.33818874548
2,52289.83291239855,47.74736182653436,22.658203125,False,918,refine,static_active_cap,"59,60",52242.08555057202
2,52337.58027422509,47.74736182653436,22.658203125,False,919,refine,static_active_cap,"59,60",52289.83291239855
1,52376.27905496838,38.69878074328881,117.5458984375,False,920,warmup,static_active_cap,60,52337.58027422509
1,52420.83805511565,44.559000147273764,12.220703125,False,921,refine,static_active_cap,60,52376.27905496838
1,52465.397055262925,44.559000147273764,12.220703125,False,922,refine,static_active_cap,60,52420.83805511565
1,52509.9560554102,44.559000147273764,12.220703125,False,923,refine,static_active_cap,60,52465.397055262925
1,52554.51505555747,44.559000147273764,12.220703125,False,924,refine,static_active_cap,60,52509.9560554102
1,52599.07405570475,44.559000147273764,12.220703125,False,925,refine,static_active_cap,60,52554.51505555747
1,52643.63305585202,44.559000147273764,12.220703125,False,926,refine,static_active_cap,60,52599.07405570475
1,52688.192055999294,44.559000147273764,12.220703125,False,927,refine,static_active_cap,60,52643.63305585202
1,52732.75105614657,44.559000147273764,12.220703125,False,928,refine,static_active_cap,60,52688.192055999294
1,52777.31005629384,44.559000147273764,12.220703125,False,929,refine,static_active_cap,60,52732.75105614657
1,52821.869056441115,44.559000147273764,12.220703125,False,930,refine,static_active_cap,60,52777.31005629384
1,53603.8137552877,38.69878074328881,117.5458984375,False,931,warmup,static_active_cap,61,53565.11497454441
1,53648.372755434975,44.559000147273764,12.220703125,False,932,refine,static_active_cap,61,53603.8137552877
1,53692.93175558225,44.559000147273764,12.220703125,False,933,refine,static_active_cap,61,53648.372755434975
1,53737.49075572952,44.559000147273764,12.220703125,False,934,refine,static_active_cap,61,53692.93175558225
1,53782.0497558768,44.559000147273764,12.220703125,False,935,refine,static_active_cap,61,53737.49075572952
1,53826.60875602407,44.559000147273764,12.220703125,False,936,refine,static_active_cap,61,53782.0497558768
1,53871.167756171344,44.559000147273764,12.220703125,False,937,refine,static_active_cap,61,53826.60875602407
1,53915.72675631862,44.559000147273764,12.220703125,False,938,refine,static_active_cap,61,53871.167756171344
1,53960.28575646589,44.559000147273764,12.220703125,False,939,refine,static_active_cap,61,53915.72675631862
1,54004.844756613165,44.559000147273764,12.220703125,False,940,refine,static_active_cap,61,53960.28575646589
1,54049.40375676044,44.559000147273764,12.220703125,False,941,refine,static_active_cap,61,54004.844756613165
1,54093.96275690771,44.559000147273764,12.220703125,False,942,refine,static_active_cap,61,54049.40375676044
1,54132.661537651,38.69878074328881,117.5458984375,False,943,warmup,static_active_cap,61,54093.96275690771
1,54177.220537798275,44.559000147273764,12.220703125,False,944,refine,static_active_cap,61,54132.661537651
1,54221.77953794555,44.559000147273764,12.220703125,False,945,refine,static_active_cap,61,54177.220537798275
1,54266.33853809282,44.559000147273764,12.220703125,False,946,refine,static_active_cap,61,54221.77953794555
1,54310.8975382401,44.559000147273764,12.220703125,False,947,refine,static_active_cap,61,54266.33853809282
1,54355.45653838737,44.559000147273764,12.220703125,False,948,refine,static_active_cap,61,54310.8975382401
1,54400.015538534644,44.559000147273764,12.220703125,False,949,refine,static_active_cap,61,54355.45653838737
1,54444.57453868192,44.559000147273764,12.220703125,False,950,refine,static_active_cap,61,54400.015538534644
1,54489.13353882919,44.559000147273764,12.220703125,False,951,refine,static_active_cap,61,54444.57453868192
1,54533.692538976466,44.559000147273764,12.220703125,False,952,refine,static_active_cap,61,54489.13353882919
1,54578.25153912374,44.559000147273764,12.220703125,False,953,refine,static_active_cap,61,54533.692538976466
1,54616.95031986703,38.69878074328881,117.5458984375,False,954,warmup,static_active_cap,61,54578.25153912374
1,54655.64910061032,38.69878074328881,117.5458984375,False,955,warmup,static_active_cap,62,54616.95031986703
2,54703.39646243685,47.74736182653436,22.658203125,False,956,refine,static_active_cap,"61,62",54655.64910061032
2,54751.14382426339,47.74736182653436,22.658203125,False,957,refine,static_active_cap,"61,62",54703.39646243685
2,54798.891186089924,47.74736182653436,22.658203125,False,958,refine,static_active_cap,"61,62",54751.14382426339
2,54846.63854791646,47.74736182653436,22.658203125,False,959,refine,static_active_cap,"61,62",54798.891186089924
2,54894.385909742996,47.74736182653436,22.658203125,False,960,refine,static_active_cap,"61,62",54846.63854791646
2,54942.13327156953,47.74736182653436,22.658203125,False,961,refine,static_active_cap,"61,62",54894.385909742996
2,54989.88063339607,47.74736182653436,22.658203125,False,962,refine,static_active_cap,"61,62",54942.13327156953
2,55037.6279952226,47.74736182653436,22.658203125,False,963,refine,static_active_cap,"61,62",54989.88063339607
2,55085.37535704914,47.74736182653436,22.658203125,False,964,refine,static_active_cap,"61,62",55037.6279952226
2,55133.122718875675,47.74736182653436,22.658203125,False,965,refine,static_active_cap,"61,62",55085.37535704914
1,55171.82149961896,38.69878074328881,117.5458984375,False,966,warmup,static_active_cap,61,55133.122718875675
2,55219.5688614455,47.74736182653436,22.658203125,False,967,refine,static_active_cap,"62,61",55171.82149961896
1,55258.26764218879,38.69878074328881,117.5458984375,False,968,warmup,static_active_cap,62,55219.5688614455
2,55306.015004015324,47.74736182653436,22.658203125,False,969,refine,static_active_cap,"61,62",55258.26764218879
2,55353.76236584186,47.74736182653436,22.658203125,False,970,refine,static_active_cap,"61,62",55306.015004015324
2,55401.509727668395,47.74736182653436,22.658203125,False,971,refine,static_active_cap,"61,62",55353.76236584186
2,55449.25708949493,47.74736182653436,22.658203125,False,972,refine,static_active_cap,"61,62",55401.509727668395
2,55497.00445132147,47.74736182653436,22.658203125,False,973,refine,static_active_cap,"61,62",55449.25708949493
2,55544.751813148,47.74736182653436,22.658203125,False,974,refine,static_active_cap,"61,62",55497.00445132147
2,55592.49917497454,47.74736182653436,22.658203125,False,975,refine,static_active_cap,"61,62",55544.751813148
2,55640.246536801074,47.74736182653436,22.658203125,False,976,refine,static_active_cap,"61,62",55592.49917497454
2,55687.99389862761,47.74736182653436,22.658203125,False,977,refine,static_active_cap,"61,62",55640.246536801074
1,55726.6926793709,38.69878074328881,117.5458984375,False,978,warmup,static_active_cap,63,55687.99389862761
2,55774.440041197435,47.74736182653436,22.658203125,False,979,refine,static_active_cap,"62,63",55726.6926793709
1,55813.13882194072,38.69878074328881,117.5458984375,False,980,warmup,static_active_cap,62,55774.440041197435
2,55860.88618376726,47.74736182653436,22.658203125,False,981,refine,static_active_cap,"63,62",55813.13882194072
2,55908.633545593795,47.74736182653436,22.658203125,False,982,refine,static_active_cap,"62,63",55860.88618376726
2,55956.38090742033,47.74736182653436,22.658203125,False,983,refine,static_active_cap,"62,63",55908.633545593795
2,56004.12826924687,47.74736182653436,22.658203125,False,984,refine,static_active_cap,"62,63",55956.38090742033
2,56051.8756310734,47.74736182653436,22.658203125,False,985,refine,static_active_cap,"62,63",56004.12826924687
2,56099.62299289994,47.74736182653436,22.658203125,False,986,refine,static_active_cap,"62,63",56051.8756310734
2,56147.370354726474,47.74736182653436,22.658203125,False,987,refine,static_active_cap,"62,63",56099.62299289994
2,56195.11771655301,47.74736182653436,22.658203125,False,988,refine,static_active_cap,"62,63",56147.370354726474
2,56242.865078379546,47.74736182653436,22.658203125,False,989,refine,static_active_cap,"62,63",56195.11771655301
2,56290.61244020608,47.74736182653436,22.658203125,False,990,refine,static_active_cap,"62,63",56242.865078379546
2,56362.616916710016,72.00447650393471,235.28125,False,991,warmup,static_active_cap,"62,63",56290.61244020608
2,56410.36427853655,47.74736182653436,22.658203125,False,992,refine,static_active_cap,"62,63",56362.616916710016
2,56458.11164036309,47.74736182653436,22.658203125,False,993,refine,static_active_cap,"62,63",56410.36427853655
2,56505.85900218962,47.74736182653436,22.658203125,False,994,refine,static_active_cap,"62,63",56458.11164036309
2,56553.60636401616,47.74736182653436,22.658203125,False,995,refine,static_active_cap,"62,63",56505.85900218962
2,56601.353725842695,47.74736182653436,22.658203125,False,996,refine,static_active_cap,"62,63",56553.60636401616
2,56649.10108766923,47.74736182653436,22.658203125,False,997,refine,static_active_cap,"62,63",56601.353725842695
2,56696.84844949577,47.74736182653436,22.658203125,False,998,refine,static_active_cap,"62,63",56649.10108766923
2,56744.5958113223,47.74736182653436,22.658203125,False,999,refine,static_active_cap,"62,63",56696.84844949577
2,56792.34317314884,47.74736182653436,22.658203125,False,1000,refine,static_active_cap,"62,63",56744.5958113223
2,56840.090534975374,47.74736182653436,22.658203125,False,1001,refine,static_active_cap,"62,63",56792.34317314884
1,56878.78931571866,38.69878074328881,117.5458984375,False,1002,warmup,static_active_cap,63,56840.090534975374
1,56923.34831586594,44.559000147273764,12.220703125,False,1003,refine,static_active_cap,63,56878.78931571866
1,56967.90731601321,44.559000147273764,12.220703125,False,1004,refine,static_active_cap,63,56923.34831586594
1,57012.466316160484,44.559000147273764,12.220703125,False,1005,refine,static_active_cap,63,56967.90731601321
1,57057.02531630776,44.559000147273764,12.220703125,False,1006,refine,static_active_cap,63,57012.466316160484
1,57101.58431645503,44.559000147273764,12.220703125,False,1007,refine,static_active_cap,63,57057.02531630776
1,57146.143316602305,44.559000147273764,12.220703125,False,1008,refine,static_active_cap,63,57101.58431645503
1,57190.70231674958,44.559000147273764,12.220703125,False,1009,refine,static_active_cap,63,57146.143316602305
1,57235.26131689685,44.559000147273764,12.220703125,False,1010,refine,static_active_cap,63,57190.70231674958
1,57279.82031704413,44.559000147273764,12.220703125,False,1011,refine,static_active_cap,63,57235.26131689685
1,57324.3793171914,44.559000147273764,12.220703125,False,1012,refine,static_active_cap,63,57279.82031704413
1,57363.07809793469,38.69878074328881,117.5458984375,False,1013,warmup,static_active_cap,63,57324.3793171914
1,57407.63709808196,44.559000147273764,12.220703125,False,1014,refine,static_active_cap,63,57363.07809793469
1,57452.19609822924,44.559000147273764,12.220703125,False,1015,refine,static_active_cap,63,57407.63709808196
1,57496.75509837651,44.559000147273764,12.220703125,False,1016,refine,static_active_cap,63,57452.19609822924
1,57541.314098523784,44.559000147273764,12.220703125,False,1017,refine,static_active_cap,63,57496.75509837651
1,57585.87309867106,44.559000147273764,12.220703125,False,1018,refine,static_active_cap,63,57541.314098523784
1,57630.43209881833,44.559000147273764,12.220703125,False,1019,refine,static_active_cap,63,57585.87309867106
1,57674.991098965605,44.559000147273764,12.220703125,False,1020,refine,static_active_cap,63,57630.43209881833
1,57719.55009911288,44.559000147273764,12.220703125,False,1021,refine,static_active_cap,63,57674.991098965605
1,57764.10909926015,44.559000147273764,12.220703125,False,1022,refine,static_active_cap,63,57719.55009911288
1,57808.66809940743,44.559000147273764,12.220703125,False,1023,refine,static_active_cap,63,57764.10909926015
1,38.69878074328881,38.69878074328881,117.5458984375,False,0,warmup,current_memory_admission,0,0.0
1,83.25778089056257,44.559000147273764,12.220703125,False,1,refine,current_memory_admission,0,38.69878074328881
1,127.81678103783634,44.559000147273764,12.220703125,False,2,refine,current_memory_admission,0,83.25778089056257
1,172.3757811851101,44.559000147273764,12.220703125,False,3,refine,current_memory_admission,0,127.81678103783634
1,216.93478133238386,44.559000147273764,12.220703125,False,4,refine,current_memory_admission,0,172.3757811851101
1,261.4937814796576,44.559000147273764,12.220703125,False,5,refine,current_memory_admission,0,216.93478133238386
1,306.0527816269314,44.559000147273764,12.220703125,False,6,refine,current_memory_admission,0,261.4937814796576
1,350.61178177420516,44.559000147273764,12.220703125,False,7,refine,current_memory_admission,0,306.0527816269314
1,395.1707819214789,44.559000147273764,12.220703125,False,8,refine,current_memory_admission,0,350.61178177420516
1,439.7297820687527,44.559000147273764,12.220703125,False,9,refine,current_memory_admission,0,395.1707819214789
1,484.28878221602645,44.559000147273764,12.220703125,False,10,refine,current_memory_admission,0,439.7297820687527
1,528.8477823633002,44.559000147273764,12.220703125,False,11,refine,current_memory_admission,0,484.28878221602645
1,567.546563106589,38.69878074328881,117.5458984375,False,12,warmup,current_memory_admission,0,528.8477823633002
1,612.1055632538628,44.559000147273764,12.220703125,False,13,refine,current_memory_admission,0,567.546563106589
1,656.6645634011365,44.559000147273764,12.220703125,False,14,refine,current_memory_admission,0,612.1055632538628
1,701.2235635484103,44.559000147273764,12.220703125,False,15,refine,current_memory_admission,0,656.6645634011365
1,745.7825636956841,44.559000147273764,12.220703125,False,16,refine,current_memory_admission,0,701.2235635484103
1,790.3415638429578,44.559000147273764,12.220703125,False,17,refine,current_memory_admission,0,745.7825636956841
1,834.9005639902316,44.559000147273764,12.220703125,False,18,refine,current_memory_admission,0,790.3415638429578
1,879.4595641375054,44.559000147273764,12.220703125,False,19,refine,current_memory_admission,0,834.9005639902316
1,924.0185642847791,44.559000147273764,12.220703125,False,20,refine,current_memory_admission,0,879.4595641375054
1,968.5775644320529,44.559000147273764,12.220703125,False,21,refine,current_memory_admission,0,924.0185642847791
1,1013.1365645793267,44.559000147273764,12.220703125,False,22,refine,current_memory_admission,0,968.5775644320529
1,1051.8353453226155,38.69878074328881,117.5458984375,False,23,warmup,current_memory_admission,0,1013.1365645793267
2,1123.8398218265502,72.00447650393471,235.28125,False,24,warmup,current_memory_admission,"1,2",1051.8353453226155
3,1195.4608645663518,71.62104273980154,33.9873046875,False,25,refine,current_memory_admission,"0,1,2",1123.8398218265502
3,1267.0819073061534,71.62104273980154,33.9873046875,False,26,refine,current_memory_admission,"0,1,2",1195.4608645663518
3,1338.702950045955,71.62104273980154,33.9873046875,False,27,refine,current_memory_admission,"0,1,2",1267.0819073061534
3,1410.3239927857567,71.62104273980154,33.9873046875,False,28,refine,current_memory_admission,"0,1,2",1338.702950045955
3,1481.9450355255583,71.62104273980154,33.9873046875,False,29,refine,current_memory_admission,"0,1,2",1410.3239927857567
3,1553.56607826536,71.62104273980154,33.9873046875,False,30,refine,current_memory_admission,"0,1,2",1481.9450355255583
3,1625.1871210051615,71.62104273980154,33.9873046875,False,31,refine,current_memory_admission,"0,1,2",1553.56607826536
3,1696.8081637449632,71.62104273980154,33.9873046875,False,32,refine,current_memory_admission,"0,1,2",1625.1871210051615
3,1768.4292064847648,71.62104273980154,33.9873046875,False,33,refine,current_memory_admission,"0,1,2",1696.8081637449632
3,1840.0502492245664,71.62104273980154,33.9873046875,False,34,refine,current_memory_admission,"0,1,2",1768.4292064847648
2,1887.7976110511008,47.74736182653436,22.658203125,False,35,refine,current_memory_admission,"1,2",1840.0502492245664
4,1998.2200528015164,110.4224417504156,467.0625,False,36,warmup,current_memory_admission,"3,4,0,1",1887.7976110511008
4,2052.024054459564,53.804001658047525,46.439453125,False,37,refine,current_memory_admission,"0,1,3,4",1998.2200528015164
4,2105.8280561176116,53.804001658047525,46.439453125,False,38,refine,current_memory_admission,"0,1,3,4",2052.024054459564
4,2159.632057775659,53.804001658047525,46.439453125,False,39,refine,current_memory_admission,"0,1,3,4",2105.8280561176116
4,2213.4360594337068,53.804001658047525,46.439453125,False,40,refine,current_memory_admission,"0,1,3,4",2159.632057775659
4,2267.2400610917543,53.804001658047525,46.439453125,False,41,refine,current_memory_admission,"0,1,3,4",2213.4360594337068
4,2321.044062749802,53.804001658047525,46.439453125,False,42,refine,current_memory_admission,"0,1,3,4",2267.2400610917543
4,2374.8480644078495,53.804001658047525,46.439453125,False,43,refine,current_memory_admission,"0,1,3,4",2321.044062749802
4,2428.652066065897,53.804001658047525,46.439453125,False,44,refine,current_memory_admission,"0,1,3,4",2374.8480644078495
4,2482.4560677239447,53.804001658047525,46.439453125,False,45,refine,current_memory_admission,"0,1,3,4",2428.652066065897
4,2536.2600693819923,53.804001658047525,46.439453125,False,46,refine,current_memory_admission,"0,1,3,4",2482.4560677239447
2,2584.0074312085267,47.74736182653436,22.658203125,False,47,refine,current_memory_admission,"3,4",2536.2600693819923
4,2694.4298729589423,110.4224417504156,467.0625,False,48,warmup,current_memory_admission,"2,1,3,4",2584.0074312085267
4,2748.23387461699,53.804001658047525,46.439453125,False,49,refine,current_memory_admission,"1,2,3,4",2694.4298729589423
4,2802.0378762750374,53.804001658047525,46.439453125,False,50,refine,current_memory_admission,"1,2,3,4",2748.23387461699
4,2855.841877933085,53.804001658047525,46.439453125,False,51,refine,current_memory_admission,"1,2,3,4",2802.0378762750374
4,2909.6458795911326,53.804001658047525,46.439453125,False,52,refine,current_memory_admission,"1,2,3,4",2855.841877933085
4,2963.44988124918,53.804001658047525,46.439453125,False,53,refine,current_memory_admission,"1,2,3,4",2909.6458795911326
4,3017.2538829072278,53.804001658047525,46.439453125,False,54,refine,current_memory_admission,"1,2,3,4",2963.44988124918
4,3071.0578845652753,53.804001658047525,46.439453125,False,55,refine,current_memory_admission,"1,2,3,4",3017.2538829072278
4,3124.861886223323,53.804001658047525,46.439453125,False,56,refine,current_memory_admission,"1,2,3,4",3071.0578845652753
4,3178.6658878813705,53.804001658047525,46.439453125,False,57,refine,current_memory_admission,"1,2,3,4",3124.861886223323
4,3232.469889539418,53.804001658047525,46.439453125,False,58,refine,current_memory_admission,"1,2,3,4",3178.6658878813705
4,3342.8923312898337,110.4224417504156,467.0625,False,59,warmup,current_memory_admission,"5,1,2,3",3232.469889539418
4,3396.6963329478813,53.804001658047525,46.439453125,False,60,refine,current_memory_admission,"1,2,3,5",3342.8923312898337
4,3450.500334605929,53.804001658047525,46.439453125,False,61,refine,current_memory_admission,"1,2,3,5",3396.6963329478813
4,3504.3043362639764,53.804001658047525,46.439453125,False,62,refine,current_memory_admission,"1,2,3,5",3450.500334605929
4,3558.108337922024,53.804001658047525,46.439453125,False,63,refine,current_memory_admission,"1,2,3,5",3504.3043362639764
4,3611.9123395800716,53.804001658047525,46.439453125,False,64,refine,current_memory_admission,"1,2,3,5",3558.108337922024
4,3665.716341238119,53.804001658047525,46.439453125,False,65,refine,current_memory_admission,"1,2,3,5",3611.9123395800716
4,3719.5203428961668,53.804001658047525,46.439453125,False,66,refine,current_memory_admission,"1,2,3,5",3665.716341238119
4,3773.3243445542143,53.804001658047525,46.439453125,False,67,refine,current_memory_admission,"1,2,3,5",3719.5203428961668
4,3827.128346212262,53.804001658047525,46.439453125,False,68,refine,current_memory_admission,"1,2,3,5",3773.3243445542143
4,3880.9323478703095,53.804001658047525,46.439453125,False,69,refine,current_memory_admission,"1,2,3,5",3827.128346212262
3,3988.9390626262116,108.00671475590207,352.921875,False,70,warmup,current_memory_admission,"4,2,3",3880.9323478703095
4,4042.743064284259,53.804001658047525,46.439453125,False,71,refine,current_memory_admission,"5,2,3,4",3988.9390626262116
3,4114.364107024061,71.62104273980154,33.9873046875,False,72,refine,current_memory_admission,"2,3,4",4042.743064284259
3,4185.985149763863,71.62104273980154,33.9873046875,False,73,refine,current_memory_admission,"2,3,4",4114.364107024061
3,4257.606192503665,71.62104273980154,33.9873046875,False,74,refine,current_memory_admission,"2,3,4",4185.985149763863
3,4329.227235243467,71.62104273980154,33.9873046875,False,75,refine,current_memory_admission,"2,3,4",4257.606192503665
3,4400.848277983268,71.62104273980154,33.9873046875,False,76,refine,current_memory_admission,"2,3,4",4329.227235243467
3,4472.46932072307,71.62104273980154,33.9873046875,False,77,refine,current_memory_admission,"2,3,4",4400.848277983268
3,4544.090363462872,71.62104273980154,33.9873046875,False,78,refine,current_memory_admission,"2,3,4",4472.46932072307
3,4615.711406202674,71.62104273980154,33.9873046875,False,79,refine,current_memory_admission,"2,3,4",4544.090363462872
3,4687.332448942476,71.62104273980154,33.9873046875,False,80,refine,current_memory_admission,"2,3,4",4615.711406202674
3,4795.339163698378,108.00671475590207,352.921875,False,81,warmup,current_memory_admission,"5,6,4",4687.332448942476
3,4866.96020643818,71.62104273980154,33.9873046875,False,82,refine,current_memory_admission,"4,5,6",4795.339163698378
3,4938.581249177982,71.62104273980154,33.9873046875,False,83,refine,current_memory_admission,"4,5,6",4866.96020643818
3,5010.202291917783,71.62104273980154,33.9873046875,False,84,refine,current_memory_admission,"4,5,6",4938.581249177982
3,5081.823334657585,71.62104273980154,33.9873046875,False,85,refine,current_memory_admission,"4,5,6",5010.202291917783
3,5153.444377397387,71.62104273980154,33.9873046875,False,86,refine,current_memory_admission,"4,5,6",5081.823334657585
3,5225.065420137189,71.62104273980154,33.9873046875,False,87,refine,current_memory_admission,"4,5,6",5153.444377397387
3,5296.686462876991,71.62104273980154,33.9873046875,False,88,refine,current_memory_admission,"4,5,6",5225.065420137189
3,5368.307505616793,71.62104273980154,33.9873046875,False,89,refine,current_memory_admission,"4,5,6",5296.686462876991
3,5439.928548356595,71.62104273980154,33.9873046875,False,90,refine,current_memory_admission,"4,5,6",5368.307505616793
3,5511.549591096396,71.62104273980154,33.9873046875,False,91,refine,current_memory_admission,"4,5,6",5439.928548356595
1,5550.248371839685,38.69878074328881,117.5458984375,False,92,warmup,current_memory_admission,5,5511.549591096396
2,5597.995733666219,47.74736182653436,22.658203125,False,93,refine,current_memory_admission,"6,5",5550.248371839685
1,5636.694514409508,38.69878074328881,117.5458984375,False,94,warmup,current_memory_admission,6,5597.995733666219
2,5684.441876236042,47.74736182653436,22.658203125,False,95,refine,current_memory_admission,"5,6",5636.694514409508
2,5732.189238062576,47.74736182653436,22.658203125,False,96,refine,current_memory_admission,"5,6",5684.441876236042
2,5779.93659988911,47.74736182653436,22.658203125,False,97,refine,current_memory_admission,"5,6",5732.189238062576
2,5827.683961715644,47.74736182653436,22.658203125,False,98,refine,current_memory_admission,"5,6",5779.93659988911
2,5875.431323542178,47.74736182653436,22.658203125,False,99,refine,current_memory_admission,"5,6",5827.683961715644
2,5923.178685368712,47.74736182653436,22.658203125,False,100,refine,current_memory_admission,"5,6",5875.431323542178
2,5970.926047195246,47.74736182653436,22.658203125,False,101,refine,current_memory_admission,"5,6",5923.178685368712
2,6018.67340902178,47.74736182653436,22.658203125,False,102,refine,current_memory_admission,"5,6",5970.926047195246
2,6066.420770848314,47.74736182653436,22.658203125,False,103,refine,current_memory_admission,"5,6",6018.67340902178
1,6105.119551591602,38.69878074328881,117.5458984375,False,104,warmup,current_memory_admission,5,6066.420770848314
2,6152.866913418136,47.74736182653436,22.658203125,False,105,refine,current_memory_admission,"6,5",6105.119551591602
1,6191.565694161425,38.69878074328881,117.5458984375,False,106,warmup,current_memory_admission,6,6152.866913418136
2,6239.313055987959,47.74736182653436,22.658203125,False,107,refine,current_memory_admission,"5,6",6191.565694161425
2,6287.060417814493,47.74736182653436,22.658203125,False,108,refine,current_memory_admission,"5,6",6239.313055987959
2,6334.807779641027,47.74736182653436,22.658203125,False,109,refine,current_memory_admission,"5,6",6287.060417814493
2,6382.555141467561,47.74736182653436,22.658203125,False,110,refine,current_memory_admission,"5,6",6334.807779641027
2,6430.302503294095,47.74736182653436,22.658203125,False,111,refine,current_memory_admission,"5,6",6382.555141467561
2,6478.049865120629,47.74736182653436,22.658203125,False,112,refine,current_memory_admission,"5,6",6430.302503294095
2,6525.797226947163,47.74736182653436,22.658203125,False,113,refine,current_memory_admission,"5,6",6478.049865120629
2,6573.544588773697,47.74736182653436,22.658203125,False,114,refine,current_memory_admission,"5,6",6525.797226947163
2,6621.291950600231,47.74736182653436,22.658203125,False,115,refine,current_memory_admission,"5,6",6573.544588773697
2,6693.296427104166,72.00447650393471,235.28125,False,116,warmup,current_memory_admission,"7,8",6621.291950600231
3,6764.917469843967,71.62104273980154,33.9873046875,False,117,refine,current_memory_admission,"6,7,8",6693.296427104166
2,6812.664831670501,47.74736182653436,22.658203125,False,118,refine,current_memory_admission,"7,8",6764.917469843967
2,6860.412193497035,47.74736182653436,22.658203125,False,119,refine,current_memory_admission,"7,8",6812.664831670501
2,6908.159555323569,47.74736182653436,22.658203125,False,120,refine,current_memory_admission,"7,8",6860.412193497035
2,6955.906917150103,47.74736182653436,22.658203125,False,121,refine,current_memory_admission,"7,8",6908.159555323569
2,7003.654278976637,47.74736182653436,22.658203125,False,122,refine,current_memory_admission,"7,8",6955.906917150103
2,7051.401640803171,47.74736182653436,22.658203125,False,123,refine,current_memory_admission,"7,8",7003.654278976637
2,7099.149002629705,47.74736182653436,22.658203125,False,124,refine,current_memory_admission,"7,8",7051.401640803171
2,7146.896364456239,47.74736182653436,22.658203125,False,125,refine,current_memory_admission,"7,8",7099.149002629705
2,7194.643726282773,47.74736182653436,22.658203125,False,126,refine,current_memory_admission,"7,8",7146.896364456239
2,7242.391088109307,47.74736182653436,22.658203125,False,127,refine,current_memory_admission,"7,8",7194.643726282773
4,7352.813529859723,110.4224417504156,467.0625,False,128,warmup,current_memory_admission,"6,9,10,7",7242.391088109307
4,7406.61753151777,53.804001658047525,46.439453125,False,129,refine,current_memory_admission,"6,7,9,10",7352.813529859723
4,7460.421533175817,53.804001658047525,46.439453125,False,130,refine,current_memory_admission,"6,7,9,10",7406.61753151777
4,7514.225534833864,53.804001658047525,46.439453125,False,131,refine,current_memory_admission,"6,7,9,10",7460.421533175817
4,7568.029536491911,53.804001658047525,46.439453125,False,132,refine,current_memory_admission,"6,7,9,10",7514.225534833864
4,7621.833538149958,53.804001658047525,46.439453125,False,133,refine,current_memory_admission,"6,7,9,10",7568.029536491911
4,7675.637539808005,53.804001658047525,46.439453125,False,134,refine,current_memory_admission,"6,7,9,10",7621.833538149958
4,7729.4415414660525,53.804001658047525,46.439453125,False,135,refine,current_memory_admission,"6,7,9,10",7675.637539808005
4,7783.2455431241,53.804001658047525,46.439453125,False,136,refine,current_memory_admission,"6,7,9,10",7729.4415414660525
4,7837.049544782147,53.804001658047525,46.439453125,False,137,refine,current_memory_admission,"6,7,9,10",7783.2455431241
4,7890.853546440194,53.804001658047525,46.439453125,False,138,refine,current_memory_admission,"6,7,9,10",7837.049544782147
2,7938.600908266728,47.74736182653436,22.658203125,False,139,refine,current_memory_admission,"9,10",7890.853546440194
4,8049.0233500171435,110.4224417504156,467.0625,False,140,warmup,current_memory_admission,"8,11,7,9",7938.600908266728
4,8102.827351675191,53.804001658047525,46.439453125,False,141,refine,current_memory_admission,"7,8,9,11",8049.0233500171435
4,8156.631353333238,53.804001658047525,46.439453125,False,142,refine,current_memory_admission,"7,8,9,11",8102.827351675191
4,8210.435354991285,53.804001658047525,46.439453125,False,143,refine,current_memory_admission,"7,8,9,11",8156.631353333238
4,8264.239356649332,53.804001658047525,46.439453125,False,144,refine,current_memory_admission,"7,8,9,11",8210.435354991285
4,8318.04335830738,53.804001658047525,46.439453125,False,145,refine,current_memory_admission,"7,8,9,11",8264.239356649332
4,8371.847359965426,53.804001658047525,46.439453125,False,146,refine,current_memory_admission,"7,8,9,11",8318.04335830738
4,8425.651361623473,53.804001658047525,46.439453125,False,147,refine,current_memory_admission,"7,8,9,11",8371.847359965426
4,8479.45536328152,53.804001658047525,46.439453125,False,148,refine,current_memory_admission,"7,8,9,11",8425.651361623473
4,8533.259364939568,53.804001658047525,46.439453125,False,149,refine,current_memory_admission,"7,8,9,11",8479.45536328152
4,8587.063366597615,53.804001658047525,46.439453125,False,150,refine,current_memory_admission,"7,8,9,11",8533.259364939568
4,8697.48580834803,110.4224417504156,467.0625,False,151,warmup,current_memory_admission,"10,12,13,14",8587.063366597615
5,8764.74081042059,67.2550020725594,58.04931640625,False,152,refine,current_memory_admission,"11,10,12,13,14",8697.48580834803
4,8818.544812078637,53.804001658047525,46.439453125,False,153,refine,current_memory_admission,"10,12,13,14",8764.74081042059
4,8872.348813736684,53.804001658047525,46.439453125,False,154,refine,current_memory_admission,"10,12,13,14",8818.544812078637
4,8926.152815394731,53.804001658047525,46.439453125,False,155,refine,current_memory_admission,"10,12,13,14",8872.348813736684
4,8979.956817052778,53.804001658047525,46.439453125,False,156,refine,current_memory_admission,"10,12,13,14",8926.152815394731
4,9033.760818710825,53.804001658047525,46.439453125,False,157,refine,current_memory_admission,"10,12,13,14",8979.956817052778
4,9087.564820368872,53.804001658047525,46.439453125,False,158,refine,current_memory_admission,"10,12,13,14",9033.760818710825
4,9141.36882202692,53.804001658047525,46.439453125,False,159,refine,current_memory_admission,"10,12,13,14",9087.564820368872
4,9195.172823684967,53.804001658047525,46.439453125,False,160,refine,current_memory_admission,"10,12,13,14",9141.36882202692
4,9248.976825343014,53.804001658047525,46.439453125,False,161,refine,current_memory_admission,"10,12,13,14",9195.172823684967
3,9320.597868082816,71.62104273980154,33.9873046875,False,162,refine,current_memory_admission,"12,13,14",9248.976825343014
4,9431.020309833231,110.4224417504156,467.0625,False,163,warmup,current_memory_admission,"7,8,9,11",9320.597868082816
4,9484.824311491278,53.804001658047525,46.439453125,False,164,refine,current_memory_admission,"7,8,9,11",9431.020309833231
4,9538.628313149326,53.804001658047525,46.439453125,False,165,refine,current_memory_admission,"7,8,9,11",9484.824311491278
4,9592.432314807373,53.804001658047525,46.439453125,False,166,refine,current_memory_admission,"7,8,9,11",9538.628313149326
4,9646.23631646542,53.804001658047525,46.439453125,False,167,refine,current_memory_admission,"7,8,9,11",9592.432314807373
4,9700.040318123467,53.804001658047525,46.439453125,False,168,refine,current_memory_admission,"7,8,9,11",9646.23631646542
4,9753.844319781514,53.804001658047525,46.439453125,False,169,refine,current_memory_admission,"7,8,9,11",9700.040318123467
4,9807.648321439561,53.804001658047525,46.439453125,False,170,refine,current_memory_admission,"7,8,9,11",9753.844319781514
4,9861.452323097608,53.804001658047525,46.439453125,False,171,refine,current_memory_admission,"7,8,9,11",9807.648321439561
4,9915.256324755655,53.804001658047525,46.439453125,False,172,refine,current_memory_admission,"7,8,9,11",9861.452323097608
4,9969.060326413703,53.804001658047525,46.439453125,False,173,refine,current_memory_admission,"7,8,9,11",9915.256324755655
4,10079.482768164118,110.4224417504156,467.0625,False,174,warmup,current_memory_admission,"10,12,13,14",9969.060326413703
4,10133.286769822165,53.804001658047525,46.439453125,False,175,refine,current_memory_admission,"10,12,13,14",10079.482768164118
4,10187.090771480212,53.804001658047525,46.439453125,False,176,refine,current_memory_admission,"10,12,13,14",10133.286769822165
4,10240.89477313826,53.804001658047525,46.439453125,False,177,refine,current_memory_admission,"10,12,13,14",10187.090771480212
4,10294.698774796307,53.804001658047525,46.439453125,False,178,refine,current_memory_admission,"10,12,13,14",10240.89477313826
4,10348.502776454354,53.804001658047525,46.439453125,False,179,refine,current_memory_admission,"10,12,13,14",10294.698774796307
4,10402.306778112401,53.804001658047525,46.439453125,False,180,refine,current_memory_admission,"10,12,13,14",10348.502776454354
4,10456.110779770448,53.804001658047525,46.439453125,False,181,refine,current_memory_admission,"10,12,13,14",10402.306778112401
4,10509.914781428495,53.804001658047525,46.439453125,False,182,refine,current_memory_admission,"10,12,13,14",10456.110779770448
4,10563.718783086542,53.804001658047525,46.439453125,False,183,refine,current_memory_admission,"10,12,13,14",10509.914781428495
4,10617.52278474459,53.804001658047525,46.439453125,False,184,refine,current_memory_admission,"10,12,13,14",10563.718783086542
4,10727.945226495005,110.4224417504156,467.0625,False,185,warmup,current_memory_admission,"8,9,11,15",10617.52278474459
4,10781.749228153052,53.804001658047525,46.439453125,False,186,refine,current_memory_admission,"8,9,11,15",10727.945226495005
4,10835.5532298111,53.804001658047525,46.439453125,False,187,refine,current_memory_admission,"8,9,11,15",10781.749228153052
4,10889.357231469146,53.804001658047525,46.439453125,False,188,refine,current_memory_admission,"8,9,11,15",10835.5532298111
4,10943.161233127194,53.804001658047525,46.439453125,False,189,refine,current_memory_admission,"8,9,11,15",10889.357231469146
4,10996.96523478524,53.804001658047525,46.439453125,False,190,refine,current_memory_admission,"8,9,11,15",10943.161233127194
4,11050.769236443288,53.804001658047525,46.439453125,False,191,refine,current_memory_admission,"8,9,11,15",10996.96523478524
4,11104.573238101335,53.804001658047525,46.439453125,False,192,refine,current_memory_admission,"8,9,11,15",11050.769236443288
4,11158.377239759382,53.804001658047525,46.439453125,False,193,refine,current_memory_admission,"8,9,11,15",11104.573238101335
4,11212.18124141743,53.804001658047525,46.439453125,False,194,refine,current_memory_admission,"8,9,11,15",11158.377239759382
4,11265.985243075476,53.804001658047525,46.439453125,False,195,refine,current_memory_admission,"8,9,11,15",11212.18124141743
4,11376.407684825892,110.4224417504156,467.0625,False,196,warmup,current_memory_admission,"10,12,13,14",11265.985243075476
5,11443.662686898451,67.2550020725594,58.04931640625,False,197,refine,current_memory_admission,"15,10,12,13,14",11376.407684825892
4,11497.466688556498,53.804001658047525,46.439453125,False,198,refine,current_memory_admission,"10,12,13,14",11443.662686898451
4,11551.270690214546,53.804001658047525,46.439453125,False,199,refine,current_memory_admission,"10,12,13,14",11497.466688556498
4,11605.074691872593,53.804001658047525,46.439453125,False,200,refine,current_memory_admission,"10,12,13,14",11551.270690214546
4,11658.87869353064,53.804001658047525,46.439453125,False,201,refine,current_memory_admission,"10,12,13,14",11605.074691872593
4,11712.682695188687,53.804001658047525,46.439453125,False,202,refine,current_memory_admission,"10,12,13,14",11658.87869353064
4,11766.486696846734,53.804001658047525,46.439453125,False,203,refine,current_memory_admission,"10,12,13,14",11712.682695188687
4,11820.290698504781,53.804001658047525,46.439453125,False,204,refine,current_memory_admission,"10,12,13,14",11766.486696846734
4,11874.094700162828,53.804001658047525,46.439453125,False,205,refine,current_memory_admission,"10,12,13,14",11820.290698504781
4,11927.898701820875,53.804001658047525,46.439453125,False,206,refine,current_memory_admission,"10,12,13,14",11874.094700162828
4,12038.321143571291,110.4224417504156,467.0625,False,207,warmup,current_memory_admission,"11,16,17,15",11927.898701820875
4,12092.125145229338,53.804001658047525,46.439453125,False,208,refine,current_memory_admission,"11,15,16,17",12038.321143571291
4,12145.929146887385,53.804001658047525,46.439453125,False,209,refine,current_memory_admission,"11,15,16,17",12092.125145229338
4,12199.733148545432,53.804001658047525,46.439453125,False,210,refine,current_memory_admission,"11,15,16,17",12145.929146887385
4,12253.53715020348,53.804001658047525,46.439453125,False,211,refine,current_memory_admission,"11,15,16,17",12199.733148545432
4,12307.341151861527,53.804001658047525,46.439453125,False,212,refine,current_memory_admission,"11,15,16,17",12253.53715020348
4,12361.145153519574,53.804001658047525,46.439453125,False,213,refine,current_memory_admission,"11,15,16,17",12307.341151861527
4,12414.949155177621,53.804001658047525,46.439453125,False,214,refine,current_memory_admission,"11,15,16,17",12361.145153519574
4,12468.753156835668,53.804001658047525,46.439453125,False,215,refine,current_memory_admission,"11,15,16,17",12414.949155177621
4,12522.557158493715,53.804001658047525,46.439453125,False,216,refine,current_memory_admission,"11,15,16,17",12468.753156835668
4,12576.361160151762,53.804001658047525,46.439453125,False,217,refine,current_memory_admission,"11,15,16,17",12522.557158493715
2,12624.108521978296,47.74736182653436,22.658203125,False,218,refine,current_memory_admission,"16,17",12576.361160151762
4,12734.530963728712,110.4224417504156,467.0625,False,219,warmup,current_memory_admission,"12,13,14,18",12624.108521978296
4,12788.334965386759,53.804001658047525,46.439453125,False,220,refine,current_memory_admission,"12,13,14,18",12734.530963728712
4,12842.138967044806,53.804001658047525,46.439453125,False,221,refine,current_memory_admission,"12,13,14,18",12788.334965386759
4,12895.942968702853,53.804001658047525,46.439453125,False,222,refine,current_memory_admission,"12,13,14,18",12842.138967044806
4,12949.7469703609,53.804001658047525,46.439453125,False,223,refine,current_memory_admission,"12,13,14,18",12895.942968702853
4,13003.550972018948,53.804001658047525,46.439453125,False,224,refine,current_memory_admission,"12,13,14,18",12949.7469703609
4,13057.354973676995,53.804001658047525,46.439453125,False,225,refine,current_memory_admission,"12,13,14,18",13003.550972018948
4,13111.158975335042,53.804001658047525,46.439453125,False,226,refine,current_memory_admission,"12,13,14,18",13057.354973676995
4,13164.962976993089,53.804001658047525,46.439453125,False,227,refine,current_memory_admission,"12,13,14,18",13111.158975335042
4,13218.766978651136,53.804001658047525,46.439453125,False,228,refine,current_memory_admission,"12,13,14,18",13164.962976993089
4,13272.570980309183,53.804001658047525,46.439453125,False,229,refine,current_memory_admission,"12,13,14,18",13218.766978651136
4,13382.993422059599,110.4224417504156,467.0625,False,230,warmup,current_memory_admission,"15,16,17,19",13272.570980309183
5,13450.248424132158,67.2550020725594,58.04931640625,False,231,refine,current_memory_admission,"18,15,16,17,19",13382.993422059599
4,13504.052425790205,53.804001658047525,46.439453125,False,232,refine,current_memory_admission,"15,16,17,19",13450.248424132158
4,13557.856427448252,53.804001658047525,46.439453125,False,233,refine,current_memory_admission,"15,16,17,19",13504.052425790205
4,13611.6604291063,53.804001658047525,46.439453125,False,234,refine,current_memory_admission,"15,16,17,19",13557.856427448252
4,13665.464430764347,53.804001658047525,46.439453125,False,235,refine,current_memory_admission,"15,16,17,19",13611.6604291063
4,13719.268432422394,53.804001658047525,46.439453125,False,236,refine,current_memory_admission,"15,16,17,19",13665.464430764347
4,13773.07243408044,53.804001658047525,46.439453125,False,237,refine,current_memory_admission,"15,16,17,19",13719.268432422394
4,13826.876435738488,53.804001658047525,46.439453125,False,238,refine,current_memory_admission,"15,16,17,19",13773.07243408044
4,13880.680437396535,53.804001658047525,46.439453125,False,239,refine,current_memory_admission,"15,16,17,19",13826.876435738488
4,13934.484439054582,53.804001658047525,46.439453125,False,240,refine,current_memory_admission,"15,16,17,19",13880.680437396535
4,14044.906880804998,110.4224417504156,467.0625,False,241,warmup,current_memory_admission,"20,18,15,16",13934.484439054582
5,14112.161882877557,67.2550020725594,58.04931640625,False,242,refine,current_memory_admission,"19,15,16,18,20",14044.906880804998
4,14165.965884535604,53.804001658047525,46.439453125,False,243,refine,current_memory_admission,"15,16,18,20",14112.161882877557
4,14219.769886193651,53.804001658047525,46.439453125,False,244,refine,current_memory_admission,"15,16,18,20",14165.965884535604
4,14273.573887851699,53.804001658047525,46.439453125,False,245,refine,current_memory_admission,"15,16,18,20",14219.769886193651
4,14327.377889509746,53.804001658047525,46.439453125,False,246,refine,current_memory_admission,"15,16,18,20",14273.573887851699
4,14381.181891167793,53.804001658047525,46.439453125,False,247,refine,current_memory_admission,"15,16,18,20",14327.377889509746
4,14434.98589282584,53.804001658047525,46.439453125,False,248,refine,current_memory_admission,"15,16,18,20",14381.181891167793
4,14488.789894483887,53.804001658047525,46.439453125,False,249,refine,current_memory_admission,"15,16,18,20",14434.98589282584
4,14542.593896141934,53.804001658047525,46.439453125,False,250,refine,current_memory_admission,"15,16,18,20",14488.789894483887
4,14596.397897799981,53.804001658047525,46.439453125,False,251,refine,current_memory_admission,"15,16,18,20",14542.593896141934
4,14706.820339550397,110.4224417504156,467.0625,False,252,warmup,current_memory_admission,"17,19,21,16",14596.397897799981
5,14774.075341622956,67.2550020725594,58.04931640625,False,253,refine,current_memory_admission,"20,16,17,19,21",14706.820339550397
4,14827.879343281003,53.804001658047525,46.439453125,False,254,refine,current_memory_admission,"16,17,19,21",14774.075341622956
4,14881.68334493905,53.804001658047525,46.439453125,False,255,refine,current_memory_admission,"16,17,19,21",14827.879343281003
4,14935.487346597098,53.804001658047525,46.439453125,False,256,refine,current_memory_admission,"16,17,19,21",14881.68334493905
4,14989.291348255145,53.804001658047525,46.439453125,False,257,refine,current_memory_admission,"16,17,19,21",14935.487346597098
4,15043.095349913192,53.804001658047525,46.439453125,False,258,refine,current_memory_admission,"16,17,19,21",14989.291348255145
4,15096.89935157124,53.804001658047525,46.439453125,False,259,refine,current_memory_admission,"16,17,19,21",15043.095349913192
4,15150.703353229286,53.804001658047525,46.439453125,False,260,refine,current_memory_admission,"16,17,19,21",15096.89935157124
4,15204.507354887333,53.804001658047525,46.439453125,False,261,refine,current_memory_admission,"16,17,19,21",15150.703353229286
4,15258.31135654538,53.804001658047525,46.439453125,False,262,refine,current_memory_admission,"16,17,19,21",15204.507354887333
4,15368.733798295796,110.4224417504156,467.0625,False,263,warmup,current_memory_admission,"18,20,17,19",15258.31135654538
5,15435.988800368355,67.2550020725594,58.04931640625,False,264,refine,current_memory_admission,"21,17,18,19,20",15368.733798295796
4,15489.792802026403,53.804001658047525,46.439453125,False,265,refine,current_memory_admission,"17,18,19,20",15435.988800368355
4,15543.59680368445,53.804001658047525,46.439453125,False,266,refine,current_memory_admission,"17,18,19,20",15489.792802026403
4,15597.400805342497,53.804001658047525,46.439453125,False,267,refine,current_memory_admission,"17,18,19,20",15543.59680368445
4,15651.204807000544,53.804001658047525,46.439453125,False,268,refine,current_memory_admission,"17,18,19,20",15597.400805342497
4,15705.008808658591,53.804001658047525,46.439453125,False,269,refine,current_memory_admission,"17,18,19,20",15651.204807000544
4,15758.812810316638,53.804001658047525,46.439453125,False,270,refine,current_memory_admission,"17,18,19,20",15705.008808658591
4,15812.616811974685,53.804001658047525,46.439453125,False,271,refine,current_memory_admission,"17,18,19,20",15758.812810316638
4,15866.420813632732,53.804001658047525,46.439453125,False,272,refine,current_memory_admission,"17,18,19,20",15812.616811974685
4,15920.22481529078,53.804001658047525,46.439453125,False,273,refine,current_memory_admission,"17,18,19,20",15866.420813632732
4,16030.647257041195,110.4224417504156,467.0625,False,274,warmup,current_memory_admission,"21,22,18,19",15920.22481529078
4,16084.451258699242,53.804001658047525,46.439453125,False,275,refine,current_memory_admission,"18,19,21,22",16030.647257041195
4,16138.25526035729,53.804001658047525,46.439453125,False,276,refine,current_memory_admission,"18,19,21,22",16084.451258699242
4,16192.059262015337,53.804001658047525,46.439453125,False,277,refine,current_memory_admission,"18,19,21,22",16138.25526035729
4,16245.863263673384,53.804001658047525,46.439453125,False,278,refine,current_memory_admission,"18,19,21,22",16192.059262015337
4,16299.66726533143,53.804001658047525,46.439453125,False,279,refine,current_memory_admission,"18,19,21,22",16245.863263673384
4,16353.471266989478,53.804001658047525,46.439453125,False,280,refine,current_memory_admission,"18,19,21,22",16299.66726533143
4,16407.275268647525,53.804001658047525,46.439453125,False,281,refine,current_memory_admission,"18,19,21,22",16353.471266989478
4,16461.079270305574,53.804001658047525,46.439453125,False,282,refine,current_memory_admission,"18,19,21,22",16407.275268647525
4,16514.883271963623,53.804001658047525,46.439453125,False,283,refine,current_memory_admission,"18,19,21,22",16461.079270305574
4,16568.687273621672,53.804001658047525,46.439453125,False,284,refine,current_memory_admission,"18,19,21,22",16514.883271963623
4,16679.109715372088,110.4224417504156,467.0625,False,285,warmup,current_memory_admission,"20,23,24,21",16568.687273621672
5,16746.36471744465,67.2550020725594,58.04931640625,False,286,refine,current_memory_admission,"22,20,21,23,24",16679.109715372088
4,16800.168719102698,53.804001658047525,46.439453125,False,287,refine,current_memory_admission,"20,21,23,24",16746.36471744465
4,16853.972720760747,53.804001658047525,46.439453125,False,288,refine,current_memory_admission,"20,21,23,24",16800.168719102698
4,16907.776722418796,53.804001658047525,46.439453125,False,289,refine,current_memory_admission,"20,21,23,24",16853.972720760747
4,16961.580724076844,53.804001658047525,46.439453125,False,290,refine,current_memory_admission,"20,21,23,24",16907.776722418796
4,17015.384725734893,53.804001658047525,46.439453125,False,291,refine,current_memory_admission,"20,21,23,24",16961.580724076844
4,17069.188727392942,53.804001658047525,46.439453125,False,292,refine,current_memory_admission,"20,21,23,24",17015.384725734893
4,17122.99272905099,53.804001658047525,46.439453125,False,293,refine,current_memory_admission,"20,21,23,24",17069.188727392942
4,17176.79673070904,53.804001658047525,46.439453125,False,294,refine,current_memory_admission,"20,21,23,24",17122.99272905099
4,17230.60073236709,53.804001658047525,46.439453125,False,295,refine,current_memory_admission,"20,21,23,24",17176.79673070904
2,17278.348094193625,47.74736182653436,22.658203125,False,296,refine,current_memory_admission,"23,24",17230.60073236709
4,17388.77053594404,110.4224417504156,467.0625,False,297,warmup,current_memory_admission,"22,20,21,23",17278.348094193625
4,17442.57453760209,53.804001658047525,46.439453125,False,298,refine,current_memory_admission,"20,21,22,23",17388.77053594404
4,17496.37853926014,53.804001658047525,46.439453125,False,299,refine,current_memory_admission,"20,21,22,23",17442.57453760209
4,17550.182540918187,53.804001658047525,46.439453125,False,300,refine,current_memory_admission,"20,21,22,23",17496.37853926014
4,17603.986542576236,53.804001658047525,46.439453125,False,301,refine,current_memory_admission,"20,21,22,23",17550.182540918187
4,17657.790544234285,53.804001658047525,46.439453125,False,302,refine,current_memory_admission,"20,21,22,23",17603.986542576236
4,17711.594545892334,53.804001658047525,46.439453125,False,303,refine,current_memory_admission,"20,21,22,23",17657.790544234285
4,17765.398547550383,53.804001658047525,46.439453125,False,304,refine,current_memory_admission,"20,21,22,23",17711.594545892334
4,17819.202549208432,53.804001658047525,46.439453125,False,305,refine,current_memory_admission,"20,21,22,23",17765.398547550383
4,17873.00655086648,53.804001658047525,46.439453125,False,306,refine,current_memory_admission,"20,21,22,23",17819.202549208432
4,17926.81055252453,53.804001658047525,46.439453125,False,307,refine,current_memory_admission,"20,21,22,23",17873.00655086648
3,18034.817267280432,108.00671475590207,352.921875,False,308,warmup,current_memory_admission,"24,22,23",17926.81055252453
3,18106.438310020232,71.62104273980154,33.9873046875,False,309,refine,current_memory_admission,"22,23,24",18034.817267280432
3,18178.059352760032,71.62104273980154,33.9873046875,False,310,refine,current_memory_admission,"22,23,24",18106.438310020232
3,18249.680395499832,71.62104273980154,33.9873046875,False,311,refine,current_memory_admission,"22,23,24",18178.059352760032
3,18321.301438239632,71.62104273980154,33.9873046875,False,312,refine,current_memory_admission,"22,23,24",18249.680395499832
3,18392.922480979432,71.62104273980154,33.9873046875,False,313,refine,current_memory_admission,"22,23,24",18321.301438239632
3,18464.543523719232,71.62104273980154,33.9873046875,False,314,refine,current_memory_admission,"22,23,24",18392.922480979432
3,18536.164566459032,71.62104273980154,33.9873046875,False,315,refine,current_memory_admission,"22,23,24",18464.543523719232
3,18607.785609198832,71.62104273980154,33.9873046875,False,316,refine,current_memory_admission,"22,23,24",18536.164566459032
3,18679.406651938632,71.62104273980154,33.9873046875,False,317,refine,current_memory_admission,"22,23,24",18607.785609198832
3,18751.027694678432,71.62104273980154,33.9873046875,False,318,refine,current_memory_admission,"22,23,24",18679.406651938632
3,18859.034409434335,108.00671475590207,352.921875,False,319,warmup,current_memory_admission,"22,23,24",18751.027694678432
3,18930.655452174135,71.62104273980154,33.9873046875,False,320,refine,current_memory_admission,"22,23,24",18859.034409434335
3,19002.276494913935,71.62104273980154,33.9873046875,False,321,refine,current_memory_admission,"22,23,24",18930.655452174135
3,19073.897537653735,71.62104273980154,33.9873046875,False,322,refine,current_memory_admission,"22,23,24",19002.276494913935
3,19145.518580393535,71.62104273980154,33.9873046875,False,323,refine,current_memory_admission,"22,23,24",19073.897537653735
3,19217.139623133335,71.62104273980154,33.9873046875,False,324,refine,current_memory_admission,"22,23,24",19145.518580393535
3,19288.760665873135,71.62104273980154,33.9873046875,False,325,refine,current_memory_admission,"22,23,24",19217.139623133335
3,19360.381708612935,71.62104273980154,33.9873046875,False,326,refine,current_memory_admission,"22,23,24",19288.760665873135
3,19432.002751352735,71.62104273980154,33.9873046875,False,327,refine,current_memory_admission,"22,23,24",19360.381708612935
3,19503.623794092535,71.62104273980154,33.9873046875,False,328,refine,current_memory_admission,"22,23,24",19432.002751352735
3,19575.244836832335,71.62104273980154,33.9873046875,False,329,refine,current_memory_admission,"22,23,24",19503.623794092535
2,19647.24931333627,72.00447650393471,235.28125,False,330,warmup,current_memory_admission,"25,24",19575.244836832335
2,19694.996675162805,47.74736182653436,22.658203125,False,331,refine,current_memory_admission,"24,25",19647.24931333627
2,19742.74403698934,47.74736182653436,22.658203125,False,332,refine,current_memory_admission,"24,25",19694.996675162805
2,19790.491398815877,47.74736182653436,22.658203125,False,333,refine,current_memory_admission,"24,25",19742.74403698934
2,19838.238760642413,47.74736182653436,22.658203125,False,334,refine,current_memory_admission,"24,25",19790.491398815877
2,19885.98612246895,47.74736182653436,22.658203125,False,335,refine,current_memory_admission,"24,25",19838.238760642413
2,19933.733484295484,47.74736182653436,22.658203125,False,336,refine,current_memory_admission,"24,25",19885.98612246895
2,19981.48084612202,47.74736182653436,22.658203125,False,337,refine,current_memory_admission,"24,25",19933.733484295484
2,20029.228207948556,47.74736182653436,22.658203125,False,338,refine,current_memory_admission,"24,25",19981.48084612202
2,20076.97556977509,47.74736182653436,22.658203125,False,339,refine,current_memory_admission,"24,25",20029.228207948556
2,20124.722931601627,47.74736182653436,22.658203125,False,340,refine,current_memory_admission,"24,25",20076.97556977509
3,20232.72964635753,108.00671475590207,352.921875,False,341,warmup,current_memory_admission,"26,27,28",20124.722931601627
4,20286.53364801558,53.804001658047525,46.439453125,False,342,refine,current_memory_admission,"25,26,27,28",20232.72964635753
3,20358.15469075538,71.62104273980154,33.9873046875,False,343,refine,current_memory_admission,"26,27,28",20286.53364801558
3,20429.77573349518,71.62104273980154,33.9873046875,False,344,refine,current_memory_admission,"26,27,28",20358.15469075538
3,20501.39677623498,71.62104273980154,33.9873046875,False,345,refine,current_memory_admission,"26,27,28",20429.77573349518
3,20573.01781897478,71.62104273980154,33.9873046875,False,346,refine,current_memory_admission,"26,27,28",20501.39677623498
3,20644.63886171458,71.62104273980154,33.9873046875,False,347,refine,current_memory_admission,"26,27,28",20573.01781897478
3,20716.25990445438,71.62104273980154,33.9873046875,False,348,refine,current_memory_admission,"26,27,28",20644.63886171458
3,20787.88094719418,71.62104273980154,33.9873046875,False,349,refine,current_memory_admission,"26,27,28",20716.25990445438
3,20859.50198993398,71.62104273980154,33.9873046875,False,350,refine,current_memory_admission,"26,27,28",20787.88094719418
3,20931.12303267378,71.62104273980154,33.9873046875,False,351,refine,current_memory_admission,"26,27,28",20859.50198993398
3,21002.74407541358,71.62104273980154,33.9873046875,False,352,refine,current_memory_admission,"26,27,28",20931.12303267378
4,21113.166517163994,110.4224417504156,467.0625,False,353,warmup,current_memory_admission,"25,26,27,28",21002.74407541358
4,21166.970518822043,53.804001658047525,46.439453125,False,354,refine,current_memory_admission,"25,26,27,28",21113.166517163994
4,21220.774520480092,53.804001658047525,46.439453125,False,355,refine,current_memory_admission,"25,26,27,28",21166.970518822043
4,21274.57852213814,53.804001658047525,46.439453125,False,356,refine,current_memory_admission,"25,26,27,28",21220.774520480092
4,21328.38252379619,53.804001658047525,46.439453125,False,357,refine,current_memory_admission,"25,26,27,28",21274.57852213814
4,21382.18652545424,53.804001658047525,46.439453125,False,358,refine,current_memory_admission,"25,26,27,28",21328.38252379619
4,21435.990527112288,53.804001658047525,46.439453125,False,359,refine,current_memory_admission,"25,26,27,28",21382.18652545424
4,21489.794528770337,53.804001658047525,46.439453125,False,360,refine,current_memory_admission,"25,26,27,28",21435.990527112288
4,21543.598530428386,53.804001658047525,46.439453125,False,361,refine,current_memory_admission,"25,26,27,28",21489.794528770337
4,21597.402532086435,53.804001658047525,46.439453125,False,362,refine,current_memory_admission,"25,26,27,28",21543.598530428386
4,21651.206533744484,53.804001658047525,46.439453125,False,363,refine,current_memory_admission,"25,26,27,28",21597.402532086435
4,21761.6289754949,110.4224417504156,467.0625,False,364,warmup,current_memory_admission,"25,26,27,28",21651.206533744484
4,21815.43297715295,53.804001658047525,46.439453125,False,365,refine,current_memory_admission,"25,26,27,28",21761.6289754949
4,21869.236978810997,53.804001658047525,46.439453125,False,366,refine,current_memory_admission,"25,26,27,28",21815.43297715295
4,21923.040980469046,53.804001658047525,46.439453125,False,367,refine,current_memory_admission,"25,26,27,28",21869.236978810997
4,21976.844982127095,53.804001658047525,46.439453125,False,368,refine,current_memory_admission,"25,26,27,28",21923.040980469046
4,22030.648983785144,53.804001658047525,46.439453125,False,369,refine,current_memory_admission,"25,26,27,28",21976.844982127095
4,22084.452985443193,53.804001658047525,46.439453125,False,370,refine,current_memory_admission,"25,26,27,28",22030.648983785144
4,22138.256987101242,53.804001658047525,46.439453125,False,371,refine,current_memory_admission,"25,26,27,28",22084.452985443193
4,22192.06098875929,53.804001658047525,46.439453125,False,372,refine,current_memory_admission,"25,26,27,28",22138.256987101242
4,22245.86499041734,53.804001658047525,46.439453125,False,373,refine,current_memory_admission,"25,26,27,28",22192.06098875929
4,22299.66899207539,53.804001658047525,46.439453125,False,374,refine,current_memory_admission,"25,26,27,28",22245.86499041734
4,22410.091433825804,110.4224417504156,467.0625,False,375,warmup,current_memory_admission,"29,25,26,27",22299.66899207539
4,22463.895435483853,53.804001658047525,46.439453125,False,376,refine,current_memory_admission,"25,26,27,29",22410.091433825804
4,22517.699437141902,53.804001658047525,46.439453125,False,377,refine,current_memory_admission,"25,26,27,29",22463.895435483853
4,22571.50343879995,53.804001658047525,46.439453125,False,378,refine,current_memory_admission,"25,26,27,29",22517.699437141902
4,22625.307440458,53.804001658047525,46.439453125,False,379,refine,current_memory_admission,"25,26,27,29",22571.50343879995
4,22679.11144211605,53.804001658047525,46.439453125,False,380,refine,current_memory_admission,"25,26,27,29",22625.307440458
4,22732.915443774098,53.804001658047525,46.439453125,False,381,refine,current_memory_admission,"25,26,27,29",22679.11144211605
4,22786.719445432147,53.804001658047525,46.439453125,False,382,refine,current_memory_admission,"25,26,27,29",22732.915443774098
4,22840.523447090196,53.804001658047525,46.439453125,False,383,refine,current_memory_admission,"25,26,27,29",22786.719445432147
4,22894.327448748245,53.804001658047525,46.439453125,False,384,refine,current_memory_admission,"25,26,27,29",22840.523447090196
4,22948.131450406294,53.804001658047525,46.439453125,False,385,refine,current_memory_admission,"25,26,27,29",22894.327448748245
2,23020.13592691023,72.00447650393471,235.28125,False,386,warmup,current_memory_admission,"28,30",22948.131450406294
3,23091.75696965003,71.62104273980154,33.9873046875,False,387,refine,current_memory_admission,"29,28,30",23020.13592691023
2,23139.504331476564,47.74736182653436,22.658203125,False,388,refine,current_memory_admission,"28,30",23091.75696965003
2,23187.2516933031,47.74736182653436,22.658203125,False,389,refine,current_memory_admission,"28,30",23139.504331476564
2,23234.999055129636,47.74736182653436,22.658203125,False,390,refine,current_memory_admission,"28,30",23187.2516933031
2,23282.74641695617,47.74736182653436,22.658203125,False,391,refine,current_memory_admission,"28,30",23234.999055129636
2,23330.493778782708,47.74736182653436,22.658203125,False,392,refine,current_memory_admission,"28,30",23282.74641695617
2,23378.241140609243,47.74736182653436,22.658203125,False,393,refine,current_memory_admission,"28,30",23330.493778782708
2,23425.98850243578,47.74736182653436,22.658203125,False,394,refine,current_memory_admission,"28,30",23378.241140609243
2,23473.735864262315,47.74736182653436,22.658203125,False,395,refine,current_memory_admission,"28,30",23425.98850243578
2,23521.48322608885,47.74736182653436,22.658203125,False,396,refine,current_memory_admission,"28,30",23473.735864262315
1,23560.18200683214,38.69878074328881,117.5458984375,False,397,warmup,current_memory_admission,29,23521.48322608885
2,23607.929368658675,47.74736182653436,22.658203125,False,398,refine,current_memory_admission,"30,29",23560.18200683214
1,23646.628149401964,38.69878074328881,117.5458984375,False,399,warmup,current_memory_admission,30,23607.929368658675
2,23694.3755112285,47.74736182653436,22.658203125,False,400,refine,current_memory_admission,"29,30",23646.628149401964
2,23742.122873055036,47.74736182653436,22.658203125,False,401,refine,current_memory_admission,"29,30",23694.3755112285
2,23789.87023488157,47.74736182653436,22.658203125,False,402,refine,current_memory_admission,"29,30",23742.122873055036
2,23837.617596708107,47.74736182653436,22.658203125,False,403,refine,current_memory_admission,"29,30",23789.87023488157
2,23885.364958534643,47.74736182653436,22.658203125,False,404,refine,current_memory_admission,"29,30",23837.617596708107
2,23933.11232036118,47.74736182653436,22.658203125,False,405,refine,current_memory_admission,"29,30",23885.364958534643
2,23980.859682187714,47.74736182653436,22.658203125,False,406,refine,current_memory_admission,"29,30",23933.11232036118
2,24028.60704401425,47.74736182653436,22.658203125,False,407,refine,current_memory_admission,"29,30",23980.859682187714
2,24076.354405840786,47.74736182653436,22.658203125,False,408,refine,current_memory_admission,"29,30",24028.60704401425
1,24115.053186584075,38.69878074328881,117.5458984375,False,409,warmup,current_memory_admission,29,24076.354405840786
2,24162.80054841061,47.74736182653436,22.658203125,False,410,refine,current_memory_admission,"30,29",24115.053186584075
1,24201.4993291539,38.69878074328881,117.5458984375,False,411,warmup,current_memory_admission,30,24162.80054841061
2,24249.246690980435,47.74736182653436,22.658203125,False,412,refine,current_memory_admission,"29,30",24201.4993291539
2,24296.99405280697,47.74736182653436,22.658203125,False,413,refine,current_memory_admission,"29,30",24249.246690980435
2,24344.741414633507,47.74736182653436,22.658203125,False,414,refine,current_memory_admission,"29,30",24296.99405280697
2,24392.488776460043,47.74736182653436,22.658203125,False,415,refine,current_memory_admission,"29,30",24344.741414633507
2,24440.23613828658,47.74736182653436,22.658203125,False,416,refine,current_memory_admission,"29,30",24392.488776460043
2,24487.983500113114,47.74736182653436,22.658203125,False,417,refine,current_memory_admission,"29,30",24440.23613828658
2,24535.73086193965,47.74736182653436,22.658203125,False,418,refine,current_memory_admission,"29,30",24487.983500113114
2,24583.478223766186,47.74736182653436,22.658203125,False,419,refine,current_memory_admission,"29,30",24535.73086193965
2,24631.22558559272,47.74736182653436,22.658203125,False,420,refine,current_memory_admission,"29,30",24583.478223766186
2,24703.230062096656,72.00447650393471,235.28125,False,421,warmup,current_memory_admission,"31,29",24631.22558559272
3,24774.851104836456,71.62104273980154,33.9873046875,False,422,refine,current_memory_admission,"30,29,31",24703.230062096656
2,24822.598466662992,47.74736182653436,22.658203125,False,423,refine,current_memory_admission,"29,31",24774.851104836456
2,24870.345828489528,47.74736182653436,22.658203125,False,424,refine,current_memory_admission,"29,31",24822.598466662992
2,24918.093190316064,47.74736182653436,22.658203125,False,425,refine,current_memory_admission,"29,31",24870.345828489528
2,24965.8405521426,47.74736182653436,22.658203125,False,426,refine,current_memory_admission,"29,31",24918.093190316064
2,25013.587913969135,47.74736182653436,22.658203125,False,427,refine,current_memory_admission,"29,31",24965.8405521426
2,25061.33527579567,47.74736182653436,22.658203125,False,428,refine,current_memory_admission,"29,31",25013.587913969135
2,25109.082637622207,47.74736182653436,22.658203125,False,429,refine,current_memory_admission,"29,31",25061.33527579567
2,25156.829999448742,47.74736182653436,22.658203125,False,430,refine,current_memory_admission,"29,31",25109.082637622207
2,25204.57736127528,47.74736182653436,22.658203125,False,431,refine,current_memory_admission,"29,31",25156.829999448742
1,25243.276142018567,38.69878074328881,117.5458984375,False,432,warmup,current_memory_admission,30,25204.57736127528
2,25291.023503845103,47.74736182653436,22.658203125,False,433,refine,current_memory_admission,"31,30",25243.276142018567
1,25329.72228458839,38.69878074328881,117.5458984375,False,434,warmup,current_memory_admission,31,25291.023503845103
2,25377.469646414927,47.74736182653436,22.658203125,False,435,refine,current_memory_admission,"30,31",25329.72228458839
2,25425.217008241463,47.74736182653436,22.658203125,False,436,refine,current_memory_admission,"30,31",25377.469646414927
2,25472.964370068,47.74736182653436,22.658203125,False,437,refine,current_memory_admission,"30,31",25425.217008241463
2,25520.711731894535,47.74736182653436,22.658203125,False,438,refine,current_memory_admission,"30,31",25472.964370068
2,25568.45909372107,47.74736182653436,22.658203125,False,439,refine,current_memory_admission,"30,31",25520.711731894535
2,25616.206455547606,47.74736182653436,22.658203125,False,440,refine,current_memory_admission,"30,31",25568.45909372107
2,25663.953817374142,47.74736182653436,22.658203125,False,441,refine,current_memory_admission,"30,31",25616.206455547606
2,25711.701179200678,47.74736182653436,22.658203125,False,442,refine,current_memory_admission,"30,31",25663.953817374142
2,25759.448541027214,47.74736182653436,22.658203125,False,443,refine,current_memory_admission,"30,31",25711.701179200678
1,25804.007541174487,44.559000147273764,12.220703125,False,444,refine,current_memory_admission,31,25759.448541027214
2,25876.012017678422,72.00447650393471,235.28125,False,445,warmup,current_memory_admission,"31,32",25804.007541174487
2,25923.759379504958,47.74736182653436,22.658203125,False,446,refine,current_memory_admission,"31,32",25876.012017678422
2,25971.506741331494,47.74736182653436,22.658203125,False,447,refine,current_memory_admission,"31,32",25923.759379504958
2,26019.25410315803,47.74736182653436,22.658203125,False,448,refine,current_memory_admission,"31,32",25971.506741331494
2,26067.001464984565,47.74736182653436,22.658203125,False,449,refine,current_memory_admission,"31,32",26019.25410315803
2,26114.7488268111,47.74736182653436,22.658203125,False,450,refine,current_memory_admission,"31,32",26067.001464984565
2,26162.496188637637,47.74736182653436,22.658203125,False,451,refine,current_memory_admission,"31,32",26114.7488268111
2,26210.243550464173,47.74736182653436,22.658203125,False,452,refine,current_memory_admission,"31,32",26162.496188637637
2,26257.99091229071,47.74736182653436,22.658203125,False,453,refine,current_memory_admission,"31,32",26210.243550464173
2,26305.738274117244,47.74736182653436,22.658203125,False,454,refine,current_memory_admission,"31,32",26257.99091229071
2,26353.48563594378,47.74736182653436,22.658203125,False,455,refine,current_memory_admission,"31,32",26305.738274117244
1,26392.18441668707,38.69878074328881,117.5458984375,False,456,warmup,current_memory_admission,31,26353.48563594378
2,26439.931778513605,47.74736182653436,22.658203125,False,457,refine,current_memory_admission,"32,31",26392.18441668707
1,26478.630559256893,38.69878074328881,117.5458984375,False,458,warmup,current_memory_admission,32,26439.931778513605
2,26526.37792108343,47.74736182653436,22.658203125,False,459,refine,current_memory_admission,"31,32",26478.630559256893
2,26574.125282909965,47.74736182653436,22.658203125,False,460,refine,current_memory_admission,"31,32",26526.37792108343
2,26621.8726447365,47.74736182653436,22.658203125,False,461,refine,current_memory_admission,"31,32",26574.125282909965
2,26669.620006563036,47.74736182653436,22.658203125,False,462,refine,current_memory_admission,"31,32",26621.8726447365
2,26717.367368389572,47.74736182653436,22.658203125,False,463,refine,current_memory_admission,"31,32",26669.620006563036
2,26765.114730216108,47.74736182653436,22.658203125,False,464,refine,current_memory_admission,"31,32",26717.367368389572
2,26812.862092042644,47.74736182653436,22.658203125,False,465,refine,current_memory_admission,"31,32",26765.114730216108
2,26860.60945386918,47.74736182653436,22.658203125,False,466,refine,current_memory_admission,"31,32",26812.862092042644
2,26908.356815695715,47.74736182653436,22.658203125,False,467,refine,current_memory_admission,"31,32",26860.60945386918
1,26947.055596439004,38.69878074328881,117.5458984375,False,468,warmup,current_memory_admission,33,26908.356815695715
2,26994.80295826554,47.74736182653436,22.658203125,False,469,refine,current_memory_admission,"32,33",26947.055596439004
1,27033.50173900883,38.69878074328881,117.5458984375,False,470,warmup,current_memory_admission,32,26994.80295826554
2,27081.249100835365,47.74736182653436,22.658203125,False,471,refine,current_memory_admission,"33,32",27033.50173900883
2,27128.9964626619,47.74736182653436,22.658203125,False,472,refine,current_memory_admission,"32,33",27081.249100835365
2,27176.743824488436,47.74736182653436,22.658203125,False,473,refine,current_memory_admission,"32,33",27128.9964626619
2,27224.491186314972,47.74736182653436,22.658203125,False,474,refine,current_memory_admission,"32,33",27176.743824488436
2,27272.238548141508,47.74736182653436,22.658203125,False,475,refine,current_memory_admission,"32,33",27224.491186314972
2,27319.985909968043,47.74736182653436,22.658203125,False,476,refine,current_memory_admission,"32,33",27272.238548141508
2,27367.73327179458,47.74736182653436,22.658203125,False,477,refine,current_memory_admission,"32,33",27319.985909968043
2,27415.480633621115,47.74736182653436,22.658203125,False,478,refine,current_memory_admission,"32,33",27367.73327179458
2,27463.22799544765,47.74736182653436,22.658203125,False,479,refine,current_memory_admission,"32,33",27415.480633621115
2,27510.975357274187,47.74736182653436,22.658203125,False,480,refine,current_memory_admission,"32,33",27463.22799544765
2,27582.97983377812,72.00447650393471,235.28125,False,481,warmup,current_memory_admission,"32,33",27510.975357274187
2,27630.727195604657,47.74736182653436,22.658203125,False,482,refine,current_memory_admission,"32,33",27582.97983377812
2,27678.474557431193,47.74736182653436,22.658203125,False,483,refine,current_memory_admission,"32,33",27630.727195604657
2,27726.22191925773,47.74736182653436,22.658203125,False,484,refine,current_memory_admission,"32,33",27678.474557431193
2,27773.969281084264,47.74736182653436,22.658203125,False,485,refine,current_memory_admission,"32,33",27726.22191925773
2,27821.7166429108,47.74736182653436,22.658203125,False,486,refine,current_memory_admission,"32,33",27773.969281084264
2,27869.464004737336,47.74736182653436,22.658203125,False,487,refine,current_memory_admission,"32,33",27821.7166429108
2,27917.21136656387,47.74736182653436,22.658203125,False,488,refine,current_memory_admission,"32,33",27869.464004737336
2,27964.958728390407,47.74736182653436,22.658203125,False,489,refine,current_memory_admission,"32,33",27917.21136656387
2,28012.706090216943,47.74736182653436,22.658203125,False,490,refine,current_memory_admission,"32,33",27964.958728390407
2,28060.45345204348,47.74736182653436,22.658203125,False,491,refine,current_memory_admission,"32,33",28012.706090216943
1,28099.152232786768,38.69878074328881,117.5458984375,False,492,warmup,current_memory_admission,33,28060.45345204348
1,28143.71123293404,44.559000147273764,12.220703125,False,493,refine,current_memory_admission,33,28099.152232786768
1,28188.270233081315,44.559000147273764,12.220703125,False,494,refine,current_memory_admission,33,28143.71123293404
1,28232.82923322859,44.559000147273764,12.220703125,False,495,refine,current_memory_admission,33,28188.270233081315
1,28277.388233375863,44.559000147273764,12.220703125,False,496,refine,current_memory_admission,33,28232.82923322859
1,28321.947233523137,44.559000147273764,12.220703125,False,497,refine,current_memory_admission,33,28277.388233375863
1,28366.50623367041,44.559000147273764,12.220703125,False,498,refine,current_memory_admission,33,28321.947233523137
1,28411.065233817684,44.559000147273764,12.220703125,False,499,refine,current_memory_admission,33,28366.50623367041
1,28455.624233964958,44.559000147273764,12.220703125,False,500,refine,current_memory_admission,33,28411.065233817684
1,28500.18323411223,44.559000147273764,12.220703125,False,501,refine,current_memory_admission,33,28455.624233964958
1,28544.742234259505,44.559000147273764,12.220703125,False,502,refine,current_memory_admission,33,28500.18323411223
1,28583.441015002794,38.69878074328881,117.5458984375,False,503,warmup,current_memory_admission,33,28544.742234259505
1,28628.000015150068,44.559000147273764,12.220703125,False,504,refine,current_memory_admission,33,28583.441015002794
1,28672.559015297342,44.559000147273764,12.220703125,False,505,refine,current_memory_admission,33,28628.000015150068
1,28717.118015444616,44.559000147273764,12.220703125,False,506,refine,current_memory_admission,33,28672.559015297342
1,28761.67701559189,44.559000147273764,12.220703125,False,507,refine,current_memory_admission,33,28717.118015444616
1,28806.236015739163,44.559000147273764,12.220703125,False,508,refine,current_memory_admission,33,28761.67701559189
1,28850.795015886437,44.559000147273764,12.220703125,False,509,refine,current_memory_admission,33,28806.236015739163
1,28895.35401603371,44.559000147273764,12.220703125,False,510,refine,current_memory_admission,33,28850.795015886437
1,28939.913016180984,44.559000147273764,12.220703125,False,511,refine,current_memory_admission,33,28895.35401603371
1,28984.472016328258,44.559000147273764,12.220703125,False,512,refine,current_memory_admission,33,28939.913016180984
1,29029.031016475532,44.559000147273764,12.220703125,False,513,refine,current_memory_admission,33,28984.472016328258
1,30184.164679821002,38.69878074328881,117.5458984375,False,514,warmup,current_memory_admission,34,30145.465899077713
1,30228.723679968276,44.559000147273764,12.220703125,False,515,refine,current_memory_admission,34,30184.164679821002
1,30273.28268011555,44.559000147273764,12.220703125,False,516,refine,current_memory_admission,34,30228.723679968276
1,30317.841680262824,44.559000147273764,12.220703125,False,517,refine,current_memory_admission,34,30273.28268011555
1,30362.400680410097,44.559000147273764,12.220703125,False,518,refine,current_memory_admission,34,30317.841680262824
1,30406.95968055737,44.559000147273764,12.220703125,False,519,refine,current_memory_admission,34,30362.400680410097
1,30451.518680704645,44.559000147273764,12.220703125,False,520,refine,current_memory_admission,34,30406.95968055737
1,30496.07768085192,44.559000147273764,12.220703125,False,521,refine,current_memory_admission,34,30451.518680704645
1,30540.636680999192,44.559000147273764,12.220703125,False,522,refine,current_memory_admission,34,30496.07768085192
1,30585.195681146466,44.559000147273764,12.220703125,False,523,refine,current_memory_admission,34,30540.636680999192
1,30629.75468129374,44.559000147273764,12.220703125,False,524,refine,current_memory_admission,34,30585.195681146466
1,30668.45346203703,38.69878074328881,117.5458984375,False,525,warmup,current_memory_admission,35,30629.75468129374
2,30716.200823863564,47.74736182653436,22.658203125,False,526,refine,current_memory_admission,"34,35",30668.45346203703
1,30754.899604606853,38.69878074328881,117.5458984375,False,527,warmup,current_memory_admission,34,30716.200823863564
2,30802.64696643339,47.74736182653436,22.658203125,False,528,refine,current_memory_admission,"35,34",30754.899604606853
2,30850.394328259925,47.74736182653436,22.658203125,False,529,refine,current_memory_admission,"34,35",30802.64696643339
2,30898.14169008646,47.74736182653436,22.658203125,False,530,refine,current_memory_admission,"34,35",30850.394328259925
2,30945.889051912996,47.74736182653436,22.658203125,False,531,refine,current_memory_admission,"34,35",30898.14169008646
2,30993.636413739532,47.74736182653436,22.658203125,False,532,refine,current_memory_admission,"34,35",30945.889051912996
2,31041.383775566068,47.74736182653436,22.658203125,False,533,refine,current_memory_admission,"34,35",30993.636413739532
2,31089.131137392604,47.74736182653436,22.658203125,False,534,refine,current_memory_admission,"34,35",31041.383775566068
2,31136.87849921914,47.74736182653436,22.658203125,False,535,refine,current_memory_admission,"34,35",31089.131137392604
2,31184.625861045675,47.74736182653436,22.658203125,False,536,refine,current_memory_admission,"34,35",31136.87849921914
2,31232.37322287221,47.74736182653436,22.658203125,False,537,refine,current_memory_admission,"34,35",31184.625861045675
2,31304.377699376146,72.00447650393471,235.28125,False,538,warmup,current_memory_admission,"34,35",31232.37322287221
2,31352.12506120268,47.74736182653436,22.658203125,False,539,refine,current_memory_admission,"34,35",31304.377699376146
2,31399.872423029217,47.74736182653436,22.658203125,False,540,refine,current_memory_admission,"34,35",31352.12506120268
2,31447.619784855753,47.74736182653436,22.658203125,False,541,refine,current_memory_admission,"34,35",31399.872423029217
2,31495.36714668229,47.74736182653436,22.658203125,False,542,refine,current_memory_admission,"34,35",31447.619784855753
2,31543.114508508825,47.74736182653436,22.658203125,False,543,refine,current_memory_admission,"34,35",31495.36714668229
2,31590.86187033536,47.74736182653436,22.658203125,False,544,refine,current_memory_admission,"34,35",31543.114508508825
2,31638.609232161896,47.74736182653436,22.658203125,False,545,refine,current_memory_admission,"34,35",31590.86187033536
2,31686.356593988432,47.74736182653436,22.658203125,False,546,refine,current_memory_admission,"34,35",31638.609232161896
2,31734.103955814968,47.74736182653436,22.658203125,False,547,refine,current_memory_admission,"34,35",31686.356593988432
2,31781.851317641504,47.74736182653436,22.658203125,False,548,refine,current_memory_admission,"34,35",31734.103955814968
3,31889.858032397406,108.00671475590207,352.921875,False,549,warmup,current_memory_admission,"36,34,35",31781.851317641504
3,31961.479075137206,71.62104273980154,33.9873046875,False,550,refine,current_memory_admission,"34,35,36",31889.858032397406
3,32033.100117877006,71.62104273980154,33.9873046875,False,551,refine,current_memory_admission,"34,35,36",31961.479075137206
3,32104.721160616806,71.62104273980154,33.9873046875,False,552,refine,current_memory_admission,"34,35,36",32033.100117877006
3,32176.342203356606,71.62104273980154,33.9873046875,False,553,refine,current_memory_admission,"34,35,36",32104.721160616806
3,32247.963246096406,71.62104273980154,33.9873046875,False,554,refine,current_memory_admission,"34,35,36",32176.342203356606
3,32319.584288836206,71.62104273980154,33.9873046875,False,555,refine,current_memory_admission,"34,35,36",32247.963246096406
3,32391.205331576006,71.62104273980154,33.9873046875,False,556,refine,current_memory_admission,"34,35,36",32319.584288836206
3,32462.826374315806,71.62104273980154,33.9873046875,False,557,refine,current_memory_admission,"34,35,36",32391.205331576006
3,32534.447417055606,71.62104273980154,33.9873046875,False,558,refine,current_memory_admission,"34,35,36",32462.826374315806
3,32606.068459795406,71.62104273980154,33.9873046875,False,559,refine,current_memory_admission,"34,35,36",32534.447417055606
1,32644.767240538695,38.69878074328881,117.5458984375,False,560,warmup,current_memory_admission,35,32606.068459795406
2,32692.51460236523,47.74736182653436,22.658203125,False,561,refine,current_memory_admission,"36,35",32644.767240538695
1,32731.21338310852,38.69878074328881,117.5458984375,False,562,warmup,current_memory_admission,36,32692.51460236523
2,32778.96074493505,47.74736182653436,22.658203125,False,563,refine,current_memory_admission,"35,36",32731.21338310852
2,32826.70810676159,47.74736182653436,22.658203125,False,564,refine,current_memory_admission,"35,36",32778.96074493505
2,32874.45546858812,47.74736182653436,22.658203125,False,565,refine,current_memory_admission,"35,36",32826.70810676159
2,32922.20283041466,47.74736182653436,22.658203125,False,566,refine,current_memory_admission,"35,36",32874.45546858812
2,32969.950192241195,47.74736182653436,22.658203125,False,567,refine,current_memory_admission,"35,36",32922.20283041466
2,33017.69755406773,47.74736182653436,22.658203125,False,568,refine,current_memory_admission,"35,36",32969.950192241195
2,33065.444915894266,47.74736182653436,22.658203125,False,569,refine,current_memory_admission,"35,36",33017.69755406773
2,33113.1922777208,47.74736182653436,22.658203125,False,570,refine,current_memory_admission,"35,36",33065.444915894266
2,33160.93963954734,47.74736182653436,22.658203125,False,571,refine,current_memory_admission,"35,36",33113.1922777208
1,33205.49863969461,44.559000147273764,12.220703125,False,572,refine,current_memory_admission,36,33160.93963954734
2,33277.503116198546,72.00447650393471,235.28125,False,573,warmup,current_memory_admission,"36,37",33205.49863969461
2,33325.25047802508,47.74736182653436,22.658203125,False,574,refine,current_memory_admission,"36,37",33277.503116198546
2,33372.99783985162,47.74736182653436,22.658203125,False,575,refine,current_memory_admission,"36,37",33325.25047802508
2,33420.74520167815,47.74736182653436,22.658203125,False,576,refine,current_memory_admission,"36,37",33372.99783985162
2,33468.49256350469,47.74736182653436,22.658203125,False,577,refine,current_memory_admission,"36,37",33420.74520167815
2,33516.239925331225,47.74736182653436,22.658203125,False,578,refine,current_memory_admission,"36,37",33468.49256350469
2,33563.98728715776,47.74736182653436,22.658203125,False,579,refine,current_memory_admission,"36,37",33516.239925331225
2,33611.7346489843,47.74736182653436,22.658203125,False,580,refine,current_memory_admission,"36,37",33563.98728715776
2,33659.48201081083,47.74736182653436,22.658203125,False,581,refine,current_memory_admission,"36,37",33611.7346489843
2,33707.22937263737,47.74736182653436,22.658203125,False,582,refine,current_memory_admission,"36,37",33659.48201081083
2,33754.976734463904,47.74736182653436,22.658203125,False,583,refine,current_memory_admission,"36,37",33707.22937263737
1,33793.67551520719,38.69878074328881,117.5458984375,False,584,warmup,current_memory_admission,36,33754.976734463904
2,33841.42287703373,47.74736182653436,22.658203125,False,585,refine,current_memory_admission,"37,36",33793.67551520719
1,33880.12165777702,38.69878074328881,117.5458984375,False,586,warmup,current_memory_admission,37,33841.42287703373
2,33927.86901960355,47.74736182653436,22.658203125,False,587,refine,current_memory_admission,"36,37",33880.12165777702
2,33975.61638143009,47.74736182653436,22.658203125,False,588,refine,current_memory_admission,"36,37",33927.86901960355
2,34023.363743256625,47.74736182653436,22.658203125,False,589,refine,current_memory_admission,"36,37",33975.61638143009
2,34071.11110508316,47.74736182653436,22.658203125,False,590,refine,current_memory_admission,"36,37",34023.363743256625
2,34118.858466909696,47.74736182653436,22.658203125,False,591,refine,current_memory_admission,"36,37",34071.11110508316
2,34166.60582873623,47.74736182653436,22.658203125,False,592,refine,current_memory_admission,"36,37",34118.858466909696
2,34214.35319056277,47.74736182653436,22.658203125,False,593,refine,current_memory_admission,"36,37",34166.60582873623
2,34262.1005523893,47.74736182653436,22.658203125,False,594,refine,current_memory_admission,"36,37",34214.35319056277
2,34309.84791421584,47.74736182653436,22.658203125,False,595,refine,current_memory_admission,"36,37",34262.1005523893
1,34348.54669495913,38.69878074328881,117.5458984375,False,596,warmup,current_memory_admission,38,34309.84791421584
2,34396.294056785664,47.74736182653436,22.658203125,False,597,refine,current_memory_admission,"37,38",34348.54669495913
1,34434.99283752895,38.69878074328881,117.5458984375,False,598,warmup,current_memory_admission,37,34396.294056785664
2,34482.74019935549,47.74736182653436,22.658203125,False,599,refine,current_memory_admission,"38,37",34434.99283752895
2,34530.487561182024,47.74736182653436,22.658203125,False,600,refine,current_memory_admission,"37,38",34482.74019935549
2,34578.23492300856,47.74736182653436,22.658203125,False,601,refine,current_memory_admission,"37,38",34530.487561182024
2,34625.982284835096,47.74736182653436,22.658203125,False,602,refine,current_memory_admission,"37,38",34578.23492300856
2,34673.72964666163,47.74736182653436,22.658203125,False,603,refine,current_memory_admission,"37,38",34625.982284835096
2,34721.47700848817,47.74736182653436,22.658203125,False,604,refine,current_memory_admission,"37,38",34673.72964666163
2,34769.2243703147,47.74736182653436,22.658203125,False,605,refine,current_memory_admission,"37,38",34721.47700848817
2,34816.97173214124,47.74736182653436,22.658203125,False,606,refine,current_memory_admission,"37,38",34769.2243703147
2,34864.719093967775,47.74736182653436,22.658203125,False,607,refine,current_memory_admission,"37,38",34816.97173214124
2,34912.46645579431,47.74736182653436,22.658203125,False,608,refine,current_memory_admission,"37,38",34864.719093967775
2,34984.470932298245,72.00447650393471,235.28125,False,609,warmup,current_memory_admission,"37,38",34912.46645579431
2,35032.21829412478,47.74736182653436,22.658203125,False,610,refine,current_memory_admission,"37,38",34984.470932298245
2,35079.96565595132,47.74736182653436,22.658203125,False,611,refine,current_memory_admission,"37,38",35032.21829412478
2,35127.71301777785,47.74736182653436,22.658203125,False,612,refine,current_memory_admission,"37,38",35079.96565595132
2,35175.46037960439,47.74736182653436,22.658203125,False,613,refine,current_memory_admission,"37,38",35127.71301777785
2,35223.207741430924,47.74736182653436,22.658203125,False,614,refine,current_memory_admission,"37,38",35175.46037960439
2,35270.95510325746,47.74736182653436,22.658203125,False,615,refine,current_memory_admission,"37,38",35223.207741430924
2,35318.702465083996,47.74736182653436,22.658203125,False,616,refine,current_memory_admission,"37,38",35270.95510325746
2,35366.44982691053,47.74736182653436,22.658203125,False,617,refine,current_memory_admission,"37,38",35318.702465083996
2,35414.19718873707,47.74736182653436,22.658203125,False,618,refine,current_memory_admission,"37,38",35366.44982691053
2,35461.9445505636,47.74736182653436,22.658203125,False,619,refine,current_memory_admission,"37,38",35414.19718873707
1,35500.64333130689,38.69878074328881,117.5458984375,False,620,warmup,current_memory_admission,38,35461.9445505636
1,35545.202331454166,44.559000147273764,12.220703125,False,621,refine,current_memory_admission,38,35500.64333130689
1,35589.76133160144,44.559000147273764,12.220703125,False,622,refine,current_memory_admission,38,35545.202331454166
1,35634.32033174871,44.559000147273764,12.220703125,False,623,refine,current_memory_admission,38,35589.76133160144
1,35678.87933189599,44.559000147273764,12.220703125,False,624,refine,current_memory_admission,38,35634.32033174871
1,35723.43833204326,44.559000147273764,12.220703125,False,625,refine,current_memory_admission,38,35678.87933189599
1,35767.997332190535,44.559000147273764,12.220703125,False,626,refine,current_memory_admission,38,35723.43833204326
1,35812.55633233781,44.559000147273764,12.220703125,False,627,refine,current_memory_admission,38,35767.997332190535
1,35857.11533248508,44.559000147273764,12.220703125,False,628,refine,current_memory_admission,38,35812.55633233781
1,35901.674332632356,44.559000147273764,12.220703125,False,629,refine,current_memory_admission,38,35857.11533248508
1,35946.23333277963,44.559000147273764,12.220703125,False,630,refine,current_memory_admission,38,35901.674332632356
1,35984.93211352292,38.69878074328881,117.5458984375,False,631,warmup,current_memory_admission,38,35946.23333277963
1,36029.49111367019,44.559000147273764,12.220703125,False,632,refine,current_memory_admission,38,35984.93211352292
1,36074.050113817466,44.559000147273764,12.220703125,False,633,refine,current_memory_admission,38,36029.49111367019
1,36118.60911396474,44.559000147273764,12.220703125,False,634,refine,current_memory_admission,38,36074.050113817466
1,36163.16811411201,44.559000147273764,12.220703125,False,635,refine,current_memory_admission,38,36118.60911396474
1,36201.8668948553,38.69878074328881,117.5458984375,False,636,warmup,current_memory_admission,39,36163.16811411201
2,36249.61425668184,47.74736182653436,22.658203125,False,637,refine,current_memory_admission,"38,39",36201.8668948553
2,36297.361618508374,47.74736182653436,22.658203125,False,638,refine,current_memory_admission,"38,39",36249.61425668184
2,36345.10898033491,47.74736182653436,22.658203125,False,639,refine,current_memory_admission,"38,39",36297.361618508374
2,36392.856342161445,47.74736182653436,22.658203125,False,640,refine,current_memory_admission,"38,39",36345.10898033491
2,36440.60370398798,47.74736182653436,22.658203125,False,641,refine,current_memory_admission,"38,39",36392.856342161445
2,36488.35106581452,47.74736182653436,22.658203125,False,642,refine,current_memory_admission,"38,39",36440.60370398798
1,36532.91006596179,44.559000147273764,12.220703125,False,643,refine,current_memory_admission,39,36488.35106581452
1,36577.469066109064,44.559000147273764,12.220703125,False,644,refine,current_memory_admission,39,36532.91006596179
1,36622.02806625634,44.559000147273764,12.220703125,False,645,refine,current_memory_admission,39,36577.469066109064
1,36666.58706640361,44.559000147273764,12.220703125,False,646,refine,current_memory_admission,39,36622.02806625634
1,36711.146066550886,44.559000147273764,12.220703125,False,647,refine,current_memory_admission,39,36666.58706640361
1,36749.844847294175,38.69878074328881,117.5458984375,False,648,warmup,current_memory_admission,39,36711.146066550886
1,36794.40384744145,44.559000147273764,12.220703125,False,649,refine,current_memory_admission,39,36749.844847294175
1,36838.96284758872,44.559000147273764,12.220703125,False,650,refine,current_memory_admission,39,36794.40384744145
1,36883.521847735996,44.559000147273764,12.220703125,False,651,refine,current_memory_admission,39,36838.96284758872
1,36928.08084788327,44.559000147273764,12.220703125,False,652,refine,current_memory_admission,39,36883.521847735996
1,36972.63984803054,44.559000147273764,12.220703125,False,653,refine,current_memory_admission,39,36928.08084788327
1,37017.19884817782,44.559000147273764,12.220703125,False,654,refine,current_memory_admission,39,36972.63984803054
1,37055.897628921106,38.69878074328881,117.5458984375,False,655,warmup,current_memory_admission,40,37017.19884817782
2,37103.64499074764,47.74736182653436,22.658203125,False,656,refine,current_memory_admission,"39,40",37055.897628921106
2,37151.39235257418,47.74736182653436,22.658203125,False,657,refine,current_memory_admission,"39,40",37103.64499074764
2,37199.13971440071,47.74736182653436,22.658203125,False,658,refine,current_memory_admission,"39,40",37151.39235257418
2,37246.88707622725,47.74736182653436,22.658203125,False,659,refine,current_memory_admission,"39,40",37199.13971440071
1,37285.58585697054,38.69878074328881,117.5458984375,False,660,warmup,current_memory_admission,39,37246.88707622725
2,37333.333218797074,47.74736182653436,22.658203125,False,661,refine,current_memory_admission,"40,39",37285.58585697054
2,37381.08058062361,47.74736182653436,22.658203125,False,662,refine,current_memory_admission,"39,40",37333.333218797074
2,37428.827942450145,47.74736182653436,22.658203125,False,663,refine,current_memory_admission,"39,40",37381.08058062361
2,37476.57530427668,47.74736182653436,22.658203125,False,664,refine,current_memory_admission,"39,40",37428.827942450145
2,37524.32266610322,47.74736182653436,22.658203125,False,665,refine,current_memory_admission,"39,40",37476.57530427668
2,37572.07002792975,47.74736182653436,22.658203125,False,666,refine,current_memory_admission,"39,40",37524.32266610322
2,37619.81738975629,47.74736182653436,22.658203125,False,667,refine,current_memory_admission,"39,40",37572.07002792975
1,37658.51617049958,38.69878074328881,117.5458984375,False,668,warmup,current_memory_admission,40,37619.81738975629
2,37706.26353232611,47.74736182653436,22.658203125,False,669,refine,current_memory_admission,"39,40",37658.51617049958
2,37754.01089415265,47.74736182653436,22.658203125,False,670,refine,current_memory_admission,"39,40",37706.26353232611
2,37801.758255979184,47.74736182653436,22.658203125,False,671,refine,current_memory_admission,"39,40",37754.01089415265
1,37840.45703672247,38.69878074328881,117.5458984375,False,672,warmup,current_memory_admission,39,37801.758255979184
2,37888.20439854901,47.74736182653436,22.658203125,False,673,refine,current_memory_admission,"40,39",37840.45703672247
2,37935.951760375545,47.74736182653436,22.658203125,False,674,refine,current_memory_admission,"39,40",37888.20439854901
2,37983.69912220208,47.74736182653436,22.658203125,False,675,refine,current_memory_admission,"39,40",37935.951760375545
2,38031.44648402862,47.74736182653436,22.658203125,False,676,refine,current_memory_admission,"39,40",37983.69912220208
2,38079.19384585515,47.74736182653436,22.658203125,False,677,refine,current_memory_admission,"39,40",38031.44648402862
2,38126.94120768169,47.74736182653436,22.658203125,False,678,refine,current_memory_admission,"39,40",38079.19384585515
2,38174.688569508224,47.74736182653436,22.658203125,False,679,refine,current_memory_admission,"39,40",38126.94120768169
1,38213.38735025151,38.69878074328881,117.5458984375,False,680,warmup,current_memory_admission,40,38174.688569508224
2,38261.13471207805,47.74736182653436,22.658203125,False,681,refine,current_memory_admission,"39,40",38213.38735025151
2,38308.882073904584,47.74736182653436,22.658203125,False,682,refine,current_memory_admission,"39,40",38261.13471207805
2,38356.62943573112,47.74736182653436,22.658203125,False,683,refine,current_memory_admission,"39,40",38308.882073904584
2,38428.633912235055,72.00447650393471,235.28125,False,684,warmup,current_memory_admission,"41,42",38356.62943573112
3,38500.25495497486,71.62104273980154,33.9873046875,False,685,refine,current_memory_admission,"40,41,42",38428.633912235055
3,38571.87599771466,71.62104273980154,33.9873046875,False,686,refine,current_memory_admission,"40,41,42",38500.25495497486
3,38643.497040454466,71.62104273980154,33.9873046875,False,687,refine,current_memory_admission,"40,41,42",38571.87599771466
3,38715.11808319427,71.62104273980154,33.9873046875,False,688,refine,current_memory_admission,"40,41,42",38643.497040454466
3,38786.73912593407,71.62104273980154,33.9873046875,False,689,refine,current_memory_admission,"40,41,42",38715.11808319427
3,38858.36016867388,71.62104273980154,33.9873046875,False,690,refine,current_memory_admission,"40,41,42",38786.73912593407
3,38929.98121141368,71.62104273980154,33.9873046875,False,691,refine,current_memory_admission,"40,41,42",38858.36016867388
2,38977.728573240216,47.74736182653436,22.658203125,False,692,refine,current_memory_admission,"41,42",38929.98121141368
2,39025.47593506675,47.74736182653436,22.658203125,False,693,refine,current_memory_admission,"41,42",38977.728573240216
2,39073.22329689329,47.74736182653436,22.658203125,False,694,refine,current_memory_admission,"41,42",39025.47593506675
2,39120.97065871982,47.74736182653436,22.658203125,False,695,refine,current_memory_admission,"41,42",39073.22329689329
4,39231.39310047024,110.4224417504156,467.0625,False,696,warmup,current_memory_admission,"43,40,44,45",39120.97065871982
4,39285.19710212829,53.804001658047525,46.439453125,False,697,refine,current_memory_admission,"40,43,44,45",39231.39310047024
4,39339.00110378634,53.804001658047525,46.439453125,False,698,refine,current_memory_admission,"40,43,44,45",39285.19710212829
4,39392.805105444386,53.804001658047525,46.439453125,False,699,refine,current_memory_admission,"40,43,44,45",39339.00110378634
4,39446.609107102435,53.804001658047525,46.439453125,False,700,refine,current_memory_admission,"40,43,44,45",39392.805105444386
4,39500.413108760484,53.804001658047525,46.439453125,False,701,refine,current_memory_admission,"40,43,44,45",39446.609107102435
4,39554.21711041853,53.804001658047525,46.439453125,False,702,refine,current_memory_admission,"40,43,44,45",39500.413108760484
4,39608.02111207658,53.804001658047525,46.439453125,False,703,refine,current_memory_admission,"40,43,44,45",39554.21711041853
4,39661.82511373463,53.804001658047525,46.439453125,False,704,refine,current_memory_admission,"40,43,44,45",39608.02111207658
4,39715.62911539268,53.804001658047525,46.439453125,False,705,refine,current_memory_admission,"40,43,44,45",39661.82511373463
4,39769.43311705073,53.804001658047525,46.439453125,False,706,refine,current_memory_admission,"40,43,44,45",39715.62911539268
3,39841.05415979053,71.62104273980154,33.9873046875,False,707,refine,current_memory_admission,"43,44,45",39769.43311705073
4,39951.47660154095,110.4224417504156,467.0625,False,708,warmup,current_memory_admission,"41,42,46,47",39841.05415979053
4,40005.280603199,53.804001658047525,46.439453125,False,709,refine,current_memory_admission,"41,42,46,47",39951.47660154095
4,40059.084604857046,53.804001658047525,46.439453125,False,710,refine,current_memory_admission,"41,42,46,47",40005.280603199
4,40112.888606515095,53.804001658047525,46.439453125,False,711,refine,current_memory_admission,"41,42,46,47",40059.084604857046
4,40166.69260817314,53.804001658047525,46.439453125,False,712,refine,current_memory_admission,"41,42,46,47",40112.888606515095
4,40220.49660983119,53.804001658047525,46.439453125,False,713,refine,current_memory_admission,"41,42,46,47",40166.69260817314
4,40274.30061148924,53.804001658047525,46.439453125,False,714,refine,current_memory_admission,"41,42,46,47",40220.49660983119
4,40328.10461314729,53.804001658047525,46.439453125,False,715,refine,current_memory_admission,"41,42,46,47",40274.30061148924
4,40381.90861480534,53.804001658047525,46.439453125,False,716,refine,current_memory_admission,"41,42,46,47",40328.10461314729
4,40435.71261646339,53.804001658047525,46.439453125,False,717,refine,current_memory_admission,"41,42,46,47",40381.90861480534
4,40489.51661812144,53.804001658047525,46.439453125,False,718,refine,current_memory_admission,"41,42,46,47",40435.71261646339
2,40537.26397994797,47.74736182653436,22.658203125,False,719,refine,current_memory_admission,"46,47",40489.51661812144
4,40647.68642169839,110.4224417504156,467.0625,False,720,warmup,current_memory_admission,"48,43,44,45",40537.26397994797
4,40701.49042335644,53.804001658047525,46.439453125,False,721,refine,current_memory_admission,"43,44,45,48",40647.68642169839
4,40755.29442501449,53.804001658047525,46.439453125,False,722,refine,current_memory_admission,"43,44,45,48",40701.49042335644
4,40809.098426672535,53.804001658047525,46.439453125,False,723,refine,current_memory_admission,"43,44,45,48",40755.29442501449
4,40862.902428330584,53.804001658047525,46.439453125,False,724,refine,current_memory_admission,"43,44,45,48",40809.098426672535
4,40916.70642998863,53.804001658047525,46.439453125,False,725,refine,current_memory_admission,"43,44,45,48",40862.902428330584
4,40970.51043164668,53.804001658047525,46.439453125,False,726,refine,current_memory_admission,"43,44,45,48",40916.70642998863
4,41024.31443330473,53.804001658047525,46.439453125,False,727,refine,current_memory_admission,"43,44,45,48",40970.51043164668
4,41078.11843496278,53.804001658047525,46.439453125,False,728,refine,current_memory_admission,"43,44,45,48",41024.31443330473
4,41131.92243662083,53.804001658047525,46.439453125,False,729,refine,current_memory_admission,"43,44,45,48",41078.11843496278
4,41185.72643827888,53.804001658047525,46.439453125,False,730,refine,current_memory_admission,"43,44,45,48",41131.92243662083
4,41296.148880029294,110.4224417504156,467.0625,False,731,warmup,current_memory_admission,"41,42,46,47",41185.72643827888
5,41363.403882101855,67.2550020725594,58.04931640625,False,732,refine,current_memory_admission,"48,41,42,46,47",41296.148880029294
4,41417.207883759904,53.804001658047525,46.439453125,False,733,refine,current_memory_admission,"41,42,46,47",41363.403882101855
4,41471.01188541795,53.804001658047525,46.439453125,False,734,refine,current_memory_admission,"41,42,46,47",41417.207883759904
4,41524.815887076,53.804001658047525,46.439453125,False,735,refine,current_memory_admission,"41,42,46,47",41471.01188541795
4,41578.61988873405,53.804001658047525,46.439453125,False,736,refine,current_memory_admission,"41,42,46,47",41524.815887076
4,41632.4238903921,53.804001658047525,46.439453125,False,737,refine,current_memory_admission,"41,42,46,47",41578.61988873405
4,41686.22789205015,53.804001658047525,46.439453125,False,738,refine,current_memory_admission,"41,42,46,47",41632.4238903921
4,41740.0318937082,53.804001658047525,46.439453125,False,739,refine,current_memory_admission,"41,42,46,47",41686.22789205015
4,41793.83589536625,53.804001658047525,46.439453125,False,740,refine,current_memory_admission,"41,42,46,47",41740.0318937082
4,41847.639897024295,53.804001658047525,46.439453125,False,741,refine,current_memory_admission,"41,42,46,47",41793.83589536625
4,41958.06233877471,110.4224417504156,467.0625,False,742,warmup,current_memory_admission,"43,44,45,48",41847.639897024295
4,42011.86634043276,53.804001658047525,46.439453125,False,743,refine,current_memory_admission,"43,44,45,48",41958.06233877471
4,42065.67034209081,53.804001658047525,46.439453125,False,744,refine,current_memory_admission,"43,44,45,48",42011.86634043276
4,42119.47434374886,53.804001658047525,46.439453125,False,745,refine,current_memory_admission,"43,44,45,48",42065.67034209081
4,42173.27834540691,53.804001658047525,46.439453125,False,746,refine,current_memory_admission,"43,44,45,48",42119.47434374886
4,42227.082347064956,53.804001658047525,46.439453125,False,747,refine,current_memory_admission,"43,44,45,48",42173.27834540691
4,42280.886348723005,53.804001658047525,46.439453125,False,748,refine,current_memory_admission,"43,44,45,48",42227.082347064956
4,42334.69035038105,53.804001658047525,46.439453125,False,749,refine,current_memory_admission,"43,44,45,48",42280.886348723005
4,42388.4943520391,53.804001658047525,46.439453125,False,750,refine,current_memory_admission,"43,44,45,48",42334.69035038105
4,42442.29835369715,53.804001658047525,46.439453125,False,751,refine,current_memory_admission,"43,44,45,48",42388.4943520391
4,42496.1023553552,53.804001658047525,46.439453125,False,752,refine,current_memory_admission,"43,44,45,48",42442.29835369715
4,42606.524797105616,110.4224417504156,467.0625,False,753,warmup,current_memory_admission,"41,42,46,47",42496.1023553552
4,42660.328798763665,53.804001658047525,46.439453125,False,754,refine,current_memory_admission,"41,42,46,47",42606.524797105616
4,42714.132800421714,53.804001658047525,46.439453125,False,755,refine,current_memory_admission,"41,42,46,47",42660.328798763665
4,42767.93680207976,53.804001658047525,46.439453125,False,756,refine,current_memory_admission,"41,42,46,47",42714.132800421714
4,42821.74080373781,53.804001658047525,46.439453125,False,757,refine,current_memory_admission,"41,42,46,47",42767.93680207976
4,42875.54480539586,53.804001658047525,46.439453125,False,758,refine,current_memory_admission,"41,42,46,47",42821.74080373781
4,42929.34880705391,53.804001658047525,46.439453125,False,759,refine,current_memory_admission,"41,42,46,47",42875.54480539586
4,42983.15280871196,53.804001658047525,46.439453125,False,760,refine,current_memory_admission,"41,42,46,47",42929.34880705391
4,43036.95681037001,53.804001658047525,46.439453125,False,761,refine,current_memory_admission,"41,42,46,47",42983.15280871196
4,43090.76081202806,53.804001658047525,46.439453125,False,762,refine,current_memory_admission,"41,42,46,47",43036.95681037001
4,43144.564813686105,53.804001658047525,46.439453125,False,763,refine,current_memory_admission,"41,42,46,47",43090.76081202806
4,43254.98725543652,110.4224417504156,467.0625,False,764,warmup,current_memory_admission,"43,44,45,48",43144.564813686105
4,43308.79125709457,53.804001658047525,46.439453125,False,765,refine,current_memory_admission,"43,44,45,48",43254.98725543652
4,43362.59525875262,53.804001658047525,46.439453125,False,766,refine,current_memory_admission,"43,44,45,48",43308.79125709457
4,43416.39926041067,53.804001658047525,46.439453125,False,767,refine,current_memory_admission,"43,44,45,48",43362.59525875262
4,43470.20326206872,53.804001658047525,46.439453125,False,768,refine,current_memory_admission,"43,44,45,48",43416.39926041067
4,43524.007263726766,53.804001658047525,46.439453125,False,769,refine,current_memory_admission,"43,44,45,48",43470.20326206872
4,43577.811265384815,53.804001658047525,46.439453125,False,770,refine,current_memory_admission,"43,44,45,48",43524.007263726766
4,43631.615267042864,53.804001658047525,46.439453125,False,771,refine,current_memory_admission,"43,44,45,48",43577.811265384815
4,43685.41926870091,53.804001658047525,46.439453125,False,772,refine,current_memory_admission,"43,44,45,48",43631.615267042864
4,43739.22327035896,53.804001658047525,46.439453125,False,773,refine,current_memory_admission,"43,44,45,48",43685.41926870091
4,43793.02727201701,53.804001658047525,46.439453125,False,774,refine,current_memory_admission,"43,44,45,48",43739.22327035896
4,43903.449713767426,110.4224417504156,467.0625,False,775,warmup,current_memory_admission,"46,47,49,50",43793.02727201701
4,43957.253715425475,53.804001658047525,46.439453125,False,776,refine,current_memory_admission,"46,47,49,50",43903.449713767426
4,44011.057717083524,53.804001658047525,46.439453125,False,777,refine,current_memory_admission,"46,47,49,50",43957.253715425475
4,44064.86171874157,53.804001658047525,46.439453125,False,778,refine,current_memory_admission,"46,47,49,50",44011.057717083524
4,44118.66572039962,53.804001658047525,46.439453125,False,779,refine,current_memory_admission,"46,47,49,50",44064.86171874157
4,44172.46972205767,53.804001658047525,46.439453125,False,780,refine,current_memory_admission,"46,47,49,50",44118.66572039962
4,44226.27372371572,53.804001658047525,46.439453125,False,781,refine,current_memory_admission,"46,47,49,50",44172.46972205767
4,44280.07772537377,53.804001658047525,46.439453125,False,782,refine,current_memory_admission,"46,47,49,50",44226.27372371572
4,44333.88172703182,53.804001658047525,46.439453125,False,783,refine,current_memory_admission,"46,47,49,50",44280.07772537377
4,44387.68572868987,53.804001658047525,46.439453125,False,784,refine,current_memory_admission,"46,47,49,50",44333.88172703182
4,44441.489730347916,53.804001658047525,46.439453125,False,785,refine,current_memory_admission,"46,47,49,50",44387.68572868987
2,44489.23709217445,47.74736182653436,22.658203125,False,786,refine,current_memory_admission,"49,50",44441.489730347916
4,44599.65953392487,110.4224417504156,467.0625,False,787,warmup,current_memory_admission,"48,51,52,53",44489.23709217445
4,44653.463535582916,53.804001658047525,46.439453125,False,788,refine,current_memory_admission,"48,51,52,53",44599.65953392487
4,44707.267537240965,53.804001658047525,46.439453125,False,789,refine,current_memory_admission,"48,51,52,53",44653.463535582916
4,44761.071538899014,53.804001658047525,46.439453125,False,790,refine,current_memory_admission,"48,51,52,53",44707.267537240965
4,44814.87554055706,53.804001658047525,46.439453125,False,791,refine,current_memory_admission,"48,51,52,53",44761.071538899014
4,44868.67954221511,53.804001658047525,46.439453125,False,792,refine,current_memory_admission,"48,51,52,53",44814.87554055706
4,44922.48354387316,53.804001658047525,46.439453125,False,793,refine,current_memory_admission,"48,51,52,53",44868.67954221511
4,44976.28754553121,53.804001658047525,46.439453125,False,794,refine,current_memory_admission,"48,51,52,53",44922.48354387316
4,45030.09154718926,53.804001658047525,46.439453125,False,795,refine,current_memory_admission,"48,51,52,53",44976.28754553121
4,45083.89554884731,53.804001658047525,46.439453125,False,796,refine,current_memory_admission,"48,51,52,53",45030.09154718926
4,45137.69955050536,53.804001658047525,46.439453125,False,797,refine,current_memory_admission,"48,51,52,53",45083.89554884731
3,45209.32059324516,71.62104273980154,33.9873046875,False,798,refine,current_memory_admission,"51,52,53",45137.69955050536
4,45319.743034995576,110.4224417504156,467.0625,False,799,warmup,current_memory_admission,"49,50,54,51",45209.32059324516
4,45373.547036653625,53.804001658047525,46.439453125,False,800,refine,current_memory_admission,"49,50,51,54",45319.743034995576
4,45427.35103831167,53.804001658047525,46.439453125,False,801,refine,current_memory_admission,"49,50,51,54",45373.547036653625
4,45481.15503996972,53.804001658047525,46.439453125,False,802,refine,current_memory_admission,"49,50,51,54",45427.35103831167
4,45534.95904162777,53.804001658047525,46.439453125,False,803,refine,current_memory_admission,"49,50,51,54",45481.15503996972
4,45588.76304328582,53.804001658047525,46.439453125,False,804,refine,current_memory_admission,"49,50,51,54",45534.95904162777
4,45642.56704494387,53.804001658047525,46.439453125,False,805,refine,current_memory_admission,"49,50,51,54",45588.76304328582
4,45696.37104660192,53.804001658047525,46.439453125,False,806,refine,current_memory_admission,"49,50,51,54",45642.56704494387
4,45750.17504825997,53.804001658047525,46.439453125,False,807,refine,current_memory_admission,"49,50,51,54",45696.37104660192
4,45803.979049918016,53.804001658047525,46.439453125,False,808,refine,current_memory_admission,"49,50,51,54",45750.17504825997
4,45857.783051576065,53.804001658047525,46.439453125,False,809,refine,current_memory_admission,"49,50,51,54",45803.979049918016
4,45968.20549332648,110.4224417504156,467.0625,False,810,warmup,current_memory_admission,"52,53,49,50",45857.783051576065
5,46035.46049539904,67.2550020725594,58.04931640625,False,811,refine,current_memory_admission,"54,49,50,52,53",45968.20549332648
4,46089.26449705709,53.804001658047525,46.439453125,False,812,refine,current_memory_admission,"49,50,52,53",46035.46049539904
4,46143.06849871514,53.804001658047525,46.439453125,False,813,refine,current_memory_admission,"49,50,52,53",46089.26449705709
4,46196.87250037319,53.804001658047525,46.439453125,False,814,refine,current_memory_admission,"49,50,52,53",46143.06849871514
4,46250.67650203124,53.804001658047525,46.439453125,False,815,refine,current_memory_admission,"49,50,52,53",46196.87250037319
4,46304.48050368929,53.804001658047525,46.439453125,False,816,refine,current_memory_admission,"49,50,52,53",46250.67650203124
4,46358.284505347336,53.804001658047525,46.439453125,False,817,refine,current_memory_admission,"49,50,52,53",46304.48050368929
4,46412.088507005385,53.804001658047525,46.439453125,False,818,refine,current_memory_admission,"49,50,52,53",46358.284505347336
4,46465.89250866343,53.804001658047525,46.439453125,False,819,refine,current_memory_admission,"49,50,52,53",46412.088507005385
4,46519.69651032148,53.804001658047525,46.439453125,False,820,refine,current_memory_admission,"49,50,52,53",46465.89250866343
4,46630.1189520719,110.4224417504156,467.0625,False,821,warmup,current_memory_admission,"51,55,54,49",46519.69651032148
4,46683.92295372995,53.804001658047525,46.439453125,False,822,refine,current_memory_admission,"49,51,54,55",46630.1189520719
4,46737.726955387996,53.804001658047525,46.439453125,False,823,refine,current_memory_admission,"49,51,54,55",46683.92295372995
4,46791.530957046045,53.804001658047525,46.439453125,False,824,refine,current_memory_admission,"49,51,54,55",46737.726955387996
4,46845.334958704094,53.804001658047525,46.439453125,False,825,refine,current_memory_admission,"49,51,54,55",46791.530957046045
4,46899.13896036214,53.804001658047525,46.439453125,False,826,refine,current_memory_admission,"49,51,54,55",46845.334958704094
4,46952.94296202019,53.804001658047525,46.439453125,False,827,refine,current_memory_admission,"49,51,54,55",46899.13896036214
4,47006.74696367824,53.804001658047525,46.439453125,False,828,refine,current_memory_admission,"49,51,54,55",46952.94296202019
4,47060.55096533629,53.804001658047525,46.439453125,False,829,refine,current_memory_admission,"49,51,54,55",47006.74696367824
4,47114.35496699434,53.804001658047525,46.439453125,False,830,refine,current_memory_admission,"49,51,54,55",47060.55096533629
4,47168.15896865239,53.804001658047525,46.439453125,False,831,refine,current_memory_admission,"49,51,54,55",47114.35496699434
4,47278.5814104028,110.4224417504156,467.0625,False,832,warmup,current_memory_admission,"50,52,53,56",47168.15896865239
5,47345.836412475364,67.2550020725594,58.04931640625,False,833,refine,current_memory_admission,"55,50,52,53,56",47278.5814104028
4,47399.64041413341,53.804001658047525,46.439453125,False,834,refine,current_memory_admission,"50,52,53,56",47345.836412475364
4,47453.44441579146,53.804001658047525,46.439453125,False,835,refine,current_memory_admission,"50,52,53,56",47399.64041413341
4,47507.24841744951,53.804001658047525,46.439453125,False,836,refine,current_memory_admission,"50,52,53,56",47453.44441579146
4,47561.05241910756,53.804001658047525,46.439453125,False,837,refine,current_memory_admission,"50,52,53,56",47507.24841744951
4,47614.85642076561,53.804001658047525,46.439453125,False,838,refine,current_memory_admission,"50,52,53,56",47561.05241910756
4,47668.66042242366,53.804001658047525,46.439453125,False,839,refine,current_memory_admission,"50,52,53,56",47614.85642076561
4,47722.46442408171,53.804001658047525,46.439453125,False,840,refine,current_memory_admission,"50,52,53,56",47668.66042242366
4,47776.268425739756,53.804001658047525,46.439453125,False,841,refine,current_memory_admission,"50,52,53,56",47722.46442408171
4,47830.072427397805,53.804001658047525,46.439453125,False,842,refine,current_memory_admission,"50,52,53,56",47776.268425739756
4,47940.49486914822,110.4224417504156,467.0625,False,843,warmup,current_memory_admission,"51,54,57,55",47830.072427397805
5,48007.74987122078,67.2550020725594,58.04931640625,False,844,refine,current_memory_admission,"56,51,54,55,57",47940.49486914822
4,48061.55387287883,53.804001658047525,46.439453125,False,845,refine,current_memory_admission,"51,54,55,57",48007.74987122078
4,48115.35787453688,53.804001658047525,46.439453125,False,846,refine,current_memory_admission,"51,54,55,57",48061.55387287883
4,48169.16187619493,53.804001658047525,46.439453125,False,847,refine,current_memory_admission,"51,54,55,57",48115.35787453688
4,48222.96587785298,53.804001658047525,46.439453125,False,848,refine,current_memory_admission,"51,54,55,57",48169.16187619493
4,48276.76987951103,53.804001658047525,46.439453125,False,849,refine,current_memory_admission,"51,54,55,57",48222.96587785298
4,48330.573881169075,53.804001658047525,46.439453125,False,850,refine,current_memory_admission,"51,54,55,57",48276.76987951103
4,48384.377882827124,53.804001658047525,46.439453125,False,851,refine,current_memory_admission,"51,54,55,57",48330.573881169075
4,48438.18188448517,53.804001658047525,46.439453125,False,852,refine,current_memory_admission,"51,54,55,57",48384.377882827124
4,48491.98588614322,53.804001658047525,46.439453125,False,853,refine,current_memory_admission,"51,54,55,57",48438.18188448517
4,48602.40832789364,110.4224417504156,467.0625,False,854,warmup,current_memory_admission,"52,53,56,58",48491.98588614322
5,48669.6633299662,67.2550020725594,58.04931640625,False,855,refine,current_memory_admission,"57,52,53,56,58",48602.40832789364
4,48723.46733162425,53.804001658047525,46.439453125,False,856,refine,current_memory_admission,"52,53,56,58",48669.6633299662
4,48777.2713332823,53.804001658047525,46.439453125,False,857,refine,current_memory_admission,"52,53,56,58",48723.46733162425
4,48831.075334940346,53.804001658047525,46.439453125,False,858,refine,current_memory_admission,"52,53,56,58",48777.2713332823
4,48884.879336598395,53.804001658047525,46.439453125,False,859,refine,current_memory_admission,"52,53,56,58",48831.075334940346
4,48938.683338256444,53.804001658047525,46.439453125,False,860,refine,current_memory_admission,"52,53,56,58",48884.879336598395
4,48992.48733991449,53.804001658047525,46.439453125,False,861,refine,current_memory_admission,"52,53,56,58",48938.683338256444
4,49046.29134157254,53.804001658047525,46.439453125,False,862,refine,current_memory_admission,"52,53,56,58",48992.48733991449
4,49100.09534323059,53.804001658047525,46.439453125,False,863,refine,current_memory_admission,"52,53,56,58",49046.29134157254
4,49153.89934488864,53.804001658047525,46.439453125,False,864,refine,current_memory_admission,"52,53,56,58",49100.09534323059
4,49264.321786639055,110.4224417504156,467.0625,False,865,warmup,current_memory_admission,"54,55,59,57",49153.89934488864
5,49331.576788711616,67.2550020725594,58.04931640625,False,866,refine,current_memory_admission,"58,54,55,57,59",49264.321786639055
4,49385.380790369665,53.804001658047525,46.439453125,False,867,refine,current_memory_admission,"54,55,57,59",49331.576788711616
4,49439.184792027714,53.804001658047525,46.439453125,False,868,refine,current_memory_admission,"54,55,57,59",49385.380790369665
4,49492.98879368576,53.804001658047525,46.439453125,False,869,refine,current_memory_admission,"54,55,57,59",49439.184792027714
4,49546.79279534381,53.804001658047525,46.439453125,False,870,refine,current_memory_admission,"54,55,57,59",49492.98879368576
4,49600.59679700186,53.804001658047525,46.439453125,False,871,refine,current_memory_admission,"54,55,57,59",49546.79279534381
4,49654.40079865991,53.804001658047525,46.439453125,False,872,refine,current_memory_admission,"54,55,57,59",49600.59679700186
4,49708.20480031796,53.804001658047525,46.439453125,False,873,refine,current_memory_admission,"54,55,57,59",49654.40079865991
4,49762.00880197601,53.804001658047525,46.439453125,False,874,refine,current_memory_admission,"54,55,57,59",49708.20480031796
4,49815.81280363406,53.804001658047525,46.439453125,False,875,refine,current_memory_admission,"54,55,57,59",49762.00880197601
4,49926.23524538447,110.4224417504156,467.0625,False,876,warmup,current_memory_admission,"56,60,58,55",49815.81280363406
5,49993.49024745703,67.2550020725594,58.04931640625,False,877,refine,current_memory_admission,"59,55,56,58,60",49926.23524538447
4,50047.29424911508,53.804001658047525,46.439453125,False,878,refine,current_memory_admission,"55,56,58,60",49993.49024745703
4,50101.09825077313,53.804001658047525,46.439453125,False,879,refine,current_memory_admission,"55,56,58,60",50047.29424911508
4,50154.90225243118,53.804001658047525,46.439453125,False,880,refine,current_memory_admission,"55,56,58,60",50101.09825077313
4,50208.70625408923,53.804001658047525,46.439453125,False,881,refine,current_memory_admission,"55,56,58,60",50154.90225243118
4,50262.51025574728,53.804001658047525,46.439453125,False,882,refine,current_memory_admission,"55,56,58,60",50208.70625408923
4,50316.31425740533,53.804001658047525,46.439453125,False,883,refine,current_memory_admission,"55,56,58,60",50262.51025574728
4,50370.118259063376,53.804001658047525,46.439453125,False,884,refine,current_memory_admission,"55,56,58,60",50316.31425740533
4,50423.922260721425,53.804001658047525,46.439453125,False,885,refine,current_memory_admission,"55,56,58,60",50370.118259063376
4,50477.726262379474,53.804001658047525,46.439453125,False,886,refine,current_memory_admission,"55,56,58,60",50423.922260721425
4,50588.14870412989,110.4224417504156,467.0625,False,887,warmup,current_memory_admission,"57,59,56,58",50477.726262379474
5,50655.40370620245,67.2550020725594,58.04931640625,False,888,refine,current_memory_admission,"60,56,57,58,59",50588.14870412989
4,50709.2077078605,53.804001658047525,46.439453125,False,889,refine,current_memory_admission,"56,57,58,59",50655.40370620245
4,50763.01170951855,53.804001658047525,46.439453125,False,890,refine,current_memory_admission,"56,57,58,59",50709.2077078605
4,50816.8157111766,53.804001658047525,46.439453125,False,891,refine,current_memory_admission,"56,57,58,59",50763.01170951855
4,50870.61971283465,53.804001658047525,46.439453125,False,892,refine,current_memory_admission,"56,57,58,59",50816.8157111766
4,50924.423714492696,53.804001658047525,46.439453125,False,893,refine,current_memory_admission,"56,57,58,59",50870.61971283465
4,50978.227716150745,53.804001658047525,46.439453125,False,894,refine,current_memory_admission,"56,57,58,59",50924.423714492696
4,51032.03171780879,53.804001658047525,46.439453125,False,895,refine,current_memory_admission,"56,57,58,59",50978.227716150745
4,51085.83571946684,53.804001658047525,46.439453125,False,896,refine,current_memory_admission,"56,57,58,59",51032.03171780879
4,51139.63972112489,53.804001658047525,46.439453125,False,897,refine,current_memory_admission,"56,57,58,59",51085.83571946684
4,51250.06216287531,110.4224417504156,467.0625,False,898,warmup,current_memory_admission,"60,57,58,59",51139.63972112489
4,51303.866164533356,53.804001658047525,46.439453125,False,899,refine,current_memory_admission,"57,58,59,60",51250.06216287531
4,51357.670166191405,53.804001658047525,46.439453125,False,900,refine,current_memory_admission,"57,58,59,60",51303.866164533356
4,51411.474167849454,53.804001658047525,46.439453125,False,901,refine,current_memory_admission,"57,58,59,60",51357.670166191405
4,51465.2781695075,53.804001658047525,46.439453125,False,902,refine,current_memory_admission,"57,58,59,60",51411.474167849454
4,51519.08217116555,53.804001658047525,46.439453125,False,903,refine,current_memory_admission,"57,58,59,60",51465.2781695075
4,51572.8861728236,53.804001658047525,46.439453125,False,904,refine,current_memory_admission,"57,58,59,60",51519.08217116555
4,51626.69017448165,53.804001658047525,46.439453125,False,905,refine,current_memory_admission,"57,58,59,60",51572.8861728236
4,51680.4941761397,53.804001658047525,46.439453125,False,906,refine,current_memory_admission,"57,58,59,60",51626.69017448165
4,51734.29817779775,53.804001658047525,46.439453125,False,907,refine,current_memory_admission,"57,58,59,60",51680.4941761397
4,51788.1021794558,53.804001658047525,46.439453125,False,908,refine,current_memory_admission,"57,58,59,60",51734.29817779775
2,51860.10665595973,72.00447650393471,235.28125,False,909,warmup,current_memory_admission,"59,60",51788.1021794558
2,51907.85401778627,47.74736182653436,22.658203125,False,910,refine,current_memory_admission,"59,60",51860.10665595973
2,51955.6013796128,47.74736182653436,22.658203125,False,911,refine,current_memory_admission,"59,60",51907.85401778627
2,52003.34874143934,47.74736182653436,22.658203125,False,912,refine,current_memory_admission,"59,60",51955.6013796128
2,52051.096103265874,47.74736182653436,22.658203125,False,913,refine,current_memory_admission,"59,60",52003.34874143934
2,52098.84346509241,47.74736182653436,22.658203125,False,914,refine,current_memory_admission,"59,60",52051.096103265874
2,52146.590826918946,47.74736182653436,22.658203125,False,915,refine,current_memory_admission,"59,60",52098.84346509241
2,52194.33818874548,47.74736182653436,22.658203125,False,916,refine,current_memory_admission,"59,60",52146.590826918946
2,52242.08555057202,47.74736182653436,22.658203125,False,917,refine,current_memory_admission,"59,60",52194.33818874548
2,52289.83291239855,47.74736182653436,22.658203125,False,918,refine,current_memory_admission,"59,60",52242.08555057202
2,52337.58027422509,47.74736182653436,22.658203125,False,919,refine,current_memory_admission,"59,60",52289.83291239855
1,52376.27905496838,38.69878074328881,117.5458984375,False,920,warmup,current_memory_admission,60,52337.58027422509
1,52420.83805511565,44.559000147273764,12.220703125,False,921,refine,current_memory_admission,60,52376.27905496838
1,52465.397055262925,44.559000147273764,12.220703125,False,922,refine,current_memory_admission,60,52420.83805511565
1,52509.9560554102,44.559000147273764,12.220703125,False,923,refine,current_memory_admission,60,52465.397055262925
1,52554.51505555747,44.559000147273764,12.220703125,False,924,refine,current_memory_admission,60,52509.9560554102
1,52599.07405570475,44.559000147273764,12.220703125,False,925,refine,current_memory_admission,60,52554.51505555747
1,52643.63305585202,44.559000147273764,12.220703125,False,926,refine,current_memory_admission,60,52599.07405570475
1,52688.192055999294,44.559000147273764,12.220703125,False,927,refine,current_memory_admission,60,52643.63305585202
1,52732.75105614657,44.559000147273764,12.220703125,False,928,refine,current_memory_admission,60,52688.192055999294
1,52777.31005629384,44.559000147273764,12.220703125,False,929,refine,current_memory_admission,60,52732.75105614657
1,52821.869056441115,44.559000147273764,12.220703125,False,930,refine,current_memory_admission,60,52777.31005629384
1,53603.8137552877,38.69878074328881,117.5458984375,False,931,warmup,current_memory_admission,61,53565.11497454441
1,53648.372755434975,44.559000147273764,12.220703125,False,932,refine,current_memory_admission,61,53603.8137552877
1,53692.93175558225,44.559000147273764,12.220703125,False,933,refine,current_memory_admission,61,53648.372755434975
1,53737.49075572952,44.559000147273764,12.220703125,False,934,refine,current_memory_admission,61,53692.93175558225
1,53782.0497558768,44.559000147273764,12.220703125,False,935,refine,current_memory_admission,61,53737.49075572952
1,53826.60875602407,44.559000147273764,12.220703125,False,936,refine,current_memory_admission,61,53782.0497558768
1,53871.167756171344,44.559000147273764,12.220703125,False,937,refine,current_memory_admission,61,53826.60875602407
1,53915.72675631862,44.559000147273764,12.220703125,False,938,refine,current_memory_admission,61,53871.167756171344
1,53960.28575646589,44.559000147273764,12.220703125,False,939,refine,current_memory_admission,61,53915.72675631862
1,54004.844756613165,44.559000147273764,12.220703125,False,940,refine,current_memory_admission,61,53960.28575646589
1,54049.40375676044,44.559000147273764,12.220703125,False,941,refine,current_memory_admission,61,54004.844756613165
1,54093.96275690771,44.559000147273764,12.220703125,False,942,refine,current_memory_admission,61,54049.40375676044
1,54132.661537651,38.69878074328881,117.5458984375,False,943,warmup,current_memory_admission,61,54093.96275690771
1,54177.220537798275,44.559000147273764,12.220703125,False,944,refine,current_memory_admission,61,54132.661537651
1,54221.77953794555,44.559000147273764,12.220703125,False,945,refine,current_memory_admission,61,54177.220537798275
1,54266.33853809282,44.559000147273764,12.220703125,False,946,refine,current_memory_admission,61,54221.77953794555
1,54310.8975382401,44.559000147273764,12.220703125,False,947,refine,current_memory_admission,61,54266.33853809282
1,54355.45653838737,44.559000147273764,12.220703125,False,948,refine,current_memory_admission,61,54310.8975382401
1,54400.015538534644,44.559000147273764,12.220703125,False,949,refine,current_memory_admission,61,54355.45653838737
1,54444.57453868192,44.559000147273764,12.220703125,False,950,refine,current_memory_admission,61,54400.015538534644
1,54489.13353882919,44.559000147273764,12.220703125,False,951,refine,current_memory_admission,61,54444.57453868192
1,54533.692538976466,44.559000147273764,12.220703125,False,952,refine,current_memory_admission,61,54489.13353882919
1,54578.25153912374,44.559000147273764,12.220703125,False,953,refine,current_memory_admission,61,54533.692538976466
1,54616.95031986703,38.69878074328881,117.5458984375,False,954,warmup,current_memory_admission,61,54578.25153912374
1,54655.64910061032,38.69878074328881,117.5458984375,False,955,warmup,current_memory_admission,62,54616.95031986703
2,54703.39646243685,47.74736182653436,22.658203125,False,956,refine,current_memory_admission,"61,62",54655.64910061032
2,54751.14382426339,47.74736182653436,22.658203125,False,957,refine,current_memory_admission,"61,62",54703.39646243685
2,54798.891186089924,47.74736182653436,22.658203125,False,958,refine,current_memory_admission,"61,62",54751.14382426339
2,54846.63854791646,47.74736182653436,22.658203125,False,959,refine,current_memory_admission,"61,62",54798.891186089924
2,54894.385909742996,47.74736182653436,22.658203125,False,960,refine,current_memory_admission,"61,62",54846.63854791646
2,54942.13327156953,47.74736182653436,22.658203125,False,961,refine,current_memory_admission,"61,62",54894.385909742996
2,54989.88063339607,47.74736182653436,22.658203125,False,962,refine,current_memory_admission,"61,62",54942.13327156953
2,55037.6279952226,47.74736182653436,22.658203125,False,963,refine,current_memory_admission,"61,62",54989.88063339607
2,55085.37535704914,47.74736182653436,22.658203125,False,964,refine,current_memory_admission,"61,62",55037.6279952226
2,55133.122718875675,47.74736182653436,22.658203125,False,965,refine,current_memory_admission,"61,62",55085.37535704914
1,55171.82149961896,38.69878074328881,117.5458984375,False,966,warmup,current_memory_admission,61,55133.122718875675
2,55219.5688614455,47.74736182653436,22.658203125,False,967,refine,current_memory_admission,"62,61",55171.82149961896
1,55258.26764218879,38.69878074328881,117.5458984375,False,968,warmup,current_memory_admission,62,55219.5688614455
2,55306.015004015324,47.74736182653436,22.658203125,False,969,refine,current_memory_admission,"61,62",55258.26764218879
2,55353.76236584186,47.74736182653436,22.658203125,False,970,refine,current_memory_admission,"61,62",55306.015004015324
2,55401.509727668395,47.74736182653436,22.658203125,False,971,refine,current_memory_admission,"61,62",55353.76236584186
2,55449.25708949493,47.74736182653436,22.658203125,False,972,refine,current_memory_admission,"61,62",55401.509727668395
2,55497.00445132147,47.74736182653436,22.658203125,False,973,refine,current_memory_admission,"61,62",55449.25708949493
2,55544.751813148,47.74736182653436,22.658203125,False,974,refine,current_memory_admission,"61,62",55497.00445132147
2,55592.49917497454,47.74736182653436,22.658203125,False,975,refine,current_memory_admission,"61,62",55544.751813148
2,55640.246536801074,47.74736182653436,22.658203125,False,976,refine,current_memory_admission,"61,62",55592.49917497454
2,55687.99389862761,47.74736182653436,22.658203125,False,977,refine,current_memory_admission,"61,62",55640.246536801074
1,55726.6926793709,38.69878074328881,117.5458984375,False,978,warmup,current_memory_admission,63,55687.99389862761
2,55774.440041197435,47.74736182653436,22.658203125,False,979,refine,current_memory_admission,"62,63",55726.6926793709
1,55813.13882194072,38.69878074328881,117.5458984375,False,980,warmup,current_memory_admission,62,55774.440041197435
2,55860.88618376726,47.74736182653436,22.658203125,False,981,refine,current_memory_admission,"63,62",55813.13882194072
2,55908.633545593795,47.74736182653436,22.658203125,False,982,refine,current_memory_admission,"62,63",55860.88618376726
2,55956.38090742033,47.74736182653436,22.658203125,False,983,refine,current_memory_admission,"62,63",55908.633545593795
2,56004.12826924687,47.74736182653436,22.658203125,False,984,refine,current_memory_admission,"62,63",55956.38090742033
2,56051.8756310734,47.74736182653436,22.658203125,False,985,refine,current_memory_admission,"62,63",56004.12826924687
2,56099.62299289994,47.74736182653436,22.658203125,False,986,refine,current_memory_admission,"62,63",56051.8756310734
2,56147.370354726474,47.74736182653436,22.658203125,False,987,refine,current_memory_admission,"62,63",56099.62299289994
2,56195.11771655301,47.74736182653436,22.658203125,False,988,refine,current_memory_admission,"62,63",56147.370354726474
2,56242.865078379546,47.74736182653436,22.658203125,False,989,refine,current_memory_admission,"62,63",56195.11771655301
2,56290.61244020608,47.74736182653436,22.658203125,False,990,refine,current_memory_admission,"62,63",56242.865078379546
2,56362.616916710016,72.00447650393471,235.28125,False,991,warmup,current_memory_admission,"62,63",56290.61244020608
2,56410.36427853655,47.74736182653436,22.658203125,False,992,refine,current_memory_admission,"62,63",56362.616916710016
2,56458.11164036309,47.74736182653436,22.658203125,False,993,refine,current_memory_admission,"62,63",56410.36427853655
2,56505.85900218962,47.74736182653436,22.658203125,False,994,refine,current_memory_admission,"62,63",56458.11164036309
2,56553.60636401616,47.74736182653436,22.658203125,False,995,refine,current_memory_admission,"62,63",56505.85900218962
2,56601.353725842695,47.74736182653436,22.658203125,False,996,refine,current_memory_admission,"62,63",56553.60636401616
2,56649.10108766923,47.74736182653436,22.658203125,False,997,refine,current_memory_admission,"62,63",56601.353725842695
2,56696.84844949577,47.74736182653436,22.658203125,False,998,refine,current_memory_admission,"62,63",56649.10108766923
2,56744.5958113223,47.74736182653436,22.658203125,False,999,refine,current_memory_admission,"62,63",56696.84844949577
2,56792.34317314884,47.74736182653436,22.658203125,False,1000,refine,current_memory_admission,"62,63",56744.5958113223
2,56840.090534975374,47.74736182653436,22.658203125,False,1001,refine,current_memory_admission,"62,63",56792.34317314884
1,56878.78931571866,38.69878074328881,117.5458984375,False,1002,warmup,current_memory_admission,63,56840.090534975374
1,56923.34831586594,44.559000147273764,12.220703125,False,1003,refine,current_memory_admission,63,56878.78931571866
1,56967.90731601321,44.559000147273764,12.220703125,False,1004,refine,current_memory_admission,63,56923.34831586594
1,57012.466316160484,44.559000147273764,12.220703125,False,1005,refine,current_memory_admission,63,56967.90731601321
1,57057.02531630776,44.559000147273764,12.220703125,False,1006,refine,current_memory_admission,63,57012.466316160484
1,57101.58431645503,44.559000147273764,12.220703125,False,1007,refine,current_memory_admission,63,57057.02531630776
1,57146.143316602305,44.559000147273764,12.220703125,False,1008,refine,current_memory_admission,63,57101.58431645503
1,57190.70231674958,44.559000147273764,12.220703125,False,1009,refine,current_memory_admission,63,57146.143316602305
1,57235.26131689685,44.559000147273764,12.220703125,False,1010,refine,current_memory_admission,63,57190.70231674958
1,57279.82031704413,44.559000147273764,12.220703125,False,1011,refine,current_memory_admission,63,57235.26131689685
1,57324.3793171914,44.559000147273764,12.220703125,False,1012,refine,current_memory_admission,63,57279.82031704413
1,57363.07809793469,38.69878074328881,117.5458984375,False,1013,warmup,current_memory_admission,63,57324.3793171914
1,57407.63709808196,44.559000147273764,12.220703125,False,1014,refine,current_memory_admission,63,57363.07809793469
1,57452.19609822924,44.559000147273764,12.220703125,False,1015,refine,current_memory_admission,63,57407.63709808196
1,57496.75509837651,44.559000147273764,12.220703125,False,1016,refine,current_memory_admission,63,57452.19609822924
1,57541.314098523784,44.559000147273764,12.220703125,False,1017,refine,current_memory_admission,63,57496.75509837651
1,57585.87309867106,44.559000147273764,12.220703125,False,1018,refine,current_memory_admission,63,57541.314098523784
1,57630.43209881833,44.559000147273764,12.220703125,False,1019,refine,current_memory_admission,63,57585.87309867106
1,57674.991098965605,44.559000147273764,12.220703125,False,1020,refine,current_memory_admission,63,57630.43209881833
1,57719.55009911288,44.559000147273764,12.220703125,False,1021,refine,current_memory_admission,63,57674.991098965605
1,57764.10909926015,44.559000147273764,12.220703125,False,1022,refine,current_memory_admission,63,57719.55009911288
1,57808.66809940743,44.559000147273764,12.220703125,False,1023,refine,current_memory_admission,63,57764.10909926015
1,38.69878074328881,38.69878074328881,117.5458984375,False,0,warmup,refresh_aware_admission,0,0.0
1,83.25778089056257,44.559000147273764,12.220703125,False,1,refine,refresh_aware_admission,0,38.69878074328881
1,127.81678103783634,44.559000147273764,12.220703125,False,2,refine,refresh_aware_admission,0,83.25778089056257
1,172.3757811851101,44.559000147273764,12.220703125,False,3,refine,refresh_aware_admission,0,127.81678103783634
1,216.93478133238386,44.559000147273764,12.220703125,False,4,refine,refresh_aware_admission,0,172.3757811851101
1,261.4937814796576,44.559000147273764,12.220703125,False,5,refine,refresh_aware_admission,0,216.93478133238386
1,306.0527816269314,44.559000147273764,12.220703125,False,6,refine,refresh_aware_admission,0,261.4937814796576
1,350.61178177420516,44.559000147273764,12.220703125,False,7,refine,refresh_aware_admission,0,306.0527816269314
1,395.1707819214789,44.559000147273764,12.220703125,False,8,refine,refresh_aware_admission,0,350.61178177420516
1,439.7297820687527,44.559000147273764,12.220703125,False,9,refine,refresh_aware_admission,0,395.1707819214789
1,484.28878221602645,44.559000147273764,12.220703125,False,10,refine,refresh_aware_admission,0,439.7297820687527
1,528.8477823633002,44.559000147273764,12.220703125,False,11,refine,refresh_aware_admission,0,484.28878221602645
1,567.546563106589,38.69878074328881,117.5458984375,False,12,warmup,refresh_aware_admission,0,528.8477823633002
1,612.1055632538628,44.559000147273764,12.220703125,False,13,refine,refresh_aware_admission,0,567.546563106589
1,656.6645634011365,44.559000147273764,12.220703125,False,14,refine,refresh_aware_admission,0,612.1055632538628
1,701.2235635484103,44.559000147273764,12.220703125,False,15,refine,refresh_aware_admission,0,656.6645634011365
1,745.7825636956841,44.559000147273764,12.220703125,False,16,refine,refresh_aware_admission,0,701.2235635484103
1,790.3415638429578,44.559000147273764,12.220703125,False,17,refine,refresh_aware_admission,0,745.7825636956841
1,834.9005639902316,44.559000147273764,12.220703125,False,18,refine,refresh_aware_admission,0,790.3415638429578
1,879.4595641375054,44.559000147273764,12.220703125,False,19,refine,refresh_aware_admission,0,834.9005639902316
1,924.0185642847791,44.559000147273764,12.220703125,False,20,refine,refresh_aware_admission,0,879.4595641375054
1,968.5775644320529,44.559000147273764,12.220703125,False,21,refine,refresh_aware_admission,0,924.0185642847791
1,1013.1365645793267,44.559000147273764,12.220703125,False,22,refine,refresh_aware_admission,0,968.5775644320529
1,1051.8353453226155,38.69878074328881,117.5458984375,False,23,warmup,refresh_aware_admission,0,1013.1365645793267
2,1123.8398218265502,72.00447650393471,235.28125,False,24,warmup,refresh_aware_admission,"1,2",1051.8353453226155
3,1195.4608645663518,71.62104273980154,33.9873046875,False,25,refine,refresh_aware_admission,"0,1,2",1123.8398218265502
3,1267.0819073061534,71.62104273980154,33.9873046875,False,26,refine,refresh_aware_admission,"0,1,2",1195.4608645663518
3,1338.702950045955,71.62104273980154,33.9873046875,False,27,refine,refresh_aware_admission,"0,1,2",1267.0819073061534
3,1410.3239927857567,71.62104273980154,33.9873046875,False,28,refine,refresh_aware_admission,"0,1,2",1338.702950045955
3,1481.9450355255583,71.62104273980154,33.9873046875,False,29,refine,refresh_aware_admission,"0,1,2",1410.3239927857567
3,1553.56607826536,71.62104273980154,33.9873046875,False,30,refine,refresh_aware_admission,"0,1,2",1481.9450355255583
3,1625.1871210051615,71.62104273980154,33.9873046875,False,31,refine,refresh_aware_admission,"0,1,2",1553.56607826536
3,1696.8081637449632,71.62104273980154,33.9873046875,False,32,refine,refresh_aware_admission,"0,1,2",1625.1871210051615
3,1768.4292064847648,71.62104273980154,33.9873046875,False,33,refine,refresh_aware_admission,"0,1,2",1696.8081637449632
3,1840.0502492245664,71.62104273980154,33.9873046875,False,34,refine,refresh_aware_admission,"0,1,2",1768.4292064847648
2,1887.7976110511008,47.74736182653436,22.658203125,False,35,refine,refresh_aware_admission,"1,2",1840.0502492245664
4,1998.2200528015164,110.4224417504156,467.0625,False,36,warmup,refresh_aware_admission,"3,0,1,2",1887.7976110511008
4,2052.024054459564,53.804001658047525,46.439453125,False,37,refine,refresh_aware_admission,"0,1,2,3",1998.2200528015164
4,2105.8280561176116,53.804001658047525,46.439453125,False,38,refine,refresh_aware_admission,"0,1,2,3",2052.024054459564
4,2159.632057775659,53.804001658047525,46.439453125,False,39,refine,refresh_aware_admission,"0,1,2,3",2105.8280561176116
4,2213.4360594337068,53.804001658047525,46.439453125,False,40,refine,refresh_aware_admission,"0,1,2,3",2159.632057775659
4,2267.2400610917543,53.804001658047525,46.439453125,False,41,refine,refresh_aware_admission,"0,1,2,3",2213.4360594337068
4,2321.044062749802,53.804001658047525,46.439453125,False,42,refine,refresh_aware_admission,"0,1,2,3",2267.2400610917543
4,2374.8480644078495,53.804001658047525,46.439453125,False,43,refine,refresh_aware_admission,"0,1,2,3",2321.044062749802
4,2428.652066065897,53.804001658047525,46.439453125,False,44,refine,refresh_aware_admission,"0,1,2,3",2374.8480644078495
4,2482.4560677239447,53.804001658047525,46.439453125,False,45,refine,refresh_aware_admission,"0,1,2,3",2428.652066065897
4,2536.2600693819923,53.804001658047525,46.439453125,False,46,refine,refresh_aware_admission,"0,1,2,3",2482.4560677239447
3,2644.2667841378943,108.00671475590207,352.921875,False,47,warmup,refresh_aware_admission,"1,2,4",2536.2600693819923
4,2698.070785795942,53.804001658047525,46.439453125,False,48,refine,refresh_aware_admission,"3,1,2,4",2644.2667841378943
3,2769.6918285357433,71.62104273980154,33.9873046875,False,49,refine,refresh_aware_admission,"1,2,4",2698.070785795942
3,2841.3128712755447,71.62104273980154,33.9873046875,False,50,refine,refresh_aware_admission,"1,2,4",2769.6918285357433
3,2912.933914015346,71.62104273980154,33.9873046875,False,51,refine,refresh_aware_admission,"1,2,4",2841.3128712755447
3,2984.5549567551475,71.62104273980154,33.9873046875,False,52,refine,refresh_aware_admission,"1,2,4",2912.933914015346
3,3056.175999494949,71.62104273980154,33.9873046875,False,53,refine,refresh_aware_admission,"1,2,4",2984.5549567551475
3,3127.7970422347503,71.62104273980154,33.9873046875,False,54,refine,refresh_aware_admission,"1,2,4",3056.175999494949
3,3199.4180849745517,71.62104273980154,33.9873046875,False,55,refine,refresh_aware_admission,"1,2,4",3127.7970422347503
3,3271.039127714353,71.62104273980154,33.9873046875,False,56,refine,refresh_aware_admission,"1,2,4",3199.4180849745517
3,3342.6601704541545,71.62104273980154,33.9873046875,False,57,refine,refresh_aware_admission,"1,2,4",3271.039127714353
3,3450.6668852100565,108.00671475590207,352.921875,False,58,warmup,refresh_aware_admission,"3,1,2",3342.6601704541545
4,3504.470886868104,53.804001658047525,46.439453125,False,59,refine,refresh_aware_admission,"4,1,2,3",3450.6668852100565
3,3576.0919296079055,71.62104273980154,33.9873046875,False,60,refine,refresh_aware_admission,"1,2,3",3504.470886868104
3,3647.712972347707,71.62104273980154,33.9873046875,False,61,refine,refresh_aware_admission,"1,2,3",3576.0919296079055
3,3719.3340150875083,71.62104273980154,33.9873046875,False,62,refine,refresh_aware_admission,"1,2,3",3647.712972347707
3,3790.9550578273097,71.62104273980154,33.9873046875,False,63,refine,refresh_aware_admission,"1,2,3",3719.3340150875083
3,3862.576100567111,71.62104273980154,33.9873046875,False,64,refine,refresh_aware_admission,"1,2,3",3790.9550578273097
3,3934.1971433069125,71.62104273980154,33.9873046875,False,65,refine,refresh_aware_admission,"1,2,3",3862.576100567111
3,4005.818186046714,71.62104273980154,33.9873046875,False,66,refine,refresh_aware_admission,"1,2,3",3934.1971433069125
3,4077.4392287865153,71.62104273980154,33.9873046875,False,67,refine,refresh_aware_admission,"1,2,3",4005.818186046714
3,4149.060271526317,71.62104273980154,33.9873046875,False,68,refine,refresh_aware_admission,"1,2,3",4077.4392287865153
4,4259.482713276732,110.4224417504156,467.0625,False,69,warmup,refresh_aware_admission,"4,3,5,6",4149.060271526317
4,4313.286714934779,53.804001658047525,46.439453125,False,70,refine,refresh_aware_admission,"3,4,5,6",4259.482713276732
4,4367.0907165928265,53.804001658047525,46.439453125,False,71,refine,refresh_aware_admission,"3,4,5,6",4313.286714934779
4,4420.894718250874,53.804001658047525,46.439453125,False,72,refine,refresh_aware_admission,"3,4,5,6",4367.0907165928265
4,4474.698719908921,53.804001658047525,46.439453125,False,73,refine,refresh_aware_admission,"3,4,5,6",4420.894718250874
4,4528.502721566968,53.804001658047525,46.439453125,False,74,refine,refresh_aware_admission,"3,4,5,6",4474.698719908921
4,4582.306723225015,53.804001658047525,46.439453125,False,75,refine,refresh_aware_admission,"3,4,5,6",4528.502721566968
4,4636.110724883062,53.804001658047525,46.439453125,False,76,refine,refresh_aware_admission,"3,4,5,6",4582.306723225015
4,4689.914726541109,53.804001658047525,46.439453125,False,77,refine,refresh_aware_admission,"3,4,5,6",4636.110724883062
4,4743.718728199156,53.804001658047525,46.439453125,False,78,refine,refresh_aware_admission,"3,4,5,6",4689.914726541109
4,4797.522729857204,53.804001658047525,46.439453125,False,79,refine,refresh_aware_admission,"3,4,5,6",4743.718728199156
2,4845.2700916837375,47.74736182653436,22.658203125,False,80,refine,refresh_aware_admission,"5,6",4797.522729857204
4,4955.692533434153,110.4224417504156,467.0625,False,81,warmup,refresh_aware_admission,"3,4,5,6",4845.2700916837375
4,5009.4965350922,53.804001658047525,46.439453125,False,82,refine,refresh_aware_admission,"3,4,5,6",4955.692533434153
4,5063.300536750247,53.804001658047525,46.439453125,False,83,refine,refresh_aware_admission,"3,4,5,6",5009.4965350922
4,5117.1045384082945,53.804001658047525,46.439453125,False,84,refine,refresh_aware_admission,"3,4,5,6",5063.300536750247
4,5170.908540066342,53.804001658047525,46.439453125,False,85,refine,refresh_aware_admission,"3,4,5,6",5117.1045384082945
4,5224.712541724389,53.804001658047525,46.439453125,False,86,refine,refresh_aware_admission,"3,4,5,6",5170.908540066342
4,5278.516543382436,53.804001658047525,46.439453125,False,87,refine,refresh_aware_admission,"3,4,5,6",5224.712541724389
4,5332.320545040483,53.804001658047525,46.439453125,False,88,refine,refresh_aware_admission,"3,4,5,6",5278.516543382436
4,5386.12454669853,53.804001658047525,46.439453125,False,89,refine,refresh_aware_admission,"3,4,5,6",5332.320545040483
4,5439.928548356577,53.804001658047525,46.439453125,False,90,refine,refresh_aware_admission,"3,4,5,6",5386.12454669853
4,5493.732550014624,53.804001658047525,46.439453125,False,91,refine,refresh_aware_admission,"3,4,5,6",5439.928548356577
3,5601.7392647705265,108.00671475590207,352.921875,False,92,warmup,refresh_aware_admission,"4,5,6",5493.732550014624
3,5673.360307510328,71.62104273980154,33.9873046875,False,93,refine,refresh_aware_admission,"4,5,6",5601.7392647705265
3,5744.98135025013,71.62104273980154,33.9873046875,False,94,refine,refresh_aware_admission,"4,5,6",5673.360307510328
3,5816.602392989932,71.62104273980154,33.9873046875,False,95,refine,refresh_aware_admission,"4,5,6",5744.98135025013
3,5888.223435729734,71.62104273980154,33.9873046875,False,96,refine,refresh_aware_admission,"4,5,6",5816.602392989932
3,5959.844478469536,71.62104273980154,33.9873046875,False,97,refine,refresh_aware_admission,"4,5,6",5888.223435729734
3,6031.465521209338,71.62104273980154,33.9873046875,False,98,refine,refresh_aware_admission,"4,5,6",5959.844478469536
3,6103.086563949139,71.62104273980154,33.9873046875,False,99,refine,refresh_aware_admission,"4,5,6",6031.465521209338
3,6174.707606688941,71.62104273980154,33.9873046875,False,100,refine,refresh_aware_admission,"4,5,6",6103.086563949139
3,6246.328649428743,71.62104273980154,33.9873046875,False,101,refine,refresh_aware_admission,"4,5,6",6174.707606688941
3,6317.949692168545,71.62104273980154,33.9873046875,False,102,refine,refresh_aware_admission,"4,5,6",6246.328649428743
3,6425.956406924447,108.00671475590207,352.921875,False,103,warmup,refresh_aware_admission,"5,6,7",6317.949692168545
3,6497.577449664249,71.62104273980154,33.9873046875,False,104,refine,refresh_aware_admission,"5,6,7",6425.956406924447
3,6569.198492404051,71.62104273980154,33.9873046875,False,105,refine,refresh_aware_admission,"5,6,7",6497.577449664249
3,6640.819535143853,71.62104273980154,33.9873046875,False,106,refine,refresh_aware_admission,"5,6,7",6569.198492404051
3,6712.440577883654,71.62104273980154,33.9873046875,False,107,refine,refresh_aware_admission,"5,6,7",6640.819535143853
3,6784.061620623456,71.62104273980154,33.9873046875,False,108,refine,refresh_aware_admission,"5,6,7",6712.440577883654
3,6855.682663363258,71.62104273980154,33.9873046875,False,109,refine,refresh_aware_admission,"5,6,7",6784.061620623456
3,6927.30370610306,71.62104273980154,33.9873046875,False,110,refine,refresh_aware_admission,"5,6,7",6855.682663363258
3,6998.924748842862,71.62104273980154,33.9873046875,False,111,refine,refresh_aware_admission,"5,6,7",6927.30370610306
3,7070.545791582664,71.62104273980154,33.9873046875,False,112,refine,refresh_aware_admission,"5,6,7",6998.924748842862
3,7142.166834322466,71.62104273980154,33.9873046875,False,113,refine,refresh_aware_admission,"5,6,7",7070.545791582664
3,7250.173549078368,108.00671475590207,352.921875,False,114,warmup,refresh_aware_admission,"8,9,10",7142.166834322466
4,7303.977550736415,53.804001658047525,46.439453125,False,115,refine,refresh_aware_admission,"7,8,9,10",7250.173549078368
3,7375.598593476217,71.62104273980154,33.9873046875,False,116,refine,refresh_aware_admission,"8,9,10",7303.977550736415
3,7447.219636216018,71.62104273980154,33.9873046875,False,117,refine,refresh_aware_admission,"8,9,10",7375.598593476217
3,7518.84067895582,71.62104273980154,33.9873046875,False,118,refine,refresh_aware_admission,"8,9,10",7447.219636216018
3,7590.461721695622,71.62104273980154,33.9873046875,False,119,refine,refresh_aware_admission,"8,9,10",7518.84067895582
3,7662.082764435424,71.62104273980154,33.9873046875,False,120,refine,refresh_aware_admission,"8,9,10",7590.461721695622
3,7733.703807175226,71.62104273980154,33.9873046875,False,121,refine,refresh_aware_admission,"8,9,10",7662.082764435424
3,7805.324849915028,71.62104273980154,33.9873046875,False,122,refine,refresh_aware_admission,"8,9,10",7733.703807175226
3,7876.94589265483,71.62104273980154,33.9873046875,False,123,refine,refresh_aware_admission,"8,9,10",7805.324849915028
3,7948.566935394631,71.62104273980154,33.9873046875,False,124,refine,refresh_aware_admission,"8,9,10",7876.94589265483
3,8020.187978134433,71.62104273980154,33.9873046875,False,125,refine,refresh_aware_admission,"8,9,10",7948.566935394631
4,8130.610419884849,110.4224417504156,467.0625,False,126,warmup,refresh_aware_admission,"7,8,9,10",8020.187978134433
4,8184.414421542896,53.804001658047525,46.439453125,False,127,refine,refresh_aware_admission,"7,8,9,10",8130.610419884849
4,8238.218423200944,53.804001658047525,46.439453125,False,128,refine,refresh_aware_admission,"7,8,9,10",8184.414421542896
4,8292.022424858991,53.804001658047525,46.439453125,False,129,refine,refresh_aware_admission,"7,8,9,10",8238.218423200944
4,8345.826426517038,53.804001658047525,46.439453125,False,130,refine,refresh_aware_admission,"7,8,9,10",8292.022424858991
4,8399.630428175085,53.804001658047525,46.439453125,False,131,refine,refresh_aware_admission,"7,8,9,10",8345.826426517038
4,8453.434429833133,53.804001658047525,46.439453125,False,132,refine,refresh_aware_admission,"7,8,9,10",8399.630428175085
4,8507.23843149118,53.804001658047525,46.439453125,False,133,refine,refresh_aware_admission,"7,8,9,10",8453.434429833133
4,8561.042433149227,53.804001658047525,46.439453125,False,134,refine,refresh_aware_admission,"7,8,9,10",8507.23843149118
4,8614.846434807274,53.804001658047525,46.439453125,False,135,refine,refresh_aware_admission,"7,8,9,10",8561.042433149227
4,8668.650436465321,53.804001658047525,46.439453125,False,136,refine,refresh_aware_admission,"7,8,9,10",8614.846434807274
4,8779.072878215737,110.4224417504156,467.0625,False,137,warmup,refresh_aware_admission,"7,8,9,10",8668.650436465321
4,8832.876879873784,53.804001658047525,46.439453125,False,138,refine,refresh_aware_admission,"7,8,9,10",8779.072878215737
4,8886.68088153183,53.804001658047525,46.439453125,False,139,refine,refresh_aware_admission,"7,8,9,10",8832.876879873784
4,8940.484883189878,53.804001658047525,46.439453125,False,140,refine,refresh_aware_admission,"7,8,9,10",8886.68088153183
4,8994.288884847925,53.804001658047525,46.439453125,False,141,refine,refresh_aware_admission,"7,8,9,10",8940.484883189878
4,9048.092886505972,53.804001658047525,46.439453125,False,142,refine,refresh_aware_admission,"7,8,9,10",8994.288884847925
4,9101.89688816402,53.804001658047525,46.439453125,False,143,refine,refresh_aware_admission,"7,8,9,10",9048.092886505972
4,9155.700889822067,53.804001658047525,46.439453125,False,144,refine,refresh_aware_admission,"7,8,9,10",9101.89688816402
4,9209.504891480114,53.804001658047525,46.439453125,False,145,refine,refresh_aware_admission,"7,8,9,10",9155.700889822067
4,9263.30889313816,53.804001658047525,46.439453125,False,146,refine,refresh_aware_admission,"7,8,9,10",9209.504891480114
4,9317.112894796208,53.804001658047525,46.439453125,False,147,refine,refresh_aware_admission,"7,8,9,10",9263.30889313816
4,9427.535336546624,110.4224417504156,467.0625,False,148,warmup,refresh_aware_admission,"7,8,9,10",9317.112894796208
4,9481.33933820467,53.804001658047525,46.439453125,False,149,refine,refresh_aware_admission,"7,8,9,10",9427.535336546624
4,9535.143339862718,53.804001658047525,46.439453125,False,150,refine,refresh_aware_admission,"7,8,9,10",9481.33933820467
4,9588.947341520765,53.804001658047525,46.439453125,False,151,refine,refresh_aware_admission,"7,8,9,10",9535.143339862718
4,9642.751343178812,53.804001658047525,46.439453125,False,152,refine,refresh_aware_admission,"7,8,9,10",9588.947341520765
4,9696.55534483686,53.804001658047525,46.439453125,False,153,refine,refresh_aware_admission,"7,8,9,10",9642.751343178812
4,9750.359346494906,53.804001658047525,46.439453125,False,154,refine,refresh_aware_admission,"7,8,9,10",9696.55534483686
4,9804.163348152953,53.804001658047525,46.439453125,False,155,refine,refresh_aware_admission,"7,8,9,10",9750.359346494906
4,9857.967349811,53.804001658047525,46.439453125,False,156,refine,refresh_aware_admission,"7,8,9,10",9804.163348152953
4,9911.771351469048,53.804001658047525,46.439453125,False,157,refine,refresh_aware_admission,"7,8,9,10",9857.967349811
4,9965.575353127095,53.804001658047525,46.439453125,False,158,refine,refresh_aware_admission,"7,8,9,10",9911.771351469048
4,10075.99779487751,110.4224417504156,467.0625,False,159,warmup,refresh_aware_admission,"11,12,13,14",9965.575353127095
4,10129.801796535558,53.804001658047525,46.439453125,False,160,refine,refresh_aware_admission,"11,12,13,14",10075.99779487751
4,10183.605798193605,53.804001658047525,46.439453125,False,161,refine,refresh_aware_admission,"11,12,13,14",10129.801796535558
4,10237.409799851652,53.804001658047525,46.439453125,False,162,refine,refresh_aware_admission,"11,12,13,14",10183.605798193605
4,10291.213801509699,53.804001658047525,46.439453125,False,163,refine,refresh_aware_admission,"11,12,13,14",10237.409799851652
4,10345.017803167746,53.804001658047525,46.439453125,False,164,refine,refresh_aware_admission,"11,12,13,14",10291.213801509699
4,10398.821804825793,53.804001658047525,46.439453125,False,165,refine,refresh_aware_admission,"11,12,13,14",10345.017803167746
4,10452.62580648384,53.804001658047525,46.439453125,False,166,refine,refresh_aware_admission,"11,12,13,14",10398.821804825793
4,10506.429808141887,53.804001658047525,46.439453125,False,167,refine,refresh_aware_admission,"11,12,13,14",10452.62580648384
4,10560.233809799935,53.804001658047525,46.439453125,False,168,refine,refresh_aware_admission,"11,12,13,14",10506.429808141887
4,10614.037811457982,53.804001658047525,46.439453125,False,169,refine,refresh_aware_admission,"11,12,13,14",10560.233809799935
4,10667.841813116029,53.804001658047525,46.439453125,False,170,refine,refresh_aware_admission,"11,12,13,14",10614.037811457982
4,10778.264254866444,110.4224417504156,467.0625,False,171,warmup,refresh_aware_admission,"11,12,13,14",10667.841813116029
4,10832.068256524492,53.804001658047525,46.439453125,False,172,refine,refresh_aware_admission,"11,12,13,14",10778.264254866444
4,10885.872258182539,53.804001658047525,46.439453125,False,173,refine,refresh_aware_admission,"11,12,13,14",10832.068256524492
4,10939.676259840586,53.804001658047525,46.439453125,False,174,refine,refresh_aware_admission,"11,12,13,14",10885.872258182539
4,10993.480261498633,53.804001658047525,46.439453125,False,175,refine,refresh_aware_admission,"11,12,13,14",10939.676259840586
4,11047.28426315668,53.804001658047525,46.439453125,False,176,refine,refresh_aware_admission,"11,12,13,14",10993.480261498633
4,11101.088264814727,53.804001658047525,46.439453125,False,177,refine,refresh_aware_admission,"11,12,13,14",11047.28426315668
4,11154.892266472774,53.804001658047525,46.439453125,False,178,refine,refresh_aware_admission,"11,12,13,14",11101.088264814727
4,11208.696268130821,53.804001658047525,46.439453125,False,179,refine,refresh_aware_admission,"11,12,13,14",11154.892266472774
4,11262.500269788869,53.804001658047525,46.439453125,False,180,refine,refresh_aware_admission,"11,12,13,14",11208.696268130821
4,11316.304271446916,53.804001658047525,46.439453125,False,181,refine,refresh_aware_admission,"11,12,13,14",11262.500269788869
4,11426.726713197331,110.4224417504156,467.0625,False,182,warmup,refresh_aware_admission,"11,12,13,14",11316.304271446916
4,11480.530714855378,53.804001658047525,46.439453125,False,183,refine,refresh_aware_admission,"11,12,13,14",11426.726713197331
4,11534.334716513426,53.804001658047525,46.439453125,False,184,refine,refresh_aware_admission,"11,12,13,14",11480.530714855378
4,11588.138718171473,53.804001658047525,46.439453125,False,185,refine,refresh_aware_admission,"11,12,13,14",11534.334716513426
4,11641.94271982952,53.804001658047525,46.439453125,False,186,refine,refresh_aware_admission,"11,12,13,14",11588.138718171473
4,11695.746721487567,53.804001658047525,46.439453125,False,187,refine,refresh_aware_admission,"11,12,13,14",11641.94271982952
4,11749.550723145614,53.804001658047525,46.439453125,False,188,refine,refresh_aware_admission,"11,12,13,14",11695.746721487567
4,11803.354724803661,53.804001658047525,46.439453125,False,189,refine,refresh_aware_admission,"11,12,13,14",11749.550723145614
4,11857.158726461708,53.804001658047525,46.439453125,False,190,refine,refresh_aware_admission,"11,12,13,14",11803.354724803661
4,11910.962728119755,53.804001658047525,46.439453125,False,191,refine,refresh_aware_admission,"11,12,13,14",11857.158726461708
4,11964.766729777803,53.804001658047525,46.439453125,False,192,refine,refresh_aware_admission,"11,12,13,14",11910.962728119755
4,12075.189171528218,110.4224417504156,467.0625,False,193,warmup,refresh_aware_admission,"11,12,13,14",11964.766729777803
4,12128.993173186265,53.804001658047525,46.439453125,False,194,refine,refresh_aware_admission,"11,12,13,14",12075.189171528218
4,12182.797174844312,53.804001658047525,46.439453125,False,195,refine,refresh_aware_admission,"11,12,13,14",12128.993173186265
4,12236.60117650236,53.804001658047525,46.439453125,False,196,refine,refresh_aware_admission,"11,12,13,14",12182.797174844312
4,12290.405178160407,53.804001658047525,46.439453125,False,197,refine,refresh_aware_admission,"11,12,13,14",12236.60117650236
4,12344.209179818454,53.804001658047525,46.439453125,False,198,refine,refresh_aware_admission,"11,12,13,14",12290.405178160407
4,12398.0131814765,53.804001658047525,46.439453125,False,199,refine,refresh_aware_admission,"11,12,13,14",12344.209179818454
4,12451.817183134548,53.804001658047525,46.439453125,False,200,refine,refresh_aware_admission,"11,12,13,14",12398.0131814765
4,12505.621184792595,53.804001658047525,46.439453125,False,201,refine,refresh_aware_admission,"11,12,13,14",12451.817183134548
4,12559.425186450642,53.804001658047525,46.439453125,False,202,refine,refresh_aware_admission,"11,12,13,14",12505.621184792595
4,12613.22918810869,53.804001658047525,46.439453125,False,203,refine,refresh_aware_admission,"11,12,13,14",12559.425186450642
4,12723.651629859105,110.4224417504156,467.0625,False,204,warmup,refresh_aware_admission,"15,16,17,18",12613.22918810869
4,12777.455631517152,53.804001658047525,46.439453125,False,205,refine,refresh_aware_admission,"15,16,17,18",12723.651629859105
4,12831.2596331752,53.804001658047525,46.439453125,False,206,refine,refresh_aware_admission,"15,16,17,18",12777.455631517152
4,12885.063634833246,53.804001658047525,46.439453125,False,207,refine,refresh_aware_admission,"15,16,17,18",12831.2596331752
4,12938.867636491294,53.804001658047525,46.439453125,False,208,refine,refresh_aware_admission,"15,16,17,18",12885.063634833246
4,12992.67163814934,53.804001658047525,46.439453125,False,209,refine,refresh_aware_admission,"15,16,17,18",12938.867636491294
4,13046.475639807388,53.804001658047525,46.439453125,False,210,refine,refresh_aware_admission,"15,16,17,18",12992.67163814934
4,13100.279641465435,53.804001658047525,46.439453125,False,211,refine,refresh_aware_admission,"15,16,17,18",13046.475639807388
4,13154.083643123482,53.804001658047525,46.439453125,False,212,refine,refresh_aware_admission,"15,16,17,18",13100.279641465435
4,13207.88764478153,53.804001658047525,46.439453125,False,213,refine,refresh_aware_admission,"15,16,17,18",13154.083643123482
4,13261.691646439576,53.804001658047525,46.439453125,False,214,refine,refresh_aware_admission,"15,16,17,18",13207.88764478153
4,13315.495648097623,53.804001658047525,46.439453125,False,215,refine,refresh_aware_admission,"15,16,17,18",13261.691646439576
4,13425.918089848039,110.4224417504156,467.0625,False,216,warmup,refresh_aware_admission,"15,16,17,18",13315.495648097623
4,13479.722091506086,53.804001658047525,46.439453125,False,217,refine,refresh_aware_admission,"15,16,17,18",13425.918089848039
4,13533.526093164133,53.804001658047525,46.439453125,False,218,refine,refresh_aware_admission,"15,16,17,18",13479.722091506086
4,13587.33009482218,53.804001658047525,46.439453125,False,219,refine,refresh_aware_admission,"15,16,17,18",13533.526093164133
4,13641.134096480228,53.804001658047525,46.439453125,False,220,refine,refresh_aware_admission,"15,16,17,18",13587.33009482218
4,13694.938098138275,53.804001658047525,46.439453125,False,221,refine,refresh_aware_admission,"15,16,17,18",13641.134096480228
4,13748.742099796322,53.804001658047525,46.439453125,False,222,refine,refresh_aware_admission,"15,16,17,18",13694.938098138275
4,13802.546101454369,53.804001658047525,46.439453125,False,223,refine,refresh_aware_admission,"15,16,17,18",13748.742099796322
4,13856.350103112416,53.804001658047525,46.439453125,False,224,refine,refresh_aware_admission,"15,16,17,18",13802.546101454369
4,13910.154104770463,53.804001658047525,46.439453125,False,225,refine,refresh_aware_admission,"15,16,17,18",13856.350103112416
4,13963.95810642851,53.804001658047525,46.439453125,False,226,refine,refresh_aware_admission,"15,16,17,18",13910.154104770463
4,14074.380548178926,110.4224417504156,467.0625,False,227,warmup,refresh_aware_admission,"15,16,17,18",13963.95810642851
4,14128.184549836973,53.804001658047525,46.439453125,False,228,refine,refresh_aware_admission,"15,16,17,18",14074.380548178926
4,14181.98855149502,53.804001658047525,46.439453125,False,229,refine,refresh_aware_admission,"15,16,17,18",14128.184549836973
4,14235.792553153067,53.804001658047525,46.439453125,False,230,refine,refresh_aware_admission,"15,16,17,18",14181.98855149502
4,14289.596554811114,53.804001658047525,46.439453125,False,231,refine,refresh_aware_admission,"15,16,17,18",14235.792553153067
4,14343.400556469162,53.804001658047525,46.439453125,False,232,refine,refresh_aware_admission,"15,16,17,18",14289.596554811114
4,14397.204558127209,53.804001658047525,46.439453125,False,233,refine,refresh_aware_admission,"15,16,17,18",14343.400556469162
4,14451.008559785256,53.804001658047525,46.439453125,False,234,refine,refresh_aware_admission,"15,16,17,18",14397.204558127209
4,14504.812561443303,53.804001658047525,46.439453125,False,235,refine,refresh_aware_admission,"15,16,17,18",14451.008559785256
4,14558.61656310135,53.804001658047525,46.439453125,False,236,refine,refresh_aware_admission,"15,16,17,18",14504.812561443303
4,14612.420564759397,53.804001658047525,46.439453125,False,237,refine,refresh_aware_admission,"15,16,17,18",14558.61656310135
4,14722.843006509813,110.4224417504156,467.0625,False,238,warmup,refresh_aware_admission,"15,16,17,18",14612.420564759397
4,14776.64700816786,53.804001658047525,46.439453125,False,239,refine,refresh_aware_admission,"15,16,17,18",14722.843006509813
4,14830.451009825907,53.804001658047525,46.439453125,False,240,refine,refresh_aware_admission,"15,16,17,18",14776.64700816786
4,14884.255011483954,53.804001658047525,46.439453125,False,241,refine,refresh_aware_admission,"15,16,17,18",14830.451009825907
4,14938.059013142001,53.804001658047525,46.439453125,False,242,refine,refresh_aware_admission,"15,16,17,18",14884.255011483954
4,14991.863014800048,53.804001658047525,46.439453125,False,243,refine,refresh_aware_admission,"15,16,17,18",14938.059013142001
4,15045.667016458096,53.804001658047525,46.439453125,False,244,refine,refresh_aware_admission,"15,16,17,18",14991.863014800048
4,15099.471018116143,53.804001658047525,46.439453125,False,245,refine,refresh_aware_admission,"15,16,17,18",15045.667016458096
4,15153.27501977419,53.804001658047525,46.439453125,False,246,refine,refresh_aware_admission,"15,16,17,18",15099.471018116143
4,15207.079021432237,53.804001658047525,46.439453125,False,247,refine,refresh_aware_admission,"15,16,17,18",15153.27501977419
4,15260.883023090284,53.804001658047525,46.439453125,False,248,refine,refresh_aware_admission,"15,16,17,18",15207.079021432237
3,15368.889737846186,108.00671475590207,352.921875,False,249,warmup,refresh_aware_admission,"19,20,21",15260.883023090284
3,15440.510780585988,71.62104273980154,33.9873046875,False,250,refine,refresh_aware_admission,"19,20,21",15368.889737846186
3,15512.13182332579,71.62104273980154,33.9873046875,False,251,refine,refresh_aware_admission,"19,20,21",15440.510780585988
3,15583.752866065592,71.62104273980154,33.9873046875,False,252,refine,refresh_aware_admission,"19,20,21",15512.13182332579
3,15655.373908805394,71.62104273980154,33.9873046875,False,253,refine,refresh_aware_admission,"19,20,21",15583.752866065592
3,15726.994951545195,71.62104273980154,33.9873046875,False,254,refine,refresh_aware_admission,"19,20,21",15655.373908805394
3,15798.615994284997,71.62104273980154,33.9873046875,False,255,refine,refresh_aware_admission,"19,20,21",15726.994951545195
3,15870.237037024799,71.62104273980154,33.9873046875,False,256,refine,refresh_aware_admission,"19,20,21",15798.615994284997
3,15941.858079764601,71.62104273980154,33.9873046875,False,257,refine,refresh_aware_admission,"19,20,21",15870.237037024799
3,16013.479122504403,71.62104273980154,33.9873046875,False,258,refine,refresh_aware_admission,"19,20,21",15941.858079764601
3,16085.100165244205,71.62104273980154,33.9873046875,False,259,refine,refresh_aware_admission,"19,20,21",16013.479122504403
3,16156.721207984006,71.62104273980154,33.9873046875,False,260,refine,refresh_aware_admission,"19,20,21",16085.100165244205
4,16267.143649734422,110.4224417504156,467.0625,False,261,warmup,refresh_aware_admission,"22,19,20,21",16156.721207984006
4,16320.94765139247,53.804001658047525,46.439453125,False,262,refine,refresh_aware_admission,"19,20,21,22",16267.143649734422
4,16374.751653050516,53.804001658047525,46.439453125,False,263,refine,refresh_aware_admission,"19,20,21,22",16320.94765139247
4,16428.555654708565,53.804001658047525,46.439453125,False,264,refine,refresh_aware_admission,"19,20,21,22",16374.751653050516
4,16482.359656366614,53.804001658047525,46.439453125,False,265,refine,refresh_aware_admission,"19,20,21,22",16428.555654708565
4,16536.163658024663,53.804001658047525,46.439453125,False,266,refine,refresh_aware_admission,"19,20,21,22",16482.359656366614
4,16589.967659682712,53.804001658047525,46.439453125,False,267,refine,refresh_aware_admission,"19,20,21,22",16536.163658024663
4,16643.77166134076,53.804001658047525,46.439453125,False,268,refine,refresh_aware_admission,"19,20,21,22",16589.967659682712
4,16697.57566299881,53.804001658047525,46.439453125,False,269,refine,refresh_aware_admission,"19,20,21,22",16643.77166134076
4,16751.37966465686,53.804001658047525,46.439453125,False,270,refine,refresh_aware_admission,"19,20,21,22",16697.57566299881
4,16805.183666314908,53.804001658047525,46.439453125,False,271,refine,refresh_aware_admission,"19,20,21,22",16751.37966465686
3,16913.19038107081,108.00671475590207,352.921875,False,272,warmup,refresh_aware_admission,"19,20,21",16805.183666314908
4,16966.99438272886,53.804001658047525,46.439453125,False,273,refine,refresh_aware_admission,"22,19,20,21",16913.19038107081
3,17038.61542546866,71.62104273980154,33.9873046875,False,274,refine,refresh_aware_admission,"19,20,21",16966.99438272886
3,17110.23646820846,71.62104273980154,33.9873046875,False,275,refine,refresh_aware_admission,"19,20,21",17038.61542546866
3,17181.85751094826,71.62104273980154,33.9873046875,False,276,refine,refresh_aware_admission,"19,20,21",17110.23646820846
3,17253.47855368806,71.62104273980154,33.9873046875,False,277,refine,refresh_aware_admission,"19,20,21",17181.85751094826
3,17325.09959642786,71.62104273980154,33.9873046875,False,278,refine,refresh_aware_admission,"19,20,21",17253.47855368806
3,17396.72063916766,71.62104273980154,33.9873046875,False,279,refine,refresh_aware_admission,"19,20,21",17325.09959642786
3,17468.34168190746,71.62104273980154,33.9873046875,False,280,refine,refresh_aware_admission,"19,20,21",17396.72063916766
3,17539.96272464726,71.62104273980154,33.9873046875,False,281,refine,refresh_aware_admission,"19,20,21",17468.34168190746
3,17611.58376738706,71.62104273980154,33.9873046875,False,282,refine,refresh_aware_admission,"19,20,21",17539.96272464726
4,17722.006209137475,110.4224417504156,467.0625,False,283,warmup,refresh_aware_admission,"22,19,20,21",17611.58376738706
4,17775.810210795524,53.804001658047525,46.439453125,False,284,refine,refresh_aware_admission,"19,20,21,22",17722.006209137475
4,17829.614212453573,53.804001658047525,46.439453125,False,285,refine,refresh_aware_admission,"19,20,21,22",17775.810210795524
4,17883.41821411162,53.804001658047525,46.439453125,False,286,refine,refresh_aware_admission,"19,20,21,22",17829.614212453573
4,17937.22221576967,53.804001658047525,46.439453125,False,287,refine,refresh_aware_admission,"19,20,21,22",17883.41821411162
4,17991.02621742772,53.804001658047525,46.439453125,False,288,refine,refresh_aware_admission,"19,20,21,22",17937.22221576967
4,18044.83021908577,53.804001658047525,46.439453125,False,289,refine,refresh_aware_admission,"19,20,21,22",17991.02621742772
4,18098.634220743817,53.804001658047525,46.439453125,False,290,refine,refresh_aware_admission,"19,20,21,22",18044.83021908577
4,18152.438222401866,53.804001658047525,46.439453125,False,291,refine,refresh_aware_admission,"19,20,21,22",18098.634220743817
4,18206.242224059915,53.804001658047525,46.439453125,False,292,refine,refresh_aware_admission,"19,20,21,22",18152.438222401866
4,18260.046225717964,53.804001658047525,46.439453125,False,293,refine,refresh_aware_admission,"19,20,21,22",18206.242224059915
3,18368.052940473866,108.00671475590207,352.921875,False,294,warmup,refresh_aware_admission,"22,23,24",18260.046225717964
3,18439.673983213666,71.62104273980154,33.9873046875,False,295,refine,refresh_aware_admission,"22,23,24",18368.052940473866
3,18511.295025953466,71.62104273980154,33.9873046875,False,296,refine,refresh_aware_admission,"22,23,24",18439.673983213666
3,18582.916068693266,71.62104273980154,33.9873046875,False,297,refine,refresh_aware_admission,"22,23,24",18511.295025953466
3,18654.537111433066,71.62104273980154,33.9873046875,False,298,refine,refresh_aware_admission,"22,23,24",18582.916068693266
3,18726.158154172866,71.62104273980154,33.9873046875,False,299,refine,refresh_aware_admission,"22,23,24",18654.537111433066
3,18797.779196912667,71.62104273980154,33.9873046875,False,300,refine,refresh_aware_admission,"22,23,24",18726.158154172866
3,18869.400239652467,71.62104273980154,33.9873046875,False,301,refine,refresh_aware_admission,"22,23,24",18797.779196912667
3,18941.021282392267,71.62104273980154,33.9873046875,False,302,refine,refresh_aware_admission,"22,23,24",18869.400239652467
3,19012.642325132067,71.62104273980154,33.9873046875,False,303,refine,refresh_aware_admission,"22,23,24",18941.021282392267
3,19084.263367871867,71.62104273980154,33.9873046875,False,304,refine,refresh_aware_admission,"22,23,24",19012.642325132067
2,19132.010729698402,47.74736182653436,22.658203125,False,305,refine,refresh_aware_admission,"23,24",19084.263367871867
3,19240.017444454304,108.00671475590207,352.921875,False,306,warmup,refresh_aware_admission,"22,23,24",19132.010729698402
3,19311.638487194105,71.62104273980154,33.9873046875,False,307,refine,refresh_aware_admission,"22,23,24",19240.017444454304
3,19383.259529933905,71.62104273980154,33.9873046875,False,308,refine,refresh_aware_admission,"22,23,24",19311.638487194105
3,19454.880572673705,71.62104273980154,33.9873046875,False,309,refine,refresh_aware_admission,"22,23,24",19383.259529933905
3,19526.501615413505,71.62104273980154,33.9873046875,False,310,refine,refresh_aware_admission,"22,23,24",19454.880572673705
3,19598.122658153305,71.62104273980154,33.9873046875,False,311,refine,refresh_aware_admission,"22,23,24",19526.501615413505
3,19669.743700893105,71.62104273980154,33.9873046875,False,312,refine,refresh_aware_admission,"22,23,24",19598.122658153305
3,19741.364743632905,71.62104273980154,33.9873046875,False,313,refine,refresh_aware_admission,"22,23,24",19669.743700893105
3,19812.985786372705,71.62104273980154,33.9873046875,False,314,refine,refresh_aware_admission,"22,23,24",19741.364743632905
3,19884.606829112505,71.62104273980154,33.9873046875,False,315,refine,refresh_aware_admission,"22,23,24",19812.985786372705
3,19956.227871852305,71.62104273980154,33.9873046875,False,316,refine,refresh_aware_admission,"22,23,24",19884.606829112505
4,20066.65031360272,110.4224417504156,467.0625,False,317,warmup,refresh_aware_admission,"25,23,24,26",19956.227871852305
4,20120.45431526077,53.804001658047525,46.439453125,False,318,refine,refresh_aware_admission,"23,24,25,26",20066.65031360272
4,20174.25831691882,53.804001658047525,46.439453125,False,319,refine,refresh_aware_admission,"23,24,25,26",20120.45431526077
4,20228.062318576867,53.804001658047525,46.439453125,False,320,refine,refresh_aware_admission,"23,24,25,26",20174.25831691882
4,20281.866320234916,53.804001658047525,46.439453125,False,321,refine,refresh_aware_admission,"23,24,25,26",20228.062318576867
4,20335.670321892965,53.804001658047525,46.439453125,False,322,refine,refresh_aware_admission,"23,24,25,26",20281.866320234916
4,20389.474323551014,53.804001658047525,46.439453125,False,323,refine,refresh_aware_admission,"23,24,25,26",20335.670321892965
4,20443.278325209063,53.804001658047525,46.439453125,False,324,refine,refresh_aware_admission,"23,24,25,26",20389.474323551014
4,20497.082326867112,53.804001658047525,46.439453125,False,325,refine,refresh_aware_admission,"23,24,25,26",20443.278325209063
4,20550.88632852516,53.804001658047525,46.439453125,False,326,refine,refresh_aware_admission,"23,24,25,26",20497.082326867112
4,20604.69033018321,53.804001658047525,46.439453125,False,327,refine,refresh_aware_admission,"23,24,25,26",20550.88632852516
2,20652.437692009746,47.74736182653436,22.658203125,False,328,refine,refresh_aware_admission,"25,26",20604.69033018321
4,20762.86013376016,110.4224417504156,467.0625,False,329,warmup,refresh_aware_admission,"23,24,25,26",20652.437692009746
4,20816.66413541821,53.804001658047525,46.439453125,False,330,refine,refresh_aware_admission,"23,24,25,26",20762.86013376016
4,20870.46813707626,53.804001658047525,46.439453125,False,331,refine,refresh_aware_admission,"23,24,25,26",20816.66413541821
4,20924.272138734308,53.804001658047525,46.439453125,False,332,refine,refresh_aware_admission,"23,24,25,26",20870.46813707626
4,20978.076140392357,53.804001658047525,46.439453125,False,333,refine,refresh_aware_admission,"23,24,25,26",20924.272138734308
4,21031.880142050406,53.804001658047525,46.439453125,False,334,refine,refresh_aware_admission,"23,24,25,26",20978.076140392357
4,21085.684143708455,53.804001658047525,46.439453125,False,335,refine,refresh_aware_admission,"23,24,25,26",21031.880142050406
4,21139.488145366504,53.804001658047525,46.439453125,False,336,refine,refresh_aware_admission,"23,24,25,26",21085.684143708455
4,21193.292147024553,53.804001658047525,46.439453125,False,337,refine,refresh_aware_admission,"23,24,25,26",21139.488145366504
4,21247.0961486826,53.804001658047525,46.439453125,False,338,refine,refresh_aware_admission,"23,24,25,26",21193.292147024553
4,21300.90015034065,53.804001658047525,46.439453125,False,339,refine,refresh_aware_admission,"23,24,25,26",21247.0961486826
4,21411.322592091066,110.4224417504156,467.0625,False,340,warmup,refresh_aware_admission,"25,26,27,28",21300.90015034065
4,21465.126593749115,53.804001658047525,46.439453125,False,341,refine,refresh_aware_admission,"25,26,27,28",21411.322592091066
4,21518.930595407164,53.804001658047525,46.439453125,False,342,refine,refresh_aware_admission,"25,26,27,28",21465.126593749115
4,21572.734597065213,53.804001658047525,46.439453125,False,343,refine,refresh_aware_admission,"25,26,27,28",21518.930595407164
4,21626.538598723262,53.804001658047525,46.439453125,False,344,refine,refresh_aware_admission,"25,26,27,28",21572.734597065213
4,21680.34260038131,53.804001658047525,46.439453125,False,345,refine,refresh_aware_admission,"25,26,27,28",21626.538598723262
4,21734.14660203936,53.804001658047525,46.439453125,False,346,refine,refresh_aware_admission,"25,26,27,28",21680.34260038131
4,21787.95060369741,53.804001658047525,46.439453125,False,347,refine,refresh_aware_admission,"25,26,27,28",21734.14660203936
4,21841.754605355458,53.804001658047525,46.439453125,False,348,refine,refresh_aware_admission,"25,26,27,28",21787.95060369741
4,21895.558607013507,53.804001658047525,46.439453125,False,349,refine,refresh_aware_admission,"25,26,27,28",21841.754605355458
4,21949.362608671556,53.804001658047525,46.439453125,False,350,refine,refresh_aware_admission,"25,26,27,28",21895.558607013507
2,21997.10997049809,47.74736182653436,22.658203125,False,351,refine,refresh_aware_admission,"27,28",21949.362608671556
4,22107.532412248507,110.4224417504156,467.0625,False,352,warmup,refresh_aware_admission,"25,26,27,28",21997.10997049809
4,22161.336413906556,53.804001658047525,46.439453125,False,353,refine,refresh_aware_admission,"25,26,27,28",22107.532412248507
4,22215.140415564605,53.804001658047525,46.439453125,False,354,refine,refresh_aware_admission,"25,26,27,28",22161.336413906556
4,22268.944417222654,53.804001658047525,46.439453125,False,355,refine,refresh_aware_admission,"25,26,27,28",22215.140415564605
4,22322.748418880703,53.804001658047525,46.439453125,False,356,refine,refresh_aware_admission,"25,26,27,28",22268.944417222654
4,22376.552420538752,53.804001658047525,46.439453125,False,357,refine,refresh_aware_admission,"25,26,27,28",22322.748418880703
4,22430.3564221968,53.804001658047525,46.439453125,False,358,refine,refresh_aware_admission,"25,26,27,28",22376.552420538752
4,22484.16042385485,53.804001658047525,46.439453125,False,359,refine,refresh_aware_admission,"25,26,27,28",22430.3564221968
4,22537.9644255129,53.804001658047525,46.439453125,False,360,refine,refresh_aware_admission,"25,26,27,28",22484.16042385485
4,22591.768427170948,53.804001658047525,46.439453125,False,361,refine,refresh_aware_admission,"25,26,27,28",22537.9644255129
4,22645.572428828997,53.804001658047525,46.439453125,False,362,refine,refresh_aware_admission,"25,26,27,28",22591.768427170948
3,22753.5791435849,108.00671475590207,352.921875,False,363,warmup,refresh_aware_admission,"27,28,29",22645.572428828997
3,22825.2001863247,71.62104273980154,33.9873046875,False,364,refine,refresh_aware_admission,"27,28,29",22753.5791435849
3,22896.8212290645,71.62104273980154,33.9873046875,False,365,refine,refresh_aware_admission,"27,28,29",22825.2001863247
3,22968.4422718043,71.62104273980154,33.9873046875,False,366,refine,refresh_aware_admission,"27,28,29",22896.8212290645
3,23040.0633145441,71.62104273980154,33.9873046875,False,367,refine,refresh_aware_admission,"27,28,29",22968.4422718043
3,23111.6843572839,71.62104273980154,33.9873046875,False,368,refine,refresh_aware_admission,"27,28,29",23040.0633145441
3,23183.3054000237,71.62104273980154,33.9873046875,False,369,refine,refresh_aware_admission,"27,28,29",23111.6843572839
3,23254.9264427635,71.62104273980154,33.9873046875,False,370,refine,refresh_aware_admission,"27,28,29",23183.3054000237
3,23326.5474855033,71.62104273980154,33.9873046875,False,371,refine,refresh_aware_admission,"27,28,29",23254.9264427635
3,23398.1685282431,71.62104273980154,33.9873046875,False,372,refine,refresh_aware_admission,"27,28,29",23326.5474855033
3,23469.7895709829,71.62104273980154,33.9873046875,False,373,refine,refresh_aware_admission,"27,28,29",23398.1685282431
3,23577.7962857388,108.00671475590207,352.921875,False,374,warmup,refresh_aware_admission,"30,27,28",23469.7895709829
4,23631.60028739685,53.804001658047525,46.439453125,False,375,refine,refresh_aware_admission,"29,27,28,30",23577.7962857388
3,23703.22133013665,71.62104273980154,33.9873046875,False,376,refine,refresh_aware_admission,"27,28,30",23631.60028739685
3,23774.84237287645,71.62104273980154,33.9873046875,False,377,refine,refresh_aware_admission,"27,28,30",23703.22133013665
3,23846.46341561625,71.62104273980154,33.9873046875,False,378,refine,refresh_aware_admission,"27,28,30",23774.84237287645
3,23918.08445835605,71.62104273980154,33.9873046875,False,379,refine,refresh_aware_admission,"27,28,30",23846.46341561625
3,23989.70550109585,71.62104273980154,33.9873046875,False,380,refine,refresh_aware_admission,"27,28,30",23918.08445835605
3,24061.32654383565,71.62104273980154,33.9873046875,False,381,refine,refresh_aware_admission,"27,28,30",23989.70550109585
3,24132.94758657545,71.62104273980154,33.9873046875,False,382,refine,refresh_aware_admission,"27,28,30",24061.32654383565
3,24204.56862931525,71.62104273980154,33.9873046875,False,383,refine,refresh_aware_admission,"27,28,30",24132.94758657545
3,24276.18967205505,71.62104273980154,33.9873046875,False,384,refine,refresh_aware_admission,"27,28,30",24204.56862931525
1,24314.88845279834,38.69878074328881,117.5458984375,False,385,warmup,refresh_aware_admission,29,24276.18967205505
2,24362.635814624875,47.74736182653436,22.658203125,False,386,refine,refresh_aware_admission,"30,29",24314.88845279834
1,24401.334595368164,38.69878074328881,117.5458984375,False,387,warmup,refresh_aware_admission,30,24362.635814624875
2,24449.0819571947,47.74736182653436,22.658203125,False,388,refine,refresh_aware_admission,"29,30",24401.334595368164
2,24496.829319021235,47.74736182653436,22.658203125,False,389,refine,refresh_aware_admission,"29,30",24449.0819571947
2,24544.57668084777,47.74736182653436,22.658203125,False,390,refine,refresh_aware_admission,"29,30",24496.829319021235
2,24592.324042674307,47.74736182653436,22.658203125,False,391,refine,refresh_aware_admission,"29,30",24544.57668084777
2,24640.071404500843,47.74736182653436,22.658203125,False,392,refine,refresh_aware_admission,"29,30",24592.324042674307
2,24687.81876632738,47.74736182653436,22.658203125,False,393,refine,refresh_aware_admission,"29,30",24640.071404500843
2,24735.566128153914,47.74736182653436,22.658203125,False,394,refine,refresh_aware_admission,"29,30",24687.81876632738
2,24783.31348998045,47.74736182653436,22.658203125,False,395,refine,refresh_aware_admission,"29,30",24735.566128153914
2,24831.060851806986,47.74736182653436,22.658203125,False,396,refine,refresh_aware_admission,"29,30",24783.31348998045
2,24903.06532831092,72.00447650393471,235.28125,False,397,warmup,refresh_aware_admission,"31,29",24831.060851806986
3,24974.68637105072,71.62104273980154,33.9873046875,False,398,refine,refresh_aware_admission,"30,29,31",24903.06532831092
2,25022.433732877256,47.74736182653436,22.658203125,False,399,refine,refresh_aware_admission,"29,31",24974.68637105072
2,25070.181094703792,47.74736182653436,22.658203125,False,400,refine,refresh_aware_admission,"29,31",25022.433732877256
2,25117.928456530328,47.74736182653436,22.658203125,False,401,refine,refresh_aware_admission,"29,31",25070.181094703792
2,25165.675818356864,47.74736182653436,22.658203125,False,402,refine,refresh_aware_admission,"29,31",25117.928456530328
2,25213.4231801834,47.74736182653436,22.658203125,False,403,refine,refresh_aware_admission,"29,31",25165.675818356864
2,25261.170542009935,47.74736182653436,22.658203125,False,404,refine,refresh_aware_admission,"29,31",25213.4231801834
2,25308.91790383647,47.74736182653436,22.658203125,False,405,refine,refresh_aware_admission,"29,31",25261.170542009935
2,25356.665265663007,47.74736182653436,22.658203125,False,406,refine,refresh_aware_admission,"29,31",25308.91790383647
2,25404.412627489543,47.74736182653436,22.658203125,False,407,refine,refresh_aware_admission,"29,31",25356.665265663007
2,25476.417103993477,72.00447650393471,235.28125,False,408,warmup,refresh_aware_admission,"30,29",25404.412627489543
3,25548.038146733277,71.62104273980154,33.9873046875,False,409,refine,refresh_aware_admission,"31,29,30",25476.417103993477
2,25595.785508559813,47.74736182653436,22.658203125,False,410,refine,refresh_aware_admission,"29,30",25548.038146733277
2,25643.53287038635,47.74736182653436,22.658203125,False,411,refine,refresh_aware_admission,"29,30",25595.785508559813
2,25691.280232212885,47.74736182653436,22.658203125,False,412,refine,refresh_aware_admission,"29,30",25643.53287038635
2,25739.02759403942,47.74736182653436,22.658203125,False,413,refine,refresh_aware_admission,"29,30",25691.280232212885
2,25786.774955865956,47.74736182653436,22.658203125,False,414,refine,refresh_aware_admission,"29,30",25739.02759403942
2,25834.522317692492,47.74736182653436,22.658203125,False,415,refine,refresh_aware_admission,"29,30",25786.774955865956
2,25882.269679519028,47.74736182653436,22.658203125,False,416,refine,refresh_aware_admission,"29,30",25834.522317692492
2,25930.017041345563,47.74736182653436,22.658203125,False,417,refine,refresh_aware_admission,"29,30",25882.269679519028
2,25977.7644031721,47.74736182653436,22.658203125,False,418,refine,refresh_aware_admission,"29,30",25930.017041345563
3,26085.771117928,108.00671475590207,352.921875,False,419,warmup,refresh_aware_admission,"31,32,30",25977.7644031721
3,26157.3921606678,71.62104273980154,33.9873046875,False,420,refine,refresh_aware_admission,"30,31,32",26085.771117928
3,26229.0132034076,71.62104273980154,33.9873046875,False,421,refine,refresh_aware_admission,"30,31,32",26157.3921606678
3,26300.6342461474,71.62104273980154,33.9873046875,False,422,refine,refresh_aware_admission,"30,31,32",26229.0132034076
3,26372.2552888872,71.62104273980154,33.9873046875,False,423,refine,refresh_aware_admission,"30,31,32",26300.6342461474
3,26443.876331627,71.62104273980154,33.9873046875,False,424,refine,refresh_aware_admission,"30,31,32",26372.2552888872
3,26515.4973743668,71.62104273980154,33.9873046875,False,425,refine,refresh_aware_admission,"30,31,32",26443.876331627
3,26587.1184171066,71.62104273980154,33.9873046875,False,426,refine,refresh_aware_admission,"30,31,32",26515.4973743668
3,26658.7394598464,71.62104273980154,33.9873046875,False,427,refine,refresh_aware_admission,"30,31,32",26587.1184171066
3,26730.3605025862,71.62104273980154,33.9873046875,False,428,refine,refresh_aware_admission,"30,31,32",26658.7394598464
3,26801.981545326,71.62104273980154,33.9873046875,False,429,refine,refresh_aware_admission,"30,31,32",26730.3605025862
2,26873.986021829936,72.00447650393471,235.28125,False,430,warmup,refresh_aware_admission,"33,31",26801.981545326
3,26945.607064569736,71.62104273980154,33.9873046875,False,431,refine,refresh_aware_admission,"32,31,33",26873.986021829936
2,26993.354426396272,47.74736182653436,22.658203125,False,432,refine,refresh_aware_admission,"31,33",26945.607064569736
2,27041.101788222808,47.74736182653436,22.658203125,False,433,refine,refresh_aware_admission,"31,33",26993.354426396272
2,27088.849150049344,47.74736182653436,22.658203125,False,434,refine,refresh_aware_admission,"31,33",27041.101788222808
2,27136.59651187588,47.74736182653436,22.658203125,False,435,refine,refresh_aware_admission,"31,33",27088.849150049344
2,27184.343873702415,47.74736182653436,22.658203125,False,436,refine,refresh_aware_admission,"31,33",27136.59651187588
2,27232.09123552895,47.74736182653436,22.658203125,False,437,refine,refresh_aware_admission,"31,33",27184.343873702415
2,27279.838597355487,47.74736182653436,22.658203125,False,438,refine,refresh_aware_admission,"31,33",27232.09123552895
2,27327.585959182023,47.74736182653436,22.658203125,False,439,refine,refresh_aware_admission,"31,33",27279.838597355487
2,27375.33332100856,47.74736182653436,22.658203125,False,440,refine,refresh_aware_admission,"31,33",27327.585959182023
2,27447.337797512493,72.00447650393471,235.28125,False,441,warmup,refresh_aware_admission,"32,31",27375.33332100856
3,27518.958840252293,71.62104273980154,33.9873046875,False,442,refine,refresh_aware_admission,"33,31,32",27447.337797512493
2,27566.70620207883,47.74736182653436,22.658203125,False,443,refine,refresh_aware_admission,"31,32",27518.958840252293
2,27614.453563905365,47.74736182653436,22.658203125,False,444,refine,refresh_aware_admission,"31,32",27566.70620207883
2,27662.2009257319,47.74736182653436,22.658203125,False,445,refine,refresh_aware_admission,"31,32",27614.453563905365
2,27709.948287558436,47.74736182653436,22.658203125,False,446,refine,refresh_aware_admission,"31,32",27662.2009257319
2,27757.695649384972,47.74736182653436,22.658203125,False,447,refine,refresh_aware_admission,"31,32",27709.948287558436
2,27805.443011211508,47.74736182653436,22.658203125,False,448,refine,refresh_aware_admission,"31,32",27757.695649384972
2,27853.190373038044,47.74736182653436,22.658203125,False,449,refine,refresh_aware_admission,"31,32",27805.443011211508
2,27900.93773486458,47.74736182653436,22.658203125,False,450,refine,refresh_aware_admission,"31,32",27853.190373038044
2,27948.685096691115,47.74736182653436,22.658203125,False,451,refine,refresh_aware_admission,"31,32",27900.93773486458
2,28020.68957319505,72.00447650393471,235.28125,False,452,warmup,refresh_aware_admission,"33,32",27948.685096691115
2,28068.436935021586,47.74736182653436,22.658203125,False,453,refine,refresh_aware_admission,"32,33",28020.68957319505
2,28116.18429684812,47.74736182653436,22.658203125,False,454,refine,refresh_aware_admission,"32,33",28068.436935021586
2,28163.931658674657,47.74736182653436,22.658203125,False,455,refine,refresh_aware_admission,"32,33",28116.18429684812
2,28211.679020501193,47.74736182653436,22.658203125,False,456,refine,refresh_aware_admission,"32,33",28163.931658674657
2,28259.42638232773,47.74736182653436,22.658203125,False,457,refine,refresh_aware_admission,"32,33",28211.679020501193
2,28307.173744154265,47.74736182653436,22.658203125,False,458,refine,refresh_aware_admission,"32,33",28259.42638232773
2,28354.9211059808,47.74736182653436,22.658203125,False,459,refine,refresh_aware_admission,"32,33",28307.173744154265
2,28402.668467807336,47.74736182653436,22.658203125,False,460,refine,refresh_aware_admission,"32,33",28354.9211059808
2,28450.415829633872,47.74736182653436,22.658203125,False,461,refine,refresh_aware_admission,"32,33",28402.668467807336
2,28498.163191460408,47.74736182653436,22.658203125,False,462,refine,refresh_aware_admission,"32,33",28450.415829633872
2,28570.167667964342,72.00447650393471,235.28125,False,463,warmup,refresh_aware_admission,"32,33",28498.163191460408
2,28617.915029790878,47.74736182653436,22.658203125,False,464,refine,refresh_aware_admission,"32,33",28570.167667964342
2,28665.662391617414,47.74736182653436,22.658203125,False,465,refine,refresh_aware_admission,"32,33",28617.915029790878
2,28713.40975344395,47.74736182653436,22.658203125,False,466,refine,refresh_aware_admission,"32,33",28665.662391617414
2,28761.157115270486,47.74736182653436,22.658203125,False,467,refine,refresh_aware_admission,"32,33",28713.40975344395
2,28808.90447709702,47.74736182653436,22.658203125,False,468,refine,refresh_aware_admission,"32,33",28761.157115270486
2,28856.651838923557,47.74736182653436,22.658203125,False,469,refine,refresh_aware_admission,"32,33",28808.90447709702
2,28904.399200750093,47.74736182653436,22.658203125,False,470,refine,refresh_aware_admission,"32,33",28856.651838923557
2,28952.14656257663,47.74736182653436,22.658203125,False,471,refine,refresh_aware_admission,"32,33",28904.399200750093
2,28999.893924403164,47.74736182653436,22.658203125,False,472,refine,refresh_aware_admission,"32,33",28952.14656257663
2,29047.6412862297,47.74736182653436,22.658203125,False,473,refine,refresh_aware_admission,"32,33",28999.893924403164
1,29086.34006697299,38.69878074328881,117.5458984375,False,474,warmup,refresh_aware_admission,33,29047.6412862297
1,29130.899067120263,44.559000147273764,12.220703125,False,475,refine,refresh_aware_admission,33,29086.34006697299
1,29175.458067267537,44.559000147273764,12.220703125,False,476,refine,refresh_aware_admission,33,29130.899067120263
1,29220.01706741481,44.559000147273764,12.220703125,False,477,refine,refresh_aware_admission,33,29175.458067267537
1,29264.576067562084,44.559000147273764,12.220703125,False,478,refine,refresh_aware_admission,33,29220.01706741481
1,29309.135067709358,44.559000147273764,12.220703125,False,479,refine,refresh_aware_admission,33,29264.576067562084
1,29353.69406785663,44.559000147273764,12.220703125,False,480,refine,refresh_aware_admission,33,29309.135067709358
1,29398.253068003905,44.559000147273764,12.220703125,False,481,refine,refresh_aware_admission,33,29353.69406785663
1,29442.81206815118,44.559000147273764,12.220703125,False,482,refine,refresh_aware_admission,33,29398.253068003905
1,29487.371068298453,44.559000147273764,12.220703125,False,483,refine,refresh_aware_admission,33,29442.81206815118
1,29531.930068445727,44.559000147273764,12.220703125,False,484,refine,refresh_aware_admission,33,29487.371068298453
1,30184.164679821002,38.69878074328881,117.5458984375,False,485,warmup,refresh_aware_admission,34,30145.465899077713
1,30228.723679968276,44.559000147273764,12.220703125,False,486,refine,refresh_aware_admission,34,30184.164679821002
1,30273.28268011555,44.559000147273764,12.220703125,False,487,refine,refresh_aware_admission,34,30228.723679968276
1,30317.841680262824,44.559000147273764,12.220703125,False,488,refine,refresh_aware_admission,34,30273.28268011555
1,30362.400680410097,44.559000147273764,12.220703125,False,489,refine,refresh_aware_admission,34,30317.841680262824
1,30406.95968055737,44.559000147273764,12.220703125,False,490,refine,refresh_aware_admission,34,30362.400680410097
1,30451.518680704645,44.559000147273764,12.220703125,False,491,refine,refresh_aware_admission,34,30406.95968055737
1,30496.07768085192,44.559000147273764,12.220703125,False,492,refine,refresh_aware_admission,34,30451.518680704645
1,30540.636680999192,44.559000147273764,12.220703125,False,493,refine,refresh_aware_admission,34,30496.07768085192
1,30585.195681146466,44.559000147273764,12.220703125,False,494,refine,refresh_aware_admission,34,30540.636680999192
1,30629.75468129374,44.559000147273764,12.220703125,False,495,refine,refresh_aware_admission,34,30585.195681146466
1,30668.45346203703,38.69878074328881,117.5458984375,False,496,warmup,refresh_aware_admission,35,30629.75468129374
2,30716.200823863564,47.74736182653436,22.658203125,False,497,refine,refresh_aware_admission,"34,35",30668.45346203703
1,30754.899604606853,38.69878074328881,117.5458984375,False,498,warmup,refresh_aware_admission,34,30716.200823863564
2,30802.64696643339,47.74736182653436,22.658203125,False,499,refine,refresh_aware_admission,"35,34",30754.899604606853
2,30850.394328259925,47.74736182653436,22.658203125,False,500,refine,refresh_aware_admission,"34,35",30802.64696643339
2,30898.14169008646,47.74736182653436,22.658203125,False,501,refine,refresh_aware_admission,"34,35",30850.394328259925
2,30945.889051912996,47.74736182653436,22.658203125,False,502,refine,refresh_aware_admission,"34,35",30898.14169008646
2,30993.636413739532,47.74736182653436,22.658203125,False,503,refine,refresh_aware_admission,"34,35",30945.889051912996
2,31041.383775566068,47.74736182653436,22.658203125,False,504,refine,refresh_aware_admission,"34,35",30993.636413739532
2,31089.131137392604,47.74736182653436,22.658203125,False,505,refine,refresh_aware_admission,"34,35",31041.383775566068
2,31136.87849921914,47.74736182653436,22.658203125,False,506,refine,refresh_aware_admission,"34,35",31089.131137392604
2,31184.625861045675,47.74736182653436,22.658203125,False,507,refine,refresh_aware_admission,"34,35",31136.87849921914
2,31232.37322287221,47.74736182653436,22.658203125,False,508,refine,refresh_aware_admission,"34,35",31184.625861045675
2,31304.377699376146,72.00447650393471,235.28125,False,509,warmup,refresh_aware_admission,"34,35",31232.37322287221
2,31352.12506120268,47.74736182653436,22.658203125,False,510,refine,refresh_aware_admission,"34,35",31304.377699376146
2,31399.872423029217,47.74736182653436,22.658203125,False,511,refine,refresh_aware_admission,"34,35",31352.12506120268
2,31447.619784855753,47.74736182653436,22.658203125,False,512,refine,refresh_aware_admission,"34,35",31399.872423029217
2,31495.36714668229,47.74736182653436,22.658203125,False,513,refine,refresh_aware_admission,"34,35",31447.619784855753
2,31543.114508508825,47.74736182653436,22.658203125,False,514,refine,refresh_aware_admission,"34,35",31495.36714668229
2,31590.86187033536,47.74736182653436,22.658203125,False,515,refine,refresh_aware_admission,"34,35",31543.114508508825
2,31638.609232161896,47.74736182653436,22.658203125,False,516,refine,refresh_aware_admission,"34,35",31590.86187033536
2,31686.356593988432,47.74736182653436,22.658203125,False,517,refine,refresh_aware_admission,"34,35",31638.609232161896
2,31734.103955814968,47.74736182653436,22.658203125,False,518,refine,refresh_aware_admission,"34,35",31686.356593988432
2,31781.851317641504,47.74736182653436,22.658203125,False,519,refine,refresh_aware_admission,"34,35",31734.103955814968
3,31889.858032397406,108.00671475590207,352.921875,False,520,warmup,refresh_aware_admission,"36,34,35",31781.851317641504
3,31961.479075137206,71.62104273980154,33.9873046875,False,521,refine,refresh_aware_admission,"34,35,36",31889.858032397406
3,32033.100117877006,71.62104273980154,33.9873046875,False,522,refine,refresh_aware_admission,"34,35,36",31961.479075137206
3,32104.721160616806,71.62104273980154,33.9873046875,False,523,refine,refresh_aware_admission,"34,35,36",32033.100117877006
3,32176.342203356606,71.62104273980154,33.9873046875,False,524,refine,refresh_aware_admission,"34,35,36",32104.721160616806
3,32247.963246096406,71.62104273980154,33.9873046875,False,525,refine,refresh_aware_admission,"34,35,36",32176.342203356606
3,32319.584288836206,71.62104273980154,33.9873046875,False,526,refine,refresh_aware_admission,"34,35,36",32247.963246096406
3,32391.205331576006,71.62104273980154,33.9873046875,False,527,refine,refresh_aware_admission,"34,35,36",32319.584288836206
3,32462.826374315806,71.62104273980154,33.9873046875,False,528,refine,refresh_aware_admission,"34,35,36",32391.205331576006
3,32534.447417055606,71.62104273980154,33.9873046875,False,529,refine,refresh_aware_admission,"34,35,36",32462.826374315806
3,32606.068459795406,71.62104273980154,33.9873046875,False,530,refine,refresh_aware_admission,"34,35,36",32534.447417055606
1,32644.767240538695,38.69878074328881,117.5458984375,False,531,warmup,refresh_aware_admission,35,32606.068459795406
2,32692.51460236523,47.74736182653436,22.658203125,False,532,refine,refresh_aware_admission,"36,35",32644.767240538695
1,32731.21338310852,38.69878074328881,117.5458984375,False,533,warmup,refresh_aware_admission,36,32692.51460236523
2,32778.96074493505,47.74736182653436,22.658203125,False,534,refine,refresh_aware_admission,"35,36",32731.21338310852
2,32826.70810676159,47.74736182653436,22.658203125,False,535,refine,refresh_aware_admission,"35,36",32778.96074493505
2,32874.45546858812,47.74736182653436,22.658203125,False,536,refine,refresh_aware_admission,"35,36",32826.70810676159
2,32922.20283041466,47.74736182653436,22.658203125,False,537,refine,refresh_aware_admission,"35,36",32874.45546858812
2,32969.950192241195,47.74736182653436,22.658203125,False,538,refine,refresh_aware_admission,"35,36",32922.20283041466
2,33017.69755406773,47.74736182653436,22.658203125,False,539,refine,refresh_aware_admission,"35,36",32969.950192241195
2,33065.444915894266,47.74736182653436,22.658203125,False,540,refine,refresh_aware_admission,"35,36",33017.69755406773
2,33113.1922777208,47.74736182653436,22.658203125,False,541,refine,refresh_aware_admission,"35,36",33065.444915894266
2,33160.93963954734,47.74736182653436,22.658203125,False,542,refine,refresh_aware_admission,"35,36",33113.1922777208
1,33205.49863969461,44.559000147273764,12.220703125,False,543,refine,refresh_aware_admission,36,33160.93963954734
2,33277.503116198546,72.00447650393471,235.28125,False,544,warmup,refresh_aware_admission,"36,37",33205.49863969461
2,33325.25047802508,47.74736182653436,22.658203125,False,545,refine,refresh_aware_admission,"36,37",33277.503116198546
2,33372.99783985162,47.74736182653436,22.658203125,False,546,refine,refresh_aware_admission,"36,37",33325.25047802508
2,33420.74520167815,47.74736182653436,22.658203125,False,547,refine,refresh_aware_admission,"36,37",33372.99783985162
2,33468.49256350469,47.74736182653436,22.658203125,False,548,refine,refresh_aware_admission,"36,37",33420.74520167815
2,33516.239925331225,47.74736182653436,22.658203125,False,549,refine,refresh_aware_admission,"36,37",33468.49256350469
2,33563.98728715776,47.74736182653436,22.658203125,False,550,refine,refresh_aware_admission,"36,37",33516.239925331225
2,33611.7346489843,47.74736182653436,22.658203125,False,551,refine,refresh_aware_admission,"36,37",33563.98728715776
2,33659.48201081083,47.74736182653436,22.658203125,False,552,refine,refresh_aware_admission,"36,37",33611.7346489843
2,33707.22937263737,47.74736182653436,22.658203125,False,553,refine,refresh_aware_admission,"36,37",33659.48201081083
2,33754.976734463904,47.74736182653436,22.658203125,False,554,refine,refresh_aware_admission,"36,37",33707.22937263737
1,33793.67551520719,38.69878074328881,117.5458984375,False,555,warmup,refresh_aware_admission,36,33754.976734463904
2,33841.42287703373,47.74736182653436,22.658203125,False,556,refine,refresh_aware_admission,"37,36",33793.67551520719
1,33880.12165777702,38.69878074328881,117.5458984375,False,557,warmup,refresh_aware_admission,37,33841.42287703373
2,33927.86901960355,47.74736182653436,22.658203125,False,558,refine,refresh_aware_admission,"36,37",33880.12165777702
2,33975.61638143009,47.74736182653436,22.658203125,False,559,refine,refresh_aware_admission,"36,37",33927.86901960355
2,34023.363743256625,47.74736182653436,22.658203125,False,560,refine,refresh_aware_admission,"36,37",33975.61638143009
2,34071.11110508316,47.74736182653436,22.658203125,False,561,refine,refresh_aware_admission,"36,37",34023.363743256625
2,34118.858466909696,47.74736182653436,22.658203125,False,562,refine,refresh_aware_admission,"36,37",34071.11110508316
2,34166.60582873623,47.74736182653436,22.658203125,False,563,refine,refresh_aware_admission,"36,37",34118.858466909696
2,34214.35319056277,47.74736182653436,22.658203125,False,564,refine,refresh_aware_admission,"36,37",34166.60582873623
2,34262.1005523893,47.74736182653436,22.658203125,False,565,refine,refresh_aware_admission,"36,37",34214.35319056277
2,34309.84791421584,47.74736182653436,22.658203125,False,566,refine,refresh_aware_admission,"36,37",34262.1005523893
1,34348.54669495913,38.69878074328881,117.5458984375,False,567,warmup,refresh_aware_admission,38,34309.84791421584
2,34396.294056785664,47.74736182653436,22.658203125,False,568,refine,refresh_aware_admission,"37,38",34348.54669495913
1,34434.99283752895,38.69878074328881,117.5458984375,False,569,warmup,refresh_aware_admission,37,34396.294056785664
2,34482.74019935549,47.74736182653436,22.658203125,False,570,refine,refresh_aware_admission,"38,37",34434.99283752895
2,34530.487561182024,47.74736182653436,22.658203125,False,571,refine,refresh_aware_admission,"37,38",34482.74019935549
2,34578.23492300856,47.74736182653436,22.658203125,False,572,refine,refresh_aware_admission,"37,38",34530.487561182024
2,34625.982284835096,47.74736182653436,22.658203125,False,573,refine,refresh_aware_admission,"37,38",34578.23492300856
2,34673.72964666163,47.74736182653436,22.658203125,False,574,refine,refresh_aware_admission,"37,38",34625.982284835096
2,34721.47700848817,47.74736182653436,22.658203125,False,575,refine,refresh_aware_admission,"37,38",34673.72964666163
2,34769.2243703147,47.74736182653436,22.658203125,False,576,refine,refresh_aware_admission,"37,38",34721.47700848817
2,34816.97173214124,47.74736182653436,22.658203125,False,577,refine,refresh_aware_admission,"37,38",34769.2243703147
2,34864.719093967775,47.74736182653436,22.658203125,False,578,refine,refresh_aware_admission,"37,38",34816.97173214124
2,34912.46645579431,47.74736182653436,22.658203125,False,579,refine,refresh_aware_admission,"37,38",34864.719093967775
2,34984.470932298245,72.00447650393471,235.28125,False,580,warmup,refresh_aware_admission,"37,38",34912.46645579431
2,35032.21829412478,47.74736182653436,22.658203125,False,581,refine,refresh_aware_admission,"37,38",34984.470932298245
2,35079.96565595132,47.74736182653436,22.658203125,False,582,refine,refresh_aware_admission,"37,38",35032.21829412478
2,35127.71301777785,47.74736182653436,22.658203125,False,583,refine,refresh_aware_admission,"37,38",35079.96565595132
2,35175.46037960439,47.74736182653436,22.658203125,False,584,refine,refresh_aware_admission,"37,38",35127.71301777785
2,35223.207741430924,47.74736182653436,22.658203125,False,585,refine,refresh_aware_admission,"37,38",35175.46037960439
2,35270.95510325746,47.74736182653436,22.658203125,False,586,refine,refresh_aware_admission,"37,38",35223.207741430924
2,35318.702465083996,47.74736182653436,22.658203125,False,587,refine,refresh_aware_admission,"37,38",35270.95510325746
2,35366.44982691053,47.74736182653436,22.658203125,False,588,refine,refresh_aware_admission,"37,38",35318.702465083996
2,35414.19718873707,47.74736182653436,22.658203125,False,589,refine,refresh_aware_admission,"37,38",35366.44982691053
2,35461.9445505636,47.74736182653436,22.658203125,False,590,refine,refresh_aware_admission,"37,38",35414.19718873707
1,35500.64333130689,38.69878074328881,117.5458984375,False,591,warmup,refresh_aware_admission,38,35461.9445505636
1,35545.202331454166,44.559000147273764,12.220703125,False,592,refine,refresh_aware_admission,38,35500.64333130689
1,35589.76133160144,44.559000147273764,12.220703125,False,593,refine,refresh_aware_admission,38,35545.202331454166
1,35634.32033174871,44.559000147273764,12.220703125,False,594,refine,refresh_aware_admission,38,35589.76133160144
1,35678.87933189599,44.559000147273764,12.220703125,False,595,refine,refresh_aware_admission,38,35634.32033174871
1,35723.43833204326,44.559000147273764,12.220703125,False,596,refine,refresh_aware_admission,38,35678.87933189599
1,35767.997332190535,44.559000147273764,12.220703125,False,597,refine,refresh_aware_admission,38,35723.43833204326
1,35812.55633233781,44.559000147273764,12.220703125,False,598,refine,refresh_aware_admission,38,35767.997332190535
1,35857.11533248508,44.559000147273764,12.220703125,False,599,refine,refresh_aware_admission,38,35812.55633233781
1,35901.674332632356,44.559000147273764,12.220703125,False,600,refine,refresh_aware_admission,38,35857.11533248508
1,35946.23333277963,44.559000147273764,12.220703125,False,601,refine,refresh_aware_admission,38,35901.674332632356
1,35984.93211352292,38.69878074328881,117.5458984375,False,602,warmup,refresh_aware_admission,38,35946.23333277963
1,36029.49111367019,44.559000147273764,12.220703125,False,603,refine,refresh_aware_admission,38,35984.93211352292
1,36074.050113817466,44.559000147273764,12.220703125,False,604,refine,refresh_aware_admission,38,36029.49111367019
1,36118.60911396474,44.559000147273764,12.220703125,False,605,refine,refresh_aware_admission,38,36074.050113817466
1,36163.16811411201,44.559000147273764,12.220703125,False,606,refine,refresh_aware_admission,38,36118.60911396474
1,36201.8668948553,38.69878074328881,117.5458984375,False,607,warmup,refresh_aware_admission,39,36163.16811411201
2,36249.61425668184,47.74736182653436,22.658203125,False,608,refine,refresh_aware_admission,"38,39",36201.8668948553
2,36297.361618508374,47.74736182653436,22.658203125,False,609,refine,refresh_aware_admission,"38,39",36249.61425668184
2,36345.10898033491,47.74736182653436,22.658203125,False,610,refine,refresh_aware_admission,"38,39",36297.361618508374
2,36392.856342161445,47.74736182653436,22.658203125,False,611,refine,refresh_aware_admission,"38,39",36345.10898033491
2,36440.60370398798,47.74736182653436,22.658203125,False,612,refine,refresh_aware_admission,"38,39",36392.856342161445
2,36488.35106581452,47.74736182653436,22.658203125,False,613,refine,refresh_aware_admission,"38,39",36440.60370398798
1,36532.91006596179,44.559000147273764,12.220703125,False,614,refine,refresh_aware_admission,39,36488.35106581452
1,36577.469066109064,44.559000147273764,12.220703125,False,615,refine,refresh_aware_admission,39,36532.91006596179
1,36622.02806625634,44.559000147273764,12.220703125,False,616,refine,refresh_aware_admission,39,36577.469066109064
1,36666.58706640361,44.559000147273764,12.220703125,False,617,refine,refresh_aware_admission,39,36622.02806625634
1,36711.146066550886,44.559000147273764,12.220703125,False,618,refine,refresh_aware_admission,39,36666.58706640361
1,36749.844847294175,38.69878074328881,117.5458984375,False,619,warmup,refresh_aware_admission,39,36711.146066550886
1,36794.40384744145,44.559000147273764,12.220703125,False,620,refine,refresh_aware_admission,39,36749.844847294175
1,36838.96284758872,44.559000147273764,12.220703125,False,621,refine,refresh_aware_admission,39,36794.40384744145
1,36883.521847735996,44.559000147273764,12.220703125,False,622,refine,refresh_aware_admission,39,36838.96284758872
1,36928.08084788327,44.559000147273764,12.220703125,False,623,refine,refresh_aware_admission,39,36883.521847735996
1,36972.63984803054,44.559000147273764,12.220703125,False,624,refine,refresh_aware_admission,39,36928.08084788327
1,37017.19884817782,44.559000147273764,12.220703125,False,625,refine,refresh_aware_admission,39,36972.63984803054
1,37055.897628921106,38.69878074328881,117.5458984375,False,626,warmup,refresh_aware_admission,40,37017.19884817782
2,37103.64499074764,47.74736182653436,22.658203125,False,627,refine,refresh_aware_admission,"39,40",37055.897628921106
2,37151.39235257418,47.74736182653436,22.658203125,False,628,refine,refresh_aware_admission,"39,40",37103.64499074764
2,37199.13971440071,47.74736182653436,22.658203125,False,629,refine,refresh_aware_admission,"39,40",37151.39235257418
2,37246.88707622725,47.74736182653436,22.658203125,False,630,refine,refresh_aware_admission,"39,40",37199.13971440071
1,37285.58585697054,38.69878074328881,117.5458984375,False,631,warmup,refresh_aware_admission,39,37246.88707622725
2,37333.333218797074,47.74736182653436,22.658203125,False,632,refine,refresh_aware_admission,"40,39",37285.58585697054
2,37381.08058062361,47.74736182653436,22.658203125,False,633,refine,refresh_aware_admission,"39,40",37333.333218797074
2,37428.827942450145,47.74736182653436,22.658203125,False,634,refine,refresh_aware_admission,"39,40",37381.08058062361
2,37476.57530427668,47.74736182653436,22.658203125,False,635,refine,refresh_aware_admission,"39,40",37428.827942450145
2,37524.32266610322,47.74736182653436,22.658203125,False,636,refine,refresh_aware_admission,"39,40",37476.57530427668
2,37572.07002792975,47.74736182653436,22.658203125,False,637,refine,refresh_aware_admission,"39,40",37524.32266610322
2,37619.81738975629,47.74736182653436,22.658203125,False,638,refine,refresh_aware_admission,"39,40",37572.07002792975
1,37658.51617049958,38.69878074328881,117.5458984375,False,639,warmup,refresh_aware_admission,40,37619.81738975629
2,37706.26353232611,47.74736182653436,22.658203125,False,640,refine,refresh_aware_admission,"39,40",37658.51617049958
2,37754.01089415265,47.74736182653436,22.658203125,False,641,refine,refresh_aware_admission,"39,40",37706.26353232611
2,37801.758255979184,47.74736182653436,22.658203125,False,642,refine,refresh_aware_admission,"39,40",37754.01089415265
1,37840.45703672247,38.69878074328881,117.5458984375,False,643,warmup,refresh_aware_admission,39,37801.758255979184
2,37888.20439854901,47.74736182653436,22.658203125,False,644,refine,refresh_aware_admission,"40,39",37840.45703672247
2,37935.951760375545,47.74736182653436,22.658203125,False,645,refine,refresh_aware_admission,"39,40",37888.20439854901
2,37983.69912220208,47.74736182653436,22.658203125,False,646,refine,refresh_aware_admission,"39,40",37935.951760375545
2,38031.44648402862,47.74736182653436,22.658203125,False,647,refine,refresh_aware_admission,"39,40",37983.69912220208
2,38079.19384585515,47.74736182653436,22.658203125,False,648,refine,refresh_aware_admission,"39,40",38031.44648402862
2,38126.94120768169,47.74736182653436,22.658203125,False,649,refine,refresh_aware_admission,"39,40",38079.19384585515
2,38174.688569508224,47.74736182653436,22.658203125,False,650,refine,refresh_aware_admission,"39,40",38126.94120768169
1,38213.38735025151,38.69878074328881,117.5458984375,False,651,warmup,refresh_aware_admission,40,38174.688569508224
2,38261.13471207805,47.74736182653436,22.658203125,False,652,refine,refresh_aware_admission,"39,40",38213.38735025151
2,38308.882073904584,47.74736182653436,22.658203125,False,653,refine,refresh_aware_admission,"39,40",38261.13471207805
2,38356.62943573112,47.74736182653436,22.658203125,False,654,refine,refresh_aware_admission,"39,40",38308.882073904584
2,38428.633912235055,72.00447650393471,235.28125,False,655,warmup,refresh_aware_admission,"41,42",38356.62943573112
3,38500.25495497486,71.62104273980154,33.9873046875,False,656,refine,refresh_aware_admission,"40,41,42",38428.633912235055
3,38571.87599771466,71.62104273980154,33.9873046875,False,657,refine,refresh_aware_admission,"40,41,42",38500.25495497486
3,38643.497040454466,71.62104273980154,33.9873046875,False,658,refine,refresh_aware_admission,"40,41,42",38571.87599771466
3,38715.11808319427,71.62104273980154,33.9873046875,False,659,refine,refresh_aware_admission,"40,41,42",38643.497040454466
3,38786.73912593407,71.62104273980154,33.9873046875,False,660,refine,refresh_aware_admission,"40,41,42",38715.11808319427
3,38858.36016867388,71.62104273980154,33.9873046875,False,661,refine,refresh_aware_admission,"40,41,42",38786.73912593407
3,38929.98121141368,71.62104273980154,33.9873046875,False,662,refine,refresh_aware_admission,"40,41,42",38858.36016867388
2,38977.728573240216,47.74736182653436,22.658203125,False,663,refine,refresh_aware_admission,"41,42",38929.98121141368
2,39025.47593506675,47.74736182653436,22.658203125,False,664,refine,refresh_aware_admission,"41,42",38977.728573240216
2,39073.22329689329,47.74736182653436,22.658203125,False,665,refine,refresh_aware_admission,"41,42",39025.47593506675
2,39120.97065871982,47.74736182653436,22.658203125,False,666,refine,refresh_aware_admission,"41,42",39073.22329689329
4,39231.39310047024,110.4224417504156,467.0625,False,667,warmup,refresh_aware_admission,"43,40,41,42",39120.97065871982
4,39285.19710212829,53.804001658047525,46.439453125,False,668,refine,refresh_aware_admission,"40,41,42,43",39231.39310047024
4,39339.00110378634,53.804001658047525,46.439453125,False,669,refine,refresh_aware_admission,"40,41,42,43",39285.19710212829
4,39392.805105444386,53.804001658047525,46.439453125,False,670,refine,refresh_aware_admission,"40,41,42,43",39339.00110378634
4,39446.609107102435,53.804001658047525,46.439453125,False,671,refine,refresh_aware_admission,"40,41,42,43",39392.805105444386
4,39500.413108760484,53.804001658047525,46.439453125,False,672,refine,refresh_aware_admission,"40,41,42,43",39446.609107102435
4,39554.21711041853,53.804001658047525,46.439453125,False,673,refine,refresh_aware_admission,"40,41,42,43",39500.413108760484
4,39608.02111207658,53.804001658047525,46.439453125,False,674,refine,refresh_aware_admission,"40,41,42,43",39554.21711041853
4,39661.82511373463,53.804001658047525,46.439453125,False,675,refine,refresh_aware_admission,"40,41,42,43",39608.02111207658
4,39715.62911539268,53.804001658047525,46.439453125,False,676,refine,refresh_aware_admission,"40,41,42,43",39661.82511373463
4,39769.43311705073,53.804001658047525,46.439453125,False,677,refine,refresh_aware_admission,"40,41,42,43",39715.62911539268
3,39877.43983180663,108.00671475590207,352.921875,False,678,warmup,refresh_aware_admission,"41,42,44",39769.43311705073
4,39931.24383346468,53.804001658047525,46.439453125,False,679,refine,refresh_aware_admission,"43,41,42,44",39877.43983180663
3,40002.86487620448,71.62104273980154,33.9873046875,False,680,refine,refresh_aware_admission,"41,42,44",39931.24383346468
3,40074.48591894429,71.62104273980154,33.9873046875,False,681,refine,refresh_aware_admission,"41,42,44",40002.86487620448
3,40146.10696168409,71.62104273980154,33.9873046875,False,682,refine,refresh_aware_admission,"41,42,44",40074.48591894429
3,40217.728004423894,71.62104273980154,33.9873046875,False,683,refine,refresh_aware_admission,"41,42,44",40146.10696168409
3,40289.3490471637,71.62104273980154,33.9873046875,False,684,refine,refresh_aware_admission,"41,42,44",40217.728004423894
3,40360.9700899035,71.62104273980154,33.9873046875,False,685,refine,refresh_aware_admission,"41,42,44",40289.3490471637
3,40432.591132643305,71.62104273980154,33.9873046875,False,686,refine,refresh_aware_admission,"41,42,44",40360.9700899035
3,40504.21217538311,71.62104273980154,33.9873046875,False,687,refine,refresh_aware_admission,"41,42,44",40432.591132643305
3,40575.83321812291,71.62104273980154,33.9873046875,False,688,refine,refresh_aware_admission,"41,42,44",40504.21217538311
3,40683.839932878815,108.00671475590207,352.921875,False,689,warmup,refresh_aware_admission,"43,41,42",40575.83321812291
4,40737.64393453686,53.804001658047525,46.439453125,False,690,refine,refresh_aware_admission,"44,41,42,43",40683.839932878815
3,40809.26497727667,71.62104273980154,33.9873046875,False,691,refine,refresh_aware_admission,"41,42,43",40737.64393453686
3,40880.88602001647,71.62104273980154,33.9873046875,False,692,refine,refresh_aware_admission,"41,42,43",40809.26497727667
3,40952.507062756275,71.62104273980154,33.9873046875,False,693,refine,refresh_aware_admission,"41,42,43",40880.88602001647
3,41024.12810549608,71.62104273980154,33.9873046875,False,694,refine,refresh_aware_admission,"41,42,43",40952.507062756275
3,41095.74914823588,71.62104273980154,33.9873046875,False,695,refine,refresh_aware_admission,"41,42,43",41024.12810549608
3,41167.370190975686,71.62104273980154,33.9873046875,False,696,refine,refresh_aware_admission,"41,42,43",41095.74914823588
3,41238.99123371549,71.62104273980154,33.9873046875,False,697,refine,refresh_aware_admission,"41,42,43",41167.370190975686
3,41310.61227645529,71.62104273980154,33.9873046875,False,698,refine,refresh_aware_admission,"41,42,43",41238.99123371549
3,41382.2333191951,71.62104273980154,33.9873046875,False,699,refine,refresh_aware_admission,"41,42,43",41310.61227645529
4,41492.65576094551,110.4224417504156,467.0625,False,700,warmup,refresh_aware_admission,"44,43,45,46",41382.2333191951
4,41546.45976260356,53.804001658047525,46.439453125,False,701,refine,refresh_aware_admission,"43,44,45,46",41492.65576094551
4,41600.26376426161,53.804001658047525,46.439453125,False,702,refine,refresh_aware_admission,"43,44,45,46",41546.45976260356
4,41654.06776591966,53.804001658047525,46.439453125,False,703,refine,refresh_aware_admission,"43,44,45,46",41600.26376426161
4,41707.87176757771,53.804001658047525,46.439453125,False,704,refine,refresh_aware_admission,"43,44,45,46",41654.06776591966
4,41761.67576923576,53.804001658047525,46.439453125,False,705,refine,refresh_aware_admission,"43,44,45,46",41707.87176757771
4,41815.479770893806,53.804001658047525,46.439453125,False,706,refine,refresh_aware_admission,"43,44,45,46",41761.67576923576
4,41869.283772551855,53.804001658047525,46.439453125,False,707,refine,refresh_aware_admission,"43,44,45,46",41815.479770893806
4,41923.087774209904,53.804001658047525,46.439453125,False,708,refine,refresh_aware_admission,"43,44,45,46",41869.283772551855
4,41976.89177586795,53.804001658047525,46.439453125,False,709,refine,refresh_aware_admission,"43,44,45,46",41923.087774209904
4,42030.695777526,53.804001658047525,46.439453125,False,710,refine,refresh_aware_admission,"43,44,45,46",41976.89177586795
2,42078.44313935254,47.74736182653436,22.658203125,False,711,refine,refresh_aware_admission,"45,46",42030.695777526
4,42188.86558110295,110.4224417504156,467.0625,False,712,warmup,refresh_aware_admission,"43,44,45,46",42078.44313935254
4,42242.669582761,53.804001658047525,46.439453125,False,713,refine,refresh_aware_admission,"43,44,45,46",42188.86558110295
4,42296.47358441905,53.804001658047525,46.439453125,False,714,refine,refresh_aware_admission,"43,44,45,46",42242.669582761
4,42350.2775860771,53.804001658047525,46.439453125,False,715,refine,refresh_aware_admission,"43,44,45,46",42296.47358441905
4,42404.08158773515,53.804001658047525,46.439453125,False,716,refine,refresh_aware_admission,"43,44,45,46",42350.2775860771
4,42457.8855893932,53.804001658047525,46.439453125,False,717,refine,refresh_aware_admission,"43,44,45,46",42404.08158773515
4,42511.68959105125,53.804001658047525,46.439453125,False,718,refine,refresh_aware_admission,"43,44,45,46",42457.8855893932
4,42565.493592709296,53.804001658047525,46.439453125,False,719,refine,refresh_aware_admission,"43,44,45,46",42511.68959105125
4,42619.297594367345,53.804001658047525,46.439453125,False,720,refine,refresh_aware_admission,"43,44,45,46",42565.493592709296
4,42673.10159602539,53.804001658047525,46.439453125,False,721,refine,refresh_aware_admission,"43,44,45,46",42619.297594367345
4,42726.90559768344,53.804001658047525,46.439453125,False,722,refine,refresh_aware_admission,"43,44,45,46",42673.10159602539
4,42837.32803943386,110.4224417504156,467.0625,False,723,warmup,refresh_aware_admission,"44,45,46,47",42726.90559768344
4,42891.13204109191,53.804001658047525,46.439453125,False,724,refine,refresh_aware_admission,"44,45,46,47",42837.32803943386
4,42944.936042749956,53.804001658047525,46.439453125,False,725,refine,refresh_aware_admission,"44,45,46,47",42891.13204109191
4,42998.740044408005,53.804001658047525,46.439453125,False,726,refine,refresh_aware_admission,"44,45,46,47",42944.936042749956
4,43052.544046066054,53.804001658047525,46.439453125,False,727,refine,refresh_aware_admission,"44,45,46,47",42998.740044408005
4,43106.3480477241,53.804001658047525,46.439453125,False,728,refine,refresh_aware_admission,"44,45,46,47",43052.544046066054
4,43160.15204938215,53.804001658047525,46.439453125,False,729,refine,refresh_aware_admission,"44,45,46,47",43106.3480477241
4,43213.9560510402,53.804001658047525,46.439453125,False,730,refine,refresh_aware_admission,"44,45,46,47",43160.15204938215
4,43267.76005269825,53.804001658047525,46.439453125,False,731,refine,refresh_aware_admission,"44,45,46,47",43213.9560510402
4,43321.5640543563,53.804001658047525,46.439453125,False,732,refine,refresh_aware_admission,"44,45,46,47",43267.76005269825
4,43375.36805601435,53.804001658047525,46.439453125,False,733,refine,refresh_aware_admission,"44,45,46,47",43321.5640543563
3,43483.37477077025,108.00671475590207,352.921875,False,734,warmup,refresh_aware_admission,"45,46,48",43375.36805601435
4,43537.1787724283,53.804001658047525,46.439453125,False,735,refine,refresh_aware_admission,"47,45,46,48",43483.37477077025
3,43608.7998151681,71.62104273980154,33.9873046875,False,736,refine,refresh_aware_admission,"45,46,48",43537.1787724283
3,43680.420857907906,71.62104273980154,33.9873046875,False,737,refine,refresh_aware_admission,"45,46,48",43608.7998151681
3,43752.04190064771,71.62104273980154,33.9873046875,False,738,refine,refresh_aware_admission,"45,46,48",43680.420857907906
3,43823.66294338751,71.62104273980154,33.9873046875,False,739,refine,refresh_aware_admission,"45,46,48",43752.04190064771
3,43895.28398612732,71.62104273980154,33.9873046875,False,740,refine,refresh_aware_admission,"45,46,48",43823.66294338751
3,43966.90502886712,71.62104273980154,33.9873046875,False,741,refine,refresh_aware_admission,"45,46,48",43895.28398612732
3,44038.526071606924,71.62104273980154,33.9873046875,False,742,refine,refresh_aware_admission,"45,46,48",43966.90502886712
3,44110.14711434673,71.62104273980154,33.9873046875,False,743,refine,refresh_aware_admission,"45,46,48",44038.526071606924
3,44181.76815708653,71.62104273980154,33.9873046875,False,744,refine,refresh_aware_admission,"45,46,48",44110.14711434673
3,44289.774871842434,108.00671475590207,352.921875,False,745,warmup,refresh_aware_admission,"47,49,50",44181.76815708653
4,44343.57887350048,53.804001658047525,46.439453125,False,746,refine,refresh_aware_admission,"48,47,49,50",44289.774871842434
3,44415.199916240286,71.62104273980154,33.9873046875,False,747,refine,refresh_aware_admission,"47,49,50",44343.57887350048
3,44486.82095898009,71.62104273980154,33.9873046875,False,748,refine,refresh_aware_admission,"47,49,50",44415.199916240286
3,44558.44200171989,71.62104273980154,33.9873046875,False,749,refine,refresh_aware_admission,"47,49,50",44486.82095898009
3,44630.0630444597,71.62104273980154,33.9873046875,False,750,refine,refresh_aware_admission,"47,49,50",44558.44200171989
3,44701.6840871995,71.62104273980154,33.9873046875,False,751,refine,refresh_aware_admission,"47,49,50",44630.0630444597
3,44773.305129939305,71.62104273980154,33.9873046875,False,752,refine,refresh_aware_admission,"47,49,50",44701.6840871995
3,44844.92617267911,71.62104273980154,33.9873046875,False,753,refine,refresh_aware_admission,"47,49,50",44773.305129939305
3,44916.54721541891,71.62104273980154,33.9873046875,False,754,refine,refresh_aware_admission,"47,49,50",44844.92617267911
3,44988.168258158716,71.62104273980154,33.9873046875,False,755,refine,refresh_aware_admission,"47,49,50",44916.54721541891
2,45035.91561998525,47.74736182653436,22.658203125,False,756,refine,refresh_aware_admission,"49,50",44988.168258158716
4,45146.33806173567,110.4224417504156,467.0625,False,757,warmup,refresh_aware_admission,"48,47,49,50",45035.91561998525
4,45200.142063393716,53.804001658047525,46.439453125,False,758,refine,refresh_aware_admission,"47,48,49,50",45146.33806173567
4,45253.946065051765,53.804001658047525,46.439453125,False,759,refine,refresh_aware_admission,"47,48,49,50",45200.142063393716
4,45307.750066709814,53.804001658047525,46.439453125,False,760,refine,refresh_aware_admission,"47,48,49,50",45253.946065051765
4,45361.55406836786,53.804001658047525,46.439453125,False,761,refine,refresh_aware_admission,"47,48,49,50",45307.750066709814
4,45415.35807002591,53.804001658047525,46.439453125,False,762,refine,refresh_aware_admission,"47,48,49,50",45361.55406836786
4,45469.16207168396,53.804001658047525,46.439453125,False,763,refine,refresh_aware_admission,"47,48,49,50",45415.35807002591
4,45522.96607334201,53.804001658047525,46.439453125,False,764,refine,refresh_aware_admission,"47,48,49,50",45469.16207168396
4,45576.77007500006,53.804001658047525,46.439453125,False,765,refine,refresh_aware_admission,"47,48,49,50",45522.96607334201
4,45630.57407665811,53.804001658047525,46.439453125,False,766,refine,refresh_aware_admission,"47,48,49,50",45576.77007500006
4,45684.37807831616,53.804001658047525,46.439453125,False,767,refine,refresh_aware_admission,"47,48,49,50",45630.57407665811
4,45794.80052006657,110.4224417504156,467.0625,False,768,warmup,refresh_aware_admission,"47,48,49,50",45684.37807831616
4,45848.60452172462,53.804001658047525,46.439453125,False,769,refine,refresh_aware_admission,"47,48,49,50",45794.80052006657
4,45902.40852338267,53.804001658047525,46.439453125,False,770,refine,refresh_aware_admission,"47,48,49,50",45848.60452172462
4,45956.21252504072,53.804001658047525,46.439453125,False,771,refine,refresh_aware_admission,"47,48,49,50",45902.40852338267
4,46010.01652669877,53.804001658047525,46.439453125,False,772,refine,refresh_aware_admission,"47,48,49,50",45956.21252504072
4,46063.82052835682,53.804001658047525,46.439453125,False,773,refine,refresh_aware_admission,"47,48,49,50",46010.01652669877
4,46117.624530014866,53.804001658047525,46.439453125,False,774,refine,refresh_aware_admission,"47,48,49,50",46063.82052835682
4,46171.428531672915,53.804001658047525,46.439453125,False,775,refine,refresh_aware_admission,"47,48,49,50",46117.624530014866
4,46225.23253333096,53.804001658047525,46.439453125,False,776,refine,refresh_aware_admission,"47,48,49,50",46171.428531672915
4,46279.03653498901,53.804001658047525,46.439453125,False,777,refine,refresh_aware_admission,"47,48,49,50",46225.23253333096
4,46332.84053664706,53.804001658047525,46.439453125,False,778,refine,refresh_aware_admission,"47,48,49,50",46279.03653498901
4,46443.26297839748,110.4224417504156,467.0625,False,779,warmup,refresh_aware_admission,"48,49,50,51",46332.84053664706
4,46497.066980055526,53.804001658047525,46.439453125,False,780,refine,refresh_aware_admission,"48,49,50,51",46443.26297839748
4,46550.870981713575,53.804001658047525,46.439453125,False,781,refine,refresh_aware_admission,"48,49,50,51",46497.066980055526
4,46604.674983371624,53.804001658047525,46.439453125,False,782,refine,refresh_aware_admission,"48,49,50,51",46550.870981713575
4,46658.47898502967,53.804001658047525,46.439453125,False,783,refine,refresh_aware_admission,"48,49,50,51",46604.674983371624
4,46712.28298668772,53.804001658047525,46.439453125,False,784,refine,refresh_aware_admission,"48,49,50,51",46658.47898502967
4,46766.08698834577,53.804001658047525,46.439453125,False,785,refine,refresh_aware_admission,"48,49,50,51",46712.28298668772
4,46819.89099000382,53.804001658047525,46.439453125,False,786,refine,refresh_aware_admission,"48,49,50,51",46766.08698834577
4,46873.69499166187,53.804001658047525,46.439453125,False,787,refine,refresh_aware_admission,"48,49,50,51",46819.89099000382
4,46927.49899331992,53.804001658047525,46.439453125,False,788,refine,refresh_aware_admission,"48,49,50,51",46873.69499166187
4,46981.30299497797,53.804001658047525,46.439453125,False,789,refine,refresh_aware_admission,"48,49,50,51",46927.49899331992
3,47089.30970973387,108.00671475590207,352.921875,False,790,warmup,refresh_aware_admission,"52,53,54",46981.30299497797
4,47143.11371139192,53.804001658047525,46.439453125,False,791,refine,refresh_aware_admission,"51,52,53,54",47089.30970973387
3,47214.73475413172,71.62104273980154,33.9873046875,False,792,refine,refresh_aware_admission,"52,53,54",47143.11371139192
3,47286.355796871525,71.62104273980154,33.9873046875,False,793,refine,refresh_aware_admission,"52,53,54",47214.73475413172
3,47357.97683961133,71.62104273980154,33.9873046875,False,794,refine,refresh_aware_admission,"52,53,54",47286.355796871525
3,47429.59788235113,71.62104273980154,33.9873046875,False,795,refine,refresh_aware_admission,"52,53,54",47357.97683961133
3,47501.218925090936,71.62104273980154,33.9873046875,False,796,refine,refresh_aware_admission,"52,53,54",47429.59788235113
3,47572.83996783074,71.62104273980154,33.9873046875,False,797,refine,refresh_aware_admission,"52,53,54",47501.218925090936
3,47644.46101057054,71.62104273980154,33.9873046875,False,798,refine,refresh_aware_admission,"52,53,54",47572.83996783074
3,47716.08205331035,71.62104273980154,33.9873046875,False,799,refine,refresh_aware_admission,"52,53,54",47644.46101057054
3,47787.70309605015,71.62104273980154,33.9873046875,False,800,refine,refresh_aware_admission,"52,53,54",47716.08205331035
3,47859.324138789954,71.62104273980154,33.9873046875,False,801,refine,refresh_aware_admission,"52,53,54",47787.70309605015
4,47969.74658054037,110.4224417504156,467.0625,False,802,warmup,refresh_aware_admission,"51,52,53,54",47859.324138789954
4,48023.55058219842,53.804001658047525,46.439453125,False,803,refine,refresh_aware_admission,"51,52,53,54",47969.74658054037
4,48077.35458385647,53.804001658047525,46.439453125,False,804,refine,refresh_aware_admission,"51,52,53,54",48023.55058219842
4,48131.15858551452,53.804001658047525,46.439453125,False,805,refine,refresh_aware_admission,"51,52,53,54",48077.35458385647
4,48184.962587172566,53.804001658047525,46.439453125,False,806,refine,refresh_aware_admission,"51,52,53,54",48131.15858551452
4,48238.766588830615,53.804001658047525,46.439453125,False,807,refine,refresh_aware_admission,"51,52,53,54",48184.962587172566
4,48292.57059048866,53.804001658047525,46.439453125,False,808,refine,refresh_aware_admission,"51,52,53,54",48238.766588830615
4,48346.37459214671,53.804001658047525,46.439453125,False,809,refine,refresh_aware_admission,"51,52,53,54",48292.57059048866
4,48400.17859380476,53.804001658047525,46.439453125,False,810,refine,refresh_aware_admission,"51,52,53,54",48346.37459214671
4,48453.98259546281,53.804001658047525,46.439453125,False,811,refine,refresh_aware_admission,"51,52,53,54",48400.17859380476
4,48507.78659712086,53.804001658047525,46.439453125,False,812,refine,refresh_aware_admission,"51,52,53,54",48453.98259546281
4,48618.209038871275,110.4224417504156,467.0625,False,813,warmup,refresh_aware_admission,"51,52,53,54",48507.78659712086
4,48672.013040529324,53.804001658047525,46.439453125,False,814,refine,refresh_aware_admission,"51,52,53,54",48618.209038871275
4,48725.81704218737,53.804001658047525,46.439453125,False,815,refine,refresh_aware_admission,"51,52,53,54",48672.013040529324
4,48779.62104384542,53.804001658047525,46.439453125,False,816,refine,refresh_aware_admission,"51,52,53,54",48725.81704218737
4,48833.42504550347,53.804001658047525,46.439453125,False,817,refine,refresh_aware_admission,"51,52,53,54",48779.62104384542
4,48887.22904716152,53.804001658047525,46.439453125,False,818,refine,refresh_aware_admission,"51,52,53,54",48833.42504550347
4,48941.03304881957,53.804001658047525,46.439453125,False,819,refine,refresh_aware_admission,"51,52,53,54",48887.22904716152
4,48994.83705047762,53.804001658047525,46.439453125,False,820,refine,refresh_aware_admission,"51,52,53,54",48941.03304881957
4,49048.64105213567,53.804001658047525,46.439453125,False,821,refine,refresh_aware_admission,"51,52,53,54",48994.83705047762
4,49102.445053793715,53.804001658047525,46.439453125,False,822,refine,refresh_aware_admission,"51,52,53,54",49048.64105213567
4,49156.249055451764,53.804001658047525,46.439453125,False,823,refine,refresh_aware_admission,"51,52,53,54",49102.445053793715
4,49266.67149720218,110.4224417504156,467.0625,False,824,warmup,refresh_aware_admission,"51,52,53,54",49156.249055451764
4,49320.47549886023,53.804001658047525,46.439453125,False,825,refine,refresh_aware_admission,"51,52,53,54",49266.67149720218
4,49374.27950051828,53.804001658047525,46.439453125,False,826,refine,refresh_aware_admission,"51,52,53,54",49320.47549886023
4,49428.08350217633,53.804001658047525,46.439453125,False,827,refine,refresh_aware_admission,"51,52,53,54",49374.27950051828
4,49481.887503834376,53.804001658047525,46.439453125,False,828,refine,refresh_aware_admission,"51,52,53,54",49428.08350217633
4,49535.691505492425,53.804001658047525,46.439453125,False,829,refine,refresh_aware_admission,"51,52,53,54",49481.887503834376
4,49589.495507150474,53.804001658047525,46.439453125,False,830,refine,refresh_aware_admission,"51,52,53,54",49535.691505492425
4,49643.29950880852,53.804001658047525,46.439453125,False,831,refine,refresh_aware_admission,"51,52,53,54",49589.495507150474
4,49697.10351046657,53.804001658047525,46.439453125,False,832,refine,refresh_aware_admission,"51,52,53,54",49643.29950880852
4,49750.90751212462,53.804001658047525,46.439453125,False,833,refine,refresh_aware_admission,"51,52,53,54",49697.10351046657
4,49804.71151378267,53.804001658047525,46.439453125,False,834,refine,refresh_aware_admission,"51,52,53,54",49750.90751212462
4,49915.133955533085,110.4224417504156,467.0625,False,835,warmup,refresh_aware_admission,"55,56,57,58",49804.71151378267
4,49968.937957191134,53.804001658047525,46.439453125,False,836,refine,refresh_aware_admission,"55,56,57,58",49915.133955533085
4,50022.74195884918,53.804001658047525,46.439453125,False,837,refine,refresh_aware_admission,"55,56,57,58",49968.937957191134
4,50076.54596050723,53.804001658047525,46.439453125,False,838,refine,refresh_aware_admission,"55,56,57,58",50022.74195884918
4,50130.34996216528,53.804001658047525,46.439453125,False,839,refine,refresh_aware_admission,"55,56,57,58",50076.54596050723
4,50184.15396382333,53.804001658047525,46.439453125,False,840,refine,refresh_aware_admission,"55,56,57,58",50130.34996216528
4,50237.95796548138,53.804001658047525,46.439453125,False,841,refine,refresh_aware_admission,"55,56,57,58",50184.15396382333
4,50291.76196713943,53.804001658047525,46.439453125,False,842,refine,refresh_aware_admission,"55,56,57,58",50237.95796548138
4,50345.56596879748,53.804001658047525,46.439453125,False,843,refine,refresh_aware_admission,"55,56,57,58",50291.76196713943
4,50399.369970455526,53.804001658047525,46.439453125,False,844,refine,refresh_aware_admission,"55,56,57,58",50345.56596879748
4,50453.173972113575,53.804001658047525,46.439453125,False,845,refine,refresh_aware_admission,"55,56,57,58",50399.369970455526
4,50506.97797377162,53.804001658047525,46.439453125,False,846,refine,refresh_aware_admission,"55,56,57,58",50453.173972113575
4,50617.40041552204,110.4224417504156,467.0625,False,847,warmup,refresh_aware_admission,"55,56,57,58",50506.97797377162
4,50671.20441718009,53.804001658047525,46.439453125,False,848,refine,refresh_aware_admission,"55,56,57,58",50617.40041552204
4,50725.00841883814,53.804001658047525,46.439453125,False,849,refine,refresh_aware_admission,"55,56,57,58",50671.20441718009
4,50778.812420496186,53.804001658047525,46.439453125,False,850,refine,refresh_aware_admission,"55,56,57,58",50725.00841883814
4,50832.616422154235,53.804001658047525,46.439453125,False,851,refine,refresh_aware_admission,"55,56,57,58",50778.812420496186
4,50886.420423812284,53.804001658047525,46.439453125,False,852,refine,refresh_aware_admission,"55,56,57,58",50832.616422154235
4,50940.22442547033,53.804001658047525,46.439453125,False,853,refine,refresh_aware_admission,"55,56,57,58",50886.420423812284
4,50994.02842712838,53.804001658047525,46.439453125,False,854,refine,refresh_aware_admission,"55,56,57,58",50940.22442547033
4,51047.83242878643,53.804001658047525,46.439453125,False,855,refine,refresh_aware_admission,"55,56,57,58",50994.02842712838
4,51101.63643044448,53.804001658047525,46.439453125,False,856,refine,refresh_aware_admission,"55,56,57,58",51047.83242878643
4,51155.44043210253,53.804001658047525,46.439453125,False,857,refine,refresh_aware_admission,"55,56,57,58",51101.63643044448
4,51265.862873852944,110.4224417504156,467.0625,False,858,warmup,refresh_aware_admission,"55,56,57,58",51155.44043210253
4,51319.66687551099,53.804001658047525,46.439453125,False,859,refine,refresh_aware_admission,"55,56,57,58",51265.862873852944
4,51373.47087716904,53.804001658047525,46.439453125,False,860,refine,refresh_aware_admission,"55,56,57,58",51319.66687551099
4,51427.27487882709,53.804001658047525,46.439453125,False,861,refine,refresh_aware_admission,"55,56,57,58",51373.47087716904
4,51481.07888048514,53.804001658047525,46.439453125,False,862,refine,refresh_aware_admission,"55,56,57,58",51427.27487882709
4,51534.88288214319,53.804001658047525,46.439453125,False,863,refine,refresh_aware_admission,"55,56,57,58",51481.07888048514
4,51588.68688380124,53.804001658047525,46.439453125,False,864,refine,refresh_aware_admission,"55,56,57,58",51534.88288214319
4,51642.49088545929,53.804001658047525,46.439453125,False,865,refine,refresh_aware_admission,"55,56,57,58",51588.68688380124
4,51696.294887117336,53.804001658047525,46.439453125,False,866,refine,refresh_aware_admission,"55,56,57,58",51642.49088545929
4,51750.098888775385,53.804001658047525,46.439453125,False,867,refine,refresh_aware_admission,"55,56,57,58",51696.294887117336
4,51803.902890433434,53.804001658047525,46.439453125,False,868,refine,refresh_aware_admission,"55,56,57,58",51750.098888775385
4,51914.32533218385,110.4224417504156,467.0625,False,869,warmup,refresh_aware_admission,"55,56,57,58",51803.902890433434
4,51968.1293338419,53.804001658047525,46.439453125,False,870,refine,refresh_aware_admission,"55,56,57,58",51914.32533218385
4,52021.93333549995,53.804001658047525,46.439453125,False,871,refine,refresh_aware_admission,"55,56,57,58",51968.1293338419
4,52075.737337157996,53.804001658047525,46.439453125,False,872,refine,refresh_aware_admission,"55,56,57,58",52021.93333549995
4,52129.541338816045,53.804001658047525,46.439453125,False,873,refine,refresh_aware_admission,"55,56,57,58",52075.737337157996
4,52183.345340474094,53.804001658047525,46.439453125,False,874,refine,refresh_aware_admission,"55,56,57,58",52129.541338816045
4,52237.14934213214,53.804001658047525,46.439453125,False,875,refine,refresh_aware_admission,"55,56,57,58",52183.345340474094
4,52290.95334379019,53.804001658047525,46.439453125,False,876,refine,refresh_aware_admission,"55,56,57,58",52237.14934213214
4,52344.75734544824,53.804001658047525,46.439453125,False,877,refine,refresh_aware_admission,"55,56,57,58",52290.95334379019
4,52398.56134710629,53.804001658047525,46.439453125,False,878,refine,refresh_aware_admission,"55,56,57,58",52344.75734544824
4,52452.36534876434,53.804001658047525,46.439453125,False,879,refine,refresh_aware_admission,"55,56,57,58",52398.56134710629
2,52524.36982526827,72.00447650393471,235.28125,False,880,warmup,refresh_aware_admission,"59,60",52452.36534876434
2,52572.11718709481,47.74736182653436,22.658203125,False,881,refine,refresh_aware_admission,"59,60",52524.36982526827
2,52619.864548921345,47.74736182653436,22.658203125,False,882,refine,refresh_aware_admission,"59,60",52572.11718709481
2,52667.61191074788,47.74736182653436,22.658203125,False,883,refine,refresh_aware_admission,"59,60",52619.864548921345
2,52715.35927257442,47.74736182653436,22.658203125,False,884,refine,refresh_aware_admission,"59,60",52667.61191074788
2,52763.10663440095,47.74736182653436,22.658203125,False,885,refine,refresh_aware_admission,"59,60",52715.35927257442
2,52810.85399622749,47.74736182653436,22.658203125,False,886,refine,refresh_aware_admission,"59,60",52763.10663440095
2,52858.601358054024,47.74736182653436,22.658203125,False,887,refine,refresh_aware_admission,"59,60",52810.85399622749
2,52906.34871988056,47.74736182653436,22.658203125,False,888,refine,refresh_aware_admission,"59,60",52858.601358054024
2,52954.096081707095,47.74736182653436,22.658203125,False,889,refine,refresh_aware_admission,"59,60",52906.34871988056
2,53001.84344353363,47.74736182653436,22.658203125,False,890,refine,refresh_aware_admission,"59,60",52954.096081707095
2,53049.59080536017,47.74736182653436,22.658203125,False,891,refine,refresh_aware_admission,"59,60",53001.84344353363
2,53121.5952818641,72.00447650393471,235.28125,False,892,warmup,refresh_aware_admission,"59,60",53049.59080536017
2,53169.34264369064,47.74736182653436,22.658203125,False,893,refine,refresh_aware_admission,"59,60",53121.5952818641
2,53217.09000551717,47.74736182653436,22.658203125,False,894,refine,refresh_aware_admission,"59,60",53169.34264369064
2,53264.83736734371,47.74736182653436,22.658203125,False,895,refine,refresh_aware_admission,"59,60",53217.09000551717
2,53312.584729170245,47.74736182653436,22.658203125,False,896,refine,refresh_aware_admission,"59,60",53264.83736734371
2,53360.33209099678,47.74736182653436,22.658203125,False,897,refine,refresh_aware_admission,"59,60",53312.584729170245
2,53408.07945282332,47.74736182653436,22.658203125,False,898,refine,refresh_aware_admission,"59,60",53360.33209099678
2,53455.82681464985,47.74736182653436,22.658203125,False,899,refine,refresh_aware_admission,"59,60",53408.07945282332
2,53503.57417647639,47.74736182653436,22.658203125,False,900,refine,refresh_aware_admission,"59,60",53455.82681464985
2,53551.321538302924,47.74736182653436,22.658203125,False,901,refine,refresh_aware_admission,"59,60",53503.57417647639
2,53599.06890012946,47.74736182653436,22.658203125,False,902,refine,refresh_aware_admission,"59,60",53551.321538302924
3,53707.07561488536,108.00671475590207,352.921875,False,903,warmup,refresh_aware_admission,"59,60,61",53599.06890012946
3,53778.696657625165,71.62104273980154,33.9873046875,False,904,refine,refresh_aware_admission,"59,60,61",53707.07561488536
3,53850.31770036497,71.62104273980154,33.9873046875,False,905,refine,refresh_aware_admission,"59,60,61",53778.696657625165
3,53921.93874310477,71.62104273980154,33.9873046875,False,906,refine,refresh_aware_admission,"59,60,61",53850.31770036497
3,53993.559785844576,71.62104273980154,33.9873046875,False,907,refine,refresh_aware_admission,"59,60,61",53921.93874310477
3,54065.18082858438,71.62104273980154,33.9873046875,False,908,refine,refresh_aware_admission,"59,60,61",53993.559785844576
3,54136.80187132418,71.62104273980154,33.9873046875,False,909,refine,refresh_aware_admission,"59,60,61",54065.18082858438
3,54208.42291406399,71.62104273980154,33.9873046875,False,910,refine,refresh_aware_admission,"59,60,61",54136.80187132418
3,54280.04395680379,71.62104273980154,33.9873046875,False,911,refine,refresh_aware_admission,"59,60,61",54208.42291406399
3,54351.664999543595,71.62104273980154,33.9873046875,False,912,refine,refresh_aware_admission,"59,60,61",54280.04395680379
3,54423.2860422834,71.62104273980154,33.9873046875,False,913,refine,refresh_aware_admission,"59,60,61",54351.664999543595
2,54495.29051878733,72.00447650393471,235.28125,False,914,warmup,refresh_aware_admission,"59,60",54423.2860422834
3,54566.91156152714,71.62104273980154,33.9873046875,False,915,refine,refresh_aware_admission,"61,59,60",54495.29051878733
2,54614.65892335367,47.74736182653436,22.658203125,False,916,refine,refresh_aware_admission,"59,60",54566.91156152714
2,54662.40628518021,47.74736182653436,22.658203125,False,917,refine,refresh_aware_admission,"59,60",54614.65892335367
2,54710.153647006744,47.74736182653436,22.658203125,False,918,refine,refresh_aware_admission,"59,60",54662.40628518021
2,54757.90100883328,47.74736182653436,22.658203125,False,919,refine,refresh_aware_admission,"59,60",54710.153647006744
2,54805.648370659816,47.74736182653436,22.658203125,False,920,refine,refresh_aware_admission,"59,60",54757.90100883328
2,54853.39573248635,47.74736182653436,22.658203125,False,921,refine,refresh_aware_admission,"59,60",54805.648370659816
2,54901.14309431289,47.74736182653436,22.658203125,False,922,refine,refresh_aware_admission,"59,60",54853.39573248635
2,54948.89045613942,47.74736182653436,22.658203125,False,923,refine,refresh_aware_admission,"59,60",54901.14309431289
2,54996.63781796596,47.74736182653436,22.658203125,False,924,refine,refresh_aware_admission,"59,60",54948.89045613942
2,55068.64229446989,72.00447650393471,235.28125,False,925,warmup,refresh_aware_admission,"61,62",54996.63781796596
2,55116.38965629643,47.74736182653436,22.658203125,False,926,refine,refresh_aware_admission,"61,62",55068.64229446989
2,55164.137018122965,47.74736182653436,22.658203125,False,927,refine,refresh_aware_admission,"61,62",55116.38965629643
2,55211.8843799495,47.74736182653436,22.658203125,False,928,refine,refresh_aware_admission,"61,62",55164.137018122965
2,55259.63174177604,47.74736182653436,22.658203125,False,929,refine,refresh_aware_admission,"61,62",55211.8843799495
2,55307.37910360257,47.74736182653436,22.658203125,False,930,refine,refresh_aware_admission,"61,62",55259.63174177604
2,55355.12646542911,47.74736182653436,22.658203125,False,931,refine,refresh_aware_admission,"61,62",55307.37910360257
2,55402.873827255644,47.74736182653436,22.658203125,False,932,refine,refresh_aware_admission,"61,62",55355.12646542911
2,55450.62118908218,47.74736182653436,22.658203125,False,933,refine,refresh_aware_admission,"61,62",55402.873827255644
2,55498.368550908715,47.74736182653436,22.658203125,False,934,refine,refresh_aware_admission,"61,62",55450.62118908218
2,55546.11591273525,47.74736182653436,22.658203125,False,935,refine,refresh_aware_admission,"61,62",55498.368550908715
2,55618.120389239186,72.00447650393471,235.28125,False,936,warmup,refresh_aware_admission,"63,61",55546.11591273525
3,55689.74143197899,71.62104273980154,33.9873046875,False,937,refine,refresh_aware_admission,"62,61,63",55618.120389239186
2,55737.488793805525,47.74736182653436,22.658203125,False,938,refine,refresh_aware_admission,"61,63",55689.74143197899
2,55785.23615563206,47.74736182653436,22.658203125,False,939,refine,refresh_aware_admission,"61,63",55737.488793805525
2,55832.9835174586,47.74736182653436,22.658203125,False,940,refine,refresh_aware_admission,"61,63",55785.23615563206
2,55880.73087928513,47.74736182653436,22.658203125,False,941,refine,refresh_aware_admission,"61,63",55832.9835174586
2,55928.47824111167,47.74736182653436,22.658203125,False,942,refine,refresh_aware_admission,"61,63",55880.73087928513
2,55976.225602938204,47.74736182653436,22.658203125,False,943,refine,refresh_aware_admission,"61,63",55928.47824111167
2,56023.97296476474,47.74736182653436,22.658203125,False,944,refine,refresh_aware_admission,"61,63",55976.225602938204
2,56071.720326591276,47.74736182653436,22.658203125,False,945,refine,refresh_aware_admission,"61,63",56023.97296476474
2,56119.46768841781,47.74736182653436,22.658203125,False,946,refine,refresh_aware_admission,"61,63",56071.720326591276
2,56191.472164921746,72.00447650393471,235.28125,False,947,warmup,refresh_aware_admission,"62,61",56119.46768841781
3,56263.09320766155,71.62104273980154,33.9873046875,False,948,refine,refresh_aware_admission,"63,61,62",56191.472164921746
2,56310.840569488086,47.74736182653436,22.658203125,False,949,refine,refresh_aware_admission,"61,62",56263.09320766155
2,56358.58793131462,47.74736182653436,22.658203125,False,950,refine,refresh_aware_admission,"61,62",56310.840569488086
2,56406.33529314116,47.74736182653436,22.658203125,False,951,refine,refresh_aware_admission,"61,62",56358.58793131462
2,56454.08265496769,47.74736182653436,22.658203125,False,952,refine,refresh_aware_admission,"61,62",56406.33529314116
2,56501.83001679423,47.74736182653436,22.658203125,False,953,refine,refresh_aware_admission,"61,62",56454.08265496769
2,56549.577378620765,47.74736182653436,22.658203125,False,954,refine,refresh_aware_admission,"61,62",56501.83001679423
2,56597.3247404473,47.74736182653436,22.658203125,False,955,refine,refresh_aware_admission,"61,62",56549.577378620765
2,56645.072102273836,47.74736182653436,22.658203125,False,956,refine,refresh_aware_admission,"61,62",56597.3247404473
2,56692.81946410037,47.74736182653436,22.658203125,False,957,refine,refresh_aware_admission,"61,62",56645.072102273836
2,56764.82394060431,72.00447650393471,235.28125,False,958,warmup,refresh_aware_admission,"63,62",56692.81946410037
2,56812.57130243084,47.74736182653436,22.658203125,False,959,refine,refresh_aware_admission,"62,63",56764.82394060431
2,56860.31866425738,47.74736182653436,22.658203125,False,960,refine,refresh_aware_admission,"62,63",56812.57130243084
2,56908.066026083914,47.74736182653436,22.658203125,False,961,refine,refresh_aware_admission,"62,63",56860.31866425738
2,56955.81338791045,47.74736182653436,22.658203125,False,962,refine,refresh_aware_admission,"62,63",56908.066026083914
2,57003.560749736986,47.74736182653436,22.658203125,False,963,refine,refresh_aware_admission,"62,63",56955.81338791045
2,57051.30811156352,47.74736182653436,22.658203125,False,964,refine,refresh_aware_admission,"62,63",57003.560749736986
2,57099.05547339006,47.74736182653436,22.658203125,False,965,refine,refresh_aware_admission,"62,63",57051.30811156352
2,57146.80283521659,47.74736182653436,22.658203125,False,966,refine,refresh_aware_admission,"62,63",57099.05547339006
2,57194.55019704313,47.74736182653436,22.658203125,False,967,refine,refresh_aware_admission,"62,63",57146.80283521659
2,57242.297558869664,47.74736182653436,22.658203125,False,968,refine,refresh_aware_admission,"62,63",57194.55019704313
2,57314.3020353736,72.00447650393471,235.28125,False,969,warmup,refresh_aware_admission,"62,63",57242.297558869664
2,57362.049397200135,47.74736182653436,22.658203125,False,970,refine,refresh_aware_admission,"62,63",57314.3020353736
2,57409.79675902667,47.74736182653436,22.658203125,False,971,refine,refresh_aware_admission,"62,63",57362.049397200135
2,57457.54412085321,47.74736182653436,22.658203125,False,972,refine,refresh_aware_admission,"62,63",57409.79675902667
2,57505.29148267974,47.74736182653436,22.658203125,False,973,refine,refresh_aware_admission,"62,63",57457.54412085321
2,57553.03884450628,47.74736182653436,22.658203125,False,974,refine,refresh_aware_admission,"62,63",57505.29148267974
2,57600.786206332814,47.74736182653436,22.658203125,False,975,refine,refresh_aware_admission,"62,63",57553.03884450628
2,57648.53356815935,47.74736182653436,22.658203125,False,976,refine,refresh_aware_admission,"62,63",57600.786206332814
2,57696.280929985885,47.74736182653436,22.658203125,False,977,refine,refresh_aware_admission,"62,63",57648.53356815935
2,57744.02829181242,47.74736182653436,22.658203125,False,978,refine,refresh_aware_admission,"62,63",57696.280929985885
2,57791.77565363896,47.74736182653436,22.658203125,False,979,refine,refresh_aware_admission,"62,63",57744.02829181242
1,57830.474434382246,38.69878074328881,117.5458984375,False,980,warmup,refresh_aware_admission,63,57791.77565363896
1,57875.03343452952,44.559000147273764,12.220703125,False,981,refine,refresh_aware_admission,63,57830.474434382246
1,57919.59243467679,44.559000147273764,12.220703125,False,982,refine,refresh_aware_admission,63,57875.03343452952
1,57964.15143482407,44.559000147273764,12.220703125,False,983,refine,refresh_aware_admission,63,57919.59243467679
1,58008.71043497134,44.559000147273764,12.220703125,False,984,refine,refresh_aware_admission,63,57964.15143482407
1,58053.269435118615,44.559000147273764,12.220703125,False,985,refine,refresh_aware_admission,63,58008.71043497134
1,58097.82843526589,44.559000147273764,12.220703125,False,986,refine,refresh_aware_admission,63,58053.269435118615
1,58142.38743541316,44.559000147273764,12.220703125,False,987,refine,refresh_aware_admission,63,58097.82843526589
1,58186.946435560436,44.559000147273764,12.220703125,False,988,refine,refresh_aware_admission,63,58142.38743541316
1,58231.50543570771,44.559000147273764,12.220703125,False,989,refine,refresh_aware_admission,63,58186.946435560436
1,58276.06443585498,44.559000147273764,12.220703125,False,990,refine,refresh_aware_admission,63,58231.50543570771
1,38.69878074328881,38.69878074328881,117.5458984375,False,0,warmup,slo_refresh_aware_admission,0,0.0
1,83.25778089056257,44.559000147273764,12.220703125,False,1,refine,slo_refresh_aware_admission,0,38.69878074328881
1,127.81678103783634,44.559000147273764,12.220703125,False,2,refine,slo_refresh_aware_admission,0,83.25778089056257
1,172.3757811851101,44.559000147273764,12.220703125,False,3,refine,slo_refresh_aware_admission,0,127.81678103783634
1,216.93478133238386,44.559000147273764,12.220703125,False,4,refine,slo_refresh_aware_admission,0,172.3757811851101
1,261.4937814796576,44.559000147273764,12.220703125,False,5,refine,slo_refresh_aware_admission,0,216.93478133238386
1,306.0527816269314,44.559000147273764,12.220703125,False,6,refine,slo_refresh_aware_admission,0,261.4937814796576
1,350.61178177420516,44.559000147273764,12.220703125,False,7,refine,slo_refresh_aware_admission,0,306.0527816269314
1,395.1707819214789,44.559000147273764,12.220703125,False,8,refine,slo_refresh_aware_admission,0,350.61178177420516
1,439.7297820687527,44.559000147273764,12.220703125,False,9,refine,slo_refresh_aware_admission,0,395.1707819214789
1,484.28878221602645,44.559000147273764,12.220703125,False,10,refine,slo_refresh_aware_admission,0,439.7297820687527
1,528.8477823633002,44.559000147273764,12.220703125,False,11,refine,slo_refresh_aware_admission,0,484.28878221602645
1,567.546563106589,38.69878074328881,117.5458984375,False,12,warmup,slo_refresh_aware_admission,0,528.8477823633002
1,612.1055632538628,44.559000147273764,12.220703125,False,13,refine,slo_refresh_aware_admission,0,567.546563106589
1,656.6645634011365,44.559000147273764,12.220703125,False,14,refine,slo_refresh_aware_admission,0,612.1055632538628
1,701.2235635484103,44.559000147273764,12.220703125,False,15,refine,slo_refresh_aware_admission,0,656.6645634011365
1,745.7825636956841,44.559000147273764,12.220703125,False,16,refine,slo_refresh_aware_admission,0,701.2235635484103
1,790.3415638429578,44.559000147273764,12.220703125,False,17,refine,slo_refresh_aware_admission,0,745.7825636956841
1,834.9005639902316,44.559000147273764,12.220703125,False,18,refine,slo_refresh_aware_admission,0,790.3415638429578
1,879.4595641375054,44.559000147273764,12.220703125,False,19,refine,slo_refresh_aware_admission,0,834.9005639902316
1,924.0185642847791,44.559000147273764,12.220703125,False,20,refine,slo_refresh_aware_admission,0,879.4595641375054
1,968.5775644320529,44.559000147273764,12.220703125,False,21,refine,slo_refresh_aware_admission,0,924.0185642847791
1,1013.1365645793267,44.559000147273764,12.220703125,False,22,refine,slo_refresh_aware_admission,0,968.5775644320529
1,1051.8353453226155,38.69878074328881,117.5458984375,False,23,warmup,slo_refresh_aware_admission,0,1013.1365645793267
2,1123.8398218265502,72.00447650393471,235.28125,False,24,warmup,slo_refresh_aware_admission,"1,2",1051.8353453226155
3,1195.4608645663518,71.62104273980154,33.9873046875,False,25,refine,slo_refresh_aware_admission,"0,1,2",1123.8398218265502
3,1267.0819073061534,71.62104273980154,33.9873046875,False,26,refine,slo_refresh_aware_admission,"0,1,2",1195.4608645663518
3,1338.702950045955,71.62104273980154,33.9873046875,False,27,refine,slo_refresh_aware_admission,"0,1,2",1267.0819073061534
3,1410.3239927857567,71.62104273980154,33.9873046875,False,28,refine,slo_refresh_aware_admission,"0,1,2",1338.702950045955
3,1481.9450355255583,71.62104273980154,33.9873046875,False,29,refine,slo_refresh_aware_admission,"0,1,2",1410.3239927857567
3,1553.56607826536,71.62104273980154,33.9873046875,False,30,refine,slo_refresh_aware_admission,"0,1,2",1481.9450355255583
3,1625.1871210051615,71.62104273980154,33.9873046875,False,31,refine,slo_refresh_aware_admission,"0,1,2",1553.56607826536
3,1696.8081637449632,71.62104273980154,33.9873046875,False,32,refine,slo_refresh_aware_admission,"0,1,2",1625.1871210051615
3,1768.4292064847648,71.62104273980154,33.9873046875,False,33,refine,slo_refresh_aware_admission,"0,1,2",1696.8081637449632
3,1840.0502492245664,71.62104273980154,33.9873046875,False,34,refine,slo_refresh_aware_admission,"0,1,2",1768.4292064847648
2,1887.7976110511008,47.74736182653436,22.658203125,False,35,refine,slo_refresh_aware_admission,"1,2",1840.0502492245664
4,1998.2200528015164,110.4224417504156,467.0625,False,36,warmup,slo_refresh_aware_admission,"3,0,1,2",1887.7976110511008
4,2052.024054459564,53.804001658047525,46.439453125,False,37,refine,slo_refresh_aware_admission,"0,1,2,3",1998.2200528015164
4,2105.8280561176116,53.804001658047525,46.439453125,False,38,refine,slo_refresh_aware_admission,"0,1,2,3",2052.024054459564
4,2159.632057775659,53.804001658047525,46.439453125,False,39,refine,slo_refresh_aware_admission,"0,1,2,3",2105.8280561176116
4,2213.4360594337068,53.804001658047525,46.439453125,False,40,refine,slo_refresh_aware_admission,"0,1,2,3",2159.632057775659
4,2267.2400610917543,53.804001658047525,46.439453125,False,41,refine,slo_refresh_aware_admission,"0,1,2,3",2213.4360594337068
4,2321.044062749802,53.804001658047525,46.439453125,False,42,refine,slo_refresh_aware_admission,"0,1,2,3",2267.2400610917543
4,2374.8480644078495,53.804001658047525,46.439453125,False,43,refine,slo_refresh_aware_admission,"0,1,2,3",2321.044062749802
4,2428.652066065897,53.804001658047525,46.439453125,False,44,refine,slo_refresh_aware_admission,"0,1,2,3",2374.8480644078495
4,2482.4560677239447,53.804001658047525,46.439453125,False,45,refine,slo_refresh_aware_admission,"0,1,2,3",2428.652066065897
4,2536.2600693819923,53.804001658047525,46.439453125,False,46,refine,slo_refresh_aware_admission,"0,1,2,3",2482.4560677239447
3,2644.2667841378943,108.00671475590207,352.921875,False,47,warmup,slo_refresh_aware_admission,"1,2,4",2536.2600693819923
4,2698.070785795942,53.804001658047525,46.439453125,False,48,refine,slo_refresh_aware_admission,"3,1,2,4",2644.2667841378943
3,2769.6918285357433,71.62104273980154,33.9873046875,False,49,refine,slo_refresh_aware_admission,"1,2,4",2698.070785795942
3,2841.3128712755447,71.62104273980154,33.9873046875,False,50,refine,slo_refresh_aware_admission,"1,2,4",2769.6918285357433
3,2912.933914015346,71.62104273980154,33.9873046875,False,51,refine,slo_refresh_aware_admission,"1,2,4",2841.3128712755447
3,2984.5549567551475,71.62104273980154,33.9873046875,False,52,refine,slo_refresh_aware_admission,"1,2,4",2912.933914015346
3,3056.175999494949,71.62104273980154,33.9873046875,False,53,refine,slo_refresh_aware_admission,"1,2,4",2984.5549567551475
3,3127.7970422347503,71.62104273980154,33.9873046875,False,54,refine,slo_refresh_aware_admission,"1,2,4",3056.175999494949
3,3199.4180849745517,71.62104273980154,33.9873046875,False,55,refine,slo_refresh_aware_admission,"1,2,4",3127.7970422347503
3,3271.039127714353,71.62104273980154,33.9873046875,False,56,refine,slo_refresh_aware_admission,"1,2,4",3199.4180849745517
3,3342.6601704541545,71.62104273980154,33.9873046875,False,57,refine,slo_refresh_aware_admission,"1,2,4",3271.039127714353
3,3450.6668852100565,108.00671475590207,352.921875,False,58,warmup,slo_refresh_aware_admission,"3,1,2",3342.6601704541545
4,3504.470886868104,53.804001658047525,46.439453125,False,59,refine,slo_refresh_aware_admission,"4,1,2,3",3450.6668852100565
3,3576.0919296079055,71.62104273980154,33.9873046875,False,60,refine,slo_refresh_aware_admission,"1,2,3",3504.470886868104
3,3647.712972347707,71.62104273980154,33.9873046875,False,61,refine,slo_refresh_aware_admission,"1,2,3",3576.0919296079055
3,3719.3340150875083,71.62104273980154,33.9873046875,False,62,refine,slo_refresh_aware_admission,"1,2,3",3647.712972347707
3,3790.9550578273097,71.62104273980154,33.9873046875,False,63,refine,slo_refresh_aware_admission,"1,2,3",3719.3340150875083
3,3862.576100567111,71.62104273980154,33.9873046875,False,64,refine,slo_refresh_aware_admission,"1,2,3",3790.9550578273097
3,3934.1971433069125,71.62104273980154,33.9873046875,False,65,refine,slo_refresh_aware_admission,"1,2,3",3862.576100567111
3,4005.818186046714,71.62104273980154,33.9873046875,False,66,refine,slo_refresh_aware_admission,"1,2,3",3934.1971433069125
3,4077.4392287865153,71.62104273980154,33.9873046875,False,67,refine,slo_refresh_aware_admission,"1,2,3",4005.818186046714
3,4149.060271526317,71.62104273980154,33.9873046875,False,68,refine,slo_refresh_aware_admission,"1,2,3",4077.4392287865153
4,4259.482713276732,110.4224417504156,467.0625,False,69,warmup,slo_refresh_aware_admission,"4,3,5,6",4149.060271526317
4,4313.286714934779,53.804001658047525,46.439453125,False,70,refine,slo_refresh_aware_admission,"3,4,5,6",4259.482713276732
4,4367.0907165928265,53.804001658047525,46.439453125,False,71,refine,slo_refresh_aware_admission,"3,4,5,6",4313.286714934779
4,4420.894718250874,53.804001658047525,46.439453125,False,72,refine,slo_refresh_aware_admission,"3,4,5,6",4367.0907165928265
4,4474.698719908921,53.804001658047525,46.439453125,False,73,refine,slo_refresh_aware_admission,"3,4,5,6",4420.894718250874
4,4528.502721566968,53.804001658047525,46.439453125,False,74,refine,slo_refresh_aware_admission,"3,4,5,6",4474.698719908921
4,4582.306723225015,53.804001658047525,46.439453125,False,75,refine,slo_refresh_aware_admission,"3,4,5,6",4528.502721566968
4,4636.110724883062,53.804001658047525,46.439453125,False,76,refine,slo_refresh_aware_admission,"3,4,5,6",4582.306723225015
4,4689.914726541109,53.804001658047525,46.439453125,False,77,refine,slo_refresh_aware_admission,"3,4,5,6",4636.110724883062
4,4743.718728199156,53.804001658047525,46.439453125,False,78,refine,slo_refresh_aware_admission,"3,4,5,6",4689.914726541109
4,4797.522729857204,53.804001658047525,46.439453125,False,79,refine,slo_refresh_aware_admission,"3,4,5,6",4743.718728199156
2,4845.2700916837375,47.74736182653436,22.658203125,False,80,refine,slo_refresh_aware_admission,"5,6",4797.522729857204
4,4955.692533434153,110.4224417504156,467.0625,False,81,warmup,slo_refresh_aware_admission,"3,4,5,6",4845.2700916837375
4,5009.4965350922,53.804001658047525,46.439453125,False,82,refine,slo_refresh_aware_admission,"3,4,5,6",4955.692533434153
4,5063.300536750247,53.804001658047525,46.439453125,False,83,refine,slo_refresh_aware_admission,"3,4,5,6",5009.4965350922
4,5117.1045384082945,53.804001658047525,46.439453125,False,84,refine,slo_refresh_aware_admission,"3,4,5,6",5063.300536750247
4,5170.908540066342,53.804001658047525,46.439453125,False,85,refine,slo_refresh_aware_admission,"3,4,5,6",5117.1045384082945
4,5224.712541724389,53.804001658047525,46.439453125,False,86,refine,slo_refresh_aware_admission,"3,4,5,6",5170.908540066342
4,5278.516543382436,53.804001658047525,46.439453125,False,87,refine,slo_refresh_aware_admission,"3,4,5,6",5224.712541724389
4,5332.320545040483,53.804001658047525,46.439453125,False,88,refine,slo_refresh_aware_admission,"3,4,5,6",5278.516543382436
4,5386.12454669853,53.804001658047525,46.439453125,False,89,refine,slo_refresh_aware_admission,"3,4,5,6",5332.320545040483
4,5439.928548356577,53.804001658047525,46.439453125,False,90,refine,slo_refresh_aware_admission,"3,4,5,6",5386.12454669853
4,5493.732550014624,53.804001658047525,46.439453125,False,91,refine,slo_refresh_aware_admission,"3,4,5,6",5439.928548356577
3,5601.7392647705265,108.00671475590207,352.921875,False,92,warmup,slo_refresh_aware_admission,"4,5,6",5493.732550014624
3,5673.360307510328,71.62104273980154,33.9873046875,False,93,refine,slo_refresh_aware_admission,"4,5,6",5601.7392647705265
3,5744.98135025013,71.62104273980154,33.9873046875,False,94,refine,slo_refresh_aware_admission,"4,5,6",5673.360307510328
3,5816.602392989932,71.62104273980154,33.9873046875,False,95,refine,slo_refresh_aware_admission,"4,5,6",5744.98135025013
3,5888.223435729734,71.62104273980154,33.9873046875,False,96,refine,slo_refresh_aware_admission,"4,5,6",5816.602392989932
3,5959.844478469536,71.62104273980154,33.9873046875,False,97,refine,slo_refresh_aware_admission,"4,5,6",5888.223435729734
3,6031.465521209338,71.62104273980154,33.9873046875,False,98,refine,slo_refresh_aware_admission,"4,5,6",5959.844478469536
3,6103.086563949139,71.62104273980154,33.9873046875,False,99,refine,slo_refresh_aware_admission,"4,5,6",6031.465521209338
3,6174.707606688941,71.62104273980154,33.9873046875,False,100,refine,slo_refresh_aware_admission,"4,5,6",6103.086563949139
3,6246.328649428743,71.62104273980154,33.9873046875,False,101,refine,slo_refresh_aware_admission,"4,5,6",6174.707606688941
3,6317.949692168545,71.62104273980154,33.9873046875,False,102,refine,slo_refresh_aware_admission,"4,5,6",6246.328649428743
3,6425.956406924447,108.00671475590207,352.921875,False,103,warmup,slo_refresh_aware_admission,"5,6,7",6317.949692168545
3,6497.577449664249,71.62104273980154,33.9873046875,False,104,refine,slo_refresh_aware_admission,"5,6,7",6425.956406924447
3,6569.198492404051,71.62104273980154,33.9873046875,False,105,refine,slo_refresh_aware_admission,"5,6,7",6497.577449664249
3,6640.819535143853,71.62104273980154,33.9873046875,False,106,refine,slo_refresh_aware_admission,"5,6,7",6569.198492404051
3,6712.440577883654,71.62104273980154,33.9873046875,False,107,refine,slo_refresh_aware_admission,"5,6,7",6640.819535143853
3,6784.061620623456,71.62104273980154,33.9873046875,False,108,refine,slo_refresh_aware_admission,"5,6,7",6712.440577883654
3,6855.682663363258,71.62104273980154,33.9873046875,False,109,refine,slo_refresh_aware_admission,"5,6,7",6784.061620623456
3,6927.30370610306,71.62104273980154,33.9873046875,False,110,refine,slo_refresh_aware_admission,"5,6,7",6855.682663363258
3,6998.924748842862,71.62104273980154,33.9873046875,False,111,refine,slo_refresh_aware_admission,"5,6,7",6927.30370610306
3,7070.545791582664,71.62104273980154,33.9873046875,False,112,refine,slo_refresh_aware_admission,"5,6,7",6998.924748842862
3,7142.166834322466,71.62104273980154,33.9873046875,False,113,refine,slo_refresh_aware_admission,"5,6,7",7070.545791582664
3,7250.173549078368,108.00671475590207,352.921875,False,114,warmup,slo_refresh_aware_admission,"8,9,10",7142.166834322466
4,7303.977550736415,53.804001658047525,46.439453125,False,115,refine,slo_refresh_aware_admission,"7,8,9,10",7250.173549078368
3,7375.598593476217,71.62104273980154,33.9873046875,False,116,refine,slo_refresh_aware_admission,"8,9,10",7303.977550736415
3,7447.219636216018,71.62104273980154,33.9873046875,False,117,refine,slo_refresh_aware_admission,"8,9,10",7375.598593476217
3,7518.84067895582,71.62104273980154,33.9873046875,False,118,refine,slo_refresh_aware_admission,"8,9,10",7447.219636216018
3,7590.461721695622,71.62104273980154,33.9873046875,False,119,refine,slo_refresh_aware_admission,"8,9,10",7518.84067895582
3,7662.082764435424,71.62104273980154,33.9873046875,False,120,refine,slo_refresh_aware_admission,"8,9,10",7590.461721695622
3,7733.703807175226,71.62104273980154,33.9873046875,False,121,refine,slo_refresh_aware_admission,"8,9,10",7662.082764435424
3,7805.324849915028,71.62104273980154,33.9873046875,False,122,refine,slo_refresh_aware_admission,"8,9,10",7733.703807175226
3,7876.94589265483,71.62104273980154,33.9873046875,False,123,refine,slo_refresh_aware_admission,"8,9,10",7805.324849915028
3,7948.566935394631,71.62104273980154,33.9873046875,False,124,refine,slo_refresh_aware_admission,"8,9,10",7876.94589265483
3,8020.187978134433,71.62104273980154,33.9873046875,False,125,refine,slo_refresh_aware_admission,"8,9,10",7948.566935394631
4,8130.610419884849,110.4224417504156,467.0625,False,126,warmup,slo_refresh_aware_admission,"7,8,9,10",8020.187978134433
4,8184.414421542896,53.804001658047525,46.439453125,False,127,refine,slo_refresh_aware_admission,"7,8,9,10",8130.610419884849
4,8238.218423200944,53.804001658047525,46.439453125,False,128,refine,slo_refresh_aware_admission,"7,8,9,10",8184.414421542896
4,8292.022424858991,53.804001658047525,46.439453125,False,129,refine,slo_refresh_aware_admission,"7,8,9,10",8238.218423200944
4,8345.826426517038,53.804001658047525,46.439453125,False,130,refine,slo_refresh_aware_admission,"7,8,9,10",8292.022424858991
4,8399.630428175085,53.804001658047525,46.439453125,False,131,refine,slo_refresh_aware_admission,"7,8,9,10",8345.826426517038
4,8453.434429833133,53.804001658047525,46.439453125,False,132,refine,slo_refresh_aware_admission,"7,8,9,10",8399.630428175085
4,8507.23843149118,53.804001658047525,46.439453125,False,133,refine,slo_refresh_aware_admission,"7,8,9,10",8453.434429833133
4,8561.042433149227,53.804001658047525,46.439453125,False,134,refine,slo_refresh_aware_admission,"7,8,9,10",8507.23843149118
4,8614.846434807274,53.804001658047525,46.439453125,False,135,refine,slo_refresh_aware_admission,"7,8,9,10",8561.042433149227
4,8668.650436465321,53.804001658047525,46.439453125,False,136,refine,slo_refresh_aware_admission,"7,8,9,10",8614.846434807274
4,8779.072878215737,110.4224417504156,467.0625,False,137,warmup,slo_refresh_aware_admission,"7,8,9,10",8668.650436465321
4,8832.876879873784,53.804001658047525,46.439453125,False,138,refine,slo_refresh_aware_admission,"7,8,9,10",8779.072878215737
4,8886.68088153183,53.804001658047525,46.439453125,False,139,refine,slo_refresh_aware_admission,"7,8,9,10",8832.876879873784
4,8940.484883189878,53.804001658047525,46.439453125,False,140,refine,slo_refresh_aware_admission,"7,8,9,10",8886.68088153183
4,8994.288884847925,53.804001658047525,46.439453125,False,141,refine,slo_refresh_aware_admission,"7,8,9,10",8940.484883189878
4,9048.092886505972,53.804001658047525,46.439453125,False,142,refine,slo_refresh_aware_admission,"7,8,9,10",8994.288884847925
4,9101.89688816402,53.804001658047525,46.439453125,False,143,refine,slo_refresh_aware_admission,"7,8,9,10",9048.092886505972
4,9155.700889822067,53.804001658047525,46.439453125,False,144,refine,slo_refresh_aware_admission,"7,8,9,10",9101.89688816402
4,9209.504891480114,53.804001658047525,46.439453125,False,145,refine,slo_refresh_aware_admission,"7,8,9,10",9155.700889822067
4,9263.30889313816,53.804001658047525,46.439453125,False,146,refine,slo_refresh_aware_admission,"7,8,9,10",9209.504891480114
4,9317.112894796208,53.804001658047525,46.439453125,False,147,refine,slo_refresh_aware_admission,"7,8,9,10",9263.30889313816
4,9427.535336546624,110.4224417504156,467.0625,False,148,warmup,slo_refresh_aware_admission,"7,8,9,10",9317.112894796208
4,9481.33933820467,53.804001658047525,46.439453125,False,149,refine,slo_refresh_aware_admission,"7,8,9,10",9427.535336546624
4,9535.143339862718,53.804001658047525,46.439453125,False,150,refine,slo_refresh_aware_admission,"7,8,9,10",9481.33933820467
4,9588.947341520765,53.804001658047525,46.439453125,False,151,refine,slo_refresh_aware_admission,"7,8,9,10",9535.143339862718
4,9642.751343178812,53.804001658047525,46.439453125,False,152,refine,slo_refresh_aware_admission,"7,8,9,10",9588.947341520765
4,9696.55534483686,53.804001658047525,46.439453125,False,153,refine,slo_refresh_aware_admission,"7,8,9,10",9642.751343178812
4,9750.359346494906,53.804001658047525,46.439453125,False,154,refine,slo_refresh_aware_admission,"7,8,9,10",9696.55534483686
4,9804.163348152953,53.804001658047525,46.439453125,False,155,refine,slo_refresh_aware_admission,"7,8,9,10",9750.359346494906
4,9857.967349811,53.804001658047525,46.439453125,False,156,refine,slo_refresh_aware_admission,"7,8,9,10",9804.163348152953
4,9911.771351469048,53.804001658047525,46.439453125,False,157,refine,slo_refresh_aware_admission,"7,8,9,10",9857.967349811
4,9965.575353127095,53.804001658047525,46.439453125,False,158,refine,slo_refresh_aware_admission,"7,8,9,10",9911.771351469048
4,10075.99779487751,110.4224417504156,467.0625,False,159,warmup,slo_refresh_aware_admission,"11,12,13,14",9965.575353127095
4,10129.801796535558,53.804001658047525,46.439453125,False,160,refine,slo_refresh_aware_admission,"11,12,13,14",10075.99779487751
4,10183.605798193605,53.804001658047525,46.439453125,False,161,refine,slo_refresh_aware_admission,"11,12,13,14",10129.801796535558
4,10237.409799851652,53.804001658047525,46.439453125,False,162,refine,slo_refresh_aware_admission,"11,12,13,14",10183.605798193605
4,10291.213801509699,53.804001658047525,46.439453125,False,163,refine,slo_refresh_aware_admission,"11,12,13,14",10237.409799851652
4,10345.017803167746,53.804001658047525,46.439453125,False,164,refine,slo_refresh_aware_admission,"11,12,13,14",10291.213801509699
4,10398.821804825793,53.804001658047525,46.439453125,False,165,refine,slo_refresh_aware_admission,"11,12,13,14",10345.017803167746
4,10452.62580648384,53.804001658047525,46.439453125,False,166,refine,slo_refresh_aware_admission,"11,12,13,14",10398.821804825793
4,10506.429808141887,53.804001658047525,46.439453125,False,167,refine,slo_refresh_aware_admission,"11,12,13,14",10452.62580648384
4,10560.233809799935,53.804001658047525,46.439453125,False,168,refine,slo_refresh_aware_admission,"11,12,13,14",10506.429808141887
4,10614.037811457982,53.804001658047525,46.439453125,False,169,refine,slo_refresh_aware_admission,"11,12,13,14",10560.233809799935
4,10667.841813116029,53.804001658047525,46.439453125,False,170,refine,slo_refresh_aware_admission,"11,12,13,14",10614.037811457982
4,10778.264254866444,110.4224417504156,467.0625,False,171,warmup,slo_refresh_aware_admission,"11,12,13,14",10667.841813116029
4,10832.068256524492,53.804001658047525,46.439453125,False,172,refine,slo_refresh_aware_admission,"11,12,13,14",10778.264254866444
4,10885.872258182539,53.804001658047525,46.439453125,False,173,refine,slo_refresh_aware_admission,"11,12,13,14",10832.068256524492
4,10939.676259840586,53.804001658047525,46.439453125,False,174,refine,slo_refresh_aware_admission,"11,12,13,14",10885.872258182539
4,10993.480261498633,53.804001658047525,46.439453125,False,175,refine,slo_refresh_aware_admission,"11,12,13,14",10939.676259840586
4,11047.28426315668,53.804001658047525,46.439453125,False,176,refine,slo_refresh_aware_admission,"11,12,13,14",10993.480261498633
4,11101.088264814727,53.804001658047525,46.439453125,False,177,refine,slo_refresh_aware_admission,"11,12,13,14",11047.28426315668
4,11154.892266472774,53.804001658047525,46.439453125,False,178,refine,slo_refresh_aware_admission,"11,12,13,14",11101.088264814727
4,11208.696268130821,53.804001658047525,46.439453125,False,179,refine,slo_refresh_aware_admission,"11,12,13,14",11154.892266472774
4,11262.500269788869,53.804001658047525,46.439453125,False,180,refine,slo_refresh_aware_admission,"11,12,13,14",11208.696268130821
4,11316.304271446916,53.804001658047525,46.439453125,False,181,refine,slo_refresh_aware_admission,"11,12,13,14",11262.500269788869
4,11426.726713197331,110.4224417504156,467.0625,False,182,warmup,slo_refresh_aware_admission,"11,12,13,14",11316.304271446916
4,11480.530714855378,53.804001658047525,46.439453125,False,183,refine,slo_refresh_aware_admission,"11,12,13,14",11426.726713197331
4,11534.334716513426,53.804001658047525,46.439453125,False,184,refine,slo_refresh_aware_admission,"11,12,13,14",11480.530714855378
4,11588.138718171473,53.804001658047525,46.439453125,False,185,refine,slo_refresh_aware_admission,"11,12,13,14",11534.334716513426
4,11641.94271982952,53.804001658047525,46.439453125,False,186,refine,slo_refresh_aware_admission,"11,12,13,14",11588.138718171473
4,11695.746721487567,53.804001658047525,46.439453125,False,187,refine,slo_refresh_aware_admission,"11,12,13,14",11641.94271982952
4,11749.550723145614,53.804001658047525,46.439453125,False,188,refine,slo_refresh_aware_admission,"11,12,13,14",11695.746721487567
4,11803.354724803661,53.804001658047525,46.439453125,False,189,refine,slo_refresh_aware_admission,"11,12,13,14",11749.550723145614
4,11857.158726461708,53.804001658047525,46.439453125,False,190,refine,slo_refresh_aware_admission,"11,12,13,14",11803.354724803661
4,11910.962728119755,53.804001658047525,46.439453125,False,191,refine,slo_refresh_aware_admission,"11,12,13,14",11857.158726461708
4,11964.766729777803,53.804001658047525,46.439453125,False,192,refine,slo_refresh_aware_admission,"11,12,13,14",11910.962728119755
4,12075.189171528218,110.4224417504156,467.0625,False,193,warmup,slo_refresh_aware_admission,"11,12,13,14",11964.766729777803
4,12128.993173186265,53.804001658047525,46.439453125,False,194,refine,slo_refresh_aware_admission,"11,12,13,14",12075.189171528218
4,12182.797174844312,53.804001658047525,46.439453125,False,195,refine,slo_refresh_aware_admission,"11,12,13,14",12128.993173186265
4,12236.60117650236,53.804001658047525,46.439453125,False,196,refine,slo_refresh_aware_admission,"11,12,13,14",12182.797174844312
4,12290.405178160407,53.804001658047525,46.439453125,False,197,refine,slo_refresh_aware_admission,"11,12,13,14",12236.60117650236
4,12344.209179818454,53.804001658047525,46.439453125,False,198,refine,slo_refresh_aware_admission,"11,12,13,14",12290.405178160407
4,12398.0131814765,53.804001658047525,46.439453125,False,199,refine,slo_refresh_aware_admission,"11,12,13,14",12344.209179818454
4,12451.817183134548,53.804001658047525,46.439453125,False,200,refine,slo_refresh_aware_admission,"11,12,13,14",12398.0131814765
4,12505.621184792595,53.804001658047525,46.439453125,False,201,refine,slo_refresh_aware_admission,"11,12,13,14",12451.817183134548
4,12559.425186450642,53.804001658047525,46.439453125,False,202,refine,slo_refresh_aware_admission,"11,12,13,14",12505.621184792595
4,12613.22918810869,53.804001658047525,46.439453125,False,203,refine,slo_refresh_aware_admission,"11,12,13,14",12559.425186450642
4,12723.651629859105,110.4224417504156,467.0625,False,204,warmup,slo_refresh_aware_admission,"15,16,17,18",12613.22918810869
4,12777.455631517152,53.804001658047525,46.439453125,False,205,refine,slo_refresh_aware_admission,"15,16,17,18",12723.651629859105
4,12831.2596331752,53.804001658047525,46.439453125,False,206,refine,slo_refresh_aware_admission,"15,16,17,18",12777.455631517152
4,12885.063634833246,53.804001658047525,46.439453125,False,207,refine,slo_refresh_aware_admission,"15,16,17,18",12831.2596331752
4,12938.867636491294,53.804001658047525,46.439453125,False,208,refine,slo_refresh_aware_admission,"15,16,17,18",12885.063634833246
4,12992.67163814934,53.804001658047525,46.439453125,False,209,refine,slo_refresh_aware_admission,"15,16,17,18",12938.867636491294
4,13046.475639807388,53.804001658047525,46.439453125,False,210,refine,slo_refresh_aware_admission,"15,16,17,18",12992.67163814934
4,13100.279641465435,53.804001658047525,46.439453125,False,211,refine,slo_refresh_aware_admission,"15,16,17,18",13046.475639807388
4,13154.083643123482,53.804001658047525,46.439453125,False,212,refine,slo_refresh_aware_admission,"15,16,17,18",13100.279641465435
4,13207.88764478153,53.804001658047525,46.439453125,False,213,refine,slo_refresh_aware_admission,"15,16,17,18",13154.083643123482
4,13261.691646439576,53.804001658047525,46.439453125,False,214,refine,slo_refresh_aware_admission,"15,16,17,18",13207.88764478153
4,13315.495648097623,53.804001658047525,46.439453125,False,215,refine,slo_refresh_aware_admission,"15,16,17,18",13261.691646439576
4,13425.918089848039,110.4224417504156,467.0625,False,216,warmup,slo_refresh_aware_admission,"15,16,17,18",13315.495648097623
4,13479.722091506086,53.804001658047525,46.439453125,False,217,refine,slo_refresh_aware_admission,"15,16,17,18",13425.918089848039
4,13533.526093164133,53.804001658047525,46.439453125,False,218,refine,slo_refresh_aware_admission,"15,16,17,18",13479.722091506086
4,13587.33009482218,53.804001658047525,46.439453125,False,219,refine,slo_refresh_aware_admission,"15,16,17,18",13533.526093164133
4,13641.134096480228,53.804001658047525,46.439453125,False,220,refine,slo_refresh_aware_admission,"15,16,17,18",13587.33009482218
4,13694.938098138275,53.804001658047525,46.439453125,False,221,refine,slo_refresh_aware_admission,"15,16,17,18",13641.134096480228
4,13748.742099796322,53.804001658047525,46.439453125,False,222,refine,slo_refresh_aware_admission,"15,16,17,18",13694.938098138275
4,13802.546101454369,53.804001658047525,46.439453125,False,223,refine,slo_refresh_aware_admission,"15,16,17,18",13748.742099796322
4,13856.350103112416,53.804001658047525,46.439453125,False,224,refine,slo_refresh_aware_admission,"15,16,17,18",13802.546101454369
4,13910.154104770463,53.804001658047525,46.439453125,False,225,refine,slo_refresh_aware_admission,"15,16,17,18",13856.350103112416
4,13963.95810642851,53.804001658047525,46.439453125,False,226,refine,slo_refresh_aware_admission,"15,16,17,18",13910.154104770463
4,14074.380548178926,110.4224417504156,467.0625,False,227,warmup,slo_refresh_aware_admission,"15,16,17,18",13963.95810642851
4,14128.184549836973,53.804001658047525,46.439453125,False,228,refine,slo_refresh_aware_admission,"15,16,17,18",14074.380548178926
4,14181.98855149502,53.804001658047525,46.439453125,False,229,refine,slo_refresh_aware_admission,"15,16,17,18",14128.184549836973
4,14235.792553153067,53.804001658047525,46.439453125,False,230,refine,slo_refresh_aware_admission,"15,16,17,18",14181.98855149502
4,14289.596554811114,53.804001658047525,46.439453125,False,231,refine,slo_refresh_aware_admission,"15,16,17,18",14235.792553153067
4,14343.400556469162,53.804001658047525,46.439453125,False,232,refine,slo_refresh_aware_admission,"15,16,17,18",14289.596554811114
4,14397.204558127209,53.804001658047525,46.439453125,False,233,refine,slo_refresh_aware_admission,"15,16,17,18",14343.400556469162
4,14451.008559785256,53.804001658047525,46.439453125,False,234,refine,slo_refresh_aware_admission,"15,16,17,18",14397.204558127209
4,14504.812561443303,53.804001658047525,46.439453125,False,235,refine,slo_refresh_aware_admission,"15,16,17,18",14451.008559785256
4,14558.61656310135,53.804001658047525,46.439453125,False,236,refine,slo_refresh_aware_admission,"15,16,17,18",14504.812561443303
4,14612.420564759397,53.804001658047525,46.439453125,False,237,refine,slo_refresh_aware_admission,"15,16,17,18",14558.61656310135
4,14722.843006509813,110.4224417504156,467.0625,False,238,warmup,slo_refresh_aware_admission,"15,16,17,18",14612.420564759397
4,14776.64700816786,53.804001658047525,46.439453125,False,239,refine,slo_refresh_aware_admission,"15,16,17,18",14722.843006509813
4,14830.451009825907,53.804001658047525,46.439453125,False,240,refine,slo_refresh_aware_admission,"15,16,17,18",14776.64700816786
4,14884.255011483954,53.804001658047525,46.439453125,False,241,refine,slo_refresh_aware_admission,"15,16,17,18",14830.451009825907
4,14938.059013142001,53.804001658047525,46.439453125,False,242,refine,slo_refresh_aware_admission,"15,16,17,18",14884.255011483954
4,14991.863014800048,53.804001658047525,46.439453125,False,243,refine,slo_refresh_aware_admission,"15,16,17,18",14938.059013142001
4,15045.667016458096,53.804001658047525,46.439453125,False,244,refine,slo_refresh_aware_admission,"15,16,17,18",14991.863014800048
4,15099.471018116143,53.804001658047525,46.439453125,False,245,refine,slo_refresh_aware_admission,"15,16,17,18",15045.667016458096
4,15153.27501977419,53.804001658047525,46.439453125,False,246,refine,slo_refresh_aware_admission,"15,16,17,18",15099.471018116143
4,15207.079021432237,53.804001658047525,46.439453125,False,247,refine,slo_refresh_aware_admission,"15,16,17,18",15153.27501977419
4,15260.883023090284,53.804001658047525,46.439453125,False,248,refine,slo_refresh_aware_admission,"15,16,17,18",15207.079021432237
3,15368.889737846186,108.00671475590207,352.921875,False,249,warmup,slo_refresh_aware_admission,"19,20,21",15260.883023090284
3,15440.510780585988,71.62104273980154,33.9873046875,False,250,refine,slo_refresh_aware_admission,"19,20,21",15368.889737846186
3,15512.13182332579,71.62104273980154,33.9873046875,False,251,refine,slo_refresh_aware_admission,"19,20,21",15440.510780585988
3,15583.752866065592,71.62104273980154,33.9873046875,False,252,refine,slo_refresh_aware_admission,"19,20,21",15512.13182332579
3,15655.373908805394,71.62104273980154,33.9873046875,False,253,refine,slo_refresh_aware_admission,"19,20,21",15583.752866065592
3,15726.994951545195,71.62104273980154,33.9873046875,False,254,refine,slo_refresh_aware_admission,"19,20,21",15655.373908805394
3,15798.615994284997,71.62104273980154,33.9873046875,False,255,refine,slo_refresh_aware_admission,"19,20,21",15726.994951545195
3,15870.237037024799,71.62104273980154,33.9873046875,False,256,refine,slo_refresh_aware_admission,"19,20,21",15798.615994284997
3,15941.858079764601,71.62104273980154,33.9873046875,False,257,refine,slo_refresh_aware_admission,"19,20,21",15870.237037024799
3,16013.479122504403,71.62104273980154,33.9873046875,False,258,refine,slo_refresh_aware_admission,"19,20,21",15941.858079764601
3,16085.100165244205,71.62104273980154,33.9873046875,False,259,refine,slo_refresh_aware_admission,"19,20,21",16013.479122504403
3,16156.721207984006,71.62104273980154,33.9873046875,False,260,refine,slo_refresh_aware_admission,"19,20,21",16085.100165244205
4,16267.143649734422,110.4224417504156,467.0625,False,261,warmup,slo_refresh_aware_admission,"22,19,20,21",16156.721207984006
4,16320.94765139247,53.804001658047525,46.439453125,False,262,refine,slo_refresh_aware_admission,"19,20,21,22",16267.143649734422
4,16374.751653050516,53.804001658047525,46.439453125,False,263,refine,slo_refresh_aware_admission,"19,20,21,22",16320.94765139247
4,16428.555654708565,53.804001658047525,46.439453125,False,264,refine,slo_refresh_aware_admission,"19,20,21,22",16374.751653050516
4,16482.359656366614,53.804001658047525,46.439453125,False,265,refine,slo_refresh_aware_admission,"19,20,21,22",16428.555654708565
4,16536.163658024663,53.804001658047525,46.439453125,False,266,refine,slo_refresh_aware_admission,"19,20,21,22",16482.359656366614
4,16589.967659682712,53.804001658047525,46.439453125,False,267,refine,slo_refresh_aware_admission,"19,20,21,22",16536.163658024663
4,16643.77166134076,53.804001658047525,46.439453125,False,268,refine,slo_refresh_aware_admission,"19,20,21,22",16589.967659682712
4,16697.57566299881,53.804001658047525,46.439453125,False,269,refine,slo_refresh_aware_admission,"19,20,21,22",16643.77166134076
4,16751.37966465686,53.804001658047525,46.439453125,False,270,refine,slo_refresh_aware_admission,"19,20,21,22",16697.57566299881
4,16805.183666314908,53.804001658047525,46.439453125,False,271,refine,slo_refresh_aware_admission,"19,20,21,22",16751.37966465686
3,16913.19038107081,108.00671475590207,352.921875,False,272,warmup,slo_refresh_aware_admission,"19,20,21",16805.183666314908
4,16966.99438272886,53.804001658047525,46.439453125,False,273,refine,slo_refresh_aware_admission,"22,19,20,21",16913.19038107081
3,17038.61542546866,71.62104273980154,33.9873046875,False,274,refine,slo_refresh_aware_admission,"19,20,21",16966.99438272886
3,17110.23646820846,71.62104273980154,33.9873046875,False,275,refine,slo_refresh_aware_admission,"19,20,21",17038.61542546866
3,17181.85751094826,71.62104273980154,33.9873046875,False,276,refine,slo_refresh_aware_admission,"19,20,21",17110.23646820846
3,17253.47855368806,71.62104273980154,33.9873046875,False,277,refine,slo_refresh_aware_admission,"19,20,21",17181.85751094826
3,17325.09959642786,71.62104273980154,33.9873046875,False,278,refine,slo_refresh_aware_admission,"19,20,21",17253.47855368806
3,17396.72063916766,71.62104273980154,33.9873046875,False,279,refine,slo_refresh_aware_admission,"19,20,21",17325.09959642786
3,17468.34168190746,71.62104273980154,33.9873046875,False,280,refine,slo_refresh_aware_admission,"19,20,21",17396.72063916766
3,17539.96272464726,71.62104273980154,33.9873046875,False,281,refine,slo_refresh_aware_admission,"19,20,21",17468.34168190746
3,17611.58376738706,71.62104273980154,33.9873046875,False,282,refine,slo_refresh_aware_admission,"19,20,21",17539.96272464726
4,17722.006209137475,110.4224417504156,467.0625,False,283,warmup,slo_refresh_aware_admission,"22,19,20,21",17611.58376738706
4,17775.810210795524,53.804001658047525,46.439453125,False,284,refine,slo_refresh_aware_admission,"19,20,21,22",17722.006209137475
4,17829.614212453573,53.804001658047525,46.439453125,False,285,refine,slo_refresh_aware_admission,"19,20,21,22",17775.810210795524
4,17883.41821411162,53.804001658047525,46.439453125,False,286,refine,slo_refresh_aware_admission,"19,20,21,22",17829.614212453573
4,17937.22221576967,53.804001658047525,46.439453125,False,287,refine,slo_refresh_aware_admission,"19,20,21,22",17883.41821411162
4,17991.02621742772,53.804001658047525,46.439453125,False,288,refine,slo_refresh_aware_admission,"19,20,21,22",17937.22221576967
4,18044.83021908577,53.804001658047525,46.439453125,False,289,refine,slo_refresh_aware_admission,"19,20,21,22",17991.02621742772
4,18098.634220743817,53.804001658047525,46.439453125,False,290,refine,slo_refresh_aware_admission,"19,20,21,22",18044.83021908577
4,18152.438222401866,53.804001658047525,46.439453125,False,291,refine,slo_refresh_aware_admission,"19,20,21,22",18098.634220743817
4,18206.242224059915,53.804001658047525,46.439453125,False,292,refine,slo_refresh_aware_admission,"19,20,21,22",18152.438222401866
4,18260.046225717964,53.804001658047525,46.439453125,False,293,refine,slo_refresh_aware_admission,"19,20,21,22",18206.242224059915
3,18368.052940473866,108.00671475590207,352.921875,False,294,warmup,slo_refresh_aware_admission,"22,23,24",18260.046225717964
3,18439.673983213666,71.62104273980154,33.9873046875,False,295,refine,slo_refresh_aware_admission,"22,23,24",18368.052940473866
3,18511.295025953466,71.62104273980154,33.9873046875,False,296,refine,slo_refresh_aware_admission,"22,23,24",18439.673983213666
3,18582.916068693266,71.62104273980154,33.9873046875,False,297,refine,slo_refresh_aware_admission,"22,23,24",18511.295025953466
3,18654.537111433066,71.62104273980154,33.9873046875,False,298,refine,slo_refresh_aware_admission,"22,23,24",18582.916068693266
3,18726.158154172866,71.62104273980154,33.9873046875,False,299,refine,slo_refresh_aware_admission,"22,23,24",18654.537111433066
3,18797.779196912667,71.62104273980154,33.9873046875,False,300,refine,slo_refresh_aware_admission,"22,23,24",18726.158154172866
3,18869.400239652467,71.62104273980154,33.9873046875,False,301,refine,slo_refresh_aware_admission,"22,23,24",18797.779196912667
3,18941.021282392267,71.62104273980154,33.9873046875,False,302,refine,slo_refresh_aware_admission,"22,23,24",18869.400239652467
3,19012.642325132067,71.62104273980154,33.9873046875,False,303,refine,slo_refresh_aware_admission,"22,23,24",18941.021282392267
3,19084.263367871867,71.62104273980154,33.9873046875,False,304,refine,slo_refresh_aware_admission,"22,23,24",19012.642325132067
2,19132.010729698402,47.74736182653436,22.658203125,False,305,refine,slo_refresh_aware_admission,"23,24",19084.263367871867
3,19240.017444454304,108.00671475590207,352.921875,False,306,warmup,slo_refresh_aware_admission,"22,23,24",19132.010729698402
3,19311.638487194105,71.62104273980154,33.9873046875,False,307,refine,slo_refresh_aware_admission,"22,23,24",19240.017444454304
3,19383.259529933905,71.62104273980154,33.9873046875,False,308,refine,slo_refresh_aware_admission,"22,23,24",19311.638487194105
3,19454.880572673705,71.62104273980154,33.9873046875,False,309,refine,slo_refresh_aware_admission,"22,23,24",19383.259529933905
3,19526.501615413505,71.62104273980154,33.9873046875,False,310,refine,slo_refresh_aware_admission,"22,23,24",19454.880572673705
3,19598.122658153305,71.62104273980154,33.9873046875,False,311,refine,slo_refresh_aware_admission,"22,23,24",19526.501615413505
3,19669.743700893105,71.62104273980154,33.9873046875,False,312,refine,slo_refresh_aware_admission,"22,23,24",19598.122658153305
3,19741.364743632905,71.62104273980154,33.9873046875,False,313,refine,slo_refresh_aware_admission,"22,23,24",19669.743700893105
3,19812.985786372705,71.62104273980154,33.9873046875,False,314,refine,slo_refresh_aware_admission,"22,23,24",19741.364743632905
3,19884.606829112505,71.62104273980154,33.9873046875,False,315,refine,slo_refresh_aware_admission,"22,23,24",19812.985786372705
3,19956.227871852305,71.62104273980154,33.9873046875,False,316,refine,slo_refresh_aware_admission,"22,23,24",19884.606829112505
4,20066.65031360272,110.4224417504156,467.0625,False,317,warmup,slo_refresh_aware_admission,"25,23,24,26",19956.227871852305
4,20120.45431526077,53.804001658047525,46.439453125,False,318,refine,slo_refresh_aware_admission,"23,24,25,26",20066.65031360272
4,20174.25831691882,53.804001658047525,46.439453125,False,319,refine,slo_refresh_aware_admission,"23,24,25,26",20120.45431526077
4,20228.062318576867,53.804001658047525,46.439453125,False,320,refine,slo_refresh_aware_admission,"23,24,25,26",20174.25831691882
4,20281.866320234916,53.804001658047525,46.439453125,False,321,refine,slo_refresh_aware_admission,"23,24,25,26",20228.062318576867
4,20335.670321892965,53.804001658047525,46.439453125,False,322,refine,slo_refresh_aware_admission,"23,24,25,26",20281.866320234916
4,20389.474323551014,53.804001658047525,46.439453125,False,323,refine,slo_refresh_aware_admission,"23,24,25,26",20335.670321892965
4,20443.278325209063,53.804001658047525,46.439453125,False,324,refine,slo_refresh_aware_admission,"23,24,25,26",20389.474323551014
4,20497.082326867112,53.804001658047525,46.439453125,False,325,refine,slo_refresh_aware_admission,"23,24,25,26",20443.278325209063
4,20550.88632852516,53.804001658047525,46.439453125,False,326,refine,slo_refresh_aware_admission,"23,24,25,26",20497.082326867112
4,20604.69033018321,53.804001658047525,46.439453125,False,327,refine,slo_refresh_aware_admission,"23,24,25,26",20550.88632852516
2,20652.437692009746,47.74736182653436,22.658203125,False,328,refine,slo_refresh_aware_admission,"25,26",20604.69033018321
4,20762.86013376016,110.4224417504156,467.0625,False,329,warmup,slo_refresh_aware_admission,"23,24,25,26",20652.437692009746
4,20816.66413541821,53.804001658047525,46.439453125,False,330,refine,slo_refresh_aware_admission,"23,24,25,26",20762.86013376016
4,20870.46813707626,53.804001658047525,46.439453125,False,331,refine,slo_refresh_aware_admission,"23,24,25,26",20816.66413541821
4,20924.272138734308,53.804001658047525,46.439453125,False,332,refine,slo_refresh_aware_admission,"23,24,25,26",20870.46813707626
4,20978.076140392357,53.804001658047525,46.439453125,False,333,refine,slo_refresh_aware_admission,"23,24,25,26",20924.272138734308
4,21031.880142050406,53.804001658047525,46.439453125,False,334,refine,slo_refresh_aware_admission,"23,24,25,26",20978.076140392357
4,21085.684143708455,53.804001658047525,46.439453125,False,335,refine,slo_refresh_aware_admission,"23,24,25,26",21031.880142050406
4,21139.488145366504,53.804001658047525,46.439453125,False,336,refine,slo_refresh_aware_admission,"23,24,25,26",21085.684143708455
4,21193.292147024553,53.804001658047525,46.439453125,False,337,refine,slo_refresh_aware_admission,"23,24,25,26",21139.488145366504
4,21247.0961486826,53.804001658047525,46.439453125,False,338,refine,slo_refresh_aware_admission,"23,24,25,26",21193.292147024553
4,21300.90015034065,53.804001658047525,46.439453125,False,339,refine,slo_refresh_aware_admission,"23,24,25,26",21247.0961486826
4,21411.322592091066,110.4224417504156,467.0625,False,340,warmup,slo_refresh_aware_admission,"25,26,27,28",21300.90015034065
4,21465.126593749115,53.804001658047525,46.439453125,False,341,refine,slo_refresh_aware_admission,"25,26,27,28",21411.322592091066
4,21518.930595407164,53.804001658047525,46.439453125,False,342,refine,slo_refresh_aware_admission,"25,26,27,28",21465.126593749115
4,21572.734597065213,53.804001658047525,46.439453125,False,343,refine,slo_refresh_aware_admission,"25,26,27,28",21518.930595407164
4,21626.538598723262,53.804001658047525,46.439453125,False,344,refine,slo_refresh_aware_admission,"25,26,27,28",21572.734597065213
4,21680.34260038131,53.804001658047525,46.439453125,False,345,refine,slo_refresh_aware_admission,"25,26,27,28",21626.538598723262
4,21734.14660203936,53.804001658047525,46.439453125,False,346,refine,slo_refresh_aware_admission,"25,26,27,28",21680.34260038131
4,21787.95060369741,53.804001658047525,46.439453125,False,347,refine,slo_refresh_aware_admission,"25,26,27,28",21734.14660203936
4,21841.754605355458,53.804001658047525,46.439453125,False,348,refine,slo_refresh_aware_admission,"25,26,27,28",21787.95060369741
4,21895.558607013507,53.804001658047525,46.439453125,False,349,refine,slo_refresh_aware_admission,"25,26,27,28",21841.754605355458
4,21949.362608671556,53.804001658047525,46.439453125,False,350,refine,slo_refresh_aware_admission,"25,26,27,28",21895.558607013507
2,21997.10997049809,47.74736182653436,22.658203125,False,351,refine,slo_refresh_aware_admission,"27,28",21949.362608671556
4,22107.532412248507,110.4224417504156,467.0625,False,352,warmup,slo_refresh_aware_admission,"25,26,27,28",21997.10997049809
4,22161.336413906556,53.804001658047525,46.439453125,False,353,refine,slo_refresh_aware_admission,"25,26,27,28",22107.532412248507
4,22215.140415564605,53.804001658047525,46.439453125,False,354,refine,slo_refresh_aware_admission,"25,26,27,28",22161.336413906556
4,22268.944417222654,53.804001658047525,46.439453125,False,355,refine,slo_refresh_aware_admission,"25,26,27,28",22215.140415564605
4,22322.748418880703,53.804001658047525,46.439453125,False,356,refine,slo_refresh_aware_admission,"25,26,27,28",22268.944417222654
4,22376.552420538752,53.804001658047525,46.439453125,False,357,refine,slo_refresh_aware_admission,"25,26,27,28",22322.748418880703
4,22430.3564221968,53.804001658047525,46.439453125,False,358,refine,slo_refresh_aware_admission,"25,26,27,28",22376.552420538752
4,22484.16042385485,53.804001658047525,46.439453125,False,359,refine,slo_refresh_aware_admission,"25,26,27,28",22430.3564221968
4,22537.9644255129,53.804001658047525,46.439453125,False,360,refine,slo_refresh_aware_admission,"25,26,27,28",22484.16042385485
4,22591.768427170948,53.804001658047525,46.439453125,False,361,refine,slo_refresh_aware_admission,"25,26,27,28",22537.9644255129
4,22645.572428828997,53.804001658047525,46.439453125,False,362,refine,slo_refresh_aware_admission,"25,26,27,28",22591.768427170948
3,22753.5791435849,108.00671475590207,352.921875,False,363,warmup,slo_refresh_aware_admission,"27,28,29",22645.572428828997
3,22825.2001863247,71.62104273980154,33.9873046875,False,364,refine,slo_refresh_aware_admission,"27,28,29",22753.5791435849
3,22896.8212290645,71.62104273980154,33.9873046875,False,365,refine,slo_refresh_aware_admission,"27,28,29",22825.2001863247
3,22968.4422718043,71.62104273980154,33.9873046875,False,366,refine,slo_refresh_aware_admission,"27,28,29",22896.8212290645
3,23040.0633145441,71.62104273980154,33.9873046875,False,367,refine,slo_refresh_aware_admission,"27,28,29",22968.4422718043
3,23111.6843572839,71.62104273980154,33.9873046875,False,368,refine,slo_refresh_aware_admission,"27,28,29",23040.0633145441
3,23183.3054000237,71.62104273980154,33.9873046875,False,369,refine,slo_refresh_aware_admission,"27,28,29",23111.6843572839
3,23254.9264427635,71.62104273980154,33.9873046875,False,370,refine,slo_refresh_aware_admission,"27,28,29",23183.3054000237
3,23326.5474855033,71.62104273980154,33.9873046875,False,371,refine,slo_refresh_aware_admission,"27,28,29",23254.9264427635
3,23398.1685282431,71.62104273980154,33.9873046875,False,372,refine,slo_refresh_aware_admission,"27,28,29",23326.5474855033
3,23469.7895709829,71.62104273980154,33.9873046875,False,373,refine,slo_refresh_aware_admission,"27,28,29",23398.1685282431
3,23577.7962857388,108.00671475590207,352.921875,False,374,warmup,slo_refresh_aware_admission,"30,27,28",23469.7895709829
4,23631.60028739685,53.804001658047525,46.439453125,False,375,refine,slo_refresh_aware_admission,"29,27,28,30",23577.7962857388
3,23703.22133013665,71.62104273980154,33.9873046875,False,376,refine,slo_refresh_aware_admission,"27,28,30",23631.60028739685
3,23774.84237287645,71.62104273980154,33.9873046875,False,377,refine,slo_refresh_aware_admission,"27,28,30",23703.22133013665
3,23846.46341561625,71.62104273980154,33.9873046875,False,378,refine,slo_refresh_aware_admission,"27,28,30",23774.84237287645
3,23918.08445835605,71.62104273980154,33.9873046875,False,379,refine,slo_refresh_aware_admission,"27,28,30",23846.46341561625
3,23989.70550109585,71.62104273980154,33.9873046875,False,380,refine,slo_refresh_aware_admission,"27,28,30",23918.08445835605
3,24061.32654383565,71.62104273980154,33.9873046875,False,381,refine,slo_refresh_aware_admission,"27,28,30",23989.70550109585
3,24132.94758657545,71.62104273980154,33.9873046875,False,382,refine,slo_refresh_aware_admission,"27,28,30",24061.32654383565
3,24204.56862931525,71.62104273980154,33.9873046875,False,383,refine,slo_refresh_aware_admission,"27,28,30",24132.94758657545
3,24276.18967205505,71.62104273980154,33.9873046875,False,384,refine,slo_refresh_aware_admission,"27,28,30",24204.56862931525
1,24314.88845279834,38.69878074328881,117.5458984375,False,385,warmup,slo_refresh_aware_admission,29,24276.18967205505
2,24362.635814624875,47.74736182653436,22.658203125,False,386,refine,slo_refresh_aware_admission,"30,29",24314.88845279834
1,24401.334595368164,38.69878074328881,117.5458984375,False,387,warmup,slo_refresh_aware_admission,30,24362.635814624875
2,24449.0819571947,47.74736182653436,22.658203125,False,388,refine,slo_refresh_aware_admission,"29,30",24401.334595368164
2,24496.829319021235,47.74736182653436,22.658203125,False,389,refine,slo_refresh_aware_admission,"29,30",24449.0819571947
2,24544.57668084777,47.74736182653436,22.658203125,False,390,refine,slo_refresh_aware_admission,"29,30",24496.829319021235
2,24592.324042674307,47.74736182653436,22.658203125,False,391,refine,slo_refresh_aware_admission,"29,30",24544.57668084777
2,24640.071404500843,47.74736182653436,22.658203125,False,392,refine,slo_refresh_aware_admission,"29,30",24592.324042674307
2,24687.81876632738,47.74736182653436,22.658203125,False,393,refine,slo_refresh_aware_admission,"29,30",24640.071404500843
2,24735.566128153914,47.74736182653436,22.658203125,False,394,refine,slo_refresh_aware_admission,"29,30",24687.81876632738
2,24783.31348998045,47.74736182653436,22.658203125,False,395,refine,slo_refresh_aware_admission,"29,30",24735.566128153914
2,24831.060851806986,47.74736182653436,22.658203125,False,396,refine,slo_refresh_aware_admission,"29,30",24783.31348998045
2,24903.06532831092,72.00447650393471,235.28125,False,397,warmup,slo_refresh_aware_admission,"31,29",24831.060851806986
3,24974.68637105072,71.62104273980154,33.9873046875,False,398,refine,slo_refresh_aware_admission,"30,29,31",24903.06532831092
2,25022.433732877256,47.74736182653436,22.658203125,False,399,refine,slo_refresh_aware_admission,"29,31",24974.68637105072
2,25070.181094703792,47.74736182653436,22.658203125,False,400,refine,slo_refresh_aware_admission,"29,31",25022.433732877256
2,25117.928456530328,47.74736182653436,22.658203125,False,401,refine,slo_refresh_aware_admission,"29,31",25070.181094703792
2,25165.675818356864,47.74736182653436,22.658203125,False,402,refine,slo_refresh_aware_admission,"29,31",25117.928456530328
2,25213.4231801834,47.74736182653436,22.658203125,False,403,refine,slo_refresh_aware_admission,"29,31",25165.675818356864
2,25261.170542009935,47.74736182653436,22.658203125,False,404,refine,slo_refresh_aware_admission,"29,31",25213.4231801834
2,25308.91790383647,47.74736182653436,22.658203125,False,405,refine,slo_refresh_aware_admission,"29,31",25261.170542009935
2,25356.665265663007,47.74736182653436,22.658203125,False,406,refine,slo_refresh_aware_admission,"29,31",25308.91790383647
2,25404.412627489543,47.74736182653436,22.658203125,False,407,refine,slo_refresh_aware_admission,"29,31",25356.665265663007
2,25476.417103993477,72.00447650393471,235.28125,False,408,warmup,slo_refresh_aware_admission,"30,29",25404.412627489543
3,25548.038146733277,71.62104273980154,33.9873046875,False,409,refine,slo_refresh_aware_admission,"31,29,30",25476.417103993477
2,25595.785508559813,47.74736182653436,22.658203125,False,410,refine,slo_refresh_aware_admission,"29,30",25548.038146733277
2,25643.53287038635,47.74736182653436,22.658203125,False,411,refine,slo_refresh_aware_admission,"29,30",25595.785508559813
2,25691.280232212885,47.74736182653436,22.658203125,False,412,refine,slo_refresh_aware_admission,"29,30",25643.53287038635
2,25739.02759403942,47.74736182653436,22.658203125,False,413,refine,slo_refresh_aware_admission,"29,30",25691.280232212885
2,25786.774955865956,47.74736182653436,22.658203125,False,414,refine,slo_refresh_aware_admission,"29,30",25739.02759403942
2,25834.522317692492,47.74736182653436,22.658203125,False,415,refine,slo_refresh_aware_admission,"29,30",25786.774955865956
2,25882.269679519028,47.74736182653436,22.658203125,False,416,refine,slo_refresh_aware_admission,"29,30",25834.522317692492
2,25930.017041345563,47.74736182653436,22.658203125,False,417,refine,slo_refresh_aware_admission,"29,30",25882.269679519028
2,25977.7644031721,47.74736182653436,22.658203125,False,418,refine,slo_refresh_aware_admission,"29,30",25930.017041345563
3,26085.771117928,108.00671475590207,352.921875,False,419,warmup,slo_refresh_aware_admission,"31,32,30",25977.7644031721
3,26157.3921606678,71.62104273980154,33.9873046875,False,420,refine,slo_refresh_aware_admission,"30,31,32",26085.771117928
3,26229.0132034076,71.62104273980154,33.9873046875,False,421,refine,slo_refresh_aware_admission,"30,31,32",26157.3921606678
3,26300.6342461474,71.62104273980154,33.9873046875,False,422,refine,slo_refresh_aware_admission,"30,31,32",26229.0132034076
3,26372.2552888872,71.62104273980154,33.9873046875,False,423,refine,slo_refresh_aware_admission,"30,31,32",26300.6342461474
3,26443.876331627,71.62104273980154,33.9873046875,False,424,refine,slo_refresh_aware_admission,"30,31,32",26372.2552888872
3,26515.4973743668,71.62104273980154,33.9873046875,False,425,refine,slo_refresh_aware_admission,"30,31,32",26443.876331627
3,26587.1184171066,71.62104273980154,33.9873046875,False,426,refine,slo_refresh_aware_admission,"30,31,32",26515.4973743668
3,26658.7394598464,71.62104273980154,33.9873046875,False,427,refine,slo_refresh_aware_admission,"30,31,32",26587.1184171066
3,26730.3605025862,71.62104273980154,33.9873046875,False,428,refine,slo_refresh_aware_admission,"30,31,32",26658.7394598464
3,26801.981545326,71.62104273980154,33.9873046875,False,429,refine,slo_refresh_aware_admission,"30,31,32",26730.3605025862
2,26873.986021829936,72.00447650393471,235.28125,False,430,warmup,slo_refresh_aware_admission,"33,31",26801.981545326
3,26945.607064569736,71.62104273980154,33.9873046875,False,431,refine,slo_refresh_aware_admission,"32,31,33",26873.986021829936
2,26993.354426396272,47.74736182653436,22.658203125,False,432,refine,slo_refresh_aware_admission,"31,33",26945.607064569736
2,27041.101788222808,47.74736182653436,22.658203125,False,433,refine,slo_refresh_aware_admission,"31,33",26993.354426396272
2,27088.849150049344,47.74736182653436,22.658203125,False,434,refine,slo_refresh_aware_admission,"31,33",27041.101788222808
2,27136.59651187588,47.74736182653436,22.658203125,False,435,refine,slo_refresh_aware_admission,"31,33",27088.849150049344
2,27184.343873702415,47.74736182653436,22.658203125,False,436,refine,slo_refresh_aware_admission,"31,33",27136.59651187588
2,27232.09123552895,47.74736182653436,22.658203125,False,437,refine,slo_refresh_aware_admission,"31,33",27184.343873702415
2,27279.838597355487,47.74736182653436,22.658203125,False,438,refine,slo_refresh_aware_admission,"31,33",27232.09123552895
2,27327.585959182023,47.74736182653436,22.658203125,False,439,refine,slo_refresh_aware_admission,"31,33",27279.838597355487
2,27375.33332100856,47.74736182653436,22.658203125,False,440,refine,slo_refresh_aware_admission,"31,33",27327.585959182023
2,27447.337797512493,72.00447650393471,235.28125,False,441,warmup,slo_refresh_aware_admission,"32,31",27375.33332100856
3,27518.958840252293,71.62104273980154,33.9873046875,False,442,refine,slo_refresh_aware_admission,"33,31,32",27447.337797512493
2,27566.70620207883,47.74736182653436,22.658203125,False,443,refine,slo_refresh_aware_admission,"31,32",27518.958840252293
2,27614.453563905365,47.74736182653436,22.658203125,False,444,refine,slo_refresh_aware_admission,"31,32",27566.70620207883
2,27662.2009257319,47.74736182653436,22.658203125,False,445,refine,slo_refresh_aware_admission,"31,32",27614.453563905365
2,27709.948287558436,47.74736182653436,22.658203125,False,446,refine,slo_refresh_aware_admission,"31,32",27662.2009257319
2,27757.695649384972,47.74736182653436,22.658203125,False,447,refine,slo_refresh_aware_admission,"31,32",27709.948287558436
2,27805.443011211508,47.74736182653436,22.658203125,False,448,refine,slo_refresh_aware_admission,"31,32",27757.695649384972
2,27853.190373038044,47.74736182653436,22.658203125,False,449,refine,slo_refresh_aware_admission,"31,32",27805.443011211508
2,27900.93773486458,47.74736182653436,22.658203125,False,450,refine,slo_refresh_aware_admission,"31,32",27853.190373038044
2,27948.685096691115,47.74736182653436,22.658203125,False,451,refine,slo_refresh_aware_admission,"31,32",27900.93773486458
2,28020.68957319505,72.00447650393471,235.28125,False,452,warmup,slo_refresh_aware_admission,"33,32",27948.685096691115
2,28068.436935021586,47.74736182653436,22.658203125,False,453,refine,slo_refresh_aware_admission,"32,33",28020.68957319505
2,28116.18429684812,47.74736182653436,22.658203125,False,454,refine,slo_refresh_aware_admission,"32,33",28068.436935021586
2,28163.931658674657,47.74736182653436,22.658203125,False,455,refine,slo_refresh_aware_admission,"32,33",28116.18429684812
2,28211.679020501193,47.74736182653436,22.658203125,False,456,refine,slo_refresh_aware_admission,"32,33",28163.931658674657
2,28259.42638232773,47.74736182653436,22.658203125,False,457,refine,slo_refresh_aware_admission,"32,33",28211.679020501193
2,28307.173744154265,47.74736182653436,22.658203125,False,458,refine,slo_refresh_aware_admission,"32,33",28259.42638232773
2,28354.9211059808,47.74736182653436,22.658203125,False,459,refine,slo_refresh_aware_admission,"32,33",28307.173744154265
2,28402.668467807336,47.74736182653436,22.658203125,False,460,refine,slo_refresh_aware_admission,"32,33",28354.9211059808
2,28450.415829633872,47.74736182653436,22.658203125,False,461,refine,slo_refresh_aware_admission,"32,33",28402.668467807336
2,28498.163191460408,47.74736182653436,22.658203125,False,462,refine,slo_refresh_aware_admission,"32,33",28450.415829633872
2,28570.167667964342,72.00447650393471,235.28125,False,463,warmup,slo_refresh_aware_admission,"32,33",28498.163191460408
2,28617.915029790878,47.74736182653436,22.658203125,False,464,refine,slo_refresh_aware_admission,"32,33",28570.167667964342
2,28665.662391617414,47.74736182653436,22.658203125,False,465,refine,slo_refresh_aware_admission,"32,33",28617.915029790878
2,28713.40975344395,47.74736182653436,22.658203125,False,466,refine,slo_refresh_aware_admission,"32,33",28665.662391617414
2,28761.157115270486,47.74736182653436,22.658203125,False,467,refine,slo_refresh_aware_admission,"32,33",28713.40975344395
2,28808.90447709702,47.74736182653436,22.658203125,False,468,refine,slo_refresh_aware_admission,"32,33",28761.157115270486
2,28856.651838923557,47.74736182653436,22.658203125,False,469,refine,slo_refresh_aware_admission,"32,33",28808.90447709702
2,28904.399200750093,47.74736182653436,22.658203125,False,470,refine,slo_refresh_aware_admission,"32,33",28856.651838923557
2,28952.14656257663,47.74736182653436,22.658203125,False,471,refine,slo_refresh_aware_admission,"32,33",28904.399200750093
2,28999.893924403164,47.74736182653436,22.658203125,False,472,refine,slo_refresh_aware_admission,"32,33",28952.14656257663
2,29047.6412862297,47.74736182653436,22.658203125,False,473,refine,slo_refresh_aware_admission,"32,33",28999.893924403164
1,29086.34006697299,38.69878074328881,117.5458984375,False,474,warmup,slo_refresh_aware_admission,33,29047.6412862297
1,29130.899067120263,44.559000147273764,12.220703125,False,475,refine,slo_refresh_aware_admission,33,29086.34006697299
1,29175.458067267537,44.559000147273764,12.220703125,False,476,refine,slo_refresh_aware_admission,33,29130.899067120263
1,29220.01706741481,44.559000147273764,12.220703125,False,477,refine,slo_refresh_aware_admission,33,29175.458067267537
1,29264.576067562084,44.559000147273764,12.220703125,False,478,refine,slo_refresh_aware_admission,33,29220.01706741481
1,29309.135067709358,44.559000147273764,12.220703125,False,479,refine,slo_refresh_aware_admission,33,29264.576067562084
1,29353.69406785663,44.559000147273764,12.220703125,False,480,refine,slo_refresh_aware_admission,33,29309.135067709358
1,29398.253068003905,44.559000147273764,12.220703125,False,481,refine,slo_refresh_aware_admission,33,29353.69406785663
1,29442.81206815118,44.559000147273764,12.220703125,False,482,refine,slo_refresh_aware_admission,33,29398.253068003905
1,29487.371068298453,44.559000147273764,12.220703125,False,483,refine,slo_refresh_aware_admission,33,29442.81206815118
1,29531.930068445727,44.559000147273764,12.220703125,False,484,refine,slo_refresh_aware_admission,33,29487.371068298453
1,30184.164679821002,38.69878074328881,117.5458984375,False,485,warmup,slo_refresh_aware_admission,34,30145.465899077713
1,30228.723679968276,44.559000147273764,12.220703125,False,486,refine,slo_refresh_aware_admission,34,30184.164679821002
1,30273.28268011555,44.559000147273764,12.220703125,False,487,refine,slo_refresh_aware_admission,34,30228.723679968276
1,30317.841680262824,44.559000147273764,12.220703125,False,488,refine,slo_refresh_aware_admission,34,30273.28268011555
1,30362.400680410097,44.559000147273764,12.220703125,False,489,refine,slo_refresh_aware_admission,34,30317.841680262824
1,30406.95968055737,44.559000147273764,12.220703125,False,490,refine,slo_refresh_aware_admission,34,30362.400680410097
1,30451.518680704645,44.559000147273764,12.220703125,False,491,refine,slo_refresh_aware_admission,34,30406.95968055737
1,30496.07768085192,44.559000147273764,12.220703125,False,492,refine,slo_refresh_aware_admission,34,30451.518680704645
1,30540.636680999192,44.559000147273764,12.220703125,False,493,refine,slo_refresh_aware_admission,34,30496.07768085192
1,30585.195681146466,44.559000147273764,12.220703125,False,494,refine,slo_refresh_aware_admission,34,30540.636680999192
1,30629.75468129374,44.559000147273764,12.220703125,False,495,refine,slo_refresh_aware_admission,34,30585.195681146466
1,30668.45346203703,38.69878074328881,117.5458984375,False,496,warmup,slo_refresh_aware_admission,35,30629.75468129374
2,30716.200823863564,47.74736182653436,22.658203125,False,497,refine,slo_refresh_aware_admission,"34,35",30668.45346203703
1,30754.899604606853,38.69878074328881,117.5458984375,False,498,warmup,slo_refresh_aware_admission,34,30716.200823863564
2,30802.64696643339,47.74736182653436,22.658203125,False,499,refine,slo_refresh_aware_admission,"35,34",30754.899604606853
2,30850.394328259925,47.74736182653436,22.658203125,False,500,refine,slo_refresh_aware_admission,"34,35",30802.64696643339
2,30898.14169008646,47.74736182653436,22.658203125,False,501,refine,slo_refresh_aware_admission,"34,35",30850.394328259925
2,30945.889051912996,47.74736182653436,22.658203125,False,502,refine,slo_refresh_aware_admission,"34,35",30898.14169008646
2,30993.636413739532,47.74736182653436,22.658203125,False,503,refine,slo_refresh_aware_admission,"34,35",30945.889051912996
2,31041.383775566068,47.74736182653436,22.658203125,False,504,refine,slo_refresh_aware_admission,"34,35",30993.636413739532
2,31089.131137392604,47.74736182653436,22.658203125,False,505,refine,slo_refresh_aware_admission,"34,35",31041.383775566068
2,31136.87849921914,47.74736182653436,22.658203125,False,506,refine,slo_refresh_aware_admission,"34,35",31089.131137392604
2,31184.625861045675,47.74736182653436,22.658203125,False,507,refine,slo_refresh_aware_admission,"34,35",31136.87849921914
2,31232.37322287221,47.74736182653436,22.658203125,False,508,refine,slo_refresh_aware_admission,"34,35",31184.625861045675
2,31304.377699376146,72.00447650393471,235.28125,False,509,warmup,slo_refresh_aware_admission,"34,35",31232.37322287221
2,31352.12506120268,47.74736182653436,22.658203125,False,510,refine,slo_refresh_aware_admission,"34,35",31304.377699376146
2,31399.872423029217,47.74736182653436,22.658203125,False,511,refine,slo_refresh_aware_admission,"34,35",31352.12506120268
2,31447.619784855753,47.74736182653436,22.658203125,False,512,refine,slo_refresh_aware_admission,"34,35",31399.872423029217
2,31495.36714668229,47.74736182653436,22.658203125,False,513,refine,slo_refresh_aware_admission,"34,35",31447.619784855753
2,31543.114508508825,47.74736182653436,22.658203125,False,514,refine,slo_refresh_aware_admission,"34,35",31495.36714668229
2,31590.86187033536,47.74736182653436,22.658203125,False,515,refine,slo_refresh_aware_admission,"34,35",31543.114508508825
2,31638.609232161896,47.74736182653436,22.658203125,False,516,refine,slo_refresh_aware_admission,"34,35",31590.86187033536
2,31686.356593988432,47.74736182653436,22.658203125,False,517,refine,slo_refresh_aware_admission,"34,35",31638.609232161896
2,31734.103955814968,47.74736182653436,22.658203125,False,518,refine,slo_refresh_aware_admission,"34,35",31686.356593988432
2,31781.851317641504,47.74736182653436,22.658203125,False,519,refine,slo_refresh_aware_admission,"34,35",31734.103955814968
3,31889.858032397406,108.00671475590207,352.921875,False,520,warmup,slo_refresh_aware_admission,"36,34,35",31781.851317641504
3,31961.479075137206,71.62104273980154,33.9873046875,False,521,refine,slo_refresh_aware_admission,"34,35,36",31889.858032397406
3,32033.100117877006,71.62104273980154,33.9873046875,False,522,refine,slo_refresh_aware_admission,"34,35,36",31961.479075137206
3,32104.721160616806,71.62104273980154,33.9873046875,False,523,refine,slo_refresh_aware_admission,"34,35,36",32033.100117877006
3,32176.342203356606,71.62104273980154,33.9873046875,False,524,refine,slo_refresh_aware_admission,"34,35,36",32104.721160616806
3,32247.963246096406,71.62104273980154,33.9873046875,False,525,refine,slo_refresh_aware_admission,"34,35,36",32176.342203356606
3,32319.584288836206,71.62104273980154,33.9873046875,False,526,refine,slo_refresh_aware_admission,"34,35,36",32247.963246096406
3,32391.205331576006,71.62104273980154,33.9873046875,False,527,refine,slo_refresh_aware_admission,"34,35,36",32319.584288836206
3,32462.826374315806,71.62104273980154,33.9873046875,False,528,refine,slo_refresh_aware_admission,"34,35,36",32391.205331576006
3,32534.447417055606,71.62104273980154,33.9873046875,False,529,refine,slo_refresh_aware_admission,"34,35,36",32462.826374315806
3,32606.068459795406,71.62104273980154,33.9873046875,False,530,refine,slo_refresh_aware_admission,"34,35,36",32534.447417055606
1,32644.767240538695,38.69878074328881,117.5458984375,False,531,warmup,slo_refresh_aware_admission,35,32606.068459795406
2,32692.51460236523,47.74736182653436,22.658203125,False,532,refine,slo_refresh_aware_admission,"36,35",32644.767240538695
1,32731.21338310852,38.69878074328881,117.5458984375,False,533,warmup,slo_refresh_aware_admission,36,32692.51460236523
2,32778.96074493505,47.74736182653436,22.658203125,False,534,refine,slo_refresh_aware_admission,"35,36",32731.21338310852
2,32826.70810676159,47.74736182653436,22.658203125,False,535,refine,slo_refresh_aware_admission,"35,36",32778.96074493505
2,32874.45546858812,47.74736182653436,22.658203125,False,536,refine,slo_refresh_aware_admission,"35,36",32826.70810676159
2,32922.20283041466,47.74736182653436,22.658203125,False,537,refine,slo_refresh_aware_admission,"35,36",32874.45546858812
2,32969.950192241195,47.74736182653436,22.658203125,False,538,refine,slo_refresh_aware_admission,"35,36",32922.20283041466
2,33017.69755406773,47.74736182653436,22.658203125,False,539,refine,slo_refresh_aware_admission,"35,36",32969.950192241195
2,33065.444915894266,47.74736182653436,22.658203125,False,540,refine,slo_refresh_aware_admission,"35,36",33017.69755406773
2,33113.1922777208,47.74736182653436,22.658203125,False,541,refine,slo_refresh_aware_admission,"35,36",33065.444915894266
2,33160.93963954734,47.74736182653436,22.658203125,False,542,refine,slo_refresh_aware_admission,"35,36",33113.1922777208
1,33205.49863969461,44.559000147273764,12.220703125,False,543,refine,slo_refresh_aware_admission,36,33160.93963954734
2,33277.503116198546,72.00447650393471,235.28125,False,544,warmup,slo_refresh_aware_admission,"36,37",33205.49863969461
2,33325.25047802508,47.74736182653436,22.658203125,False,545,refine,slo_refresh_aware_admission,"36,37",33277.503116198546
2,33372.99783985162,47.74736182653436,22.658203125,False,546,refine,slo_refresh_aware_admission,"36,37",33325.25047802508
2,33420.74520167815,47.74736182653436,22.658203125,False,547,refine,slo_refresh_aware_admission,"36,37",33372.99783985162
2,33468.49256350469,47.74736182653436,22.658203125,False,548,refine,slo_refresh_aware_admission,"36,37",33420.74520167815
2,33516.239925331225,47.74736182653436,22.658203125,False,549,refine,slo_refresh_aware_admission,"36,37",33468.49256350469
2,33563.98728715776,47.74736182653436,22.658203125,False,550,refine,slo_refresh_aware_admission,"36,37",33516.239925331225
2,33611.7346489843,47.74736182653436,22.658203125,False,551,refine,slo_refresh_aware_admission,"36,37",33563.98728715776
2,33659.48201081083,47.74736182653436,22.658203125,False,552,refine,slo_refresh_aware_admission,"36,37",33611.7346489843
2,33707.22937263737,47.74736182653436,22.658203125,False,553,refine,slo_refresh_aware_admission,"36,37",33659.48201081083
2,33754.976734463904,47.74736182653436,22.658203125,False,554,refine,slo_refresh_aware_admission,"36,37",33707.22937263737
1,33793.67551520719,38.69878074328881,117.5458984375,False,555,warmup,slo_refresh_aware_admission,36,33754.976734463904
2,33841.42287703373,47.74736182653436,22.658203125,False,556,refine,slo_refresh_aware_admission,"37,36",33793.67551520719
1,33880.12165777702,38.69878074328881,117.5458984375,False,557,warmup,slo_refresh_aware_admission,37,33841.42287703373
2,33927.86901960355,47.74736182653436,22.658203125,False,558,refine,slo_refresh_aware_admission,"36,37",33880.12165777702
2,33975.61638143009,47.74736182653436,22.658203125,False,559,refine,slo_refresh_aware_admission,"36,37",33927.86901960355
2,34023.363743256625,47.74736182653436,22.658203125,False,560,refine,slo_refresh_aware_admission,"36,37",33975.61638143009
2,34071.11110508316,47.74736182653436,22.658203125,False,561,refine,slo_refresh_aware_admission,"36,37",34023.363743256625
2,34118.858466909696,47.74736182653436,22.658203125,False,562,refine,slo_refresh_aware_admission,"36,37",34071.11110508316
2,34166.60582873623,47.74736182653436,22.658203125,False,563,refine,slo_refresh_aware_admission,"36,37",34118.858466909696
2,34214.35319056277,47.74736182653436,22.658203125,False,564,refine,slo_refresh_aware_admission,"36,37",34166.60582873623
2,34262.1005523893,47.74736182653436,22.658203125,False,565,refine,slo_refresh_aware_admission,"36,37",34214.35319056277
2,34309.84791421584,47.74736182653436,22.658203125,False,566,refine,slo_refresh_aware_admission,"36,37",34262.1005523893
1,34348.54669495913,38.69878074328881,117.5458984375,False,567,warmup,slo_refresh_aware_admission,38,34309.84791421584
2,34396.294056785664,47.74736182653436,22.658203125,False,568,refine,slo_refresh_aware_admission,"37,38",34348.54669495913
1,34434.99283752895,38.69878074328881,117.5458984375,False,569,warmup,slo_refresh_aware_admission,37,34396.294056785664
2,34482.74019935549,47.74736182653436,22.658203125,False,570,refine,slo_refresh_aware_admission,"38,37",34434.99283752895
2,34530.487561182024,47.74736182653436,22.658203125,False,571,refine,slo_refresh_aware_admission,"37,38",34482.74019935549
2,34578.23492300856,47.74736182653436,22.658203125,False,572,refine,slo_refresh_aware_admission,"37,38",34530.487561182024
2,34625.982284835096,47.74736182653436,22.658203125,False,573,refine,slo_refresh_aware_admission,"37,38",34578.23492300856
2,34673.72964666163,47.74736182653436,22.658203125,False,574,refine,slo_refresh_aware_admission,"37,38",34625.982284835096
2,34721.47700848817,47.74736182653436,22.658203125,False,575,refine,slo_refresh_aware_admission,"37,38",34673.72964666163
2,34769.2243703147,47.74736182653436,22.658203125,False,576,refine,slo_refresh_aware_admission,"37,38",34721.47700848817
2,34816.97173214124,47.74736182653436,22.658203125,False,577,refine,slo_refresh_aware_admission,"37,38",34769.2243703147
2,34864.719093967775,47.74736182653436,22.658203125,False,578,refine,slo_refresh_aware_admission,"37,38",34816.97173214124
2,34912.46645579431,47.74736182653436,22.658203125,False,579,refine,slo_refresh_aware_admission,"37,38",34864.719093967775
2,34984.470932298245,72.00447650393471,235.28125,False,580,warmup,slo_refresh_aware_admission,"37,38",34912.46645579431
2,35032.21829412478,47.74736182653436,22.658203125,False,581,refine,slo_refresh_aware_admission,"37,38",34984.470932298245
2,35079.96565595132,47.74736182653436,22.658203125,False,582,refine,slo_refresh_aware_admission,"37,38",35032.21829412478
2,35127.71301777785,47.74736182653436,22.658203125,False,583,refine,slo_refresh_aware_admission,"37,38",35079.96565595132
2,35175.46037960439,47.74736182653436,22.658203125,False,584,refine,slo_refresh_aware_admission,"37,38",35127.71301777785
2,35223.207741430924,47.74736182653436,22.658203125,False,585,refine,slo_refresh_aware_admission,"37,38",35175.46037960439
2,35270.95510325746,47.74736182653436,22.658203125,False,586,refine,slo_refresh_aware_admission,"37,38",35223.207741430924
2,35318.702465083996,47.74736182653436,22.658203125,False,587,refine,slo_refresh_aware_admission,"37,38",35270.95510325746
2,35366.44982691053,47.74736182653436,22.658203125,False,588,refine,slo_refresh_aware_admission,"37,38",35318.702465083996
2,35414.19718873707,47.74736182653436,22.658203125,False,589,refine,slo_refresh_aware_admission,"37,38",35366.44982691053
2,35461.9445505636,47.74736182653436,22.658203125,False,590,refine,slo_refresh_aware_admission,"37,38",35414.19718873707
1,35500.64333130689,38.69878074328881,117.5458984375,False,591,warmup,slo_refresh_aware_admission,38,35461.9445505636
1,35545.202331454166,44.559000147273764,12.220703125,False,592,refine,slo_refresh_aware_admission,38,35500.64333130689
1,35589.76133160144,44.559000147273764,12.220703125,False,593,refine,slo_refresh_aware_admission,38,35545.202331454166
1,35634.32033174871,44.559000147273764,12.220703125,False,594,refine,slo_refresh_aware_admission,38,35589.76133160144
1,35678.87933189599,44.559000147273764,12.220703125,False,595,refine,slo_refresh_aware_admission,38,35634.32033174871
1,35723.43833204326,44.559000147273764,12.220703125,False,596,refine,slo_refresh_aware_admission,38,35678.87933189599
1,35767.997332190535,44.559000147273764,12.220703125,False,597,refine,slo_refresh_aware_admission,38,35723.43833204326
1,35812.55633233781,44.559000147273764,12.220703125,False,598,refine,slo_refresh_aware_admission,38,35767.997332190535
1,35857.11533248508,44.559000147273764,12.220703125,False,599,refine,slo_refresh_aware_admission,38,35812.55633233781
1,35901.674332632356,44.559000147273764,12.220703125,False,600,refine,slo_refresh_aware_admission,38,35857.11533248508
1,35946.23333277963,44.559000147273764,12.220703125,False,601,refine,slo_refresh_aware_admission,38,35901.674332632356
1,35984.93211352292,38.69878074328881,117.5458984375,False,602,warmup,slo_refresh_aware_admission,38,35946.23333277963
1,36029.49111367019,44.559000147273764,12.220703125,False,603,refine,slo_refresh_aware_admission,38,35984.93211352292
1,36074.050113817466,44.559000147273764,12.220703125,False,604,refine,slo_refresh_aware_admission,38,36029.49111367019
1,36118.60911396474,44.559000147273764,12.220703125,False,605,refine,slo_refresh_aware_admission,38,36074.050113817466
1,36163.16811411201,44.559000147273764,12.220703125,False,606,refine,slo_refresh_aware_admission,38,36118.60911396474
1,36201.8668948553,38.69878074328881,117.5458984375,False,607,warmup,slo_refresh_aware_admission,39,36163.16811411201
2,36249.61425668184,47.74736182653436,22.658203125,False,608,refine,slo_refresh_aware_admission,"38,39",36201.8668948553
2,36297.361618508374,47.74736182653436,22.658203125,False,609,refine,slo_refresh_aware_admission,"38,39",36249.61425668184
2,36345.10898033491,47.74736182653436,22.658203125,False,610,refine,slo_refresh_aware_admission,"38,39",36297.361618508374
2,36392.856342161445,47.74736182653436,22.658203125,False,611,refine,slo_refresh_aware_admission,"38,39",36345.10898033491
2,36440.60370398798,47.74736182653436,22.658203125,False,612,refine,slo_refresh_aware_admission,"38,39",36392.856342161445
2,36488.35106581452,47.74736182653436,22.658203125,False,613,refine,slo_refresh_aware_admission,"38,39",36440.60370398798
1,36532.91006596179,44.559000147273764,12.220703125,False,614,refine,slo_refresh_aware_admission,39,36488.35106581452
1,36577.469066109064,44.559000147273764,12.220703125,False,615,refine,slo_refresh_aware_admission,39,36532.91006596179
1,36622.02806625634,44.559000147273764,12.220703125,False,616,refine,slo_refresh_aware_admission,39,36577.469066109064
1,36666.58706640361,44.559000147273764,12.220703125,False,617,refine,slo_refresh_aware_admission,39,36622.02806625634
1,36711.146066550886,44.559000147273764,12.220703125,False,618,refine,slo_refresh_aware_admission,39,36666.58706640361
1,36749.844847294175,38.69878074328881,117.5458984375,False,619,warmup,slo_refresh_aware_admission,39,36711.146066550886
1,36794.40384744145,44.559000147273764,12.220703125,False,620,refine,slo_refresh_aware_admission,39,36749.844847294175
1,36838.96284758872,44.559000147273764,12.220703125,False,621,refine,slo_refresh_aware_admission,39,36794.40384744145
1,36883.521847735996,44.559000147273764,12.220703125,False,622,refine,slo_refresh_aware_admission,39,36838.96284758872
1,36928.08084788327,44.559000147273764,12.220703125,False,623,refine,slo_refresh_aware_admission,39,36883.521847735996
1,36972.63984803054,44.559000147273764,12.220703125,False,624,refine,slo_refresh_aware_admission,39,36928.08084788327
1,37017.19884817782,44.559000147273764,12.220703125,False,625,refine,slo_refresh_aware_admission,39,36972.63984803054
1,37055.897628921106,38.69878074328881,117.5458984375,False,626,warmup,slo_refresh_aware_admission,40,37017.19884817782
2,37103.64499074764,47.74736182653436,22.658203125,False,627,refine,slo_refresh_aware_admission,"39,40",37055.897628921106
2,37151.39235257418,47.74736182653436,22.658203125,False,628,refine,slo_refresh_aware_admission,"39,40",37103.64499074764
2,37199.13971440071,47.74736182653436,22.658203125,False,629,refine,slo_refresh_aware_admission,"39,40",37151.39235257418
2,37246.88707622725,47.74736182653436,22.658203125,False,630,refine,slo_refresh_aware_admission,"39,40",37199.13971440071
1,37285.58585697054,38.69878074328881,117.5458984375,False,631,warmup,slo_refresh_aware_admission,39,37246.88707622725
2,37333.333218797074,47.74736182653436,22.658203125,False,632,refine,slo_refresh_aware_admission,"40,39",37285.58585697054
2,37381.08058062361,47.74736182653436,22.658203125,False,633,refine,slo_refresh_aware_admission,"39,40",37333.333218797074
2,37428.827942450145,47.74736182653436,22.658203125,False,634,refine,slo_refresh_aware_admission,"39,40",37381.08058062361
2,37476.57530427668,47.74736182653436,22.658203125,False,635,refine,slo_refresh_aware_admission,"39,40",37428.827942450145
2,37524.32266610322,47.74736182653436,22.658203125,False,636,refine,slo_refresh_aware_admission,"39,40",37476.57530427668
2,37572.07002792975,47.74736182653436,22.658203125,False,637,refine,slo_refresh_aware_admission,"39,40",37524.32266610322
2,37619.81738975629,47.74736182653436,22.658203125,False,638,refine,slo_refresh_aware_admission,"39,40",37572.07002792975
1,37658.51617049958,38.69878074328881,117.5458984375,False,639,warmup,slo_refresh_aware_admission,40,37619.81738975629
2,37706.26353232611,47.74736182653436,22.658203125,False,640,refine,slo_refresh_aware_admission,"39,40",37658.51617049958
2,37754.01089415265,47.74736182653436,22.658203125,False,641,refine,slo_refresh_aware_admission,"39,40",37706.26353232611
2,37801.758255979184,47.74736182653436,22.658203125,False,642,refine,slo_refresh_aware_admission,"39,40",37754.01089415265
1,37840.45703672247,38.69878074328881,117.5458984375,False,643,warmup,slo_refresh_aware_admission,39,37801.758255979184
2,37888.20439854901,47.74736182653436,22.658203125,False,644,refine,slo_refresh_aware_admission,"40,39",37840.45703672247
2,37935.951760375545,47.74736182653436,22.658203125,False,645,refine,slo_refresh_aware_admission,"39,40",37888.20439854901
2,37983.69912220208,47.74736182653436,22.658203125,False,646,refine,slo_refresh_aware_admission,"39,40",37935.951760375545
2,38031.44648402862,47.74736182653436,22.658203125,False,647,refine,slo_refresh_aware_admission,"39,40",37983.69912220208
2,38079.19384585515,47.74736182653436,22.658203125,False,648,refine,slo_refresh_aware_admission,"39,40",38031.44648402862
2,38126.94120768169,47.74736182653436,22.658203125,False,649,refine,slo_refresh_aware_admission,"39,40",38079.19384585515
2,38174.688569508224,47.74736182653436,22.658203125,False,650,refine,slo_refresh_aware_admission,"39,40",38126.94120768169
1,38213.38735025151,38.69878074328881,117.5458984375,False,651,warmup,slo_refresh_aware_admission,40,38174.688569508224
2,38261.13471207805,47.74736182653436,22.658203125,False,652,refine,slo_refresh_aware_admission,"39,40",38213.38735025151
2,38308.882073904584,47.74736182653436,22.658203125,False,653,refine,slo_refresh_aware_admission,"39,40",38261.13471207805
2,38356.62943573112,47.74736182653436,22.658203125,False,654,refine,slo_refresh_aware_admission,"39,40",38308.882073904584
2,38428.633912235055,72.00447650393471,235.28125,False,655,warmup,slo_refresh_aware_admission,"41,42",38356.62943573112
3,38500.25495497486,71.62104273980154,33.9873046875,False,656,refine,slo_refresh_aware_admission,"40,41,42",38428.633912235055
3,38571.87599771466,71.62104273980154,33.9873046875,False,657,refine,slo_refresh_aware_admission,"40,41,42",38500.25495497486
3,38643.497040454466,71.62104273980154,33.9873046875,False,658,refine,slo_refresh_aware_admission,"40,41,42",38571.87599771466
3,38715.11808319427,71.62104273980154,33.9873046875,False,659,refine,slo_refresh_aware_admission,"40,41,42",38643.497040454466
3,38786.73912593407,71.62104273980154,33.9873046875,False,660,refine,slo_refresh_aware_admission,"40,41,42",38715.11808319427
3,38858.36016867388,71.62104273980154,33.9873046875,False,661,refine,slo_refresh_aware_admission,"40,41,42",38786.73912593407
3,38929.98121141368,71.62104273980154,33.9873046875,False,662,refine,slo_refresh_aware_admission,"40,41,42",38858.36016867388
2,38977.728573240216,47.74736182653436,22.658203125,False,663,refine,slo_refresh_aware_admission,"41,42",38929.98121141368
2,39025.47593506675,47.74736182653436,22.658203125,False,664,refine,slo_refresh_aware_admission,"41,42",38977.728573240216
2,39073.22329689329,47.74736182653436,22.658203125,False,665,refine,slo_refresh_aware_admission,"41,42",39025.47593506675
2,39120.97065871982,47.74736182653436,22.658203125,False,666,refine,slo_refresh_aware_admission,"41,42",39073.22329689329
4,39231.39310047024,110.4224417504156,467.0625,False,667,warmup,slo_refresh_aware_admission,"43,40,41,42",39120.97065871982
4,39285.19710212829,53.804001658047525,46.439453125,False,668,refine,slo_refresh_aware_admission,"40,41,42,43",39231.39310047024
4,39339.00110378634,53.804001658047525,46.439453125,False,669,refine,slo_refresh_aware_admission,"40,41,42,43",39285.19710212829
4,39392.805105444386,53.804001658047525,46.439453125,False,670,refine,slo_refresh_aware_admission,"40,41,42,43",39339.00110378634
4,39446.609107102435,53.804001658047525,46.439453125,False,671,refine,slo_refresh_aware_admission,"40,41,42,43",39392.805105444386
4,39500.413108760484,53.804001658047525,46.439453125,False,672,refine,slo_refresh_aware_admission,"40,41,42,43",39446.609107102435
4,39554.21711041853,53.804001658047525,46.439453125,False,673,refine,slo_refresh_aware_admission,"40,41,42,43",39500.413108760484
4,39608.02111207658,53.804001658047525,46.439453125,False,674,refine,slo_refresh_aware_admission,"40,41,42,43",39554.21711041853
4,39661.82511373463,53.804001658047525,46.439453125,False,675,refine,slo_refresh_aware_admission,"40,41,42,43",39608.02111207658
4,39715.62911539268,53.804001658047525,46.439453125,False,676,refine,slo_refresh_aware_admission,"40,41,42,43",39661.82511373463
4,39769.43311705073,53.804001658047525,46.439453125,False,677,refine,slo_refresh_aware_admission,"40,41,42,43",39715.62911539268
3,39877.43983180663,108.00671475590207,352.921875,False,678,warmup,slo_refresh_aware_admission,"41,42,44",39769.43311705073
4,39931.24383346468,53.804001658047525,46.439453125,False,679,refine,slo_refresh_aware_admission,"43,41,42,44",39877.43983180663
3,40002.86487620448,71.62104273980154,33.9873046875,False,680,refine,slo_refresh_aware_admission,"41,42,44",39931.24383346468
3,40074.48591894429,71.62104273980154,33.9873046875,False,681,refine,slo_refresh_aware_admission,"41,42,44",40002.86487620448
3,40146.10696168409,71.62104273980154,33.9873046875,False,682,refine,slo_refresh_aware_admission,"41,42,44",40074.48591894429
3,40217.728004423894,71.62104273980154,33.9873046875,False,683,refine,slo_refresh_aware_admission,"41,42,44",40146.10696168409
3,40289.3490471637,71.62104273980154,33.9873046875,False,684,refine,slo_refresh_aware_admission,"41,42,44",40217.728004423894
3,40360.9700899035,71.62104273980154,33.9873046875,False,685,refine,slo_refresh_aware_admission,"41,42,44",40289.3490471637
3,40432.591132643305,71.62104273980154,33.9873046875,False,686,refine,slo_refresh_aware_admission,"41,42,44",40360.9700899035
3,40504.21217538311,71.62104273980154,33.9873046875,False,687,refine,slo_refresh_aware_admission,"41,42,44",40432.591132643305
3,40575.83321812291,71.62104273980154,33.9873046875,False,688,refine,slo_refresh_aware_admission,"41,42,44",40504.21217538311
3,40683.839932878815,108.00671475590207,352.921875,False,689,warmup,slo_refresh_aware_admission,"43,41,42",40575.83321812291
4,40737.64393453686,53.804001658047525,46.439453125,False,690,refine,slo_refresh_aware_admission,"44,41,42,43",40683.839932878815
3,40809.26497727667,71.62104273980154,33.9873046875,False,691,refine,slo_refresh_aware_admission,"41,42,43",40737.64393453686
3,40880.88602001647,71.62104273980154,33.9873046875,False,692,refine,slo_refresh_aware_admission,"41,42,43",40809.26497727667
3,40952.507062756275,71.62104273980154,33.9873046875,False,693,refine,slo_refresh_aware_admission,"41,42,43",40880.88602001647
3,41024.12810549608,71.62104273980154,33.9873046875,False,694,refine,slo_refresh_aware_admission,"41,42,43",40952.507062756275
3,41095.74914823588,71.62104273980154,33.9873046875,False,695,refine,slo_refresh_aware_admission,"41,42,43",41024.12810549608
3,41167.370190975686,71.62104273980154,33.9873046875,False,696,refine,slo_refresh_aware_admission,"41,42,43",41095.74914823588
3,41238.99123371549,71.62104273980154,33.9873046875,False,697,refine,slo_refresh_aware_admission,"41,42,43",41167.370190975686
3,41310.61227645529,71.62104273980154,33.9873046875,False,698,refine,slo_refresh_aware_admission,"41,42,43",41238.99123371549
3,41382.2333191951,71.62104273980154,33.9873046875,False,699,refine,slo_refresh_aware_admission,"41,42,43",41310.61227645529
4,41492.65576094551,110.4224417504156,467.0625,False,700,warmup,slo_refresh_aware_admission,"44,43,45,46",41382.2333191951
4,41546.45976260356,53.804001658047525,46.439453125,False,701,refine,slo_refresh_aware_admission,"43,44,45,46",41492.65576094551
4,41600.26376426161,53.804001658047525,46.439453125,False,702,refine,slo_refresh_aware_admission,"43,44,45,46",41546.45976260356
4,41654.06776591966,53.804001658047525,46.439453125,False,703,refine,slo_refresh_aware_admission,"43,44,45,46",41600.26376426161
4,41707.87176757771,53.804001658047525,46.439453125,False,704,refine,slo_refresh_aware_admission,"43,44,45,46",41654.06776591966
4,41761.67576923576,53.804001658047525,46.439453125,False,705,refine,slo_refresh_aware_admission,"43,44,45,46",41707.87176757771
4,41815.479770893806,53.804001658047525,46.439453125,False,706,refine,slo_refresh_aware_admission,"43,44,45,46",41761.67576923576
4,41869.283772551855,53.804001658047525,46.439453125,False,707,refine,slo_refresh_aware_admission,"43,44,45,46",41815.479770893806
4,41923.087774209904,53.804001658047525,46.439453125,False,708,refine,slo_refresh_aware_admission,"43,44,45,46",41869.283772551855
4,41976.89177586795,53.804001658047525,46.439453125,False,709,refine,slo_refresh_aware_admission,"43,44,45,46",41923.087774209904
4,42030.695777526,53.804001658047525,46.439453125,False,710,refine,slo_refresh_aware_admission,"43,44,45,46",41976.89177586795
2,42078.44313935254,47.74736182653436,22.658203125,False,711,refine,slo_refresh_aware_admission,"45,46",42030.695777526
4,42188.86558110295,110.4224417504156,467.0625,False,712,warmup,slo_refresh_aware_admission,"43,44,45,46",42078.44313935254
4,42242.669582761,53.804001658047525,46.439453125,False,713,refine,slo_refresh_aware_admission,"43,44,45,46",42188.86558110295
4,42296.47358441905,53.804001658047525,46.439453125,False,714,refine,slo_refresh_aware_admission,"43,44,45,46",42242.669582761
4,42350.2775860771,53.804001658047525,46.439453125,False,715,refine,slo_refresh_aware_admission,"43,44,45,46",42296.47358441905
4,42404.08158773515,53.804001658047525,46.439453125,False,716,refine,slo_refresh_aware_admission,"43,44,45,46",42350.2775860771
4,42457.8855893932,53.804001658047525,46.439453125,False,717,refine,slo_refresh_aware_admission,"43,44,45,46",42404.08158773515
4,42511.68959105125,53.804001658047525,46.439453125,False,718,refine,slo_refresh_aware_admission,"43,44,45,46",42457.8855893932
4,42565.493592709296,53.804001658047525,46.439453125,False,719,refine,slo_refresh_aware_admission,"43,44,45,46",42511.68959105125
4,42619.297594367345,53.804001658047525,46.439453125,False,720,refine,slo_refresh_aware_admission,"43,44,45,46",42565.493592709296
4,42673.10159602539,53.804001658047525,46.439453125,False,721,refine,slo_refresh_aware_admission,"43,44,45,46",42619.297594367345
4,42726.90559768344,53.804001658047525,46.439453125,False,722,refine,slo_refresh_aware_admission,"43,44,45,46",42673.10159602539
4,42837.32803943386,110.4224417504156,467.0625,False,723,warmup,slo_refresh_aware_admission,"44,45,46,47",42726.90559768344
4,42891.13204109191,53.804001658047525,46.439453125,False,724,refine,slo_refresh_aware_admission,"44,45,46,47",42837.32803943386
4,42944.936042749956,53.804001658047525,46.439453125,False,725,refine,slo_refresh_aware_admission,"44,45,46,47",42891.13204109191
4,42998.740044408005,53.804001658047525,46.439453125,False,726,refine,slo_refresh_aware_admission,"44,45,46,47",42944.936042749956
4,43052.544046066054,53.804001658047525,46.439453125,False,727,refine,slo_refresh_aware_admission,"44,45,46,47",42998.740044408005
4,43106.3480477241,53.804001658047525,46.439453125,False,728,refine,slo_refresh_aware_admission,"44,45,46,47",43052.544046066054
4,43160.15204938215,53.804001658047525,46.439453125,False,729,refine,slo_refresh_aware_admission,"44,45,46,47",43106.3480477241
4,43213.9560510402,53.804001658047525,46.439453125,False,730,refine,slo_refresh_aware_admission,"44,45,46,47",43160.15204938215
4,43267.76005269825,53.804001658047525,46.439453125,False,731,refine,slo_refresh_aware_admission,"44,45,46,47",43213.9560510402
4,43321.5640543563,53.804001658047525,46.439453125,False,732,refine,slo_refresh_aware_admission,"44,45,46,47",43267.76005269825
4,43375.36805601435,53.804001658047525,46.439453125,False,733,refine,slo_refresh_aware_admission,"44,45,46,47",43321.5640543563
3,43483.37477077025,108.00671475590207,352.921875,False,734,warmup,slo_refresh_aware_admission,"45,46,48",43375.36805601435
4,43537.1787724283,53.804001658047525,46.439453125,False,735,refine,slo_refresh_aware_admission,"47,45,46,48",43483.37477077025
3,43608.7998151681,71.62104273980154,33.9873046875,False,736,refine,slo_refresh_aware_admission,"45,46,48",43537.1787724283
3,43680.420857907906,71.62104273980154,33.9873046875,False,737,refine,slo_refresh_aware_admission,"45,46,48",43608.7998151681
3,43752.04190064771,71.62104273980154,33.9873046875,False,738,refine,slo_refresh_aware_admission,"45,46,48",43680.420857907906
3,43823.66294338751,71.62104273980154,33.9873046875,False,739,refine,slo_refresh_aware_admission,"45,46,48",43752.04190064771
3,43895.28398612732,71.62104273980154,33.9873046875,False,740,refine,slo_refresh_aware_admission,"45,46,48",43823.66294338751
3,43966.90502886712,71.62104273980154,33.9873046875,False,741,refine,slo_refresh_aware_admission,"45,46,48",43895.28398612732
3,44038.526071606924,71.62104273980154,33.9873046875,False,742,refine,slo_refresh_aware_admission,"45,46,48",43966.90502886712
3,44110.14711434673,71.62104273980154,33.9873046875,False,743,refine,slo_refresh_aware_admission,"45,46,48",44038.526071606924
3,44181.76815708653,71.62104273980154,33.9873046875,False,744,refine,slo_refresh_aware_admission,"45,46,48",44110.14711434673
3,44289.774871842434,108.00671475590207,352.921875,False,745,warmup,slo_refresh_aware_admission,"47,49,50",44181.76815708653
4,44343.57887350048,53.804001658047525,46.439453125,False,746,refine,slo_refresh_aware_admission,"48,47,49,50",44289.774871842434
3,44415.199916240286,71.62104273980154,33.9873046875,False,747,refine,slo_refresh_aware_admission,"47,49,50",44343.57887350048
3,44486.82095898009,71.62104273980154,33.9873046875,False,748,refine,slo_refresh_aware_admission,"47,49,50",44415.199916240286
3,44558.44200171989,71.62104273980154,33.9873046875,False,749,refine,slo_refresh_aware_admission,"47,49,50",44486.82095898009
3,44630.0630444597,71.62104273980154,33.9873046875,False,750,refine,slo_refresh_aware_admission,"47,49,50",44558.44200171989
3,44701.6840871995,71.62104273980154,33.9873046875,False,751,refine,slo_refresh_aware_admission,"47,49,50",44630.0630444597
3,44773.305129939305,71.62104273980154,33.9873046875,False,752,refine,slo_refresh_aware_admission,"47,49,50",44701.6840871995
3,44844.92617267911,71.62104273980154,33.9873046875,False,753,refine,slo_refresh_aware_admission,"47,49,50",44773.305129939305
3,44916.54721541891,71.62104273980154,33.9873046875,False,754,refine,slo_refresh_aware_admission,"47,49,50",44844.92617267911
3,44988.168258158716,71.62104273980154,33.9873046875,False,755,refine,slo_refresh_aware_admission,"47,49,50",44916.54721541891
2,45035.91561998525,47.74736182653436,22.658203125,False,756,refine,slo_refresh_aware_admission,"49,50",44988.168258158716
4,45146.33806173567,110.4224417504156,467.0625,False,757,warmup,slo_refresh_aware_admission,"48,47,49,50",45035.91561998525
4,45200.142063393716,53.804001658047525,46.439453125,False,758,refine,slo_refresh_aware_admission,"47,48,49,50",45146.33806173567
4,45253.946065051765,53.804001658047525,46.439453125,False,759,refine,slo_refresh_aware_admission,"47,48,49,50",45200.142063393716
4,45307.750066709814,53.804001658047525,46.439453125,False,760,refine,slo_refresh_aware_admission,"47,48,49,50",45253.946065051765
4,45361.55406836786,53.804001658047525,46.439453125,False,761,refine,slo_refresh_aware_admission,"47,48,49,50",45307.750066709814
4,45415.35807002591,53.804001658047525,46.439453125,False,762,refine,slo_refresh_aware_admission,"47,48,49,50",45361.55406836786
4,45469.16207168396,53.804001658047525,46.439453125,False,763,refine,slo_refresh_aware_admission,"47,48,49,50",45415.35807002591
4,45522.96607334201,53.804001658047525,46.439453125,False,764,refine,slo_refresh_aware_admission,"47,48,49,50",45469.16207168396
4,45576.77007500006,53.804001658047525,46.439453125,False,765,refine,slo_refresh_aware_admission,"47,48,49,50",45522.96607334201
4,45630.57407665811,53.804001658047525,46.439453125,False,766,refine,slo_refresh_aware_admission,"47,48,49,50",45576.77007500006
4,45684.37807831616,53.804001658047525,46.439453125,False,767,refine,slo_refresh_aware_admission,"47,48,49,50",45630.57407665811
4,45794.80052006657,110.4224417504156,467.0625,False,768,warmup,slo_refresh_aware_admission,"47,48,49,50",45684.37807831616
4,45848.60452172462,53.804001658047525,46.439453125,False,769,refine,slo_refresh_aware_admission,"47,48,49,50",45794.80052006657
4,45902.40852338267,53.804001658047525,46.439453125,False,770,refine,slo_refresh_aware_admission,"47,48,49,50",45848.60452172462
4,45956.21252504072,53.804001658047525,46.439453125,False,771,refine,slo_refresh_aware_admission,"47,48,49,50",45902.40852338267
4,46010.01652669877,53.804001658047525,46.439453125,False,772,refine,slo_refresh_aware_admission,"47,48,49,50",45956.21252504072
4,46063.82052835682,53.804001658047525,46.439453125,False,773,refine,slo_refresh_aware_admission,"47,48,49,50",46010.01652669877
4,46117.624530014866,53.804001658047525,46.439453125,False,774,refine,slo_refresh_aware_admission,"47,48,49,50",46063.82052835682
4,46171.428531672915,53.804001658047525,46.439453125,False,775,refine,slo_refresh_aware_admission,"47,48,49,50",46117.624530014866
4,46225.23253333096,53.804001658047525,46.439453125,False,776,refine,slo_refresh_aware_admission,"47,48,49,50",46171.428531672915
4,46279.03653498901,53.804001658047525,46.439453125,False,777,refine,slo_refresh_aware_admission,"47,48,49,50",46225.23253333096
4,46332.84053664706,53.804001658047525,46.439453125,False,778,refine,slo_refresh_aware_admission,"47,48,49,50",46279.03653498901
4,46443.26297839748,110.4224417504156,467.0625,False,779,warmup,slo_refresh_aware_admission,"48,49,50,51",46332.84053664706
4,46497.066980055526,53.804001658047525,46.439453125,False,780,refine,slo_refresh_aware_admission,"48,49,50,51",46443.26297839748
4,46550.870981713575,53.804001658047525,46.439453125,False,781,refine,slo_refresh_aware_admission,"48,49,50,51",46497.066980055526
4,46604.674983371624,53.804001658047525,46.439453125,False,782,refine,slo_refresh_aware_admission,"48,49,50,51",46550.870981713575
4,46658.47898502967,53.804001658047525,46.439453125,False,783,refine,slo_refresh_aware_admission,"48,49,50,51",46604.674983371624
4,46712.28298668772,53.804001658047525,46.439453125,False,784,refine,slo_refresh_aware_admission,"48,49,50,51",46658.47898502967
4,46766.08698834577,53.804001658047525,46.439453125,False,785,refine,slo_refresh_aware_admission,"48,49,50,51",46712.28298668772
4,46819.89099000382,53.804001658047525,46.439453125,False,786,refine,slo_refresh_aware_admission,"48,49,50,51",46766.08698834577
4,46873.69499166187,53.804001658047525,46.439453125,False,787,refine,slo_refresh_aware_admission,"48,49,50,51",46819.89099000382
4,46927.49899331992,53.804001658047525,46.439453125,False,788,refine,slo_refresh_aware_admission,"48,49,50,51",46873.69499166187
4,46981.30299497797,53.804001658047525,46.439453125,False,789,refine,slo_refresh_aware_admission,"48,49,50,51",46927.49899331992
3,47089.30970973387,108.00671475590207,352.921875,False,790,warmup,slo_refresh_aware_admission,"52,53,54",46981.30299497797
4,47143.11371139192,53.804001658047525,46.439453125,False,791,refine,slo_refresh_aware_admission,"51,52,53,54",47089.30970973387
3,47214.73475413172,71.62104273980154,33.9873046875,False,792,refine,slo_refresh_aware_admission,"52,53,54",47143.11371139192
3,47286.355796871525,71.62104273980154,33.9873046875,False,793,refine,slo_refresh_aware_admission,"52,53,54",47214.73475413172
3,47357.97683961133,71.62104273980154,33.9873046875,False,794,refine,slo_refresh_aware_admission,"52,53,54",47286.355796871525
3,47429.59788235113,71.62104273980154,33.9873046875,False,795,refine,slo_refresh_aware_admission,"52,53,54",47357.97683961133
3,47501.218925090936,71.62104273980154,33.9873046875,False,796,refine,slo_refresh_aware_admission,"52,53,54",47429.59788235113
3,47572.83996783074,71.62104273980154,33.9873046875,False,797,refine,slo_refresh_aware_admission,"52,53,54",47501.218925090936
3,47644.46101057054,71.62104273980154,33.9873046875,False,798,refine,slo_refresh_aware_admission,"52,53,54",47572.83996783074
3,47716.08205331035,71.62104273980154,33.9873046875,False,799,refine,slo_refresh_aware_admission,"52,53,54",47644.46101057054
3,47787.70309605015,71.62104273980154,33.9873046875,False,800,refine,slo_refresh_aware_admission,"52,53,54",47716.08205331035
3,47859.324138789954,71.62104273980154,33.9873046875,False,801,refine,slo_refresh_aware_admission,"52,53,54",47787.70309605015
4,47969.74658054037,110.4224417504156,467.0625,False,802,warmup,slo_refresh_aware_admission,"51,52,53,54",47859.324138789954
4,48023.55058219842,53.804001658047525,46.439453125,False,803,refine,slo_refresh_aware_admission,"51,52,53,54",47969.74658054037
4,48077.35458385647,53.804001658047525,46.439453125,False,804,refine,slo_refresh_aware_admission,"51,52,53,54",48023.55058219842
4,48131.15858551452,53.804001658047525,46.439453125,False,805,refine,slo_refresh_aware_admission,"51,52,53,54",48077.35458385647
4,48184.962587172566,53.804001658047525,46.439453125,False,806,refine,slo_refresh_aware_admission,"51,52,53,54",48131.15858551452
4,48238.766588830615,53.804001658047525,46.439453125,False,807,refine,slo_refresh_aware_admission,"51,52,53,54",48184.962587172566
4,48292.57059048866,53.804001658047525,46.439453125,False,808,refine,slo_refresh_aware_admission,"51,52,53,54",48238.766588830615
4,48346.37459214671,53.804001658047525,46.439453125,False,809,refine,slo_refresh_aware_admission,"51,52,53,54",48292.57059048866
4,48400.17859380476,53.804001658047525,46.439453125,False,810,refine,slo_refresh_aware_admission,"51,52,53,54",48346.37459214671
4,48453.98259546281,53.804001658047525,46.439453125,False,811,refine,slo_refresh_aware_admission,"51,52,53,54",48400.17859380476
4,48507.78659712086,53.804001658047525,46.439453125,False,812,refine,slo_refresh_aware_admission,"51,52,53,54",48453.98259546281
4,48618.209038871275,110.4224417504156,467.0625,False,813,warmup,slo_refresh_aware_admission,"51,52,53,54",48507.78659712086
4,48672.013040529324,53.804001658047525,46.439453125,False,814,refine,slo_refresh_aware_admission,"51,52,53,54",48618.209038871275
4,48725.81704218737,53.804001658047525,46.439453125,False,815,refine,slo_refresh_aware_admission,"51,52,53,54",48672.013040529324
4,48779.62104384542,53.804001658047525,46.439453125,False,816,refine,slo_refresh_aware_admission,"51,52,53,54",48725.81704218737
4,48833.42504550347,53.804001658047525,46.439453125,False,817,refine,slo_refresh_aware_admission,"51,52,53,54",48779.62104384542
4,48887.22904716152,53.804001658047525,46.439453125,False,818,refine,slo_refresh_aware_admission,"51,52,53,54",48833.42504550347
4,48941.03304881957,53.804001658047525,46.439453125,False,819,refine,slo_refresh_aware_admission,"51,52,53,54",48887.22904716152
4,48994.83705047762,53.804001658047525,46.439453125,False,820,refine,slo_refresh_aware_admission,"51,52,53,54",48941.03304881957
4,49048.64105213567,53.804001658047525,46.439453125,False,821,refine,slo_refresh_aware_admission,"51,52,53,54",48994.83705047762
4,49102.445053793715,53.804001658047525,46.439453125,False,822,refine,slo_refresh_aware_admission,"51,52,53,54",49048.64105213567
4,49156.249055451764,53.804001658047525,46.439453125,False,823,refine,slo_refresh_aware_admission,"51,52,53,54",49102.445053793715
4,49266.67149720218,110.4224417504156,467.0625,False,824,warmup,slo_refresh_aware_admission,"51,52,53,54",49156.249055451764
4,49320.47549886023,53.804001658047525,46.439453125,False,825,refine,slo_refresh_aware_admission,"51,52,53,54",49266.67149720218
4,49374.27950051828,53.804001658047525,46.439453125,False,826,refine,slo_refresh_aware_admission,"51,52,53,54",49320.47549886023
4,49428.08350217633,53.804001658047525,46.439453125,False,827,refine,slo_refresh_aware_admission,"51,52,53,54",49374.27950051828
4,49481.887503834376,53.804001658047525,46.439453125,False,828,refine,slo_refresh_aware_admission,"51,52,53,54",49428.08350217633
4,49535.691505492425,53.804001658047525,46.439453125,False,829,refine,slo_refresh_aware_admission,"51,52,53,54",49481.887503834376
4,49589.495507150474,53.804001658047525,46.439453125,False,830,refine,slo_refresh_aware_admission,"51,52,53,54",49535.691505492425
4,49643.29950880852,53.804001658047525,46.439453125,False,831,refine,slo_refresh_aware_admission,"51,52,53,54",49589.495507150474
4,49697.10351046657,53.804001658047525,46.439453125,False,832,refine,slo_refresh_aware_admission,"51,52,53,54",49643.29950880852
4,49750.90751212462,53.804001658047525,46.439453125,False,833,refine,slo_refresh_aware_admission,"51,52,53,54",49697.10351046657
4,49804.71151378267,53.804001658047525,46.439453125,False,834,refine,slo_refresh_aware_admission,"51,52,53,54",49750.90751212462
4,49915.133955533085,110.4224417504156,467.0625,False,835,warmup,slo_refresh_aware_admission,"55,56,57,58",49804.71151378267
4,49968.937957191134,53.804001658047525,46.439453125,False,836,refine,slo_refresh_aware_admission,"55,56,57,58",49915.133955533085
4,50022.74195884918,53.804001658047525,46.439453125,False,837,refine,slo_refresh_aware_admission,"55,56,57,58",49968.937957191134
4,50076.54596050723,53.804001658047525,46.439453125,False,838,refine,slo_refresh_aware_admission,"55,56,57,58",50022.74195884918
4,50130.34996216528,53.804001658047525,46.439453125,False,839,refine,slo_refresh_aware_admission,"55,56,57,58",50076.54596050723
4,50184.15396382333,53.804001658047525,46.439453125,False,840,refine,slo_refresh_aware_admission,"55,56,57,58",50130.34996216528
4,50237.95796548138,53.804001658047525,46.439453125,False,841,refine,slo_refresh_aware_admission,"55,56,57,58",50184.15396382333
4,50291.76196713943,53.804001658047525,46.439453125,False,842,refine,slo_refresh_aware_admission,"55,56,57,58",50237.95796548138
4,50345.56596879748,53.804001658047525,46.439453125,False,843,refine,slo_refresh_aware_admission,"55,56,57,58",50291.76196713943
4,50399.369970455526,53.804001658047525,46.439453125,False,844,refine,slo_refresh_aware_admission,"55,56,57,58",50345.56596879748
4,50453.173972113575,53.804001658047525,46.439453125,False,845,refine,slo_refresh_aware_admission,"55,56,57,58",50399.369970455526
4,50506.97797377162,53.804001658047525,46.439453125,False,846,refine,slo_refresh_aware_admission,"55,56,57,58",50453.173972113575
4,50617.40041552204,110.4224417504156,467.0625,False,847,warmup,slo_refresh_aware_admission,"55,56,57,58",50506.97797377162
4,50671.20441718009,53.804001658047525,46.439453125,False,848,refine,slo_refresh_aware_admission,"55,56,57,58",50617.40041552204
4,50725.00841883814,53.804001658047525,46.439453125,False,849,refine,slo_refresh_aware_admission,"55,56,57,58",50671.20441718009
4,50778.812420496186,53.804001658047525,46.439453125,False,850,refine,slo_refresh_aware_admission,"55,56,57,58",50725.00841883814
4,50832.616422154235,53.804001658047525,46.439453125,False,851,refine,slo_refresh_aware_admission,"55,56,57,58",50778.812420496186
4,50886.420423812284,53.804001658047525,46.439453125,False,852,refine,slo_refresh_aware_admission,"55,56,57,58",50832.616422154235
4,50940.22442547033,53.804001658047525,46.439453125,False,853,refine,slo_refresh_aware_admission,"55,56,57,58",50886.420423812284
4,50994.02842712838,53.804001658047525,46.439453125,False,854,refine,slo_refresh_aware_admission,"55,56,57,58",50940.22442547033
4,51047.83242878643,53.804001658047525,46.439453125,False,855,refine,slo_refresh_aware_admission,"55,56,57,58",50994.02842712838
4,51101.63643044448,53.804001658047525,46.439453125,False,856,refine,slo_refresh_aware_admission,"55,56,57,58",51047.83242878643
4,51155.44043210253,53.804001658047525,46.439453125,False,857,refine,slo_refresh_aware_admission,"55,56,57,58",51101.63643044448
4,51265.862873852944,110.4224417504156,467.0625,False,858,warmup,slo_refresh_aware_admission,"55,56,57,58",51155.44043210253
4,51319.66687551099,53.804001658047525,46.439453125,False,859,refine,slo_refresh_aware_admission,"55,56,57,58",51265.862873852944
4,51373.47087716904,53.804001658047525,46.439453125,False,860,refine,slo_refresh_aware_admission,"55,56,57,58",51319.66687551099
4,51427.27487882709,53.804001658047525,46.439453125,False,861,refine,slo_refresh_aware_admission,"55,56,57,58",51373.47087716904
4,51481.07888048514,53.804001658047525,46.439453125,False,862,refine,slo_refresh_aware_admission,"55,56,57,58",51427.27487882709
4,51534.88288214319,53.804001658047525,46.439453125,False,863,refine,slo_refresh_aware_admission,"55,56,57,58",51481.07888048514
4,51588.68688380124,53.804001658047525,46.439453125,False,864,refine,slo_refresh_aware_admission,"55,56,57,58",51534.88288214319
4,51642.49088545929,53.804001658047525,46.439453125,False,865,refine,slo_refresh_aware_admission,"55,56,57,58",51588.68688380124
4,51696.294887117336,53.804001658047525,46.439453125,False,866,refine,slo_refresh_aware_admission,"55,56,57,58",51642.49088545929
4,51750.098888775385,53.804001658047525,46.439453125,False,867,refine,slo_refresh_aware_admission,"55,56,57,58",51696.294887117336
4,51803.902890433434,53.804001658047525,46.439453125,False,868,refine,slo_refresh_aware_admission,"55,56,57,58",51750.098888775385
4,51914.32533218385,110.4224417504156,467.0625,False,869,warmup,slo_refresh_aware_admission,"55,56,57,58",51803.902890433434
4,51968.1293338419,53.804001658047525,46.439453125,False,870,refine,slo_refresh_aware_admission,"55,56,57,58",51914.32533218385
4,52021.93333549995,53.804001658047525,46.439453125,False,871,refine,slo_refresh_aware_admission,"55,56,57,58",51968.1293338419
4,52075.737337157996,53.804001658047525,46.439453125,False,872,refine,slo_refresh_aware_admission,"55,56,57,58",52021.93333549995
4,52129.541338816045,53.804001658047525,46.439453125,False,873,refine,slo_refresh_aware_admission,"55,56,57,58",52075.737337157996
4,52183.345340474094,53.804001658047525,46.439453125,False,874,refine,slo_refresh_aware_admission,"55,56,57,58",52129.541338816045
4,52237.14934213214,53.804001658047525,46.439453125,False,875,refine,slo_refresh_aware_admission,"55,56,57,58",52183.345340474094
4,52290.95334379019,53.804001658047525,46.439453125,False,876,refine,slo_refresh_aware_admission,"55,56,57,58",52237.14934213214
4,52344.75734544824,53.804001658047525,46.439453125,False,877,refine,slo_refresh_aware_admission,"55,56,57,58",52290.95334379019
4,52398.56134710629,53.804001658047525,46.439453125,False,878,refine,slo_refresh_aware_admission,"55,56,57,58",52344.75734544824
4,52452.36534876434,53.804001658047525,46.439453125,False,879,refine,slo_refresh_aware_admission,"55,56,57,58",52398.56134710629
2,52524.36982526827,72.00447650393471,235.28125,False,880,warmup,slo_refresh_aware_admission,"59,60",52452.36534876434
2,52572.11718709481,47.74736182653436,22.658203125,False,881,refine,slo_refresh_aware_admission,"59,60",52524.36982526827
2,52619.864548921345,47.74736182653436,22.658203125,False,882,refine,slo_refresh_aware_admission,"59,60",52572.11718709481
2,52667.61191074788,47.74736182653436,22.658203125,False,883,refine,slo_refresh_aware_admission,"59,60",52619.864548921345
2,52715.35927257442,47.74736182653436,22.658203125,False,884,refine,slo_refresh_aware_admission,"59,60",52667.61191074788
2,52763.10663440095,47.74736182653436,22.658203125,False,885,refine,slo_refresh_aware_admission,"59,60",52715.35927257442
2,52810.85399622749,47.74736182653436,22.658203125,False,886,refine,slo_refresh_aware_admission,"59,60",52763.10663440095
2,52858.601358054024,47.74736182653436,22.658203125,False,887,refine,slo_refresh_aware_admission,"59,60",52810.85399622749
2,52906.34871988056,47.74736182653436,22.658203125,False,888,refine,slo_refresh_aware_admission,"59,60",52858.601358054024
2,52954.096081707095,47.74736182653436,22.658203125,False,889,refine,slo_refresh_aware_admission,"59,60",52906.34871988056
2,53001.84344353363,47.74736182653436,22.658203125,False,890,refine,slo_refresh_aware_admission,"59,60",52954.096081707095
2,53049.59080536017,47.74736182653436,22.658203125,False,891,refine,slo_refresh_aware_admission,"59,60",53001.84344353363
2,53121.5952818641,72.00447650393471,235.28125,False,892,warmup,slo_refresh_aware_admission,"59,60",53049.59080536017
2,53169.34264369064,47.74736182653436,22.658203125,False,893,refine,slo_refresh_aware_admission,"59,60",53121.5952818641
2,53217.09000551717,47.74736182653436,22.658203125,False,894,refine,slo_refresh_aware_admission,"59,60",53169.34264369064
2,53264.83736734371,47.74736182653436,22.658203125,False,895,refine,slo_refresh_aware_admission,"59,60",53217.09000551717
2,53312.584729170245,47.74736182653436,22.658203125,False,896,refine,slo_refresh_aware_admission,"59,60",53264.83736734371
2,53360.33209099678,47.74736182653436,22.658203125,False,897,refine,slo_refresh_aware_admission,"59,60",53312.584729170245
2,53408.07945282332,47.74736182653436,22.658203125,False,898,refine,slo_refresh_aware_admission,"59,60",53360.33209099678
2,53455.82681464985,47.74736182653436,22.658203125,False,899,refine,slo_refresh_aware_admission,"59,60",53408.07945282332
2,53503.57417647639,47.74736182653436,22.658203125,False,900,refine,slo_refresh_aware_admission,"59,60",53455.82681464985
2,53551.321538302924,47.74736182653436,22.658203125,False,901,refine,slo_refresh_aware_admission,"59,60",53503.57417647639
2,53599.06890012946,47.74736182653436,22.658203125,False,902,refine,slo_refresh_aware_admission,"59,60",53551.321538302924
3,53707.07561488536,108.00671475590207,352.921875,False,903,warmup,slo_refresh_aware_admission,"59,60,61",53599.06890012946
3,53778.696657625165,71.62104273980154,33.9873046875,False,904,refine,slo_refresh_aware_admission,"59,60,61",53707.07561488536
3,53850.31770036497,71.62104273980154,33.9873046875,False,905,refine,slo_refresh_aware_admission,"59,60,61",53778.696657625165
3,53921.93874310477,71.62104273980154,33.9873046875,False,906,refine,slo_refresh_aware_admission,"59,60,61",53850.31770036497
3,53993.559785844576,71.62104273980154,33.9873046875,False,907,refine,slo_refresh_aware_admission,"59,60,61",53921.93874310477
3,54065.18082858438,71.62104273980154,33.9873046875,False,908,refine,slo_refresh_aware_admission,"59,60,61",53993.559785844576
3,54136.80187132418,71.62104273980154,33.9873046875,False,909,refine,slo_refresh_aware_admission,"59,60,61",54065.18082858438
3,54208.42291406399,71.62104273980154,33.9873046875,False,910,refine,slo_refresh_aware_admission,"59,60,61",54136.80187132418
3,54280.04395680379,71.62104273980154,33.9873046875,False,911,refine,slo_refresh_aware_admission,"59,60,61",54208.42291406399
3,54351.664999543595,71.62104273980154,33.9873046875,False,912,refine,slo_refresh_aware_admission,"59,60,61",54280.04395680379
3,54423.2860422834,71.62104273980154,33.9873046875,False,913,refine,slo_refresh_aware_admission,"59,60,61",54351.664999543595
2,54495.29051878733,72.00447650393471,235.28125,False,914,warmup,slo_refresh_aware_admission,"59,60",54423.2860422834
3,54566.91156152714,71.62104273980154,33.9873046875,False,915,refine,slo_refresh_aware_admission,"61,59,60",54495.29051878733
2,54614.65892335367,47.74736182653436,22.658203125,False,916,refine,slo_refresh_aware_admission,"59,60",54566.91156152714
2,54662.40628518021,47.74736182653436,22.658203125,False,917,refine,slo_refresh_aware_admission,"59,60",54614.65892335367
2,54710.153647006744,47.74736182653436,22.658203125,False,918,refine,slo_refresh_aware_admission,"59,60",54662.40628518021
2,54757.90100883328,47.74736182653436,22.658203125,False,919,refine,slo_refresh_aware_admission,"59,60",54710.153647006744
2,54805.648370659816,47.74736182653436,22.658203125,False,920,refine,slo_refresh_aware_admission,"59,60",54757.90100883328
2,54853.39573248635,47.74736182653436,22.658203125,False,921,refine,slo_refresh_aware_admission,"59,60",54805.648370659816
2,54901.14309431289,47.74736182653436,22.658203125,False,922,refine,slo_refresh_aware_admission,"59,60",54853.39573248635
2,54948.89045613942,47.74736182653436,22.658203125,False,923,refine,slo_refresh_aware_admission,"59,60",54901.14309431289
2,54996.63781796596,47.74736182653436,22.658203125,False,924,refine,slo_refresh_aware_admission,"59,60",54948.89045613942
2,55068.64229446989,72.00447650393471,235.28125,False,925,warmup,slo_refresh_aware_admission,"61,62",54996.63781796596
2,55116.38965629643,47.74736182653436,22.658203125,False,926,refine,slo_refresh_aware_admission,"61,62",55068.64229446989
2,55164.137018122965,47.74736182653436,22.658203125,False,927,refine,slo_refresh_aware_admission,"61,62",55116.38965629643
2,55211.8843799495,47.74736182653436,22.658203125,False,928,refine,slo_refresh_aware_admission,"61,62",55164.137018122965
2,55259.63174177604,47.74736182653436,22.658203125,False,929,refine,slo_refresh_aware_admission,"61,62",55211.8843799495
2,55307.37910360257,47.74736182653436,22.658203125,False,930,refine,slo_refresh_aware_admission,"61,62",55259.63174177604
2,55355.12646542911,47.74736182653436,22.658203125,False,931,refine,slo_refresh_aware_admission,"61,62",55307.37910360257
2,55402.873827255644,47.74736182653436,22.658203125,False,932,refine,slo_refresh_aware_admission,"61,62",55355.12646542911
2,55450.62118908218,47.74736182653436,22.658203125,False,933,refine,slo_refresh_aware_admission,"61,62",55402.873827255644
2,55498.368550908715,47.74736182653436,22.658203125,False,934,refine,slo_refresh_aware_admission,"61,62",55450.62118908218
2,55546.11591273525,47.74736182653436,22.658203125,False,935,refine,slo_refresh_aware_admission,"61,62",55498.368550908715
2,55618.120389239186,72.00447650393471,235.28125,False,936,warmup,slo_refresh_aware_admission,"63,61",55546.11591273525
3,55689.74143197899,71.62104273980154,33.9873046875,False,937,refine,slo_refresh_aware_admission,"62,61,63",55618.120389239186
2,55737.488793805525,47.74736182653436,22.658203125,False,938,refine,slo_refresh_aware_admission,"61,63",55689.74143197899
2,55785.23615563206,47.74736182653436,22.658203125,False,939,refine,slo_refresh_aware_admission,"61,63",55737.488793805525
2,55832.9835174586,47.74736182653436,22.658203125,False,940,refine,slo_refresh_aware_admission,"61,63",55785.23615563206
2,55880.73087928513,47.74736182653436,22.658203125,False,941,refine,slo_refresh_aware_admission,"61,63",55832.9835174586
2,55928.47824111167,47.74736182653436,22.658203125,False,942,refine,slo_refresh_aware_admission,"61,63",55880.73087928513
2,55976.225602938204,47.74736182653436,22.658203125,False,943,refine,slo_refresh_aware_admission,"61,63",55928.47824111167
2,56023.97296476474,47.74736182653436,22.658203125,False,944,refine,slo_refresh_aware_admission,"61,63",55976.225602938204
2,56071.720326591276,47.74736182653436,22.658203125,False,945,refine,slo_refresh_aware_admission,"61,63",56023.97296476474
2,56119.46768841781,47.74736182653436,22.658203125,False,946,refine,slo_refresh_aware_admission,"61,63",56071.720326591276
2,56191.472164921746,72.00447650393471,235.28125,False,947,warmup,slo_refresh_aware_admission,"62,61",56119.46768841781
3,56263.09320766155,71.62104273980154,33.9873046875,False,948,refine,slo_refresh_aware_admission,"63,61,62",56191.472164921746
2,56310.840569488086,47.74736182653436,22.658203125,False,949,refine,slo_refresh_aware_admission,"61,62",56263.09320766155
2,56358.58793131462,47.74736182653436,22.658203125,False,950,refine,slo_refresh_aware_admission,"61,62",56310.840569488086
2,56406.33529314116,47.74736182653436,22.658203125,False,951,refine,slo_refresh_aware_admission,"61,62",56358.58793131462
2,56454.08265496769,47.74736182653436,22.658203125,False,952,refine,slo_refresh_aware_admission,"61,62",56406.33529314116
2,56501.83001679423,47.74736182653436,22.658203125,False,953,refine,slo_refresh_aware_admission,"61,62",56454.08265496769
2,56549.577378620765,47.74736182653436,22.658203125,False,954,refine,slo_refresh_aware_admission,"61,62",56501.83001679423
2,56597.3247404473,47.74736182653436,22.658203125,False,955,refine,slo_refresh_aware_admission,"61,62",56549.577378620765
2,56645.072102273836,47.74736182653436,22.658203125,False,956,refine,slo_refresh_aware_admission,"61,62",56597.3247404473
2,56692.81946410037,47.74736182653436,22.658203125,False,957,refine,slo_refresh_aware_admission,"61,62",56645.072102273836
2,56764.82394060431,72.00447650393471,235.28125,False,958,warmup,slo_refresh_aware_admission,"63,62",56692.81946410037
2,56812.57130243084,47.74736182653436,22.658203125,False,959,refine,slo_refresh_aware_admission,"62,63",56764.82394060431
2,56860.31866425738,47.74736182653436,22.658203125,False,960,refine,slo_refresh_aware_admission,"62,63",56812.57130243084
2,56908.066026083914,47.74736182653436,22.658203125,False,961,refine,slo_refresh_aware_admission,"62,63",56860.31866425738
2,56955.81338791045,47.74736182653436,22.658203125,False,962,refine,slo_refresh_aware_admission,"62,63",56908.066026083914
2,57003.560749736986,47.74736182653436,22.658203125,False,963,refine,slo_refresh_aware_admission,"62,63",56955.81338791045
2,57051.30811156352,47.74736182653436,22.658203125,False,964,refine,slo_refresh_aware_admission,"62,63",57003.560749736986
2,57099.05547339006,47.74736182653436,22.658203125,False,965,refine,slo_refresh_aware_admission,"62,63",57051.30811156352
2,57146.80283521659,47.74736182653436,22.658203125,False,966,refine,slo_refresh_aware_admission,"62,63",57099.05547339006
2,57194.55019704313,47.74736182653436,22.658203125,False,967,refine,slo_refresh_aware_admission,"62,63",57146.80283521659
2,57242.297558869664,47.74736182653436,22.658203125,False,968,refine,slo_refresh_aware_admission,"62,63",57194.55019704313
2,57314.3020353736,72.00447650393471,235.28125,False,969,warmup,slo_refresh_aware_admission,"62,63",57242.297558869664
2,57362.049397200135,47.74736182653436,22.658203125,False,970,refine,slo_refresh_aware_admission,"62,63",57314.3020353736
2,57409.79675902667,47.74736182653436,22.658203125,False,971,refine,slo_refresh_aware_admission,"62,63",57362.049397200135
2,57457.54412085321,47.74736182653436,22.658203125,False,972,refine,slo_refresh_aware_admission,"62,63",57409.79675902667
2,57505.29148267974,47.74736182653436,22.658203125,False,973,refine,slo_refresh_aware_admission,"62,63",57457.54412085321
2,57553.03884450628,47.74736182653436,22.658203125,False,974,refine,slo_refresh_aware_admission,"62,63",57505.29148267974
2,57600.786206332814,47.74736182653436,22.658203125,False,975,refine,slo_refresh_aware_admission,"62,63",57553.03884450628
2,57648.53356815935,47.74736182653436,22.658203125,False,976,refine,slo_refresh_aware_admission,"62,63",57600.786206332814
2,57696.280929985885,47.74736182653436,22.658203125,False,977,refine,slo_refresh_aware_admission,"62,63",57648.53356815935
2,57744.02829181242,47.74736182653436,22.658203125,False,978,refine,slo_refresh_aware_admission,"62,63",57696.280929985885
2,57791.77565363896,47.74736182653436,22.658203125,False,979,refine,slo_refresh_aware_admission,"62,63",57744.02829181242
1,57830.474434382246,38.69878074328881,117.5458984375,False,980,warmup,slo_refresh_aware_admission,63,57791.77565363896
1,57875.03343452952,44.559000147273764,12.220703125,False,981,refine,slo_refresh_aware_admission,63,57830.474434382246
1,57919.59243467679,44.559000147273764,12.220703125,False,982,refine,slo_refresh_aware_admission,63,57875.03343452952
1,57964.15143482407,44.559000147273764,12.220703125,False,983,refine,slo_refresh_aware_admission,63,57919.59243467679
1,58008.71043497134,44.559000147273764,12.220703125,False,984,refine,slo_refresh_aware_admission,63,57964.15143482407
1,58053.269435118615,44.559000147273764,12.220703125,False,985,refine,slo_refresh_aware_admission,63,58008.71043497134
1,58097.82843526589,44.559000147273764,12.220703125,False,986,refine,slo_refresh_aware_admission,63,58053.269435118615
1,58142.38743541316,44.559000147273764,12.220703125,False,987,refine,slo_refresh_aware_admission,63,58097.82843526589
1,58186.946435560436,44.559000147273764,12.220703125,False,988,refine,slo_refresh_aware_admission,63,58142.38743541316
1,58231.50543570771,44.559000147273764,12.220703125,False,989,refine,slo_refresh_aware_admission,63,58186.946435560436
1,58276.06443585498,44.559000147273764,12.220703125,False,990,refine,slo_refresh_aware_admission,63,58231.50543570771
