batch_size,end_ms,latency_ms,memory_mb,oom,operation_index,phase,policy,request_ids,start_ms
8,204.647336009657,204.647336009657,930.625,True,0,warmup,synchronized,"0,1,2,3,4,5,6,7",0.0
8,409.294672019314,204.647336009657,930.625,True,1,warmup,synchronized,"8,9,10,11,12,13,14,15",204.647336009657
8,613.942008028971,204.647336009657,930.625,True,2,warmup,synchronized,"16,17,18,19,20,21,22,23",409.294672019314
8,818.589344038628,204.647336009657,930.625,True,3,warmup,synchronized,"24,25,26,27,28,29,30,31",613.942008028971
8,1023.236680048285,204.647336009657,930.625,True,4,warmup,synchronized,"32,33,34,35,36,37,38,39",818.589344038628
8,1227.884016057942,204.647336009657,930.625,True,5,warmup,synchronized,"40,41,42,43,44,45,46,47",1023.236680048285
8,1432.531352067599,204.647336009657,930.625,True,6,warmup,synchronized,"48,49,50,51,52,53,54,55",1227.884016057942
8,1637.178688077256,204.647336009657,930.625,True,7,warmup,synchronized,"56,57,58,59,60,61,62,63",1432.531352067599
8,1729.159104343214,91.98041626595801,95.673828125,False,8,refine,synchronized,"0,1,2,3,4,5,6,7",1637.178688077256
8,1821.139520609172,91.98041626595801,95.673828125,False,9,refine,synchronized,"8,9,10,11,12,13,14,15",1729.159104343214
8,1913.11993687513,91.98041626595801,95.673828125,False,10,refine,synchronized,"16,17,18,19,20,21,22,23",1821.139520609172
8,2005.100353141088,91.98041626595801,95.673828125,False,11,refine,synchronized,"24,25,26,27,28,29,30,31",1913.11993687513
8,2097.080769407046,91.98041626595801,95.673828125,False,12,refine,synchronized,"32,33,34,35,36,37,38,39",2005.100353141088
8,2189.061185673004,91.98041626595801,95.673828125,False,13,refine,synchronized,"40,41,42,43,44,45,46,47",2097.080769407046
8,2281.041601938962,91.98041626595801,95.673828125,False,14,refine,synchronized,"48,49,50,51,52,53,54,55",2189.061185673004
8,2373.0220182049197,91.98041626595801,95.673828125,False,15,refine,synchronized,"56,57,58,59,60,61,62,63",2281.041601938962
8,2465.0024344708777,91.98041626595801,95.673828125,False,16,refine,synchronized,"0,1,2,3,4,5,6,7",2373.0220182049197
8,2556.9828507368356,91.98041626595801,95.673828125,False,17,refine,synchronized,"8,9,10,11,12,13,14,15",2465.0024344708777
8,2648.9632670027936,91.98041626595801,95.673828125,False,18,refine,synchronized,"16,17,18,19,20,21,22,23",2556.9828507368356
8,2740.9436832687516,91.98041626595801,95.673828125,False,19,refine,synchronized,"24,25,26,27,28,29,30,31",2648.9632670027936
8,2832.9240995347095,91.98041626595801,95.673828125,False,20,refine,synchronized,"32,33,34,35,36,37,38,39",2740.9436832687516
8,2924.9045158006675,91.98041626595801,95.673828125,False,21,refine,synchronized,"40,41,42,43,44,45,46,47",2832.9240995347095
8,3016.8849320666254,91.98041626595801,95.673828125,False,22,refine,synchronized,"48,49,50,51,52,53,54,55",2924.9045158006675
8,3108.8653483325834,91.98041626595801,95.673828125,False,23,refine,synchronized,"56,57,58,59,60,61,62,63",3016.8849320666254
8,3200.8457645985413,91.98041626595801,95.673828125,False,24,refine,synchronized,"0,1,2,3,4,5,6,7",3108.8653483325834
8,3292.8261808644993,91.98041626595801,95.673828125,False,25,refine,synchronized,"8,9,10,11,12,13,14,15",3200.8457645985413
8,3384.8065971304572,91.98041626595801,95.673828125,False,26,refine,synchronized,"16,17,18,19,20,21,22,23",3292.8261808644993
8,3476.787013396415,91.98041626595801,95.673828125,False,27,refine,synchronized,"24,25,26,27,28,29,30,31",3384.8065971304572
8,3568.767429662373,91.98041626595801,95.673828125,False,28,refine,synchronized,"32,33,34,35,36,37,38,39",3476.787013396415
8,3660.747845928331,91.98041626595801,95.673828125,False,29,refine,synchronized,"40,41,42,43,44,45,46,47",3568.767429662373
8,3752.728262194289,91.98041626595801,95.673828125,False,30,refine,synchronized,"48,49,50,51,52,53,54,55",3660.747845928331
8,3844.708678460247,91.98041626595801,95.673828125,False,31,refine,synchronized,"56,57,58,59,60,61,62,63",3752.728262194289
8,3936.689094726205,91.98041626595801,95.673828125,False,32,refine,synchronized,"0,1,2,3,4,5,6,7",3844.708678460247
8,4028.669510992163,91.98041626595801,95.673828125,False,33,refine,synchronized,"8,9,10,11,12,13,14,15",3936.689094726205
8,4120.649927258121,91.98041626595801,95.673828125,False,34,refine,synchronized,"16,17,18,19,20,21,22,23",4028.669510992163
8,4212.63034352408,91.98041626595801,95.673828125,False,35,refine,synchronized,"24,25,26,27,28,29,30,31",4120.649927258121
8,4304.610759790038,91.98041626595801,95.673828125,False,36,refine,synchronized,"32,33,34,35,36,37,38,39",4212.63034352408
8,4396.591176055997,91.98041626595801,95.673828125,False,37,refine,synchronized,"40,41,42,43,44,45,46,47",4304.610759790038
8,4488.571592321955,91.98041626595801,95.673828125,False,38,refine,synchronized,"48,49,50,51,52,53,54,55",4396.591176055997
8,4580.552008587913,91.98041626595801,95.673828125,False,39,refine,synchronized,"56,57,58,59,60,61,62,63",4488.571592321955
8,4672.532424853872,91.98041626595801,95.673828125,False,40,refine,synchronized,"0,1,2,3,4,5,6,7",4580.552008587913
8,4764.51284111983,91.98041626595801,95.673828125,False,41,refine,synchronized,"8,9,10,11,12,13,14,15",4672.532424853872
8,4856.493257385789,91.98041626595801,95.673828125,False,42,refine,synchronized,"16,17,18,19,20,21,22,23",4764.51284111983
8,4948.473673651747,91.98041626595801,95.673828125,False,43,refine,synchronized,"24,25,26,27,28,29,30,31",4856.493257385789
8,5040.4540899177055,91.98041626595801,95.673828125,False,44,refine,synchronized,"32,33,34,35,36,37,38,39",4948.473673651747
8,5132.434506183664,91.98041626595801,95.673828125,False,45,refine,synchronized,"40,41,42,43,44,45,46,47",5040.4540899177055
8,5224.414922449622,91.98041626595801,95.673828125,False,46,refine,synchronized,"48,49,50,51,52,53,54,55",5132.434506183664
8,5316.395338715581,91.98041626595801,95.673828125,False,47,refine,synchronized,"56,57,58,59,60,61,62,63",5224.414922449622
8,5408.375754981539,91.98041626595801,95.673828125,False,48,refine,synchronized,"0,1,2,3,4,5,6,7",5316.395338715581
8,5500.3561712474975,91.98041626595801,95.673828125,False,49,refine,synchronized,"8,9,10,11,12,13,14,15",5408.375754981539
8,5592.336587513456,91.98041626595801,95.673828125,False,50,refine,synchronized,"16,17,18,19,20,21,22,23",5500.3561712474975
8,5684.317003779414,91.98041626595801,95.673828125,False,51,refine,synchronized,"24,25,26,27,28,29,30,31",5592.336587513456
8,5776.297420045373,91.98041626595801,95.673828125,False,52,refine,synchronized,"32,33,34,35,36,37,38,39",5684.317003779414
8,5868.277836311331,91.98041626595801,95.673828125,False,53,refine,synchronized,"40,41,42,43,44,45,46,47",5776.297420045373
8,5960.25825257729,91.98041626595801,95.673828125,False,54,refine,synchronized,"48,49,50,51,52,53,54,55",5868.277836311331
8,6052.238668843248,91.98041626595801,95.673828125,False,55,refine,synchronized,"56,57,58,59,60,61,62,63",5960.25825257729
8,6144.219085109206,91.98041626595801,95.673828125,False,56,refine,synchronized,"0,1,2,3,4,5,6,7",6052.238668843248
8,6236.199501375165,91.98041626595801,95.673828125,False,57,refine,synchronized,"8,9,10,11,12,13,14,15",6144.219085109206
8,6328.179917641123,91.98041626595801,95.673828125,False,58,refine,synchronized,"16,17,18,19,20,21,22,23",6236.199501375165
8,6420.160333907082,91.98041626595801,95.673828125,False,59,refine,synchronized,"24,25,26,27,28,29,30,31",6328.179917641123
8,6512.14075017304,91.98041626595801,95.673828125,False,60,refine,synchronized,"32,33,34,35,36,37,38,39",6420.160333907082
8,6604.121166438998,91.98041626595801,95.673828125,False,61,refine,synchronized,"40,41,42,43,44,45,46,47",6512.14075017304
8,6696.101582704957,91.98041626595801,95.673828125,False,62,refine,synchronized,"48,49,50,51,52,53,54,55",6604.121166438998
8,6788.081998970915,91.98041626595801,95.673828125,False,63,refine,synchronized,"56,57,58,59,60,61,62,63",6696.101582704957
8,6880.062415236874,91.98041626595801,95.673828125,False,64,refine,synchronized,"0,1,2,3,4,5,6,7",6788.081998970915
8,6972.042831502832,91.98041626595801,95.673828125,False,65,refine,synchronized,"8,9,10,11,12,13,14,15",6880.062415236874
8,7064.0232477687905,91.98041626595801,95.673828125,False,66,refine,synchronized,"16,17,18,19,20,21,22,23",6972.042831502832
8,7156.003664034749,91.98041626595801,95.673828125,False,67,refine,synchronized,"24,25,26,27,28,29,30,31",7064.0232477687905
8,7247.984080300707,91.98041626595801,95.673828125,False,68,refine,synchronized,"32,33,34,35,36,37,38,39",7156.003664034749
8,7339.964496566666,91.98041626595801,95.673828125,False,69,refine,synchronized,"40,41,42,43,44,45,46,47",7247.984080300707
8,7431.944912832624,91.98041626595801,95.673828125,False,70,refine,synchronized,"48,49,50,51,52,53,54,55",7339.964496566666
8,7523.925329098583,91.98041626595801,95.673828125,False,71,refine,synchronized,"56,57,58,59,60,61,62,63",7431.944912832624
8,7615.905745364541,91.98041626595801,95.673828125,False,72,refine,synchronized,"0,1,2,3,4,5,6,7",7523.925329098583
8,7707.886161630499,91.98041626595801,95.673828125,False,73,refine,synchronized,"8,9,10,11,12,13,14,15",7615.905745364541
8,7799.866577896458,91.98041626595801,95.673828125,False,74,refine,synchronized,"16,17,18,19,20,21,22,23",7707.886161630499
8,7891.846994162416,91.98041626595801,95.673828125,False,75,refine,synchronized,"24,25,26,27,28,29,30,31",7799.866577896458
8,7983.827410428375,91.98041626595801,95.673828125,False,76,refine,synchronized,"32,33,34,35,36,37,38,39",7891.846994162416
8,8075.807826694333,91.98041626595801,95.673828125,False,77,refine,synchronized,"40,41,42,43,44,45,46,47",7983.827410428375
8,8167.788242960291,91.98041626595801,95.673828125,False,78,refine,synchronized,"48,49,50,51,52,53,54,55",8075.807826694333
8,8259.768659226249,91.98041626595801,95.673828125,False,79,refine,synchronized,"56,57,58,59,60,61,62,63",8167.788242960291
8,8351.749075492207,91.98041626595801,95.673828125,False,80,refine,synchronized,"0,1,2,3,4,5,6,7",8259.768659226249
8,8443.729491758166,91.98041626595801,95.673828125,False,81,refine,synchronized,"8,9,10,11,12,13,14,15",8351.749075492207
8,8535.709908024124,91.98041626595801,95.673828125,False,82,refine,synchronized,"16,17,18,19,20,21,22,23",8443.729491758166
8,8627.690324290083,91.98041626595801,95.673828125,False,83,refine,synchronized,"24,25,26,27,28,29,30,31",8535.709908024124
8,8719.670740556041,91.98041626595801,95.673828125,False,84,refine,synchronized,"32,33,34,35,36,37,38,39",8627.690324290083
8,8811.651156822,91.98041626595801,95.673828125,False,85,refine,synchronized,"40,41,42,43,44,45,46,47",8719.670740556041
8,8903.631573087958,91.98041626595801,95.673828125,False,86,refine,synchronized,"48,49,50,51,52,53,54,55",8811.651156822
8,8995.611989353916,91.98041626595801,95.673828125,False,87,refine,synchronized,"56,57,58,59,60,61,62,63",8903.631573087958
8,9087.592405619875,91.98041626595801,95.673828125,False,88,refine,synchronized,"0,1,2,3,4,5,6,7",8995.611989353916
8,9179.572821885833,91.98041626595801,95.673828125,False,89,refine,synchronized,"8,9,10,11,12,13,14,15",9087.592405619875
8,9271.553238151791,91.98041626595801,95.673828125,False,90,refine,synchronized,"16,17,18,19,20,21,22,23",9179.572821885833
8,9363.53365441775,91.98041626595801,95.673828125,False,91,refine,synchronized,"24,25,26,27,28,29,30,31",9271.553238151791
8,9455.514070683708,91.98041626595801,95.673828125,False,92,refine,synchronized,"32,33,34,35,36,37,38,39",9363.53365441775
8,9547.494486949667,91.98041626595801,95.673828125,False,93,refine,synchronized,"40,41,42,43,44,45,46,47",9455.514070683708
8,9639.474903215625,91.98041626595801,95.673828125,False,94,refine,synchronized,"48,49,50,51,52,53,54,55",9547.494486949667
8,9731.455319481584,91.98041626595801,95.673828125,False,95,refine,synchronized,"56,57,58,59,60,61,62,63",9639.474903215625
8,9936.10265549124,204.647336009657,930.625,True,96,warmup,synchronized,"0,1,2,3,4,5,6,7",9731.455319481584
8,10140.749991500898,204.647336009657,930.625,True,97,warmup,synchronized,"8,9,10,11,12,13,14,15",9936.10265549124
8,10345.397327510555,204.647336009657,930.625,True,98,warmup,synchronized,"16,17,18,19,20,21,22,23",10140.749991500898
8,10550.044663520212,204.647336009657,930.625,True,99,warmup,synchronized,"24,25,26,27,28,29,30,31",10345.397327510555
8,10754.691999529869,204.647336009657,930.625,True,100,warmup,synchronized,"32,33,34,35,36,37,38,39",10550.044663520212
8,10959.339335539526,204.647336009657,930.625,True,101,warmup,synchronized,"40,41,42,43,44,45,46,47",10754.691999529869
8,11163.986671549183,204.647336009657,930.625,True,102,warmup,synchronized,"48,49,50,51,52,53,54,55",10959.339335539526
8,11368.63400755884,204.647336009657,930.625,True,103,warmup,synchronized,"56,57,58,59,60,61,62,63",11163.986671549183
8,11460.614423824798,91.98041626595801,95.673828125,False,104,refine,synchronized,"0,1,2,3,4,5,6,7",11368.63400755884
8,11552.594840090756,91.98041626595801,95.673828125,False,105,refine,synchronized,"8,9,10,11,12,13,14,15",11460.614423824798
8,11644.575256356715,91.98041626595801,95.673828125,False,106,refine,synchronized,"16,17,18,19,20,21,22,23",11552.594840090756
8,11736.555672622673,91.98041626595801,95.673828125,False,107,refine,synchronized,"24,25,26,27,28,29,30,31",11644.575256356715
8,11828.536088888632,91.98041626595801,95.673828125,False,108,refine,synchronized,"32,33,34,35,36,37,38,39",11736.555672622673
8,11920.51650515459,91.98041626595801,95.673828125,False,109,refine,synchronized,"40,41,42,43,44,45,46,47",11828.536088888632
8,12012.496921420548,91.98041626595801,95.673828125,False,110,refine,synchronized,"48,49,50,51,52,53,54,55",11920.51650515459
8,12104.477337686507,91.98041626595801,95.673828125,False,111,refine,synchronized,"56,57,58,59,60,61,62,63",12012.496921420548
8,12196.457753952465,91.98041626595801,95.673828125,False,112,refine,synchronized,"0,1,2,3,4,5,6,7",12104.477337686507
8,12288.438170218424,91.98041626595801,95.673828125,False,113,refine,synchronized,"8,9,10,11,12,13,14,15",12196.457753952465
8,12380.418586484382,91.98041626595801,95.673828125,False,114,refine,synchronized,"16,17,18,19,20,21,22,23",12288.438170218424
8,12472.39900275034,91.98041626595801,95.673828125,False,115,refine,synchronized,"24,25,26,27,28,29,30,31",12380.418586484382
8,12564.379419016299,91.98041626595801,95.673828125,False,116,refine,synchronized,"32,33,34,35,36,37,38,39",12472.39900275034
8,12656.359835282257,91.98041626595801,95.673828125,False,117,refine,synchronized,"40,41,42,43,44,45,46,47",12564.379419016299
8,12748.340251548216,91.98041626595801,95.673828125,False,118,refine,synchronized,"48,49,50,51,52,53,54,55",12656.359835282257
8,12840.320667814174,91.98041626595801,95.673828125,False,119,refine,synchronized,"56,57,58,59,60,61,62,63",12748.340251548216
8,12932.301084080133,91.98041626595801,95.673828125,False,120,refine,synchronized,"0,1,2,3,4,5,6,7",12840.320667814174
8,13024.281500346091,91.98041626595801,95.673828125,False,121,refine,synchronized,"8,9,10,11,12,13,14,15",12932.301084080133
8,13116.26191661205,91.98041626595801,95.673828125,False,122,refine,synchronized,"16,17,18,19,20,21,22,23",13024.281500346091
8,13208.242332878008,91.98041626595801,95.673828125,False,123,refine,synchronized,"24,25,26,27,28,29,30,31",13116.26191661205
8,13300.222749143966,91.98041626595801,95.673828125,False,124,refine,synchronized,"32,33,34,35,36,37,38,39",13208.242332878008
8,13392.203165409925,91.98041626595801,95.673828125,False,125,refine,synchronized,"40,41,42,43,44,45,46,47",13300.222749143966
8,13484.183581675883,91.98041626595801,95.673828125,False,126,refine,synchronized,"48,49,50,51,52,53,54,55",13392.203165409925
8,13576.163997941841,91.98041626595801,95.673828125,False,127,refine,synchronized,"56,57,58,59,60,61,62,63",13484.183581675883
8,13668.1444142078,91.98041626595801,95.673828125,False,128,refine,synchronized,"0,1,2,3,4,5,6,7",13576.163997941841
8,13760.124830473758,91.98041626595801,95.673828125,False,129,refine,synchronized,"8,9,10,11,12,13,14,15",13668.1444142078
8,13852.105246739717,91.98041626595801,95.673828125,False,130,refine,synchronized,"16,17,18,19,20,21,22,23",13760.124830473758
8,13944.085663005675,91.98041626595801,95.673828125,False,131,refine,synchronized,"24,25,26,27,28,29,30,31",13852.105246739717
8,14036.066079271633,91.98041626595801,95.673828125,False,132,refine,synchronized,"32,33,34,35,36,37,38,39",13944.085663005675
8,14128.046495537592,91.98041626595801,95.673828125,False,133,refine,synchronized,"40,41,42,43,44,45,46,47",14036.066079271633
8,14220.02691180355,91.98041626595801,95.673828125,False,134,refine,synchronized,"48,49,50,51,52,53,54,55",14128.046495537592
8,14312.007328069509,91.98041626595801,95.673828125,False,135,refine,synchronized,"56,57,58,59,60,61,62,63",14220.02691180355
8,14403.987744335467,91.98041626595801,95.673828125,False,136,refine,synchronized,"0,1,2,3,4,5,6,7",14312.007328069509
8,14495.968160601426,91.98041626595801,95.673828125,False,137,refine,synchronized,"8,9,10,11,12,13,14,15",14403.987744335467
8,14587.948576867384,91.98041626595801,95.673828125,False,138,refine,synchronized,"16,17,18,19,20,21,22,23",14495.968160601426
8,14679.928993133342,91.98041626595801,95.673828125,False,139,refine,synchronized,"24,25,26,27,28,29,30,31",14587.948576867384
8,14771.9094093993,91.98041626595801,95.673828125,False,140,refine,synchronized,"32,33,34,35,36,37,38,39",14679.928993133342
8,14863.88982566526,91.98041626595801,95.673828125,False,141,refine,synchronized,"40,41,42,43,44,45,46,47",14771.9094093993
8,14955.870241931218,91.98041626595801,95.673828125,False,142,refine,synchronized,"48,49,50,51,52,53,54,55",14863.88982566526
8,15047.850658197176,91.98041626595801,95.673828125,False,143,refine,synchronized,"56,57,58,59,60,61,62,63",14955.870241931218
8,15139.831074463134,91.98041626595801,95.673828125,False,144,refine,synchronized,"0,1,2,3,4,5,6,7",15047.850658197176
8,15231.811490729093,91.98041626595801,95.673828125,False,145,refine,synchronized,"8,9,10,11,12,13,14,15",15139.831074463134
8,15323.791906995051,91.98041626595801,95.673828125,False,146,refine,synchronized,"16,17,18,19,20,21,22,23",15231.811490729093
8,15415.77232326101,91.98041626595801,95.673828125,False,147,refine,synchronized,"24,25,26,27,28,29,30,31",15323.791906995051
8,15507.752739526968,91.98041626595801,95.673828125,False,148,refine,synchronized,"32,33,34,35,36,37,38,39",15415.77232326101
8,15599.733155792926,91.98041626595801,95.673828125,False,149,refine,synchronized,"40,41,42,43,44,45,46,47",15507.752739526968
8,15691.713572058885,91.98041626595801,95.673828125,False,150,refine,synchronized,"48,49,50,51,52,53,54,55",15599.733155792926
8,15783.693988324843,91.98041626595801,95.673828125,False,151,refine,synchronized,"56,57,58,59,60,61,62,63",15691.713572058885
8,15875.674404590802,91.98041626595801,95.673828125,False,152,refine,synchronized,"0,1,2,3,4,5,6,7",15783.693988324843
8,15967.65482085676,91.98041626595801,95.673828125,False,153,refine,synchronized,"8,9,10,11,12,13,14,15",15875.674404590802
8,16059.635237122719,91.98041626595801,95.673828125,False,154,refine,synchronized,"16,17,18,19,20,21,22,23",15967.65482085676
8,16151.615653388677,91.98041626595801,95.673828125,False,155,refine,synchronized,"24,25,26,27,28,29,30,31",16059.635237122719
8,16243.596069654635,91.98041626595801,95.673828125,False,156,refine,synchronized,"32,33,34,35,36,37,38,39",16151.615653388677
8,16335.576485920594,91.98041626595801,95.673828125,False,157,refine,synchronized,"40,41,42,43,44,45,46,47",16243.596069654635
8,16427.556902186552,91.98041626595801,95.673828125,False,158,refine,synchronized,"48,49,50,51,52,53,54,55",16335.576485920594
8,16519.53731845251,91.98041626595801,95.673828125,False,159,refine,synchronized,"56,57,58,59,60,61,62,63",16427.556902186552
8,16611.517734718465,91.98041626595801,95.673828125,False,160,refine,synchronized,"0,1,2,3,4,5,6,7",16519.53731845251
8,16703.498150984422,91.98041626595801,95.673828125,False,161,refine,synchronized,"8,9,10,11,12,13,14,15",16611.517734718465
8,16795.47856725038,91.98041626595801,95.673828125,False,162,refine,synchronized,"16,17,18,19,20,21,22,23",16703.498150984422
8,16887.458983516335,91.98041626595801,95.673828125,False,163,refine,synchronized,"24,25,26,27,28,29,30,31",16795.47856725038
8,16979.43939978229,91.98041626595801,95.673828125,False,164,refine,synchronized,"32,33,34,35,36,37,38,39",16887.458983516335
8,17071.41981604825,91.98041626595801,95.673828125,False,165,refine,synchronized,"40,41,42,43,44,45,46,47",16979.43939978229
8,17163.400232314205,91.98041626595801,95.673828125,False,166,refine,synchronized,"48,49,50,51,52,53,54,55",17071.41981604825
8,17255.38064858016,91.98041626595801,95.673828125,False,167,refine,synchronized,"56,57,58,59,60,61,62,63",17163.400232314205
8,17347.361064846118,91.98041626595801,95.673828125,False,168,refine,synchronized,"0,1,2,3,4,5,6,7",17255.38064858016
8,17439.341481112075,91.98041626595801,95.673828125,False,169,refine,synchronized,"8,9,10,11,12,13,14,15",17347.361064846118
8,17531.32189737803,91.98041626595801,95.673828125,False,170,refine,synchronized,"16,17,18,19,20,21,22,23",17439.341481112075
8,17623.302313643988,91.98041626595801,95.673828125,False,171,refine,synchronized,"24,25,26,27,28,29,30,31",17531.32189737803
8,17715.282729909944,91.98041626595801,95.673828125,False,172,refine,synchronized,"32,33,34,35,36,37,38,39",17623.302313643988
8,17807.2631461759,91.98041626595801,95.673828125,False,173,refine,synchronized,"40,41,42,43,44,45,46,47",17715.282729909944
8,17899.243562441858,91.98041626595801,95.673828125,False,174,refine,synchronized,"48,49,50,51,52,53,54,55",17807.2631461759
8,17991.223978707814,91.98041626595801,95.673828125,False,175,refine,synchronized,"56,57,58,59,60,61,62,63",17899.243562441858
8,18083.20439497377,91.98041626595801,95.673828125,False,176,refine,synchronized,"0,1,2,3,4,5,6,7",17991.223978707814
8,18175.184811239727,91.98041626595801,95.673828125,False,177,refine,synchronized,"8,9,10,11,12,13,14,15",18083.20439497377
8,18267.165227505684,91.98041626595801,95.673828125,False,178,refine,synchronized,"16,17,18,19,20,21,22,23",18175.184811239727
8,18359.14564377164,91.98041626595801,95.673828125,False,179,refine,synchronized,"24,25,26,27,28,29,30,31",18267.165227505684
8,18451.126060037597,91.98041626595801,95.673828125,False,180,refine,synchronized,"32,33,34,35,36,37,38,39",18359.14564377164
8,18543.106476303554,91.98041626595801,95.673828125,False,181,refine,synchronized,"40,41,42,43,44,45,46,47",18451.126060037597
8,18635.08689256951,91.98041626595801,95.673828125,False,182,refine,synchronized,"48,49,50,51,52,53,54,55",18543.106476303554
8,18727.067308835467,91.98041626595801,95.673828125,False,183,refine,synchronized,"56,57,58,59,60,61,62,63",18635.08689256951
8,18931.714644845124,204.647336009657,930.625,True,184,warmup,synchronized,"0,1,2,3,4,5,6,7",18727.067308835467
8,19136.36198085478,204.647336009657,930.625,True,185,warmup,synchronized,"8,9,10,11,12,13,14,15",18931.714644845124
8,19341.009316864438,204.647336009657,930.625,True,186,warmup,synchronized,"16,17,18,19,20,21,22,23",19136.36198085478
8,19545.656652874095,204.647336009657,930.625,True,187,warmup,synchronized,"24,25,26,27,28,29,30,31",19341.009316864438
8,19750.303988883752,204.647336009657,930.625,True,188,warmup,synchronized,"32,33,34,35,36,37,38,39",19545.656652874095
8,19954.95132489341,204.647336009657,930.625,True,189,warmup,synchronized,"40,41,42,43,44,45,46,47",19750.303988883752
8,20159.598660903066,204.647336009657,930.625,True,190,warmup,synchronized,"48,49,50,51,52,53,54,55",19954.95132489341
8,20364.245996912723,204.647336009657,930.625,True,191,warmup,synchronized,"56,57,58,59,60,61,62,63",20159.598660903066
8,20456.22641317868,91.98041626595801,95.673828125,False,192,refine,synchronized,"0,1,2,3,4,5,6,7",20364.245996912723
8,20548.206829444636,91.98041626595801,95.673828125,False,193,refine,synchronized,"8,9,10,11,12,13,14,15",20456.22641317868
8,20640.187245710593,91.98041626595801,95.673828125,False,194,refine,synchronized,"16,17,18,19,20,21,22,23",20548.206829444636
8,20732.16766197655,91.98041626595801,95.673828125,False,195,refine,synchronized,"24,25,26,27,28,29,30,31",20640.187245710593
8,20824.148078242506,91.98041626595801,95.673828125,False,196,refine,synchronized,"32,33,34,35,36,37,38,39",20732.16766197655
8,20916.128494508463,91.98041626595801,95.673828125,False,197,refine,synchronized,"40,41,42,43,44,45,46,47",20824.148078242506
8,21008.10891077442,91.98041626595801,95.673828125,False,198,refine,synchronized,"48,49,50,51,52,53,54,55",20916.128494508463
8,21100.089327040376,91.98041626595801,95.673828125,False,199,refine,synchronized,"56,57,58,59,60,61,62,63",21008.10891077442
8,21192.069743306332,91.98041626595801,95.673828125,False,200,refine,synchronized,"0,1,2,3,4,5,6,7",21100.089327040376
8,21284.05015957229,91.98041626595801,95.673828125,False,201,refine,synchronized,"8,9,10,11,12,13,14,15",21192.069743306332
8,21376.030575838246,91.98041626595801,95.673828125,False,202,refine,synchronized,"16,17,18,19,20,21,22,23",21284.05015957229
8,21468.010992104202,91.98041626595801,95.673828125,False,203,refine,synchronized,"24,25,26,27,28,29,30,31",21376.030575838246
8,21559.99140837016,91.98041626595801,95.673828125,False,204,refine,synchronized,"32,33,34,35,36,37,38,39",21468.010992104202
8,21651.971824636115,91.98041626595801,95.673828125,False,205,refine,synchronized,"40,41,42,43,44,45,46,47",21559.99140837016
8,21743.952240902072,91.98041626595801,95.673828125,False,206,refine,synchronized,"48,49,50,51,52,53,54,55",21651.971824636115
8,21835.93265716803,91.98041626595801,95.673828125,False,207,refine,synchronized,"56,57,58,59,60,61,62,63",21743.952240902072
8,21927.913073433985,91.98041626595801,95.673828125,False,208,refine,synchronized,"0,1,2,3,4,5,6,7",21835.93265716803
8,22019.89348969994,91.98041626595801,95.673828125,False,209,refine,synchronized,"8,9,10,11,12,13,14,15",21927.913073433985
8,22111.8739059659,91.98041626595801,95.673828125,False,210,refine,synchronized,"16,17,18,19,20,21,22,23",22019.89348969994
8,22203.854322231855,91.98041626595801,95.673828125,False,211,refine,synchronized,"24,25,26,27,28,29,30,31",22111.8739059659
8,22295.83473849781,91.98041626595801,95.673828125,False,212,refine,synchronized,"32,33,34,35,36,37,38,39",22203.854322231855
8,22387.815154763768,91.98041626595801,95.673828125,False,213,refine,synchronized,"40,41,42,43,44,45,46,47",22295.83473849781
8,22479.795571029725,91.98041626595801,95.673828125,False,214,refine,synchronized,"48,49,50,51,52,53,54,55",22387.815154763768
8,22571.77598729568,91.98041626595801,95.673828125,False,215,refine,synchronized,"56,57,58,59,60,61,62,63",22479.795571029725
8,22663.756403561638,91.98041626595801,95.673828125,False,216,refine,synchronized,"0,1,2,3,4,5,6,7",22571.77598729568
8,22755.736819827594,91.98041626595801,95.673828125,False,217,refine,synchronized,"8,9,10,11,12,13,14,15",22663.756403561638
8,22847.71723609355,91.98041626595801,95.673828125,False,218,refine,synchronized,"16,17,18,19,20,21,22,23",22755.736819827594
8,22939.697652359508,91.98041626595801,95.673828125,False,219,refine,synchronized,"24,25,26,27,28,29,30,31",22847.71723609355
8,23031.678068625464,91.98041626595801,95.673828125,False,220,refine,synchronized,"32,33,34,35,36,37,38,39",22939.697652359508
8,23123.65848489142,91.98041626595801,95.673828125,False,221,refine,synchronized,"40,41,42,43,44,45,46,47",23031.678068625464
8,23215.638901157377,91.98041626595801,95.673828125,False,222,refine,synchronized,"48,49,50,51,52,53,54,55",23123.65848489142
8,23307.619317423334,91.98041626595801,95.673828125,False,223,refine,synchronized,"56,57,58,59,60,61,62,63",23215.638901157377
8,23399.59973368929,91.98041626595801,95.673828125,False,224,refine,synchronized,"0,1,2,3,4,5,6,7",23307.619317423334
8,23491.580149955247,91.98041626595801,95.673828125,False,225,refine,synchronized,"8,9,10,11,12,13,14,15",23399.59973368929
8,23583.560566221204,91.98041626595801,95.673828125,False,226,refine,synchronized,"16,17,18,19,20,21,22,23",23491.580149955247
8,23675.54098248716,91.98041626595801,95.673828125,False,227,refine,synchronized,"24,25,26,27,28,29,30,31",23583.560566221204
8,23767.521398753117,91.98041626595801,95.673828125,False,228,refine,synchronized,"32,33,34,35,36,37,38,39",23675.54098248716
8,23859.501815019074,91.98041626595801,95.673828125,False,229,refine,synchronized,"40,41,42,43,44,45,46,47",23767.521398753117
8,23951.48223128503,91.98041626595801,95.673828125,False,230,refine,synchronized,"48,49,50,51,52,53,54,55",23859.501815019074
8,24043.462647550987,91.98041626595801,95.673828125,False,231,refine,synchronized,"56,57,58,59,60,61,62,63",23951.48223128503
8,24135.443063816943,91.98041626595801,95.673828125,False,232,refine,synchronized,"0,1,2,3,4,5,6,7",24043.462647550987
8,24227.4234800829,91.98041626595801,95.673828125,False,233,refine,synchronized,"8,9,10,11,12,13,14,15",24135.443063816943
8,24319.403896348857,91.98041626595801,95.673828125,False,234,refine,synchronized,"16,17,18,19,20,21,22,23",24227.4234800829
8,24411.384312614813,91.98041626595801,95.673828125,False,235,refine,synchronized,"24,25,26,27,28,29,30,31",24319.403896348857
8,24503.36472888077,91.98041626595801,95.673828125,False,236,refine,synchronized,"32,33,34,35,36,37,38,39",24411.384312614813
8,24595.345145146726,91.98041626595801,95.673828125,False,237,refine,synchronized,"40,41,42,43,44,45,46,47",24503.36472888077
8,24687.325561412683,91.98041626595801,95.673828125,False,238,refine,synchronized,"48,49,50,51,52,53,54,55",24595.345145146726
8,24779.30597767864,91.98041626595801,95.673828125,False,239,refine,synchronized,"56,57,58,59,60,61,62,63",24687.325561412683
8,24871.286393944596,91.98041626595801,95.673828125,False,240,refine,synchronized,"0,1,2,3,4,5,6,7",24779.30597767864
8,24963.266810210553,91.98041626595801,95.673828125,False,241,refine,synchronized,"8,9,10,11,12,13,14,15",24871.286393944596
8,25055.24722647651,91.98041626595801,95.673828125,False,242,refine,synchronized,"16,17,18,19,20,21,22,23",24963.266810210553
8,25147.227642742466,91.98041626595801,95.673828125,False,243,refine,synchronized,"24,25,26,27,28,29,30,31",25055.24722647651
8,25239.208059008422,91.98041626595801,95.673828125,False,244,refine,synchronized,"32,33,34,35,36,37,38,39",25147.227642742466
8,25331.18847527438,91.98041626595801,95.673828125,False,245,refine,synchronized,"40,41,42,43,44,45,46,47",25239.208059008422
8,25423.168891540336,91.98041626595801,95.673828125,False,246,refine,synchronized,"48,49,50,51,52,53,54,55",25331.18847527438
8,25515.149307806292,91.98041626595801,95.673828125,False,247,refine,synchronized,"56,57,58,59,60,61,62,63",25423.168891540336
8,25607.12972407225,91.98041626595801,95.673828125,False,248,refine,synchronized,"0,1,2,3,4,5,6,7",25515.149307806292
8,25699.110140338205,91.98041626595801,95.673828125,False,249,refine,synchronized,"8,9,10,11,12,13,14,15",25607.12972407225
8,25791.090556604162,91.98041626595801,95.673828125,False,250,refine,synchronized,"16,17,18,19,20,21,22,23",25699.110140338205
8,25883.07097287012,91.98041626595801,95.673828125,False,251,refine,synchronized,"24,25,26,27,28,29,30,31",25791.090556604162
8,25975.051389136075,91.98041626595801,95.673828125,False,252,refine,synchronized,"32,33,34,35,36,37,38,39",25883.07097287012
8,26067.03180540203,91.98041626595801,95.673828125,False,253,refine,synchronized,"40,41,42,43,44,45,46,47",25975.051389136075
8,26159.01222166799,91.98041626595801,95.673828125,False,254,refine,synchronized,"48,49,50,51,52,53,54,55",26067.03180540203
8,26250.992637933945,91.98041626595801,95.673828125,False,255,refine,synchronized,"56,57,58,59,60,61,62,63",26159.01222166799
8,26342.9730541999,91.98041626595801,95.673828125,False,256,refine,synchronized,"0,1,2,3,4,5,6,7",26250.992637933945
8,26434.953470465858,91.98041626595801,95.673828125,False,257,refine,synchronized,"8,9,10,11,12,13,14,15",26342.9730541999
8,26526.933886731815,91.98041626595801,95.673828125,False,258,refine,synchronized,"16,17,18,19,20,21,22,23",26434.953470465858
8,26618.91430299777,91.98041626595801,95.673828125,False,259,refine,synchronized,"24,25,26,27,28,29,30,31",26526.933886731815
8,26710.894719263728,91.98041626595801,95.673828125,False,260,refine,synchronized,"32,33,34,35,36,37,38,39",26618.91430299777
8,26802.875135529684,91.98041626595801,95.673828125,False,261,refine,synchronized,"40,41,42,43,44,45,46,47",26710.894719263728
8,26894.85555179564,91.98041626595801,95.673828125,False,262,refine,synchronized,"48,49,50,51,52,53,54,55",26802.875135529684
8,26986.835968061598,91.98041626595801,95.673828125,False,263,refine,synchronized,"56,57,58,59,60,61,62,63",26894.85555179564
8,27078.816384327554,91.98041626595801,95.673828125,False,264,refine,synchronized,"0,1,2,3,4,5,6,7",26986.835968061598
8,27170.79680059351,91.98041626595801,95.673828125,False,265,refine,synchronized,"8,9,10,11,12,13,14,15",27078.816384327554
8,27262.777216859467,91.98041626595801,95.673828125,False,266,refine,synchronized,"16,17,18,19,20,21,22,23",27170.79680059351
8,27354.757633125424,91.98041626595801,95.673828125,False,267,refine,synchronized,"24,25,26,27,28,29,30,31",27262.777216859467
8,27446.73804939138,91.98041626595801,95.673828125,False,268,refine,synchronized,"32,33,34,35,36,37,38,39",27354.757633125424
8,27538.718465657337,91.98041626595801,95.673828125,False,269,refine,synchronized,"40,41,42,43,44,45,46,47",27446.73804939138
8,27630.698881923294,91.98041626595801,95.673828125,False,270,refine,synchronized,"48,49,50,51,52,53,54,55",27538.718465657337
8,27722.67929818925,91.98041626595801,95.673828125,False,271,refine,synchronized,"56,57,58,59,60,61,62,63",27630.698881923294
8,27927.326634198907,204.647336009657,930.625,True,272,warmup,synchronized,"0,1,2,3,4,5,6,7",27722.67929818925
8,28131.973970208564,204.647336009657,930.625,True,273,warmup,synchronized,"8,9,10,11,12,13,14,15",27927.326634198907
8,28336.62130621822,204.647336009657,930.625,True,274,warmup,synchronized,"16,17,18,19,20,21,22,23",28131.973970208564
8,28541.26864222788,204.647336009657,930.625,True,275,warmup,synchronized,"24,25,26,27,28,29,30,31",28336.62130621822
8,28745.915978237535,204.647336009657,930.625,True,276,warmup,synchronized,"32,33,34,35,36,37,38,39",28541.26864222788
8,28950.563314247192,204.647336009657,930.625,True,277,warmup,synchronized,"40,41,42,43,44,45,46,47",28745.915978237535
8,29155.21065025685,204.647336009657,930.625,True,278,warmup,synchronized,"48,49,50,51,52,53,54,55",28950.563314247192
8,29359.857986266506,204.647336009657,930.625,True,279,warmup,synchronized,"56,57,58,59,60,61,62,63",29155.21065025685
8,29451.838402532463,91.98041626595801,95.673828125,False,280,refine,synchronized,"0,1,2,3,4,5,6,7",29359.857986266506
8,29543.81881879842,91.98041626595801,95.673828125,False,281,refine,synchronized,"8,9,10,11,12,13,14,15",29451.838402532463
8,29635.799235064376,91.98041626595801,95.673828125,False,282,refine,synchronized,"16,17,18,19,20,21,22,23",29543.81881879842
8,29727.779651330333,91.98041626595801,95.673828125,False,283,refine,synchronized,"24,25,26,27,28,29,30,31",29635.799235064376
8,29819.76006759629,91.98041626595801,95.673828125,False,284,refine,synchronized,"32,33,34,35,36,37,38,39",29727.779651330333
8,29911.740483862246,91.98041626595801,95.673828125,False,285,refine,synchronized,"40,41,42,43,44,45,46,47",29819.76006759629
8,30003.720900128203,91.98041626595801,95.673828125,False,286,refine,synchronized,"48,49,50,51,52,53,54,55",29911.740483862246
8,30095.70131639416,91.98041626595801,95.673828125,False,287,refine,synchronized,"56,57,58,59,60,61,62,63",30003.720900128203
8,30187.681732660116,91.98041626595801,95.673828125,False,288,refine,synchronized,"0,1,2,3,4,5,6,7",30095.70131639416
8,30279.662148926072,91.98041626595801,95.673828125,False,289,refine,synchronized,"8,9,10,11,12,13,14,15",30187.681732660116
8,30371.64256519203,91.98041626595801,95.673828125,False,290,refine,synchronized,"16,17,18,19,20,21,22,23",30279.662148926072
8,30463.622981457986,91.98041626595801,95.673828125,False,291,refine,synchronized,"24,25,26,27,28,29,30,31",30371.64256519203
8,30555.603397723942,91.98041626595801,95.673828125,False,292,refine,synchronized,"32,33,34,35,36,37,38,39",30463.622981457986
8,30647.5838139899,91.98041626595801,95.673828125,False,293,refine,synchronized,"40,41,42,43,44,45,46,47",30555.603397723942
8,30739.564230255855,91.98041626595801,95.673828125,False,294,refine,synchronized,"48,49,50,51,52,53,54,55",30647.5838139899
8,30831.544646521812,91.98041626595801,95.673828125,False,295,refine,synchronized,"56,57,58,59,60,61,62,63",30739.564230255855
8,30923.52506278777,91.98041626595801,95.673828125,False,296,refine,synchronized,"0,1,2,3,4,5,6,7",30831.544646521812
8,31015.505479053725,91.98041626595801,95.673828125,False,297,refine,synchronized,"8,9,10,11,12,13,14,15",30923.52506278777
8,31107.48589531968,91.98041626595801,95.673828125,False,298,refine,synchronized,"16,17,18,19,20,21,22,23",31015.505479053725
8,31199.46631158564,91.98041626595801,95.673828125,False,299,refine,synchronized,"24,25,26,27,28,29,30,31",31107.48589531968
8,31291.446727851595,91.98041626595801,95.673828125,False,300,refine,synchronized,"32,33,34,35,36,37,38,39",31199.46631158564
8,31383.42714411755,91.98041626595801,95.673828125,False,301,refine,synchronized,"40,41,42,43,44,45,46,47",31291.446727851595
8,31475.407560383508,91.98041626595801,95.673828125,False,302,refine,synchronized,"48,49,50,51,52,53,54,55",31383.42714411755
8,31567.387976649465,91.98041626595801,95.673828125,False,303,refine,synchronized,"56,57,58,59,60,61,62,63",31475.407560383508
8,31659.36839291542,91.98041626595801,95.673828125,False,304,refine,synchronized,"0,1,2,3,4,5,6,7",31567.387976649465
8,31751.348809181378,91.98041626595801,95.673828125,False,305,refine,synchronized,"8,9,10,11,12,13,14,15",31659.36839291542
8,31843.329225447334,91.98041626595801,95.673828125,False,306,refine,synchronized,"16,17,18,19,20,21,22,23",31751.348809181378
8,31935.30964171329,91.98041626595801,95.673828125,False,307,refine,synchronized,"24,25,26,27,28,29,30,31",31843.329225447334
8,32027.290057979248,91.98041626595801,95.673828125,False,308,refine,synchronized,"32,33,34,35,36,37,38,39",31935.30964171329
8,32119.270474245204,91.98041626595801,95.673828125,False,309,refine,synchronized,"40,41,42,43,44,45,46,47",32027.290057979248
8,32211.25089051116,91.98041626595801,95.673828125,False,310,refine,synchronized,"48,49,50,51,52,53,54,55",32119.270474245204
8,32303.231306777117,91.98041626595801,95.673828125,False,311,refine,synchronized,"56,57,58,59,60,61,62,63",32211.25089051116
8,32395.211723043074,91.98041626595801,95.673828125,False,312,refine,synchronized,"0,1,2,3,4,5,6,7",32303.231306777117
8,32487.19213930903,91.98041626595801,95.673828125,False,313,refine,synchronized,"8,9,10,11,12,13,14,15",32395.211723043074
8,32579.172555574987,91.98041626595801,95.673828125,False,314,refine,synchronized,"16,17,18,19,20,21,22,23",32487.19213930903
8,32671.152971840944,91.98041626595801,95.673828125,False,315,refine,synchronized,"24,25,26,27,28,29,30,31",32579.172555574987
8,32763.1333881069,91.98041626595801,95.673828125,False,316,refine,synchronized,"32,33,34,35,36,37,38,39",32671.152971840944
8,32855.11380437286,91.98041626595801,95.673828125,False,317,refine,synchronized,"40,41,42,43,44,45,46,47",32763.1333881069
8,32947.09422063881,91.98041626595801,95.673828125,False,318,refine,synchronized,"48,49,50,51,52,53,54,55",32855.11380437286
8,33039.07463690477,91.98041626595801,95.673828125,False,319,refine,synchronized,"56,57,58,59,60,61,62,63",32947.09422063881
8,33131.05505317073,91.98041626595801,95.673828125,False,320,refine,synchronized,"0,1,2,3,4,5,6,7",33039.07463690477
8,33223.03546943668,91.98041626595801,95.673828125,False,321,refine,synchronized,"8,9,10,11,12,13,14,15",33131.05505317073
8,33315.01588570264,91.98041626595801,95.673828125,False,322,refine,synchronized,"16,17,18,19,20,21,22,23",33223.03546943668
8,33406.9963019686,91.98041626595801,95.673828125,False,323,refine,synchronized,"24,25,26,27,28,29,30,31",33315.01588570264
8,33498.97671823455,91.98041626595801,95.673828125,False,324,refine,synchronized,"32,33,34,35,36,37,38,39",33406.9963019686
8,33590.95713450051,91.98041626595801,95.673828125,False,325,refine,synchronized,"40,41,42,43,44,45,46,47",33498.97671823455
8,33682.937550766466,91.98041626595801,95.673828125,False,326,refine,synchronized,"48,49,50,51,52,53,54,55",33590.95713450051
8,33774.91796703242,91.98041626595801,95.673828125,False,327,refine,synchronized,"56,57,58,59,60,61,62,63",33682.937550766466
8,33866.89838329838,91.98041626595801,95.673828125,False,328,refine,synchronized,"0,1,2,3,4,5,6,7",33774.91796703242
8,33958.878799564336,91.98041626595801,95.673828125,False,329,refine,synchronized,"8,9,10,11,12,13,14,15",33866.89838329838
8,34050.85921583029,91.98041626595801,95.673828125,False,330,refine,synchronized,"16,17,18,19,20,21,22,23",33958.878799564336
8,34142.83963209625,91.98041626595801,95.673828125,False,331,refine,synchronized,"24,25,26,27,28,29,30,31",34050.85921583029
8,34234.820048362206,91.98041626595801,95.673828125,False,332,refine,synchronized,"32,33,34,35,36,37,38,39",34142.83963209625
8,34326.80046462816,91.98041626595801,95.673828125,False,333,refine,synchronized,"40,41,42,43,44,45,46,47",34234.820048362206
8,34418.78088089412,91.98041626595801,95.673828125,False,334,refine,synchronized,"48,49,50,51,52,53,54,55",34326.80046462816
8,34510.761297160076,91.98041626595801,95.673828125,False,335,refine,synchronized,"56,57,58,59,60,61,62,63",34418.78088089412
8,34602.74171342603,91.98041626595801,95.673828125,False,336,refine,synchronized,"0,1,2,3,4,5,6,7",34510.761297160076
8,34694.72212969199,91.98041626595801,95.673828125,False,337,refine,synchronized,"8,9,10,11,12,13,14,15",34602.74171342603
8,34786.702545957945,91.98041626595801,95.673828125,False,338,refine,synchronized,"16,17,18,19,20,21,22,23",34694.72212969199
8,34878.6829622239,91.98041626595801,95.673828125,False,339,refine,synchronized,"24,25,26,27,28,29,30,31",34786.702545957945
8,34970.66337848986,91.98041626595801,95.673828125,False,340,refine,synchronized,"32,33,34,35,36,37,38,39",34878.6829622239
8,35062.643794755815,91.98041626595801,95.673828125,False,341,refine,synchronized,"40,41,42,43,44,45,46,47",34970.66337848986
8,35154.62421102177,91.98041626595801,95.673828125,False,342,refine,synchronized,"48,49,50,51,52,53,54,55",35062.643794755815
8,35246.60462728773,91.98041626595801,95.673828125,False,343,refine,synchronized,"56,57,58,59,60,61,62,63",35154.62421102177
8,35338.585043553685,91.98041626595801,95.673828125,False,344,refine,synchronized,"0,1,2,3,4,5,6,7",35246.60462728773
8,35430.56545981964,91.98041626595801,95.673828125,False,345,refine,synchronized,"8,9,10,11,12,13,14,15",35338.585043553685
8,35522.5458760856,91.98041626595801,95.673828125,False,346,refine,synchronized,"16,17,18,19,20,21,22,23",35430.56545981964
8,35614.526292351555,91.98041626595801,95.673828125,False,347,refine,synchronized,"24,25,26,27,28,29,30,31",35522.5458760856
8,35706.50670861751,91.98041626595801,95.673828125,False,348,refine,synchronized,"32,33,34,35,36,37,38,39",35614.526292351555
8,35798.48712488347,91.98041626595801,95.673828125,False,349,refine,synchronized,"40,41,42,43,44,45,46,47",35706.50670861751
8,35890.467541149425,91.98041626595801,95.673828125,False,350,refine,synchronized,"48,49,50,51,52,53,54,55",35798.48712488347
8,35982.44795741538,91.98041626595801,95.673828125,False,351,refine,synchronized,"56,57,58,59,60,61,62,63",35890.467541149425
8,36074.42837368134,91.98041626595801,95.673828125,False,352,refine,synchronized,"0,1,2,3,4,5,6,7",35982.44795741538
8,36166.408789947294,91.98041626595801,95.673828125,False,353,refine,synchronized,"8,9,10,11,12,13,14,15",36074.42837368134
8,36258.38920621325,91.98041626595801,95.673828125,False,354,refine,synchronized,"16,17,18,19,20,21,22,23",36166.408789947294
8,36350.36962247921,91.98041626595801,95.673828125,False,355,refine,synchronized,"24,25,26,27,28,29,30,31",36258.38920621325
8,36442.350038745164,91.98041626595801,95.673828125,False,356,refine,synchronized,"32,33,34,35,36,37,38,39",36350.36962247921
8,36534.33045501112,91.98041626595801,95.673828125,False,357,refine,synchronized,"40,41,42,43,44,45,46,47",36442.350038745164
8,36626.31087127708,91.98041626595801,95.673828125,False,358,refine,synchronized,"48,49,50,51,52,53,54,55",36534.33045501112
8,36718.291287543034,91.98041626595801,95.673828125,False,359,refine,synchronized,"56,57,58,59,60,61,62,63",36626.31087127708
1,38.69878074328881,38.69878074328881,117.5458984375,False,0,warmup,staggered,0,0.0
1,83.25778089056257,44.559000147273764,12.220703125,False,1,refine,staggered,0,38.69878074328881
1,127.81678103783634,44.559000147273764,12.220703125,False,2,refine,staggered,0,83.25778089056257
1,172.3757811851101,44.559000147273764,12.220703125,False,3,refine,staggered,0,127.81678103783634
1,216.93478133238386,44.559000147273764,12.220703125,False,4,refine,staggered,0,172.3757811851101
1,255.63356207567267,38.69878074328881,117.5458984375,False,5,warmup,staggered,1,216.93478133238386
2,303.38092390220703,47.74736182653436,22.658203125,False,6,refine,staggered,"0,1",255.63356207567267
2,351.1282857287414,47.74736182653436,22.658203125,False,7,refine,staggered,"0,1",303.38092390220703
2,398.87564755527575,47.74736182653436,22.658203125,False,8,refine,staggered,"0,1",351.1282857287414
2,446.6230093818101,47.74736182653436,22.658203125,False,9,refine,staggered,"0,1",398.87564755527575
1,485.3217901250989,38.69878074328881,117.5458984375,False,10,warmup,staggered,2,446.6230093818101
3,556.9428328649004,71.62104273980154,33.9873046875,False,11,refine,staggered,"0,1,2",485.3217901250989
3,628.5638756047019,71.62104273980154,33.9873046875,False,12,refine,staggered,"0,1,2",556.9428328649004
1,667.2626563479907,38.69878074328881,117.5458984375,False,13,warmup,staggered,3,628.5638756047019
4,721.0666580060383,53.804001658047525,46.439453125,False,14,refine,staggered,"0,1,2,3",667.2626563479907
1,759.7654387493271,38.69878074328881,117.5458984375,False,15,warmup,staggered,0,721.0666580060383
4,813.5694404073747,53.804001658047525,46.439453125,False,16,refine,staggered,"1,2,3,0",759.7654387493271
1,852.2682211506635,38.69878074328881,117.5458984375,False,17,warmup,staggered,4,813.5694404073747
5,919.5232232232229,67.2550020725594,58.04931640625,False,18,refine,staggered,"0,1,2,3,4",852.2682211506635
5,986.7782252957822,67.2550020725594,58.04931640625,False,19,refine,staggered,"0,1,2,3,4",919.5232232232229
5,1054.0332273683416,67.2550020725594,58.04931640625,False,20,refine,staggered,"0,1,2,3,4",986.7782252957822
2,1126.0377038722763,72.00447650393471,235.28125,False,21,warmup,staggered,"5,1",1054.0332273683416
6,1206.7437063593477,80.70600248707129,69.6591796875,False,22,refine,staggered,"0,2,3,4,1,5",1126.0377038722763
1,1245.4424871026365,38.69878074328881,117.5458984375,False,23,warmup,staggered,6,1206.7437063593477
7,1325.9253513353497,80.48286423271327,83.714599609375,False,24,refine,staggered,"0,1,2,3,4,5,6",1245.4424871026365
7,1406.408215568063,80.48286423271327,83.714599609375,False,25,refine,staggered,"0,1,2,3,4,5,6",1325.9253513353497
1,1445.1069963113518,38.69878074328881,117.5458984375,False,26,warmup,staggered,7,1406.408215568063
8,1537.0874125773098,91.98041626595801,95.673828125,False,27,refine,staggered,"0,1,2,3,4,5,6,7",1445.1069963113518
7,1617.5702768100232,80.48286423271327,83.714599609375,False,28,refine,staggered,"0,1,3,4,5,6,7",1537.0874125773098
2,1689.574753313958,72.00447650393471,235.28125,False,29,warmup,staggered,"2,8",1617.5702768100232
8,1781.5551695799159,91.98041626595801,95.673828125,False,30,refine,staggered,"0,1,3,4,5,6,7,2",1689.574753313958
7,1862.0380338126292,80.48286423271327,83.714599609375,False,31,refine,staggered,"8,1,2,4,5,6,7",1781.5551695799159
3,1970.0447485685313,108.00671475590207,352.921875,False,32,warmup,staggered,"0,3,9",1862.0380338126292
8,2062.0251648344893,91.98041626595801,95.673828125,False,33,refine,staggered,"1,2,4,5,6,7,8,0",1970.0447485685313
8,2154.005581100447,91.98041626595801,95.673828125,False,34,refine,staggered,"3,9,0,1,2,5,6,7",2062.0251648344893
2,2226.010057604382,72.00447650393471,235.28125,False,35,warmup,staggered,"10,4",2154.005581100447
8,2317.99047387034,91.98041626595801,95.673828125,False,36,refine,staggered,"8,0,1,2,3,5,6,7",2226.010057604382
8,2409.970890136298,91.98041626595801,95.673828125,False,37,refine,staggered,"9,4,10,0,2,3,5,6",2317.99047387034
4,2520.3933318867134,110.4224417504156,467.0625,False,38,warmup,staggered,"11,1,12,5",2409.970890136298
8,2612.3737481526714,91.98041626595801,95.673828125,False,39,refine,staggered,"7,8,0,2,3,4,6,9",2520.3933318867134
8,2704.3541644186294,91.98041626595801,95.673828125,False,40,refine,staggered,"10,1,5,11,12,0,2,3",2612.3737481526714
2,2776.358640922564,72.00447650393471,235.28125,False,41,warmup,staggered,"13,6",2704.3541644186294
8,2868.339057188522,91.98041626595801,95.673828125,False,42,refine,staggered,"4,7,8,9,0,1,2,3",2776.358640922564
8,2960.31947345448,91.98041626595801,95.673828125,False,43,refine,staggered,"5,10,11,12,6,13,0,1",2868.339057188522
1,2999.018254197769,38.69878074328881,117.5458984375,False,44,warmup,staggered,14,2960.31947345448
8,3090.9986704637267,91.98041626595801,95.673828125,False,45,refine,staggered,"2,3,4,7,8,9,0,1",2999.018254197769
8,3182.9790867296847,91.98041626595801,95.673828125,False,46,refine,staggered,"5,6,10,11,12,13,14,0",3090.9986704637267
3,3290.9858014855868,108.00671475590207,352.921875,False,47,warmup,staggered,"15,2,0",3182.9790867296847
8,3382.9662177515447,91.98041626595801,95.673828125,False,48,refine,staggered,"1,3,4,7,8,9,5,6",3290.9858014855868
8,3474.9466340175027,91.98041626595801,95.673828125,False,49,refine,staggered,"10,11,12,13,14,0,2,15",3382.9662177515447
3,3582.9533487734047,108.00671475590207,352.921875,False,50,warmup,staggered,"16,7,17",3474.9466340175027
8,3674.9337650393627,91.98041626595801,95.673828125,False,51,refine,staggered,"1,3,4,5,6,8,9,0",3582.9533487734047
8,3766.9141813053207,91.98041626595801,95.673828125,False,52,refine,staggered,"2,10,11,12,13,14,15,7",3674.9337650393627
8,3858.8945975712786,91.98041626595801,95.673828125,False,53,refine,staggered,"16,17,0,1,3,4,5,6",3766.9141813053207
3,3966.9013123271807,108.00671475590207,352.921875,False,54,warmup,staggered,"18,19,3",3858.8945975712786
8,4058.8817285931386,91.98041626595801,95.673828125,False,55,refine,staggered,"8,9,2,7,10,11,12,13",3966.9013123271807
8,4150.862144859097,91.98041626595801,95.673828125,False,56,refine,staggered,"14,15,0,1,4,5,6,16",4058.8817285931386
8,4242.842561125055,91.98041626595801,95.673828125,False,57,refine,staggered,"17,3,18,19,2,7,8,9",4150.862144859097
2,4314.84703762899,72.00447650393471,235.28125,False,58,warmup,staggered,"20,21",4242.842561125055
8,4406.827453894948,91.98041626595801,95.673828125,False,59,refine,staggered,"10,11,12,13,0,1,4,5",4314.84703762899
8,4498.8078701609065,91.98041626595801,95.673828125,False,60,refine,staggered,"6,14,15,16,2,3,7,8",4406.827453894948
8,4590.788286426865,91.98041626595801,95.673828125,False,61,refine,staggered,"9,17,18,19,20,21,0,1",4498.8078701609065
3,4698.795001182767,108.00671475590207,352.921875,False,62,warmup,staggered,"22,8,1",4590.788286426865
8,4790.775417448725,91.98041626595801,95.673828125,False,63,refine,staggered,"4,5,10,11,12,13,2,3",4698.795001182767
8,4882.755833714684,91.98041626595801,95.673828125,False,64,refine,staggered,"6,7,14,15,16,0,9,17",4790.775417448725
8,4974.736249980642,91.98041626595801,95.673828125,False,65,refine,staggered,"18,19,20,21,1,8,22,2",4882.755833714684
4,5085.158691731058,110.4224417504156,467.0625,False,66,warmup,staggered,"23,4,24,9",4974.736249980642
8,5177.139107997016,91.98041626595801,95.673828125,False,67,refine,staggered,"3,5,10,11,12,13,0,6",5085.158691731058
8,5269.119524262975,91.98041626595801,95.673828125,False,68,refine,staggered,"7,14,15,16,17,1,2,8",5177.139107997016
8,5361.099940528933,91.98041626595801,95.673828125,False,69,refine,staggered,"18,19,20,21,22,4,9,23",5269.119524262975
3,5469.106655284835,108.00671475590207,352.921875,False,70,warmup,staggered,"25,5,26",5361.099940528933
8,5561.087071550794,91.98041626595801,95.673828125,False,71,refine,staggered,"24,0,3,6,10,11,12,13",5469.106655284835
8,5653.067487816752,91.98041626595801,95.673828125,False,72,refine,staggered,"1,2,7,8,14,15,16,17",5561.087071550794
8,5745.04790408271,91.98041626595801,95.673828125,False,73,refine,staggered,"4,9,18,19,20,21,22,23",5653.067487816752
4,5855.470345833126,110.4224417504156,467.0625,False,74,warmup,staggered,"27,6,10,28",5745.04790408271
8,5947.450762099084,91.98041626595801,95.673828125,False,75,refine,staggered,"5,25,26,0,3,11,12,13",5855.470345833126
8,6039.431178365043,91.98041626595801,95.673828125,False,76,refine,staggered,"24,1,2,7,8,14,15,16",5947.450762099084
8,6131.411594631001,91.98041626595801,95.673828125,False,77,refine,staggered,"17,4,9,18,19,20,21,22",6039.431178365043
8,6223.39201089696,91.98041626595801,95.673828125,False,78,refine,staggered,"23,6,10,27,28,3,5,13",6131.411594631001
7,6402.4584299054095,179.06641900844988,814.296875,True,79,warmup,staggered,"29,11,12,30,2,31,13",6223.39201089696
8,6494.438846171368,91.98041626595801,95.673828125,False,80,refine,staggered,"25,26,1,7,8,14,15,16",6402.4584299054095
8,6586.419262437326,91.98041626595801,95.673828125,False,81,refine,staggered,"24,4,9,17,18,19,20,21",6494.438846171368
8,6678.399678703285,91.98041626595801,95.673828125,False,82,refine,staggered,"22,3,5,6,10,23,27,28",6586.419262437326
2,6750.404155207219,72.00447650393471,235.28125,False,83,warmup,staggered,"32,33",6678.399678703285
8,6842.384571473178,91.98041626595801,95.673828125,False,84,refine,staggered,"2,11,12,13,29,30,31,1",6750.404155207219
8,6934.364987739136,91.98041626595801,95.673828125,False,85,refine,staggered,"7,8,14,15,16,25,26,4",6842.384571473178
8,7026.345404005095,91.98041626595801,95.673828125,False,86,refine,staggered,"9,17,18,19,20,21,24,3",6934.364987739136
8,7118.325820271053,91.98041626595801,95.673828125,False,87,refine,staggered,"5,6,10,22,23,27,28,32",7026.345404005095
8,7210.3062365370115,91.98041626595801,95.673828125,False,88,refine,staggered,"33,1,2,11,12,13,29,30",7118.325820271053
5,7348.334288725031,138.0280521880195,583.828125,True,89,warmup,staggered,"34,7,14,35,36",7210.3062365370115
8,7440.314704990989,91.98041626595801,95.673828125,False,90,refine,staggered,"31,4,8,15,16,25,26,3",7348.334288725031
8,7532.295121256948,91.98041626595801,95.673828125,False,91,refine,staggered,"9,17,18,19,20,21,24,5",7440.314704990989
8,7624.275537522906,91.98041626595801,95.673828125,False,92,refine,staggered,"6,10,22,23,27,28,32,1",7532.295121256948
8,7716.255953788865,91.98041626595801,95.673828125,False,93,refine,staggered,"2,11,12,13,29,30,33,7",7624.275537522906
8,7808.236370054823,91.98041626595801,95.673828125,False,94,refine,staggered,"14,34,35,36,4,8,16,25",7716.255953788865
6,7973.8700326804465,165.6336626256234,700.59375,True,95,warmup,staggered,"37,3,15,38,39,16",7808.236370054823
8,8065.850448946405,91.98041626595801,95.673828125,False,96,refine,staggered,"26,31,5,9,17,18,19,20",7973.8700326804465
8,8157.830865212363,91.98041626595801,95.673828125,False,97,refine,staggered,"21,24,1,6,10,22,23,27",8065.850448946405
8,8249.811281478322,91.98041626595801,95.673828125,False,98,refine,staggered,"28,32,2,7,11,12,13,29",8157.830865212363
8,8341.79169774428,91.98041626595801,95.673828125,False,99,refine,staggered,"30,33,4,8,14,25,34,35",8249.811281478322
8,8433.772114010239,91.98041626595801,95.673828125,False,100,refine,staggered,"36,3,15,16,37,38,39,5",8341.79169774428
4,8544.194555760654,110.4224417504156,467.0625,False,101,warmup,staggered,"40,17,41,42",8433.772114010239
8,8636.174972026613,91.98041626595801,95.673828125,False,102,refine,staggered,"9,18,19,20,26,31,1,6",8544.194555760654
8,8728.155388292571,91.98041626595801,95.673828125,False,103,refine,staggered,"10,21,22,23,24,27,2,7",8636.174972026613
8,8820.13580455853,91.98041626595801,95.673828125,False,104,refine,staggered,"11,12,13,28,29,32,4,8",8728.155388292571
8,8912.116220824488,91.98041626595801,95.673828125,False,105,refine,staggered,"14,25,30,33,34,35,3,5",8820.13580455853
8,9004.096637090446,91.98041626595801,95.673828125,False,106,refine,staggered,"15,16,36,37,38,39,17,40",8912.116220824488
8,9096.077053356405,91.98041626595801,95.673828125,False,107,refine,staggered,"41,42,6,9,20,26,31,2",9004.096637090446
7,9275.143472364854,179.06641900844988,814.296875,True,108,warmup,staggered,"43,18,19,44,8,45,20",9096.077053356405
8,9367.123888630813,91.98041626595801,95.673828125,False,109,refine,staggered,"7,10,21,22,23,24,27,4",9275.143472364854
8,9459.104304896771,91.98041626595801,95.673828125,False,110,refine,staggered,"11,12,13,28,29,32,3,5",9367.123888630813
8,9551.08472116273,91.98041626595801,95.673828125,False,111,refine,staggered,"14,25,30,33,34,35,15,16",9459.104304896771
8,9643.065137428688,91.98041626595801,95.673828125,False,112,refine,staggered,"17,36,37,38,39,40,2,6",9551.08472116273
8,9735.045553694647,91.98041626595801,95.673828125,False,113,refine,staggered,"9,26,31,41,42,8,18,19",9643.065137428688
6,9900.67921632027,165.6336626256234,700.59375,True,114,warmup,staggered,"46,4,21,47,48,9",9735.045553694647
8,9992.659632586228,91.98041626595801,95.673828125,False,115,refine,staggered,"20,43,44,45,7,10,22,23",9900.67921632027
8,10084.640048852187,91.98041626595801,95.673828125,False,116,refine,staggered,"24,27,3,5,11,12,13,28",9992.659632586228
8,10176.620465118145,91.98041626595801,95.673828125,False,117,refine,staggered,"29,32,14,15,16,25,30,33",10084.640048852187
8,10268.600881384104,91.98041626595801,95.673828125,False,118,refine,staggered,"34,35,2,6,17,36,37,38",10176.620465118145
8,10360.581297650062,91.98041626595801,95.673828125,False,119,refine,staggered,"39,40,8,18,19,26,31,41",10268.600881384104
8,10452.56171391602,91.98041626595801,95.673828125,False,120,refine,staggered,"42,4,9,21,46,47,48,7",10360.581297650062
6,10618.195376541644,165.6336626256234,700.59375,True,121,warmup,staggered,"49,22,50,5,51,52",10452.56171391602
8,10710.175792807602,91.98041626595801,95.673828125,False,122,refine,staggered,"10,20,23,43,44,45,3,11",10618.195376541644
8,10802.15620907356,91.98041626595801,95.673828125,False,123,refine,staggered,"12,13,24,27,28,14,15,16",10710.175792807602
8,10894.136625339519,91.98041626595801,95.673828125,False,124,refine,staggered,"25,29,30,32,33,2,6,17",10802.15620907356
8,10986.117041605477,91.98041626595801,95.673828125,False,125,refine,staggered,"34,35,36,37,38,8,18,19",10894.136625339519
8,11078.097457871436,91.98041626595801,95.673828125,False,126,refine,staggered,"26,31,39,40,41,4,7,9",10986.117041605477
8,11170.077874137394,91.98041626595801,95.673828125,False,127,refine,staggered,"21,42,46,47,48,5,22,49",11078.097457871436
5,11308.105926325414,138.0280521880195,583.828125,True,128,warmup,staggered,"53,23,54,6,55",11170.077874137394
8,11400.086342591372,91.98041626595801,95.673828125,False,129,refine,staggered,"50,51,52,3,10,11,20,43",11308.105926325414
8,11492.06675885733,91.98041626595801,95.673828125,False,130,refine,staggered,"44,45,12,13,14,15,16,24",11400.086342591372
8,11584.047175123289,91.98041626595801,95.673828125,False,131,refine,staggered,"27,28,2,17,25,29,30,32",11492.06675885733
8,11676.027591389247,91.98041626595801,95.673828125,False,132,refine,staggered,"33,8,18,19,34,35,36,37",11584.047175123289
8,11768.008007655206,91.98041626595801,95.673828125,False,133,refine,staggered,"38,4,7,9,26,31,39,40",11676.027591389247
8,11859.988423921164,91.98041626595801,95.673828125,False,134,refine,staggered,"41,5,21,22,42,46,47,48",11768.008007655206
8,11951.968840187123,91.98041626595801,95.673828125,False,135,refine,staggered,"49,6,23,53,54,55,3,11",11859.988423921164
8,12156.61617619678,204.647336009657,930.625,True,136,warmup,staggered,"56,57,10,24,25,58,26,59",11951.968840187123
8,12248.596592462738,91.98041626595801,95.673828125,False,137,refine,staggered,"20,43,50,51,52,12,13,14",12156.61617619678
8,12340.577008728696,91.98041626595801,95.673828125,False,138,refine,staggered,"15,16,44,45,17,27,28,29",12248.596592462738
8,12432.557424994655,91.98041626595801,95.673828125,False,139,refine,staggered,"30,32,8,18,19,33,34,35",12340.577008728696
8,12524.537841260613,91.98041626595801,95.673828125,False,140,refine,staggered,"36,37,4,7,9,31,38,39",12432.557424994655
8,12616.518257526572,91.98041626595801,95.673828125,False,141,refine,staggered,"40,5,21,22,41,42,46,47",12524.537841260613
8,12708.49867379253,91.98041626595801,95.673828125,False,142,refine,staggered,"48,3,6,23,49,53,54,55",12616.518257526572
8,12913.146009802187,204.647336009657,930.625,True,143,warmup,staggered,"11,60,61,12,13,27,28,62",12708.49867379253
8,13005.126426068146,91.98041626595801,95.673828125,False,144,refine,staggered,"10,24,25,26,56,57,58,59",12913.146009802187
8,13097.106842334104,91.98041626595801,95.673828125,False,145,refine,staggered,"14,20,43,50,51,52,15,16",13005.126426068146
8,13189.087258600062,91.98041626595801,95.673828125,False,146,refine,staggered,"17,29,44,45,8,18,19,30",13097.106842334104
8,13281.06767486602,91.98041626595801,95.673828125,False,147,refine,staggered,"32,33,34,35,4,7,9,31",13189.087258600062
8,13373.04809113198,91.98041626595801,95.673828125,False,148,refine,staggered,"36,37,38,39,5,21,22,40",13281.06767486602
5,13511.076143319999,138.0280521880195,583.828125,True,149,warmup,staggered,"63,29,30,7,31",13373.04809113198
8,13603.056559585957,91.98041626595801,95.673828125,False,150,refine,staggered,"41,42,46,47,3,6,23,48",13511.076143319999
8,13695.036975851915,91.98041626595801,95.673828125,False,151,refine,staggered,"49,53,54,55,11,12,13,27",13603.056559585957
8,13787.017392117874,91.98041626595801,95.673828125,False,152,refine,staggered,"28,60,61,62,10,24,25,26",13695.036975851915
8,13878.997808383832,91.98041626595801,95.673828125,False,153,refine,staggered,"56,57,58,59,14,15,16,20",13787.017392117874
8,13970.97822464979,91.98041626595801,95.673828125,False,154,refine,staggered,"43,50,51,52,8,17,18,19",13878.997808383832
8,14062.95864091575,91.98041626595801,95.673828125,False,155,refine,staggered,"44,45,4,9,32,33,34,35",13970.97822464979
8,14154.939057181708,91.98041626595801,95.673828125,False,156,refine,staggered,"5,21,22,36,37,38,39,40",14062.95864091575
8,14246.919473447666,91.98041626595801,95.673828125,False,157,refine,staggered,"7,29,30,31,63,3,6,23",14154.939057181708
8,14338.899889713624,91.98041626595801,95.673828125,False,158,refine,staggered,"41,42,46,47,48,11,12,13",14246.919473447666
8,14430.880305979583,91.98041626595801,95.673828125,False,159,refine,staggered,"27,49,53,54,55,10,24,25",14338.899889713624
8,14522.860722245541,91.98041626595801,95.673828125,False,160,refine,staggered,"26,28,60,61,62,15,16,20",14430.880305979583
5,14660.88877443356,138.0280521880195,583.828125,True,161,warmup,staggered,"14,32,33,15,16",14522.860722245541
8,14752.86919069952,91.98041626595801,95.673828125,False,162,refine,staggered,"56,57,58,59,8,17,18,19",14660.88877443356
8,14844.849606965478,91.98041626595801,95.673828125,False,163,refine,staggered,"43,50,51,52,4,9,34,35",14752.86919069952
8,14936.830023231436,91.98041626595801,95.673828125,False,164,refine,staggered,"44,45,5,21,22,36,37,38",14844.849606965478
8,15028.810439497394,91.98041626595801,95.673828125,False,165,refine,staggered,"39,40,6,7,23,29,30,31",14936.830023231436
8,15120.790855763353,91.98041626595801,95.673828125,False,166,refine,staggered,"63,11,12,13,41,42,46,47",15028.810439497394
8,15212.771272029311,91.98041626595801,95.673828125,False,167,refine,staggered,"48,10,24,25,27,49,53,54",15120.790855763353
8,15304.75168829527,91.98041626595801,95.673828125,False,168,refine,staggered,"55,20,26,28,60,61,62,14",15212.771272029311
8,15396.732104561228,91.98041626595801,95.673828125,False,169,refine,staggered,"15,16,32,33,8,17,18,19",15304.75168829527
8,15488.712520827186,91.98041626595801,95.673828125,False,170,refine,staggered,"56,57,58,59,4,9,43,50",15396.732104561228
4,15599.134962577602,110.4224417504156,467.0625,False,171,warmup,staggered,"34,35,36,17",15488.712520827186
8,15691.11537884356,91.98041626595801,95.673828125,False,172,refine,staggered,"51,52,5,21,22,37,38,44",15599.134962577602
8,15783.095795109519,91.98041626595801,95.673828125,False,173,refine,staggered,"45,6,7,23,29,30,31,39",15691.11537884356
8,15875.076211375477,91.98041626595801,95.673828125,False,174,refine,staggered,"40,11,12,13,41,42,46,47",15783.095795109519
8,15967.056627641436,91.98041626595801,95.673828125,False,175,refine,staggered,"63,10,24,25,27,48,49,53",15875.076211375477
8,16059.037043907394,91.98041626595801,95.673828125,False,176,refine,staggered,"54,14,20,26,28,55,60,61",15967.056627641436
8,16151.017460173352,91.98041626595801,95.673828125,False,177,refine,staggered,"62,8,15,16,18,19,32,33",16059.037043907394
8,16242.99787643931,91.98041626595801,95.673828125,False,178,refine,staggered,"4,9,43,50,56,57,58,59",16151.017460173352
8,16334.97829270527,91.98041626595801,95.673828125,False,179,refine,staggered,"17,34,35,36,5,21,22,44",16242.99787643931
6,16500.611955330893,165.6336626256234,700.59375,True,180,warmup,staggered,"37,38,39,8,18,19",16334.97829270527
8,16592.59237159685,91.98041626595801,95.673828125,False,181,refine,staggered,"51,52,6,7,23,29,30,31",16500.611955330893
8,16684.572787862806,91.98041626595801,95.673828125,False,182,refine,staggered,"45,11,12,13,40,41,42,46",16592.59237159685
8,16776.553204128762,91.98041626595801,95.673828125,False,183,refine,staggered,"47,10,24,25,27,48,49,53",16684.572787862806
8,16868.53362039472,91.98041626595801,95.673828125,False,184,refine,staggered,"63,14,20,26,28,54,55,60",16776.553204128762
8,16960.514036660676,91.98041626595801,95.673828125,False,185,refine,staggered,"61,15,16,32,33,62,4,9",16868.53362039472
8,17052.494452926632,91.98041626595801,95.673828125,False,186,refine,staggered,"43,50,56,57,58,59,5,17",16960.514036660676
8,17144.47486919259,91.98041626595801,95.673828125,False,187,refine,staggered,"21,22,34,35,36,44,8,18",17052.494452926632
8,17236.455285458545,91.98041626595801,95.673828125,False,188,refine,staggered,"19,37,38,39,6,7,23,29",17144.47486919259
8,17328.435701724502,91.98041626595801,95.673828125,False,189,refine,staggered,"30,31,51,52,11,12,13,45",17236.455285458545
6,17494.069364350125,165.6336626256234,700.59375,True,190,warmup,staggered,"40,41,42,20,9,21",17328.435701724502
8,17586.049780616082,91.98041626595801,95.673828125,False,191,refine,staggered,"46,10,24,25,27,47,48,49",17494.069364350125
8,17678.03019688204,91.98041626595801,95.673828125,False,192,refine,staggered,"53,14,26,28,54,55,60,63",17586.049780616082
8,17770.010613147995,91.98041626595801,95.673828125,False,193,refine,staggered,"15,16,32,33,61,62,5,17",17678.03019688204
8,17861.99102941395,91.98041626595801,95.673828125,False,194,refine,staggered,"43,50,56,57,58,59,8,18",17770.010613147995
8,17953.97144567991,91.98041626595801,95.673828125,False,195,refine,staggered,"22,34,35,36,44,6,7,19",17861.99102941395
8,18045.951861945865,91.98041626595801,95.673828125,False,196,refine,staggered,"23,29,37,38,39,11,12,13",17953.97144567991
8,18137.93227821182,91.98041626595801,95.673828125,False,197,refine,staggered,"30,31,45,51,52,9,20,21",18045.951861945865
8,18229.912694477778,91.98041626595801,95.673828125,False,198,refine,staggered,"40,41,42,10,24,25,27,46",18137.93227821182
8,18321.893110743735,91.98041626595801,95.673828125,False,199,refine,staggered,"47,48,49,14,26,28,53,54",18229.912694477778
8,18413.87352700969,91.98041626595801,95.673828125,False,200,refine,staggered,"55,60,63,15,16,17,32,33",18321.893110743735
8,18505.853943275648,91.98041626595801,95.673828125,False,201,refine,staggered,"61,62,8,18,50,56,57,58",18413.87352700969
7,18684.920362284098,179.06641900844988,814.296875,True,202,warmup,staggered,"43,22,44,45,46,47,48",18505.853943275648
8,18776.900778550054,91.98041626595801,95.673828125,False,203,refine,staggered,"59,6,7,19,34,35,36,11",18684.920362284098
8,18868.88119481601,91.98041626595801,95.673828125,False,204,refine,staggered,"12,13,23,29,37,38,39,9",18776.900778550054
8,18960.861611081968,91.98041626595801,95.673828125,False,205,refine,staggered,"20,21,30,31,51,52,10,24",18868.88119481601
8,19052.842027347924,91.98041626595801,95.673828125,False,206,refine,staggered,"25,27,40,41,42,14,26,28",18960.861611081968
8,19144.82244361388,91.98041626595801,95.673828125,False,207,refine,staggered,"49,53,54,15,16,17,32,33",19052.842027347924
8,19236.802859879837,91.98041626595801,95.673828125,False,208,refine,staggered,"55,60,63,8,18,50,56,57",19144.82244361388
8,19328.783276145794,91.98041626595801,95.673828125,False,209,refine,staggered,"58,61,62,22,43,44,45,46",19236.802859879837
8,19420.76369241175,91.98041626595801,95.673828125,False,210,refine,staggered,"47,48,7,11,19,34,35,36",19328.783276145794
8,19512.744108677707,91.98041626595801,95.673828125,False,211,refine,staggered,"59,9,12,13,29,37,38,39",19420.76369241175
3,19620.75082343361,108.00671475590207,352.921875,False,212,warmup,staggered,"23,49,50",19512.744108677707
8,19712.731239699566,91.98041626595801,95.673828125,False,213,refine,staggered,"10,20,21,24,30,31,51,52",19620.75082343361
8,19804.711655965522,91.98041626595801,95.673828125,False,214,refine,staggered,"14,25,26,27,28,40,41,42",19712.731239699566
8,19896.69207223148,91.98041626595801,95.673828125,False,215,refine,staggered,"15,16,17,32,33,53,54,8",19804.711655965522
8,19988.672488497436,91.98041626595801,95.673828125,False,216,refine,staggered,"18,55,56,57,60,63,22,43",19896.69207223148
8,20080.652904763392,91.98041626595801,95.673828125,False,217,refine,staggered,"44,45,46,58,61,62,7,11",19988.672488497436
8,20172.63332102935,91.98041626595801,95.673828125,False,218,refine,staggered,"19,34,35,36,47,48,9,12",20080.652904763392
8,20264.613737295305,91.98041626595801,95.673828125,False,219,refine,staggered,"13,29,37,38,39,59,23,49",20172.63332102935
8,20356.594153561262,91.98041626595801,95.673828125,False,220,refine,staggered,"50,20,21,30,31,14,27,28",20264.613737295305
8,20561.24148957092,204.647336009657,930.625,True,221,warmup,staggered,"10,24,51,52,25,26,53,54",20356.594153561262
8,20653.221905836876,91.98041626595801,95.673828125,False,222,refine,staggered,"40,41,42,8,15,16,17,32",20561.24148957092
8,20745.202322102832,91.98041626595801,95.673828125,False,223,refine,staggered,"33,18,22,43,56,57,60,63",20653.221905836876
8,20949.84965811249,204.647336009657,930.625,True,224,warmup,staggered,"55,11,12,13,27,28,56,57",20745.202322102832
8,21041.830074378446,91.98041626595801,95.673828125,False,225,refine,staggered,"7,44,45,46,58,61,62,9",20949.84965811249
8,21133.810490644402,91.98041626595801,95.673828125,False,226,refine,staggered,"19,34,35,36,47,48,23,29",21041.830074378446
8,21225.79090691036,91.98041626595801,95.673828125,False,227,refine,staggered,"37,38,39,49,59,14,20,21",21133.810490644402
8,21317.771323176315,91.98041626595801,95.673828125,False,228,refine,staggered,"30,31,50,10,24,25,26,51",21225.79090691036
8,21409.751739442272,91.98041626595801,95.673828125,False,229,refine,staggered,"52,53,54,8,15,16,17,32",21317.771323176315
8,21501.73215570823,91.98041626595801,95.673828125,False,230,refine,staggered,"40,41,42,18,22,33,43,60",21409.751739442272
8,21593.712571974185,91.98041626595801,95.673828125,False,231,refine,staggered,"63,11,12,13,27,28,55,56",21501.73215570823
8,21685.692988240142,91.98041626595801,95.673828125,False,232,refine,staggered,"57,9,44,45,46,61,62,19",21593.712571974185
8,21890.3403242498,204.647336009657,930.625,True,233,warmup,staggered,"58,29,59,30,31,60,61,62",21685.692988240142
8,21982.320740515755,91.98041626595801,95.673828125,False,234,refine,staggered,"23,34,35,36,47,48,14,20",21890.3403242498
8,22074.301156781712,91.98041626595801,95.673828125,False,235,refine,staggered,"21,37,38,39,49,10,24,25",21982.320740515755
8,22166.28157304767,91.98041626595801,95.673828125,False,236,refine,staggered,"26,50,51,8,15,16,17,32",22074.301156781712
8,22258.261989313625,91.98041626595801,95.673828125,False,237,refine,staggered,"52,53,54,18,22,33,40,41",22166.28157304767
8,22350.242405579582,91.98041626595801,95.673828125,False,238,refine,staggered,"42,43,11,12,13,27,28,55",22258.261989313625
8,22442.22282184554,91.98041626595801,95.673828125,False,239,refine,staggered,"56,63,9,19,44,45,46,57",22350.242405579582
8,22534.203238111495,91.98041626595801,95.673828125,False,240,refine,staggered,"29,30,31,58,59,60,61,62",22442.22282184554
6,22699.83690073712,165.6336626256234,700.59375,True,241,warmup,staggered,"14,15,16,32,33,63",22534.203238111495
8,22791.817317003075,91.98041626595801,95.673828125,False,242,refine,staggered,"20,23,34,35,36,47,48,10",22699.83690073712
8,22883.79773326903,91.98041626595801,95.673828125,False,243,refine,staggered,"21,24,25,37,38,39,49,8",22791.817317003075
8,22975.77814953499,91.98041626595801,95.673828125,False,244,refine,staggered,"17,26,50,51,18,22,40,41",22883.79773326903
8,23067.758565800945,91.98041626595801,95.673828125,False,245,refine,staggered,"52,53,54,11,12,13,27,28",22975.77814953499
8,23159.7389820669,91.98041626595801,95.673828125,False,246,refine,staggered,"42,43,55,9,19,44,45,46",23067.758565800945
8,23251.719398332858,91.98041626595801,95.673828125,False,247,refine,staggered,"56,57,29,30,31,58,59,60",23159.7389820669
8,23343.699814598815,91.98041626595801,95.673828125,False,248,refine,staggered,"61,62,14,15,16,32,33,63",23251.719398332858
8,23435.68023086477,91.98041626595801,95.673828125,False,249,refine,staggered,"10,20,23,34,35,36,47,48",23343.699814598815
8,23527.660647130728,91.98041626595801,95.673828125,False,250,refine,staggered,"8,21,24,25,37,38,39,49",23435.68023086477
4,23638.083088881143,110.4224417504156,467.0625,False,251,warmup,staggered,"17,34,35,36",23527.660647130728
8,23730.0635051471,91.98041626595801,95.673828125,False,252,refine,staggered,"18,22,26,40,41,50,51,11",23638.083088881143
8,23822.043921413057,91.98041626595801,95.673828125,False,253,refine,staggered,"12,13,27,28,52,53,54,9",23730.0635051471
8,23914.024337679013,91.98041626595801,95.673828125,False,254,refine,staggered,"19,42,43,44,45,46,55,29",23822.043921413057
8,24006.00475394497,91.98041626595801,95.673828125,False,255,refine,staggered,"30,31,56,57,58,59,60,14",23914.024337679013
8,24097.985170210926,91.98041626595801,95.673828125,False,256,refine,staggered,"15,16,32,33,61,62,63,10",24006.00475394497
8,24189.965586476883,91.98041626595801,95.673828125,False,257,refine,staggered,"20,23,47,48,21,24,25,37",24097.985170210926
8,24281.94600274284,91.98041626595801,95.673828125,False,258,refine,staggered,"38,39,49,17,34,35,36,11",24189.965586476883
5,24419.97405493086,138.0280521880195,583.828125,True,259,warmup,staggered,"18,19,37,38,39",24281.94600274284
8,24511.954471196816,91.98041626595801,95.673828125,False,260,refine,staggered,"22,26,40,41,50,51,9,12",24419.97405493086
8,24603.934887462772,91.98041626595801,95.673828125,False,261,refine,staggered,"13,27,28,52,53,54,29,42",24511.954471196816
8,24695.91530372873,91.98041626595801,95.673828125,False,262,refine,staggered,"43,44,45,46,55,14,30,31",24603.934887462772
8,24787.895719994685,91.98041626595801,95.673828125,False,263,refine,staggered,"56,57,58,59,60,10,15,16",24695.91530372873
8,24879.876136260642,91.98041626595801,95.673828125,False,264,refine,staggered,"32,33,61,62,63,20,21,23",24787.895719994685
8,24971.8565525266,91.98041626595801,95.673828125,False,265,refine,staggered,"24,25,47,48,11,17,34,35",24879.876136260642
8,25063.836968792555,91.98041626595801,95.673828125,False,266,refine,staggered,"36,49,18,19,37,38,39,12",24971.8565525266
8,25155.81738505851,91.98041626595801,95.673828125,False,267,refine,staggered,"22,26,40,41,50,51,13,27",25063.836968792555
8,25247.79780132447,91.98041626595801,95.673828125,False,268,refine,staggered,"28,29,42,52,53,54,14,30",25155.81738505851
8,25339.778217590425,91.98041626595801,95.673828125,False,269,refine,staggered,"31,43,44,45,46,55,10,15",25247.79780132447
8,25431.75863385638,91.98041626595801,95.673828125,False,270,refine,staggered,"16,56,57,58,59,60,23,32",25339.778217590425
5,25569.7866860444,138.0280521880195,583.828125,True,271,warmup,staggered,"20,21,40,41,42",25431.75863385638
8,25661.767102310358,91.98041626595801,95.673828125,False,272,refine,staggered,"33,61,62,63,11,17,24,25",25569.7866860444
8,25753.747518576314,91.98041626595801,95.673828125,False,273,refine,staggered,"34,35,47,48,12,18,19,36",25661.767102310358
8,25845.72793484227,91.98041626595801,95.673828125,False,274,refine,staggered,"37,38,39,49,13,22,26,27",25753.747518576314
8,25937.708351108227,91.98041626595801,95.673828125,False,275,refine,staggered,"50,51,14,28,29,30,52,53",25845.72793484227
8,26029.688767374184,91.98041626595801,95.673828125,False,276,refine,staggered,"54,10,15,31,43,44,45,46",25937.708351108227
8,26121.66918364014,91.98041626595801,95.673828125,False,277,refine,staggered,"55,16,23,32,56,57,58,59",26029.688767374184
8,26213.649599906097,91.98041626595801,95.673828125,False,278,refine,staggered,"60,20,21,40,41,42,11,17",26121.66918364014
8,26305.630016172054,91.98041626595801,95.673828125,False,279,refine,staggered,"24,25,33,61,62,63,12,18",26213.649599906097
8,26397.61043243801,91.98041626595801,95.673828125,False,280,refine,staggered,"19,34,35,36,47,48,13,26",26305.630016172054
7,26576.67685144646,179.06641900844988,814.296875,True,281,warmup,staggered,"22,43,44,45,46,47,48",26397.61043243801
8,26668.657267712417,91.98041626595801,95.673828125,False,282,refine,staggered,"27,37,38,39,49,14,28,29",26576.67685144646
8,26760.637683978373,91.98041626595801,95.673828125,False,283,refine,staggered,"30,50,51,52,53,10,15,31",26668.657267712417
8,26852.61810024433,91.98041626595801,95.673828125,False,284,refine,staggered,"54,16,23,32,55,56,57,58",26760.637683978373
8,26944.598516510287,91.98041626595801,95.673828125,False,285,refine,staggered,"59,11,17,20,21,40,41,42",26852.61810024433
8,27036.578932776243,91.98041626595801,95.673828125,False,286,refine,staggered,"60,12,18,24,25,33,61,62",26944.598516510287
8,27128.5593490422,91.98041626595801,95.673828125,False,287,refine,staggered,"63,13,19,26,34,35,36,22",27036.578932776243
8,27220.539765308156,91.98041626595801,95.673828125,False,288,refine,staggered,"43,44,45,46,47,48,14,27",27128.5593490422
8,27312.520181574113,91.98041626595801,95.673828125,False,289,refine,staggered,"28,29,37,38,39,49,10,15",27220.539765308156
8,27404.50059784007,91.98041626595801,95.673828125,False,290,refine,staggered,"30,31,50,51,52,53,16,32",27312.520181574113
3,27512.50731259597,108.00671475590207,352.921875,False,291,warmup,staggered,"23,49,50",27404.50059784007
8,27604.48772886193,91.98041626595801,95.673828125,False,292,refine,staggered,"54,55,56,57,58,11,17,20",27512.50731259597
8,27696.468145127885,91.98041626595801,95.673828125,False,293,refine,staggered,"21,40,41,42,59,12,18,24",27604.48772886193
8,27788.44856139384,91.98041626595801,95.673828125,False,294,refine,staggered,"25,33,60,61,62,13,19,22",27696.468145127885
8,27880.428977659798,91.98041626595801,95.673828125,False,295,refine,staggered,"26,34,35,36,63,14,27,43",27788.44856139384
8,27972.409393925755,91.98041626595801,95.673828125,False,296,refine,staggered,"44,45,46,47,48,15,28,29",27880.428977659798
8,28064.38981019171,91.98041626595801,95.673828125,False,297,refine,staggered,"37,38,39,16,30,31,32,51",27972.409393925755
8,28156.370226457668,91.98041626595801,95.673828125,False,298,refine,staggered,"52,53,23,49,50,17,20,54",28064.38981019171
8,28248.350642723624,91.98041626595801,95.673828125,False,299,refine,staggered,"55,56,57,58,18,21,40,41",28156.370226457668
8,28452.99797873328,204.647336009657,930.625,True,300,warmup,staggered,"24,25,26,27,28,51,52,53",28248.350642723624
8,28544.978394999238,91.98041626595801,95.673828125,False,301,refine,staggered,"42,59,19,22,33,60,61,62",28452.99797873328
8,28636.958811265195,91.98041626595801,95.673828125,False,302,refine,staggered,"14,34,35,36,43,63,15,29",28544.978394999238
8,28728.93922753115,91.98041626595801,95.673828125,False,303,refine,staggered,"44,45,46,47,48,16,30,31",28636.958811265195
8,28820.919643797108,91.98041626595801,95.673828125,False,304,refine,staggered,"32,37,38,39,17,20,23,49",28728.93922753115
8,28912.900060063064,91.98041626595801,95.673828125,False,305,refine,staggered,"50,18,21,40,41,58,24,25",28820.919643797108
8,29117.54739607272,204.647336009657,930.625,True,306,warmup,staggered,"54,55,56,57,29,30,31,58",28912.900060063064
8,29209.527812338678,91.98041626595801,95.673828125,False,307,refine,staggered,"26,27,28,51,52,53,19,22",29117.54739607272
8,29301.508228604634,91.98041626595801,95.673828125,False,308,refine,staggered,"33,42,59,60,61,62,14,15",29209.527812338678
8,29393.48864487059,91.98041626595801,95.673828125,False,309,refine,staggered,"34,35,36,43,63,16,44,45",29301.508228604634
8,29485.469061136548,91.98041626595801,95.673828125,False,310,refine,staggered,"46,47,48,17,20,23,32,37",29393.48864487059
8,29577.449477402504,91.98041626595801,95.673828125,False,311,refine,staggered,"38,39,49,18,21,24,25,40",29485.469061136548
8,29669.42989366846,91.98041626595801,95.673828125,False,312,refine,staggered,"41,50,29,30,31,54,55,56",29577.449477402504
8,29761.410309934417,91.98041626595801,95.673828125,False,313,refine,staggered,"57,58,19,22,26,27,28,51",29669.42989366846
8,29853.390726200374,91.98041626595801,95.673828125,False,314,refine,staggered,"52,53,33,42,34,35,36,43",29761.410309934417
6,30019.024388825997,165.6336626256234,700.59375,True,315,warmup,staggered,"59,60,61,62,32,33",29853.390726200374
8,30111.004805091954,91.98041626595801,95.673828125,False,316,refine,staggered,"44,45,63,17,20,23,37,46",30019.024388825997
8,30202.98522135791,91.98041626595801,95.673828125,False,317,refine,staggered,"47,48,18,21,24,25,38,39",30111.004805091954
8,30294.965637623867,91.98041626595801,95.673828125,False,318,refine,staggered,"40,49,29,30,31,41,50,54",30202.98522135791
8,30386.946053889824,91.98041626595801,95.673828125,False,319,refine,staggered,"55,56,19,22,26,27,28,51",30294.965637623867
8,30478.92647015578,91.98041626595801,95.673828125,False,320,refine,staggered,"57,58,34,35,36,42,43,52",30386.946053889824
8,30570.906886421737,91.98041626595801,95.673828125,False,321,refine,staggered,"53,32,33,59,60,61,62,20",30478.92647015578
8,30662.887302687694,91.98041626595801,95.673828125,False,322,refine,staggered,"23,37,44,45,46,18,21,24",30570.906886421737
4,30773.30974443811,110.4224417504156,467.0625,False,323,warmup,staggered,"63,34,35,36",30662.887302687694
8,30865.290160704066,91.98041626595801,95.673828125,False,324,refine,staggered,"25,38,39,47,48,29,30,31",30773.30974443811
8,30957.270576970022,91.98041626595801,95.673828125,False,325,refine,staggered,"40,41,49,50,54,19,22,26",30865.290160704066
8,31049.25099323598,91.98041626595801,95.673828125,False,326,refine,staggered,"27,28,51,55,56,42,43,52",30957.270576970022
8,31141.231409501936,91.98041626595801,95.673828125,False,327,refine,staggered,"57,58,20,32,33,53,59,60",31049.25099323598
8,31233.211825767892,91.98041626595801,95.673828125,False,328,refine,staggered,"61,62,21,23,24,37,44,45",31141.231409501936
8,31325.19224203385,91.98041626595801,95.673828125,False,329,refine,staggered,"46,34,35,36,63,25,29,30",31233.211825767892
8,31417.172658299805,91.98041626595801,95.673828125,False,330,refine,staggered,"31,38,39,47,48,22,26,40",31325.19224203385
8,31509.153074565762,91.98041626595801,95.673828125,False,331,refine,staggered,"41,49,50,54,27,28,42,43",31417.172658299805
8,31601.13349083172,91.98041626595801,95.673828125,False,332,refine,staggered,"51,52,55,56,20,32,33,53",31509.153074565762
8,31693.113907097675,91.98041626595801,95.673828125,False,333,refine,staggered,"57,58,59,60,21,23,24,44",31601.13349083172
3,31801.120621853577,108.00671475590207,352.921875,False,334,warmup,staggered,"37,38,39",31693.113907097675
8,31893.101038119534,91.98041626595801,95.673828125,False,335,refine,staggered,"45,61,62,25,29,30,34,35",31801.120621853577
8,31985.08145438549,91.98041626595801,95.673828125,False,336,refine,staggered,"36,46,63,22,26,31,40,47",31893.101038119534
8,32077.061870651447,91.98041626595801,95.673828125,False,337,refine,staggered,"48,27,28,41,42,43,49,50",31985.08145438549
8,32169.042286917404,91.98041626595801,95.673828125,False,338,refine,staggered,"54,32,33,51,52,53,55,56",32077.061870651447
8,32261.02270318336,91.98041626595801,95.673828125,False,339,refine,staggered,"23,24,44,57,58,59,60,37",32169.042286917404
8,32353.003119449317,91.98041626595801,95.673828125,False,340,refine,staggered,"38,39,25,29,30,34,35,45",32261.02270318336
8,32444.983535715273,91.98041626595801,95.673828125,False,341,refine,staggered,"61,62,22,26,31,36,46,47",32353.003119449317
3,32552.990250471175,108.00671475590207,352.921875,False,342,warmup,staggered,"40,41,42",32444.983535715273
8,32644.970666737132,91.98041626595801,95.673828125,False,343,refine,staggered,"63,27,28,43,48,49,50,32",32552.990250471175
8,32736.95108300309,91.98041626595801,95.673828125,False,344,refine,staggered,"33,51,52,53,54,55,56,23",32644.970666737132
8,32828.93149926905,91.98041626595801,95.673828125,False,345,refine,staggered,"24,37,44,57,58,59,60,25",32736.95108300309
8,32920.911915535005,91.98041626595801,95.673828125,False,346,refine,staggered,"29,30,34,35,38,39,45,26",32828.93149926905
8,33012.89233180096,91.98041626595801,95.673828125,False,347,refine,staggered,"31,36,46,47,61,62,40,41",32920.911915535005
8,33104.87274806692,91.98041626595801,95.673828125,False,348,refine,staggered,"42,27,28,32,48,49,50,63",33012.89233180096
6,33270.50641069254,165.6336626256234,700.59375,True,349,warmup,staggered,"43,44,45,46,47,48",33104.87274806692
8,33362.4868269585,91.98041626595801,95.673828125,False,350,refine,staggered,"23,33,51,52,53,54,55,56",33270.50641069254
8,33454.467243224455,91.98041626595801,95.673828125,False,351,refine,staggered,"24,25,37,57,58,59,60,26",33362.4868269585
8,33546.44765949041,91.98041626595801,95.673828125,False,352,refine,staggered,"29,30,34,35,38,39,31,36",33454.467243224455
8,33638.42807575637,91.98041626595801,95.673828125,False,353,refine,staggered,"40,41,61,62,27,28,32,42",33546.44765949041
8,33730.408492022325,91.98041626595801,95.673828125,False,354,refine,staggered,"49,50,63,43,44,45,46,47",33638.42807575637
8,33822.38890828828,91.98041626595801,95.673828125,False,355,refine,staggered,"48,33,51,52,53,54,55,56",33730.408492022325
8,33914.36932455424,91.98041626595801,95.673828125,False,356,refine,staggered,"24,25,26,37,57,58,59,60",33822.38890828828
8,34006.349740820195,91.98041626595801,95.673828125,False,357,refine,staggered,"29,30,31,34,35,36,38,39",33914.36932455424
8,34098.33015708615,91.98041626595801,95.673828125,False,358,refine,staggered,"27,28,32,40,41,42,61,62",34006.349740820195
8,34190.31057335211,91.98041626595801,95.673828125,False,359,refine,staggered,"43,44,45,46,47,63,33,48",34098.33015708615
2,34262.31504985604,72.00447650393471,235.28125,False,360,warmup,staggered,"49,50",34190.31057335211
8,34354.295466122,91.98041626595801,95.673828125,False,361,refine,staggered,"51,52,53,54,55,56,37,57",34262.31504985604
8,34446.275882387956,91.98041626595801,95.673828125,False,362,refine,staggered,"58,59,60,29,30,31,34,35",34354.295466122
8,34538.25629865391,91.98041626595801,95.673828125,False,363,refine,staggered,"36,38,39,32,40,41,42,61",34446.275882387956
8,34630.23671491987,91.98041626595801,95.673828125,False,364,refine,staggered,"62,33,43,44,45,46,47,48",34538.25629865391
8,34722.217131185826,91.98041626595801,95.673828125,False,365,refine,staggered,"63,49,50,37,54,55,56,57",34630.23671491987
7,34901.283550194275,179.06641900844988,814.296875,True,366,warmup,staggered,"51,52,53,54,55,56,57",34722.217131185826
8,34993.26396646023,91.98041626595801,95.673828125,False,367,refine,staggered,"34,35,58,59,60,32,36,38",34901.283550194275
8,35085.24438272619,91.98041626595801,95.673828125,False,368,refine,staggered,"39,40,41,42,61,33,43,44",34993.26396646023
8,35177.224798992145,91.98041626595801,95.673828125,False,369,refine,staggered,"45,46,47,48,62,37,49,50",35085.24438272619
8,35269.2052152581,91.98041626595801,95.673828125,False,370,refine,staggered,"63,51,52,53,54,55,56,57",35177.224798992145
8,35361.18563152406,91.98041626595801,95.673828125,False,371,refine,staggered,"34,35,36,38,59,60,39,40",35269.2052152581
3,35469.19234627996,108.00671475590207,352.921875,False,372,warmup,staggered,"58,59,60",35361.18563152406
8,35561.17276254592,91.98041626595801,95.673828125,False,373,refine,staggered,"41,42,43,44,61,37,45,46",35469.19234627996
8,35653.153178811874,91.98041626595801,95.673828125,False,374,refine,staggered,"47,48,49,50,62,51,52,53",35561.17276254592
8,35745.13359507783,91.98041626595801,95.673828125,False,375,refine,staggered,"54,55,56,57,63,34,35,36",35653.153178811874
8,35837.11401134379,91.98041626595801,95.673828125,False,376,refine,staggered,"38,39,40,58,59,60,37,41",35745.13359507783
8,35929.09442760974,91.98041626595801,95.673828125,False,377,refine,staggered,"42,43,44,45,46,47,48,49",35837.11401134379
2,36001.09890411368,72.00447650393471,235.28125,False,378,warmup,staggered,"61,62",35929.09442760974
8,36093.079320379635,91.98041626595801,95.673828125,False,379,refine,staggered,"50,51,52,53,54,55,56,57",36001.09890411368
8,36185.05973664559,91.98041626595801,95.673828125,False,380,refine,staggered,"63,37,38,39,40,41,58,59",36093.079320379635
8,36277.04015291155,91.98041626595801,95.673828125,False,381,refine,staggered,"60,42,43,44,45,46,47,48",36185.05973664559
8,36369.020569177505,91.98041626595801,95.673828125,False,382,refine,staggered,"49,61,62,50,51,52,53,54",36277.04015291155
8,36461.00098544346,91.98041626595801,95.673828125,False,383,refine,staggered,"55,56,57,38,39,40,41,58",36369.020569177505
8,36552.98140170942,91.98041626595801,95.673828125,False,384,refine,staggered,"59,42,43,44,45,46,47,48",36461.00098544346
1,36591.68018245271,38.69878074328881,117.5458984375,False,385,warmup,staggered,63,36552.98140170942
8,36683.66059871866,91.98041626595801,95.673828125,False,386,refine,staggered,"60,49,50,51,52,53,54,61",36591.68018245271
8,36775.64101498462,91.98041626595801,95.673828125,False,387,refine,staggered,"62,40,41,55,56,57,58,42",36683.66059871866
8,36867.621431250576,91.98041626595801,95.673828125,False,388,refine,staggered,"43,44,45,46,47,48,59,63",36775.64101498462
8,36959.60184751653,91.98041626595801,95.673828125,False,389,refine,staggered,"49,50,51,52,53,54,60,61",36867.621431250576
8,37051.58226378249,91.98041626595801,95.673828125,False,390,refine,staggered,"55,56,57,58,62,43,44,45",36959.60184751653
8,37143.562680048446,91.98041626595801,95.673828125,False,391,refine,staggered,"46,47,48,59,63,49,50,51",37051.58226378249
8,37235.5430963144,91.98041626595801,95.673828125,False,392,refine,staggered,"52,53,54,60,61,55,56,57",37143.562680048446
8,37327.52351258036,91.98041626595801,95.673828125,False,393,refine,staggered,"58,62,49,50,51,59,63,52",37235.5430963144
8,37419.503928846316,91.98041626595801,95.673828125,False,394,refine,staggered,"53,54,55,56,57,60,61,49",37327.52351258036
8,37511.48434511227,91.98041626595801,95.673828125,False,395,refine,staggered,"50,51,52,58,59,62,63,53",37419.503928846316
8,37603.46476137823,91.98041626595801,95.673828125,False,396,refine,staggered,"54,55,56,57,60,61,51,52",37511.48434511227
8,37695.445177644186,91.98041626595801,95.673828125,False,397,refine,staggered,"53,58,59,62,63,54,55,56",37603.46476137823
7,37775.9280418769,80.48286423271327,83.714599609375,False,398,refine,staggered,"57,60,61,58,59,62,63",37695.445177644186
6,37856.63404436397,80.70600248707129,69.6591796875,False,399,refine,staggered,"58,59,60,61,62,63",37775.9280418769
4,37910.43804602202,53.804001658047525,46.439453125,False,400,refine,staggered,"60,61,62,63",37856.63404436397
3,37982.059088761824,71.62104273980154,33.9873046875,False,401,refine,staggered,"61,62,63",37910.43804602202
1,38026.6180889091,44.559000147273764,12.220703125,False,402,refine,staggered,63,37982.059088761824
4,110.4224417504156,110.4224417504156,467.0625,False,0,warmup,memory_gated,"0,1,2,3",0.0
4,164.22644340846313,53.804001658047525,46.439453125,False,1,refine,memory_gated,"0,1,2,3",110.4224417504156
4,218.03044506651065,53.804001658047525,46.439453125,False,2,refine,memory_gated,"0,1,2,3",164.22644340846313
4,271.8344467245582,53.804001658047525,46.439453125,False,3,refine,memory_gated,"0,1,2,3",218.03044506651065
4,325.6384483826057,53.804001658047525,46.439453125,False,4,refine,memory_gated,"0,1,2,3",271.8344467245582
4,379.4424500406532,53.804001658047525,46.439453125,False,5,refine,memory_gated,"0,1,2,3",325.6384483826057
4,433.24645169870075,53.804001658047525,46.439453125,False,6,refine,memory_gated,"0,1,2,3",379.4424500406532
4,487.0504533567483,53.804001658047525,46.439453125,False,7,refine,memory_gated,"0,1,2,3",433.24645169870075
4,540.8544550147958,53.804001658047525,46.439453125,False,8,refine,memory_gated,"0,1,2,3",487.0504533567483
4,594.6584566728434,53.804001658047525,46.439453125,False,9,refine,memory_gated,"0,1,2,3",540.8544550147958
4,648.462458330891,53.804001658047525,46.439453125,False,10,refine,memory_gated,"0,1,2,3",594.6584566728434
4,702.2664599889385,53.804001658047525,46.439453125,False,11,refine,memory_gated,"0,1,2,3",648.462458330891
4,812.6889017393542,110.4224417504156,467.0625,False,12,warmup,memory_gated,"4,5,6,7",702.2664599889385
4,866.4929033974017,53.804001658047525,46.439453125,False,13,refine,memory_gated,"4,5,6,7",812.6889017393542
4,920.2969050554493,53.804001658047525,46.439453125,False,14,refine,memory_gated,"4,5,6,7",866.4929033974017
4,974.1009067134969,53.804001658047525,46.439453125,False,15,refine,memory_gated,"4,5,6,7",920.2969050554493
4,1027.9049083715445,53.804001658047525,46.439453125,False,16,refine,memory_gated,"4,5,6,7",974.1009067134969
4,1081.708910029592,53.804001658047525,46.439453125,False,17,refine,memory_gated,"4,5,6,7",1027.9049083715445
4,1135.5129116876396,53.804001658047525,46.439453125,False,18,refine,memory_gated,"4,5,6,7",1081.708910029592
4,1189.3169133456872,53.804001658047525,46.439453125,False,19,refine,memory_gated,"4,5,6,7",1135.5129116876396
4,1243.1209150037348,53.804001658047525,46.439453125,False,20,refine,memory_gated,"4,5,6,7",1189.3169133456872
4,1296.9249166617824,53.804001658047525,46.439453125,False,21,refine,memory_gated,"4,5,6,7",1243.1209150037348
4,1350.72891831983,53.804001658047525,46.439453125,False,22,refine,memory_gated,"4,5,6,7",1296.9249166617824
4,1404.5329199778776,53.804001658047525,46.439453125,False,23,refine,memory_gated,"4,5,6,7",1350.72891831983
4,1514.9553617282932,110.4224417504156,467.0625,False,24,warmup,memory_gated,"8,9,10,11",1404.5329199778776
4,1568.7593633863407,53.804001658047525,46.439453125,False,25,refine,memory_gated,"8,9,10,11",1514.9553617282932
4,1622.5633650443883,53.804001658047525,46.439453125,False,26,refine,memory_gated,"8,9,10,11",1568.7593633863407
4,1676.367366702436,53.804001658047525,46.439453125,False,27,refine,memory_gated,"8,9,10,11",1622.5633650443883
4,1730.1713683604835,53.804001658047525,46.439453125,False,28,refine,memory_gated,"8,9,10,11",1676.367366702436
4,1783.975370018531,53.804001658047525,46.439453125,False,29,refine,memory_gated,"8,9,10,11",1730.1713683604835
4,1837.7793716765786,53.804001658047525,46.439453125,False,30,refine,memory_gated,"8,9,10,11",1783.975370018531
4,1891.5833733346262,53.804001658047525,46.439453125,False,31,refine,memory_gated,"8,9,10,11",1837.7793716765786
4,1945.3873749926738,53.804001658047525,46.439453125,False,32,refine,memory_gated,"8,9,10,11",1891.5833733346262
4,1999.1913766507214,53.804001658047525,46.439453125,False,33,refine,memory_gated,"8,9,10,11",1945.3873749926738
4,2052.995378308769,53.804001658047525,46.439453125,False,34,refine,memory_gated,"8,9,10,11",1999.1913766507214
4,2106.7993799668166,53.804001658047525,46.439453125,False,35,refine,memory_gated,"8,9,10,11",2052.995378308769
4,2217.221821717232,110.4224417504156,467.0625,False,36,warmup,memory_gated,"12,13,14,15",2106.7993799668166
4,2271.0258233752797,53.804001658047525,46.439453125,False,37,refine,memory_gated,"12,13,14,15",2217.221821717232
4,2324.8298250333273,53.804001658047525,46.439453125,False,38,refine,memory_gated,"12,13,14,15",2271.0258233752797
4,2378.633826691375,53.804001658047525,46.439453125,False,39,refine,memory_gated,"12,13,14,15",2324.8298250333273
4,2432.4378283494225,53.804001658047525,46.439453125,False,40,refine,memory_gated,"12,13,14,15",2378.633826691375
4,2486.24183000747,53.804001658047525,46.439453125,False,41,refine,memory_gated,"12,13,14,15",2432.4378283494225
4,2540.0458316655177,53.804001658047525,46.439453125,False,42,refine,memory_gated,"12,13,14,15",2486.24183000747
4,2593.8498333235652,53.804001658047525,46.439453125,False,43,refine,memory_gated,"12,13,14,15",2540.0458316655177
4,2647.653834981613,53.804001658047525,46.439453125,False,44,refine,memory_gated,"12,13,14,15",2593.8498333235652
4,2701.4578366396604,53.804001658047525,46.439453125,False,45,refine,memory_gated,"12,13,14,15",2647.653834981613
4,2755.261838297708,53.804001658047525,46.439453125,False,46,refine,memory_gated,"12,13,14,15",2701.4578366396604
4,2809.0658399557556,53.804001658047525,46.439453125,False,47,refine,memory_gated,"12,13,14,15",2755.261838297708
4,2919.488281706171,110.4224417504156,467.0625,False,48,warmup,memory_gated,"16,17,18,19",2809.0658399557556
4,2973.2922833642187,53.804001658047525,46.439453125,False,49,refine,memory_gated,"16,17,18,19",2919.488281706171
4,3027.0962850222663,53.804001658047525,46.439453125,False,50,refine,memory_gated,"16,17,18,19",2973.2922833642187
4,3080.900286680314,53.804001658047525,46.439453125,False,51,refine,memory_gated,"16,17,18,19",3027.0962850222663
4,3134.7042883383615,53.804001658047525,46.439453125,False,52,refine,memory_gated,"16,17,18,19",3080.900286680314
4,3188.508289996409,53.804001658047525,46.439453125,False,53,refine,memory_gated,"16,17,18,19",3134.7042883383615
4,3242.3122916544567,53.804001658047525,46.439453125,False,54,refine,memory_gated,"16,17,18,19",3188.508289996409
4,3296.1162933125042,53.804001658047525,46.439453125,False,55,refine,memory_gated,"16,17,18,19",3242.3122916544567
4,3349.920294970552,53.804001658047525,46.439453125,False,56,refine,memory_gated,"16,17,18,19",3296.1162933125042
4,3403.7242966285994,53.804001658047525,46.439453125,False,57,refine,memory_gated,"16,17,18,19",3349.920294970552
4,3457.528298286647,53.804001658047525,46.439453125,False,58,refine,memory_gated,"16,17,18,19",3403.7242966285994
4,3511.3322999446946,53.804001658047525,46.439453125,False,59,refine,memory_gated,"16,17,18,19",3457.528298286647
4,3621.75474169511,110.4224417504156,467.0625,False,60,warmup,memory_gated,"20,21,22,23",3511.3322999446946
4,3675.5587433531578,53.804001658047525,46.439453125,False,61,refine,memory_gated,"20,21,22,23",3621.75474169511
4,3729.3627450112053,53.804001658047525,46.439453125,False,62,refine,memory_gated,"20,21,22,23",3675.5587433531578
4,3783.166746669253,53.804001658047525,46.439453125,False,63,refine,memory_gated,"20,21,22,23",3729.3627450112053
4,3836.9707483273005,53.804001658047525,46.439453125,False,64,refine,memory_gated,"20,21,22,23",3783.166746669253
4,3890.774749985348,53.804001658047525,46.439453125,False,65,refine,memory_gated,"20,21,22,23",3836.9707483273005
4,3944.5787516433957,53.804001658047525,46.439453125,False,66,refine,memory_gated,"20,21,22,23",3890.774749985348
4,3998.3827533014432,53.804001658047525,46.439453125,False,67,refine,memory_gated,"20,21,22,23",3944.5787516433957
4,4052.186754959491,53.804001658047525,46.439453125,False,68,refine,memory_gated,"20,21,22,23",3998.3827533014432
4,4105.990756617538,53.804001658047525,46.439453125,False,69,refine,memory_gated,"20,21,22,23",4052.186754959491
4,4159.794758275585,53.804001658047525,46.439453125,False,70,refine,memory_gated,"20,21,22,23",4105.990756617538
4,4213.598759933632,53.804001658047525,46.439453125,False,71,refine,memory_gated,"20,21,22,23",4159.794758275585
4,4324.021201684048,110.4224417504156,467.0625,False,72,warmup,memory_gated,"24,25,26,27",4213.598759933632
4,4377.825203342095,53.804001658047525,46.439453125,False,73,refine,memory_gated,"24,25,26,27",4324.021201684048
4,4431.629205000142,53.804001658047525,46.439453125,False,74,refine,memory_gated,"24,25,26,27",4377.825203342095
4,4485.433206658189,53.804001658047525,46.439453125,False,75,refine,memory_gated,"24,25,26,27",4431.629205000142
4,4539.237208316236,53.804001658047525,46.439453125,False,76,refine,memory_gated,"24,25,26,27",4485.433206658189
4,4593.041209974283,53.804001658047525,46.439453125,False,77,refine,memory_gated,"24,25,26,27",4539.237208316236
4,4646.845211632331,53.804001658047525,46.439453125,False,78,refine,memory_gated,"24,25,26,27",4593.041209974283
4,4700.649213290378,53.804001658047525,46.439453125,False,79,refine,memory_gated,"24,25,26,27",4646.845211632331
4,4754.453214948425,53.804001658047525,46.439453125,False,80,refine,memory_gated,"24,25,26,27",4700.649213290378
4,4808.257216606472,53.804001658047525,46.439453125,False,81,refine,memory_gated,"24,25,26,27",4754.453214948425
4,4862.061218264519,53.804001658047525,46.439453125,False,82,refine,memory_gated,"24,25,26,27",4808.257216606472
4,4915.865219922566,53.804001658047525,46.439453125,False,83,refine,memory_gated,"24,25,26,27",4862.061218264519
4,5026.287661672982,110.4224417504156,467.0625,False,84,warmup,memory_gated,"28,29,30,31",4915.865219922566
4,5080.091663331029,53.804001658047525,46.439453125,False,85,refine,memory_gated,"28,29,30,31",5026.287661672982
4,5133.895664989076,53.804001658047525,46.439453125,False,86,refine,memory_gated,"28,29,30,31",5080.091663331029
4,5187.699666647123,53.804001658047525,46.439453125,False,87,refine,memory_gated,"28,29,30,31",5133.895664989076
4,5241.50366830517,53.804001658047525,46.439453125,False,88,refine,memory_gated,"28,29,30,31",5187.699666647123
4,5295.307669963217,53.804001658047525,46.439453125,False,89,refine,memory_gated,"28,29,30,31",5241.50366830517
4,5349.111671621265,53.804001658047525,46.439453125,False,90,refine,memory_gated,"28,29,30,31",5295.307669963217
4,5402.915673279312,53.804001658047525,46.439453125,False,91,refine,memory_gated,"28,29,30,31",5349.111671621265
4,5456.719674937359,53.804001658047525,46.439453125,False,92,refine,memory_gated,"28,29,30,31",5402.915673279312
4,5510.523676595406,53.804001658047525,46.439453125,False,93,refine,memory_gated,"28,29,30,31",5456.719674937359
4,5564.327678253453,53.804001658047525,46.439453125,False,94,refine,memory_gated,"28,29,30,31",5510.523676595406
4,5618.1316799115,53.804001658047525,46.439453125,False,95,refine,memory_gated,"28,29,30,31",5564.327678253453
4,5728.554121661916,110.4224417504156,467.0625,False,96,warmup,memory_gated,"32,33,34,35",5618.1316799115
4,5782.358123319963,53.804001658047525,46.439453125,False,97,refine,memory_gated,"32,33,34,35",5728.554121661916
4,5836.16212497801,53.804001658047525,46.439453125,False,98,refine,memory_gated,"32,33,34,35",5782.358123319963
4,5889.966126636057,53.804001658047525,46.439453125,False,99,refine,memory_gated,"32,33,34,35",5836.16212497801
4,5943.770128294104,53.804001658047525,46.439453125,False,100,refine,memory_gated,"32,33,34,35",5889.966126636057
4,5997.574129952151,53.804001658047525,46.439453125,False,101,refine,memory_gated,"32,33,34,35",5943.770128294104
4,6051.378131610199,53.804001658047525,46.439453125,False,102,refine,memory_gated,"32,33,34,35",5997.574129952151
4,6105.182133268246,53.804001658047525,46.439453125,False,103,refine,memory_gated,"32,33,34,35",6051.378131610199
4,6158.986134926293,53.804001658047525,46.439453125,False,104,refine,memory_gated,"32,33,34,35",6105.182133268246
4,6212.79013658434,53.804001658047525,46.439453125,False,105,refine,memory_gated,"32,33,34,35",6158.986134926293
4,6266.594138242387,53.804001658047525,46.439453125,False,106,refine,memory_gated,"32,33,34,35",6212.79013658434
4,6320.398139900434,53.804001658047525,46.439453125,False,107,refine,memory_gated,"32,33,34,35",6266.594138242387
4,6430.82058165085,110.4224417504156,467.0625,False,108,warmup,memory_gated,"36,37,38,39",6320.398139900434
4,6484.624583308897,53.804001658047525,46.439453125,False,109,refine,memory_gated,"36,37,38,39",6430.82058165085
4,6538.428584966944,53.804001658047525,46.439453125,False,110,refine,memory_gated,"36,37,38,39",6484.624583308897
4,6592.232586624991,53.804001658047525,46.439453125,False,111,refine,memory_gated,"36,37,38,39",6538.428584966944
4,6646.036588283038,53.804001658047525,46.439453125,False,112,refine,memory_gated,"36,37,38,39",6592.232586624991
4,6699.840589941085,53.804001658047525,46.439453125,False,113,refine,memory_gated,"36,37,38,39",6646.036588283038
4,6753.644591599133,53.804001658047525,46.439453125,False,114,refine,memory_gated,"36,37,38,39",6699.840589941085
4,6807.44859325718,53.804001658047525,46.439453125,False,115,refine,memory_gated,"36,37,38,39",6753.644591599133
4,6861.252594915227,53.804001658047525,46.439453125,False,116,refine,memory_gated,"36,37,38,39",6807.44859325718
4,6915.056596573274,53.804001658047525,46.439453125,False,117,refine,memory_gated,"36,37,38,39",6861.252594915227
4,6968.860598231321,53.804001658047525,46.439453125,False,118,refine,memory_gated,"36,37,38,39",6915.056596573274
4,7022.664599889368,53.804001658047525,46.439453125,False,119,refine,memory_gated,"36,37,38,39",6968.860598231321
4,7133.087041639784,110.4224417504156,467.0625,False,120,warmup,memory_gated,"40,41,42,43",7022.664599889368
4,7186.891043297831,53.804001658047525,46.439453125,False,121,refine,memory_gated,"40,41,42,43",7133.087041639784
4,7240.695044955878,53.804001658047525,46.439453125,False,122,refine,memory_gated,"40,41,42,43",7186.891043297831
4,7294.499046613925,53.804001658047525,46.439453125,False,123,refine,memory_gated,"40,41,42,43",7240.695044955878
4,7348.303048271972,53.804001658047525,46.439453125,False,124,refine,memory_gated,"40,41,42,43",7294.499046613925
4,7402.1070499300195,53.804001658047525,46.439453125,False,125,refine,memory_gated,"40,41,42,43",7348.303048271972
4,7455.911051588067,53.804001658047525,46.439453125,False,126,refine,memory_gated,"40,41,42,43",7402.1070499300195
4,7509.715053246114,53.804001658047525,46.439453125,False,127,refine,memory_gated,"40,41,42,43",7455.911051588067
4,7563.519054904161,53.804001658047525,46.439453125,False,128,refine,memory_gated,"40,41,42,43",7509.715053246114
4,7617.323056562208,53.804001658047525,46.439453125,False,129,refine,memory_gated,"40,41,42,43",7563.519054904161
4,7671.127058220255,53.804001658047525,46.439453125,False,130,refine,memory_gated,"40,41,42,43",7617.323056562208
4,7724.931059878302,53.804001658047525,46.439453125,False,131,refine,memory_gated,"40,41,42,43",7671.127058220255
4,7835.353501628718,110.4224417504156,467.0625,False,132,warmup,memory_gated,"44,45,46,47",7724.931059878302
4,7889.157503286765,53.804001658047525,46.439453125,False,133,refine,memory_gated,"44,45,46,47",7835.353501628718
4,7942.961504944812,53.804001658047525,46.439453125,False,134,refine,memory_gated,"44,45,46,47",7889.157503286765
4,7996.765506602859,53.804001658047525,46.439453125,False,135,refine,memory_gated,"44,45,46,47",7942.961504944812
4,8050.569508260906,53.804001658047525,46.439453125,False,136,refine,memory_gated,"44,45,46,47",7996.765506602859
4,8104.3735099189535,53.804001658047525,46.439453125,False,137,refine,memory_gated,"44,45,46,47",8050.569508260906
4,8158.177511577001,53.804001658047525,46.439453125,False,138,refine,memory_gated,"44,45,46,47",8104.3735099189535
4,8211.981513235049,53.804001658047525,46.439453125,False,139,refine,memory_gated,"44,45,46,47",8158.177511577001
4,8265.785514893096,53.804001658047525,46.439453125,False,140,refine,memory_gated,"44,45,46,47",8211.981513235049
4,8319.589516551143,53.804001658047525,46.439453125,False,141,refine,memory_gated,"44,45,46,47",8265.785514893096
4,8373.39351820919,53.804001658047525,46.439453125,False,142,refine,memory_gated,"44,45,46,47",8319.589516551143
4,8427.197519867237,53.804001658047525,46.439453125,False,143,refine,memory_gated,"44,45,46,47",8373.39351820919
4,8537.619961617653,110.4224417504156,467.0625,False,144,warmup,memory_gated,"48,49,50,51",8427.197519867237
4,8591.4239632757,53.804001658047525,46.439453125,False,145,refine,memory_gated,"48,49,50,51",8537.619961617653
4,8645.227964933747,53.804001658047525,46.439453125,False,146,refine,memory_gated,"48,49,50,51",8591.4239632757
4,8699.031966591794,53.804001658047525,46.439453125,False,147,refine,memory_gated,"48,49,50,51",8645.227964933747
4,8752.835968249841,53.804001658047525,46.439453125,False,148,refine,memory_gated,"48,49,50,51",8699.031966591794
4,8806.639969907888,53.804001658047525,46.439453125,False,149,refine,memory_gated,"48,49,50,51",8752.835968249841
4,8860.443971565935,53.804001658047525,46.439453125,False,150,refine,memory_gated,"48,49,50,51",8806.639969907888
4,8914.247973223983,53.804001658047525,46.439453125,False,151,refine,memory_gated,"48,49,50,51",8860.443971565935
4,8968.05197488203,53.804001658047525,46.439453125,False,152,refine,memory_gated,"48,49,50,51",8914.247973223983
4,9021.855976540077,53.804001658047525,46.439453125,False,153,refine,memory_gated,"48,49,50,51",8968.05197488203
4,9075.659978198124,53.804001658047525,46.439453125,False,154,refine,memory_gated,"48,49,50,51",9021.855976540077
4,9129.463979856171,53.804001658047525,46.439453125,False,155,refine,memory_gated,"48,49,50,51",9075.659978198124
4,9239.886421606587,110.4224417504156,467.0625,False,156,warmup,memory_gated,"52,53,54,55",9129.463979856171
4,9293.690423264634,53.804001658047525,46.439453125,False,157,refine,memory_gated,"52,53,54,55",9239.886421606587
4,9347.494424922681,53.804001658047525,46.439453125,False,158,refine,memory_gated,"52,53,54,55",9293.690423264634
4,9401.298426580728,53.804001658047525,46.439453125,False,159,refine,memory_gated,"52,53,54,55",9347.494424922681
4,9455.102428238775,53.804001658047525,46.439453125,False,160,refine,memory_gated,"52,53,54,55",9401.298426580728
4,9508.906429896822,53.804001658047525,46.439453125,False,161,refine,memory_gated,"52,53,54,55",9455.102428238775
4,9562.71043155487,53.804001658047525,46.439453125,False,162,refine,memory_gated,"52,53,54,55",9508.906429896822
4,9616.514433212917,53.804001658047525,46.439453125,False,163,refine,memory_gated,"52,53,54,55",9562.71043155487
4,9670.318434870964,53.804001658047525,46.439453125,False,164,refine,memory_gated,"52,53,54,55",9616.514433212917
4,9724.12243652901,53.804001658047525,46.439453125,False,165,refine,memory_gated,"52,53,54,55",9670.318434870964
4,9777.926438187058,53.804001658047525,46.439453125,False,166,refine,memory_gated,"52,53,54,55",9724.12243652901
4,9831.730439845105,53.804001658047525,46.439453125,False,167,refine,memory_gated,"52,53,54,55",9777.926438187058
4,9942.15288159552,110.4224417504156,467.0625,False,168,warmup,memory_gated,"56,57,58,59",9831.730439845105
4,9995.956883253568,53.804001658047525,46.439453125,False,169,refine,memory_gated,"56,57,58,59",9942.15288159552
4,10049.760884911615,53.804001658047525,46.439453125,False,170,refine,memory_gated,"56,57,58,59",9995.956883253568
4,10103.564886569662,53.804001658047525,46.439453125,False,171,refine,memory_gated,"56,57,58,59",10049.760884911615
4,10157.36888822771,53.804001658047525,46.439453125,False,172,refine,memory_gated,"56,57,58,59",10103.564886569662
4,10211.172889885756,53.804001658047525,46.439453125,False,173,refine,memory_gated,"56,57,58,59",10157.36888822771
4,10264.976891543804,53.804001658047525,46.439453125,False,174,refine,memory_gated,"56,57,58,59",10211.172889885756
4,10318.78089320185,53.804001658047525,46.439453125,False,175,refine,memory_gated,"56,57,58,59",10264.976891543804
4,10372.584894859898,53.804001658047525,46.439453125,False,176,refine,memory_gated,"56,57,58,59",10318.78089320185
4,10426.388896517945,53.804001658047525,46.439453125,False,177,refine,memory_gated,"56,57,58,59",10372.584894859898
4,10480.192898175992,53.804001658047525,46.439453125,False,178,refine,memory_gated,"56,57,58,59",10426.388896517945
4,10533.99689983404,53.804001658047525,46.439453125,False,179,refine,memory_gated,"56,57,58,59",10480.192898175992
4,10644.419341584455,110.4224417504156,467.0625,False,180,warmup,memory_gated,"60,61,62,63",10533.99689983404
4,10698.223343242502,53.804001658047525,46.439453125,False,181,refine,memory_gated,"60,61,62,63",10644.419341584455
4,10752.027344900549,53.804001658047525,46.439453125,False,182,refine,memory_gated,"60,61,62,63",10698.223343242502
4,10805.831346558596,53.804001658047525,46.439453125,False,183,refine,memory_gated,"60,61,62,63",10752.027344900549
4,10859.635348216643,53.804001658047525,46.439453125,False,184,refine,memory_gated,"60,61,62,63",10805.831346558596
4,10913.43934987469,53.804001658047525,46.439453125,False,185,refine,memory_gated,"60,61,62,63",10859.635348216643
4,10967.243351532738,53.804001658047525,46.439453125,False,186,refine,memory_gated,"60,61,62,63",10913.43934987469
4,11021.047353190785,53.804001658047525,46.439453125,False,187,refine,memory_gated,"60,61,62,63",10967.243351532738
4,11074.851354848832,53.804001658047525,46.439453125,False,188,refine,memory_gated,"60,61,62,63",11021.047353190785
4,11128.655356506879,53.804001658047525,46.439453125,False,189,refine,memory_gated,"60,61,62,63",11074.851354848832
4,11182.459358164926,53.804001658047525,46.439453125,False,190,refine,memory_gated,"60,61,62,63",11128.655356506879
4,11236.263359822973,53.804001658047525,46.439453125,False,191,refine,memory_gated,"60,61,62,63",11182.459358164926
4,11346.685801573389,110.4224417504156,467.0625,False,192,warmup,memory_gated,"0,1,2,3",11236.263359822973
4,11400.489803231436,53.804001658047525,46.439453125,False,193,refine,memory_gated,"0,1,2,3",11346.685801573389
4,11454.293804889483,53.804001658047525,46.439453125,False,194,refine,memory_gated,"0,1,2,3",11400.489803231436
4,11508.09780654753,53.804001658047525,46.439453125,False,195,refine,memory_gated,"0,1,2,3",11454.293804889483
4,11561.901808205577,53.804001658047525,46.439453125,False,196,refine,memory_gated,"0,1,2,3",11508.09780654753
4,11615.705809863624,53.804001658047525,46.439453125,False,197,refine,memory_gated,"0,1,2,3",11561.901808205577
4,11669.509811521672,53.804001658047525,46.439453125,False,198,refine,memory_gated,"0,1,2,3",11615.705809863624
4,11723.313813179719,53.804001658047525,46.439453125,False,199,refine,memory_gated,"0,1,2,3",11669.509811521672
4,11777.117814837766,53.804001658047525,46.439453125,False,200,refine,memory_gated,"0,1,2,3",11723.313813179719
4,11830.921816495813,53.804001658047525,46.439453125,False,201,refine,memory_gated,"0,1,2,3",11777.117814837766
4,11884.72581815386,53.804001658047525,46.439453125,False,202,refine,memory_gated,"0,1,2,3",11830.921816495813
4,11995.148259904276,110.4224417504156,467.0625,False,203,warmup,memory_gated,"4,5,6,7",11884.72581815386
4,12048.952261562323,53.804001658047525,46.439453125,False,204,refine,memory_gated,"4,5,6,7",11995.148259904276
4,12102.75626322037,53.804001658047525,46.439453125,False,205,refine,memory_gated,"4,5,6,7",12048.952261562323
4,12156.560264878417,53.804001658047525,46.439453125,False,206,refine,memory_gated,"4,5,6,7",12102.75626322037
4,12210.364266536464,53.804001658047525,46.439453125,False,207,refine,memory_gated,"4,5,6,7",12156.560264878417
4,12264.168268194511,53.804001658047525,46.439453125,False,208,refine,memory_gated,"4,5,6,7",12210.364266536464
4,12317.972269852558,53.804001658047525,46.439453125,False,209,refine,memory_gated,"4,5,6,7",12264.168268194511
4,12371.776271510606,53.804001658047525,46.439453125,False,210,refine,memory_gated,"4,5,6,7",12317.972269852558
4,12425.580273168653,53.804001658047525,46.439453125,False,211,refine,memory_gated,"4,5,6,7",12371.776271510606
4,12479.3842748267,53.804001658047525,46.439453125,False,212,refine,memory_gated,"4,5,6,7",12425.580273168653
4,12533.188276484747,53.804001658047525,46.439453125,False,213,refine,memory_gated,"4,5,6,7",12479.3842748267
4,12643.610718235162,110.4224417504156,467.0625,False,214,warmup,memory_gated,"8,9,10,11",12533.188276484747
4,12697.41471989321,53.804001658047525,46.439453125,False,215,refine,memory_gated,"8,9,10,11",12643.610718235162
4,12751.218721551257,53.804001658047525,46.439453125,False,216,refine,memory_gated,"8,9,10,11",12697.41471989321
4,12805.022723209304,53.804001658047525,46.439453125,False,217,refine,memory_gated,"8,9,10,11",12751.218721551257
4,12858.826724867351,53.804001658047525,46.439453125,False,218,refine,memory_gated,"8,9,10,11",12805.022723209304
4,12912.630726525398,53.804001658047525,46.439453125,False,219,refine,memory_gated,"8,9,10,11",12858.826724867351
4,12966.434728183445,53.804001658047525,46.439453125,False,220,refine,memory_gated,"8,9,10,11",12912.630726525398
4,13020.238729841492,53.804001658047525,46.439453125,False,221,refine,memory_gated,"8,9,10,11",12966.434728183445
4,13074.04273149954,53.804001658047525,46.439453125,False,222,refine,memory_gated,"8,9,10,11",13020.238729841492
4,13127.846733157587,53.804001658047525,46.439453125,False,223,refine,memory_gated,"8,9,10,11",13074.04273149954
4,13181.650734815634,53.804001658047525,46.439453125,False,224,refine,memory_gated,"8,9,10,11",13127.846733157587
4,13292.07317656605,110.4224417504156,467.0625,False,225,warmup,memory_gated,"12,13,14,15",13181.650734815634
4,13345.877178224096,53.804001658047525,46.439453125,False,226,refine,memory_gated,"12,13,14,15",13292.07317656605
4,13399.681179882144,53.804001658047525,46.439453125,False,227,refine,memory_gated,"12,13,14,15",13345.877178224096
4,13453.48518154019,53.804001658047525,46.439453125,False,228,refine,memory_gated,"12,13,14,15",13399.681179882144
4,13507.289183198238,53.804001658047525,46.439453125,False,229,refine,memory_gated,"12,13,14,15",13453.48518154019
4,13561.093184856285,53.804001658047525,46.439453125,False,230,refine,memory_gated,"12,13,14,15",13507.289183198238
4,13614.897186514332,53.804001658047525,46.439453125,False,231,refine,memory_gated,"12,13,14,15",13561.093184856285
4,13668.70118817238,53.804001658047525,46.439453125,False,232,refine,memory_gated,"12,13,14,15",13614.897186514332
4,13722.505189830426,53.804001658047525,46.439453125,False,233,refine,memory_gated,"12,13,14,15",13668.70118817238
4,13776.309191488474,53.804001658047525,46.439453125,False,234,refine,memory_gated,"12,13,14,15",13722.505189830426
4,13830.11319314652,53.804001658047525,46.439453125,False,235,refine,memory_gated,"12,13,14,15",13776.309191488474
4,13940.535634896936,110.4224417504156,467.0625,False,236,warmup,memory_gated,"16,17,18,19",13830.11319314652
4,13994.339636554983,53.804001658047525,46.439453125,False,237,refine,memory_gated,"16,17,18,19",13940.535634896936
4,14048.14363821303,53.804001658047525,46.439453125,False,238,refine,memory_gated,"16,17,18,19",13994.339636554983
4,14101.947639871078,53.804001658047525,46.439453125,False,239,refine,memory_gated,"16,17,18,19",14048.14363821303
4,14155.751641529125,53.804001658047525,46.439453125,False,240,refine,memory_gated,"16,17,18,19",14101.947639871078
4,14209.555643187172,53.804001658047525,46.439453125,False,241,refine,memory_gated,"16,17,18,19",14155.751641529125
4,14263.359644845219,53.804001658047525,46.439453125,False,242,refine,memory_gated,"16,17,18,19",14209.555643187172
4,14317.163646503266,53.804001658047525,46.439453125,False,243,refine,memory_gated,"16,17,18,19",14263.359644845219
4,14370.967648161313,53.804001658047525,46.439453125,False,244,refine,memory_gated,"16,17,18,19",14317.163646503266
4,14424.77164981936,53.804001658047525,46.439453125,False,245,refine,memory_gated,"16,17,18,19",14370.967648161313
4,14478.575651477408,53.804001658047525,46.439453125,False,246,refine,memory_gated,"16,17,18,19",14424.77164981936
4,14588.998093227823,110.4224417504156,467.0625,False,247,warmup,memory_gated,"20,21,22,23",14478.575651477408
4,14642.80209488587,53.804001658047525,46.439453125,False,248,refine,memory_gated,"20,21,22,23",14588.998093227823
4,14696.606096543917,53.804001658047525,46.439453125,False,249,refine,memory_gated,"20,21,22,23",14642.80209488587
4,14750.410098201965,53.804001658047525,46.439453125,False,250,refine,memory_gated,"20,21,22,23",14696.606096543917
4,14804.214099860012,53.804001658047525,46.439453125,False,251,refine,memory_gated,"20,21,22,23",14750.410098201965
4,14858.018101518059,53.804001658047525,46.439453125,False,252,refine,memory_gated,"20,21,22,23",14804.214099860012
4,14911.822103176106,53.804001658047525,46.439453125,False,253,refine,memory_gated,"20,21,22,23",14858.018101518059
4,14965.626104834153,53.804001658047525,46.439453125,False,254,refine,memory_gated,"20,21,22,23",14911.822103176106
4,15019.4301064922,53.804001658047525,46.439453125,False,255,refine,memory_gated,"20,21,22,23",14965.626104834153
4,15073.234108150247,53.804001658047525,46.439453125,False,256,refine,memory_gated,"20,21,22,23",15019.4301064922
4,15127.038109808294,53.804001658047525,46.439453125,False,257,refine,memory_gated,"20,21,22,23",15073.234108150247
4,15237.46055155871,110.4224417504156,467.0625,False,258,warmup,memory_gated,"24,25,26,27",15127.038109808294
4,15291.264553216757,53.804001658047525,46.439453125,False,259,refine,memory_gated,"24,25,26,27",15237.46055155871
4,15345.068554874804,53.804001658047525,46.439453125,False,260,refine,memory_gated,"24,25,26,27",15291.264553216757
4,15398.872556532851,53.804001658047525,46.439453125,False,261,refine,memory_gated,"24,25,26,27",15345.068554874804
4,15452.676558190899,53.804001658047525,46.439453125,False,262,refine,memory_gated,"24,25,26,27",15398.872556532851
4,15506.480559848946,53.804001658047525,46.439453125,False,263,refine,memory_gated,"24,25,26,27",15452.676558190899
4,15560.284561506993,53.804001658047525,46.439453125,False,264,refine,memory_gated,"24,25,26,27",15506.480559848946
4,15614.08856316504,53.804001658047525,46.439453125,False,265,refine,memory_gated,"24,25,26,27",15560.284561506993
4,15667.892564823087,53.804001658047525,46.439453125,False,266,refine,memory_gated,"24,25,26,27",15614.08856316504
4,15721.696566481134,53.804001658047525,46.439453125,False,267,refine,memory_gated,"24,25,26,27",15667.892564823087
4,15775.500568139181,53.804001658047525,46.439453125,False,268,refine,memory_gated,"24,25,26,27",15721.696566481134
4,15885.923009889597,110.4224417504156,467.0625,False,269,warmup,memory_gated,"28,29,30,31",15775.500568139181
4,15939.727011547644,53.804001658047525,46.439453125,False,270,refine,memory_gated,"28,29,30,31",15885.923009889597
4,15993.531013205691,53.804001658047525,46.439453125,False,271,refine,memory_gated,"28,29,30,31",15939.727011547644
4,16047.335014863738,53.804001658047525,46.439453125,False,272,refine,memory_gated,"28,29,30,31",15993.531013205691
4,16101.139016521785,53.804001658047525,46.439453125,False,273,refine,memory_gated,"28,29,30,31",16047.335014863738
4,16154.943018179833,53.804001658047525,46.439453125,False,274,refine,memory_gated,"28,29,30,31",16101.139016521785
4,16208.74701983788,53.804001658047525,46.439453125,False,275,refine,memory_gated,"28,29,30,31",16154.943018179833
4,16262.551021495927,53.804001658047525,46.439453125,False,276,refine,memory_gated,"28,29,30,31",16208.74701983788
4,16316.355023153974,53.804001658047525,46.439453125,False,277,refine,memory_gated,"28,29,30,31",16262.551021495927
4,16370.159024812021,53.804001658047525,46.439453125,False,278,refine,memory_gated,"28,29,30,31",16316.355023153974
4,16423.963026470068,53.804001658047525,46.439453125,False,279,refine,memory_gated,"28,29,30,31",16370.159024812021
4,16534.385468220484,110.4224417504156,467.0625,False,280,warmup,memory_gated,"32,33,34,35",16423.963026470068
4,16588.189469878533,53.804001658047525,46.439453125,False,281,refine,memory_gated,"32,33,34,35",16534.385468220484
4,16641.99347153658,53.804001658047525,46.439453125,False,282,refine,memory_gated,"32,33,34,35",16588.189469878533
4,16695.79747319463,53.804001658047525,46.439453125,False,283,refine,memory_gated,"32,33,34,35",16641.99347153658
4,16749.60147485268,53.804001658047525,46.439453125,False,284,refine,memory_gated,"32,33,34,35",16695.79747319463
4,16803.40547651073,53.804001658047525,46.439453125,False,285,refine,memory_gated,"32,33,34,35",16749.60147485268
4,16857.209478168777,53.804001658047525,46.439453125,False,286,refine,memory_gated,"32,33,34,35",16803.40547651073
4,16911.013479826826,53.804001658047525,46.439453125,False,287,refine,memory_gated,"32,33,34,35",16857.209478168777
4,16964.817481484875,53.804001658047525,46.439453125,False,288,refine,memory_gated,"32,33,34,35",16911.013479826826
4,17018.621483142924,53.804001658047525,46.439453125,False,289,refine,memory_gated,"32,33,34,35",16964.817481484875
4,17072.425484800973,53.804001658047525,46.439453125,False,290,refine,memory_gated,"32,33,34,35",17018.621483142924
4,17182.84792655139,110.4224417504156,467.0625,False,291,warmup,memory_gated,"36,37,38,39",17072.425484800973
4,17236.651928209438,53.804001658047525,46.439453125,False,292,refine,memory_gated,"36,37,38,39",17182.84792655139
4,17290.455929867487,53.804001658047525,46.439453125,False,293,refine,memory_gated,"36,37,38,39",17236.651928209438
4,17344.259931525536,53.804001658047525,46.439453125,False,294,refine,memory_gated,"36,37,38,39",17290.455929867487
4,17398.063933183585,53.804001658047525,46.439453125,False,295,refine,memory_gated,"36,37,38,39",17344.259931525536
4,17451.867934841634,53.804001658047525,46.439453125,False,296,refine,memory_gated,"36,37,38,39",17398.063933183585
4,17505.671936499682,53.804001658047525,46.439453125,False,297,refine,memory_gated,"36,37,38,39",17451.867934841634
4,17559.47593815773,53.804001658047525,46.439453125,False,298,refine,memory_gated,"36,37,38,39",17505.671936499682
4,17613.27993981578,53.804001658047525,46.439453125,False,299,refine,memory_gated,"36,37,38,39",17559.47593815773
4,17667.08394147383,53.804001658047525,46.439453125,False,300,refine,memory_gated,"36,37,38,39",17613.27993981578
4,17720.88794313188,53.804001658047525,46.439453125,False,301,refine,memory_gated,"36,37,38,39",17667.08394147383
4,17831.310384882294,110.4224417504156,467.0625,False,302,warmup,memory_gated,"40,41,42,43",17720.88794313188
4,17885.114386540343,53.804001658047525,46.439453125,False,303,refine,memory_gated,"40,41,42,43",17831.310384882294
4,17938.91838819839,53.804001658047525,46.439453125,False,304,refine,memory_gated,"40,41,42,43",17885.114386540343
4,17992.72238985644,53.804001658047525,46.439453125,False,305,refine,memory_gated,"40,41,42,43",17938.91838819839
4,18046.52639151449,53.804001658047525,46.439453125,False,306,refine,memory_gated,"40,41,42,43",17992.72238985644
4,18100.33039317254,53.804001658047525,46.439453125,False,307,refine,memory_gated,"40,41,42,43",18046.52639151449
4,18154.134394830588,53.804001658047525,46.439453125,False,308,refine,memory_gated,"40,41,42,43",18100.33039317254
4,18207.938396488636,53.804001658047525,46.439453125,False,309,refine,memory_gated,"40,41,42,43",18154.134394830588
4,18261.742398146685,53.804001658047525,46.439453125,False,310,refine,memory_gated,"40,41,42,43",18207.938396488636
4,18315.546399804734,53.804001658047525,46.439453125,False,311,refine,memory_gated,"40,41,42,43",18261.742398146685
4,18369.350401462783,53.804001658047525,46.439453125,False,312,refine,memory_gated,"40,41,42,43",18315.546399804734
4,18479.7728432132,110.4224417504156,467.0625,False,313,warmup,memory_gated,"44,45,46,47",18369.350401462783
4,18533.576844871248,53.804001658047525,46.439453125,False,314,refine,memory_gated,"44,45,46,47",18479.7728432132
4,18587.380846529297,53.804001658047525,46.439453125,False,315,refine,memory_gated,"44,45,46,47",18533.576844871248
4,18641.184848187346,53.804001658047525,46.439453125,False,316,refine,memory_gated,"44,45,46,47",18587.380846529297
4,18694.988849845395,53.804001658047525,46.439453125,False,317,refine,memory_gated,"44,45,46,47",18641.184848187346
4,18748.792851503444,53.804001658047525,46.439453125,False,318,refine,memory_gated,"44,45,46,47",18694.988849845395
4,18802.596853161493,53.804001658047525,46.439453125,False,319,refine,memory_gated,"44,45,46,47",18748.792851503444
4,18856.40085481954,53.804001658047525,46.439453125,False,320,refine,memory_gated,"44,45,46,47",18802.596853161493
4,18910.20485647759,53.804001658047525,46.439453125,False,321,refine,memory_gated,"44,45,46,47",18856.40085481954
4,18964.00885813564,53.804001658047525,46.439453125,False,322,refine,memory_gated,"44,45,46,47",18910.20485647759
4,19017.81285979369,53.804001658047525,46.439453125,False,323,refine,memory_gated,"44,45,46,47",18964.00885813564
4,19128.235301544104,110.4224417504156,467.0625,False,324,warmup,memory_gated,"48,49,50,51",19017.81285979369
4,19182.039303202153,53.804001658047525,46.439453125,False,325,refine,memory_gated,"48,49,50,51",19128.235301544104
4,19235.843304860202,53.804001658047525,46.439453125,False,326,refine,memory_gated,"48,49,50,51",19182.039303202153
4,19289.64730651825,53.804001658047525,46.439453125,False,327,refine,memory_gated,"48,49,50,51",19235.843304860202
4,19343.4513081763,53.804001658047525,46.439453125,False,328,refine,memory_gated,"48,49,50,51",19289.64730651825
4,19397.25530983435,53.804001658047525,46.439453125,False,329,refine,memory_gated,"48,49,50,51",19343.4513081763
4,19451.059311492398,53.804001658047525,46.439453125,False,330,refine,memory_gated,"48,49,50,51",19397.25530983435
4,19504.863313150447,53.804001658047525,46.439453125,False,331,refine,memory_gated,"48,49,50,51",19451.059311492398
4,19558.667314808496,53.804001658047525,46.439453125,False,332,refine,memory_gated,"48,49,50,51",19504.863313150447
4,19612.471316466545,53.804001658047525,46.439453125,False,333,refine,memory_gated,"48,49,50,51",19558.667314808496
4,19666.275318124593,53.804001658047525,46.439453125,False,334,refine,memory_gated,"48,49,50,51",19612.471316466545
4,19776.69775987501,110.4224417504156,467.0625,False,335,warmup,memory_gated,"52,53,54,55",19666.275318124593
4,19830.501761533058,53.804001658047525,46.439453125,False,336,refine,memory_gated,"52,53,54,55",19776.69775987501
4,19884.305763191107,53.804001658047525,46.439453125,False,337,refine,memory_gated,"52,53,54,55",19830.501761533058
4,19938.109764849156,53.804001658047525,46.439453125,False,338,refine,memory_gated,"52,53,54,55",19884.305763191107
4,19991.913766507205,53.804001658047525,46.439453125,False,339,refine,memory_gated,"52,53,54,55",19938.109764849156
4,20045.717768165254,53.804001658047525,46.439453125,False,340,refine,memory_gated,"52,53,54,55",19991.913766507205
4,20099.521769823303,53.804001658047525,46.439453125,False,341,refine,memory_gated,"52,53,54,55",20045.717768165254
4,20153.32577148135,53.804001658047525,46.439453125,False,342,refine,memory_gated,"52,53,54,55",20099.521769823303
4,20207.1297731394,53.804001658047525,46.439453125,False,343,refine,memory_gated,"52,53,54,55",20153.32577148135
4,20260.93377479745,53.804001658047525,46.439453125,False,344,refine,memory_gated,"52,53,54,55",20207.1297731394
4,20314.7377764555,53.804001658047525,46.439453125,False,345,refine,memory_gated,"52,53,54,55",20260.93377479745
4,20425.160218205914,110.4224417504156,467.0625,False,346,warmup,memory_gated,"56,57,58,59",20314.7377764555
4,20478.964219863963,53.804001658047525,46.439453125,False,347,refine,memory_gated,"56,57,58,59",20425.160218205914
4,20532.768221522012,53.804001658047525,46.439453125,False,348,refine,memory_gated,"56,57,58,59",20478.964219863963
4,20586.57222318006,53.804001658047525,46.439453125,False,349,refine,memory_gated,"56,57,58,59",20532.768221522012
4,20640.37622483811,53.804001658047525,46.439453125,False,350,refine,memory_gated,"56,57,58,59",20586.57222318006
4,20694.18022649616,53.804001658047525,46.439453125,False,351,refine,memory_gated,"56,57,58,59",20640.37622483811
4,20747.984228154208,53.804001658047525,46.439453125,False,352,refine,memory_gated,"56,57,58,59",20694.18022649616
4,20801.788229812257,53.804001658047525,46.439453125,False,353,refine,memory_gated,"56,57,58,59",20747.984228154208
4,20855.592231470306,53.804001658047525,46.439453125,False,354,refine,memory_gated,"56,57,58,59",20801.788229812257
4,20909.396233128355,53.804001658047525,46.439453125,False,355,refine,memory_gated,"56,57,58,59",20855.592231470306
4,20963.200234786404,53.804001658047525,46.439453125,False,356,refine,memory_gated,"56,57,58,59",20909.396233128355
4,21073.62267653682,110.4224417504156,467.0625,False,357,warmup,memory_gated,"60,61,62,63",20963.200234786404
4,21127.426678194868,53.804001658047525,46.439453125,False,358,refine,memory_gated,"60,61,62,63",21073.62267653682
4,21181.230679852917,53.804001658047525,46.439453125,False,359,refine,memory_gated,"60,61,62,63",21127.426678194868
4,21235.034681510966,53.804001658047525,46.439453125,False,360,refine,memory_gated,"60,61,62,63",21181.230679852917
4,21288.838683169015,53.804001658047525,46.439453125,False,361,refine,memory_gated,"60,61,62,63",21235.034681510966
4,21342.642684827064,53.804001658047525,46.439453125,False,362,refine,memory_gated,"60,61,62,63",21288.838683169015
4,21396.446686485113,53.804001658047525,46.439453125,False,363,refine,memory_gated,"60,61,62,63",21342.642684827064
4,21450.250688143162,53.804001658047525,46.439453125,False,364,refine,memory_gated,"60,61,62,63",21396.446686485113
4,21504.05468980121,53.804001658047525,46.439453125,False,365,refine,memory_gated,"60,61,62,63",21450.250688143162
4,21557.85869145926,53.804001658047525,46.439453125,False,366,refine,memory_gated,"60,61,62,63",21504.05468980121
4,21611.66269311731,53.804001658047525,46.439453125,False,367,refine,memory_gated,"60,61,62,63",21557.85869145926
4,21722.085134867724,110.4224417504156,467.0625,False,368,warmup,memory_gated,"0,1,2,3",21611.66269311731
4,21775.889136525773,53.804001658047525,46.439453125,False,369,refine,memory_gated,"0,1,2,3",21722.085134867724
4,21829.693138183822,53.804001658047525,46.439453125,False,370,refine,memory_gated,"0,1,2,3",21775.889136525773
4,21883.49713984187,53.804001658047525,46.439453125,False,371,refine,memory_gated,"0,1,2,3",21829.693138183822
4,21937.30114149992,53.804001658047525,46.439453125,False,372,refine,memory_gated,"0,1,2,3",21883.49713984187
4,21991.10514315797,53.804001658047525,46.439453125,False,373,refine,memory_gated,"0,1,2,3",21937.30114149992
4,22044.909144816018,53.804001658047525,46.439453125,False,374,refine,memory_gated,"0,1,2,3",21991.10514315797
4,22098.713146474067,53.804001658047525,46.439453125,False,375,refine,memory_gated,"0,1,2,3",22044.909144816018
4,22152.517148132116,53.804001658047525,46.439453125,False,376,refine,memory_gated,"0,1,2,3",22098.713146474067
4,22206.321149790165,53.804001658047525,46.439453125,False,377,refine,memory_gated,"0,1,2,3",22152.517148132116
4,22260.125151448214,53.804001658047525,46.439453125,False,378,refine,memory_gated,"0,1,2,3",22206.321149790165
4,22370.54759319863,110.4224417504156,467.0625,False,379,warmup,memory_gated,"4,5,6,7",22260.125151448214
4,22424.35159485668,53.804001658047525,46.439453125,False,380,refine,memory_gated,"4,5,6,7",22370.54759319863
4,22478.155596514727,53.804001658047525,46.439453125,False,381,refine,memory_gated,"4,5,6,7",22424.35159485668
4,22531.959598172776,53.804001658047525,46.439453125,False,382,refine,memory_gated,"4,5,6,7",22478.155596514727
4,22585.763599830825,53.804001658047525,46.439453125,False,383,refine,memory_gated,"4,5,6,7",22531.959598172776
4,22639.567601488874,53.804001658047525,46.439453125,False,384,refine,memory_gated,"4,5,6,7",22585.763599830825
4,22693.371603146923,53.804001658047525,46.439453125,False,385,refine,memory_gated,"4,5,6,7",22639.567601488874
4,22747.175604804972,53.804001658047525,46.439453125,False,386,refine,memory_gated,"4,5,6,7",22693.371603146923
4,22800.97960646302,53.804001658047525,46.439453125,False,387,refine,memory_gated,"4,5,6,7",22747.175604804972
4,22854.78360812107,53.804001658047525,46.439453125,False,388,refine,memory_gated,"4,5,6,7",22800.97960646302
4,22908.58760977912,53.804001658047525,46.439453125,False,389,refine,memory_gated,"4,5,6,7",22854.78360812107
4,23019.010051529534,110.4224417504156,467.0625,False,390,warmup,memory_gated,"8,9,10,11",22908.58760977912
4,23072.814053187583,53.804001658047525,46.439453125,False,391,refine,memory_gated,"8,9,10,11",23019.010051529534
4,23126.618054845632,53.804001658047525,46.439453125,False,392,refine,memory_gated,"8,9,10,11",23072.814053187583
4,23180.42205650368,53.804001658047525,46.439453125,False,393,refine,memory_gated,"8,9,10,11",23126.618054845632
4,23234.22605816173,53.804001658047525,46.439453125,False,394,refine,memory_gated,"8,9,10,11",23180.42205650368
4,23288.03005981978,53.804001658047525,46.439453125,False,395,refine,memory_gated,"8,9,10,11",23234.22605816173
4,23341.834061477828,53.804001658047525,46.439453125,False,396,refine,memory_gated,"8,9,10,11",23288.03005981978
4,23395.638063135877,53.804001658047525,46.439453125,False,397,refine,memory_gated,"8,9,10,11",23341.834061477828
4,23449.442064793926,53.804001658047525,46.439453125,False,398,refine,memory_gated,"8,9,10,11",23395.638063135877
4,23503.246066451975,53.804001658047525,46.439453125,False,399,refine,memory_gated,"8,9,10,11",23449.442064793926
4,23557.050068110024,53.804001658047525,46.439453125,False,400,refine,memory_gated,"8,9,10,11",23503.246066451975
4,23667.47250986044,110.4224417504156,467.0625,False,401,warmup,memory_gated,"12,13,14,15",23557.050068110024
4,23721.27651151849,53.804001658047525,46.439453125,False,402,refine,memory_gated,"12,13,14,15",23667.47250986044
4,23775.080513176537,53.804001658047525,46.439453125,False,403,refine,memory_gated,"12,13,14,15",23721.27651151849
4,23828.884514834586,53.804001658047525,46.439453125,False,404,refine,memory_gated,"12,13,14,15",23775.080513176537
4,23882.688516492635,53.804001658047525,46.439453125,False,405,refine,memory_gated,"12,13,14,15",23828.884514834586
4,23936.492518150684,53.804001658047525,46.439453125,False,406,refine,memory_gated,"12,13,14,15",23882.688516492635
4,23990.296519808733,53.804001658047525,46.439453125,False,407,refine,memory_gated,"12,13,14,15",23936.492518150684
4,24044.100521466782,53.804001658047525,46.439453125,False,408,refine,memory_gated,"12,13,14,15",23990.296519808733
4,24097.90452312483,53.804001658047525,46.439453125,False,409,refine,memory_gated,"12,13,14,15",24044.100521466782
4,24151.70852478288,53.804001658047525,46.439453125,False,410,refine,memory_gated,"12,13,14,15",24097.90452312483
4,24205.51252644093,53.804001658047525,46.439453125,False,411,refine,memory_gated,"12,13,14,15",24151.70852478288
4,24315.934968191345,110.4224417504156,467.0625,False,412,warmup,memory_gated,"16,17,18,19",24205.51252644093
4,24369.738969849393,53.804001658047525,46.439453125,False,413,refine,memory_gated,"16,17,18,19",24315.934968191345
4,24423.542971507442,53.804001658047525,46.439453125,False,414,refine,memory_gated,"16,17,18,19",24369.738969849393
4,24477.34697316549,53.804001658047525,46.439453125,False,415,refine,memory_gated,"16,17,18,19",24423.542971507442
4,24531.15097482354,53.804001658047525,46.439453125,False,416,refine,memory_gated,"16,17,18,19",24477.34697316549
4,24584.95497648159,53.804001658047525,46.439453125,False,417,refine,memory_gated,"16,17,18,19",24531.15097482354
4,24638.75897813964,53.804001658047525,46.439453125,False,418,refine,memory_gated,"16,17,18,19",24584.95497648159
4,24692.562979797687,53.804001658047525,46.439453125,False,419,refine,memory_gated,"16,17,18,19",24638.75897813964
4,24746.366981455736,53.804001658047525,46.439453125,False,420,refine,memory_gated,"16,17,18,19",24692.562979797687
4,24800.170983113785,53.804001658047525,46.439453125,False,421,refine,memory_gated,"16,17,18,19",24746.366981455736
4,24853.974984771834,53.804001658047525,46.439453125,False,422,refine,memory_gated,"16,17,18,19",24800.170983113785
4,24964.39742652225,110.4224417504156,467.0625,False,423,warmup,memory_gated,"20,21,22,23",24853.974984771834
4,25018.2014281803,53.804001658047525,46.439453125,False,424,refine,memory_gated,"20,21,22,23",24964.39742652225
4,25072.005429838347,53.804001658047525,46.439453125,False,425,refine,memory_gated,"20,21,22,23",25018.2014281803
4,25125.809431496396,53.804001658047525,46.439453125,False,426,refine,memory_gated,"20,21,22,23",25072.005429838347
4,25179.613433154445,53.804001658047525,46.439453125,False,427,refine,memory_gated,"20,21,22,23",25125.809431496396
4,25233.417434812494,53.804001658047525,46.439453125,False,428,refine,memory_gated,"20,21,22,23",25179.613433154445
4,25287.221436470543,53.804001658047525,46.439453125,False,429,refine,memory_gated,"20,21,22,23",25233.417434812494
4,25341.025438128592,53.804001658047525,46.439453125,False,430,refine,memory_gated,"20,21,22,23",25287.221436470543
4,25394.82943978664,53.804001658047525,46.439453125,False,431,refine,memory_gated,"20,21,22,23",25341.025438128592
4,25448.63344144469,53.804001658047525,46.439453125,False,432,refine,memory_gated,"20,21,22,23",25394.82943978664
4,25502.43744310274,53.804001658047525,46.439453125,False,433,refine,memory_gated,"20,21,22,23",25448.63344144469
4,25612.859884853155,110.4224417504156,467.0625,False,434,warmup,memory_gated,"24,25,26,27",25502.43744310274
4,25666.663886511204,53.804001658047525,46.439453125,False,435,refine,memory_gated,"24,25,26,27",25612.859884853155
4,25720.467888169253,53.804001658047525,46.439453125,False,436,refine,memory_gated,"24,25,26,27",25666.663886511204
4,25774.2718898273,53.804001658047525,46.439453125,False,437,refine,memory_gated,"24,25,26,27",25720.467888169253
4,25828.07589148535,53.804001658047525,46.439453125,False,438,refine,memory_gated,"24,25,26,27",25774.2718898273
4,25881.8798931434,53.804001658047525,46.439453125,False,439,refine,memory_gated,"24,25,26,27",25828.07589148535
4,25935.68389480145,53.804001658047525,46.439453125,False,440,refine,memory_gated,"24,25,26,27",25881.8798931434
4,25989.487896459497,53.804001658047525,46.439453125,False,441,refine,memory_gated,"24,25,26,27",25935.68389480145
4,26043.291898117546,53.804001658047525,46.439453125,False,442,refine,memory_gated,"24,25,26,27",25989.487896459497
4,26097.095899775595,53.804001658047525,46.439453125,False,443,refine,memory_gated,"24,25,26,27",26043.291898117546
4,26150.899901433644,53.804001658047525,46.439453125,False,444,refine,memory_gated,"24,25,26,27",26097.095899775595
4,26261.32234318406,110.4224417504156,467.0625,False,445,warmup,memory_gated,"28,29,30,31",26150.899901433644
4,26315.12634484211,53.804001658047525,46.439453125,False,446,refine,memory_gated,"28,29,30,31",26261.32234318406
4,26368.930346500158,53.804001658047525,46.439453125,False,447,refine,memory_gated,"28,29,30,31",26315.12634484211
4,26422.734348158207,53.804001658047525,46.439453125,False,448,refine,memory_gated,"28,29,30,31",26368.930346500158
4,26476.538349816256,53.804001658047525,46.439453125,False,449,refine,memory_gated,"28,29,30,31",26422.734348158207
4,26530.342351474304,53.804001658047525,46.439453125,False,450,refine,memory_gated,"28,29,30,31",26476.538349816256
4,26584.146353132353,53.804001658047525,46.439453125,False,451,refine,memory_gated,"28,29,30,31",26530.342351474304
4,26637.950354790402,53.804001658047525,46.439453125,False,452,refine,memory_gated,"28,29,30,31",26584.146353132353
4,26691.75435644845,53.804001658047525,46.439453125,False,453,refine,memory_gated,"28,29,30,31",26637.950354790402
4,26745.5583581065,53.804001658047525,46.439453125,False,454,refine,memory_gated,"28,29,30,31",26691.75435644845
4,26799.36235976455,53.804001658047525,46.439453125,False,455,refine,memory_gated,"28,29,30,31",26745.5583581065
4,26909.784801514965,110.4224417504156,467.0625,False,456,warmup,memory_gated,"32,33,34,35",26799.36235976455
4,26963.588803173014,53.804001658047525,46.439453125,False,457,refine,memory_gated,"32,33,34,35",26909.784801514965
4,27017.392804831063,53.804001658047525,46.439453125,False,458,refine,memory_gated,"32,33,34,35",26963.588803173014
4,27071.19680648911,53.804001658047525,46.439453125,False,459,refine,memory_gated,"32,33,34,35",27017.392804831063
4,27125.00080814716,53.804001658047525,46.439453125,False,460,refine,memory_gated,"32,33,34,35",27071.19680648911
4,27178.80480980521,53.804001658047525,46.439453125,False,461,refine,memory_gated,"32,33,34,35",27125.00080814716
4,27232.60881146326,53.804001658047525,46.439453125,False,462,refine,memory_gated,"32,33,34,35",27178.80480980521
4,27286.412813121307,53.804001658047525,46.439453125,False,463,refine,memory_gated,"32,33,34,35",27232.60881146326
4,27340.216814779356,53.804001658047525,46.439453125,False,464,refine,memory_gated,"32,33,34,35",27286.412813121307
4,27394.020816437405,53.804001658047525,46.439453125,False,465,refine,memory_gated,"32,33,34,35",27340.216814779356
4,27447.824818095454,53.804001658047525,46.439453125,False,466,refine,memory_gated,"32,33,34,35",27394.020816437405
4,27558.24725984587,110.4224417504156,467.0625,False,467,warmup,memory_gated,"36,37,38,39",27447.824818095454
4,27612.05126150392,53.804001658047525,46.439453125,False,468,refine,memory_gated,"36,37,38,39",27558.24725984587
4,27665.855263161968,53.804001658047525,46.439453125,False,469,refine,memory_gated,"36,37,38,39",27612.05126150392
4,27719.659264820017,53.804001658047525,46.439453125,False,470,refine,memory_gated,"36,37,38,39",27665.855263161968
4,27773.463266478066,53.804001658047525,46.439453125,False,471,refine,memory_gated,"36,37,38,39",27719.659264820017
4,27827.267268136115,53.804001658047525,46.439453125,False,472,refine,memory_gated,"36,37,38,39",27773.463266478066
4,27881.071269794164,53.804001658047525,46.439453125,False,473,refine,memory_gated,"36,37,38,39",27827.267268136115
4,27934.875271452212,53.804001658047525,46.439453125,False,474,refine,memory_gated,"36,37,38,39",27881.071269794164
4,27988.67927311026,53.804001658047525,46.439453125,False,475,refine,memory_gated,"36,37,38,39",27934.875271452212
4,28042.48327476831,53.804001658047525,46.439453125,False,476,refine,memory_gated,"36,37,38,39",27988.67927311026
4,28096.28727642636,53.804001658047525,46.439453125,False,477,refine,memory_gated,"36,37,38,39",28042.48327476831
4,28206.709718176775,110.4224417504156,467.0625,False,478,warmup,memory_gated,"40,41,42,43",28096.28727642636
4,28260.513719834824,53.804001658047525,46.439453125,False,479,refine,memory_gated,"40,41,42,43",28206.709718176775
4,28314.317721492873,53.804001658047525,46.439453125,False,480,refine,memory_gated,"40,41,42,43",28260.513719834824
4,28368.12172315092,53.804001658047525,46.439453125,False,481,refine,memory_gated,"40,41,42,43",28314.317721492873
4,28421.92572480897,53.804001658047525,46.439453125,False,482,refine,memory_gated,"40,41,42,43",28368.12172315092
4,28475.72972646702,53.804001658047525,46.439453125,False,483,refine,memory_gated,"40,41,42,43",28421.92572480897
4,28529.53372812507,53.804001658047525,46.439453125,False,484,refine,memory_gated,"40,41,42,43",28475.72972646702
4,28583.337729783118,53.804001658047525,46.439453125,False,485,refine,memory_gated,"40,41,42,43",28529.53372812507
4,28637.141731441166,53.804001658047525,46.439453125,False,486,refine,memory_gated,"40,41,42,43",28583.337729783118
4,28690.945733099215,53.804001658047525,46.439453125,False,487,refine,memory_gated,"40,41,42,43",28637.141731441166
4,28744.749734757264,53.804001658047525,46.439453125,False,488,refine,memory_gated,"40,41,42,43",28690.945733099215
4,28855.17217650768,110.4224417504156,467.0625,False,489,warmup,memory_gated,"44,45,46,47",28744.749734757264
4,28908.97617816573,53.804001658047525,46.439453125,False,490,refine,memory_gated,"44,45,46,47",28855.17217650768
4,28962.780179823778,53.804001658047525,46.439453125,False,491,refine,memory_gated,"44,45,46,47",28908.97617816573
4,29016.584181481827,53.804001658047525,46.439453125,False,492,refine,memory_gated,"44,45,46,47",28962.780179823778
4,29070.388183139876,53.804001658047525,46.439453125,False,493,refine,memory_gated,"44,45,46,47",29016.584181481827
4,29124.192184797925,53.804001658047525,46.439453125,False,494,refine,memory_gated,"44,45,46,47",29070.388183139876
4,29177.996186455974,53.804001658047525,46.439453125,False,495,refine,memory_gated,"44,45,46,47",29124.192184797925
4,29231.800188114023,53.804001658047525,46.439453125,False,496,refine,memory_gated,"44,45,46,47",29177.996186455974
4,29285.60418977207,53.804001658047525,46.439453125,False,497,refine,memory_gated,"44,45,46,47",29231.800188114023
4,29339.40819143012,53.804001658047525,46.439453125,False,498,refine,memory_gated,"44,45,46,47",29285.60418977207
4,29393.21219308817,53.804001658047525,46.439453125,False,499,refine,memory_gated,"44,45,46,47",29339.40819143012
4,29503.634634838585,110.4224417504156,467.0625,False,500,warmup,memory_gated,"48,49,50,51",29393.21219308817
4,29557.438636496634,53.804001658047525,46.439453125,False,501,refine,memory_gated,"48,49,50,51",29503.634634838585
4,29611.242638154683,53.804001658047525,46.439453125,False,502,refine,memory_gated,"48,49,50,51",29557.438636496634
4,29665.046639812732,53.804001658047525,46.439453125,False,503,refine,memory_gated,"48,49,50,51",29611.242638154683
4,29718.85064147078,53.804001658047525,46.439453125,False,504,refine,memory_gated,"48,49,50,51",29665.046639812732
4,29772.65464312883,53.804001658047525,46.439453125,False,505,refine,memory_gated,"48,49,50,51",29718.85064147078
4,29826.45864478688,53.804001658047525,46.439453125,False,506,refine,memory_gated,"48,49,50,51",29772.65464312883
4,29880.262646444928,53.804001658047525,46.439453125,False,507,refine,memory_gated,"48,49,50,51",29826.45864478688
4,29934.066648102977,53.804001658047525,46.439453125,False,508,refine,memory_gated,"48,49,50,51",29880.262646444928
4,29987.870649761026,53.804001658047525,46.439453125,False,509,refine,memory_gated,"48,49,50,51",29934.066648102977
4,30041.674651419075,53.804001658047525,46.439453125,False,510,refine,memory_gated,"48,49,50,51",29987.870649761026
4,30152.09709316949,110.4224417504156,467.0625,False,511,warmup,memory_gated,"52,53,54,55",30041.674651419075
4,30205.90109482754,53.804001658047525,46.439453125,False,512,refine,memory_gated,"52,53,54,55",30152.09709316949
4,30259.705096485588,53.804001658047525,46.439453125,False,513,refine,memory_gated,"52,53,54,55",30205.90109482754
4,30313.509098143637,53.804001658047525,46.439453125,False,514,refine,memory_gated,"52,53,54,55",30259.705096485588
4,30367.313099801686,53.804001658047525,46.439453125,False,515,refine,memory_gated,"52,53,54,55",30313.509098143637
4,30421.117101459735,53.804001658047525,46.439453125,False,516,refine,memory_gated,"52,53,54,55",30367.313099801686
4,30474.921103117784,53.804001658047525,46.439453125,False,517,refine,memory_gated,"52,53,54,55",30421.117101459735
4,30528.725104775833,53.804001658047525,46.439453125,False,518,refine,memory_gated,"52,53,54,55",30474.921103117784
4,30582.52910643388,53.804001658047525,46.439453125,False,519,refine,memory_gated,"52,53,54,55",30528.725104775833
4,30636.33310809193,53.804001658047525,46.439453125,False,520,refine,memory_gated,"52,53,54,55",30582.52910643388
4,30690.13710974998,53.804001658047525,46.439453125,False,521,refine,memory_gated,"52,53,54,55",30636.33310809193
4,30800.559551500395,110.4224417504156,467.0625,False,522,warmup,memory_gated,"56,57,58,59",30690.13710974998
4,30854.363553158444,53.804001658047525,46.439453125,False,523,refine,memory_gated,"56,57,58,59",30800.559551500395
4,30908.167554816493,53.804001658047525,46.439453125,False,524,refine,memory_gated,"56,57,58,59",30854.363553158444
4,30961.971556474542,53.804001658047525,46.439453125,False,525,refine,memory_gated,"56,57,58,59",30908.167554816493
4,31015.77555813259,53.804001658047525,46.439453125,False,526,refine,memory_gated,"56,57,58,59",30961.971556474542
4,31069.57955979064,53.804001658047525,46.439453125,False,527,refine,memory_gated,"56,57,58,59",31015.77555813259
4,31123.38356144869,53.804001658047525,46.439453125,False,528,refine,memory_gated,"56,57,58,59",31069.57955979064
4,31177.187563106738,53.804001658047525,46.439453125,False,529,refine,memory_gated,"56,57,58,59",31123.38356144869
4,31230.991564764787,53.804001658047525,46.439453125,False,530,refine,memory_gated,"56,57,58,59",31177.187563106738
4,31284.795566422836,53.804001658047525,46.439453125,False,531,refine,memory_gated,"56,57,58,59",31230.991564764787
4,31338.599568080885,53.804001658047525,46.439453125,False,532,refine,memory_gated,"56,57,58,59",31284.795566422836
4,31449.0220098313,110.4224417504156,467.0625,False,533,warmup,memory_gated,"60,61,62,63",31338.599568080885
4,31502.82601148935,53.804001658047525,46.439453125,False,534,refine,memory_gated,"60,61,62,63",31449.0220098313
4,31556.630013147398,53.804001658047525,46.439453125,False,535,refine,memory_gated,"60,61,62,63",31502.82601148935
4,31610.434014805447,53.804001658047525,46.439453125,False,536,refine,memory_gated,"60,61,62,63",31556.630013147398
4,31664.238016463496,53.804001658047525,46.439453125,False,537,refine,memory_gated,"60,61,62,63",31610.434014805447
4,31718.042018121545,53.804001658047525,46.439453125,False,538,refine,memory_gated,"60,61,62,63",31664.238016463496
4,31771.846019779594,53.804001658047525,46.439453125,False,539,refine,memory_gated,"60,61,62,63",31718.042018121545
4,31825.650021437643,53.804001658047525,46.439453125,False,540,refine,memory_gated,"60,61,62,63",31771.846019779594
4,31879.45402309569,53.804001658047525,46.439453125,False,541,refine,memory_gated,"60,61,62,63",31825.650021437643
4,31933.25802475374,53.804001658047525,46.439453125,False,542,refine,memory_gated,"60,61,62,63",31879.45402309569
4,31987.06202641179,53.804001658047525,46.439453125,False,543,refine,memory_gated,"60,61,62,63",31933.25802475374
4,32097.484468162205,110.4224417504156,467.0625,False,544,warmup,memory_gated,"0,1,2,3",31987.06202641179
4,32151.288469820254,53.804001658047525,46.439453125,False,545,refine,memory_gated,"0,1,2,3",32097.484468162205
4,32205.092471478303,53.804001658047525,46.439453125,False,546,refine,memory_gated,"0,1,2,3",32151.288469820254
4,32258.896473136352,53.804001658047525,46.439453125,False,547,refine,memory_gated,"0,1,2,3",32205.092471478303
4,32312.7004747944,53.804001658047525,46.439453125,False,548,refine,memory_gated,"0,1,2,3",32258.896473136352
4,32366.50447645245,53.804001658047525,46.439453125,False,549,refine,memory_gated,"0,1,2,3",32312.7004747944
4,32420.3084781105,53.804001658047525,46.439453125,False,550,refine,memory_gated,"0,1,2,3",32366.50447645245
4,32474.112479768548,53.804001658047525,46.439453125,False,551,refine,memory_gated,"0,1,2,3",32420.3084781105
4,32527.916481426597,53.804001658047525,46.439453125,False,552,refine,memory_gated,"0,1,2,3",32474.112479768548
4,32581.720483084646,53.804001658047525,46.439453125,False,553,refine,memory_gated,"0,1,2,3",32527.916481426597
4,32635.524484742695,53.804001658047525,46.439453125,False,554,refine,memory_gated,"0,1,2,3",32581.720483084646
4,32745.94692649311,110.4224417504156,467.0625,False,555,warmup,memory_gated,"4,5,6,7",32635.524484742695
4,32799.75092815116,53.804001658047525,46.439453125,False,556,refine,memory_gated,"4,5,6,7",32745.94692649311
4,32853.55492980921,53.804001658047525,46.439453125,False,557,refine,memory_gated,"4,5,6,7",32799.75092815116
4,32907.35893146726,53.804001658047525,46.439453125,False,558,refine,memory_gated,"4,5,6,7",32853.55492980921
4,32961.162933125306,53.804001658047525,46.439453125,False,559,refine,memory_gated,"4,5,6,7",32907.35893146726
4,33014.966934783355,53.804001658047525,46.439453125,False,560,refine,memory_gated,"4,5,6,7",32961.162933125306
4,33068.770936441404,53.804001658047525,46.439453125,False,561,refine,memory_gated,"4,5,6,7",33014.966934783355
4,33122.57493809945,53.804001658047525,46.439453125,False,562,refine,memory_gated,"4,5,6,7",33068.770936441404
4,33176.3789397575,53.804001658047525,46.439453125,False,563,refine,memory_gated,"4,5,6,7",33122.57493809945
4,33230.18294141555,53.804001658047525,46.439453125,False,564,refine,memory_gated,"4,5,6,7",33176.3789397575
4,33283.9869430736,53.804001658047525,46.439453125,False,565,refine,memory_gated,"4,5,6,7",33230.18294141555
4,33394.409384824015,110.4224417504156,467.0625,False,566,warmup,memory_gated,"8,9,10,11",33283.9869430736
4,33448.213386482064,53.804001658047525,46.439453125,False,567,refine,memory_gated,"8,9,10,11",33394.409384824015
4,33502.01738814011,53.804001658047525,46.439453125,False,568,refine,memory_gated,"8,9,10,11",33448.213386482064
4,33555.82138979816,53.804001658047525,46.439453125,False,569,refine,memory_gated,"8,9,10,11",33502.01738814011
4,33609.62539145621,53.804001658047525,46.439453125,False,570,refine,memory_gated,"8,9,10,11",33555.82138979816
4,33663.42939311426,53.804001658047525,46.439453125,False,571,refine,memory_gated,"8,9,10,11",33609.62539145621
4,33717.23339477231,53.804001658047525,46.439453125,False,572,refine,memory_gated,"8,9,10,11",33663.42939311426
4,33771.03739643036,53.804001658047525,46.439453125,False,573,refine,memory_gated,"8,9,10,11",33717.23339477231
4,33824.84139808841,53.804001658047525,46.439453125,False,574,refine,memory_gated,"8,9,10,11",33771.03739643036
4,33878.645399746456,53.804001658047525,46.439453125,False,575,refine,memory_gated,"8,9,10,11",33824.84139808841
4,33932.449401404505,53.804001658047525,46.439453125,False,576,refine,memory_gated,"8,9,10,11",33878.645399746456
4,34042.87184315492,110.4224417504156,467.0625,False,577,warmup,memory_gated,"12,13,14,15",33932.449401404505
4,34096.67584481297,53.804001658047525,46.439453125,False,578,refine,memory_gated,"12,13,14,15",34042.87184315492
4,34150.47984647102,53.804001658047525,46.439453125,False,579,refine,memory_gated,"12,13,14,15",34096.67584481297
4,34204.28384812907,53.804001658047525,46.439453125,False,580,refine,memory_gated,"12,13,14,15",34150.47984647102
4,34258.087849787116,53.804001658047525,46.439453125,False,581,refine,memory_gated,"12,13,14,15",34204.28384812907
4,34311.891851445165,53.804001658047525,46.439453125,False,582,refine,memory_gated,"12,13,14,15",34258.087849787116
4,34365.695853103214,53.804001658047525,46.439453125,False,583,refine,memory_gated,"12,13,14,15",34311.891851445165
4,34419.49985476126,53.804001658047525,46.439453125,False,584,refine,memory_gated,"12,13,14,15",34365.695853103214
4,34473.30385641931,53.804001658047525,46.439453125,False,585,refine,memory_gated,"12,13,14,15",34419.49985476126
4,34527.10785807736,53.804001658047525,46.439453125,False,586,refine,memory_gated,"12,13,14,15",34473.30385641931
4,34580.91185973541,53.804001658047525,46.439453125,False,587,refine,memory_gated,"12,13,14,15",34527.10785807736
4,34691.334301485826,110.4224417504156,467.0625,False,588,warmup,memory_gated,"16,17,18,19",34580.91185973541
4,34745.138303143875,53.804001658047525,46.439453125,False,589,refine,memory_gated,"16,17,18,19",34691.334301485826
4,34798.94230480192,53.804001658047525,46.439453125,False,590,refine,memory_gated,"16,17,18,19",34745.138303143875
4,34852.74630645997,53.804001658047525,46.439453125,False,591,refine,memory_gated,"16,17,18,19",34798.94230480192
4,34906.55030811802,53.804001658047525,46.439453125,False,592,refine,memory_gated,"16,17,18,19",34852.74630645997
4,34960.35430977607,53.804001658047525,46.439453125,False,593,refine,memory_gated,"16,17,18,19",34906.55030811802
4,35014.15831143412,53.804001658047525,46.439453125,False,594,refine,memory_gated,"16,17,18,19",34960.35430977607
4,35067.96231309217,53.804001658047525,46.439453125,False,595,refine,memory_gated,"16,17,18,19",35014.15831143412
4,35121.76631475022,53.804001658047525,46.439453125,False,596,refine,memory_gated,"16,17,18,19",35067.96231309217
4,35175.570316408266,53.804001658047525,46.439453125,False,597,refine,memory_gated,"16,17,18,19",35121.76631475022
4,35229.374318066315,53.804001658047525,46.439453125,False,598,refine,memory_gated,"16,17,18,19",35175.570316408266
4,35339.79675981673,110.4224417504156,467.0625,False,599,warmup,memory_gated,"20,21,22,23",35229.374318066315
4,35393.60076147478,53.804001658047525,46.439453125,False,600,refine,memory_gated,"20,21,22,23",35339.79675981673
4,35447.40476313283,53.804001658047525,46.439453125,False,601,refine,memory_gated,"20,21,22,23",35393.60076147478
4,35501.20876479088,53.804001658047525,46.439453125,False,602,refine,memory_gated,"20,21,22,23",35447.40476313283
4,35555.01276644893,53.804001658047525,46.439453125,False,603,refine,memory_gated,"20,21,22,23",35501.20876479088
4,35608.816768106975,53.804001658047525,46.439453125,False,604,refine,memory_gated,"20,21,22,23",35555.01276644893
4,35662.620769765024,53.804001658047525,46.439453125,False,605,refine,memory_gated,"20,21,22,23",35608.816768106975
4,35716.42477142307,53.804001658047525,46.439453125,False,606,refine,memory_gated,"20,21,22,23",35662.620769765024
4,35770.22877308112,53.804001658047525,46.439453125,False,607,refine,memory_gated,"20,21,22,23",35716.42477142307
4,35824.03277473917,53.804001658047525,46.439453125,False,608,refine,memory_gated,"20,21,22,23",35770.22877308112
4,35877.83677639722,53.804001658047525,46.439453125,False,609,refine,memory_gated,"20,21,22,23",35824.03277473917
4,35988.259218147636,110.4224417504156,467.0625,False,610,warmup,memory_gated,"24,25,26,27",35877.83677639722
4,36042.063219805685,53.804001658047525,46.439453125,False,611,refine,memory_gated,"24,25,26,27",35988.259218147636
4,36095.86722146373,53.804001658047525,46.439453125,False,612,refine,memory_gated,"24,25,26,27",36042.063219805685
4,36149.67122312178,53.804001658047525,46.439453125,False,613,refine,memory_gated,"24,25,26,27",36095.86722146373
4,36203.47522477983,53.804001658047525,46.439453125,False,614,refine,memory_gated,"24,25,26,27",36149.67122312178
4,36257.27922643788,53.804001658047525,46.439453125,False,615,refine,memory_gated,"24,25,26,27",36203.47522477983
4,36311.08322809593,53.804001658047525,46.439453125,False,616,refine,memory_gated,"24,25,26,27",36257.27922643788
4,36364.88722975398,53.804001658047525,46.439453125,False,617,refine,memory_gated,"24,25,26,27",36311.08322809593
4,36418.69123141203,53.804001658047525,46.439453125,False,618,refine,memory_gated,"24,25,26,27",36364.88722975398
4,36472.495233070076,53.804001658047525,46.439453125,False,619,refine,memory_gated,"24,25,26,27",36418.69123141203
4,36526.299234728125,53.804001658047525,46.439453125,False,620,refine,memory_gated,"24,25,26,27",36472.495233070076
4,36636.72167647854,110.4224417504156,467.0625,False,621,warmup,memory_gated,"28,29,30,31",36526.299234728125
4,36690.52567813659,53.804001658047525,46.439453125,False,622,refine,memory_gated,"28,29,30,31",36636.72167647854
4,36744.32967979464,53.804001658047525,46.439453125,False,623,refine,memory_gated,"28,29,30,31",36690.52567813659
4,36798.13368145269,53.804001658047525,46.439453125,False,624,refine,memory_gated,"28,29,30,31",36744.32967979464
4,36851.93768311074,53.804001658047525,46.439453125,False,625,refine,memory_gated,"28,29,30,31",36798.13368145269
4,36905.741684768785,53.804001658047525,46.439453125,False,626,refine,memory_gated,"28,29,30,31",36851.93768311074
4,36959.545686426834,53.804001658047525,46.439453125,False,627,refine,memory_gated,"28,29,30,31",36905.741684768785
4,37013.34968808488,53.804001658047525,46.439453125,False,628,refine,memory_gated,"28,29,30,31",36959.545686426834
4,37067.15368974293,53.804001658047525,46.439453125,False,629,refine,memory_gated,"28,29,30,31",37013.34968808488
4,37120.95769140098,53.804001658047525,46.439453125,False,630,refine,memory_gated,"28,29,30,31",37067.15368974293
4,37174.76169305903,53.804001658047525,46.439453125,False,631,refine,memory_gated,"28,29,30,31",37120.95769140098
4,37285.184134809446,110.4224417504156,467.0625,False,632,warmup,memory_gated,"32,33,34,35",37174.76169305903
4,37338.988136467495,53.804001658047525,46.439453125,False,633,refine,memory_gated,"32,33,34,35",37285.184134809446
4,37392.792138125544,53.804001658047525,46.439453125,False,634,refine,memory_gated,"32,33,34,35",37338.988136467495
4,37446.59613978359,53.804001658047525,46.439453125,False,635,refine,memory_gated,"32,33,34,35",37392.792138125544
4,37500.40014144164,53.804001658047525,46.439453125,False,636,refine,memory_gated,"32,33,34,35",37446.59613978359
4,37554.20414309969,53.804001658047525,46.439453125,False,637,refine,memory_gated,"32,33,34,35",37500.40014144164
4,37608.00814475774,53.804001658047525,46.439453125,False,638,refine,memory_gated,"32,33,34,35",37554.20414309969
4,37661.81214641579,53.804001658047525,46.439453125,False,639,refine,memory_gated,"32,33,34,35",37608.00814475774
4,37715.61614807384,53.804001658047525,46.439453125,False,640,refine,memory_gated,"32,33,34,35",37661.81214641579
4,37769.420149731886,53.804001658047525,46.439453125,False,641,refine,memory_gated,"32,33,34,35",37715.61614807384
4,37823.224151389935,53.804001658047525,46.439453125,False,642,refine,memory_gated,"32,33,34,35",37769.420149731886
4,37933.64659314035,110.4224417504156,467.0625,False,643,warmup,memory_gated,"36,37,38,39",37823.224151389935
4,37987.4505947984,53.804001658047525,46.439453125,False,644,refine,memory_gated,"36,37,38,39",37933.64659314035
4,38041.25459645645,53.804001658047525,46.439453125,False,645,refine,memory_gated,"36,37,38,39",37987.4505947984
4,38095.0585981145,53.804001658047525,46.439453125,False,646,refine,memory_gated,"36,37,38,39",38041.25459645645
4,38148.86259977255,53.804001658047525,46.439453125,False,647,refine,memory_gated,"36,37,38,39",38095.0585981145
4,38202.666601430596,53.804001658047525,46.439453125,False,648,refine,memory_gated,"36,37,38,39",38148.86259977255
4,38256.470603088645,53.804001658047525,46.439453125,False,649,refine,memory_gated,"36,37,38,39",38202.666601430596
4,38310.27460474669,53.804001658047525,46.439453125,False,650,refine,memory_gated,"36,37,38,39",38256.470603088645
4,38364.07860640474,53.804001658047525,46.439453125,False,651,refine,memory_gated,"36,37,38,39",38310.27460474669
4,38417.88260806279,53.804001658047525,46.439453125,False,652,refine,memory_gated,"36,37,38,39",38364.07860640474
4,38471.68660972084,53.804001658047525,46.439453125,False,653,refine,memory_gated,"36,37,38,39",38417.88260806279
4,38582.109051471256,110.4224417504156,467.0625,False,654,warmup,memory_gated,"40,41,42,43",38471.68660972084
4,38635.913053129305,53.804001658047525,46.439453125,False,655,refine,memory_gated,"40,41,42,43",38582.109051471256
4,38689.717054787354,53.804001658047525,46.439453125,False,656,refine,memory_gated,"40,41,42,43",38635.913053129305
4,38743.5210564454,53.804001658047525,46.439453125,False,657,refine,memory_gated,"40,41,42,43",38689.717054787354
4,38797.32505810345,53.804001658047525,46.439453125,False,658,refine,memory_gated,"40,41,42,43",38743.5210564454
4,38851.1290597615,53.804001658047525,46.439453125,False,659,refine,memory_gated,"40,41,42,43",38797.32505810345
4,38904.93306141955,53.804001658047525,46.439453125,False,660,refine,memory_gated,"40,41,42,43",38851.1290597615
4,38958.7370630776,53.804001658047525,46.439453125,False,661,refine,memory_gated,"40,41,42,43",38904.93306141955
4,39012.54106473565,53.804001658047525,46.439453125,False,662,refine,memory_gated,"40,41,42,43",38958.7370630776
4,39066.3450663937,53.804001658047525,46.439453125,False,663,refine,memory_gated,"40,41,42,43",39012.54106473565
4,39120.149068051745,53.804001658047525,46.439453125,False,664,refine,memory_gated,"40,41,42,43",39066.3450663937
4,39230.57150980216,110.4224417504156,467.0625,False,665,warmup,memory_gated,"44,45,46,47",39120.149068051745
4,39284.37551146021,53.804001658047525,46.439453125,False,666,refine,memory_gated,"44,45,46,47",39230.57150980216
4,39338.17951311826,53.804001658047525,46.439453125,False,667,refine,memory_gated,"44,45,46,47",39284.37551146021
4,39391.98351477631,53.804001658047525,46.439453125,False,668,refine,memory_gated,"44,45,46,47",39338.17951311826
4,39445.78751643436,53.804001658047525,46.439453125,False,669,refine,memory_gated,"44,45,46,47",39391.98351477631
4,39499.591518092406,53.804001658047525,46.439453125,False,670,refine,memory_gated,"44,45,46,47",39445.78751643436
4,39553.395519750455,53.804001658047525,46.439453125,False,671,refine,memory_gated,"44,45,46,47",39499.591518092406
4,39607.199521408504,53.804001658047525,46.439453125,False,672,refine,memory_gated,"44,45,46,47",39553.395519750455
4,39661.00352306655,53.804001658047525,46.439453125,False,673,refine,memory_gated,"44,45,46,47",39607.199521408504
4,39714.8075247246,53.804001658047525,46.439453125,False,674,refine,memory_gated,"44,45,46,47",39661.00352306655
4,39768.61152638265,53.804001658047525,46.439453125,False,675,refine,memory_gated,"44,45,46,47",39714.8075247246
4,39879.033968133066,110.4224417504156,467.0625,False,676,warmup,memory_gated,"48,49,50,51",39768.61152638265
4,39932.837969791115,53.804001658047525,46.439453125,False,677,refine,memory_gated,"48,49,50,51",39879.033968133066
4,39986.641971449164,53.804001658047525,46.439453125,False,678,refine,memory_gated,"48,49,50,51",39932.837969791115
4,40040.44597310721,53.804001658047525,46.439453125,False,679,refine,memory_gated,"48,49,50,51",39986.641971449164
4,40094.24997476526,53.804001658047525,46.439453125,False,680,refine,memory_gated,"48,49,50,51",40040.44597310721
4,40148.05397642331,53.804001658047525,46.439453125,False,681,refine,memory_gated,"48,49,50,51",40094.24997476526
4,40201.85797808136,53.804001658047525,46.439453125,False,682,refine,memory_gated,"48,49,50,51",40148.05397642331
4,40255.66197973941,53.804001658047525,46.439453125,False,683,refine,memory_gated,"48,49,50,51",40201.85797808136
4,40309.46598139746,53.804001658047525,46.439453125,False,684,refine,memory_gated,"48,49,50,51",40255.66197973941
4,40363.26998305551,53.804001658047525,46.439453125,False,685,refine,memory_gated,"48,49,50,51",40309.46598139746
4,40417.073984713556,53.804001658047525,46.439453125,False,686,refine,memory_gated,"48,49,50,51",40363.26998305551
4,40527.49642646397,110.4224417504156,467.0625,False,687,warmup,memory_gated,"52,53,54,55",40417.073984713556
4,40581.30042812202,53.804001658047525,46.439453125,False,688,refine,memory_gated,"52,53,54,55",40527.49642646397
4,40635.10442978007,53.804001658047525,46.439453125,False,689,refine,memory_gated,"52,53,54,55",40581.30042812202
4,40688.90843143812,53.804001658047525,46.439453125,False,690,refine,memory_gated,"52,53,54,55",40635.10442978007
4,40742.71243309617,53.804001658047525,46.439453125,False,691,refine,memory_gated,"52,53,54,55",40688.90843143812
4,40796.516434754216,53.804001658047525,46.439453125,False,692,refine,memory_gated,"52,53,54,55",40742.71243309617
4,40850.320436412265,53.804001658047525,46.439453125,False,693,refine,memory_gated,"52,53,54,55",40796.516434754216
4,40904.124438070314,53.804001658047525,46.439453125,False,694,refine,memory_gated,"52,53,54,55",40850.320436412265
4,40957.92843972836,53.804001658047525,46.439453125,False,695,refine,memory_gated,"52,53,54,55",40904.124438070314
4,41011.73244138641,53.804001658047525,46.439453125,False,696,refine,memory_gated,"52,53,54,55",40957.92843972836
4,41065.53644304446,53.804001658047525,46.439453125,False,697,refine,memory_gated,"52,53,54,55",41011.73244138641
4,41175.958884794876,110.4224417504156,467.0625,False,698,warmup,memory_gated,"56,57,58,59",41065.53644304446
4,41229.762886452925,53.804001658047525,46.439453125,False,699,refine,memory_gated,"56,57,58,59",41175.958884794876
4,41283.566888110974,53.804001658047525,46.439453125,False,700,refine,memory_gated,"56,57,58,59",41229.762886452925
4,41337.37088976902,53.804001658047525,46.439453125,False,701,refine,memory_gated,"56,57,58,59",41283.566888110974
4,41391.17489142707,53.804001658047525,46.439453125,False,702,refine,memory_gated,"56,57,58,59",41337.37088976902
4,41444.97889308512,53.804001658047525,46.439453125,False,703,refine,memory_gated,"56,57,58,59",41391.17489142707
4,41498.78289474317,53.804001658047525,46.439453125,False,704,refine,memory_gated,"56,57,58,59",41444.97889308512
4,41552.58689640122,53.804001658047525,46.439453125,False,705,refine,memory_gated,"56,57,58,59",41498.78289474317
4,41606.39089805927,53.804001658047525,46.439453125,False,706,refine,memory_gated,"56,57,58,59",41552.58689640122
4,41660.19489971732,53.804001658047525,46.439453125,False,707,refine,memory_gated,"56,57,58,59",41606.39089805927
4,41713.998901375366,53.804001658047525,46.439453125,False,708,refine,memory_gated,"56,57,58,59",41660.19489971732
4,41824.42134312578,110.4224417504156,467.0625,False,709,warmup,memory_gated,"60,61,62,63",41713.998901375366
4,41878.22534478383,53.804001658047525,46.439453125,False,710,refine,memory_gated,"60,61,62,63",41824.42134312578
4,41932.02934644188,53.804001658047525,46.439453125,False,711,refine,memory_gated,"60,61,62,63",41878.22534478383
4,41985.83334809993,53.804001658047525,46.439453125,False,712,refine,memory_gated,"60,61,62,63",41932.02934644188
4,42039.63734975798,53.804001658047525,46.439453125,False,713,refine,memory_gated,"60,61,62,63",41985.83334809993
4,42093.441351416026,53.804001658047525,46.439453125,False,714,refine,memory_gated,"60,61,62,63",42039.63734975798
4,42147.245353074075,53.804001658047525,46.439453125,False,715,refine,memory_gated,"60,61,62,63",42093.441351416026
4,42201.049354732124,53.804001658047525,46.439453125,False,716,refine,memory_gated,"60,61,62,63",42147.245353074075
4,42254.85335639017,53.804001658047525,46.439453125,False,717,refine,memory_gated,"60,61,62,63",42201.049354732124
4,42308.65735804822,53.804001658047525,46.439453125,False,718,refine,memory_gated,"60,61,62,63",42254.85335639017
4,42362.46135970627,53.804001658047525,46.439453125,False,719,refine,memory_gated,"60,61,62,63",42308.65735804822
