batch_size,end_ms,latency_ms,memory_mb,oom,operation_index,phase,policy,request_ids,start_ms
8,204.647336009657,204.647336009657,930.625,True,0,warmup,synchronized,"0,1,2,3,4,5,6,7",0.0
8,409.294672019314,204.647336009657,930.625,True,1,warmup,synchronized,"8,9,10,11,12,13,14,15",204.647336009657
8,613.942008028971,204.647336009657,930.625,True,2,warmup,synchronized,"16,17,18,19,20,21,22,23",409.294672019314
8,818.589344038628,204.647336009657,930.625,True,3,warmup,synchronized,"24,25,26,27,28,29,30,31",613.942008028971
8,1023.236680048285,204.647336009657,930.625,True,4,warmup,synchronized,"32,33,34,35,36,37,38,39",818.589344038628
8,1227.884016057942,204.647336009657,930.625,True,5,warmup,synchronized,"40,41,42,43,44,45,46,47",1023.236680048285
8,1432.531352067599,204.647336009657,930.625,True,6,warmup,synchronized,"48,49,50,51,52,53,54,55",1227.884016057942
8,1637.178688077256,204.647336009657,930.625,True,7,warmup,synchronized,"56,57,58,59,60,61,62,63",1432.531352067599
8,1729.159104343214,91.98041626595801,95.673828125,False,8,refine,synchronized,"0,1,2,3,4,5,6,7",1637.178688077256
8,1821.139520609172,91.98041626595801,95.673828125,False,9,refine,synchronized,"8,9,10,11,12,13,14,15",1729.159104343214
8,1913.11993687513,91.98041626595801,95.673828125,False,10,refine,synchronized,"16,17,18,19,20,21,22,23",1821.139520609172
8,2005.100353141088,91.98041626595801,95.673828125,False,11,refine,synchronized,"24,25,26,27,28,29,30,31",1913.11993687513
8,2097.080769407046,91.98041626595801,95.673828125,False,12,refine,synchronized,"32,33,34,35,36,37,38,39",2005.100353141088
8,2189.061185673004,91.98041626595801,95.673828125,False,13,refine,synchronized,"40,41,42,43,44,45,46,47",2097.080769407046
8,2281.041601938962,91.98041626595801,95.673828125,False,14,refine,synchronized,"48,49,50,51,52,53,54,55",2189.061185673004
8,2373.0220182049197,91.98041626595801,95.673828125,False,15,refine,synchronized,"56,57,58,59,60,61,62,63",2281.041601938962
8,2465.0024344708777,91.98041626595801,95.673828125,False,16,refine,synchronized,"0,1,2,3,4,5,6,7",2373.0220182049197
8,2556.9828507368356,91.98041626595801,95.673828125,False,17,refine,synchronized,"8,9,10,11,12,13,14,15",2465.0024344708777
8,2648.9632670027936,91.98041626595801,95.673828125,False,18,refine,synchronized,"16,17,18,19,20,21,22,23",2556.9828507368356
8,2740.9436832687516,91.98041626595801,95.673828125,False,19,refine,synchronized,"24,25,26,27,28,29,30,31",2648.9632670027936
8,2832.9240995347095,91.98041626595801,95.673828125,False,20,refine,synchronized,"32,33,34,35,36,37,38,39",2740.9436832687516
8,2924.9045158006675,91.98041626595801,95.673828125,False,21,refine,synchronized,"40,41,42,43,44,45,46,47",2832.9240995347095
8,3016.8849320666254,91.98041626595801,95.673828125,False,22,refine,synchronized,"48,49,50,51,52,53,54,55",2924.9045158006675
8,3108.8653483325834,91.98041626595801,95.673828125,False,23,refine,synchronized,"56,57,58,59,60,61,62,63",3016.8849320666254
8,3200.8457645985413,91.98041626595801,95.673828125,False,24,refine,synchronized,"0,1,2,3,4,5,6,7",3108.8653483325834
8,3292.8261808644993,91.98041626595801,95.673828125,False,25,refine,synchronized,"8,9,10,11,12,13,14,15",3200.8457645985413
8,3384.8065971304572,91.98041626595801,95.673828125,False,26,refine,synchronized,"16,17,18,19,20,21,22,23",3292.8261808644993
8,3476.787013396415,91.98041626595801,95.673828125,False,27,refine,synchronized,"24,25,26,27,28,29,30,31",3384.8065971304572
8,3568.767429662373,91.98041626595801,95.673828125,False,28,refine,synchronized,"32,33,34,35,36,37,38,39",3476.787013396415
8,3660.747845928331,91.98041626595801,95.673828125,False,29,refine,synchronized,"40,41,42,43,44,45,46,47",3568.767429662373
8,3752.728262194289,91.98041626595801,95.673828125,False,30,refine,synchronized,"48,49,50,51,52,53,54,55",3660.747845928331
8,3844.708678460247,91.98041626595801,95.673828125,False,31,refine,synchronized,"56,57,58,59,60,61,62,63",3752.728262194289
8,3936.689094726205,91.98041626595801,95.673828125,False,32,refine,synchronized,"0,1,2,3,4,5,6,7",3844.708678460247
8,4028.669510992163,91.98041626595801,95.673828125,False,33,refine,synchronized,"8,9,10,11,12,13,14,15",3936.689094726205
8,4120.649927258121,91.98041626595801,95.673828125,False,34,refine,synchronized,"16,17,18,19,20,21,22,23",4028.669510992163
8,4212.63034352408,91.98041626595801,95.673828125,False,35,refine,synchronized,"24,25,26,27,28,29,30,31",4120.649927258121
8,4304.610759790038,91.98041626595801,95.673828125,False,36,refine,synchronized,"32,33,34,35,36,37,38,39",4212.63034352408
8,4396.591176055997,91.98041626595801,95.673828125,False,37,refine,synchronized,"40,41,42,43,44,45,46,47",4304.610759790038
8,4488.571592321955,91.98041626595801,95.673828125,False,38,refine,synchronized,"48,49,50,51,52,53,54,55",4396.591176055997
8,4580.552008587913,91.98041626595801,95.673828125,False,39,refine,synchronized,"56,57,58,59,60,61,62,63",4488.571592321955
8,4672.532424853872,91.98041626595801,95.673828125,False,40,refine,synchronized,"0,1,2,3,4,5,6,7",4580.552008587913
8,4764.51284111983,91.98041626595801,95.673828125,False,41,refine,synchronized,"8,9,10,11,12,13,14,15",4672.532424853872
8,4856.493257385789,91.98041626595801,95.673828125,False,42,refine,synchronized,"16,17,18,19,20,21,22,23",4764.51284111983
8,4948.473673651747,91.98041626595801,95.673828125,False,43,refine,synchronized,"24,25,26,27,28,29,30,31",4856.493257385789
8,5040.4540899177055,91.98041626595801,95.673828125,False,44,refine,synchronized,"32,33,34,35,36,37,38,39",4948.473673651747
8,5132.434506183664,91.98041626595801,95.673828125,False,45,refine,synchronized,"40,41,42,43,44,45,46,47",5040.4540899177055
8,5224.414922449622,91.98041626595801,95.673828125,False,46,refine,synchronized,"48,49,50,51,52,53,54,55",5132.434506183664
8,5316.395338715581,91.98041626595801,95.673828125,False,47,refine,synchronized,"56,57,58,59,60,61,62,63",5224.414922449622
8,5408.375754981539,91.98041626595801,95.673828125,False,48,refine,synchronized,"0,1,2,3,4,5,6,7",5316.395338715581
8,5500.3561712474975,91.98041626595801,95.673828125,False,49,refine,synchronized,"8,9,10,11,12,13,14,15",5408.375754981539
8,5592.336587513456,91.98041626595801,95.673828125,False,50,refine,synchronized,"16,17,18,19,20,21,22,23",5500.3561712474975
8,5684.317003779414,91.98041626595801,95.673828125,False,51,refine,synchronized,"24,25,26,27,28,29,30,31",5592.336587513456
8,5776.297420045373,91.98041626595801,95.673828125,False,52,refine,synchronized,"32,33,34,35,36,37,38,39",5684.317003779414
8,5868.277836311331,91.98041626595801,95.673828125,False,53,refine,synchronized,"40,41,42,43,44,45,46,47",5776.297420045373
8,5960.25825257729,91.98041626595801,95.673828125,False,54,refine,synchronized,"48,49,50,51,52,53,54,55",5868.277836311331
8,6052.238668843248,91.98041626595801,95.673828125,False,55,refine,synchronized,"56,57,58,59,60,61,62,63",5960.25825257729
8,6144.219085109206,91.98041626595801,95.673828125,False,56,refine,synchronized,"0,1,2,3,4,5,6,7",6052.238668843248
8,6236.199501375165,91.98041626595801,95.673828125,False,57,refine,synchronized,"8,9,10,11,12,13,14,15",6144.219085109206
8,6328.179917641123,91.98041626595801,95.673828125,False,58,refine,synchronized,"16,17,18,19,20,21,22,23",6236.199501375165
8,6420.160333907082,91.98041626595801,95.673828125,False,59,refine,synchronized,"24,25,26,27,28,29,30,31",6328.179917641123
8,6512.14075017304,91.98041626595801,95.673828125,False,60,refine,synchronized,"32,33,34,35,36,37,38,39",6420.160333907082
8,6604.121166438998,91.98041626595801,95.673828125,False,61,refine,synchronized,"40,41,42,43,44,45,46,47",6512.14075017304
8,6696.101582704957,91.98041626595801,95.673828125,False,62,refine,synchronized,"48,49,50,51,52,53,54,55",6604.121166438998
8,6788.081998970915,91.98041626595801,95.673828125,False,63,refine,synchronized,"56,57,58,59,60,61,62,63",6696.101582704957
8,6880.062415236874,91.98041626595801,95.673828125,False,64,refine,synchronized,"0,1,2,3,4,5,6,7",6788.081998970915
8,6972.042831502832,91.98041626595801,95.673828125,False,65,refine,synchronized,"8,9,10,11,12,13,14,15",6880.062415236874
8,7064.0232477687905,91.98041626595801,95.673828125,False,66,refine,synchronized,"16,17,18,19,20,21,22,23",6972.042831502832
8,7156.003664034749,91.98041626595801,95.673828125,False,67,refine,synchronized,"24,25,26,27,28,29,30,31",7064.0232477687905
8,7247.984080300707,91.98041626595801,95.673828125,False,68,refine,synchronized,"32,33,34,35,36,37,38,39",7156.003664034749
8,7339.964496566666,91.98041626595801,95.673828125,False,69,refine,synchronized,"40,41,42,43,44,45,46,47",7247.984080300707
8,7431.944912832624,91.98041626595801,95.673828125,False,70,refine,synchronized,"48,49,50,51,52,53,54,55",7339.964496566666
8,7523.925329098583,91.98041626595801,95.673828125,False,71,refine,synchronized,"56,57,58,59,60,61,62,63",7431.944912832624
8,7615.905745364541,91.98041626595801,95.673828125,False,72,refine,synchronized,"0,1,2,3,4,5,6,7",7523.925329098583
8,7707.886161630499,91.98041626595801,95.673828125,False,73,refine,synchronized,"8,9,10,11,12,13,14,15",7615.905745364541
8,7799.866577896458,91.98041626595801,95.673828125,False,74,refine,synchronized,"16,17,18,19,20,21,22,23",7707.886161630499
8,7891.846994162416,91.98041626595801,95.673828125,False,75,refine,synchronized,"24,25,26,27,28,29,30,31",7799.866577896458
8,7983.827410428375,91.98041626595801,95.673828125,False,76,refine,synchronized,"32,33,34,35,36,37,38,39",7891.846994162416
8,8075.807826694333,91.98041626595801,95.673828125,False,77,refine,synchronized,"40,41,42,43,44,45,46,47",7983.827410428375
8,8167.788242960291,91.98041626595801,95.673828125,False,78,refine,synchronized,"48,49,50,51,52,53,54,55",8075.807826694333
8,8259.768659226249,91.98041626595801,95.673828125,False,79,refine,synchronized,"56,57,58,59,60,61,62,63",8167.788242960291
8,8351.749075492207,91.98041626595801,95.673828125,False,80,refine,synchronized,"0,1,2,3,4,5,6,7",8259.768659226249
8,8443.729491758166,91.98041626595801,95.673828125,False,81,refine,synchronized,"8,9,10,11,12,13,14,15",8351.749075492207
8,8535.709908024124,91.98041626595801,95.673828125,False,82,refine,synchronized,"16,17,18,19,20,21,22,23",8443.729491758166
8,8627.690324290083,91.98041626595801,95.673828125,False,83,refine,synchronized,"24,25,26,27,28,29,30,31",8535.709908024124
8,8719.670740556041,91.98041626595801,95.673828125,False,84,refine,synchronized,"32,33,34,35,36,37,38,39",8627.690324290083
8,8811.651156822,91.98041626595801,95.673828125,False,85,refine,synchronized,"40,41,42,43,44,45,46,47",8719.670740556041
8,8903.631573087958,91.98041626595801,95.673828125,False,86,refine,synchronized,"48,49,50,51,52,53,54,55",8811.651156822
8,8995.611989353916,91.98041626595801,95.673828125,False,87,refine,synchronized,"56,57,58,59,60,61,62,63",8903.631573087958
8,9087.592405619875,91.98041626595801,95.673828125,False,88,refine,synchronized,"0,1,2,3,4,5,6,7",8995.611989353916
8,9179.572821885833,91.98041626595801,95.673828125,False,89,refine,synchronized,"8,9,10,11,12,13,14,15",9087.592405619875
8,9271.553238151791,91.98041626595801,95.673828125,False,90,refine,synchronized,"16,17,18,19,20,21,22,23",9179.572821885833
8,9363.53365441775,91.98041626595801,95.673828125,False,91,refine,synchronized,"24,25,26,27,28,29,30,31",9271.553238151791
8,9455.514070683708,91.98041626595801,95.673828125,False,92,refine,synchronized,"32,33,34,35,36,37,38,39",9363.53365441775
8,9547.494486949667,91.98041626595801,95.673828125,False,93,refine,synchronized,"40,41,42,43,44,45,46,47",9455.514070683708
8,9639.474903215625,91.98041626595801,95.673828125,False,94,refine,synchronized,"48,49,50,51,52,53,54,55",9547.494486949667
8,9731.455319481584,91.98041626595801,95.673828125,False,95,refine,synchronized,"56,57,58,59,60,61,62,63",9639.474903215625
8,9936.10265549124,204.647336009657,930.625,True,96,warmup,synchronized,"0,1,2,3,4,5,6,7",9731.455319481584
8,10140.749991500898,204.647336009657,930.625,True,97,warmup,synchronized,"8,9,10,11,12,13,14,15",9936.10265549124
8,10345.397327510555,204.647336009657,930.625,True,98,warmup,synchronized,"16,17,18,19,20,21,22,23",10140.749991500898
8,10550.044663520212,204.647336009657,930.625,True,99,warmup,synchronized,"24,25,26,27,28,29,30,31",10345.397327510555
8,10754.691999529869,204.647336009657,930.625,True,100,warmup,synchronized,"32,33,34,35,36,37,38,39",10550.044663520212
8,10959.339335539526,204.647336009657,930.625,True,101,warmup,synchronized,"40,41,42,43,44,45,46,47",10754.691999529869
8,11163.986671549183,204.647336009657,930.625,True,102,warmup,synchronized,"48,49,50,51,52,53,54,55",10959.339335539526
8,11368.63400755884,204.647336009657,930.625,True,103,warmup,synchronized,"56,57,58,59,60,61,62,63",11163.986671549183
8,11460.614423824798,91.98041626595801,95.673828125,False,104,refine,synchronized,"0,1,2,3,4,5,6,7",11368.63400755884
8,11552.594840090756,91.98041626595801,95.673828125,False,105,refine,synchronized,"8,9,10,11,12,13,14,15",11460.614423824798
8,11644.575256356715,91.98041626595801,95.673828125,False,106,refine,synchronized,"16,17,18,19,20,21,22,23",11552.594840090756
8,11736.555672622673,91.98041626595801,95.673828125,False,107,refine,synchronized,"24,25,26,27,28,29,30,31",11644.575256356715
8,11828.536088888632,91.98041626595801,95.673828125,False,108,refine,synchronized,"32,33,34,35,36,37,38,39",11736.555672622673
8,11920.51650515459,91.98041626595801,95.673828125,False,109,refine,synchronized,"40,41,42,43,44,45,46,47",11828.536088888632
8,12012.496921420548,91.98041626595801,95.673828125,False,110,refine,synchronized,"48,49,50,51,52,53,54,55",11920.51650515459
8,12104.477337686507,91.98041626595801,95.673828125,False,111,refine,synchronized,"56,57,58,59,60,61,62,63",12012.496921420548
8,12196.457753952465,91.98041626595801,95.673828125,False,112,refine,synchronized,"0,1,2,3,4,5,6,7",12104.477337686507
8,12288.438170218424,91.98041626595801,95.673828125,False,113,refine,synchronized,"8,9,10,11,12,13,14,15",12196.457753952465
8,12380.418586484382,91.98041626595801,95.673828125,False,114,refine,synchronized,"16,17,18,19,20,21,22,23",12288.438170218424
8,12472.39900275034,91.98041626595801,95.673828125,False,115,refine,synchronized,"24,25,26,27,28,29,30,31",12380.418586484382
8,12564.379419016299,91.98041626595801,95.673828125,False,116,refine,synchronized,"32,33,34,35,36,37,38,39",12472.39900275034
8,12656.359835282257,91.98041626595801,95.673828125,False,117,refine,synchronized,"40,41,42,43,44,45,46,47",12564.379419016299
8,12748.340251548216,91.98041626595801,95.673828125,False,118,refine,synchronized,"48,49,50,51,52,53,54,55",12656.359835282257
8,12840.320667814174,91.98041626595801,95.673828125,False,119,refine,synchronized,"56,57,58,59,60,61,62,63",12748.340251548216
8,12932.301084080133,91.98041626595801,95.673828125,False,120,refine,synchronized,"0,1,2,3,4,5,6,7",12840.320667814174
8,13024.281500346091,91.98041626595801,95.673828125,False,121,refine,synchronized,"8,9,10,11,12,13,14,15",12932.301084080133
8,13116.26191661205,91.98041626595801,95.673828125,False,122,refine,synchronized,"16,17,18,19,20,21,22,23",13024.281500346091
8,13208.242332878008,91.98041626595801,95.673828125,False,123,refine,synchronized,"24,25,26,27,28,29,30,31",13116.26191661205
8,13300.222749143966,91.98041626595801,95.673828125,False,124,refine,synchronized,"32,33,34,35,36,37,38,39",13208.242332878008
8,13392.203165409925,91.98041626595801,95.673828125,False,125,refine,synchronized,"40,41,42,43,44,45,46,47",13300.222749143966
8,13484.183581675883,91.98041626595801,95.673828125,False,126,refine,synchronized,"48,49,50,51,52,53,54,55",13392.203165409925
8,13576.163997941841,91.98041626595801,95.673828125,False,127,refine,synchronized,"56,57,58,59,60,61,62,63",13484.183581675883
8,13668.1444142078,91.98041626595801,95.673828125,False,128,refine,synchronized,"0,1,2,3,4,5,6,7",13576.163997941841
8,13760.124830473758,91.98041626595801,95.673828125,False,129,refine,synchronized,"8,9,10,11,12,13,14,15",13668.1444142078
8,13852.105246739717,91.98041626595801,95.673828125,False,130,refine,synchronized,"16,17,18,19,20,21,22,23",13760.124830473758
8,13944.085663005675,91.98041626595801,95.673828125,False,131,refine,synchronized,"24,25,26,27,28,29,30,31",13852.105246739717
8,14036.066079271633,91.98041626595801,95.673828125,False,132,refine,synchronized,"32,33,34,35,36,37,38,39",13944.085663005675
8,14128.046495537592,91.98041626595801,95.673828125,False,133,refine,synchronized,"40,41,42,43,44,45,46,47",14036.066079271633
8,14220.02691180355,91.98041626595801,95.673828125,False,134,refine,synchronized,"48,49,50,51,52,53,54,55",14128.046495537592
8,14312.007328069509,91.98041626595801,95.673828125,False,135,refine,synchronized,"56,57,58,59,60,61,62,63",14220.02691180355
8,14403.987744335467,91.98041626595801,95.673828125,False,136,refine,synchronized,"0,1,2,3,4,5,6,7",14312.007328069509
8,14495.968160601426,91.98041626595801,95.673828125,False,137,refine,synchronized,"8,9,10,11,12,13,14,15",14403.987744335467
8,14587.948576867384,91.98041626595801,95.673828125,False,138,refine,synchronized,"16,17,18,19,20,21,22,23",14495.968160601426
8,14679.928993133342,91.98041626595801,95.673828125,False,139,refine,synchronized,"24,25,26,27,28,29,30,31",14587.948576867384
8,14771.9094093993,91.98041626595801,95.673828125,False,140,refine,synchronized,"32,33,34,35,36,37,38,39",14679.928993133342
8,14863.88982566526,91.98041626595801,95.673828125,False,141,refine,synchronized,"40,41,42,43,44,45,46,47",14771.9094093993
8,14955.870241931218,91.98041626595801,95.673828125,False,142,refine,synchronized,"48,49,50,51,52,53,54,55",14863.88982566526
8,15047.850658197176,91.98041626595801,95.673828125,False,143,refine,synchronized,"56,57,58,59,60,61,62,63",14955.870241931218
8,15139.831074463134,91.98041626595801,95.673828125,False,144,refine,synchronized,"0,1,2,3,4,5,6,7",15047.850658197176
8,15231.811490729093,91.98041626595801,95.673828125,False,145,refine,synchronized,"8,9,10,11,12,13,14,15",15139.831074463134
8,15323.791906995051,91.98041626595801,95.673828125,False,146,refine,synchronized,"16,17,18,19,20,21,22,23",15231.811490729093
8,15415.77232326101,91.98041626595801,95.673828125,False,147,refine,synchronized,"24,25,26,27,28,29,30,31",15323.791906995051
8,15507.752739526968,91.98041626595801,95.673828125,False,148,refine,synchronized,"32,33,34,35,36,37,38,39",15415.77232326101
8,15599.733155792926,91.98041626595801,95.673828125,False,149,refine,synchronized,"40,41,42,43,44,45,46,47",15507.752739526968
8,15691.713572058885,91.98041626595801,95.673828125,False,150,refine,synchronized,"48,49,50,51,52,53,54,55",15599.733155792926
8,15783.693988324843,91.98041626595801,95.673828125,False,151,refine,synchronized,"56,57,58,59,60,61,62,63",15691.713572058885
8,15875.674404590802,91.98041626595801,95.673828125,False,152,refine,synchronized,"0,1,2,3,4,5,6,7",15783.693988324843
8,15967.65482085676,91.98041626595801,95.673828125,False,153,refine,synchronized,"8,9,10,11,12,13,14,15",15875.674404590802
8,16059.635237122719,91.98041626595801,95.673828125,False,154,refine,synchronized,"16,17,18,19,20,21,22,23",15967.65482085676
8,16151.615653388677,91.98041626595801,95.673828125,False,155,refine,synchronized,"24,25,26,27,28,29,30,31",16059.635237122719
8,16243.596069654635,91.98041626595801,95.673828125,False,156,refine,synchronized,"32,33,34,35,36,37,38,39",16151.615653388677
8,16335.576485920594,91.98041626595801,95.673828125,False,157,refine,synchronized,"40,41,42,43,44,45,46,47",16243.596069654635
8,16427.556902186552,91.98041626595801,95.673828125,False,158,refine,synchronized,"48,49,50,51,52,53,54,55",16335.576485920594
8,16519.53731845251,91.98041626595801,95.673828125,False,159,refine,synchronized,"56,57,58,59,60,61,62,63",16427.556902186552
8,16611.517734718465,91.98041626595801,95.673828125,False,160,refine,synchronized,"0,1,2,3,4,5,6,7",16519.53731845251
8,16703.498150984422,91.98041626595801,95.673828125,False,161,refine,synchronized,"8,9,10,11,12,13,14,15",16611.517734718465
8,16795.47856725038,91.98041626595801,95.673828125,False,162,refine,synchronized,"16,17,18,19,20,21,22,23",16703.498150984422
8,16887.458983516335,91.98041626595801,95.673828125,False,163,refine,synchronized,"24,25,26,27,28,29,30,31",16795.47856725038
8,16979.43939978229,91.98041626595801,95.673828125,False,164,refine,synchronized,"32,33,34,35,36,37,38,39",16887.458983516335
8,17071.41981604825,91.98041626595801,95.673828125,False,165,refine,synchronized,"40,41,42,43,44,45,46,47",16979.43939978229
8,17163.400232314205,91.98041626595801,95.673828125,False,166,refine,synchronized,"48,49,50,51,52,53,54,55",17071.41981604825
8,17255.38064858016,91.98041626595801,95.673828125,False,167,refine,synchronized,"56,57,58,59,60,61,62,63",17163.400232314205
8,17347.361064846118,91.98041626595801,95.673828125,False,168,refine,synchronized,"0,1,2,3,4,5,6,7",17255.38064858016
8,17439.341481112075,91.98041626595801,95.673828125,False,169,refine,synchronized,"8,9,10,11,12,13,14,15",17347.361064846118
8,17531.32189737803,91.98041626595801,95.673828125,False,170,refine,synchronized,"16,17,18,19,20,21,22,23",17439.341481112075
8,17623.302313643988,91.98041626595801,95.673828125,False,171,refine,synchronized,"24,25,26,27,28,29,30,31",17531.32189737803
8,17715.282729909944,91.98041626595801,95.673828125,False,172,refine,synchronized,"32,33,34,35,36,37,38,39",17623.302313643988
8,17807.2631461759,91.98041626595801,95.673828125,False,173,refine,synchronized,"40,41,42,43,44,45,46,47",17715.282729909944
8,17899.243562441858,91.98041626595801,95.673828125,False,174,refine,synchronized,"48,49,50,51,52,53,54,55",17807.2631461759
8,17991.223978707814,91.98041626595801,95.673828125,False,175,refine,synchronized,"56,57,58,59,60,61,62,63",17899.243562441858
8,18083.20439497377,91.98041626595801,95.673828125,False,176,refine,synchronized,"0,1,2,3,4,5,6,7",17991.223978707814
8,18175.184811239727,91.98041626595801,95.673828125,False,177,refine,synchronized,"8,9,10,11,12,13,14,15",18083.20439497377
8,18267.165227505684,91.98041626595801,95.673828125,False,178,refine,synchronized,"16,17,18,19,20,21,22,23",18175.184811239727
8,18359.14564377164,91.98041626595801,95.673828125,False,179,refine,synchronized,"24,25,26,27,28,29,30,31",18267.165227505684
8,18451.126060037597,91.98041626595801,95.673828125,False,180,refine,synchronized,"32,33,34,35,36,37,38,39",18359.14564377164
8,18543.106476303554,91.98041626595801,95.673828125,False,181,refine,synchronized,"40,41,42,43,44,45,46,47",18451.126060037597
8,18635.08689256951,91.98041626595801,95.673828125,False,182,refine,synchronized,"48,49,50,51,52,53,54,55",18543.106476303554
8,18727.067308835467,91.98041626595801,95.673828125,False,183,refine,synchronized,"56,57,58,59,60,61,62,63",18635.08689256951
8,18931.714644845124,204.647336009657,930.625,True,184,warmup,synchronized,"0,1,2,3,4,5,6,7",18727.067308835467
8,19136.36198085478,204.647336009657,930.625,True,185,warmup,synchronized,"8,9,10,11,12,13,14,15",18931.714644845124
8,19341.009316864438,204.647336009657,930.625,True,186,warmup,synchronized,"16,17,18,19,20,21,22,23",19136.36198085478
8,19545.656652874095,204.647336009657,930.625,True,187,warmup,synchronized,"24,25,26,27,28,29,30,31",19341.009316864438
8,19750.303988883752,204.647336009657,930.625,True,188,warmup,synchronized,"32,33,34,35,36,37,38,39",19545.656652874095
8,19954.95132489341,204.647336009657,930.625,True,189,warmup,synchronized,"40,41,42,43,44,45,46,47",19750.303988883752
8,20159.598660903066,204.647336009657,930.625,True,190,warmup,synchronized,"48,49,50,51,52,53,54,55",19954.95132489341
8,20364.245996912723,204.647336009657,930.625,True,191,warmup,synchronized,"56,57,58,59,60,61,62,63",20159.598660903066
8,20456.22641317868,91.98041626595801,95.673828125,False,192,refine,synchronized,"0,1,2,3,4,5,6,7",20364.245996912723
8,20548.206829444636,91.98041626595801,95.673828125,False,193,refine,synchronized,"8,9,10,11,12,13,14,15",20456.22641317868
8,20640.187245710593,91.98041626595801,95.673828125,False,194,refine,synchronized,"16,17,18,19,20,21,22,23",20548.206829444636
8,20732.16766197655,91.98041626595801,95.673828125,False,195,refine,synchronized,"24,25,26,27,28,29,30,31",20640.187245710593
8,20824.148078242506,91.98041626595801,95.673828125,False,196,refine,synchronized,"32,33,34,35,36,37,38,39",20732.16766197655
8,20916.128494508463,91.98041626595801,95.673828125,False,197,refine,synchronized,"40,41,42,43,44,45,46,47",20824.148078242506
8,21008.10891077442,91.98041626595801,95.673828125,False,198,refine,synchronized,"48,49,50,51,52,53,54,55",20916.128494508463
8,21100.089327040376,91.98041626595801,95.673828125,False,199,refine,synchronized,"56,57,58,59,60,61,62,63",21008.10891077442
8,21192.069743306332,91.98041626595801,95.673828125,False,200,refine,synchronized,"0,1,2,3,4,5,6,7",21100.089327040376
8,21284.05015957229,91.98041626595801,95.673828125,False,201,refine,synchronized,"8,9,10,11,12,13,14,15",21192.069743306332
8,21376.030575838246,91.98041626595801,95.673828125,False,202,refine,synchronized,"16,17,18,19,20,21,22,23",21284.05015957229
8,21468.010992104202,91.98041626595801,95.673828125,False,203,refine,synchronized,"24,25,26,27,28,29,30,31",21376.030575838246
8,21559.99140837016,91.98041626595801,95.673828125,False,204,refine,synchronized,"32,33,34,35,36,37,38,39",21468.010992104202
8,21651.971824636115,91.98041626595801,95.673828125,False,205,refine,synchronized,"40,41,42,43,44,45,46,47",21559.99140837016
8,21743.952240902072,91.98041626595801,95.673828125,False,206,refine,synchronized,"48,49,50,51,52,53,54,55",21651.971824636115
8,21835.93265716803,91.98041626595801,95.673828125,False,207,refine,synchronized,"56,57,58,59,60,61,62,63",21743.952240902072
8,21927.913073433985,91.98041626595801,95.673828125,False,208,refine,synchronized,"0,1,2,3,4,5,6,7",21835.93265716803
8,22019.89348969994,91.98041626595801,95.673828125,False,209,refine,synchronized,"8,9,10,11,12,13,14,15",21927.913073433985
8,22111.8739059659,91.98041626595801,95.673828125,False,210,refine,synchronized,"16,17,18,19,20,21,22,23",22019.89348969994
8,22203.854322231855,91.98041626595801,95.673828125,False,211,refine,synchronized,"24,25,26,27,28,29,30,31",22111.8739059659
8,22295.83473849781,91.98041626595801,95.673828125,False,212,refine,synchronized,"32,33,34,35,36,37,38,39",22203.854322231855
8,22387.815154763768,91.98041626595801,95.673828125,False,213,refine,synchronized,"40,41,42,43,44,45,46,47",22295.83473849781
8,22479.795571029725,91.98041626595801,95.673828125,False,214,refine,synchronized,"48,49,50,51,52,53,54,55",22387.815154763768
8,22571.77598729568,91.98041626595801,95.673828125,False,215,refine,synchronized,"56,57,58,59,60,61,62,63",22479.795571029725
8,22663.756403561638,91.98041626595801,95.673828125,False,216,refine,synchronized,"0,1,2,3,4,5,6,7",22571.77598729568
8,22755.736819827594,91.98041626595801,95.673828125,False,217,refine,synchronized,"8,9,10,11,12,13,14,15",22663.756403561638
8,22847.71723609355,91.98041626595801,95.673828125,False,218,refine,synchronized,"16,17,18,19,20,21,22,23",22755.736819827594
8,22939.697652359508,91.98041626595801,95.673828125,False,219,refine,synchronized,"24,25,26,27,28,29,30,31",22847.71723609355
8,23031.678068625464,91.98041626595801,95.673828125,False,220,refine,synchronized,"32,33,34,35,36,37,38,39",22939.697652359508
8,23123.65848489142,91.98041626595801,95.673828125,False,221,refine,synchronized,"40,41,42,43,44,45,46,47",23031.678068625464
8,23215.638901157377,91.98041626595801,95.673828125,False,222,refine,synchronized,"48,49,50,51,52,53,54,55",23123.65848489142
8,23307.619317423334,91.98041626595801,95.673828125,False,223,refine,synchronized,"56,57,58,59,60,61,62,63",23215.638901157377
8,23399.59973368929,91.98041626595801,95.673828125,False,224,refine,synchronized,"0,1,2,3,4,5,6,7",23307.619317423334
8,23491.580149955247,91.98041626595801,95.673828125,False,225,refine,synchronized,"8,9,10,11,12,13,14,15",23399.59973368929
8,23583.560566221204,91.98041626595801,95.673828125,False,226,refine,synchronized,"16,17,18,19,20,21,22,23",23491.580149955247
8,23675.54098248716,91.98041626595801,95.673828125,False,227,refine,synchronized,"24,25,26,27,28,29,30,31",23583.560566221204
8,23767.521398753117,91.98041626595801,95.673828125,False,228,refine,synchronized,"32,33,34,35,36,37,38,39",23675.54098248716
8,23859.501815019074,91.98041626595801,95.673828125,False,229,refine,synchronized,"40,41,42,43,44,45,46,47",23767.521398753117
8,23951.48223128503,91.98041626595801,95.673828125,False,230,refine,synchronized,"48,49,50,51,52,53,54,55",23859.501815019074
8,24043.462647550987,91.98041626595801,95.673828125,False,231,refine,synchronized,"56,57,58,59,60,61,62,63",23951.48223128503
8,24135.443063816943,91.98041626595801,95.673828125,False,232,refine,synchronized,"0,1,2,3,4,5,6,7",24043.462647550987
8,24227.4234800829,91.98041626595801,95.673828125,False,233,refine,synchronized,"8,9,10,11,12,13,14,15",24135.443063816943
8,24319.403896348857,91.98041626595801,95.673828125,False,234,refine,synchronized,"16,17,18,19,20,21,22,23",24227.4234800829
8,24411.384312614813,91.98041626595801,95.673828125,False,235,refine,synchronized,"24,25,26,27,28,29,30,31",24319.403896348857
8,24503.36472888077,91.98041626595801,95.673828125,False,236,refine,synchronized,"32,33,34,35,36,37,38,39",24411.384312614813
8,24595.345145146726,91.98041626595801,95.673828125,False,237,refine,synchronized,"40,41,42,43,44,45,46,47",24503.36472888077
8,24687.325561412683,91.98041626595801,95.673828125,False,238,refine,synchronized,"48,49,50,51,52,53,54,55",24595.345145146726
8,24779.30597767864,91.98041626595801,95.673828125,False,239,refine,synchronized,"56,57,58,59,60,61,62,63",24687.325561412683
8,24871.286393944596,91.98041626595801,95.673828125,False,240,refine,synchronized,"0,1,2,3,4,5,6,7",24779.30597767864
8,24963.266810210553,91.98041626595801,95.673828125,False,241,refine,synchronized,"8,9,10,11,12,13,14,15",24871.286393944596
8,25055.24722647651,91.98041626595801,95.673828125,False,242,refine,synchronized,"16,17,18,19,20,21,22,23",24963.266810210553
8,25147.227642742466,91.98041626595801,95.673828125,False,243,refine,synchronized,"24,25,26,27,28,29,30,31",25055.24722647651
8,25239.208059008422,91.98041626595801,95.673828125,False,244,refine,synchronized,"32,33,34,35,36,37,38,39",25147.227642742466
8,25331.18847527438,91.98041626595801,95.673828125,False,245,refine,synchronized,"40,41,42,43,44,45,46,47",25239.208059008422
8,25423.168891540336,91.98041626595801,95.673828125,False,246,refine,synchronized,"48,49,50,51,52,53,54,55",25331.18847527438
8,25515.149307806292,91.98041626595801,95.673828125,False,247,refine,synchronized,"56,57,58,59,60,61,62,63",25423.168891540336
8,25607.12972407225,91.98041626595801,95.673828125,False,248,refine,synchronized,"0,1,2,3,4,5,6,7",25515.149307806292
8,25699.110140338205,91.98041626595801,95.673828125,False,249,refine,synchronized,"8,9,10,11,12,13,14,15",25607.12972407225
8,25791.090556604162,91.98041626595801,95.673828125,False,250,refine,synchronized,"16,17,18,19,20,21,22,23",25699.110140338205
8,25883.07097287012,91.98041626595801,95.673828125,False,251,refine,synchronized,"24,25,26,27,28,29,30,31",25791.090556604162
8,25975.051389136075,91.98041626595801,95.673828125,False,252,refine,synchronized,"32,33,34,35,36,37,38,39",25883.07097287012
8,26067.03180540203,91.98041626595801,95.673828125,False,253,refine,synchronized,"40,41,42,43,44,45,46,47",25975.051389136075
8,26159.01222166799,91.98041626595801,95.673828125,False,254,refine,synchronized,"48,49,50,51,52,53,54,55",26067.03180540203
8,26250.992637933945,91.98041626595801,95.673828125,False,255,refine,synchronized,"56,57,58,59,60,61,62,63",26159.01222166799
8,26342.9730541999,91.98041626595801,95.673828125,False,256,refine,synchronized,"0,1,2,3,4,5,6,7",26250.992637933945
8,26434.953470465858,91.98041626595801,95.673828125,False,257,refine,synchronized,"8,9,10,11,12,13,14,15",26342.9730541999
8,26526.933886731815,91.98041626595801,95.673828125,False,258,refine,synchronized,"16,17,18,19,20,21,22,23",26434.953470465858
8,26618.91430299777,91.98041626595801,95.673828125,False,259,refine,synchronized,"24,25,26,27,28,29,30,31",26526.933886731815
8,26710.894719263728,91.98041626595801,95.673828125,False,260,refine,synchronized,"32,33,34,35,36,37,38,39",26618.91430299777
8,26802.875135529684,91.98041626595801,95.673828125,False,261,refine,synchronized,"40,41,42,43,44,45,46,47",26710.894719263728
8,26894.85555179564,91.98041626595801,95.673828125,False,262,refine,synchronized,"48,49,50,51,52,53,54,55",26802.875135529684
8,26986.835968061598,91.98041626595801,95.673828125,False,263,refine,synchronized,"56,57,58,59,60,61,62,63",26894.85555179564
8,27078.816384327554,91.98041626595801,95.673828125,False,264,refine,synchronized,"0,1,2,3,4,5,6,7",26986.835968061598
8,27170.79680059351,91.98041626595801,95.673828125,False,265,refine,synchronized,"8,9,10,11,12,13,14,15",27078.816384327554
8,27262.777216859467,91.98041626595801,95.673828125,False,266,refine,synchronized,"16,17,18,19,20,21,22,23",27170.79680059351
8,27354.757633125424,91.98041626595801,95.673828125,False,267,refine,synchronized,"24,25,26,27,28,29,30,31",27262.777216859467
8,27446.73804939138,91.98041626595801,95.673828125,False,268,refine,synchronized,"32,33,34,35,36,37,38,39",27354.757633125424
8,27538.718465657337,91.98041626595801,95.673828125,False,269,refine,synchronized,"40,41,42,43,44,45,46,47",27446.73804939138
8,27630.698881923294,91.98041626595801,95.673828125,False,270,refine,synchronized,"48,49,50,51,52,53,54,55",27538.718465657337
8,27722.67929818925,91.98041626595801,95.673828125,False,271,refine,synchronized,"56,57,58,59,60,61,62,63",27630.698881923294
8,27927.326634198907,204.647336009657,930.625,True,272,warmup,synchronized,"0,1,2,3,4,5,6,7",27722.67929818925
8,28131.973970208564,204.647336009657,930.625,True,273,warmup,synchronized,"8,9,10,11,12,13,14,15",27927.326634198907
8,28336.62130621822,204.647336009657,930.625,True,274,warmup,synchronized,"16,17,18,19,20,21,22,23",28131.973970208564
8,28541.26864222788,204.647336009657,930.625,True,275,warmup,synchronized,"24,25,26,27,28,29,30,31",28336.62130621822
8,28745.915978237535,204.647336009657,930.625,True,276,warmup,synchronized,"32,33,34,35,36,37,38,39",28541.26864222788
8,28950.563314247192,204.647336009657,930.625,True,277,warmup,synchronized,"40,41,42,43,44,45,46,47",28745.915978237535
8,29155.21065025685,204.647336009657,930.625,True,278,warmup,synchronized,"48,49,50,51,52,53,54,55",28950.563314247192
8,29359.857986266506,204.647336009657,930.625,True,279,warmup,synchronized,"56,57,58,59,60,61,62,63",29155.21065025685
8,29451.838402532463,91.98041626595801,95.673828125,False,280,refine,synchronized,"0,1,2,3,4,5,6,7",29359.857986266506
8,29543.81881879842,91.98041626595801,95.673828125,False,281,refine,synchronized,"8,9,10,11,12,13,14,15",29451.838402532463
8,29635.799235064376,91.98041626595801,95.673828125,False,282,refine,synchronized,"16,17,18,19,20,21,22,23",29543.81881879842
8,29727.779651330333,91.98041626595801,95.673828125,False,283,refine,synchronized,"24,25,26,27,28,29,30,31",29635.799235064376
8,29819.76006759629,91.98041626595801,95.673828125,False,284,refine,synchronized,"32,33,34,35,36,37,38,39",29727.779651330333
8,29911.740483862246,91.98041626595801,95.673828125,False,285,refine,synchronized,"40,41,42,43,44,45,46,47",29819.76006759629
8,30003.720900128203,91.98041626595801,95.673828125,False,286,refine,synchronized,"48,49,50,51,52,53,54,55",29911.740483862246
8,30095.70131639416,91.98041626595801,95.673828125,False,287,refine,synchronized,"56,57,58,59,60,61,62,63",30003.720900128203
8,30187.681732660116,91.98041626595801,95.673828125,False,288,refine,synchronized,"0,1,2,3,4,5,6,7",30095.70131639416
8,30279.662148926072,91.98041626595801,95.673828125,False,289,refine,synchronized,"8,9,10,11,12,13,14,15",30187.681732660116
8,30371.64256519203,91.98041626595801,95.673828125,False,290,refine,synchronized,"16,17,18,19,20,21,22,23",30279.662148926072
8,30463.622981457986,91.98041626595801,95.673828125,False,291,refine,synchronized,"24,25,26,27,28,29,30,31",30371.64256519203
8,30555.603397723942,91.98041626595801,95.673828125,False,292,refine,synchronized,"32,33,34,35,36,37,38,39",30463.622981457986
8,30647.5838139899,91.98041626595801,95.673828125,False,293,refine,synchronized,"40,41,42,43,44,45,46,47",30555.603397723942
8,30739.564230255855,91.98041626595801,95.673828125,False,294,refine,synchronized,"48,49,50,51,52,53,54,55",30647.5838139899
8,30831.544646521812,91.98041626595801,95.673828125,False,295,refine,synchronized,"56,57,58,59,60,61,62,63",30739.564230255855
8,30923.52506278777,91.98041626595801,95.673828125,False,296,refine,synchronized,"0,1,2,3,4,5,6,7",30831.544646521812
8,31015.505479053725,91.98041626595801,95.673828125,False,297,refine,synchronized,"8,9,10,11,12,13,14,15",30923.52506278777
8,31107.48589531968,91.98041626595801,95.673828125,False,298,refine,synchronized,"16,17,18,19,20,21,22,23",31015.505479053725
8,31199.46631158564,91.98041626595801,95.673828125,False,299,refine,synchronized,"24,25,26,27,28,29,30,31",31107.48589531968
8,31291.446727851595,91.98041626595801,95.673828125,False,300,refine,synchronized,"32,33,34,35,36,37,38,39",31199.46631158564
8,31383.42714411755,91.98041626595801,95.673828125,False,301,refine,synchronized,"40,41,42,43,44,45,46,47",31291.446727851595
8,31475.407560383508,91.98041626595801,95.673828125,False,302,refine,synchronized,"48,49,50,51,52,53,54,55",31383.42714411755
8,31567.387976649465,91.98041626595801,95.673828125,False,303,refine,synchronized,"56,57,58,59,60,61,62,63",31475.407560383508
8,31659.36839291542,91.98041626595801,95.673828125,False,304,refine,synchronized,"0,1,2,3,4,5,6,7",31567.387976649465
8,31751.348809181378,91.98041626595801,95.673828125,False,305,refine,synchronized,"8,9,10,11,12,13,14,15",31659.36839291542
8,31843.329225447334,91.98041626595801,95.673828125,False,306,refine,synchronized,"16,17,18,19,20,21,22,23",31751.348809181378
8,31935.30964171329,91.98041626595801,95.673828125,False,307,refine,synchronized,"24,25,26,27,28,29,30,31",31843.329225447334
8,32027.290057979248,91.98041626595801,95.673828125,False,308,refine,synchronized,"32,33,34,35,36,37,38,39",31935.30964171329
8,32119.270474245204,91.98041626595801,95.673828125,False,309,refine,synchronized,"40,41,42,43,44,45,46,47",32027.290057979248
8,32211.25089051116,91.98041626595801,95.673828125,False,310,refine,synchronized,"48,49,50,51,52,53,54,55",32119.270474245204
8,32303.231306777117,91.98041626595801,95.673828125,False,311,refine,synchronized,"56,57,58,59,60,61,62,63",32211.25089051116
8,32395.211723043074,91.98041626595801,95.673828125,False,312,refine,synchronized,"0,1,2,3,4,5,6,7",32303.231306777117
8,32487.19213930903,91.98041626595801,95.673828125,False,313,refine,synchronized,"8,9,10,11,12,13,14,15",32395.211723043074
8,32579.172555574987,91.98041626595801,95.673828125,False,314,refine,synchronized,"16,17,18,19,20,21,22,23",32487.19213930903
8,32671.152971840944,91.98041626595801,95.673828125,False,315,refine,synchronized,"24,25,26,27,28,29,30,31",32579.172555574987
8,32763.1333881069,91.98041626595801,95.673828125,False,316,refine,synchronized,"32,33,34,35,36,37,38,39",32671.152971840944
8,32855.11380437286,91.98041626595801,95.673828125,False,317,refine,synchronized,"40,41,42,43,44,45,46,47",32763.1333881069
8,32947.09422063881,91.98041626595801,95.673828125,False,318,refine,synchronized,"48,49,50,51,52,53,54,55",32855.11380437286
8,33039.07463690477,91.98041626595801,95.673828125,False,319,refine,synchronized,"56,57,58,59,60,61,62,63",32947.09422063881
8,33131.05505317073,91.98041626595801,95.673828125,False,320,refine,synchronized,"0,1,2,3,4,5,6,7",33039.07463690477
8,33223.03546943668,91.98041626595801,95.673828125,False,321,refine,synchronized,"8,9,10,11,12,13,14,15",33131.05505317073
8,33315.01588570264,91.98041626595801,95.673828125,False,322,refine,synchronized,"16,17,18,19,20,21,22,23",33223.03546943668
8,33406.9963019686,91.98041626595801,95.673828125,False,323,refine,synchronized,"24,25,26,27,28,29,30,31",33315.01588570264
8,33498.97671823455,91.98041626595801,95.673828125,False,324,refine,synchronized,"32,33,34,35,36,37,38,39",33406.9963019686
8,33590.95713450051,91.98041626595801,95.673828125,False,325,refine,synchronized,"40,41,42,43,44,45,46,47",33498.97671823455
8,33682.937550766466,91.98041626595801,95.673828125,False,326,refine,synchronized,"48,49,50,51,52,53,54,55",33590.95713450051
8,33774.91796703242,91.98041626595801,95.673828125,False,327,refine,synchronized,"56,57,58,59,60,61,62,63",33682.937550766466
8,33866.89838329838,91.98041626595801,95.673828125,False,328,refine,synchronized,"0,1,2,3,4,5,6,7",33774.91796703242
8,33958.878799564336,91.98041626595801,95.673828125,False,329,refine,synchronized,"8,9,10,11,12,13,14,15",33866.89838329838
8,34050.85921583029,91.98041626595801,95.673828125,False,330,refine,synchronized,"16,17,18,19,20,21,22,23",33958.878799564336
8,34142.83963209625,91.98041626595801,95.673828125,False,331,refine,synchronized,"24,25,26,27,28,29,30,31",34050.85921583029
8,34234.820048362206,91.98041626595801,95.673828125,False,332,refine,synchronized,"32,33,34,35,36,37,38,39",34142.83963209625
8,34326.80046462816,91.98041626595801,95.673828125,False,333,refine,synchronized,"40,41,42,43,44,45,46,47",34234.820048362206
8,34418.78088089412,91.98041626595801,95.673828125,False,334,refine,synchronized,"48,49,50,51,52,53,54,55",34326.80046462816
8,34510.761297160076,91.98041626595801,95.673828125,False,335,refine,synchronized,"56,57,58,59,60,61,62,63",34418.78088089412
8,34602.74171342603,91.98041626595801,95.673828125,False,336,refine,synchronized,"0,1,2,3,4,5,6,7",34510.761297160076
8,34694.72212969199,91.98041626595801,95.673828125,False,337,refine,synchronized,"8,9,10,11,12,13,14,15",34602.74171342603
8,34786.702545957945,91.98041626595801,95.673828125,False,338,refine,synchronized,"16,17,18,19,20,21,22,23",34694.72212969199
8,34878.6829622239,91.98041626595801,95.673828125,False,339,refine,synchronized,"24,25,26,27,28,29,30,31",34786.702545957945
8,34970.66337848986,91.98041626595801,95.673828125,False,340,refine,synchronized,"32,33,34,35,36,37,38,39",34878.6829622239
8,35062.643794755815,91.98041626595801,95.673828125,False,341,refine,synchronized,"40,41,42,43,44,45,46,47",34970.66337848986
8,35154.62421102177,91.98041626595801,95.673828125,False,342,refine,synchronized,"48,49,50,51,52,53,54,55",35062.643794755815
8,35246.60462728773,91.98041626595801,95.673828125,False,343,refine,synchronized,"56,57,58,59,60,61,62,63",35154.62421102177
8,35338.585043553685,91.98041626595801,95.673828125,False,344,refine,synchronized,"0,1,2,3,4,5,6,7",35246.60462728773
8,35430.56545981964,91.98041626595801,95.673828125,False,345,refine,synchronized,"8,9,10,11,12,13,14,15",35338.585043553685
8,35522.5458760856,91.98041626595801,95.673828125,False,346,refine,synchronized,"16,17,18,19,20,21,22,23",35430.56545981964
8,35614.526292351555,91.98041626595801,95.673828125,False,347,refine,synchronized,"24,25,26,27,28,29,30,31",35522.5458760856
8,35706.50670861751,91.98041626595801,95.673828125,False,348,refine,synchronized,"32,33,34,35,36,37,38,39",35614.526292351555
8,35798.48712488347,91.98041626595801,95.673828125,False,349,refine,synchronized,"40,41,42,43,44,45,46,47",35706.50670861751
8,35890.467541149425,91.98041626595801,95.673828125,False,350,refine,synchronized,"48,49,50,51,52,53,54,55",35798.48712488347
8,35982.44795741538,91.98041626595801,95.673828125,False,351,refine,synchronized,"56,57,58,59,60,61,62,63",35890.467541149425
8,36074.42837368134,91.98041626595801,95.673828125,False,352,refine,synchronized,"0,1,2,3,4,5,6,7",35982.44795741538
8,36166.408789947294,91.98041626595801,95.673828125,False,353,refine,synchronized,"8,9,10,11,12,13,14,15",36074.42837368134
8,36258.38920621325,91.98041626595801,95.673828125,False,354,refine,synchronized,"16,17,18,19,20,21,22,23",36166.408789947294
8,36350.36962247921,91.98041626595801,95.673828125,False,355,refine,synchronized,"24,25,26,27,28,29,30,31",36258.38920621325
8,36442.350038745164,91.98041626595801,95.673828125,False,356,refine,synchronized,"32,33,34,35,36,37,38,39",36350.36962247921
8,36534.33045501112,91.98041626595801,95.673828125,False,357,refine,synchronized,"40,41,42,43,44,45,46,47",36442.350038745164
8,36626.31087127708,91.98041626595801,95.673828125,False,358,refine,synchronized,"48,49,50,51,52,53,54,55",36534.33045501112
8,36718.291287543034,91.98041626595801,95.673828125,False,359,refine,synchronized,"56,57,58,59,60,61,62,63",36626.31087127708
1,38.69878074328881,38.69878074328881,117.5458984375,False,0,warmup,staggered,0,0.0
1,83.25778089056257,44.559000147273764,12.220703125,False,1,refine,staggered,0,38.69878074328881
1,127.81678103783634,44.559000147273764,12.220703125,False,2,refine,staggered,0,83.25778089056257
2,199.82125754177105,72.00447650393471,235.28125,False,3,warmup,staggered,"1,2",127.81678103783634
3,271.44230028157256,71.62104273980154,33.9873046875,False,4,refine,staggered,"0,1,2",199.82125754177105
3,379.4490150374746,108.00671475590207,352.921875,True,5,warmup,staggered,"3,4,5",271.44230028157256
6,460.1550175245459,80.70600248707129,69.6591796875,False,6,refine,staggered,"0,1,2,3,4,5",379.4490150374746
4,570.5774592749615,110.4224417504156,467.0625,True,7,warmup,staggered,"6,7,8,9",460.1550175245459
8,662.5578755409194,91.98041626595801,95.673828125,False,8,refine,staggered,"0,1,2,3,4,5,6,7",570.5774592749615
8,754.5382918068774,91.98041626595801,95.673828125,False,9,refine,staggered,"8,9,0,1,2,3,4,5",662.5578755409194
6,920.1719544325008,165.6336626256234,700.59375,True,10,warmup,staggered,"10,11,12,13,14,15",754.5382918068774
8,1012.1523706984588,91.98041626595801,95.673828125,False,11,refine,staggered,"6,7,0,1,2,3,4,5",920.1719544325008
8,1104.1327869644167,91.98041626595801,95.673828125,False,12,refine,staggered,"8,9,10,11,12,13,14,15",1012.1523706984588
7,1283.1992059728666,179.06641900844988,814.296875,True,13,warmup,staggered,"16,17,18,19,20,21,22",1104.1327869644167
8,1375.1796222388245,91.98041626595801,95.673828125,False,14,refine,staggered,"0,1,2,3,4,5,6,7",1283.1992059728666
8,1467.1600385047825,91.98041626595801,95.673828125,False,15,refine,staggered,"8,9,10,11,12,13,14,15",1375.1796222388245
8,1559.1404547707405,91.98041626595801,95.673828125,False,16,refine,staggered,"16,17,18,19,20,21,22,0",1467.1600385047825
8,1763.7877907803975,204.647336009657,930.625,True,17,warmup,staggered,"23,24,25,26,27,28,29,30",1559.1404547707405
8,1855.7682070463554,91.98041626595801,95.673828125,False,18,refine,staggered,"1,2,3,4,5,6,7,8",1763.7877907803975
8,1947.7486233123134,91.98041626595801,95.673828125,False,19,refine,staggered,"9,10,11,12,13,14,15,0",1855.7682070463554
8,2039.7290395782713,91.98041626595801,95.673828125,False,20,refine,staggered,"16,17,18,19,20,21,22,23",1947.7486233123134
8,2244.376375587928,204.647336009657,930.625,True,21,warmup,staggered,"31,32,33,34,35,36,37,38",2039.7290395782713
8,2336.356791853886,91.98041626595801,95.673828125,False,22,refine,staggered,"24,25,26,27,28,29,30,1",2244.376375587928
8,2428.337208119844,91.98041626595801,95.673828125,False,23,refine,staggered,"2,3,4,5,6,7,8,0",2336.356791853886
8,2520.317624385802,91.98041626595801,95.673828125,False,24,refine,staggered,"9,10,11,12,13,14,15,16",2428.337208119844
8,2612.29804065176,91.98041626595801,95.673828125,False,25,refine,staggered,"17,18,19,20,21,22,23,31",2520.317624385802
8,2816.945376661417,204.647336009657,930.625,True,26,warmup,staggered,"39,40,41,42,43,44,45,46",2612.29804065176
8,2908.925792927375,91.98041626595801,95.673828125,False,27,refine,staggered,"32,33,34,35,36,37,38,1",2816.945376661417
8,3000.906209193333,91.98041626595801,95.673828125,False,28,refine,staggered,"24,25,26,27,28,29,30,2",2908.925792927375
8,3205.55354520299,204.647336009657,930.625,True,29,warmup,staggered,"0,47,48,49,50,51,52,53",3000.906209193333
8,3297.533961468948,91.98041626595801,95.673828125,False,30,refine,staggered,"3,4,5,6,7,8,9,10",3205.55354520299
8,3389.514377734906,91.98041626595801,95.673828125,False,31,refine,staggered,"11,12,13,14,15,16,17,18",3297.533961468948
8,3481.4947940008637,91.98041626595801,95.673828125,False,32,refine,staggered,"19,20,21,22,23,31,39,40",3389.514377734906
8,3573.4752102668217,91.98041626595801,95.673828125,False,33,refine,staggered,"41,42,43,44,45,46,1,32",3481.4947940008637
8,3778.1225462764787,204.647336009657,930.625,True,34,warmup,staggered,"54,55,56,57,58,59,60,61",3573.4752102668217
8,3870.1029625424367,91.98041626595801,95.673828125,False,35,refine,staggered,"33,34,35,36,37,38,2,24",3778.1225462764787
8,3962.0833788083946,91.98041626595801,95.673828125,False,36,refine,staggered,"25,26,27,28,29,30,0,47",3870.1029625424367
8,4054.0637950743526,91.98041626595801,95.673828125,False,37,refine,staggered,"48,49,50,51,52,53,3,4",3962.0833788083946
2,4126.068271578288,72.00447650393471,235.28125,False,38,warmup,staggered,"62,63",4054.0637950743526
8,4218.048687844246,91.98041626595801,95.673828125,False,39,refine,staggered,"5,6,7,8,9,10,11,12",4126.068271578288
8,4310.029104110205,91.98041626595801,95.673828125,False,40,refine,staggered,"13,14,15,16,17,18,19,20",4218.048687844246
8,4402.009520376163,91.98041626595801,95.673828125,False,41,refine,staggered,"21,22,23,31,39,40,1,32",4310.029104110205
8,4493.989936642121,91.98041626595801,95.673828125,False,42,refine,staggered,"41,42,43,44,45,46,54,55",4402.009520376163
8,4585.97035290808,91.98041626595801,95.673828125,False,43,refine,staggered,"56,57,58,59,60,61,2,24",4493.989936642121
8,4677.950769174038,91.98041626595801,95.673828125,False,44,refine,staggered,"33,34,35,36,37,38,0,25",4585.97035290808
8,4769.931185439997,91.98041626595801,95.673828125,False,45,refine,staggered,"26,27,28,29,30,47,3,4",4677.950769174038
8,4861.911601705955,91.98041626595801,95.673828125,False,46,refine,staggered,"48,49,50,51,52,53,62,63",4769.931185439997
8,4953.892017971913,91.98041626595801,95.673828125,False,47,refine,staggered,"5,6,7,8,9,10,11,12",4861.911601705955
8,5045.872434237872,91.98041626595801,95.673828125,False,48,refine,staggered,"13,14,15,16,17,18,19,20",4953.892017971913
2,5117.876910741807,72.00447650393471,235.28125,False,49,warmup,staggered,"1,2",5045.872434237872
8,5209.857327007765,91.98041626595801,95.673828125,False,50,refine,staggered,"21,22,23,31,32,39,40,41",5117.876910741807
8,5301.837743273723,91.98041626595801,95.673828125,False,51,refine,staggered,"42,43,44,45,46,54,55,24",5209.857327007765
8,5393.818159539682,91.98041626595801,95.673828125,False,52,refine,staggered,"56,57,58,59,60,61,0,25",5301.837743273723
8,5485.79857580564,91.98041626595801,95.673828125,False,53,refine,staggered,"33,34,35,36,37,38,3,4",5393.818159539682
8,5577.778992071599,91.98041626595801,95.673828125,False,54,refine,staggered,"26,27,28,29,30,47,48,49",5485.79857580564
8,5669.759408337557,91.98041626595801,95.673828125,False,55,refine,staggered,"50,51,52,53,62,63,5,6",5577.778992071599
8,5761.739824603515,91.98041626595801,95.673828125,False,56,refine,staggered,"7,8,9,10,11,12,13,14",5669.759408337557
8,5853.720240869474,91.98041626595801,95.673828125,False,57,refine,staggered,"15,16,17,18,19,20,1,2",5761.739824603515
8,5945.700657135432,91.98041626595801,95.673828125,False,58,refine,staggered,"21,22,23,31,32,39,40,41",5853.720240869474
8,6037.681073401391,91.98041626595801,95.673828125,False,59,refine,staggered,"24,42,43,44,45,46,54,55",5945.700657135432
8,6129.661489667349,91.98041626595801,95.673828125,False,60,refine,staggered,"0,25,56,57,58,59,60,61",6037.681073401391
3,6237.668204423251,108.00671475590207,352.921875,True,61,warmup,staggered,"3,4,5",6129.661489667349
8,6329.64862068921,91.98041626595801,95.673828125,False,62,refine,staggered,"33,34,35,36,37,38,26,27",6237.668204423251
8,6421.629036955168,91.98041626595801,95.673828125,False,63,refine,staggered,"28,29,30,47,48,49,6,50",6329.64862068921
8,6513.609453221126,91.98041626595801,95.673828125,False,64,refine,staggered,"51,52,53,62,63,7,8,9",6421.629036955168
8,6605.589869487085,91.98041626595801,95.673828125,False,65,refine,staggered,"10,11,12,13,14,1,2,15",6513.609453221126
8,6697.570285753043,91.98041626595801,95.673828125,False,66,refine,staggered,"16,17,18,19,20,21,22,23",6605.589869487085
8,6789.550702019002,91.98041626595801,95.673828125,False,67,refine,staggered,"31,32,39,40,41,24,42,43",6697.570285753043
8,6881.53111828496,91.98041626595801,95.673828125,False,68,refine,staggered,"44,45,46,54,55,0,25,56",6789.550702019002
8,6973.511534550918,91.98041626595801,95.673828125,False,69,refine,staggered,"57,58,59,60,61,3,4,5",6881.53111828496
8,7065.491950816877,91.98041626595801,95.673828125,False,70,refine,staggered,"26,27,33,34,35,36,37,38",6973.511534550918
8,7157.472367082835,91.98041626595801,95.673828125,False,71,refine,staggered,"6,28,29,30,47,48,49,50",7065.491950816877
8,7249.452783348794,91.98041626595801,95.673828125,False,72,refine,staggered,"7,8,9,51,52,53,62,63",7157.472367082835
8,7341.433199614752,91.98041626595801,95.673828125,False,73,refine,staggered,"1,2,10,11,12,13,14,15",7249.452783348794
8,7433.4136158807105,91.98041626595801,95.673828125,False,74,refine,staggered,"16,17,18,19,20,21,22,23",7341.433199614752
8,7525.394032146669,91.98041626595801,95.673828125,False,75,refine,staggered,"24,31,32,39,40,41,42,43",7433.4136158807105
8,7617.374448412627,91.98041626595801,95.673828125,False,76,refine,staggered,"0,25,44,45,46,54,55,56",7525.394032146669
8,7709.354864678586,91.98041626595801,95.673828125,False,77,refine,staggered,"3,4,5,57,58,59,60,61",7617.374448412627
8,7801.335280944544,91.98041626595801,95.673828125,False,78,refine,staggered,"26,27,33,34,35,36,37,38",7709.354864678586
4,7911.75772269496,110.4224417504156,467.0625,True,79,warmup,staggered,"6,7,8,9",7801.335280944544
8,8003.738138960918,91.98041626595801,95.673828125,False,80,refine,staggered,"28,29,30,47,48,49,50,51",7911.75772269496
8,8095.718555226877,91.98041626595801,95.673828125,False,81,refine,staggered,"52,53,62,63,1,2,10,11",8003.738138960918
8,8187.698971492835,91.98041626595801,95.673828125,False,82,refine,staggered,"12,13,14,15,16,17,18,19",8095.718555226877
8,8279.679387758793,91.98041626595801,95.673828125,False,83,refine,staggered,"20,21,22,23,24,31,32,39",8187.698971492835
8,8371.659804024752,91.98041626595801,95.673828125,False,84,refine,staggered,"40,41,42,43,0,25,44,45",8279.679387758793
8,8463.64022029071,91.98041626595801,95.673828125,False,85,refine,staggered,"46,54,55,56,3,4,5,57",8371.659804024752
8,8555.620636556669,91.98041626595801,95.673828125,False,86,refine,staggered,"58,59,60,61,26,27,33,34",8463.64022029071
8,8647.601052822627,91.98041626595801,95.673828125,False,87,refine,staggered,"35,36,37,38,6,7,8,9",8555.620636556669
8,8739.581469088585,91.98041626595801,95.673828125,False,88,refine,staggered,"28,29,30,47,48,49,50,51",8647.601052822627
8,8831.561885354544,91.98041626595801,95.673828125,False,89,refine,staggered,"1,2,52,53,62,63,16,17",8739.581469088585
8,9036.2092213642,204.647336009657,930.625,True,90,warmup,staggered,"10,11,12,13,14,15,16,17",8831.561885354544
8,9128.18963763016,91.98041626595801,95.673828125,False,91,refine,staggered,"18,19,20,21,22,23,24,31",9036.2092213642
8,9220.170053896118,91.98041626595801,95.673828125,False,92,refine,staggered,"32,39,0,25,40,41,42,43",9128.18963763016
8,9312.150470162076,91.98041626595801,95.673828125,False,93,refine,staggered,"44,45,3,4,5,46,54,55",9220.170053896118
8,9404.130886428035,91.98041626595801,95.673828125,False,94,refine,staggered,"56,57,26,27,33,34,58,59",9312.150470162076
8,9496.111302693993,91.98041626595801,95.673828125,False,95,refine,staggered,"60,61,6,7,8,9,35,36",9404.130886428035
8,9588.091718959951,91.98041626595801,95.673828125,False,96,refine,staggered,"37,38,28,29,30,47,48,49",9496.111302693993
8,9680.07213522591,91.98041626595801,95.673828125,False,97,refine,staggered,"50,51,1,2,52,53,62,63",9588.091718959951
8,9772.052551491868,91.98041626595801,95.673828125,False,98,refine,staggered,"10,11,12,13,14,15,16,17",9680.07213522591
5,9910.080603679888,138.0280521880195,583.828125,True,99,warmup,staggered,"18,19,20,21,22",9772.052551491868
8,10002.061019945846,91.98041626595801,95.673828125,False,100,refine,staggered,"23,24,31,0,25,32,39,40",9910.080603679888
8,10094.041436211804,91.98041626595801,95.673828125,False,101,refine,staggered,"41,42,43,3,4,5,44,45",10002.061019945846
8,10186.021852477763,91.98041626595801,95.673828125,False,102,refine,staggered,"46,54,55,26,27,33,34,56",10094.041436211804
8,10278.002268743721,91.98041626595801,95.673828125,False,103,refine,staggered,"57,58,59,6,7,8,9,35",10186.021852477763
8,10369.98268500968,91.98041626595801,95.673828125,False,104,refine,staggered,"36,60,61,28,29,30,37,38",10278.002268743721
8,10461.963101275638,91.98041626595801,95.673828125,False,105,refine,staggered,"47,48,49,1,2,50,51,52",10369.98268500968
8,10553.943517541597,91.98041626595801,95.673828125,False,106,refine,staggered,"53,62,63,10,11,12,13,14",10461.963101275638
8,10645.923933807555,91.98041626595801,95.673828125,False,107,refine,staggered,"15,16,17,18,19,20,21,22",10553.943517541597
8,10737.904350073513,91.98041626595801,95.673828125,False,108,refine,staggered,"0,31,32,39,40,3,4,5",10645.923933807555
8,10942.55168608317,204.647336009657,930.625,True,109,warmup,staggered,"23,24,25,26,27,28,29,30",10737.904350073513
8,11034.532102349129,91.98041626595801,95.673828125,False,110,refine,staggered,"41,42,43,44,45,33,34,46",10942.55168608317
8,11126.512518615087,91.98041626595801,95.673828125,False,111,refine,staggered,"54,55,56,6,7,8,9,35",11034.532102349129
8,11218.492934881046,91.98041626595801,95.673828125,False,112,refine,staggered,"57,58,59,36,37,38,60,61",11126.512518615087
8,11310.473351147004,91.98041626595801,95.673828125,False,113,refine,staggered,"1,2,47,48,49,50,51,52",11218.492934881046
8,11402.453767412962,91.98041626595801,95.673828125,False,114,refine,staggered,"10,11,12,13,14,53,62,63",11310.473351147004
8,11494.43418367892,91.98041626595801,95.673828125,False,115,refine,staggered,"15,16,17,18,19,20,21,22",11402.453767412962
8,11699.081519688578,204.647336009657,930.625,True,116,warmup,staggered,"0,31,32,33,34,35,36,37",11494.43418367892
8,11791.061935954536,91.98041626595801,95.673828125,False,117,refine,staggered,"3,4,5,39,40,23,24,25",11699.081519688578
8,11883.042352220495,91.98041626595801,95.673828125,False,118,refine,staggered,"26,27,28,29,30,41,42,43",11791.061935954536
8,11975.022768486453,91.98041626595801,95.673828125,False,119,refine,staggered,"44,45,46,6,7,8,9,54",11883.042352220495
8,12067.003184752411,91.98041626595801,95.673828125,False,120,refine,staggered,"55,56,57,58,59,60,61,1",11975.022768486453
8,12271.650520762068,204.647336009657,930.625,True,121,warmup,staggered,"38,39,40,41,42,43,44,45",12067.003184752411
8,12363.630937028027,91.98041626595801,95.673828125,False,122,refine,staggered,"2,47,48,49,50,51,52,10",12271.650520762068
8,12455.611353293985,91.98041626595801,95.673828125,False,123,refine,staggered,"11,12,13,14,53,62,63,15",12363.630937028027
8,12547.591769559944,91.98041626595801,95.673828125,False,124,refine,staggered,"16,17,18,19,20,21,22,0",12455.611353293985
8,12639.572185825902,91.98041626595801,95.673828125,False,125,refine,staggered,"31,32,33,34,35,36,37,3",12547.591769559944
8,12731.55260209186,91.98041626595801,95.673828125,False,126,refine,staggered,"4,5,23,24,25,26,27,28",12639.572185825902
8,12823.533018357819,91.98041626595801,95.673828125,False,127,refine,staggered,"29,30,6,7,8,9,54,1",12731.55260209186
8,13028.180354367476,204.647336009657,930.625,True,128,warmup,staggered,"46,47,48,49,50,51,52,53",12823.533018357819
8,13120.160770633434,91.98041626595801,95.673828125,False,129,refine,staggered,"55,56,57,58,59,60,61,38",13028.180354367476
8,13212.141186899393,91.98041626595801,95.673828125,False,130,refine,staggered,"39,40,41,42,43,44,45,2",13120.160770633434
8,13304.121603165351,91.98041626595801,95.673828125,False,131,refine,staggered,"10,11,12,13,14,15,62,63",13212.141186899393
8,13396.10201943131,91.98041626595801,95.673828125,False,132,refine,staggered,"0,16,17,18,19,20,21,22",13304.121603165351
8,13488.082435697268,91.98041626595801,95.673828125,False,133,refine,staggered,"3,31,32,33,34,35,36,37",13396.10201943131
8,13580.062851963226,91.98041626595801,95.673828125,False,134,refine,staggered,"4,5,23,24,25,26,27,28",13488.082435697268
8,13784.710187972883,204.647336009657,930.625,True,135,warmup,staggered,"1,54,55,56,57,58,59,60",13580.062851963226
8,13876.690604238842,91.98041626595801,95.673828125,False,136,refine,staggered,"6,7,8,9,29,30,46,47",13784.710187972883
8,13968.6710205048,91.98041626595801,95.673828125,False,137,refine,staggered,"48,49,50,51,52,53,38,39",13876.690604238842
4,14079.093462255216,110.4224417504156,467.0625,True,138,warmup,staggered,"61,2,62,63",13968.6710205048
8,14171.073878521174,91.98041626595801,95.673828125,False,139,refine,staggered,"40,41,42,43,44,45,10,11",14079.093462255216
8,14263.054294787133,91.98041626595801,95.673828125,False,140,refine,staggered,"12,13,14,15,0,16,17,18",14171.073878521174
8,14355.034711053091,91.98041626595801,95.673828125,False,141,refine,staggered,"19,20,21,22,3,31,32,33",14263.054294787133
8,14447.01512731905,91.98041626595801,95.673828125,False,142,refine,staggered,"34,35,36,37,4,5,23,24",14355.034711053091
8,14538.995543585008,91.98041626595801,95.673828125,False,143,refine,staggered,"25,26,27,28,1,54,55,56",14447.01512731905
8,14630.975959850966,91.98041626595801,95.673828125,False,144,refine,staggered,"57,58,59,60,6,7,8,9",14538.995543585008
8,14722.956376116925,91.98041626595801,95.673828125,False,145,refine,staggered,"29,30,46,47,38,39,48,49",14630.975959850966
8,14814.936792382883,91.98041626595801,95.673828125,False,146,refine,staggered,"50,51,52,53,2,61,62,63",14722.956376116925
8,14906.917208648842,91.98041626595801,95.673828125,False,147,refine,staggered,"10,11,40,41,42,43,44,45",14814.936792382883
8,14998.8976249148,91.98041626595801,95.673828125,False,148,refine,staggered,"0,12,13,14,15,16,17,18",14906.917208648842
3,15106.904339670702,108.00671475590207,352.921875,True,149,warmup,staggered,"3,4,5",14998.8976249148
8,15198.88475593666,91.98041626595801,95.673828125,False,150,refine,staggered,"19,20,21,22,31,32,33,23",15106.904339670702
8,15290.865172202619,91.98041626595801,95.673828125,False,151,refine,staggered,"24,34,35,36,37,1,25,26",15198.88475593666
8,15382.845588468577,91.98041626595801,95.673828125,False,152,refine,staggered,"27,28,54,55,56,6,7,8",15290.865172202619
8,15474.826004734536,91.98041626595801,95.673828125,False,153,refine,staggered,"9,57,58,59,60,29,30,38",15382.845588468577
8,15566.806421000494,91.98041626595801,95.673828125,False,154,refine,staggered,"39,46,47,48,49,2,50,51",15474.826004734536
8,15658.786837266452,91.98041626595801,95.673828125,False,155,refine,staggered,"52,53,61,62,63,10,11,40",15566.806421000494
8,15750.76725353241,91.98041626595801,95.673828125,False,156,refine,staggered,"41,42,43,44,45,0,12,13",15658.786837266452
8,15842.74766979837,91.98041626595801,95.673828125,False,157,refine,staggered,"14,15,16,17,18,3,4,5",15750.76725353241
8,15934.728086064328,91.98041626595801,95.673828125,False,158,refine,staggered,"19,20,21,22,23,31,32,33",15842.74766979837
8,16026.708502330286,91.98041626595801,95.673828125,False,159,refine,staggered,"1,24,25,26,34,35,36,37",15934.728086064328
8,16118.688918596245,91.98041626595801,95.673828125,False,160,refine,staggered,"6,7,8,27,28,54,55,56",16026.708502330286
8,16210.669334862203,91.98041626595801,95.673828125,False,161,refine,staggered,"9,29,30,38,57,58,59,60",16118.688918596245
8,16302.649751128161,91.98041626595801,95.673828125,False,162,refine,staggered,"2,39,46,47,48,49,50,51",16210.669334862203
8,16394.63016739412,91.98041626595801,95.673828125,False,163,refine,staggered,"10,11,40,52,53,61,62,63",16302.649751128161
8,16486.610583660076,91.98041626595801,95.673828125,False,164,refine,staggered,"0,12,13,41,42,43,44,45",16394.63016739412
8,16578.590999926033,91.98041626595801,95.673828125,False,165,refine,staggered,"3,4,5,14,15,16,17,18",16486.610583660076
8,16670.57141619199,91.98041626595801,95.673828125,False,166,refine,staggered,"19,20,21,22,23,31,32,33",16578.590999926033
8,16762.551832457946,91.98041626595801,95.673828125,False,167,refine,staggered,"1,24,25,26,34,35,36,37",16670.57141619199
4,16872.97427420836,110.4224417504156,467.0625,True,168,warmup,staggered,"6,7,8,9",16762.551832457946
8,16964.95469047432,91.98041626595801,95.673828125,False,169,refine,staggered,"27,28,54,55,56,29,30,38",16872.97427420836
8,17056.935106740275,91.98041626595801,95.673828125,False,170,refine,staggered,"57,58,59,60,2,39,46,47",16964.95469047432
8,17148.91552300623,91.98041626595801,95.673828125,False,171,refine,staggered,"48,49,50,51,10,11,40,52",17056.935106740275
8,17240.895939272188,91.98041626595801,95.673828125,False,172,refine,staggered,"53,61,62,63,0,12,13,41",17148.91552300623
8,17332.876355538145,91.98041626595801,95.673828125,False,173,refine,staggered,"42,43,44,45,3,4,5,14",17240.895939272188
8,17424.8567718041,91.98041626595801,95.673828125,False,174,refine,staggered,"15,16,17,18,19,20,21,22",17332.876355538145
8,17516.837188070058,91.98041626595801,95.673828125,False,175,refine,staggered,"23,31,32,33,1,24,25,26",17424.8567718041
8,17608.817604336014,91.98041626595801,95.673828125,False,176,refine,staggered,"34,35,36,37,6,7,8,9",17516.837188070058
8,17700.79802060197,91.98041626595801,95.673828125,False,177,refine,staggered,"27,28,29,30,38,54,55,56",17608.817604336014
8,17792.778436867928,91.98041626595801,95.673828125,False,178,refine,staggered,"2,39,46,47,57,58,59,60",17700.79802060197
8,17997.425772877585,204.647336009657,930.625,True,179,warmup,staggered,"10,11,12,13,14,15,16,17",17792.778436867928
8,18089.40618914354,91.98041626595801,95.673828125,False,180,refine,staggered,"40,48,49,50,51,52,0,41",17997.425772877585
8,18181.386605409498,91.98041626595801,95.673828125,False,181,refine,staggered,"53,61,62,63,3,4,5,42",18089.40618914354
8,18273.367021675454,91.98041626595801,95.673828125,False,182,refine,staggered,"43,44,45,18,19,20,21,22",18181.386605409498
8,18365.34743794141,91.98041626595801,95.673828125,False,183,refine,staggered,"1,23,24,25,26,31,32,33",18273.367021675454
8,18457.327854207368,91.98041626595801,95.673828125,False,184,refine,staggered,"6,7,8,9,34,35,36,37",18365.34743794141
8,18549.308270473324,91.98041626595801,95.673828125,False,185,refine,staggered,"27,28,29,30,38,54,55,56",18457.327854207368
8,18641.28868673928,91.98041626595801,95.673828125,False,186,refine,staggered,"2,39,46,47,57,58,59,60",18549.308270473324
8,18733.269103005237,91.98041626595801,95.673828125,False,187,refine,staggered,"10,11,12,13,14,15,16,17",18641.28868673928
8,18825.249519271194,91.98041626595801,95.673828125,False,188,refine,staggered,"0,40,41,48,49,50,51,52",18733.269103005237
8,18917.22993553715,91.98041626595801,95.673828125,False,189,refine,staggered,"3,4,5,42,53,61,62,63",18825.249519271194
5,19055.25798772517,138.0280521880195,583.828125,True,190,warmup,staggered,"18,19,20,21,22",18917.22993553715
8,19147.238403991127,91.98041626595801,95.673828125,False,191,refine,staggered,"43,44,45,1,23,24,25,26",19055.25798772517
8,19239.218820257083,91.98041626595801,95.673828125,False,192,refine,staggered,"31,32,33,6,7,8,9,34",19147.238403991127
8,19331.19923652304,91.98041626595801,95.673828125,False,193,refine,staggered,"35,36,37,27,28,29,30,38",19239.218820257083
8,19423.179652788996,91.98041626595801,95.673828125,False,194,refine,staggered,"54,55,56,2,39,46,47,57",19331.19923652304
8,19515.160069054953,91.98041626595801,95.673828125,False,195,refine,staggered,"58,59,60,10,11,12,13,14",19423.179652788996
8,19607.14048532091,91.98041626595801,95.673828125,False,196,refine,staggered,"15,16,17,0,40,41,48,49",19515.160069054953
8,19699.120901586866,91.98041626595801,95.673828125,False,197,refine,staggered,"50,51,52,3,4,5,42,53",19607.14048532091
8,19791.101317852823,91.98041626595801,95.673828125,False,198,refine,staggered,"61,62,63,18,19,20,21,22",19699.120901586866
8,19883.08173411878,91.98041626595801,95.673828125,False,199,refine,staggered,"1,43,44,45,6,7,8,9",19791.101317852823
8,20087.729070128436,204.647336009657,930.625,True,200,warmup,staggered,"23,24,25,26,27,28,29,30",19883.08173411878
8,20179.709486394393,91.98041626595801,95.673828125,False,201,refine,staggered,"31,32,33,34,35,36,37,38",20087.729070128436
8,20271.68990266035,91.98041626595801,95.673828125,False,202,refine,staggered,"2,39,46,47,54,55,56,57",20179.709486394393
8,20363.670318926306,91.98041626595801,95.673828125,False,203,refine,staggered,"10,11,12,13,14,58,59,60",20271.68990266035
8,20568.317654935963,204.647336009657,930.625,True,204,warmup,staggered,"0,31,32,33,34,35,36,37",20363.670318926306
8,20660.29807120192,91.98041626595801,95.673828125,False,205,refine,staggered,"15,16,17,40,41,48,49,3",20568.317654935963
8,20752.278487467876,91.98041626595801,95.673828125,False,206,refine,staggered,"4,5,42,50,51,52,53,18",20660.29807120192
8,20844.258903733833,91.98041626595801,95.673828125,False,207,refine,staggered,"19,20,21,22,61,62,63,1",20752.278487467876
8,20936.23931999979,91.98041626595801,95.673828125,False,208,refine,staggered,"6,7,8,9,43,44,45,23",20844.258903733833
8,21028.219736265746,91.98041626595801,95.673828125,False,209,refine,staggered,"24,25,26,27,28,29,30,2",20936.23931999979
8,21232.867072275403,204.647336009657,930.625,True,210,warmup,staggered,"38,39,40,41,42,43,44,45",21028.219736265746
8,21324.84748854136,91.98041626595801,95.673828125,False,211,refine,staggered,"46,47,54,55,56,57,10,11",21232.867072275403
8,21416.827904807316,91.98041626595801,95.673828125,False,212,refine,staggered,"12,13,14,58,59,60,0,31",21324.84748854136
8,21508.808321073273,91.98041626595801,95.673828125,False,213,refine,staggered,"32,33,34,35,36,37,3,15",21416.827904807316
8,21600.78873733923,91.98041626595801,95.673828125,False,214,refine,staggered,"16,17,48,49,4,5,18,50",21508.808321073273
8,21692.769153605186,91.98041626595801,95.673828125,False,215,refine,staggered,"51,52,53,1,19,20,21,22",21600.78873733923
8,21784.749569871143,91.98041626595801,95.673828125,False,216,refine,staggered,"61,62,63,6,7,8,9,23",21692.769153605186
8,21876.7299861371,91.98041626595801,95.673828125,False,217,refine,staggered,"2,24,25,26,27,28,29,30",21784.749569871143
8,21968.710402403056,91.98041626595801,95.673828125,False,218,refine,staggered,"38,39,40,41,42,43,44,45",21876.7299861371
8,22060.690818669013,91.98041626595801,95.673828125,False,219,refine,staggered,"10,11,54,55,56,57,0,12",21968.710402403056
8,22265.33815467867,204.647336009657,930.625,True,220,warmup,staggered,"46,47,48,49,50,1,51,52",22060.690818669013
8,22357.318570944626,91.98041626595801,95.673828125,False,221,refine,staggered,"13,14,31,58,59,60,3,15",22265.33815467867
8,22449.298987210583,91.98041626595801,95.673828125,False,222,refine,staggered,"32,33,34,35,36,37,4,5",22357.318570944626
8,22541.27940347654,91.98041626595801,95.673828125,False,223,refine,staggered,"16,17,18,19,20,21,22,6",22449.298987210583
8,22745.926739486196,204.647336009657,930.625,True,224,warmup,staggered,"53,2,54,55,56,57,58,59",22541.27940347654
8,22837.907155752153,91.98041626595801,95.673828125,False,225,refine,staggered,"7,8,9,23,61,62,63,24",22745.926739486196
8,22929.88757201811,91.98041626595801,95.673828125,False,226,refine,staggered,"25,26,27,28,29,30,38,39",22837.907155752153
8,23021.867988284066,91.98041626595801,95.673828125,False,227,refine,staggered,"40,41,42,43,44,45,0,10",22929.88757201811
8,23113.848404550023,91.98041626595801,95.673828125,False,228,refine,staggered,"11,12,1,46,47,48,49,50",23021.867988284066
8,23205.82882081598,91.98041626595801,95.673828125,False,229,refine,staggered,"51,52,3,13,14,15,31,4",23113.848404550023
6,23371.462483441603,165.6336626256234,700.59375,True,230,warmup,staggered,"60,61,62,63,3,4",23205.82882081598
8,23463.44289970756,91.98041626595801,95.673828125,False,231,refine,staggered,"5,32,33,34,35,36,37,6",23371.462483441603
8,23555.423315973516,91.98041626595801,95.673828125,False,232,refine,staggered,"16,17,18,19,20,21,22,2",23463.44289970756
8,23647.403732239472,91.98041626595801,95.673828125,False,233,refine,staggered,"53,54,55,56,57,58,59,7",23555.423315973516
8,23739.38414850543,91.98041626595801,95.673828125,False,234,refine,staggered,"8,9,23,24,25,26,27,28",23647.403732239472
8,23831.364564771386,91.98041626595801,95.673828125,False,235,refine,staggered,"29,30,38,39,0,10,40,41",23739.38414850543
8,23923.344981037342,91.98041626595801,95.673828125,False,236,refine,staggered,"42,43,44,45,1,11,12,46",23831.364564771386
8,24015.3253973033,91.98041626595801,95.673828125,False,237,refine,staggered,"47,48,49,50,13,14,15,31",23923.344981037342
8,24107.305813569255,91.98041626595801,95.673828125,False,238,refine,staggered,"51,52,3,4,60,61,62,63",24015.3253973033
1,24146.004594312544,38.69878074328881,117.5458984375,False,239,warmup,staggered,5,24107.305813569255
8,24237.9850105785,91.98041626595801,95.673828125,False,240,refine,staggered,"6,32,33,34,35,36,37,2",24146.004594312544
8,24329.965426844457,91.98041626595801,95.673828125,False,241,refine,staggered,"16,17,18,19,20,21,22,7",24237.9850105785
8,24421.945843110414,91.98041626595801,95.673828125,False,242,refine,staggered,"53,54,55,56,57,58,59,8",24329.965426844457
8,24513.92625937637,91.98041626595801,95.673828125,False,243,refine,staggered,"9,23,24,25,26,27,28,0",24421.945843110414
8,24605.906675642327,91.98041626595801,95.673828125,False,244,refine,staggered,"10,29,30,38,39,40,41,1",24513.92625937637
8,24697.887091908284,91.98041626595801,95.673828125,False,245,refine,staggered,"11,12,42,43,44,45,46,13",24605.906675642327
8,24789.86750817424,91.98041626595801,95.673828125,False,246,refine,staggered,"14,15,31,47,48,49,50,3",24697.887091908284
8,24881.847924440197,91.98041626595801,95.673828125,False,247,refine,staggered,"4,51,52,60,61,62,63,5",24789.86750817424
8,24973.828340706154,91.98041626595801,95.673828125,False,248,refine,staggered,"2,6,32,33,34,35,36,37",24881.847924440197
8,25065.80875697211,91.98041626595801,95.673828125,False,249,refine,staggered,"7,16,17,18,19,20,21,22",24973.828340706154
8,25157.789173238067,91.98041626595801,95.673828125,False,250,refine,staggered,"8,53,54,55,56,57,58,59",25065.80875697211
8,25249.769589504023,91.98041626595801,95.673828125,False,251,refine,staggered,"0,9,23,24,25,26,27,28",25157.789173238067
8,25341.75000576998,91.98041626595801,95.673828125,False,252,refine,staggered,"1,10,29,30,38,39,40,41",25249.769589504023
8,25433.730422035936,91.98041626595801,95.673828125,False,253,refine,staggered,"11,12,13,42,43,44,45,46",25341.75000576998
8,25525.710838301893,91.98041626595801,95.673828125,False,254,refine,staggered,"3,14,15,31,47,48,49,50",25433.730422035936
8,25617.69125456785,91.98041626595801,95.673828125,False,255,refine,staggered,"4,5,51,52,60,61,62,63",25525.710838301893
8,25709.671670833806,91.98041626595801,95.673828125,False,256,refine,staggered,"2,32,33,34,35,36,37,16",25617.69125456785
4,25820.094112584222,110.4224417504156,467.0625,True,257,warmup,staggered,"6,7,8,9",25709.671670833806
8,25912.07452885018,91.98041626595801,95.673828125,False,258,refine,staggered,"17,18,19,20,21,22,53,54",25820.094112584222
8,26004.054945116135,91.98041626595801,95.673828125,False,259,refine,staggered,"55,56,57,58,59,0,23,24",25912.07452885018
8,26096.03536138209,91.98041626595801,95.673828125,False,260,refine,staggered,"25,26,27,28,1,10,29,30",26004.054945116135
8,26188.01577764805,91.98041626595801,95.673828125,False,261,refine,staggered,"38,39,40,41,11,12,13,42",26096.03536138209
8,26279.996193914005,91.98041626595801,95.673828125,False,262,refine,staggered,"43,44,45,46,3,14,15,31",26188.01577764805
8,26371.97661017996,91.98041626595801,95.673828125,False,263,refine,staggered,"47,48,49,50,4,5,51,52",26279.996193914005
8,26463.957026445918,91.98041626595801,95.673828125,False,264,refine,staggered,"60,61,62,63,2,16,32,33",26371.97661017996
8,26555.937442711875,91.98041626595801,95.673828125,False,265,refine,staggered,"34,35,36,37,6,7,8,9",26463.957026445918
8,26647.91785897783,91.98041626595801,95.673828125,False,266,refine,staggered,"17,18,19,20,21,22,53,54",26555.937442711875
8,26739.898275243788,91.98041626595801,95.673828125,False,267,refine,staggered,"0,23,24,55,56,57,58,59",26647.91785897783
8,26831.878691509744,91.98041626595801,95.673828125,False,268,refine,staggered,"1,25,26,27,28,29,30,38",26739.898275243788
8,27036.5260275194,204.647336009657,930.625,True,269,warmup,staggered,"10,11,12,13,14,15,16,17",26831.878691509744
8,27128.506443785358,91.98041626595801,95.673828125,False,270,refine,staggered,"39,40,41,42,3,31,43,44",27036.5260275194
8,27220.486860051315,91.98041626595801,95.673828125,False,271,refine,staggered,"45,46,4,5,47,48,49,50",27128.506443785358
8,27312.46727631727,91.98041626595801,95.673828125,False,272,refine,staggered,"51,52,2,32,33,60,61,62",27220.486860051315
8,27404.447692583228,91.98041626595801,95.673828125,False,273,refine,staggered,"63,6,7,8,9,34,35,36",27312.46727631727
8,27496.428108849184,91.98041626595801,95.673828125,False,274,refine,staggered,"37,18,19,20,21,22,53,54",27404.447692583228
8,27588.40852511514,91.98041626595801,95.673828125,False,275,refine,staggered,"0,23,24,55,56,57,58,59",27496.428108849184
8,27680.388941381098,91.98041626595801,95.673828125,False,276,refine,staggered,"1,25,26,27,28,29,30,38",27588.40852511514
8,27772.369357647054,91.98041626595801,95.673828125,False,277,refine,staggered,"10,11,12,13,14,15,16,17",27680.388941381098
8,27864.34977391301,91.98041626595801,95.673828125,False,278,refine,staggered,"3,31,39,40,41,42,43,44",27772.369357647054
8,27956.330190178967,91.98041626595801,95.673828125,False,279,refine,staggered,"4,5,45,46,47,48,49,50",27864.34977391301
8,28048.310606444924,91.98041626595801,95.673828125,False,280,refine,staggered,"2,32,33,51,52,60,61,62",27956.330190178967
8,28140.29102271088,91.98041626595801,95.673828125,False,281,refine,staggered,"6,7,8,9,34,35,36,63",28048.310606444924
5,28278.3190748989,138.0280521880195,583.828125,True,282,warmup,staggered,"18,19,20,21,22",28140.29102271088
8,28370.299491164857,91.98041626595801,95.673828125,False,283,refine,staggered,"37,53,54,0,23,24,55,56",28278.3190748989
8,28462.279907430813,91.98041626595801,95.673828125,False,284,refine,staggered,"57,58,59,1,25,26,27,28",28370.299491164857
8,28554.26032369677,91.98041626595801,95.673828125,False,285,refine,staggered,"29,30,38,10,11,12,13,14",28462.279907430813
8,28646.240739962726,91.98041626595801,95.673828125,False,286,refine,staggered,"15,16,17,3,31,39,40,41",28554.26032369677
8,28738.221156228683,91.98041626595801,95.673828125,False,287,refine,staggered,"42,43,44,4,5,45,46,47",28646.240739962726
8,28830.20157249464,91.98041626595801,95.673828125,False,288,refine,staggered,"48,49,50,2,32,33,51,52",28738.221156228683
8,28922.181988760596,91.98041626595801,95.673828125,False,289,refine,staggered,"60,61,62,6,7,8,9,34",28830.20157249464
8,29014.162405026553,91.98041626595801,95.673828125,False,290,refine,staggered,"35,36,63,18,19,20,21,22",28922.181988760596
8,29218.80974103621,204.647336009657,930.625,True,291,warmup,staggered,"23,24,25,26,27,28,29,30",29014.162405026553
8,29310.790157302166,91.98041626595801,95.673828125,False,292,refine,staggered,"37,53,54,55,56,1,57,58",29218.80974103621
8,29402.770573568123,91.98041626595801,95.673828125,False,293,refine,staggered,"59,10,11,12,13,14,38,3",29310.790157302166
8,29494.75098983408,91.98041626595801,95.673828125,False,294,refine,staggered,"15,16,17,39,40,41,4,5",29402.770573568123
8,29699.398325843737,204.647336009657,930.625,True,295,warmup,staggered,"31,32,33,34,35,36,37,38",29494.75098983408
8,29791.378742109693,91.98041626595801,95.673828125,False,296,refine,staggered,"42,43,44,45,46,47,2,48",29699.398325843737
8,29883.35915837565,91.98041626595801,95.673828125,False,297,refine,staggered,"49,50,51,52,6,7,8,9",29791.378742109693
8,29975.339574641606,91.98041626595801,95.673828125,False,298,refine,staggered,"60,61,62,18,19,20,21,22",29883.35915837565
8,30067.319990907563,91.98041626595801,95.673828125,False,299,refine,staggered,"63,23,24,25,26,27,28,29",29975.339574641606
8,30159.30040717352,91.98041626595801,95.673828125,False,300,refine,staggered,"30,1,53,54,55,56,57,58",30067.319990907563
8,30251.280823439476,91.98041626595801,95.673828125,False,301,refine,staggered,"3,10,11,12,13,14,59,4",30159.30040717352
8,30343.261239705433,91.98041626595801,95.673828125,False,302,refine,staggered,"5,15,16,17,31,32,33,34",30251.280823439476
7,30522.327658713883,179.06641900844988,814.296875,True,303,warmup,staggered,"39,40,41,42,43,44,45",30343.261239705433
8,30614.30807497984,91.98041626595801,95.673828125,False,304,refine,staggered,"35,36,37,38,2,46,47,48",30522.327658713883
8,30706.288491245796,91.98041626595801,95.673828125,False,305,refine,staggered,"6,7,8,9,49,50,51,52",30614.30807497984
8,30798.268907511752,91.98041626595801,95.673828125,False,306,refine,staggered,"18,19,20,21,22,60,61,62",30706.288491245796
8,30890.24932377771,91.98041626595801,95.673828125,False,307,refine,staggered,"23,24,25,26,27,28,29,63",30798.268907511752
8,30982.229740043666,91.98041626595801,95.673828125,False,308,refine,staggered,"30,53,54,55,56,57,58,3",30890.24932377771
8,31074.210156309622,91.98041626595801,95.673828125,False,309,refine,staggered,"4,10,11,12,13,14,59,5",30982.229740043666
8,31166.19057257558,91.98041626595801,95.673828125,False,310,refine,staggered,"15,16,17,31,32,33,34,39",31074.210156309622
8,31258.170988841535,91.98041626595801,95.673828125,False,311,refine,staggered,"40,41,42,43,44,45,35,36",31166.19057257558
8,31350.151405107492,91.98041626595801,95.673828125,False,312,refine,staggered,"37,38,6,7,8,9,18,19",31258.170988841535
8,31554.79874111715,204.647336009657,930.625,True,313,warmup,staggered,"46,47,48,49,50,51,52,53",31350.151405107492
8,31646.779157383105,91.98041626595801,95.673828125,False,314,refine,staggered,"20,21,22,60,61,62,23,24",31554.79874111715
8,31738.759573649062,91.98041626595801,95.673828125,False,315,refine,staggered,"25,26,27,28,29,63,30,5",31646.779157383105
8,31943.40690965872,204.647336009657,930.625,True,316,warmup,staggered,"54,55,56,57,58,59,60,61",31738.759573649062
8,32035.387325924676,91.98041626595801,95.673828125,False,317,refine,staggered,"10,11,12,13,14,15,16,17",31943.40690965872
8,32127.367742190632,91.98041626595801,95.673828125,False,318,refine,staggered,"31,32,33,34,39,35,36,40",32035.387325924676
8,32219.34815845659,91.98041626595801,95.673828125,False,319,refine,staggered,"41,42,43,44,45,6,7,8",32127.367742190632
8,32311.328574722545,91.98041626595801,95.673828125,False,320,refine,staggered,"9,18,19,37,38,46,47,48",32219.34815845659
8,32403.308990988502,91.98041626595801,95.673828125,False,321,refine,staggered,"49,50,51,52,53,20,21,22",32311.328574722545
8,32495.28940725446,91.98041626595801,95.673828125,False,322,refine,staggered,"23,24,25,26,27,28,29,30",32403.308990988502
2,32567.293883758393,72.00447650393471,235.28125,False,323,warmup,staggered,"62,63",32495.28940725446
8,32659.27430002435,91.98041626595801,95.673828125,False,324,refine,staggered,"54,55,56,57,58,59,60,61",32567.293883758393
8,32751.254716290307,91.98041626595801,95.673828125,False,325,refine,staggered,"10,11,12,13,14,15,16,17",32659.27430002435
8,32843.23513255626,91.98041626595801,95.673828125,False,326,refine,staggered,"31,32,33,34,35,36,39,40",32751.254716290307
8,32935.21554882222,91.98041626595801,95.673828125,False,327,refine,staggered,"6,7,8,41,42,43,44,45",32843.23513255626
8,33027.195965088176,91.98041626595801,95.673828125,False,328,refine,staggered,"9,18,19,37,38,46,47,48",32935.21554882222
8,33119.17638135413,91.98041626595801,95.673828125,False,329,refine,staggered,"20,21,22,49,50,51,52,53",33027.195965088176
8,33211.15679762009,91.98041626595801,95.673828125,False,330,refine,staggered,"23,24,25,26,27,28,29,30",33119.17638135413
8,33303.137213886046,91.98041626595801,95.673828125,False,331,refine,staggered,"62,63,54,55,56,57,58,59",33211.15679762009
8,33395.117630152,91.98041626595801,95.673828125,False,332,refine,staggered,"60,61,10,11,12,13,14,15",33303.137213886046
8,33487.09804641796,91.98041626595801,95.673828125,False,333,refine,staggered,"16,17,31,32,33,34,35,36",33395.117630152
8,33579.078462683916,91.98041626595801,95.673828125,False,334,refine,staggered,"39,40,6,7,8,41,42,43",33487.09804641796
8,33671.05887894987,91.98041626595801,95.673828125,False,335,refine,staggered,"44,45,9,18,19,37,38,46",33579.078462683916
8,33763.03929521583,91.98041626595801,95.673828125,False,336,refine,staggered,"47,48,20,21,22,49,50,51",33671.05887894987
8,33855.019711481786,91.98041626595801,95.673828125,False,337,refine,staggered,"52,53,23,24,25,26,27,28",33763.03929521583
8,33947.00012774774,91.98041626595801,95.673828125,False,338,refine,staggered,"29,30,54,55,56,57,58,59",33855.019711481786
8,34038.9805440137,91.98041626595801,95.673828125,False,339,refine,staggered,"62,63,10,11,12,13,14,15",33947.00012774774
8,34130.960960279655,91.98041626595801,95.673828125,False,340,refine,staggered,"60,61,16,17,31,32,33,34",34038.9805440137
8,34222.94137654561,91.98041626595801,95.673828125,False,341,refine,staggered,"35,36,39,40,41,42,43,18",34130.960960279655
8,34314.92179281157,91.98041626595801,95.673828125,False,342,refine,staggered,"19,37,38,44,45,46,20,21",34222.94137654561
8,34406.902209077525,91.98041626595801,95.673828125,False,343,refine,staggered,"22,47,48,49,50,51,23,24",34314.92179281157
8,34498.88262534348,91.98041626595801,95.673828125,False,344,refine,staggered,"25,26,27,28,52,53,29,30",34406.902209077525
8,34590.86304160944,91.98041626595801,95.673828125,False,345,refine,staggered,"54,55,56,57,58,59,10,11",34498.88262534348
8,34682.843457875395,91.98041626595801,95.673828125,False,346,refine,staggered,"12,13,14,15,62,63,16,17",34590.86304160944
8,34774.82387414135,91.98041626595801,95.673828125,False,347,refine,staggered,"31,32,33,34,60,61,18,35",34682.843457875395
8,34866.80429040731,91.98041626595801,95.673828125,False,348,refine,staggered,"36,39,40,41,42,43,19,20",34774.82387414135
8,34958.784706673265,91.98041626595801,95.673828125,False,349,refine,staggered,"21,37,38,44,45,46,22,23",34866.80429040731
8,35050.76512293922,91.98041626595801,95.673828125,False,350,refine,staggered,"24,47,48,49,50,51,25,26",34958.784706673265
8,35142.74553920518,91.98041626595801,95.673828125,False,351,refine,staggered,"27,28,29,30,52,53,54,55",35050.76512293922
8,35234.725955471135,91.98041626595801,95.673828125,False,352,refine,staggered,"56,57,58,59,62,63,18,31",35142.74553920518
8,35326.70637173709,91.98041626595801,95.673828125,False,353,refine,staggered,"32,33,34,35,60,61,19,20",35234.725955471135
8,35418.68678800305,91.98041626595801,95.673828125,False,354,refine,staggered,"36,39,40,41,42,43,21,22",35326.70637173709
8,35510.667204269004,91.98041626595801,95.673828125,False,355,refine,staggered,"23,37,38,44,45,46,24,25",35418.68678800305
8,35602.64762053496,91.98041626595801,95.673828125,False,356,refine,staggered,"26,47,48,49,50,51,27,28",35510.667204269004
8,35694.62803680092,91.98041626595801,95.673828125,False,357,refine,staggered,"29,30,52,53,54,55,31,56",35602.64762053496
8,35786.608453066874,91.98041626595801,95.673828125,False,358,refine,staggered,"57,58,59,62,63,32,33,34",35694.62803680092
8,35878.58886933283,91.98041626595801,95.673828125,False,359,refine,staggered,"35,60,61,36,39,40,41,42",35786.608453066874
8,35970.56928559879,91.98041626595801,95.673828125,False,360,refine,staggered,"43,23,24,25,37,38,44,45",35878.58886933283
8,36062.549701864744,91.98041626595801,95.673828125,False,361,refine,staggered,"46,26,27,28,47,48,49,50",35970.56928559879
8,36154.5301181307,91.98041626595801,95.673828125,False,362,refine,staggered,"51,29,30,31,52,53,54,55",36062.549701864744
8,36246.51053439666,91.98041626595801,95.673828125,False,363,refine,staggered,"56,32,33,34,57,58,59,62",36154.5301181307
8,36338.49095066261,91.98041626595801,95.673828125,False,364,refine,staggered,"63,35,36,39,40,41,42,60",36246.51053439666
8,36430.47136692857,91.98041626595801,95.673828125,False,365,refine,staggered,"61,37,38,43,44,45,46,47",36338.49095066261
8,36522.45178319453,91.98041626595801,95.673828125,False,366,refine,staggered,"48,49,50,51,52,53,54,55",36430.47136692857
8,36614.43219946048,91.98041626595801,95.673828125,False,367,refine,staggered,"56,57,58,59,62,39,40,41",36522.45178319453
8,36706.41261572644,91.98041626595801,95.673828125,False,368,refine,staggered,"42,60,63,43,44,45,46,47",36614.43219946048
8,36798.3930319924,91.98041626595801,95.673828125,False,369,refine,staggered,"61,48,49,50,51,52,53,54",36706.41261572644
8,36890.37344825835,91.98041626595801,95.673828125,False,370,refine,staggered,"55,56,57,58,59,62,46,47",36798.3930319924
8,36982.35386452431,91.98041626595801,95.673828125,False,371,refine,staggered,"60,63,48,49,50,51,52,53",36890.37344825835
8,37074.334280790266,91.98041626595801,95.673828125,False,372,refine,staggered,"54,61,55,56,57,58,59,62",36982.35386452431
4,37128.138282448315,53.804001658047525,46.439453125,False,373,refine,staggered,"60,63,61,62",37074.334280790266
1,37172.69728259559,44.559000147273764,12.220703125,False,374,refine,staggered,63,37128.138282448315
2,72.00447650393471,72.00447650393471,235.28125,False,0,warmup,memory_gated,"0,1",0.0
2,119.75183833046907,47.74736182653436,22.658203125,False,1,refine,memory_gated,"0,1",72.00447650393471
2,167.49920015700343,47.74736182653436,22.658203125,False,2,refine,memory_gated,"0,1",119.75183833046907
2,215.2465619835378,47.74736182653436,22.658203125,False,3,refine,memory_gated,"0,1",167.49920015700343
2,262.99392381007215,47.74736182653436,22.658203125,False,4,refine,memory_gated,"0,1",215.2465619835378
2,310.7412856366065,47.74736182653436,22.658203125,False,5,refine,memory_gated,"0,1",262.99392381007215
2,358.48864746314086,47.74736182653436,22.658203125,False,6,refine,memory_gated,"0,1",310.7412856366065
2,406.2360092896752,47.74736182653436,22.658203125,False,7,refine,memory_gated,"0,1",358.48864746314086
2,453.9833711162096,47.74736182653436,22.658203125,False,8,refine,memory_gated,"0,1",406.2360092896752
2,501.73073294274394,47.74736182653436,22.658203125,False,9,refine,memory_gated,"0,1",453.9833711162096
2,549.4780947692783,47.74736182653436,22.658203125,False,10,refine,memory_gated,"0,1",501.73073294274394
2,597.2254565958126,47.74736182653436,22.658203125,False,11,refine,memory_gated,"0,1",549.4780947692783
2,669.2299330997473,72.00447650393471,235.28125,False,12,warmup,memory_gated,"2,3",597.2254565958126
2,716.9772949262817,47.74736182653436,22.658203125,False,13,refine,memory_gated,"2,3",669.2299330997473
2,764.7246567528161,47.74736182653436,22.658203125,False,14,refine,memory_gated,"2,3",716.9772949262817
2,812.4720185793506,47.74736182653436,22.658203125,False,15,refine,memory_gated,"2,3",764.7246567528161
2,860.219380405885,47.74736182653436,22.658203125,False,16,refine,memory_gated,"2,3",812.4720185793506
2,907.9667422324194,47.74736182653436,22.658203125,False,17,refine,memory_gated,"2,3",860.219380405885
2,955.7141040589538,47.74736182653436,22.658203125,False,18,refine,memory_gated,"2,3",907.9667422324194
2,1003.4614658854882,47.74736182653436,22.658203125,False,19,refine,memory_gated,"2,3",955.7141040589538
2,1051.2088277120226,47.74736182653436,22.658203125,False,20,refine,memory_gated,"2,3",1003.4614658854882
2,1098.956189538557,47.74736182653436,22.658203125,False,21,refine,memory_gated,"2,3",1051.2088277120226
2,1146.7035513650915,47.74736182653436,22.658203125,False,22,refine,memory_gated,"2,3",1098.956189538557
2,1194.450913191626,47.74736182653436,22.658203125,False,23,refine,memory_gated,"2,3",1146.7035513650915
2,1266.4553896955606,72.00447650393471,235.28125,False,24,warmup,memory_gated,"4,5",1194.450913191626
2,1314.202751522095,47.74736182653436,22.658203125,False,25,refine,memory_gated,"4,5",1266.4553896955606
2,1361.9501133486294,47.74736182653436,22.658203125,False,26,refine,memory_gated,"4,5",1314.202751522095
2,1409.6974751751638,47.74736182653436,22.658203125,False,27,refine,memory_gated,"4,5",1361.9501133486294
2,1457.4448370016983,47.74736182653436,22.658203125,False,28,refine,memory_gated,"4,5",1409.6974751751638
2,1505.1921988282327,47.74736182653436,22.658203125,False,29,refine,memory_gated,"4,5",1457.4448370016983
2,1552.939560654767,47.74736182653436,22.658203125,False,30,refine,memory_gated,"4,5",1505.1921988282327
2,1600.6869224813015,47.74736182653436,22.658203125,False,31,refine,memory_gated,"4,5",1552.939560654767
2,1648.434284307836,47.74736182653436,22.658203125,False,32,refine,memory_gated,"4,5",1600.6869224813015
2,1696.1816461343703,47.74736182653436,22.658203125,False,33,refine,memory_gated,"4,5",1648.434284307836
2,1743.9290079609048,47.74736182653436,22.658203125,False,34,refine,memory_gated,"4,5",1696.1816461343703
2,1791.6763697874392,47.74736182653436,22.658203125,False,35,refine,memory_gated,"4,5",1743.9290079609048
2,1863.6808462913739,72.00447650393471,235.28125,False,36,warmup,memory_gated,"6,7",1791.6763697874392
2,1911.4282081179083,47.74736182653436,22.658203125,False,37,refine,memory_gated,"6,7",1863.6808462913739
2,1959.1755699444427,47.74736182653436,22.658203125,False,38,refine,memory_gated,"6,7",1911.4282081179083
2,2006.9229317709771,47.74736182653436,22.658203125,False,39,refine,memory_gated,"6,7",1959.1755699444427
2,2054.6702935975113,47.74736182653436,22.658203125,False,40,refine,memory_gated,"6,7",2006.9229317709771
2,2102.4176554240457,47.74736182653436,22.658203125,False,41,refine,memory_gated,"6,7",2054.6702935975113
2,2150.16501725058,47.74736182653436,22.658203125,False,42,refine,memory_gated,"6,7",2102.4176554240457
2,2197.9123790771146,47.74736182653436,22.658203125,False,43,refine,memory_gated,"6,7",2150.16501725058
2,2245.659740903649,47.74736182653436,22.658203125,False,44,refine,memory_gated,"6,7",2197.9123790771146
2,2293.4071027301834,47.74736182653436,22.658203125,False,45,refine,memory_gated,"6,7",2245.659740903649
2,2341.154464556718,47.74736182653436,22.658203125,False,46,refine,memory_gated,"6,7",2293.4071027301834
2,2388.9018263832522,47.74736182653436,22.658203125,False,47,refine,memory_gated,"6,7",2341.154464556718
2,2460.906302887187,72.00447650393471,235.28125,False,48,warmup,memory_gated,"8,9",2388.9018263832522
2,2508.6536647137214,47.74736182653436,22.658203125,False,49,refine,memory_gated,"8,9",2460.906302887187
2,2556.4010265402558,47.74736182653436,22.658203125,False,50,refine,memory_gated,"8,9",2508.6536647137214
2,2604.14838836679,47.74736182653436,22.658203125,False,51,refine,memory_gated,"8,9",2556.4010265402558
2,2651.8957501933246,47.74736182653436,22.658203125,False,52,refine,memory_gated,"8,9",2604.14838836679
2,2699.643112019859,47.74736182653436,22.658203125,False,53,refine,memory_gated,"8,9",2651.8957501933246
2,2747.3904738463934,47.74736182653436,22.658203125,False,54,refine,memory_gated,"8,9",2699.643112019859
2,2795.137835672928,47.74736182653436,22.658203125,False,55,refine,memory_gated,"8,9",2747.3904738463934
2,2842.8851974994623,47.74736182653436,22.658203125,False,56,refine,memory_gated,"8,9",2795.137835672928
2,2890.6325593259967,47.74736182653436,22.658203125,False,57,refine,memory_gated,"8,9",2842.8851974994623
2,2938.379921152531,47.74736182653436,22.658203125,False,58,refine,memory_gated,"8,9",2890.6325593259967
2,2986.1272829790655,47.74736182653436,22.658203125,False,59,refine,memory_gated,"8,9",2938.379921152531
2,3058.131759483,72.00447650393471,235.28125,False,60,warmup,memory_gated,"10,11",2986.1272829790655
2,3105.8791213095346,47.74736182653436,22.658203125,False,61,refine,memory_gated,"10,11",3058.131759483
2,3153.626483136069,47.74736182653436,22.658203125,False,62,refine,memory_gated,"10,11",3105.8791213095346
2,3201.3738449626035,47.74736182653436,22.658203125,False,63,refine,memory_gated,"10,11",3153.626483136069
2,3249.121206789138,47.74736182653436,22.658203125,False,64,refine,memory_gated,"10,11",3201.3738449626035
2,3296.8685686156723,47.74736182653436,22.658203125,False,65,refine,memory_gated,"10,11",3249.121206789138
2,3344.6159304422067,47.74736182653436,22.658203125,False,66,refine,memory_gated,"10,11",3296.8685686156723
2,3392.363292268741,47.74736182653436,22.658203125,False,67,refine,memory_gated,"10,11",3344.6159304422067
2,3440.1106540952755,47.74736182653436,22.658203125,False,68,refine,memory_gated,"10,11",3392.363292268741
2,3487.85801592181,47.74736182653436,22.658203125,False,69,refine,memory_gated,"10,11",3440.1106540952755
2,3535.6053777483444,47.74736182653436,22.658203125,False,70,refine,memory_gated,"10,11",3487.85801592181
2,3583.352739574879,47.74736182653436,22.658203125,False,71,refine,memory_gated,"10,11",3535.6053777483444
2,3655.3572160788135,72.00447650393471,235.28125,False,72,warmup,memory_gated,"12,13",3583.352739574879
2,3703.104577905348,47.74736182653436,22.658203125,False,73,refine,memory_gated,"12,13",3655.3572160788135
2,3750.8519397318823,47.74736182653436,22.658203125,False,74,refine,memory_gated,"12,13",3703.104577905348
2,3798.5993015584168,47.74736182653436,22.658203125,False,75,refine,memory_gated,"12,13",3750.8519397318823
2,3846.346663384951,47.74736182653436,22.658203125,False,76,refine,memory_gated,"12,13",3798.5993015584168
2,3894.0940252114856,47.74736182653436,22.658203125,False,77,refine,memory_gated,"12,13",3846.346663384951
2,3941.84138703802,47.74736182653436,22.658203125,False,78,refine,memory_gated,"12,13",3894.0940252114856
2,3989.5887488645544,47.74736182653436,22.658203125,False,79,refine,memory_gated,"12,13",3941.84138703802
2,4037.336110691089,47.74736182653436,22.658203125,False,80,refine,memory_gated,"12,13",3989.5887488645544
2,4085.0834725176232,47.74736182653436,22.658203125,False,81,refine,memory_gated,"12,13",4037.336110691089
2,4132.830834344158,47.74736182653436,22.658203125,False,82,refine,memory_gated,"12,13",4085.0834725176232
2,4180.578196170692,47.74736182653436,22.658203125,False,83,refine,memory_gated,"12,13",4132.830834344158
2,4252.582672674626,72.00447650393471,235.28125,False,84,warmup,memory_gated,"14,15",4180.578196170692
2,4300.33003450116,47.74736182653436,22.658203125,False,85,refine,memory_gated,"14,15",4252.582672674626
2,4348.077396327694,47.74736182653436,22.658203125,False,86,refine,memory_gated,"14,15",4300.33003450116
2,4395.824758154228,47.74736182653436,22.658203125,False,87,refine,memory_gated,"14,15",4348.077396327694
2,4443.572119980762,47.74736182653436,22.658203125,False,88,refine,memory_gated,"14,15",4395.824758154228
2,4491.319481807296,47.74736182653436,22.658203125,False,89,refine,memory_gated,"14,15",4443.572119980762
2,4539.06684363383,47.74736182653436,22.658203125,False,90,refine,memory_gated,"14,15",4491.319481807296
2,4586.814205460364,47.74736182653436,22.658203125,False,91,refine,memory_gated,"14,15",4539.06684363383
2,4634.561567286898,47.74736182653436,22.658203125,False,92,refine,memory_gated,"14,15",4586.814205460364
2,4682.308929113432,47.74736182653436,22.658203125,False,93,refine,memory_gated,"14,15",4634.561567286898
2,4730.056290939966,47.74736182653436,22.658203125,False,94,refine,memory_gated,"14,15",4682.308929113432
2,4777.8036527665,47.74736182653436,22.658203125,False,95,refine,memory_gated,"14,15",4730.056290939966
2,4849.808129270435,72.00447650393471,235.28125,False,96,warmup,memory_gated,"16,17",4777.8036527665
2,4897.555491096969,47.74736182653436,22.658203125,False,97,refine,memory_gated,"16,17",4849.808129270435
2,4945.3028529235025,47.74736182653436,22.658203125,False,98,refine,memory_gated,"16,17",4897.555491096969
2,4993.0502147500365,47.74736182653436,22.658203125,False,99,refine,memory_gated,"16,17",4945.3028529235025
2,5040.7975765765705,47.74736182653436,22.658203125,False,100,refine,memory_gated,"16,17",4993.0502147500365
2,5088.544938403104,47.74736182653436,22.658203125,False,101,refine,memory_gated,"16,17",5040.7975765765705
2,5136.292300229638,47.74736182653436,22.658203125,False,102,refine,memory_gated,"16,17",5088.544938403104
2,5184.039662056172,47.74736182653436,22.658203125,False,103,refine,memory_gated,"16,17",5136.292300229638
2,5231.787023882706,47.74736182653436,22.658203125,False,104,refine,memory_gated,"16,17",5184.039662056172
2,5279.53438570924,47.74736182653436,22.658203125,False,105,refine,memory_gated,"16,17",5231.787023882706
2,5327.281747535774,47.74736182653436,22.658203125,False,106,refine,memory_gated,"16,17",5279.53438570924
2,5375.029109362308,47.74736182653436,22.658203125,False,107,refine,memory_gated,"16,17",5327.281747535774
2,5447.033585866243,72.00447650393471,235.28125,False,108,warmup,memory_gated,"18,19",5375.029109362308
2,5494.780947692777,47.74736182653436,22.658203125,False,109,refine,memory_gated,"18,19",5447.033585866243
2,5542.528309519311,47.74736182653436,22.658203125,False,110,refine,memory_gated,"18,19",5494.780947692777
2,5590.275671345845,47.74736182653436,22.658203125,False,111,refine,memory_gated,"18,19",5542.528309519311
2,5638.023033172379,47.74736182653436,22.658203125,False,112,refine,memory_gated,"18,19",5590.275671345845
2,5685.770394998913,47.74736182653436,22.658203125,False,113,refine,memory_gated,"18,19",5638.023033172379
2,5733.517756825447,47.74736182653436,22.658203125,False,114,refine,memory_gated,"18,19",5685.770394998913
2,5781.265118651981,47.74736182653436,22.658203125,False,115,refine,memory_gated,"18,19",5733.517756825447
2,5829.012480478515,47.74736182653436,22.658203125,False,116,refine,memory_gated,"18,19",5781.265118651981
2,5876.759842305049,47.74736182653436,22.658203125,False,117,refine,memory_gated,"18,19",5829.012480478515
2,5924.5072041315825,47.74736182653436,22.658203125,False,118,refine,memory_gated,"18,19",5876.759842305049
2,5972.2545659581165,47.74736182653436,22.658203125,False,119,refine,memory_gated,"18,19",5924.5072041315825
2,6044.259042462051,72.00447650393471,235.28125,False,120,warmup,memory_gated,"20,21",5972.2545659581165
2,6092.006404288585,47.74736182653436,22.658203125,False,121,refine,memory_gated,"20,21",6044.259042462051
2,6139.753766115119,47.74736182653436,22.658203125,False,122,refine,memory_gated,"20,21",6092.006404288585
2,6187.501127941653,47.74736182653436,22.658203125,False,123,refine,memory_gated,"20,21",6139.753766115119
2,6235.248489768187,47.74736182653436,22.658203125,False,124,refine,memory_gated,"20,21",6187.501127941653
2,6282.995851594721,47.74736182653436,22.658203125,False,125,refine,memory_gated,"20,21",6235.248489768187
2,6330.743213421255,47.74736182653436,22.658203125,False,126,refine,memory_gated,"20,21",6282.995851594721
2,6378.490575247789,47.74736182653436,22.658203125,False,127,refine,memory_gated,"20,21",6330.743213421255
2,6426.237937074323,47.74736182653436,22.658203125,False,128,refine,memory_gated,"20,21",6378.490575247789
2,6473.985298900857,47.74736182653436,22.658203125,False,129,refine,memory_gated,"20,21",6426.237937074323
2,6521.732660727391,47.74736182653436,22.658203125,False,130,refine,memory_gated,"20,21",6473.985298900857
2,6569.480022553925,47.74736182653436,22.658203125,False,131,refine,memory_gated,"20,21",6521.732660727391
2,6641.4844990578595,72.00447650393471,235.28125,False,132,warmup,memory_gated,"22,23",6569.480022553925
2,6689.231860884393,47.74736182653436,22.658203125,False,133,refine,memory_gated,"22,23",6641.4844990578595
2,6736.979222710927,47.74736182653436,22.658203125,False,134,refine,memory_gated,"22,23",6689.231860884393
2,6784.726584537461,47.74736182653436,22.658203125,False,135,refine,memory_gated,"22,23",6736.979222710927
2,6832.473946363995,47.74736182653436,22.658203125,False,136,refine,memory_gated,"22,23",6784.726584537461
2,6880.221308190529,47.74736182653436,22.658203125,False,137,refine,memory_gated,"22,23",6832.473946363995
2,6927.968670017063,47.74736182653436,22.658203125,False,138,refine,memory_gated,"22,23",6880.221308190529
2,6975.716031843597,47.74736182653436,22.658203125,False,139,refine,memory_gated,"22,23",6927.968670017063
2,7023.463393670131,47.74736182653436,22.658203125,False,140,refine,memory_gated,"22,23",6975.716031843597
2,7071.210755496665,47.74736182653436,22.658203125,False,141,refine,memory_gated,"22,23",7023.463393670131
2,7118.958117323199,47.74736182653436,22.658203125,False,142,refine,memory_gated,"22,23",7071.210755496665
2,7166.705479149733,47.74736182653436,22.658203125,False,143,refine,memory_gated,"22,23",7118.958117323199
2,7238.709955653668,72.00447650393471,235.28125,False,144,warmup,memory_gated,"24,25",7166.705479149733
2,7286.457317480202,47.74736182653436,22.658203125,False,145,refine,memory_gated,"24,25",7238.709955653668
2,7334.204679306736,47.74736182653436,22.658203125,False,146,refine,memory_gated,"24,25",7286.457317480202
2,7381.95204113327,47.74736182653436,22.658203125,False,147,refine,memory_gated,"24,25",7334.204679306736
2,7429.699402959804,47.74736182653436,22.658203125,False,148,refine,memory_gated,"24,25",7381.95204113327
2,7477.446764786338,47.74736182653436,22.658203125,False,149,refine,memory_gated,"24,25",7429.699402959804
2,7525.1941266128715,47.74736182653436,22.658203125,False,150,refine,memory_gated,"24,25",7477.446764786338
2,7572.9414884394055,47.74736182653436,22.658203125,False,151,refine,memory_gated,"24,25",7525.1941266128715
2,7620.688850265939,47.74736182653436,22.658203125,False,152,refine,memory_gated,"24,25",7572.9414884394055
2,7668.436212092473,47.74736182653436,22.658203125,False,153,refine,memory_gated,"24,25",7620.688850265939
2,7716.183573919007,47.74736182653436,22.658203125,False,154,refine,memory_gated,"24,25",7668.436212092473
2,7763.930935745541,47.74736182653436,22.658203125,False,155,refine,memory_gated,"24,25",7716.183573919007
2,7835.935412249476,72.00447650393471,235.28125,False,156,warmup,memory_gated,"26,27",7763.930935745541
2,7883.68277407601,47.74736182653436,22.658203125,False,157,refine,memory_gated,"26,27",7835.935412249476
2,7931.430135902544,47.74736182653436,22.658203125,False,158,refine,memory_gated,"26,27",7883.68277407601
2,7979.177497729078,47.74736182653436,22.658203125,False,159,refine,memory_gated,"26,27",7931.430135902544
2,8026.924859555612,47.74736182653436,22.658203125,False,160,refine,memory_gated,"26,27",7979.177497729078
2,8074.672221382146,47.74736182653436,22.658203125,False,161,refine,memory_gated,"26,27",8026.924859555612
2,8122.41958320868,47.74736182653436,22.658203125,False,162,refine,memory_gated,"26,27",8074.672221382146
2,8170.166945035214,47.74736182653436,22.658203125,False,163,refine,memory_gated,"26,27",8122.41958320868
2,8217.914306861749,47.74736182653436,22.658203125,False,164,refine,memory_gated,"26,27",8170.166945035214
2,8265.661668688283,47.74736182653436,22.658203125,False,165,refine,memory_gated,"26,27",8217.914306861749
2,8313.409030514817,47.74736182653436,22.658203125,False,166,refine,memory_gated,"26,27",8265.661668688283
2,8361.15639234135,47.74736182653436,22.658203125,False,167,refine,memory_gated,"26,27",8313.409030514817
2,8433.160868845285,72.00447650393471,235.28125,False,168,warmup,memory_gated,"28,29",8361.15639234135
2,8480.90823067182,47.74736182653436,22.658203125,False,169,refine,memory_gated,"28,29",8433.160868845285
2,8528.655592498353,47.74736182653436,22.658203125,False,170,refine,memory_gated,"28,29",8480.90823067182
2,8576.402954324887,47.74736182653436,22.658203125,False,171,refine,memory_gated,"28,29",8528.655592498353
2,8624.150316151421,47.74736182653436,22.658203125,False,172,refine,memory_gated,"28,29",8576.402954324887
2,8671.897677977955,47.74736182653436,22.658203125,False,173,refine,memory_gated,"28,29",8624.150316151421
2,8719.645039804489,47.74736182653436,22.658203125,False,174,refine,memory_gated,"28,29",8671.897677977955
2,8767.392401631023,47.74736182653436,22.658203125,False,175,refine,memory_gated,"28,29",8719.645039804489
2,8815.139763457557,47.74736182653436,22.658203125,False,176,refine,memory_gated,"28,29",8767.392401631023
2,8862.88712528409,47.74736182653436,22.658203125,False,177,refine,memory_gated,"28,29",8815.139763457557
2,8910.634487110625,47.74736182653436,22.658203125,False,178,refine,memory_gated,"28,29",8862.88712528409
2,8958.381848937159,47.74736182653436,22.658203125,False,179,refine,memory_gated,"28,29",8910.634487110625
2,9030.386325441094,72.00447650393471,235.28125,False,180,warmup,memory_gated,"30,31",8958.381848937159
2,9078.133687267627,47.74736182653436,22.658203125,False,181,refine,memory_gated,"30,31",9030.386325441094
2,9125.881049094161,47.74736182653436,22.658203125,False,182,refine,memory_gated,"30,31",9078.133687267627
2,9173.628410920695,47.74736182653436,22.658203125,False,183,refine,memory_gated,"30,31",9125.881049094161
2,9221.37577274723,47.74736182653436,22.658203125,False,184,refine,memory_gated,"30,31",9173.628410920695
2,9269.123134573763,47.74736182653436,22.658203125,False,185,refine,memory_gated,"30,31",9221.37577274723
2,9316.870496400297,47.74736182653436,22.658203125,False,186,refine,memory_gated,"30,31",9269.123134573763
2,9364.617858226831,47.74736182653436,22.658203125,False,187,refine,memory_gated,"30,31",9316.870496400297
2,9412.365220053365,47.74736182653436,22.658203125,False,188,refine,memory_gated,"30,31",9364.617858226831
2,9460.1125818799,47.74736182653436,22.658203125,False,189,refine,memory_gated,"30,31",9412.365220053365
2,9507.859943706433,47.74736182653436,22.658203125,False,190,refine,memory_gated,"30,31",9460.1125818799
2,9555.607305532967,47.74736182653436,22.658203125,False,191,refine,memory_gated,"30,31",9507.859943706433
2,9627.611782036902,72.00447650393471,235.28125,False,192,warmup,memory_gated,"32,33",9555.607305532967
2,9675.359143863436,47.74736182653436,22.658203125,False,193,refine,memory_gated,"32,33",9627.611782036902
2,9723.10650568997,47.74736182653436,22.658203125,False,194,refine,memory_gated,"32,33",9675.359143863436
2,9770.853867516504,47.74736182653436,22.658203125,False,195,refine,memory_gated,"32,33",9723.10650568997
2,9818.601229343038,47.74736182653436,22.658203125,False,196,refine,memory_gated,"32,33",9770.853867516504
2,9866.348591169572,47.74736182653436,22.658203125,False,197,refine,memory_gated,"32,33",9818.601229343038
2,9914.095952996106,47.74736182653436,22.658203125,False,198,refine,memory_gated,"32,33",9866.348591169572
2,9961.84331482264,47.74736182653436,22.658203125,False,199,refine,memory_gated,"32,33",9914.095952996106
2,10009.590676649173,47.74736182653436,22.658203125,False,200,refine,memory_gated,"32,33",9961.84331482264
2,10057.338038475707,47.74736182653436,22.658203125,False,201,refine,memory_gated,"32,33",10009.590676649173
2,10105.085400302241,47.74736182653436,22.658203125,False,202,refine,memory_gated,"32,33",10057.338038475707
2,10152.832762128775,47.74736182653436,22.658203125,False,203,refine,memory_gated,"32,33",10105.085400302241
2,10224.83723863271,72.00447650393471,235.28125,False,204,warmup,memory_gated,"34,35",10152.832762128775
2,10272.584600459244,47.74736182653436,22.658203125,False,205,refine,memory_gated,"34,35",10224.83723863271
2,10320.331962285778,47.74736182653436,22.658203125,False,206,refine,memory_gated,"34,35",10272.584600459244
2,10368.079324112312,47.74736182653436,22.658203125,False,207,refine,memory_gated,"34,35",10320.331962285778
2,10415.826685938846,47.74736182653436,22.658203125,False,208,refine,memory_gated,"34,35",10368.079324112312
2,10463.57404776538,47.74736182653436,22.658203125,False,209,refine,memory_gated,"34,35",10415.826685938846
2,10511.321409591914,47.74736182653436,22.658203125,False,210,refine,memory_gated,"34,35",10463.57404776538
2,10559.068771418448,47.74736182653436,22.658203125,False,211,refine,memory_gated,"34,35",10511.321409591914
2,10606.816133244982,47.74736182653436,22.658203125,False,212,refine,memory_gated,"34,35",10559.068771418448
2,10654.563495071516,47.74736182653436,22.658203125,False,213,refine,memory_gated,"34,35",10606.816133244982
2,10702.31085689805,47.74736182653436,22.658203125,False,214,refine,memory_gated,"34,35",10654.563495071516
2,10750.058218724584,47.74736182653436,22.658203125,False,215,refine,memory_gated,"34,35",10702.31085689805
2,10822.062695228518,72.00447650393471,235.28125,False,216,warmup,memory_gated,"36,37",10750.058218724584
2,10869.810057055052,47.74736182653436,22.658203125,False,217,refine,memory_gated,"36,37",10822.062695228518
2,10917.557418881586,47.74736182653436,22.658203125,False,218,refine,memory_gated,"36,37",10869.810057055052
2,10965.30478070812,47.74736182653436,22.658203125,False,219,refine,memory_gated,"36,37",10917.557418881586
2,11013.052142534654,47.74736182653436,22.658203125,False,220,refine,memory_gated,"36,37",10965.30478070812
2,11060.799504361188,47.74736182653436,22.658203125,False,221,refine,memory_gated,"36,37",11013.052142534654
2,11108.546866187722,47.74736182653436,22.658203125,False,222,refine,memory_gated,"36,37",11060.799504361188
2,11156.294228014256,47.74736182653436,22.658203125,False,223,refine,memory_gated,"36,37",11108.546866187722
2,11204.04158984079,47.74736182653436,22.658203125,False,224,refine,memory_gated,"36,37",11156.294228014256
2,11251.788951667324,47.74736182653436,22.658203125,False,225,refine,memory_gated,"36,37",11204.04158984079
2,11299.536313493858,47.74736182653436,22.658203125,False,226,refine,memory_gated,"36,37",11251.788951667324
2,11347.283675320392,47.74736182653436,22.658203125,False,227,refine,memory_gated,"36,37",11299.536313493858
2,11419.288151824327,72.00447650393471,235.28125,False,228,warmup,memory_gated,"38,39",11347.283675320392
2,11467.03551365086,47.74736182653436,22.658203125,False,229,refine,memory_gated,"38,39",11419.288151824327
2,11514.782875477395,47.74736182653436,22.658203125,False,230,refine,memory_gated,"38,39",11467.03551365086
2,11562.530237303929,47.74736182653436,22.658203125,False,231,refine,memory_gated,"38,39",11514.782875477395
2,11610.277599130462,47.74736182653436,22.658203125,False,232,refine,memory_gated,"38,39",11562.530237303929
2,11658.024960956996,47.74736182653436,22.658203125,False,233,refine,memory_gated,"38,39",11610.277599130462
2,11705.77232278353,47.74736182653436,22.658203125,False,234,refine,memory_gated,"38,39",11658.024960956996
2,11753.519684610064,47.74736182653436,22.658203125,False,235,refine,memory_gated,"38,39",11705.77232278353
2,11801.267046436598,47.74736182653436,22.658203125,False,236,refine,memory_gated,"38,39",11753.519684610064
2,11849.014408263132,47.74736182653436,22.658203125,False,237,refine,memory_gated,"38,39",11801.267046436598
2,11896.761770089666,47.74736182653436,22.658203125,False,238,refine,memory_gated,"38,39",11849.014408263132
2,11944.5091319162,47.74736182653436,22.658203125,False,239,refine,memory_gated,"38,39",11896.761770089666
2,12016.513608420135,72.00447650393471,235.28125,False,240,warmup,memory_gated,"40,41",11944.5091319162
2,12064.260970246669,47.74736182653436,22.658203125,False,241,refine,memory_gated,"40,41",12016.513608420135
2,12112.008332073203,47.74736182653436,22.658203125,False,242,refine,memory_gated,"40,41",12064.260970246669
2,12159.755693899737,47.74736182653436,22.658203125,False,243,refine,memory_gated,"40,41",12112.008332073203
2,12207.50305572627,47.74736182653436,22.658203125,False,244,refine,memory_gated,"40,41",12159.755693899737
2,12255.250417552805,47.74736182653436,22.658203125,False,245,refine,memory_gated,"40,41",12207.50305572627
2,12302.997779379339,47.74736182653436,22.658203125,False,246,refine,memory_gated,"40,41",12255.250417552805
2,12350.745141205873,47.74736182653436,22.658203125,False,247,refine,memory_gated,"40,41",12302.997779379339
2,12398.492503032407,47.74736182653436,22.658203125,False,248,refine,memory_gated,"40,41",12350.745141205873
2,12446.23986485894,47.74736182653436,22.658203125,False,249,refine,memory_gated,"40,41",12398.492503032407
2,12493.987226685475,47.74736182653436,22.658203125,False,250,refine,memory_gated,"40,41",12446.23986485894
2,12541.734588512008,47.74736182653436,22.658203125,False,251,refine,memory_gated,"40,41",12493.987226685475
2,12613.739065015943,72.00447650393471,235.28125,False,252,warmup,memory_gated,"42,43",12541.734588512008
2,12661.486426842477,47.74736182653436,22.658203125,False,253,refine,memory_gated,"42,43",12613.739065015943
2,12709.233788669011,47.74736182653436,22.658203125,False,254,refine,memory_gated,"42,43",12661.486426842477
2,12756.981150495545,47.74736182653436,22.658203125,False,255,refine,memory_gated,"42,43",12709.233788669011
2,12804.728512322079,47.74736182653436,22.658203125,False,256,refine,memory_gated,"42,43",12756.981150495545
2,12852.475874148613,47.74736182653436,22.658203125,False,257,refine,memory_gated,"42,43",12804.728512322079
2,12900.223235975147,47.74736182653436,22.658203125,False,258,refine,memory_gated,"42,43",12852.475874148613
2,12947.970597801681,47.74736182653436,22.658203125,False,259,refine,memory_gated,"42,43",12900.223235975147
2,12995.717959628215,47.74736182653436,22.658203125,False,260,refine,memory_gated,"42,43",12947.970597801681
2,13043.465321454749,47.74736182653436,22.658203125,False,261,refine,memory_gated,"42,43",12995.717959628215
2,13091.212683281283,47.74736182653436,22.658203125,False,262,refine,memory_gated,"42,43",13043.465321454749
2,13138.960045107817,47.74736182653436,22.658203125,False,263,refine,memory_gated,"42,43",13091.212683281283
2,13210.964521611751,72.00447650393471,235.28125,False,264,warmup,memory_gated,"44,45",13138.960045107817
2,13258.711883438285,47.74736182653436,22.658203125,False,265,refine,memory_gated,"44,45",13210.964521611751
2,13306.45924526482,47.74736182653436,22.658203125,False,266,refine,memory_gated,"44,45",13258.711883438285
2,13354.206607091353,47.74736182653436,22.658203125,False,267,refine,memory_gated,"44,45",13306.45924526482
2,13401.953968917887,47.74736182653436,22.658203125,False,268,refine,memory_gated,"44,45",13354.206607091353
2,13449.701330744421,47.74736182653436,22.658203125,False,269,refine,memory_gated,"44,45",13401.953968917887
2,13497.448692570955,47.74736182653436,22.658203125,False,270,refine,memory_gated,"44,45",13449.701330744421
2,13545.19605439749,47.74736182653436,22.658203125,False,271,refine,memory_gated,"44,45",13497.448692570955
2,13592.943416224023,47.74736182653436,22.658203125,False,272,refine,memory_gated,"44,45",13545.19605439749
2,13640.690778050557,47.74736182653436,22.658203125,False,273,refine,memory_gated,"44,45",13592.943416224023
2,13688.438139877091,47.74736182653436,22.658203125,False,274,refine,memory_gated,"44,45",13640.690778050557
2,13736.185501703625,47.74736182653436,22.658203125,False,275,refine,memory_gated,"44,45",13688.438139877091
2,13808.18997820756,72.00447650393471,235.28125,False,276,warmup,memory_gated,"46,47",13736.185501703625
2,13855.937340034094,47.74736182653436,22.658203125,False,277,refine,memory_gated,"46,47",13808.18997820756
2,13903.684701860628,47.74736182653436,22.658203125,False,278,refine,memory_gated,"46,47",13855.937340034094
2,13951.432063687162,47.74736182653436,22.658203125,False,279,refine,memory_gated,"46,47",13903.684701860628
2,13999.179425513696,47.74736182653436,22.658203125,False,280,refine,memory_gated,"46,47",13951.432063687162
2,14046.92678734023,47.74736182653436,22.658203125,False,281,refine,memory_gated,"46,47",13999.179425513696
2,14094.674149166764,47.74736182653436,22.658203125,False,282,refine,memory_gated,"46,47",14046.92678734023
2,14142.421510993297,47.74736182653436,22.658203125,False,283,refine,memory_gated,"46,47",14094.674149166764
2,14214.425987497232,72.00447650393471,235.28125,False,284,warmup,memory_gated,"48,49",14142.421510993297
4,14268.22998915528,53.804001658047525,46.439453125,False,285,refine,memory_gated,"46,47,48,49",14214.425987497232
4,14322.033990813326,53.804001658047525,46.439453125,False,286,refine,memory_gated,"46,47,48,49",14268.22998915528
4,14375.837992471374,53.804001658047525,46.439453125,False,287,refine,memory_gated,"46,47,48,49",14322.033990813326
4,14429.64199412942,53.804001658047525,46.439453125,False,288,refine,memory_gated,"46,47,48,49",14375.837992471374
2,14501.646470633355,72.00447650393471,235.28125,False,289,warmup,memory_gated,"50,51",14429.64199412942
4,14555.450472291403,53.804001658047525,46.439453125,False,290,refine,memory_gated,"48,49,50,51",14501.646470633355
4,14609.25447394945,53.804001658047525,46.439453125,False,291,refine,memory_gated,"48,49,50,51",14555.450472291403
4,14663.058475607497,53.804001658047525,46.439453125,False,292,refine,memory_gated,"48,49,50,51",14609.25447394945
4,14716.862477265544,53.804001658047525,46.439453125,False,293,refine,memory_gated,"48,49,50,51",14663.058475607497
4,14770.666478923591,53.804001658047525,46.439453125,False,294,refine,memory_gated,"48,49,50,51",14716.862477265544
4,14824.470480581638,53.804001658047525,46.439453125,False,295,refine,memory_gated,"48,49,50,51",14770.666478923591
4,14878.274482239685,53.804001658047525,46.439453125,False,296,refine,memory_gated,"48,49,50,51",14824.470480581638
2,14950.27895874362,72.00447650393471,235.28125,False,297,warmup,memory_gated,"52,53",14878.274482239685
4,15004.082960401667,53.804001658047525,46.439453125,False,298,refine,memory_gated,"50,51,52,53",14950.27895874362
4,15057.886962059714,53.804001658047525,46.439453125,False,299,refine,memory_gated,"50,51,52,53",15004.082960401667
4,15111.690963717761,53.804001658047525,46.439453125,False,300,refine,memory_gated,"50,51,52,53",15057.886962059714
4,15165.494965375809,53.804001658047525,46.439453125,False,301,refine,memory_gated,"50,51,52,53",15111.690963717761
2,15237.499441879743,72.00447650393471,235.28125,False,302,warmup,memory_gated,"54,55",15165.494965375809
4,15291.30344353779,53.804001658047525,46.439453125,False,303,refine,memory_gated,"52,53,54,55",15237.499441879743
4,15345.107445195837,53.804001658047525,46.439453125,False,304,refine,memory_gated,"52,53,54,55",15291.30344353779
4,15398.911446853885,53.804001658047525,46.439453125,False,305,refine,memory_gated,"52,53,54,55",15345.107445195837
4,15452.715448511932,53.804001658047525,46.439453125,False,306,refine,memory_gated,"52,53,54,55",15398.911446853885
4,15506.519450169979,53.804001658047525,46.439453125,False,307,refine,memory_gated,"52,53,54,55",15452.715448511932
4,15560.323451828026,53.804001658047525,46.439453125,False,308,refine,memory_gated,"52,53,54,55",15506.519450169979
4,15614.127453486073,53.804001658047525,46.439453125,False,309,refine,memory_gated,"52,53,54,55",15560.323451828026
2,15686.131929990008,72.00447650393471,235.28125,False,310,warmup,memory_gated,"56,57",15614.127453486073
4,15739.935931648055,53.804001658047525,46.439453125,False,311,refine,memory_gated,"54,55,56,57",15686.131929990008
4,15793.739933306102,53.804001658047525,46.439453125,False,312,refine,memory_gated,"54,55,56,57",15739.935931648055
4,15847.54393496415,53.804001658047525,46.439453125,False,313,refine,memory_gated,"54,55,56,57",15793.739933306102
4,15901.347936622196,53.804001658047525,46.439453125,False,314,refine,memory_gated,"54,55,56,57",15847.54393496415
2,15973.352413126131,72.00447650393471,235.28125,False,315,warmup,memory_gated,"58,59",15901.347936622196
4,16027.156414784178,53.804001658047525,46.439453125,False,316,refine,memory_gated,"56,57,58,59",15973.352413126131
4,16080.960416442225,53.804001658047525,46.439453125,False,317,refine,memory_gated,"56,57,58,59",16027.156414784178
4,16134.764418100272,53.804001658047525,46.439453125,False,318,refine,memory_gated,"56,57,58,59",16080.960416442225
4,16188.56841975832,53.804001658047525,46.439453125,False,319,refine,memory_gated,"56,57,58,59",16134.764418100272
4,16242.372421416367,53.804001658047525,46.439453125,False,320,refine,memory_gated,"56,57,58,59",16188.56841975832
4,16296.176423074414,53.804001658047525,46.439453125,False,321,refine,memory_gated,"56,57,58,59",16242.372421416367
4,16349.980424732461,53.804001658047525,46.439453125,False,322,refine,memory_gated,"56,57,58,59",16296.176423074414
2,16421.984901236396,72.00447650393471,235.28125,False,323,warmup,memory_gated,"60,61",16349.980424732461
4,16475.788902894445,53.804001658047525,46.439453125,False,324,refine,memory_gated,"58,59,60,61",16421.984901236396
4,16529.592904552494,53.804001658047525,46.439453125,False,325,refine,memory_gated,"58,59,60,61",16475.788902894445
4,16583.396906210543,53.804001658047525,46.439453125,False,326,refine,memory_gated,"58,59,60,61",16529.592904552494
4,16637.20090786859,53.804001658047525,46.439453125,False,327,refine,memory_gated,"58,59,60,61",16583.396906210543
2,16709.205384372526,72.00447650393471,235.28125,False,328,warmup,memory_gated,"62,63",16637.20090786859
4,16763.009386030575,53.804001658047525,46.439453125,False,329,refine,memory_gated,"60,61,62,63",16709.205384372526
4,16816.813387688624,53.804001658047525,46.439453125,False,330,refine,memory_gated,"60,61,62,63",16763.009386030575
4,16870.617389346673,53.804001658047525,46.439453125,False,331,refine,memory_gated,"60,61,62,63",16816.813387688624
4,16924.421391004722,53.804001658047525,46.439453125,False,332,refine,memory_gated,"60,61,62,63",16870.617389346673
4,16978.22539266277,53.804001658047525,46.439453125,False,333,refine,memory_gated,"60,61,62,63",16924.421391004722
4,17032.02939432082,53.804001658047525,46.439453125,False,334,refine,memory_gated,"60,61,62,63",16978.22539266277
4,17085.83339597887,53.804001658047525,46.439453125,False,335,refine,memory_gated,"60,61,62,63",17032.02939432082
2,17157.837872482804,72.00447650393471,235.28125,False,336,warmup,memory_gated,"0,1",17085.83339597887
4,17211.641874140852,53.804001658047525,46.439453125,False,337,refine,memory_gated,"62,63,0,1",17157.837872482804
4,17265.4458757989,53.804001658047525,46.439453125,False,338,refine,memory_gated,"0,1,62,63",17211.641874140852
4,17319.24987745695,53.804001658047525,46.439453125,False,339,refine,memory_gated,"0,1,62,63",17265.4458757989
4,17373.053879115,53.804001658047525,46.439453125,False,340,refine,memory_gated,"0,1,62,63",17319.24987745695
2,17445.058355618934,72.00447650393471,235.28125,False,341,warmup,memory_gated,"2,3",17373.053879115
4,17498.862357276983,53.804001658047525,46.439453125,False,342,refine,memory_gated,"0,1,2,3",17445.058355618934
4,17552.666358935032,53.804001658047525,46.439453125,False,343,refine,memory_gated,"0,1,2,3",17498.862357276983
4,17606.47036059308,53.804001658047525,46.439453125,False,344,refine,memory_gated,"0,1,2,3",17552.666358935032
4,17660.27436225113,53.804001658047525,46.439453125,False,345,refine,memory_gated,"0,1,2,3",17606.47036059308
4,17714.07836390918,53.804001658047525,46.439453125,False,346,refine,memory_gated,"0,1,2,3",17660.27436225113
4,17767.882365567228,53.804001658047525,46.439453125,False,347,refine,memory_gated,"0,1,2,3",17714.07836390918
2,17839.886842071162,72.00447650393471,235.28125,False,348,warmup,memory_gated,"4,5",17767.882365567228
4,17893.69084372921,53.804001658047525,46.439453125,False,349,refine,memory_gated,"2,3,4,5",17839.886842071162
4,17947.49484538726,53.804001658047525,46.439453125,False,350,refine,memory_gated,"2,3,4,5",17893.69084372921
4,18001.29884704531,53.804001658047525,46.439453125,False,351,refine,memory_gated,"2,3,4,5",17947.49484538726
4,18055.102848703358,53.804001658047525,46.439453125,False,352,refine,memory_gated,"2,3,4,5",18001.29884704531
2,18127.107325207293,72.00447650393471,235.28125,False,353,warmup,memory_gated,"6,7",18055.102848703358
4,18180.911326865342,53.804001658047525,46.439453125,False,354,refine,memory_gated,"4,5,6,7",18127.107325207293
4,18234.71532852339,53.804001658047525,46.439453125,False,355,refine,memory_gated,"4,5,6,7",18180.911326865342
4,18288.51933018144,53.804001658047525,46.439453125,False,356,refine,memory_gated,"4,5,6,7",18234.71532852339
4,18342.32333183949,53.804001658047525,46.439453125,False,357,refine,memory_gated,"4,5,6,7",18288.51933018144
4,18396.127333497538,53.804001658047525,46.439453125,False,358,refine,memory_gated,"4,5,6,7",18342.32333183949
4,18449.931335155587,53.804001658047525,46.439453125,False,359,refine,memory_gated,"4,5,6,7",18396.127333497538
2,18521.93581165952,72.00447650393471,235.28125,False,360,warmup,memory_gated,"8,9",18449.931335155587
4,18575.73981331757,53.804001658047525,46.439453125,False,361,refine,memory_gated,"6,7,8,9",18521.93581165952
4,18629.54381497562,53.804001658047525,46.439453125,False,362,refine,memory_gated,"6,7,8,9",18575.73981331757
4,18683.347816633668,53.804001658047525,46.439453125,False,363,refine,memory_gated,"6,7,8,9",18629.54381497562
4,18737.151818291717,53.804001658047525,46.439453125,False,364,refine,memory_gated,"6,7,8,9",18683.347816633668
2,18809.15629479565,72.00447650393471,235.28125,False,365,warmup,memory_gated,"10,11",18737.151818291717
4,18862.9602964537,53.804001658047525,46.439453125,False,366,refine,memory_gated,"8,9,10,11",18809.15629479565
4,18916.76429811175,53.804001658047525,46.439453125,False,367,refine,memory_gated,"8,9,10,11",18862.9602964537
4,18970.5682997698,53.804001658047525,46.439453125,False,368,refine,memory_gated,"8,9,10,11",18916.76429811175
4,19024.372301427848,53.804001658047525,46.439453125,False,369,refine,memory_gated,"8,9,10,11",18970.5682997698
4,19078.176303085897,53.804001658047525,46.439453125,False,370,refine,memory_gated,"8,9,10,11",19024.372301427848
4,19131.980304743945,53.804001658047525,46.439453125,False,371,refine,memory_gated,"8,9,10,11",19078.176303085897
2,19203.98478124788,72.00447650393471,235.28125,False,372,warmup,memory_gated,"12,13",19131.980304743945
4,19257.78878290593,53.804001658047525,46.439453125,False,373,refine,memory_gated,"10,11,12,13",19203.98478124788
4,19311.592784563978,53.804001658047525,46.439453125,False,374,refine,memory_gated,"10,11,12,13",19257.78878290593
4,19365.396786222027,53.804001658047525,46.439453125,False,375,refine,memory_gated,"10,11,12,13",19311.592784563978
4,19419.200787880076,53.804001658047525,46.439453125,False,376,refine,memory_gated,"10,11,12,13",19365.396786222027
2,19491.20526438401,72.00447650393471,235.28125,False,377,warmup,memory_gated,"14,15",19419.200787880076
4,19545.00926604206,53.804001658047525,46.439453125,False,378,refine,memory_gated,"12,13,14,15",19491.20526438401
4,19598.81326770011,53.804001658047525,46.439453125,False,379,refine,memory_gated,"12,13,14,15",19545.00926604206
4,19652.617269358158,53.804001658047525,46.439453125,False,380,refine,memory_gated,"12,13,14,15",19598.81326770011
4,19706.421271016206,53.804001658047525,46.439453125,False,381,refine,memory_gated,"12,13,14,15",19652.617269358158
4,19760.225272674255,53.804001658047525,46.439453125,False,382,refine,memory_gated,"12,13,14,15",19706.421271016206
4,19814.029274332304,53.804001658047525,46.439453125,False,383,refine,memory_gated,"12,13,14,15",19760.225272674255
2,19886.03375083624,72.00447650393471,235.28125,False,384,warmup,memory_gated,"16,17",19814.029274332304
4,19939.837752494288,53.804001658047525,46.439453125,False,385,refine,memory_gated,"14,15,16,17",19886.03375083624
4,19993.641754152337,53.804001658047525,46.439453125,False,386,refine,memory_gated,"14,15,16,17",19939.837752494288
4,20047.445755810386,53.804001658047525,46.439453125,False,387,refine,memory_gated,"14,15,16,17",19993.641754152337
4,20101.249757468435,53.804001658047525,46.439453125,False,388,refine,memory_gated,"14,15,16,17",20047.445755810386
2,20173.25423397237,72.00447650393471,235.28125,False,389,warmup,memory_gated,"18,19",20101.249757468435
4,20227.05823563042,53.804001658047525,46.439453125,False,390,refine,memory_gated,"16,17,18,19",20173.25423397237
4,20280.862237288467,53.804001658047525,46.439453125,False,391,refine,memory_gated,"16,17,18,19",20227.05823563042
4,20334.666238946516,53.804001658047525,46.439453125,False,392,refine,memory_gated,"16,17,18,19",20280.862237288467
4,20388.470240604565,53.804001658047525,46.439453125,False,393,refine,memory_gated,"16,17,18,19",20334.666238946516
4,20442.274242262614,53.804001658047525,46.439453125,False,394,refine,memory_gated,"16,17,18,19",20388.470240604565
4,20496.078243920663,53.804001658047525,46.439453125,False,395,refine,memory_gated,"16,17,18,19",20442.274242262614
2,20543.8256057472,47.74736182653436,22.658203125,False,396,refine,memory_gated,"18,19",20496.078243920663
2,20591.572967573735,47.74736182653436,22.658203125,False,397,refine,memory_gated,"18,19",20543.8256057472
2,20639.32032940027,47.74736182653436,22.658203125,False,398,refine,memory_gated,"18,19",20591.572967573735
2,20687.067691226806,47.74736182653436,22.658203125,False,399,refine,memory_gated,"18,19",20639.32032940027
2,20759.07216773074,72.00447650393471,235.28125,False,400,warmup,memory_gated,"20,21",20687.067691226806
2,20806.819529557277,47.74736182653436,22.658203125,False,401,refine,memory_gated,"20,21",20759.07216773074
2,20854.566891383813,47.74736182653436,22.658203125,False,402,refine,memory_gated,"20,21",20806.819529557277
2,20902.31425321035,47.74736182653436,22.658203125,False,403,refine,memory_gated,"20,21",20854.566891383813
2,20950.061615036884,47.74736182653436,22.658203125,False,404,refine,memory_gated,"20,21",20902.31425321035
2,20997.80897686342,47.74736182653436,22.658203125,False,405,refine,memory_gated,"20,21",20950.061615036884
2,21045.556338689956,47.74736182653436,22.658203125,False,406,refine,memory_gated,"20,21",20997.80897686342
2,21093.30370051649,47.74736182653436,22.658203125,False,407,refine,memory_gated,"20,21",21045.556338689956
2,21141.051062343027,47.74736182653436,22.658203125,False,408,refine,memory_gated,"20,21",21093.30370051649
2,21188.798424169563,47.74736182653436,22.658203125,False,409,refine,memory_gated,"20,21",21141.051062343027
2,21236.5457859961,47.74736182653436,22.658203125,False,410,refine,memory_gated,"20,21",21188.798424169563
2,21308.550262500034,72.00447650393471,235.28125,False,411,warmup,memory_gated,"22,23",21236.5457859961
2,21356.29762432657,47.74736182653436,22.658203125,False,412,refine,memory_gated,"22,23",21308.550262500034
2,21404.044986153105,47.74736182653436,22.658203125,False,413,refine,memory_gated,"22,23",21356.29762432657
2,21451.79234797964,47.74736182653436,22.658203125,False,414,refine,memory_gated,"22,23",21404.044986153105
2,21499.539709806177,47.74736182653436,22.658203125,False,415,refine,memory_gated,"22,23",21451.79234797964
2,21547.287071632712,47.74736182653436,22.658203125,False,416,refine,memory_gated,"22,23",21499.539709806177
2,21595.03443345925,47.74736182653436,22.658203125,False,417,refine,memory_gated,"22,23",21547.287071632712
2,21642.781795285784,47.74736182653436,22.658203125,False,418,refine,memory_gated,"22,23",21595.03443345925
2,21690.52915711232,47.74736182653436,22.658203125,False,419,refine,memory_gated,"22,23",21642.781795285784
2,21738.276518938856,47.74736182653436,22.658203125,False,420,refine,memory_gated,"22,23",21690.52915711232
2,21786.02388076539,47.74736182653436,22.658203125,False,421,refine,memory_gated,"22,23",21738.276518938856
2,21858.028357269326,72.00447650393471,235.28125,False,422,warmup,memory_gated,"24,25",21786.02388076539
2,21905.775719095862,47.74736182653436,22.658203125,False,423,refine,memory_gated,"24,25",21858.028357269326
2,21953.523080922398,47.74736182653436,22.658203125,False,424,refine,memory_gated,"24,25",21905.775719095862
2,22001.270442748933,47.74736182653436,22.658203125,False,425,refine,memory_gated,"24,25",21953.523080922398
2,22049.01780457547,47.74736182653436,22.658203125,False,426,refine,memory_gated,"24,25",22001.270442748933
2,22096.765166402005,47.74736182653436,22.658203125,False,427,refine,memory_gated,"24,25",22049.01780457547
2,22144.51252822854,47.74736182653436,22.658203125,False,428,refine,memory_gated,"24,25",22096.765166402005
2,22192.259890055077,47.74736182653436,22.658203125,False,429,refine,memory_gated,"24,25",22144.51252822854
2,22240.007251881612,47.74736182653436,22.658203125,False,430,refine,memory_gated,"24,25",22192.259890055077
2,22287.754613708148,47.74736182653436,22.658203125,False,431,refine,memory_gated,"24,25",22240.007251881612
2,22335.501975534684,47.74736182653436,22.658203125,False,432,refine,memory_gated,"24,25",22287.754613708148
2,22407.50645203862,72.00447650393471,235.28125,False,433,warmup,memory_gated,"26,27",22335.501975534684
2,22455.253813865154,47.74736182653436,22.658203125,False,434,refine,memory_gated,"26,27",22407.50645203862
2,22503.00117569169,47.74736182653436,22.658203125,False,435,refine,memory_gated,"26,27",22455.253813865154
2,22550.748537518226,47.74736182653436,22.658203125,False,436,refine,memory_gated,"26,27",22503.00117569169
2,22598.49589934476,47.74736182653436,22.658203125,False,437,refine,memory_gated,"26,27",22550.748537518226
2,22646.243261171297,47.74736182653436,22.658203125,False,438,refine,memory_gated,"26,27",22598.49589934476
2,22693.990622997833,47.74736182653436,22.658203125,False,439,refine,memory_gated,"26,27",22646.243261171297
2,22741.73798482437,47.74736182653436,22.658203125,False,440,refine,memory_gated,"26,27",22693.990622997833
2,22789.485346650905,47.74736182653436,22.658203125,False,441,refine,memory_gated,"26,27",22741.73798482437
2,22837.23270847744,47.74736182653436,22.658203125,False,442,refine,memory_gated,"26,27",22789.485346650905
2,22884.980070303976,47.74736182653436,22.658203125,False,443,refine,memory_gated,"26,27",22837.23270847744
2,22956.98454680791,72.00447650393471,235.28125,False,444,warmup,memory_gated,"28,29",22884.980070303976
2,23004.731908634447,47.74736182653436,22.658203125,False,445,refine,memory_gated,"28,29",22956.98454680791
2,23052.479270460983,47.74736182653436,22.658203125,False,446,refine,memory_gated,"28,29",23004.731908634447
2,23100.22663228752,47.74736182653436,22.658203125,False,447,refine,memory_gated,"28,29",23052.479270460983
2,23147.973994114054,47.74736182653436,22.658203125,False,448,refine,memory_gated,"28,29",23100.22663228752
2,23195.72135594059,47.74736182653436,22.658203125,False,449,refine,memory_gated,"28,29",23147.973994114054
2,23243.468717767126,47.74736182653436,22.658203125,False,450,refine,memory_gated,"28,29",23195.72135594059
2,23291.21607959366,47.74736182653436,22.658203125,False,451,refine,memory_gated,"28,29",23243.468717767126
2,23338.963441420197,47.74736182653436,22.658203125,False,452,refine,memory_gated,"28,29",23291.21607959366
2,23386.710803246733,47.74736182653436,22.658203125,False,453,refine,memory_gated,"28,29",23338.963441420197
2,23434.45816507327,47.74736182653436,22.658203125,False,454,refine,memory_gated,"28,29",23386.710803246733
2,23506.462641577204,72.00447650393471,235.28125,False,455,warmup,memory_gated,"30,31",23434.45816507327
2,23554.21000340374,47.74736182653436,22.658203125,False,456,refine,memory_gated,"30,31",23506.462641577204
2,23601.957365230275,47.74736182653436,22.658203125,False,457,refine,memory_gated,"30,31",23554.21000340374
2,23649.70472705681,47.74736182653436,22.658203125,False,458,refine,memory_gated,"30,31",23601.957365230275
2,23697.452088883347,47.74736182653436,22.658203125,False,459,refine,memory_gated,"30,31",23649.70472705681
2,23745.199450709883,47.74736182653436,22.658203125,False,460,refine,memory_gated,"30,31",23697.452088883347
2,23792.94681253642,47.74736182653436,22.658203125,False,461,refine,memory_gated,"30,31",23745.199450709883
2,23840.694174362954,47.74736182653436,22.658203125,False,462,refine,memory_gated,"30,31",23792.94681253642
2,23888.44153618949,47.74736182653436,22.658203125,False,463,refine,memory_gated,"30,31",23840.694174362954
2,23936.188898016026,47.74736182653436,22.658203125,False,464,refine,memory_gated,"30,31",23888.44153618949
2,23983.93625984256,47.74736182653436,22.658203125,False,465,refine,memory_gated,"30,31",23936.188898016026
2,24055.940736346496,72.00447650393471,235.28125,False,466,warmup,memory_gated,"32,33",23983.93625984256
2,24103.688098173032,47.74736182653436,22.658203125,False,467,refine,memory_gated,"32,33",24055.940736346496
2,24151.435459999568,47.74736182653436,22.658203125,False,468,refine,memory_gated,"32,33",24103.688098173032
2,24199.182821826103,47.74736182653436,22.658203125,False,469,refine,memory_gated,"32,33",24151.435459999568
2,24246.93018365264,47.74736182653436,22.658203125,False,470,refine,memory_gated,"32,33",24199.182821826103
2,24294.677545479175,47.74736182653436,22.658203125,False,471,refine,memory_gated,"32,33",24246.93018365264
2,24342.42490730571,47.74736182653436,22.658203125,False,472,refine,memory_gated,"32,33",24294.677545479175
2,24390.172269132247,47.74736182653436,22.658203125,False,473,refine,memory_gated,"32,33",24342.42490730571
2,24437.919630958782,47.74736182653436,22.658203125,False,474,refine,memory_gated,"32,33",24390.172269132247
2,24485.666992785318,47.74736182653436,22.658203125,False,475,refine,memory_gated,"32,33",24437.919630958782
2,24533.414354611854,47.74736182653436,22.658203125,False,476,refine,memory_gated,"32,33",24485.666992785318
2,24605.41883111579,72.00447650393471,235.28125,False,477,warmup,memory_gated,"34,35",24533.414354611854
2,24653.166192942324,47.74736182653436,22.658203125,False,478,refine,memory_gated,"34,35",24605.41883111579
2,24700.91355476886,47.74736182653436,22.658203125,False,479,refine,memory_gated,"34,35",24653.166192942324
2,24748.660916595396,47.74736182653436,22.658203125,False,480,refine,memory_gated,"34,35",24700.91355476886
2,24796.40827842193,47.74736182653436,22.658203125,False,481,refine,memory_gated,"34,35",24748.660916595396
2,24844.155640248468,47.74736182653436,22.658203125,False,482,refine,memory_gated,"34,35",24796.40827842193
2,24891.903002075003,47.74736182653436,22.658203125,False,483,refine,memory_gated,"34,35",24844.155640248468
2,24939.65036390154,47.74736182653436,22.658203125,False,484,refine,memory_gated,"34,35",24891.903002075003
2,24987.397725728075,47.74736182653436,22.658203125,False,485,refine,memory_gated,"34,35",24939.65036390154
2,25035.14508755461,47.74736182653436,22.658203125,False,486,refine,memory_gated,"34,35",24987.397725728075
2,25082.892449381146,47.74736182653436,22.658203125,False,487,refine,memory_gated,"34,35",25035.14508755461
2,25154.89692588508,72.00447650393471,235.28125,False,488,warmup,memory_gated,"36,37",25082.892449381146
2,25202.644287711617,47.74736182653436,22.658203125,False,489,refine,memory_gated,"36,37",25154.89692588508
2,25250.391649538153,47.74736182653436,22.658203125,False,490,refine,memory_gated,"36,37",25202.644287711617
2,25298.13901136469,47.74736182653436,22.658203125,False,491,refine,memory_gated,"36,37",25250.391649538153
2,25345.886373191224,47.74736182653436,22.658203125,False,492,refine,memory_gated,"36,37",25298.13901136469
2,25393.63373501776,47.74736182653436,22.658203125,False,493,refine,memory_gated,"36,37",25345.886373191224
2,25441.381096844296,47.74736182653436,22.658203125,False,494,refine,memory_gated,"36,37",25393.63373501776
2,25489.12845867083,47.74736182653436,22.658203125,False,495,refine,memory_gated,"36,37",25441.381096844296
2,25536.875820497367,47.74736182653436,22.658203125,False,496,refine,memory_gated,"36,37",25489.12845867083
2,25584.623182323903,47.74736182653436,22.658203125,False,497,refine,memory_gated,"36,37",25536.875820497367
2,25632.37054415044,47.74736182653436,22.658203125,False,498,refine,memory_gated,"36,37",25584.623182323903
2,25704.375020654374,72.00447650393471,235.28125,False,499,warmup,memory_gated,"38,39",25632.37054415044
2,25752.12238248091,47.74736182653436,22.658203125,False,500,refine,memory_gated,"38,39",25704.375020654374
2,25799.869744307445,47.74736182653436,22.658203125,False,501,refine,memory_gated,"38,39",25752.12238248091
2,25847.61710613398,47.74736182653436,22.658203125,False,502,refine,memory_gated,"38,39",25799.869744307445
2,25895.364467960517,47.74736182653436,22.658203125,False,503,refine,memory_gated,"38,39",25847.61710613398
2,25943.111829787053,47.74736182653436,22.658203125,False,504,refine,memory_gated,"38,39",25895.364467960517
2,25990.85919161359,47.74736182653436,22.658203125,False,505,refine,memory_gated,"38,39",25943.111829787053
2,26038.606553440124,47.74736182653436,22.658203125,False,506,refine,memory_gated,"38,39",25990.85919161359
2,26086.35391526666,47.74736182653436,22.658203125,False,507,refine,memory_gated,"38,39",26038.606553440124
2,26134.101277093196,47.74736182653436,22.658203125,False,508,refine,memory_gated,"38,39",26086.35391526666
2,26181.84863891973,47.74736182653436,22.658203125,False,509,refine,memory_gated,"38,39",26134.101277093196
2,26253.853115423666,72.00447650393471,235.28125,False,510,warmup,memory_gated,"40,41",26181.84863891973
2,26301.600477250202,47.74736182653436,22.658203125,False,511,refine,memory_gated,"40,41",26253.853115423666
2,26349.347839076738,47.74736182653436,22.658203125,False,512,refine,memory_gated,"40,41",26301.600477250202
2,26397.095200903274,47.74736182653436,22.658203125,False,513,refine,memory_gated,"40,41",26349.347839076738
2,26444.84256272981,47.74736182653436,22.658203125,False,514,refine,memory_gated,"40,41",26397.095200903274
2,26492.589924556345,47.74736182653436,22.658203125,False,515,refine,memory_gated,"40,41",26444.84256272981
2,26540.33728638288,47.74736182653436,22.658203125,False,516,refine,memory_gated,"40,41",26492.589924556345
2,26588.084648209417,47.74736182653436,22.658203125,False,517,refine,memory_gated,"40,41",26540.33728638288
2,26635.832010035952,47.74736182653436,22.658203125,False,518,refine,memory_gated,"40,41",26588.084648209417
2,26683.57937186249,47.74736182653436,22.658203125,False,519,refine,memory_gated,"40,41",26635.832010035952
2,26731.326733689024,47.74736182653436,22.658203125,False,520,refine,memory_gated,"40,41",26683.57937186249
2,26803.33121019296,72.00447650393471,235.28125,False,521,warmup,memory_gated,"42,43",26731.326733689024
2,26851.078572019494,47.74736182653436,22.658203125,False,522,refine,memory_gated,"42,43",26803.33121019296
2,26898.82593384603,47.74736182653436,22.658203125,False,523,refine,memory_gated,"42,43",26851.078572019494
2,26946.573295672566,47.74736182653436,22.658203125,False,524,refine,memory_gated,"42,43",26898.82593384603
2,26994.3206574991,47.74736182653436,22.658203125,False,525,refine,memory_gated,"42,43",26946.573295672566
2,27042.068019325638,47.74736182653436,22.658203125,False,526,refine,memory_gated,"42,43",26994.3206574991
2,27089.815381152173,47.74736182653436,22.658203125,False,527,refine,memory_gated,"42,43",27042.068019325638
2,27137.56274297871,47.74736182653436,22.658203125,False,528,refine,memory_gated,"42,43",27089.815381152173
2,27185.310104805245,47.74736182653436,22.658203125,False,529,refine,memory_gated,"42,43",27137.56274297871
2,27233.05746663178,47.74736182653436,22.658203125,False,530,refine,memory_gated,"42,43",27185.310104805245
2,27280.804828458316,47.74736182653436,22.658203125,False,531,refine,memory_gated,"42,43",27233.05746663178
2,27352.80930496225,72.00447650393471,235.28125,False,532,warmup,memory_gated,"44,45",27280.804828458316
2,27400.556666788787,47.74736182653436,22.658203125,False,533,refine,memory_gated,"44,45",27352.80930496225
2,27448.304028615323,47.74736182653436,22.658203125,False,534,refine,memory_gated,"44,45",27400.556666788787
2,27496.05139044186,47.74736182653436,22.658203125,False,535,refine,memory_gated,"44,45",27448.304028615323
2,27543.798752268394,47.74736182653436,22.658203125,False,536,refine,memory_gated,"44,45",27496.05139044186
2,27591.54611409493,47.74736182653436,22.658203125,False,537,refine,memory_gated,"44,45",27543.798752268394
2,27639.293475921466,47.74736182653436,22.658203125,False,538,refine,memory_gated,"44,45",27591.54611409493
2,27687.040837748,47.74736182653436,22.658203125,False,539,refine,memory_gated,"44,45",27639.293475921466
2,27734.788199574537,47.74736182653436,22.658203125,False,540,refine,memory_gated,"44,45",27687.040837748
2,27782.535561401073,47.74736182653436,22.658203125,False,541,refine,memory_gated,"44,45",27734.788199574537
2,27830.28292322761,47.74736182653436,22.658203125,False,542,refine,memory_gated,"44,45",27782.535561401073
2,27902.287399731544,72.00447650393471,235.28125,False,543,warmup,memory_gated,"46,47",27830.28292322761
2,27950.03476155808,47.74736182653436,22.658203125,False,544,refine,memory_gated,"46,47",27902.287399731544
2,27997.782123384615,47.74736182653436,22.658203125,False,545,refine,memory_gated,"46,47",27950.03476155808
2,28045.52948521115,47.74736182653436,22.658203125,False,546,refine,memory_gated,"46,47",27997.782123384615
2,28093.276847037687,47.74736182653436,22.658203125,False,547,refine,memory_gated,"46,47",28045.52948521115
2,28141.024208864223,47.74736182653436,22.658203125,False,548,refine,memory_gated,"46,47",28093.276847037687
2,28188.77157069076,47.74736182653436,22.658203125,False,549,refine,memory_gated,"46,47",28141.024208864223
2,28236.518932517294,47.74736182653436,22.658203125,False,550,refine,memory_gated,"46,47",28188.77157069076
2,28284.26629434383,47.74736182653436,22.658203125,False,551,refine,memory_gated,"46,47",28236.518932517294
2,28332.013656170366,47.74736182653436,22.658203125,False,552,refine,memory_gated,"46,47",28284.26629434383
2,28379.7610179969,47.74736182653436,22.658203125,False,553,refine,memory_gated,"46,47",28332.013656170366
2,28451.765494500836,72.00447650393471,235.28125,False,554,warmup,memory_gated,"48,49",28379.7610179969
2,28499.512856327372,47.74736182653436,22.658203125,False,555,refine,memory_gated,"48,49",28451.765494500836
2,28547.260218153908,47.74736182653436,22.658203125,False,556,refine,memory_gated,"48,49",28499.512856327372
2,28595.007579980444,47.74736182653436,22.658203125,False,557,refine,memory_gated,"48,49",28547.260218153908
2,28642.75494180698,47.74736182653436,22.658203125,False,558,refine,memory_gated,"48,49",28595.007579980444
2,28690.502303633515,47.74736182653436,22.658203125,False,559,refine,memory_gated,"48,49",28642.75494180698
2,28738.24966546005,47.74736182653436,22.658203125,False,560,refine,memory_gated,"48,49",28690.502303633515
2,28785.997027286587,47.74736182653436,22.658203125,False,561,refine,memory_gated,"48,49",28738.24966546005
2,28833.744389113122,47.74736182653436,22.658203125,False,562,refine,memory_gated,"48,49",28785.997027286587
2,28881.49175093966,47.74736182653436,22.658203125,False,563,refine,memory_gated,"48,49",28833.744389113122
2,28929.239112766194,47.74736182653436,22.658203125,False,564,refine,memory_gated,"48,49",28881.49175093966
2,29001.24358927013,72.00447650393471,235.28125,False,565,warmup,memory_gated,"50,51",28929.239112766194
2,29048.990951096665,47.74736182653436,22.658203125,False,566,refine,memory_gated,"50,51",29001.24358927013
2,29096.7383129232,47.74736182653436,22.658203125,False,567,refine,memory_gated,"50,51",29048.990951096665
2,29144.485674749736,47.74736182653436,22.658203125,False,568,refine,memory_gated,"50,51",29096.7383129232
2,29192.233036576272,47.74736182653436,22.658203125,False,569,refine,memory_gated,"50,51",29144.485674749736
2,29239.980398402808,47.74736182653436,22.658203125,False,570,refine,memory_gated,"50,51",29192.233036576272
2,29287.727760229343,47.74736182653436,22.658203125,False,571,refine,memory_gated,"50,51",29239.980398402808
2,29335.47512205588,47.74736182653436,22.658203125,False,572,refine,memory_gated,"50,51",29287.727760229343
2,29383.222483882415,47.74736182653436,22.658203125,False,573,refine,memory_gated,"50,51",29335.47512205588
2,29430.96984570895,47.74736182653436,22.658203125,False,574,refine,memory_gated,"50,51",29383.222483882415
2,29478.717207535487,47.74736182653436,22.658203125,False,575,refine,memory_gated,"50,51",29430.96984570895
2,29550.72168403942,72.00447650393471,235.28125,False,576,warmup,memory_gated,"52,53",29478.717207535487
2,29598.469045865957,47.74736182653436,22.658203125,False,577,refine,memory_gated,"52,53",29550.72168403942
2,29646.216407692493,47.74736182653436,22.658203125,False,578,refine,memory_gated,"52,53",29598.469045865957
2,29693.96376951903,47.74736182653436,22.658203125,False,579,refine,memory_gated,"52,53",29646.216407692493
2,29741.711131345564,47.74736182653436,22.658203125,False,580,refine,memory_gated,"52,53",29693.96376951903
2,29789.4584931721,47.74736182653436,22.658203125,False,581,refine,memory_gated,"52,53",29741.711131345564
2,29837.205854998636,47.74736182653436,22.658203125,False,582,refine,memory_gated,"52,53",29789.4584931721
2,29884.95321682517,47.74736182653436,22.658203125,False,583,refine,memory_gated,"52,53",29837.205854998636
2,29932.700578651707,47.74736182653436,22.658203125,False,584,refine,memory_gated,"52,53",29884.95321682517
2,29980.447940478243,47.74736182653436,22.658203125,False,585,refine,memory_gated,"52,53",29932.700578651707
2,30028.19530230478,47.74736182653436,22.658203125,False,586,refine,memory_gated,"52,53",29980.447940478243
2,30100.199778808714,72.00447650393471,235.28125,False,587,warmup,memory_gated,"54,55",30028.19530230478
2,30147.94714063525,47.74736182653436,22.658203125,False,588,refine,memory_gated,"54,55",30100.199778808714
2,30195.694502461785,47.74736182653436,22.658203125,False,589,refine,memory_gated,"54,55",30147.94714063525
2,30243.44186428832,47.74736182653436,22.658203125,False,590,refine,memory_gated,"54,55",30195.694502461785
2,30291.189226114857,47.74736182653436,22.658203125,False,591,refine,memory_gated,"54,55",30243.44186428832
2,30338.936587941393,47.74736182653436,22.658203125,False,592,refine,memory_gated,"54,55",30291.189226114857
2,30386.68394976793,47.74736182653436,22.658203125,False,593,refine,memory_gated,"54,55",30338.936587941393
2,30434.431311594464,47.74736182653436,22.658203125,False,594,refine,memory_gated,"54,55",30386.68394976793
2,30482.178673421,47.74736182653436,22.658203125,False,595,refine,memory_gated,"54,55",30434.431311594464
2,30554.183149924935,72.00447650393471,235.28125,False,596,warmup,memory_gated,"56,57",30482.178673421
4,30607.987151582984,53.804001658047525,46.439453125,False,597,refine,memory_gated,"54,55,56,57",30554.183149924935
4,30661.791153241033,53.804001658047525,46.439453125,False,598,refine,memory_gated,"54,55,56,57",30607.987151582984
2,30709.53851506757,47.74736182653436,22.658203125,False,599,refine,memory_gated,"56,57",30661.791153241033
2,30757.285876894104,47.74736182653436,22.658203125,False,600,refine,memory_gated,"56,57",30709.53851506757
2,30829.29035339804,72.00447650393471,235.28125,False,601,warmup,memory_gated,"58,59",30757.285876894104
4,30883.094355056088,53.804001658047525,46.439453125,False,602,refine,memory_gated,"56,57,58,59",30829.29035339804
4,30936.898356714137,53.804001658047525,46.439453125,False,603,refine,memory_gated,"56,57,58,59",30883.094355056088
4,30990.702358372186,53.804001658047525,46.439453125,False,604,refine,memory_gated,"56,57,58,59",30936.898356714137
4,31044.506360030235,53.804001658047525,46.439453125,False,605,refine,memory_gated,"56,57,58,59",30990.702358372186
4,31098.310361688284,53.804001658047525,46.439453125,False,606,refine,memory_gated,"56,57,58,59",31044.506360030235
4,31152.114363346333,53.804001658047525,46.439453125,False,607,refine,memory_gated,"56,57,58,59",31098.310361688284
2,31199.86172517287,47.74736182653436,22.658203125,False,608,refine,memory_gated,"58,59",31152.114363346333
2,31271.866201676803,72.00447650393471,235.28125,False,609,warmup,memory_gated,"60,61",31199.86172517287
4,31325.670203334852,53.804001658047525,46.439453125,False,610,refine,memory_gated,"58,59,60,61",31271.866201676803
4,31379.4742049929,53.804001658047525,46.439453125,False,611,refine,memory_gated,"58,59,60,61",31325.670203334852
4,31433.27820665095,53.804001658047525,46.439453125,False,612,refine,memory_gated,"58,59,60,61",31379.4742049929
2,31481.025568477486,47.74736182653436,22.658203125,False,613,refine,memory_gated,"60,61",31433.27820665095
2,31528.77293030402,47.74736182653436,22.658203125,False,614,refine,memory_gated,"60,61",31481.025568477486
2,31600.777406807956,72.00447650393471,235.28125,False,615,warmup,memory_gated,"62,63",31528.77293030402
4,31654.581408466005,53.804001658047525,46.439453125,False,616,refine,memory_gated,"60,61,62,63",31600.777406807956
4,31708.385410124054,53.804001658047525,46.439453125,False,617,refine,memory_gated,"60,61,62,63",31654.581408466005
4,31762.189411782103,53.804001658047525,46.439453125,False,618,refine,memory_gated,"60,61,62,63",31708.385410124054
4,31815.993413440152,53.804001658047525,46.439453125,False,619,refine,memory_gated,"60,61,62,63",31762.189411782103
4,31869.7974150982,53.804001658047525,46.439453125,False,620,refine,memory_gated,"60,61,62,63",31815.993413440152
2,31917.544776924737,47.74736182653436,22.658203125,False,621,refine,memory_gated,"62,63",31869.7974150982
2,31989.54925342867,72.00447650393471,235.28125,False,622,warmup,memory_gated,"0,1",31917.544776924737
4,32043.35325508672,53.804001658047525,46.439453125,False,623,refine,memory_gated,"62,63,0,1",31989.54925342867
4,32097.15725674477,53.804001658047525,46.439453125,False,624,refine,memory_gated,"0,1,62,63",32043.35325508672
4,32150.96125840282,53.804001658047525,46.439453125,False,625,refine,memory_gated,"0,1,62,63",32097.15725674477
4,32204.765260060867,53.804001658047525,46.439453125,False,626,refine,memory_gated,"0,1,62,63",32150.96125840282
2,32276.769736564802,72.00447650393471,235.28125,False,627,warmup,memory_gated,"2,3",32204.765260060867
4,32330.57373822285,53.804001658047525,46.439453125,False,628,refine,memory_gated,"0,1,2,3",32276.769736564802
4,32384.3777398809,53.804001658047525,46.439453125,False,629,refine,memory_gated,"0,1,2,3",32330.57373822285
4,32438.18174153895,53.804001658047525,46.439453125,False,630,refine,memory_gated,"0,1,2,3",32384.3777398809
4,32491.985743196998,53.804001658047525,46.439453125,False,631,refine,memory_gated,"0,1,2,3",32438.18174153895
4,32545.789744855047,53.804001658047525,46.439453125,False,632,refine,memory_gated,"0,1,2,3",32491.985743196998
4,32599.593746513096,53.804001658047525,46.439453125,False,633,refine,memory_gated,"0,1,2,3",32545.789744855047
2,32671.59822301703,72.00447650393471,235.28125,False,634,warmup,memory_gated,"4,5",32599.593746513096
4,32725.40222467508,53.804001658047525,46.439453125,False,635,refine,memory_gated,"2,3,4,5",32671.59822301703
4,32779.206226333125,53.804001658047525,46.439453125,False,636,refine,memory_gated,"2,3,4,5",32725.40222467508
4,32833.01022799117,53.804001658047525,46.439453125,False,637,refine,memory_gated,"2,3,4,5",32779.206226333125
4,32886.81422964922,53.804001658047525,46.439453125,False,638,refine,memory_gated,"2,3,4,5",32833.01022799117
2,32958.81870615316,72.00447650393471,235.28125,False,639,warmup,memory_gated,"6,7",32886.81422964922
4,33012.622707811206,53.804001658047525,46.439453125,False,640,refine,memory_gated,"4,5,6,7",32958.81870615316
4,33066.426709469255,53.804001658047525,46.439453125,False,641,refine,memory_gated,"4,5,6,7",33012.622707811206
4,33120.230711127304,53.804001658047525,46.439453125,False,642,refine,memory_gated,"4,5,6,7",33066.426709469255
4,33174.03471278535,53.804001658047525,46.439453125,False,643,refine,memory_gated,"4,5,6,7",33120.230711127304
4,33227.8387144434,53.804001658047525,46.439453125,False,644,refine,memory_gated,"4,5,6,7",33174.03471278535
4,33281.64271610145,53.804001658047525,46.439453125,False,645,refine,memory_gated,"4,5,6,7",33227.8387144434
2,33353.647192605385,72.00447650393471,235.28125,False,646,warmup,memory_gated,"8,9",33281.64271610145
4,33407.451194263434,53.804001658047525,46.439453125,False,647,refine,memory_gated,"6,7,8,9",33353.647192605385
4,33461.25519592148,53.804001658047525,46.439453125,False,648,refine,memory_gated,"6,7,8,9",33407.451194263434
4,33515.05919757953,53.804001658047525,46.439453125,False,649,refine,memory_gated,"6,7,8,9",33461.25519592148
4,33568.86319923758,53.804001658047525,46.439453125,False,650,refine,memory_gated,"6,7,8,9",33515.05919757953
2,33640.867675741516,72.00447650393471,235.28125,False,651,warmup,memory_gated,"10,11",33568.86319923758
4,33694.671677399565,53.804001658047525,46.439453125,False,652,refine,memory_gated,"8,9,10,11",33640.867675741516
4,33748.475679057614,53.804001658047525,46.439453125,False,653,refine,memory_gated,"8,9,10,11",33694.671677399565
4,33802.27968071566,53.804001658047525,46.439453125,False,654,refine,memory_gated,"8,9,10,11",33748.475679057614
4,33856.08368237371,53.804001658047525,46.439453125,False,655,refine,memory_gated,"8,9,10,11",33802.27968071566
4,33909.88768403176,53.804001658047525,46.439453125,False,656,refine,memory_gated,"8,9,10,11",33856.08368237371
4,33963.69168568981,53.804001658047525,46.439453125,False,657,refine,memory_gated,"8,9,10,11",33909.88768403176
2,34035.696162193744,72.00447650393471,235.28125,False,658,warmup,memory_gated,"12,13",33963.69168568981
4,34089.50016385179,53.804001658047525,46.439453125,False,659,refine,memory_gated,"10,11,12,13",34035.696162193744
4,34143.30416550984,53.804001658047525,46.439453125,False,660,refine,memory_gated,"10,11,12,13",34089.50016385179
4,34197.10816716789,53.804001658047525,46.439453125,False,661,refine,memory_gated,"10,11,12,13",34143.30416550984
4,34250.91216882594,53.804001658047525,46.439453125,False,662,refine,memory_gated,"10,11,12,13",34197.10816716789
2,34322.916645329875,72.00447650393471,235.28125,False,663,warmup,memory_gated,"14,15",34250.91216882594
4,34376.720646987924,53.804001658047525,46.439453125,False,664,refine,memory_gated,"12,13,14,15",34322.916645329875
4,34430.52464864597,53.804001658047525,46.439453125,False,665,refine,memory_gated,"12,13,14,15",34376.720646987924
4,34484.32865030402,53.804001658047525,46.439453125,False,666,refine,memory_gated,"12,13,14,15",34430.52464864597
4,34538.13265196207,53.804001658047525,46.439453125,False,667,refine,memory_gated,"12,13,14,15",34484.32865030402
4,34591.93665362012,53.804001658047525,46.439453125,False,668,refine,memory_gated,"12,13,14,15",34538.13265196207
4,34645.74065527817,53.804001658047525,46.439453125,False,669,refine,memory_gated,"12,13,14,15",34591.93665362012
2,34717.7451317821,72.00447650393471,235.28125,False,670,warmup,memory_gated,"16,17",34645.74065527817
4,34771.54913344015,53.804001658047525,46.439453125,False,671,refine,memory_gated,"14,15,16,17",34717.7451317821
4,34825.3531350982,53.804001658047525,46.439453125,False,672,refine,memory_gated,"14,15,16,17",34771.54913344015
4,34879.15713675625,53.804001658047525,46.439453125,False,673,refine,memory_gated,"14,15,16,17",34825.3531350982
4,34932.9611384143,53.804001658047525,46.439453125,False,674,refine,memory_gated,"14,15,16,17",34879.15713675625
2,35004.965614918234,72.00447650393471,235.28125,False,675,warmup,memory_gated,"18,19",34932.9611384143
4,35058.76961657628,53.804001658047525,46.439453125,False,676,refine,memory_gated,"16,17,18,19",35004.965614918234
4,35112.57361823433,53.804001658047525,46.439453125,False,677,refine,memory_gated,"16,17,18,19",35058.76961657628
4,35166.37761989238,53.804001658047525,46.439453125,False,678,refine,memory_gated,"16,17,18,19",35112.57361823433
4,35220.18162155043,53.804001658047525,46.439453125,False,679,refine,memory_gated,"16,17,18,19",35166.37761989238
4,35273.98562320848,53.804001658047525,46.439453125,False,680,refine,memory_gated,"16,17,18,19",35220.18162155043
4,35327.78962486653,53.804001658047525,46.439453125,False,681,refine,memory_gated,"16,17,18,19",35273.98562320848
2,35375.53698669306,47.74736182653436,22.658203125,False,682,refine,memory_gated,"18,19",35327.78962486653
2,35447.541463197,72.00447650393471,235.28125,False,683,warmup,memory_gated,"20,21",35375.53698669306
4,35501.34546485505,53.804001658047525,46.439453125,False,684,refine,memory_gated,"18,19,20,21",35447.541463197
4,35555.149466513096,53.804001658047525,46.439453125,False,685,refine,memory_gated,"18,19,20,21",35501.34546485505
4,35608.953468171145,53.804001658047525,46.439453125,False,686,refine,memory_gated,"18,19,20,21",35555.149466513096
2,35656.70082999768,47.74736182653436,22.658203125,False,687,refine,memory_gated,"20,21",35608.953468171145
2,35704.448191824216,47.74736182653436,22.658203125,False,688,refine,memory_gated,"20,21",35656.70082999768
2,35752.19555365075,47.74736182653436,22.658203125,False,689,refine,memory_gated,"20,21",35704.448191824216
2,35799.94291547729,47.74736182653436,22.658203125,False,690,refine,memory_gated,"20,21",35752.19555365075
2,35847.690277303824,47.74736182653436,22.658203125,False,691,refine,memory_gated,"20,21",35799.94291547729
2,35895.43763913036,47.74736182653436,22.658203125,False,692,refine,memory_gated,"20,21",35847.690277303824
2,35943.185000956895,47.74736182653436,22.658203125,False,693,refine,memory_gated,"20,21",35895.43763913036
2,36015.18947746083,72.00447650393471,235.28125,False,694,warmup,memory_gated,"22,23",35943.185000956895
2,36062.936839287366,47.74736182653436,22.658203125,False,695,refine,memory_gated,"22,23",36015.18947746083
2,36110.6842011139,47.74736182653436,22.658203125,False,696,refine,memory_gated,"22,23",36062.936839287366
2,36158.43156294044,47.74736182653436,22.658203125,False,697,refine,memory_gated,"22,23",36110.6842011139
2,36206.17892476697,47.74736182653436,22.658203125,False,698,refine,memory_gated,"22,23",36158.43156294044
2,36253.92628659351,47.74736182653436,22.658203125,False,699,refine,memory_gated,"22,23",36206.17892476697
2,36301.673648420045,47.74736182653436,22.658203125,False,700,refine,memory_gated,"22,23",36253.92628659351
2,36349.42101024658,47.74736182653436,22.658203125,False,701,refine,memory_gated,"22,23",36301.673648420045
2,36397.168372073116,47.74736182653436,22.658203125,False,702,refine,memory_gated,"22,23",36349.42101024658
2,36444.91573389965,47.74736182653436,22.658203125,False,703,refine,memory_gated,"22,23",36397.168372073116
2,36492.66309572619,47.74736182653436,22.658203125,False,704,refine,memory_gated,"22,23",36444.91573389965
2,36564.66757223012,72.00447650393471,235.28125,False,705,warmup,memory_gated,"24,25",36492.66309572619
2,36612.41493405666,47.74736182653436,22.658203125,False,706,refine,memory_gated,"24,25",36564.66757223012
2,36660.162295883194,47.74736182653436,22.658203125,False,707,refine,memory_gated,"24,25",36612.41493405666
2,36707.90965770973,47.74736182653436,22.658203125,False,708,refine,memory_gated,"24,25",36660.162295883194
2,36755.657019536266,47.74736182653436,22.658203125,False,709,refine,memory_gated,"24,25",36707.90965770973
2,36803.4043813628,47.74736182653436,22.658203125,False,710,refine,memory_gated,"24,25",36755.657019536266
2,36851.15174318934,47.74736182653436,22.658203125,False,711,refine,memory_gated,"24,25",36803.4043813628
2,36898.89910501587,47.74736182653436,22.658203125,False,712,refine,memory_gated,"24,25",36851.15174318934
2,36946.64646684241,47.74736182653436,22.658203125,False,713,refine,memory_gated,"24,25",36898.89910501587
2,36994.393828668944,47.74736182653436,22.658203125,False,714,refine,memory_gated,"24,25",36946.64646684241
2,37042.14119049548,47.74736182653436,22.658203125,False,715,refine,memory_gated,"24,25",36994.393828668944
2,37114.145666999415,72.00447650393471,235.28125,False,716,warmup,memory_gated,"26,27",37042.14119049548
2,37161.89302882595,47.74736182653436,22.658203125,False,717,refine,memory_gated,"26,27",37114.145666999415
2,37209.64039065249,47.74736182653436,22.658203125,False,718,refine,memory_gated,"26,27",37161.89302882595
2,37257.38775247902,47.74736182653436,22.658203125,False,719,refine,memory_gated,"26,27",37209.64039065249
2,37305.13511430556,47.74736182653436,22.658203125,False,720,refine,memory_gated,"26,27",37257.38775247902
2,37352.882476132094,47.74736182653436,22.658203125,False,721,refine,memory_gated,"26,27",37305.13511430556
2,37400.62983795863,47.74736182653436,22.658203125,False,722,refine,memory_gated,"26,27",37352.882476132094
2,37448.377199785165,47.74736182653436,22.658203125,False,723,refine,memory_gated,"26,27",37400.62983795863
2,37496.1245616117,47.74736182653436,22.658203125,False,724,refine,memory_gated,"26,27",37448.377199785165
2,37543.87192343824,47.74736182653436,22.658203125,False,725,refine,memory_gated,"26,27",37496.1245616117
2,37591.61928526477,47.74736182653436,22.658203125,False,726,refine,memory_gated,"26,27",37543.87192343824
2,37663.62376176871,72.00447650393471,235.28125,False,727,warmup,memory_gated,"28,29",37591.61928526477
2,37711.37112359524,47.74736182653436,22.658203125,False,728,refine,memory_gated,"28,29",37663.62376176871
2,37759.11848542178,47.74736182653436,22.658203125,False,729,refine,memory_gated,"28,29",37711.37112359524
2,37806.865847248315,47.74736182653436,22.658203125,False,730,refine,memory_gated,"28,29",37759.11848542178
2,37854.61320907485,47.74736182653436,22.658203125,False,731,refine,memory_gated,"28,29",37806.865847248315
2,37902.36057090139,47.74736182653436,22.658203125,False,732,refine,memory_gated,"28,29",37854.61320907485
2,37950.10793272792,47.74736182653436,22.658203125,False,733,refine,memory_gated,"28,29",37902.36057090139
2,37997.85529455446,47.74736182653436,22.658203125,False,734,refine,memory_gated,"28,29",37950.10793272792
2,38045.602656380994,47.74736182653436,22.658203125,False,735,refine,memory_gated,"28,29",37997.85529455446
2,38093.35001820753,47.74736182653436,22.658203125,False,736,refine,memory_gated,"28,29",38045.602656380994
2,38141.097380034065,47.74736182653436,22.658203125,False,737,refine,memory_gated,"28,29",38093.35001820753
2,38213.101856538,72.00447650393471,235.28125,False,738,warmup,memory_gated,"30,31",38141.097380034065
2,38260.849218364536,47.74736182653436,22.658203125,False,739,refine,memory_gated,"30,31",38213.101856538
2,38308.59658019107,47.74736182653436,22.658203125,False,740,refine,memory_gated,"30,31",38260.849218364536
2,38356.34394201761,47.74736182653436,22.658203125,False,741,refine,memory_gated,"30,31",38308.59658019107
2,38404.09130384414,47.74736182653436,22.658203125,False,742,refine,memory_gated,"30,31",38356.34394201761
2,38451.83866567068,47.74736182653436,22.658203125,False,743,refine,memory_gated,"30,31",38404.09130384414
2,38499.586027497215,47.74736182653436,22.658203125,False,744,refine,memory_gated,"30,31",38451.83866567068
2,38547.33338932375,47.74736182653436,22.658203125,False,745,refine,memory_gated,"30,31",38499.586027497215
2,38595.080751150286,47.74736182653436,22.658203125,False,746,refine,memory_gated,"30,31",38547.33338932375
2,38642.82811297682,47.74736182653436,22.658203125,False,747,refine,memory_gated,"30,31",38595.080751150286
2,38690.57547480336,47.74736182653436,22.658203125,False,748,refine,memory_gated,"30,31",38642.82811297682
2,38762.57995130729,72.00447650393471,235.28125,False,749,warmup,memory_gated,"32,33",38690.57547480336
2,38810.32731313383,47.74736182653436,22.658203125,False,750,refine,memory_gated,"32,33",38762.57995130729
2,38858.074674960364,47.74736182653436,22.658203125,False,751,refine,memory_gated,"32,33",38810.32731313383
2,38905.8220367869,47.74736182653436,22.658203125,False,752,refine,memory_gated,"32,33",38858.074674960364
2,38953.569398613436,47.74736182653436,22.658203125,False,753,refine,memory_gated,"32,33",38905.8220367869
2,39001.31676043997,47.74736182653436,22.658203125,False,754,refine,memory_gated,"32,33",38953.569398613436
2,39049.06412226651,47.74736182653436,22.658203125,False,755,refine,memory_gated,"32,33",39001.31676043997
2,39096.81148409304,47.74736182653436,22.658203125,False,756,refine,memory_gated,"32,33",39049.06412226651
2,39144.55884591958,47.74736182653436,22.658203125,False,757,refine,memory_gated,"32,33",39096.81148409304
2,39192.306207746115,47.74736182653436,22.658203125,False,758,refine,memory_gated,"32,33",39144.55884591958
2,39240.05356957265,47.74736182653436,22.658203125,False,759,refine,memory_gated,"32,33",39192.306207746115
2,39312.058046076585,72.00447650393471,235.28125,False,760,warmup,memory_gated,"34,35",39240.05356957265
2,39359.80540790312,47.74736182653436,22.658203125,False,761,refine,memory_gated,"34,35",39312.058046076585
2,39407.55276972966,47.74736182653436,22.658203125,False,762,refine,memory_gated,"34,35",39359.80540790312
2,39455.30013155619,47.74736182653436,22.658203125,False,763,refine,memory_gated,"34,35",39407.55276972966
2,39503.04749338273,47.74736182653436,22.658203125,False,764,refine,memory_gated,"34,35",39455.30013155619
2,39550.794855209264,47.74736182653436,22.658203125,False,765,refine,memory_gated,"34,35",39503.04749338273
2,39598.5422170358,47.74736182653436,22.658203125,False,766,refine,memory_gated,"34,35",39550.794855209264
2,39646.289578862335,47.74736182653436,22.658203125,False,767,refine,memory_gated,"34,35",39598.5422170358
2,39694.03694068887,47.74736182653436,22.658203125,False,768,refine,memory_gated,"34,35",39646.289578862335
2,39741.78430251541,47.74736182653436,22.658203125,False,769,refine,memory_gated,"34,35",39694.03694068887
2,39789.53166434194,47.74736182653436,22.658203125,False,770,refine,memory_gated,"34,35",39741.78430251541
2,39861.53614084588,72.00447650393471,235.28125,False,771,warmup,memory_gated,"36,37",39789.53166434194
2,39909.28350267241,47.74736182653436,22.658203125,False,772,refine,memory_gated,"36,37",39861.53614084588
2,39957.03086449895,47.74736182653436,22.658203125,False,773,refine,memory_gated,"36,37",39909.28350267241
2,40004.778226325485,47.74736182653436,22.658203125,False,774,refine,memory_gated,"36,37",39957.03086449895
2,40052.52558815202,47.74736182653436,22.658203125,False,775,refine,memory_gated,"36,37",40004.778226325485
2,40100.27294997856,47.74736182653436,22.658203125,False,776,refine,memory_gated,"36,37",40052.52558815202
2,40148.02031180509,47.74736182653436,22.658203125,False,777,refine,memory_gated,"36,37",40100.27294997856
2,40195.76767363163,47.74736182653436,22.658203125,False,778,refine,memory_gated,"36,37",40148.02031180509
2,40243.515035458164,47.74736182653436,22.658203125,False,779,refine,memory_gated,"36,37",40195.76767363163
2,40291.2623972847,47.74736182653436,22.658203125,False,780,refine,memory_gated,"36,37",40243.515035458164
2,40339.009759111235,47.74736182653436,22.658203125,False,781,refine,memory_gated,"36,37",40291.2623972847
2,40411.01423561517,72.00447650393471,235.28125,False,782,warmup,memory_gated,"38,39",40339.009759111235
2,40458.761597441706,47.74736182653436,22.658203125,False,783,refine,memory_gated,"38,39",40411.01423561517
2,40506.50895926824,47.74736182653436,22.658203125,False,784,refine,memory_gated,"38,39",40458.761597441706
2,40554.25632109478,47.74736182653436,22.658203125,False,785,refine,memory_gated,"38,39",40506.50895926824
2,40602.00368292131,47.74736182653436,22.658203125,False,786,refine,memory_gated,"38,39",40554.25632109478
2,40649.75104474785,47.74736182653436,22.658203125,False,787,refine,memory_gated,"38,39",40602.00368292131
2,40697.498406574385,47.74736182653436,22.658203125,False,788,refine,memory_gated,"38,39",40649.75104474785
2,40745.24576840092,47.74736182653436,22.658203125,False,789,refine,memory_gated,"38,39",40697.498406574385
2,40792.993130227456,47.74736182653436,22.658203125,False,790,refine,memory_gated,"38,39",40745.24576840092
2,40840.74049205399,47.74736182653436,22.658203125,False,791,refine,memory_gated,"38,39",40792.993130227456
2,40888.48785388053,47.74736182653436,22.658203125,False,792,refine,memory_gated,"38,39",40840.74049205399
2,40960.49233038446,72.00447650393471,235.28125,False,793,warmup,memory_gated,"40,41",40888.48785388053
2,41008.239692211,47.74736182653436,22.658203125,False,794,refine,memory_gated,"40,41",40960.49233038446
2,41055.987054037534,47.74736182653436,22.658203125,False,795,refine,memory_gated,"40,41",41008.239692211
2,41103.73441586407,47.74736182653436,22.658203125,False,796,refine,memory_gated,"40,41",41055.987054037534
2,41151.481777690606,47.74736182653436,22.658203125,False,797,refine,memory_gated,"40,41",41103.73441586407
2,41199.22913951714,47.74736182653436,22.658203125,False,798,refine,memory_gated,"40,41",41151.481777690606
2,41246.97650134368,47.74736182653436,22.658203125,False,799,refine,memory_gated,"40,41",41199.22913951714
2,41294.72386317021,47.74736182653436,22.658203125,False,800,refine,memory_gated,"40,41",41246.97650134368
2,41342.47122499675,47.74736182653436,22.658203125,False,801,refine,memory_gated,"40,41",41294.72386317021
2,41390.218586823285,47.74736182653436,22.658203125,False,802,refine,memory_gated,"40,41",41342.47122499675
2,41437.96594864982,47.74736182653436,22.658203125,False,803,refine,memory_gated,"40,41",41390.218586823285
2,41509.970425153755,72.00447650393471,235.28125,False,804,warmup,memory_gated,"42,43",41437.96594864982
2,41557.71778698029,47.74736182653436,22.658203125,False,805,refine,memory_gated,"42,43",41509.970425153755
2,41605.46514880683,47.74736182653436,22.658203125,False,806,refine,memory_gated,"42,43",41557.71778698029
2,41653.21251063336,47.74736182653436,22.658203125,False,807,refine,memory_gated,"42,43",41605.46514880683
2,41700.9598724599,47.74736182653436,22.658203125,False,808,refine,memory_gated,"42,43",41653.21251063336
2,41748.707234286434,47.74736182653436,22.658203125,False,809,refine,memory_gated,"42,43",41700.9598724599
2,41796.45459611297,47.74736182653436,22.658203125,False,810,refine,memory_gated,"42,43",41748.707234286434
2,41844.201957939506,47.74736182653436,22.658203125,False,811,refine,memory_gated,"42,43",41796.45459611297
2,41891.94931976604,47.74736182653436,22.658203125,False,812,refine,memory_gated,"42,43",41844.201957939506
2,41939.69668159258,47.74736182653436,22.658203125,False,813,refine,memory_gated,"42,43",41891.94931976604
2,41987.44404341911,47.74736182653436,22.658203125,False,814,refine,memory_gated,"42,43",41939.69668159258
2,42059.44851992305,72.00447650393471,235.28125,False,815,warmup,memory_gated,"44,45",41987.44404341911
2,42107.19588174958,47.74736182653436,22.658203125,False,816,refine,memory_gated,"44,45",42059.44851992305
2,42154.94324357612,47.74736182653436,22.658203125,False,817,refine,memory_gated,"44,45",42107.19588174958
2,42202.690605402655,47.74736182653436,22.658203125,False,818,refine,memory_gated,"44,45",42154.94324357612
2,42250.43796722919,47.74736182653436,22.658203125,False,819,refine,memory_gated,"44,45",42202.690605402655
2,42298.18532905573,47.74736182653436,22.658203125,False,820,refine,memory_gated,"44,45",42250.43796722919
2,42345.93269088226,47.74736182653436,22.658203125,False,821,refine,memory_gated,"44,45",42298.18532905573
2,42393.6800527088,47.74736182653436,22.658203125,False,822,refine,memory_gated,"44,45",42345.93269088226
2,42441.427414535334,47.74736182653436,22.658203125,False,823,refine,memory_gated,"44,45",42393.6800527088
2,42489.17477636187,47.74736182653436,22.658203125,False,824,refine,memory_gated,"44,45",42441.427414535334
2,42536.922138188405,47.74736182653436,22.658203125,False,825,refine,memory_gated,"44,45",42489.17477636187
2,42608.92661469234,72.00447650393471,235.28125,False,826,warmup,memory_gated,"46,47",42536.922138188405
2,42656.673976518876,47.74736182653436,22.658203125,False,827,refine,memory_gated,"46,47",42608.92661469234
2,42704.42133834541,47.74736182653436,22.658203125,False,828,refine,memory_gated,"46,47",42656.673976518876
2,42752.16870017195,47.74736182653436,22.658203125,False,829,refine,memory_gated,"46,47",42704.42133834541
2,42799.91606199848,47.74736182653436,22.658203125,False,830,refine,memory_gated,"46,47",42752.16870017195
2,42847.66342382502,47.74736182653436,22.658203125,False,831,refine,memory_gated,"46,47",42799.91606199848
2,42895.410785651555,47.74736182653436,22.658203125,False,832,refine,memory_gated,"46,47",42847.66342382502
2,42943.15814747809,47.74736182653436,22.658203125,False,833,refine,memory_gated,"46,47",42895.410785651555
2,42990.905509304626,47.74736182653436,22.658203125,False,834,refine,memory_gated,"46,47",42943.15814747809
2,43038.65287113116,47.74736182653436,22.658203125,False,835,refine,memory_gated,"46,47",42990.905509304626
2,43086.4002329577,47.74736182653436,22.658203125,False,836,refine,memory_gated,"46,47",43038.65287113116
2,43158.40470946163,72.00447650393471,235.28125,False,837,warmup,memory_gated,"48,49",43086.4002329577
2,43206.15207128817,47.74736182653436,22.658203125,False,838,refine,memory_gated,"48,49",43158.40470946163
2,43253.899433114704,47.74736182653436,22.658203125,False,839,refine,memory_gated,"48,49",43206.15207128817
2,43301.64679494124,47.74736182653436,22.658203125,False,840,refine,memory_gated,"48,49",43253.899433114704
2,43349.394156767776,47.74736182653436,22.658203125,False,841,refine,memory_gated,"48,49",43301.64679494124
2,43397.14151859431,47.74736182653436,22.658203125,False,842,refine,memory_gated,"48,49",43349.394156767776
2,43444.88888042085,47.74736182653436,22.658203125,False,843,refine,memory_gated,"48,49",43397.14151859431
2,43492.63624224738,47.74736182653436,22.658203125,False,844,refine,memory_gated,"48,49",43444.88888042085
2,43540.38360407392,47.74736182653436,22.658203125,False,845,refine,memory_gated,"48,49",43492.63624224738
2,43588.130965900455,47.74736182653436,22.658203125,False,846,refine,memory_gated,"48,49",43540.38360407392
2,43635.87832772699,47.74736182653436,22.658203125,False,847,refine,memory_gated,"48,49",43588.130965900455
2,43707.882804230925,72.00447650393471,235.28125,False,848,warmup,memory_gated,"50,51",43635.87832772699
2,43755.63016605746,47.74736182653436,22.658203125,False,849,refine,memory_gated,"50,51",43707.882804230925
2,43803.377527884,47.74736182653436,22.658203125,False,850,refine,memory_gated,"50,51",43755.63016605746
2,43851.12488971053,47.74736182653436,22.658203125,False,851,refine,memory_gated,"50,51",43803.377527884
2,43898.87225153707,47.74736182653436,22.658203125,False,852,refine,memory_gated,"50,51",43851.12488971053
2,43946.619613363604,47.74736182653436,22.658203125,False,853,refine,memory_gated,"50,51",43898.87225153707
2,43994.36697519014,47.74736182653436,22.658203125,False,854,refine,memory_gated,"50,51",43946.619613363604
2,44042.114337016676,47.74736182653436,22.658203125,False,855,refine,memory_gated,"50,51",43994.36697519014
2,44089.86169884321,47.74736182653436,22.658203125,False,856,refine,memory_gated,"50,51",44042.114337016676
2,44137.60906066975,47.74736182653436,22.658203125,False,857,refine,memory_gated,"50,51",44089.86169884321
2,44185.35642249628,47.74736182653436,22.658203125,False,858,refine,memory_gated,"50,51",44137.60906066975
2,44257.36089900022,72.00447650393471,235.28125,False,859,warmup,memory_gated,"52,53",44185.35642249628
2,44305.10826082675,47.74736182653436,22.658203125,False,860,refine,memory_gated,"52,53",44257.36089900022
2,44352.85562265329,47.74736182653436,22.658203125,False,861,refine,memory_gated,"52,53",44305.10826082675
2,44400.602984479825,47.74736182653436,22.658203125,False,862,refine,memory_gated,"52,53",44352.85562265329
2,44448.35034630636,47.74736182653436,22.658203125,False,863,refine,memory_gated,"52,53",44400.602984479825
2,44496.0977081329,47.74736182653436,22.658203125,False,864,refine,memory_gated,"52,53",44448.35034630636
2,44543.84506995943,47.74736182653436,22.658203125,False,865,refine,memory_gated,"52,53",44496.0977081329
2,44591.59243178597,47.74736182653436,22.658203125,False,866,refine,memory_gated,"52,53",44543.84506995943
2,44639.339793612504,47.74736182653436,22.658203125,False,867,refine,memory_gated,"52,53",44591.59243178597
2,44687.08715543904,47.74736182653436,22.658203125,False,868,refine,memory_gated,"52,53",44639.339793612504
2,44734.834517265575,47.74736182653436,22.658203125,False,869,refine,memory_gated,"52,53",44687.08715543904
2,44806.83899376951,72.00447650393471,235.28125,False,870,warmup,memory_gated,"54,55",44734.834517265575
2,44854.586355596046,47.74736182653436,22.658203125,False,871,refine,memory_gated,"54,55",44806.83899376951
2,44902.33371742258,47.74736182653436,22.658203125,False,872,refine,memory_gated,"54,55",44854.586355596046
2,44950.08107924912,47.74736182653436,22.658203125,False,873,refine,memory_gated,"54,55",44902.33371742258
2,44997.82844107565,47.74736182653436,22.658203125,False,874,refine,memory_gated,"54,55",44950.08107924912
2,45045.57580290219,47.74736182653436,22.658203125,False,875,refine,memory_gated,"54,55",44997.82844107565
2,45093.323164728725,47.74736182653436,22.658203125,False,876,refine,memory_gated,"54,55",45045.57580290219
2,45141.07052655526,47.74736182653436,22.658203125,False,877,refine,memory_gated,"54,55",45093.323164728725
2,45188.8178883818,47.74736182653436,22.658203125,False,878,refine,memory_gated,"54,55",45141.07052655526
2,45236.56525020833,47.74736182653436,22.658203125,False,879,refine,memory_gated,"54,55",45188.8178883818
2,45284.31261203487,47.74736182653436,22.658203125,False,880,refine,memory_gated,"54,55",45236.56525020833
2,45356.3170885388,72.00447650393471,235.28125,False,881,warmup,memory_gated,"56,57",45284.31261203487
2,45404.06445036534,47.74736182653436,22.658203125,False,882,refine,memory_gated,"56,57",45356.3170885388
2,45451.811812191874,47.74736182653436,22.658203125,False,883,refine,memory_gated,"56,57",45404.06445036534
2,45499.55917401841,47.74736182653436,22.658203125,False,884,refine,memory_gated,"56,57",45451.811812191874
2,45547.306535844946,47.74736182653436,22.658203125,False,885,refine,memory_gated,"56,57",45499.55917401841
2,45619.31101234888,72.00447650393471,235.28125,False,886,warmup,memory_gated,"58,59",45547.306535844946
4,45673.11501400693,53.804001658047525,46.439453125,False,887,refine,memory_gated,"56,57,58,59",45619.31101234888
4,45726.91901566498,53.804001658047525,46.439453125,False,888,refine,memory_gated,"56,57,58,59",45673.11501400693
4,45780.72301732303,53.804001658047525,46.439453125,False,889,refine,memory_gated,"56,57,58,59",45726.91901566498
4,45834.527018981076,53.804001658047525,46.439453125,False,890,refine,memory_gated,"56,57,58,59",45780.72301732303
4,45888.331020639125,53.804001658047525,46.439453125,False,891,refine,memory_gated,"56,57,58,59",45834.527018981076
4,45942.135022297174,53.804001658047525,46.439453125,False,892,refine,memory_gated,"56,57,58,59",45888.331020639125
2,45989.88238412371,47.74736182653436,22.658203125,False,893,refine,memory_gated,"58,59",45942.135022297174
2,46061.886860627645,72.00447650393471,235.28125,False,894,warmup,memory_gated,"60,61",45989.88238412371
4,46115.69086228569,53.804001658047525,46.439453125,False,895,refine,memory_gated,"58,59,60,61",46061.886860627645
4,46169.49486394374,53.804001658047525,46.439453125,False,896,refine,memory_gated,"58,59,60,61",46115.69086228569
4,46223.29886560179,53.804001658047525,46.439453125,False,897,refine,memory_gated,"58,59,60,61",46169.49486394374
2,46271.04622742833,47.74736182653436,22.658203125,False,898,refine,memory_gated,"60,61",46223.29886560179
2,46318.79358925486,47.74736182653436,22.658203125,False,899,refine,memory_gated,"60,61",46271.04622742833
2,46390.7980657588,72.00447650393471,235.28125,False,900,warmup,memory_gated,"62,63",46318.79358925486
4,46444.60206741685,53.804001658047525,46.439453125,False,901,refine,memory_gated,"60,61,62,63",46390.7980657588
4,46498.406069074896,53.804001658047525,46.439453125,False,902,refine,memory_gated,"60,61,62,63",46444.60206741685
4,46552.210070732945,53.804001658047525,46.439453125,False,903,refine,memory_gated,"60,61,62,63",46498.406069074896
4,46606.01407239099,53.804001658047525,46.439453125,False,904,refine,memory_gated,"60,61,62,63",46552.210070732945
4,46659.81807404904,53.804001658047525,46.439453125,False,905,refine,memory_gated,"60,61,62,63",46606.01407239099
2,46707.56543587558,47.74736182653436,22.658203125,False,906,refine,memory_gated,"62,63",46659.81807404904
2,46755.312797702114,47.74736182653436,22.658203125,False,907,refine,memory_gated,"62,63",46707.56543587558
2,46827.31727420605,72.00447650393471,235.28125,False,908,warmup,memory_gated,"0,1",46755.312797702114
4,46881.1212758641,53.804001658047525,46.439453125,False,909,refine,memory_gated,"62,63,0,1",46827.31727420605
4,46934.92527752215,53.804001658047525,46.439453125,False,910,refine,memory_gated,"0,1,62,63",46881.1212758641
4,46988.729279180196,53.804001658047525,46.439453125,False,911,refine,memory_gated,"0,1,62,63",46934.92527752215
2,47036.47664100673,47.74736182653436,22.658203125,False,912,refine,memory_gated,"0,1",46988.729279180196
2,47108.481117510666,72.00447650393471,235.28125,False,913,warmup,memory_gated,"2,3",47036.47664100673
4,47162.285119168715,53.804001658047525,46.439453125,False,914,refine,memory_gated,"0,1,2,3",47108.481117510666
4,47216.089120826764,53.804001658047525,46.439453125,False,915,refine,memory_gated,"0,1,2,3",47162.285119168715
4,47269.89312248481,53.804001658047525,46.439453125,False,916,refine,memory_gated,"0,1,2,3",47216.089120826764
4,47323.69712414286,53.804001658047525,46.439453125,False,917,refine,memory_gated,"0,1,2,3",47269.89312248481
4,47377.50112580091,53.804001658047525,46.439453125,False,918,refine,memory_gated,"0,1,2,3",47323.69712414286
4,47431.30512745896,53.804001658047525,46.439453125,False,919,refine,memory_gated,"0,1,2,3",47377.50112580091
2,47503.309603962894,72.00447650393471,235.28125,False,920,warmup,memory_gated,"4,5",47431.30512745896
4,47557.11360562094,53.804001658047525,46.439453125,False,921,refine,memory_gated,"2,3,4,5",47503.309603962894
4,47610.91760727899,53.804001658047525,46.439453125,False,922,refine,memory_gated,"2,3,4,5",47557.11360562094
4,47664.72160893704,53.804001658047525,46.439453125,False,923,refine,memory_gated,"2,3,4,5",47610.91760727899
4,47718.52561059509,53.804001658047525,46.439453125,False,924,refine,memory_gated,"2,3,4,5",47664.72160893704
2,47790.530087099025,72.00447650393471,235.28125,False,925,warmup,memory_gated,"6,7",47718.52561059509
4,47844.334088757074,53.804001658047525,46.439453125,False,926,refine,memory_gated,"4,5,6,7",47790.530087099025
4,47898.13809041512,53.804001658047525,46.439453125,False,927,refine,memory_gated,"4,5,6,7",47844.334088757074
4,47951.94209207317,53.804001658047525,46.439453125,False,928,refine,memory_gated,"4,5,6,7",47898.13809041512
4,48005.74609373122,53.804001658047525,46.439453125,False,929,refine,memory_gated,"4,5,6,7",47951.94209207317
4,48059.55009538927,53.804001658047525,46.439453125,False,930,refine,memory_gated,"4,5,6,7",48005.74609373122
4,48113.35409704732,53.804001658047525,46.439453125,False,931,refine,memory_gated,"4,5,6,7",48059.55009538927
2,48185.35857355125,72.00447650393471,235.28125,False,932,warmup,memory_gated,"8,9",48113.35409704732
4,48239.1625752093,53.804001658047525,46.439453125,False,933,refine,memory_gated,"6,7,8,9",48185.35857355125
4,48292.96657686735,53.804001658047525,46.439453125,False,934,refine,memory_gated,"6,7,8,9",48239.1625752093
4,48346.7705785254,53.804001658047525,46.439453125,False,935,refine,memory_gated,"6,7,8,9",48292.96657686735
4,48400.57458018345,53.804001658047525,46.439453125,False,936,refine,memory_gated,"6,7,8,9",48346.7705785254
2,48472.579056687384,72.00447650393471,235.28125,False,937,warmup,memory_gated,"10,11",48400.57458018345
4,48526.38305834543,53.804001658047525,46.439453125,False,938,refine,memory_gated,"8,9,10,11",48472.579056687384
4,48580.18706000348,53.804001658047525,46.439453125,False,939,refine,memory_gated,"8,9,10,11",48526.38305834543
4,48633.99106166153,53.804001658047525,46.439453125,False,940,refine,memory_gated,"8,9,10,11",48580.18706000348
4,48687.79506331958,53.804001658047525,46.439453125,False,941,refine,memory_gated,"8,9,10,11",48633.99106166153
4,48741.59906497763,53.804001658047525,46.439453125,False,942,refine,memory_gated,"8,9,10,11",48687.79506331958
4,48795.40306663568,53.804001658047525,46.439453125,False,943,refine,memory_gated,"8,9,10,11",48741.59906497763
2,48867.40754313961,72.00447650393471,235.28125,False,944,warmup,memory_gated,"12,13",48795.40306663568
4,48921.21154479766,53.804001658047525,46.439453125,False,945,refine,memory_gated,"10,11,12,13",48867.40754313961
4,48975.01554645571,53.804001658047525,46.439453125,False,946,refine,memory_gated,"10,11,12,13",48921.21154479766
4,49028.81954811376,53.804001658047525,46.439453125,False,947,refine,memory_gated,"10,11,12,13",48975.01554645571
4,49082.62354977181,53.804001658047525,46.439453125,False,948,refine,memory_gated,"10,11,12,13",49028.81954811376
2,49154.62802627574,72.00447650393471,235.28125,False,949,warmup,memory_gated,"14,15",49082.62354977181
4,49208.43202793379,53.804001658047525,46.439453125,False,950,refine,memory_gated,"12,13,14,15",49154.62802627574
4,49262.23602959184,53.804001658047525,46.439453125,False,951,refine,memory_gated,"12,13,14,15",49208.43202793379
4,49316.04003124989,53.804001658047525,46.439453125,False,952,refine,memory_gated,"12,13,14,15",49262.23602959184
4,49369.84403290794,53.804001658047525,46.439453125,False,953,refine,memory_gated,"12,13,14,15",49316.04003124989
4,49423.64803456599,53.804001658047525,46.439453125,False,954,refine,memory_gated,"12,13,14,15",49369.84403290794
4,49477.45203622404,53.804001658047525,46.439453125,False,955,refine,memory_gated,"12,13,14,15",49423.64803456599
2,49549.45651272797,72.00447650393471,235.28125,False,956,warmup,memory_gated,"16,17",49477.45203622404
4,49603.26051438602,53.804001658047525,46.439453125,False,957,refine,memory_gated,"14,15,16,17",49549.45651272797
4,49657.06451604407,53.804001658047525,46.439453125,False,958,refine,memory_gated,"14,15,16,17",49603.26051438602
4,49710.86851770212,53.804001658047525,46.439453125,False,959,refine,memory_gated,"14,15,16,17",49657.06451604407
4,49764.67251936017,53.804001658047525,46.439453125,False,960,refine,memory_gated,"14,15,16,17",49710.86851770212
2,49836.6769958641,72.00447650393471,235.28125,False,961,warmup,memory_gated,"18,19",49764.67251936017
4,49890.48099752215,53.804001658047525,46.439453125,False,962,refine,memory_gated,"16,17,18,19",49836.6769958641
4,49944.2849991802,53.804001658047525,46.439453125,False,963,refine,memory_gated,"16,17,18,19",49890.48099752215
4,49998.08900083825,53.804001658047525,46.439453125,False,964,refine,memory_gated,"16,17,18,19",49944.2849991802
4,50051.8930024963,53.804001658047525,46.439453125,False,965,refine,memory_gated,"16,17,18,19",49998.08900083825
4,50105.697004154346,53.804001658047525,46.439453125,False,966,refine,memory_gated,"16,17,18,19",50051.8930024963
4,50159.501005812395,53.804001658047525,46.439453125,False,967,refine,memory_gated,"16,17,18,19",50105.697004154346
2,50231.50548231633,72.00447650393471,235.28125,False,968,warmup,memory_gated,"20,21",50159.501005812395
4,50285.30948397438,53.804001658047525,46.439453125,False,969,refine,memory_gated,"18,19,20,21",50231.50548231633
4,50339.11348563243,53.804001658047525,46.439453125,False,970,refine,memory_gated,"18,19,20,21",50285.30948397438
4,50392.91748729048,53.804001658047525,46.439453125,False,971,refine,memory_gated,"18,19,20,21",50339.11348563243
4,50446.721488948526,53.804001658047525,46.439453125,False,972,refine,memory_gated,"18,19,20,21",50392.91748729048
2,50494.46885077506,47.74736182653436,22.658203125,False,973,refine,memory_gated,"20,21",50446.721488948526
2,50542.2162126016,47.74736182653436,22.658203125,False,974,refine,memory_gated,"20,21",50494.46885077506
2,50589.96357442813,47.74736182653436,22.658203125,False,975,refine,memory_gated,"20,21",50542.2162126016
2,50637.71093625467,47.74736182653436,22.658203125,False,976,refine,memory_gated,"20,21",50589.96357442813
2,50709.7154127586,72.00447650393471,235.28125,False,977,warmup,memory_gated,"22,23",50637.71093625467
4,50763.51941441665,53.804001658047525,46.439453125,False,978,refine,memory_gated,"20,21,22,23",50709.7154127586
4,50817.3234160747,53.804001658047525,46.439453125,False,979,refine,memory_gated,"20,21,22,23",50763.51941441665
2,50865.07077790124,47.74736182653436,22.658203125,False,980,refine,memory_gated,"22,23",50817.3234160747
2,50912.81813972777,47.74736182653436,22.658203125,False,981,refine,memory_gated,"22,23",50865.07077790124
2,50960.56550155431,47.74736182653436,22.658203125,False,982,refine,memory_gated,"22,23",50912.81813972777
2,51008.312863380845,47.74736182653436,22.658203125,False,983,refine,memory_gated,"22,23",50960.56550155431
2,51056.06022520738,47.74736182653436,22.658203125,False,984,refine,memory_gated,"22,23",51008.312863380845
2,51103.807587033916,47.74736182653436,22.658203125,False,985,refine,memory_gated,"22,23",51056.06022520738
2,51151.55494886045,47.74736182653436,22.658203125,False,986,refine,memory_gated,"22,23",51103.807587033916
2,51199.30231068699,47.74736182653436,22.658203125,False,987,refine,memory_gated,"22,23",51151.55494886045
2,51271.30678719092,72.00447650393471,235.28125,False,988,warmup,memory_gated,"24,25",51199.30231068699
2,51319.05414901746,47.74736182653436,22.658203125,False,989,refine,memory_gated,"24,25",51271.30678719092
2,51366.801510843994,47.74736182653436,22.658203125,False,990,refine,memory_gated,"24,25",51319.05414901746
2,51414.54887267053,47.74736182653436,22.658203125,False,991,refine,memory_gated,"24,25",51366.801510843994
2,51462.296234497066,47.74736182653436,22.658203125,False,992,refine,memory_gated,"24,25",51414.54887267053
2,51510.0435963236,47.74736182653436,22.658203125,False,993,refine,memory_gated,"24,25",51462.296234497066
2,51557.79095815014,47.74736182653436,22.658203125,False,994,refine,memory_gated,"24,25",51510.0435963236
2,51605.53831997667,47.74736182653436,22.658203125,False,995,refine,memory_gated,"24,25",51557.79095815014
2,51653.28568180321,47.74736182653436,22.658203125,False,996,refine,memory_gated,"24,25",51605.53831997667
2,51701.033043629744,47.74736182653436,22.658203125,False,997,refine,memory_gated,"24,25",51653.28568180321
2,51748.78040545628,47.74736182653436,22.658203125,False,998,refine,memory_gated,"24,25",51701.033043629744
2,51820.784881960215,72.00447650393471,235.28125,False,999,warmup,memory_gated,"26,27",51748.78040545628
2,51868.53224378675,47.74736182653436,22.658203125,False,1000,refine,memory_gated,"26,27",51820.784881960215
2,51916.27960561329,47.74736182653436,22.658203125,False,1001,refine,memory_gated,"26,27",51868.53224378675
2,51964.02696743982,47.74736182653436,22.658203125,False,1002,refine,memory_gated,"26,27",51916.27960561329
2,52011.77432926636,47.74736182653436,22.658203125,False,1003,refine,memory_gated,"26,27",51964.02696743982
2,52059.521691092894,47.74736182653436,22.658203125,False,1004,refine,memory_gated,"26,27",52011.77432926636
2,52107.26905291943,47.74736182653436,22.658203125,False,1005,refine,memory_gated,"26,27",52059.521691092894
2,52155.016414745965,47.74736182653436,22.658203125,False,1006,refine,memory_gated,"26,27",52107.26905291943
2,52202.7637765725,47.74736182653436,22.658203125,False,1007,refine,memory_gated,"26,27",52155.016414745965
2,52250.51113839904,47.74736182653436,22.658203125,False,1008,refine,memory_gated,"26,27",52202.7637765725
2,52298.25850022557,47.74736182653436,22.658203125,False,1009,refine,memory_gated,"26,27",52250.51113839904
2,52370.26297672951,72.00447650393471,235.28125,False,1010,warmup,memory_gated,"28,29",52298.25850022557
2,52418.01033855604,47.74736182653436,22.658203125,False,1011,refine,memory_gated,"28,29",52370.26297672951
2,52465.75770038258,47.74736182653436,22.658203125,False,1012,refine,memory_gated,"28,29",52418.01033855604
2,52513.505062209115,47.74736182653436,22.658203125,False,1013,refine,memory_gated,"28,29",52465.75770038258
2,52561.25242403565,47.74736182653436,22.658203125,False,1014,refine,memory_gated,"28,29",52513.505062209115
2,52608.99978586219,47.74736182653436,22.658203125,False,1015,refine,memory_gated,"28,29",52561.25242403565
2,52656.74714768872,47.74736182653436,22.658203125,False,1016,refine,memory_gated,"28,29",52608.99978586219
2,52704.49450951526,47.74736182653436,22.658203125,False,1017,refine,memory_gated,"28,29",52656.74714768872
2,52752.241871341794,47.74736182653436,22.658203125,False,1018,refine,memory_gated,"28,29",52704.49450951526
2,52799.98923316833,47.74736182653436,22.658203125,False,1019,refine,memory_gated,"28,29",52752.241871341794
2,52847.736594994865,47.74736182653436,22.658203125,False,1020,refine,memory_gated,"28,29",52799.98923316833
2,52919.7410714988,72.00447650393471,235.28125,False,1021,warmup,memory_gated,"30,31",52847.736594994865
2,52967.488433325336,47.74736182653436,22.658203125,False,1022,refine,memory_gated,"30,31",52919.7410714988
2,53015.23579515187,47.74736182653436,22.658203125,False,1023,refine,memory_gated,"30,31",52967.488433325336
2,53062.98315697841,47.74736182653436,22.658203125,False,1024,refine,memory_gated,"30,31",53015.23579515187
2,53110.73051880494,47.74736182653436,22.658203125,False,1025,refine,memory_gated,"30,31",53062.98315697841
2,53158.47788063148,47.74736182653436,22.658203125,False,1026,refine,memory_gated,"30,31",53110.73051880494
2,53206.225242458015,47.74736182653436,22.658203125,False,1027,refine,memory_gated,"30,31",53158.47788063148
2,53253.97260428455,47.74736182653436,22.658203125,False,1028,refine,memory_gated,"30,31",53206.225242458015
2,53301.719966111086,47.74736182653436,22.658203125,False,1029,refine,memory_gated,"30,31",53253.97260428455
2,53349.46732793762,47.74736182653436,22.658203125,False,1030,refine,memory_gated,"30,31",53301.719966111086
2,53397.21468976416,47.74736182653436,22.658203125,False,1031,refine,memory_gated,"30,31",53349.46732793762
2,53469.21916626809,72.00447650393471,235.28125,False,1032,warmup,memory_gated,"32,33",53397.21468976416
2,53516.96652809463,47.74736182653436,22.658203125,False,1033,refine,memory_gated,"32,33",53469.21916626809
2,53564.713889921164,47.74736182653436,22.658203125,False,1034,refine,memory_gated,"32,33",53516.96652809463
2,53612.4612517477,47.74736182653436,22.658203125,False,1035,refine,memory_gated,"32,33",53564.713889921164
2,53660.208613574236,47.74736182653436,22.658203125,False,1036,refine,memory_gated,"32,33",53612.4612517477
2,53707.95597540077,47.74736182653436,22.658203125,False,1037,refine,memory_gated,"32,33",53660.208613574236
2,53755.70333722731,47.74736182653436,22.658203125,False,1038,refine,memory_gated,"32,33",53707.95597540077
2,53803.45069905384,47.74736182653436,22.658203125,False,1039,refine,memory_gated,"32,33",53755.70333722731
2,53851.19806088038,47.74736182653436,22.658203125,False,1040,refine,memory_gated,"32,33",53803.45069905384
2,53898.945422706915,47.74736182653436,22.658203125,False,1041,refine,memory_gated,"32,33",53851.19806088038
2,53946.69278453345,47.74736182653436,22.658203125,False,1042,refine,memory_gated,"32,33",53898.945422706915
2,54018.697261037385,72.00447650393471,235.28125,False,1043,warmup,memory_gated,"34,35",53946.69278453345
2,54066.44462286392,47.74736182653436,22.658203125,False,1044,refine,memory_gated,"34,35",54018.697261037385
2,54114.19198469046,47.74736182653436,22.658203125,False,1045,refine,memory_gated,"34,35",54066.44462286392
2,54161.93934651699,47.74736182653436,22.658203125,False,1046,refine,memory_gated,"34,35",54114.19198469046
2,54209.68670834353,47.74736182653436,22.658203125,False,1047,refine,memory_gated,"34,35",54161.93934651699
2,54257.434070170064,47.74736182653436,22.658203125,False,1048,refine,memory_gated,"34,35",54209.68670834353
2,54305.1814319966,47.74736182653436,22.658203125,False,1049,refine,memory_gated,"34,35",54257.434070170064
2,54352.928793823135,47.74736182653436,22.658203125,False,1050,refine,memory_gated,"34,35",54305.1814319966
2,54400.67615564967,47.74736182653436,22.658203125,False,1051,refine,memory_gated,"34,35",54352.928793823135
2,54448.42351747621,47.74736182653436,22.658203125,False,1052,refine,memory_gated,"34,35",54400.67615564967
2,54496.17087930274,47.74736182653436,22.658203125,False,1053,refine,memory_gated,"34,35",54448.42351747621
2,54568.17535580668,72.00447650393471,235.28125,False,1054,warmup,memory_gated,"36,37",54496.17087930274
2,54615.92271763321,47.74736182653436,22.658203125,False,1055,refine,memory_gated,"36,37",54568.17535580668
2,54663.67007945975,47.74736182653436,22.658203125,False,1056,refine,memory_gated,"36,37",54615.92271763321
2,54711.417441286285,47.74736182653436,22.658203125,False,1057,refine,memory_gated,"36,37",54663.67007945975
2,54759.16480311282,47.74736182653436,22.658203125,False,1058,refine,memory_gated,"36,37",54711.417441286285
2,54806.91216493936,47.74736182653436,22.658203125,False,1059,refine,memory_gated,"36,37",54759.16480311282
2,54854.65952676589,47.74736182653436,22.658203125,False,1060,refine,memory_gated,"36,37",54806.91216493936
2,54902.40688859243,47.74736182653436,22.658203125,False,1061,refine,memory_gated,"36,37",54854.65952676589
2,54950.154250418964,47.74736182653436,22.658203125,False,1062,refine,memory_gated,"36,37",54902.40688859243
2,54997.9016122455,47.74736182653436,22.658203125,False,1063,refine,memory_gated,"36,37",54950.154250418964
2,55045.648974072035,47.74736182653436,22.658203125,False,1064,refine,memory_gated,"36,37",54997.9016122455
2,55117.65345057597,72.00447650393471,235.28125,False,1065,warmup,memory_gated,"38,39",55045.648974072035
2,55165.400812402506,47.74736182653436,22.658203125,False,1066,refine,memory_gated,"38,39",55117.65345057597
2,55213.14817422904,47.74736182653436,22.658203125,False,1067,refine,memory_gated,"38,39",55165.400812402506
2,55260.89553605558,47.74736182653436,22.658203125,False,1068,refine,memory_gated,"38,39",55213.14817422904
2,55308.64289788211,47.74736182653436,22.658203125,False,1069,refine,memory_gated,"38,39",55260.89553605558
2,55356.39025970865,47.74736182653436,22.658203125,False,1070,refine,memory_gated,"38,39",55308.64289788211
2,55404.137621535185,47.74736182653436,22.658203125,False,1071,refine,memory_gated,"38,39",55356.39025970865
2,55451.88498336172,47.74736182653436,22.658203125,False,1072,refine,memory_gated,"38,39",55404.137621535185
2,55499.632345188256,47.74736182653436,22.658203125,False,1073,refine,memory_gated,"38,39",55451.88498336172
2,55547.37970701479,47.74736182653436,22.658203125,False,1074,refine,memory_gated,"38,39",55499.632345188256
2,55595.12706884133,47.74736182653436,22.658203125,False,1075,refine,memory_gated,"38,39",55547.37970701479
2,55667.13154534526,72.00447650393471,235.28125,False,1076,warmup,memory_gated,"40,41",55595.12706884133
2,55714.8789071718,47.74736182653436,22.658203125,False,1077,refine,memory_gated,"40,41",55667.13154534526
2,55762.626268998334,47.74736182653436,22.658203125,False,1078,refine,memory_gated,"40,41",55714.8789071718
2,55810.37363082487,47.74736182653436,22.658203125,False,1079,refine,memory_gated,"40,41",55762.626268998334
2,55858.120992651406,47.74736182653436,22.658203125,False,1080,refine,memory_gated,"40,41",55810.37363082487
2,55905.86835447794,47.74736182653436,22.658203125,False,1081,refine,memory_gated,"40,41",55858.120992651406
2,55953.61571630448,47.74736182653436,22.658203125,False,1082,refine,memory_gated,"40,41",55905.86835447794
2,56001.36307813101,47.74736182653436,22.658203125,False,1083,refine,memory_gated,"40,41",55953.61571630448
2,56049.11043995755,47.74736182653436,22.658203125,False,1084,refine,memory_gated,"40,41",56001.36307813101
2,56096.857801784085,47.74736182653436,22.658203125,False,1085,refine,memory_gated,"40,41",56049.11043995755
2,56144.60516361062,47.74736182653436,22.658203125,False,1086,refine,memory_gated,"40,41",56096.857801784085
2,56216.609640114555,72.00447650393471,235.28125,False,1087,warmup,memory_gated,"42,43",56144.60516361062
2,56264.35700194109,47.74736182653436,22.658203125,False,1088,refine,memory_gated,"42,43",56216.609640114555
2,56312.10436376763,47.74736182653436,22.658203125,False,1089,refine,memory_gated,"42,43",56264.35700194109
2,56359.85172559416,47.74736182653436,22.658203125,False,1090,refine,memory_gated,"42,43",56312.10436376763
2,56407.5990874207,47.74736182653436,22.658203125,False,1091,refine,memory_gated,"42,43",56359.85172559416
2,56455.346449247234,47.74736182653436,22.658203125,False,1092,refine,memory_gated,"42,43",56407.5990874207
2,56503.09381107377,47.74736182653436,22.658203125,False,1093,refine,memory_gated,"42,43",56455.346449247234
2,56550.841172900306,47.74736182653436,22.658203125,False,1094,refine,memory_gated,"42,43",56503.09381107377
2,56598.58853472684,47.74736182653436,22.658203125,False,1095,refine,memory_gated,"42,43",56550.841172900306
2,56646.33589655338,47.74736182653436,22.658203125,False,1096,refine,memory_gated,"42,43",56598.58853472684
2,56694.08325837991,47.74736182653436,22.658203125,False,1097,refine,memory_gated,"42,43",56646.33589655338
2,56766.08773488385,72.00447650393471,235.28125,False,1098,warmup,memory_gated,"44,45",56694.08325837991
2,56813.83509671038,47.74736182653436,22.658203125,False,1099,refine,memory_gated,"44,45",56766.08773488385
2,56861.58245853692,47.74736182653436,22.658203125,False,1100,refine,memory_gated,"44,45",56813.83509671038
2,56909.329820363455,47.74736182653436,22.658203125,False,1101,refine,memory_gated,"44,45",56861.58245853692
2,56957.07718218999,47.74736182653436,22.658203125,False,1102,refine,memory_gated,"44,45",56909.329820363455
2,57004.82454401653,47.74736182653436,22.658203125,False,1103,refine,memory_gated,"44,45",56957.07718218999
2,57052.57190584306,47.74736182653436,22.658203125,False,1104,refine,memory_gated,"44,45",57004.82454401653
2,57100.3192676696,47.74736182653436,22.658203125,False,1105,refine,memory_gated,"44,45",57052.57190584306
2,57148.066629496134,47.74736182653436,22.658203125,False,1106,refine,memory_gated,"44,45",57100.3192676696
2,57195.81399132267,47.74736182653436,22.658203125,False,1107,refine,memory_gated,"44,45",57148.066629496134
2,57243.561353149205,47.74736182653436,22.658203125,False,1108,refine,memory_gated,"44,45",57195.81399132267
2,57315.56582965314,72.00447650393471,235.28125,False,1109,warmup,memory_gated,"46,47",57243.561353149205
2,57363.313191479676,47.74736182653436,22.658203125,False,1110,refine,memory_gated,"46,47",57315.56582965314
2,57411.06055330621,47.74736182653436,22.658203125,False,1111,refine,memory_gated,"46,47",57363.313191479676
2,57458.80791513275,47.74736182653436,22.658203125,False,1112,refine,memory_gated,"46,47",57411.06055330621
2,57506.55527695928,47.74736182653436,22.658203125,False,1113,refine,memory_gated,"46,47",57458.80791513275
2,57554.30263878582,47.74736182653436,22.658203125,False,1114,refine,memory_gated,"46,47",57506.55527695928
2,57602.050000612355,47.74736182653436,22.658203125,False,1115,refine,memory_gated,"46,47",57554.30263878582
2,57649.79736243889,47.74736182653436,22.658203125,False,1116,refine,memory_gated,"46,47",57602.050000612355
2,57697.544724265426,47.74736182653436,22.658203125,False,1117,refine,memory_gated,"46,47",57649.79736243889
2,57745.29208609196,47.74736182653436,22.658203125,False,1118,refine,memory_gated,"46,47",57697.544724265426
2,57793.0394479185,47.74736182653436,22.658203125,False,1119,refine,memory_gated,"46,47",57745.29208609196
2,57865.04392442243,72.00447650393471,235.28125,False,1120,warmup,memory_gated,"48,49",57793.0394479185
2,57912.79128624897,47.74736182653436,22.658203125,False,1121,refine,memory_gated,"48,49",57865.04392442243
2,57960.538648075504,47.74736182653436,22.658203125,False,1122,refine,memory_gated,"48,49",57912.79128624897
2,58008.28600990204,47.74736182653436,22.658203125,False,1123,refine,memory_gated,"48,49",57960.538648075504
2,58056.033371728576,47.74736182653436,22.658203125,False,1124,refine,memory_gated,"48,49",58008.28600990204
2,58103.78073355511,47.74736182653436,22.658203125,False,1125,refine,memory_gated,"48,49",58056.033371728576
2,58151.52809538165,47.74736182653436,22.658203125,False,1126,refine,memory_gated,"48,49",58103.78073355511
2,58199.27545720818,47.74736182653436,22.658203125,False,1127,refine,memory_gated,"48,49",58151.52809538165
2,58247.02281903472,47.74736182653436,22.658203125,False,1128,refine,memory_gated,"48,49",58199.27545720818
2,58294.770180861255,47.74736182653436,22.658203125,False,1129,refine,memory_gated,"48,49",58247.02281903472
2,58342.51754268779,47.74736182653436,22.658203125,False,1130,refine,memory_gated,"48,49",58294.770180861255
2,58414.522019191725,72.00447650393471,235.28125,False,1131,warmup,memory_gated,"50,51",58342.51754268779
2,58462.26938101826,47.74736182653436,22.658203125,False,1132,refine,memory_gated,"50,51",58414.522019191725
2,58510.0167428448,47.74736182653436,22.658203125,False,1133,refine,memory_gated,"50,51",58462.26938101826
2,58557.76410467133,47.74736182653436,22.658203125,False,1134,refine,memory_gated,"50,51",58510.0167428448
2,58605.51146649787,47.74736182653436,22.658203125,False,1135,refine,memory_gated,"50,51",58557.76410467133
2,58653.258828324404,47.74736182653436,22.658203125,False,1136,refine,memory_gated,"50,51",58605.51146649787
2,58701.00619015094,47.74736182653436,22.658203125,False,1137,refine,memory_gated,"50,51",58653.258828324404
2,58748.753551977476,47.74736182653436,22.658203125,False,1138,refine,memory_gated,"50,51",58701.00619015094
2,58796.50091380401,47.74736182653436,22.658203125,False,1139,refine,memory_gated,"50,51",58748.753551977476
2,58844.24827563055,47.74736182653436,22.658203125,False,1140,refine,memory_gated,"50,51",58796.50091380401
2,58891.99563745708,47.74736182653436,22.658203125,False,1141,refine,memory_gated,"50,51",58844.24827563055
2,58964.00011396102,72.00447650393471,235.28125,False,1142,warmup,memory_gated,"52,53",58891.99563745708
2,59011.74747578755,47.74736182653436,22.658203125,False,1143,refine,memory_gated,"52,53",58964.00011396102
2,59059.49483761409,47.74736182653436,22.658203125,False,1144,refine,memory_gated,"52,53",59011.74747578755
2,59107.242199440625,47.74736182653436,22.658203125,False,1145,refine,memory_gated,"52,53",59059.49483761409
2,59154.98956126716,47.74736182653436,22.658203125,False,1146,refine,memory_gated,"52,53",59107.242199440625
2,59202.7369230937,47.74736182653436,22.658203125,False,1147,refine,memory_gated,"52,53",59154.98956126716
2,59250.48428492023,47.74736182653436,22.658203125,False,1148,refine,memory_gated,"52,53",59202.7369230937
2,59298.23164674677,47.74736182653436,22.658203125,False,1149,refine,memory_gated,"52,53",59250.48428492023
2,59345.979008573304,47.74736182653436,22.658203125,False,1150,refine,memory_gated,"52,53",59298.23164674677
2,59393.72637039984,47.74736182653436,22.658203125,False,1151,refine,memory_gated,"52,53",59345.979008573304
2,59441.473732226375,47.74736182653436,22.658203125,False,1152,refine,memory_gated,"52,53",59393.72637039984
2,59513.47820873031,72.00447650393471,235.28125,False,1153,warmup,memory_gated,"54,55",59441.473732226375
2,59561.225570556846,47.74736182653436,22.658203125,False,1154,refine,memory_gated,"54,55",59513.47820873031
2,59608.97293238338,47.74736182653436,22.658203125,False,1155,refine,memory_gated,"54,55",59561.225570556846
2,59656.72029420992,47.74736182653436,22.658203125,False,1156,refine,memory_gated,"54,55",59608.97293238338
2,59704.46765603645,47.74736182653436,22.658203125,False,1157,refine,memory_gated,"54,55",59656.72029420992
2,59752.21501786299,47.74736182653436,22.658203125,False,1158,refine,memory_gated,"54,55",59704.46765603645
2,59799.962379689525,47.74736182653436,22.658203125,False,1159,refine,memory_gated,"54,55",59752.21501786299
2,59847.70974151606,47.74736182653436,22.658203125,False,1160,refine,memory_gated,"54,55",59799.962379689525
2,59895.4571033426,47.74736182653436,22.658203125,False,1161,refine,memory_gated,"54,55",59847.70974151606
2,59943.20446516913,47.74736182653436,22.658203125,False,1162,refine,memory_gated,"54,55",59895.4571033426
2,59990.95182699567,47.74736182653436,22.658203125,False,1163,refine,memory_gated,"54,55",59943.20446516913
2,60062.9563034996,72.00447650393471,235.28125,False,1164,warmup,memory_gated,"56,57",59990.95182699567
2,60110.70366532614,47.74736182653436,22.658203125,False,1165,refine,memory_gated,"56,57",60062.9563034996
2,60158.451027152674,47.74736182653436,22.658203125,False,1166,refine,memory_gated,"56,57",60110.70366532614
2,60206.19838897921,47.74736182653436,22.658203125,False,1167,refine,memory_gated,"56,57",60158.451027152674
2,60253.945750805746,47.74736182653436,22.658203125,False,1168,refine,memory_gated,"56,57",60206.19838897921
2,60301.69311263228,47.74736182653436,22.658203125,False,1169,refine,memory_gated,"56,57",60253.945750805746
2,60349.44047445882,47.74736182653436,22.658203125,False,1170,refine,memory_gated,"56,57",60301.69311263228
2,60421.44495096275,72.00447650393471,235.28125,False,1171,warmup,memory_gated,"58,59",60349.44047445882
4,60475.2489526208,53.804001658047525,46.439453125,False,1172,refine,memory_gated,"56,57,58,59",60421.44495096275
4,60529.05295427885,53.804001658047525,46.439453125,False,1173,refine,memory_gated,"56,57,58,59",60475.2489526208
4,60582.8569559369,53.804001658047525,46.439453125,False,1174,refine,memory_gated,"56,57,58,59",60529.05295427885
4,60636.66095759495,53.804001658047525,46.439453125,False,1175,refine,memory_gated,"56,57,58,59",60582.8569559369
2,60684.40831942148,47.74736182653436,22.658203125,False,1176,refine,memory_gated,"58,59",60636.66095759495
2,60732.15568124802,47.74736182653436,22.658203125,False,1177,refine,memory_gated,"58,59",60684.40831942148
2,60779.903043074555,47.74736182653436,22.658203125,False,1178,refine,memory_gated,"58,59",60732.15568124802
2,60851.90751957849,72.00447650393471,235.28125,False,1179,warmup,memory_gated,"60,61",60779.903043074555
4,60905.71152123654,53.804001658047525,46.439453125,False,1180,refine,memory_gated,"58,59,60,61",60851.90751957849
4,60959.51552289459,53.804001658047525,46.439453125,False,1181,refine,memory_gated,"58,59,60,61",60905.71152123654
4,61013.31952455264,53.804001658047525,46.439453125,False,1182,refine,memory_gated,"58,59,60,61",60959.51552289459
2,61061.06688637917,47.74736182653436,22.658203125,False,1183,refine,memory_gated,"60,61",61013.31952455264
2,61108.81424820571,47.74736182653436,22.658203125,False,1184,refine,memory_gated,"60,61",61061.06688637917
2,61180.81872470964,72.00447650393471,235.28125,False,1185,warmup,memory_gated,"62,63",61108.81424820571
4,61234.62272636769,53.804001658047525,46.439453125,False,1186,refine,memory_gated,"60,61,62,63",61180.81872470964
4,61288.42672802574,53.804001658047525,46.439453125,False,1187,refine,memory_gated,"60,61,62,63",61234.62272636769
4,61342.23072968379,53.804001658047525,46.439453125,False,1188,refine,memory_gated,"60,61,62,63",61288.42672802574
4,61396.03473134184,53.804001658047525,46.439453125,False,1189,refine,memory_gated,"60,61,62,63",61342.23072968379
4,61449.83873299989,53.804001658047525,46.439453125,False,1190,refine,memory_gated,"60,61,62,63",61396.03473134184
2,61497.58609482642,47.74736182653436,22.658203125,False,1191,refine,memory_gated,"62,63",61449.83873299989
2,61545.33345665296,47.74736182653436,22.658203125,False,1192,refine,memory_gated,"62,63",61497.58609482642
2,61593.080818479495,47.74736182653436,22.658203125,False,1193,refine,memory_gated,"62,63",61545.33345665296
2,61640.82818030603,47.74736182653436,22.658203125,False,1194,refine,memory_gated,"62,63",61593.080818479495
2,61688.57554213257,47.74736182653436,22.658203125,False,1195,refine,memory_gated,"62,63",61640.82818030603
2,72.00447650393471,72.00447650393471,235.28125,False,0,warmup,static_refresh_cap,"0,1",0.0
2,119.75183833046907,47.74736182653436,22.658203125,False,1,refine,static_refresh_cap,"0,1",72.00447650393471
2,167.49920015700343,47.74736182653436,22.658203125,False,2,refine,static_refresh_cap,"0,1",119.75183833046907
2,215.2465619835378,47.74736182653436,22.658203125,False,3,refine,static_refresh_cap,"0,1",167.49920015700343
2,262.99392381007215,47.74736182653436,22.658203125,False,4,refine,static_refresh_cap,"0,1",215.2465619835378
2,310.7412856366065,47.74736182653436,22.658203125,False,5,refine,static_refresh_cap,"0,1",262.99392381007215
2,358.48864746314086,47.74736182653436,22.658203125,False,6,refine,static_refresh_cap,"0,1",310.7412856366065
2,406.2360092896752,47.74736182653436,22.658203125,False,7,refine,static_refresh_cap,"0,1",358.48864746314086
2,453.9833711162096,47.74736182653436,22.658203125,False,8,refine,static_refresh_cap,"0,1",406.2360092896752
2,501.73073294274394,47.74736182653436,22.658203125,False,9,refine,static_refresh_cap,"0,1",453.9833711162096
2,549.4780947692783,47.74736182653436,22.658203125,False,10,refine,static_refresh_cap,"0,1",501.73073294274394
2,597.2254565958126,47.74736182653436,22.658203125,False,11,refine,static_refresh_cap,"0,1",549.4780947692783
2,669.2299330997473,72.00447650393471,235.28125,False,12,warmup,static_refresh_cap,"0,1",597.2254565958126
2,716.9772949262817,47.74736182653436,22.658203125,False,13,refine,static_refresh_cap,"0,1",669.2299330997473
2,764.7246567528161,47.74736182653436,22.658203125,False,14,refine,static_refresh_cap,"0,1",716.9772949262817
2,812.4720185793506,47.74736182653436,22.658203125,False,15,refine,static_refresh_cap,"0,1",764.7246567528161
2,860.219380405885,47.74736182653436,22.658203125,False,16,refine,static_refresh_cap,"0,1",812.4720185793506
2,907.9667422324194,47.74736182653436,22.658203125,False,17,refine,static_refresh_cap,"0,1",860.219380405885
2,955.7141040589538,47.74736182653436,22.658203125,False,18,refine,static_refresh_cap,"0,1",907.9667422324194
2,1003.4614658854882,47.74736182653436,22.658203125,False,19,refine,static_refresh_cap,"0,1",955.7141040589538
2,1051.2088277120226,47.74736182653436,22.658203125,False,20,refine,static_refresh_cap,"0,1",1003.4614658854882
2,1098.956189538557,47.74736182653436,22.658203125,False,21,refine,static_refresh_cap,"0,1",1051.2088277120226
2,1146.7035513650915,47.74736182653436,22.658203125,False,22,refine,static_refresh_cap,"0,1",1098.956189538557
2,1218.7080278690262,72.00447650393471,235.28125,False,23,warmup,static_refresh_cap,"0,1",1146.7035513650915
2,1266.4553896955606,47.74736182653436,22.658203125,False,24,refine,static_refresh_cap,"0,1",1218.7080278690262
2,1314.202751522095,47.74736182653436,22.658203125,False,25,refine,static_refresh_cap,"0,1",1266.4553896955606
2,1361.9501133486294,47.74736182653436,22.658203125,False,26,refine,static_refresh_cap,"0,1",1314.202751522095
2,1409.6974751751638,47.74736182653436,22.658203125,False,27,refine,static_refresh_cap,"0,1",1361.9501133486294
2,1457.4448370016983,47.74736182653436,22.658203125,False,28,refine,static_refresh_cap,"0,1",1409.6974751751638
2,1505.1921988282327,47.74736182653436,22.658203125,False,29,refine,static_refresh_cap,"0,1",1457.4448370016983
2,1552.939560654767,47.74736182653436,22.658203125,False,30,refine,static_refresh_cap,"0,1",1505.1921988282327
2,1600.6869224813015,47.74736182653436,22.658203125,False,31,refine,static_refresh_cap,"0,1",1552.939560654767
2,1648.434284307836,47.74736182653436,22.658203125,False,32,refine,static_refresh_cap,"0,1",1600.6869224813015
2,1696.1816461343703,47.74736182653436,22.658203125,False,33,refine,static_refresh_cap,"0,1",1648.434284307836
2,1768.186122638305,72.00447650393471,235.28125,False,34,warmup,static_refresh_cap,"0,1",1696.1816461343703
2,1815.9334844648395,47.74736182653436,22.658203125,False,35,refine,static_refresh_cap,"0,1",1768.186122638305
2,1863.6808462913739,47.74736182653436,22.658203125,False,36,refine,static_refresh_cap,"0,1",1815.9334844648395
2,1911.4282081179083,47.74736182653436,22.658203125,False,37,refine,static_refresh_cap,"0,1",1863.6808462913739
2,1959.1755699444427,47.74736182653436,22.658203125,False,38,refine,static_refresh_cap,"0,1",1911.4282081179083
2,2006.9229317709771,47.74736182653436,22.658203125,False,39,refine,static_refresh_cap,"0,1",1959.1755699444427
2,2054.6702935975113,47.74736182653436,22.658203125,False,40,refine,static_refresh_cap,"0,1",2006.9229317709771
2,2102.4176554240457,47.74736182653436,22.658203125,False,41,refine,static_refresh_cap,"0,1",2054.6702935975113
2,2150.16501725058,47.74736182653436,22.658203125,False,42,refine,static_refresh_cap,"0,1",2102.4176554240457
2,2197.9123790771146,47.74736182653436,22.658203125,False,43,refine,static_refresh_cap,"0,1",2150.16501725058
2,2245.659740903649,47.74736182653436,22.658203125,False,44,refine,static_refresh_cap,"0,1",2197.9123790771146
2,2317.6642174075837,72.00447650393471,235.28125,False,45,warmup,static_refresh_cap,"2,3",2245.659740903649
2,2365.411579234118,47.74736182653436,22.658203125,False,46,refine,static_refresh_cap,"2,3",2317.6642174075837
2,2413.1589410606525,47.74736182653436,22.658203125,False,47,refine,static_refresh_cap,"2,3",2365.411579234118
2,2460.906302887187,47.74736182653436,22.658203125,False,48,refine,static_refresh_cap,"2,3",2413.1589410606525
2,2508.6536647137214,47.74736182653436,22.658203125,False,49,refine,static_refresh_cap,"2,3",2460.906302887187
2,2556.4010265402558,47.74736182653436,22.658203125,False,50,refine,static_refresh_cap,"2,3",2508.6536647137214
2,2604.14838836679,47.74736182653436,22.658203125,False,51,refine,static_refresh_cap,"2,3",2556.4010265402558
2,2651.8957501933246,47.74736182653436,22.658203125,False,52,refine,static_refresh_cap,"2,3",2604.14838836679
2,2699.643112019859,47.74736182653436,22.658203125,False,53,refine,static_refresh_cap,"2,3",2651.8957501933246
2,2747.3904738463934,47.74736182653436,22.658203125,False,54,refine,static_refresh_cap,"2,3",2699.643112019859
2,2795.137835672928,47.74736182653436,22.658203125,False,55,refine,static_refresh_cap,"2,3",2747.3904738463934
2,2842.8851974994623,47.74736182653436,22.658203125,False,56,refine,static_refresh_cap,"2,3",2795.137835672928
2,2914.889674003397,72.00447650393471,235.28125,False,57,warmup,static_refresh_cap,"2,3",2842.8851974994623
2,2962.6370358299314,47.74736182653436,22.658203125,False,58,refine,static_refresh_cap,"2,3",2914.889674003397
2,3010.384397656466,47.74736182653436,22.658203125,False,59,refine,static_refresh_cap,"2,3",2962.6370358299314
2,3058.131759483,47.74736182653436,22.658203125,False,60,refine,static_refresh_cap,"2,3",3010.384397656466
2,3105.8791213095346,47.74736182653436,22.658203125,False,61,refine,static_refresh_cap,"2,3",3058.131759483
2,3153.626483136069,47.74736182653436,22.658203125,False,62,refine,static_refresh_cap,"2,3",3105.8791213095346
2,3201.3738449626035,47.74736182653436,22.658203125,False,63,refine,static_refresh_cap,"2,3",3153.626483136069
2,3249.121206789138,47.74736182653436,22.658203125,False,64,refine,static_refresh_cap,"2,3",3201.3738449626035
2,3296.8685686156723,47.74736182653436,22.658203125,False,65,refine,static_refresh_cap,"2,3",3249.121206789138
2,3344.6159304422067,47.74736182653436,22.658203125,False,66,refine,static_refresh_cap,"2,3",3296.8685686156723
2,3392.363292268741,47.74736182653436,22.658203125,False,67,refine,static_refresh_cap,"2,3",3344.6159304422067
2,3464.367768772676,72.00447650393471,235.28125,False,68,warmup,static_refresh_cap,"2,3",3392.363292268741
2,3512.1151305992103,47.74736182653436,22.658203125,False,69,refine,static_refresh_cap,"2,3",3464.367768772676
2,3559.8624924257447,47.74736182653436,22.658203125,False,70,refine,static_refresh_cap,"2,3",3512.1151305992103
2,3607.609854252279,47.74736182653436,22.658203125,False,71,refine,static_refresh_cap,"2,3",3559.8624924257447
2,3655.3572160788135,47.74736182653436,22.658203125,False,72,refine,static_refresh_cap,"2,3",3607.609854252279
2,3703.104577905348,47.74736182653436,22.658203125,False,73,refine,static_refresh_cap,"2,3",3655.3572160788135
2,3750.8519397318823,47.74736182653436,22.658203125,False,74,refine,static_refresh_cap,"2,3",3703.104577905348
2,3798.5993015584168,47.74736182653436,22.658203125,False,75,refine,static_refresh_cap,"2,3",3750.8519397318823
2,3846.346663384951,47.74736182653436,22.658203125,False,76,refine,static_refresh_cap,"2,3",3798.5993015584168
2,3894.0940252114856,47.74736182653436,22.658203125,False,77,refine,static_refresh_cap,"2,3",3846.346663384951
2,3941.84138703802,47.74736182653436,22.658203125,False,78,refine,static_refresh_cap,"2,3",3894.0940252114856
2,4013.8458635419547,72.00447650393471,235.28125,False,79,warmup,static_refresh_cap,"2,3",3941.84138703802
2,4061.593225368489,47.74736182653436,22.658203125,False,80,refine,static_refresh_cap,"2,3",4013.8458635419547
2,4109.3405871950235,47.74736182653436,22.658203125,False,81,refine,static_refresh_cap,"2,3",4061.593225368489
2,4157.0879490215575,47.74736182653436,22.658203125,False,82,refine,static_refresh_cap,"2,3",4109.3405871950235
2,4204.8353108480915,47.74736182653436,22.658203125,False,83,refine,static_refresh_cap,"2,3",4157.0879490215575
2,4252.582672674625,47.74736182653436,22.658203125,False,84,refine,static_refresh_cap,"2,3",4204.8353108480915
2,4300.330034501159,47.74736182653436,22.658203125,False,85,refine,static_refresh_cap,"2,3",4252.582672674625
2,4348.077396327693,47.74736182653436,22.658203125,False,86,refine,static_refresh_cap,"2,3",4300.330034501159
2,4395.824758154227,47.74736182653436,22.658203125,False,87,refine,static_refresh_cap,"2,3",4348.077396327693
2,4443.572119980761,47.74736182653436,22.658203125,False,88,refine,static_refresh_cap,"2,3",4395.824758154227
2,4491.319481807295,47.74736182653436,22.658203125,False,89,refine,static_refresh_cap,"2,3",4443.572119980761
2,4563.32395831123,72.00447650393471,235.28125,False,90,warmup,static_refresh_cap,"4,5",4491.319481807295
2,4611.071320137764,47.74736182653436,22.658203125,False,91,refine,static_refresh_cap,"4,5",4563.32395831123
2,4658.818681964298,47.74736182653436,22.658203125,False,92,refine,static_refresh_cap,"4,5",4611.071320137764
2,4706.566043790832,47.74736182653436,22.658203125,False,93,refine,static_refresh_cap,"4,5",4658.818681964298
2,4754.313405617366,47.74736182653436,22.658203125,False,94,refine,static_refresh_cap,"4,5",4706.566043790832
2,4802.0607674439,47.74736182653436,22.658203125,False,95,refine,static_refresh_cap,"4,5",4754.313405617366
2,4849.808129270434,47.74736182653436,22.658203125,False,96,refine,static_refresh_cap,"4,5",4802.0607674439
2,4897.555491096968,47.74736182653436,22.658203125,False,97,refine,static_refresh_cap,"4,5",4849.808129270434
2,4945.302852923502,47.74736182653436,22.658203125,False,98,refine,static_refresh_cap,"4,5",4897.555491096968
2,4993.050214750036,47.74736182653436,22.658203125,False,99,refine,static_refresh_cap,"4,5",4945.302852923502
2,5040.79757657657,47.74736182653436,22.658203125,False,100,refine,static_refresh_cap,"4,5",4993.050214750036
2,5088.5449384031035,47.74736182653436,22.658203125,False,101,refine,static_refresh_cap,"4,5",5040.79757657657
2,5160.549414907038,72.00447650393471,235.28125,False,102,warmup,static_refresh_cap,"4,5",5088.5449384031035
2,5208.296776733572,47.74736182653436,22.658203125,False,103,refine,static_refresh_cap,"4,5",5160.549414907038
2,5256.044138560106,47.74736182653436,22.658203125,False,104,refine,static_refresh_cap,"4,5",5208.296776733572
2,5303.79150038664,47.74736182653436,22.658203125,False,105,refine,static_refresh_cap,"4,5",5256.044138560106
2,5351.538862213174,47.74736182653436,22.658203125,False,106,refine,static_refresh_cap,"4,5",5303.79150038664
2,5399.286224039708,47.74736182653436,22.658203125,False,107,refine,static_refresh_cap,"4,5",5351.538862213174
2,5447.033585866242,47.74736182653436,22.658203125,False,108,refine,static_refresh_cap,"4,5",5399.286224039708
2,5494.780947692776,47.74736182653436,22.658203125,False,109,refine,static_refresh_cap,"4,5",5447.033585866242
2,5542.52830951931,47.74736182653436,22.658203125,False,110,refine,static_refresh_cap,"4,5",5494.780947692776
2,5590.275671345844,47.74736182653436,22.658203125,False,111,refine,static_refresh_cap,"4,5",5542.52830951931
2,5638.023033172378,47.74736182653436,22.658203125,False,112,refine,static_refresh_cap,"4,5",5590.275671345844
2,5710.027509676313,72.00447650393471,235.28125,False,113,warmup,static_refresh_cap,"4,5",5638.023033172378
2,5757.7748715028465,47.74736182653436,22.658203125,False,114,refine,static_refresh_cap,"4,5",5710.027509676313
2,5805.5222333293805,47.74736182653436,22.658203125,False,115,refine,static_refresh_cap,"4,5",5757.7748715028465
2,5853.269595155914,47.74736182653436,22.658203125,False,116,refine,static_refresh_cap,"4,5",5805.5222333293805
2,5901.016956982448,47.74736182653436,22.658203125,False,117,refine,static_refresh_cap,"4,5",5853.269595155914
2,5948.764318808982,47.74736182653436,22.658203125,False,118,refine,static_refresh_cap,"4,5",5901.016956982448
2,5996.511680635516,47.74736182653436,22.658203125,False,119,refine,static_refresh_cap,"4,5",5948.764318808982
2,6044.25904246205,47.74736182653436,22.658203125,False,120,refine,static_refresh_cap,"4,5",5996.511680635516
2,6092.006404288584,47.74736182653436,22.658203125,False,121,refine,static_refresh_cap,"4,5",6044.25904246205
2,6139.753766115118,47.74736182653436,22.658203125,False,122,refine,static_refresh_cap,"4,5",6092.006404288584
2,6187.501127941652,47.74736182653436,22.658203125,False,123,refine,static_refresh_cap,"4,5",6139.753766115118
2,6259.505604445587,72.00447650393471,235.28125,False,124,warmup,static_refresh_cap,"4,5",6187.501127941652
2,6307.252966272121,47.74736182653436,22.658203125,False,125,refine,static_refresh_cap,"4,5",6259.505604445587
2,6355.000328098655,47.74736182653436,22.658203125,False,126,refine,static_refresh_cap,"4,5",6307.252966272121
2,6402.747689925189,47.74736182653436,22.658203125,False,127,refine,static_refresh_cap,"4,5",6355.000328098655
2,6450.495051751723,47.74736182653436,22.658203125,False,128,refine,static_refresh_cap,"4,5",6402.747689925189
2,6498.242413578257,47.74736182653436,22.658203125,False,129,refine,static_refresh_cap,"4,5",6450.495051751723
2,6545.989775404791,47.74736182653436,22.658203125,False,130,refine,static_refresh_cap,"4,5",6498.242413578257
2,6593.737137231325,47.74736182653436,22.658203125,False,131,refine,static_refresh_cap,"4,5",6545.989775404791
2,6641.484499057859,47.74736182653436,22.658203125,False,132,refine,static_refresh_cap,"4,5",6593.737137231325
2,6689.2318608843925,47.74736182653436,22.658203125,False,133,refine,static_refresh_cap,"4,5",6641.484499057859
2,6736.9792227109265,47.74736182653436,22.658203125,False,134,refine,static_refresh_cap,"4,5",6689.2318608843925
2,6808.983699214861,72.00447650393471,235.28125,False,135,warmup,static_refresh_cap,"6,7",6736.9792227109265
2,6856.731061041395,47.74736182653436,22.658203125,False,136,refine,static_refresh_cap,"6,7",6808.983699214861
2,6904.478422867929,47.74736182653436,22.658203125,False,137,refine,static_refresh_cap,"6,7",6856.731061041395
2,6952.225784694463,47.74736182653436,22.658203125,False,138,refine,static_refresh_cap,"6,7",6904.478422867929
2,6999.973146520997,47.74736182653436,22.658203125,False,139,refine,static_refresh_cap,"6,7",6952.225784694463
2,7047.720508347531,47.74736182653436,22.658203125,False,140,refine,static_refresh_cap,"6,7",6999.973146520997
2,7095.467870174065,47.74736182653436,22.658203125,False,141,refine,static_refresh_cap,"6,7",7047.720508347531
2,7143.215232000599,47.74736182653436,22.658203125,False,142,refine,static_refresh_cap,"6,7",7095.467870174065
2,7190.962593827133,47.74736182653436,22.658203125,False,143,refine,static_refresh_cap,"6,7",7143.215232000599
2,7238.709955653667,47.74736182653436,22.658203125,False,144,refine,static_refresh_cap,"6,7",7190.962593827133
2,7286.457317480201,47.74736182653436,22.658203125,False,145,refine,static_refresh_cap,"6,7",7238.709955653667
2,7334.204679306735,47.74736182653436,22.658203125,False,146,refine,static_refresh_cap,"6,7",7286.457317480201
2,7406.2091558106695,72.00447650393471,235.28125,False,147,warmup,static_refresh_cap,"6,7",7334.204679306735
2,7453.956517637203,47.74736182653436,22.658203125,False,148,refine,static_refresh_cap,"6,7",7406.2091558106695
2,7501.703879463737,47.74736182653436,22.658203125,False,149,refine,static_refresh_cap,"6,7",7453.956517637203
2,7549.451241290271,47.74736182653436,22.658203125,False,150,refine,static_refresh_cap,"6,7",7501.703879463737
2,7597.198603116805,47.74736182653436,22.658203125,False,151,refine,static_refresh_cap,"6,7",7549.451241290271
2,7644.945964943339,47.74736182653436,22.658203125,False,152,refine,static_refresh_cap,"6,7",7597.198603116805
2,7692.693326769873,47.74736182653436,22.658203125,False,153,refine,static_refresh_cap,"6,7",7644.945964943339
2,7740.440688596407,47.74736182653436,22.658203125,False,154,refine,static_refresh_cap,"6,7",7692.693326769873
2,7788.188050422941,47.74736182653436,22.658203125,False,155,refine,static_refresh_cap,"6,7",7740.440688596407
2,7835.935412249475,47.74736182653436,22.658203125,False,156,refine,static_refresh_cap,"6,7",7788.188050422941
2,7883.682774076009,47.74736182653436,22.658203125,False,157,refine,static_refresh_cap,"6,7",7835.935412249475
2,7955.687250579944,72.00447650393471,235.28125,False,158,warmup,static_refresh_cap,"6,7",7883.682774076009
2,8003.434612406478,47.74736182653436,22.658203125,False,159,refine,static_refresh_cap,"6,7",7955.687250579944
2,8051.181974233012,47.74736182653436,22.658203125,False,160,refine,static_refresh_cap,"6,7",8003.434612406478
2,8098.929336059546,47.74736182653436,22.658203125,False,161,refine,static_refresh_cap,"6,7",8051.181974233012
2,8146.67669788608,47.74736182653436,22.658203125,False,162,refine,static_refresh_cap,"6,7",8098.929336059546
2,8194.424059712614,47.74736182653436,22.658203125,False,163,refine,static_refresh_cap,"6,7",8146.67669788608
2,8242.171421539148,47.74736182653436,22.658203125,False,164,refine,static_refresh_cap,"6,7",8194.424059712614
2,8289.918783365682,47.74736182653436,22.658203125,False,165,refine,static_refresh_cap,"6,7",8242.171421539148
2,8337.666145192215,47.74736182653436,22.658203125,False,166,refine,static_refresh_cap,"6,7",8289.918783365682
2,8385.41350701875,47.74736182653436,22.658203125,False,167,refine,static_refresh_cap,"6,7",8337.666145192215
2,8433.160868845283,47.74736182653436,22.658203125,False,168,refine,static_refresh_cap,"6,7",8385.41350701875
2,8505.165345349218,72.00447650393471,235.28125,False,169,warmup,static_refresh_cap,"6,7",8433.160868845283
2,8552.912707175752,47.74736182653436,22.658203125,False,170,refine,static_refresh_cap,"6,7",8505.165345349218
2,8600.660069002286,47.74736182653436,22.658203125,False,171,refine,static_refresh_cap,"6,7",8552.912707175752
2,8648.40743082882,47.74736182653436,22.658203125,False,172,refine,static_refresh_cap,"6,7",8600.660069002286
2,8696.154792655354,47.74736182653436,22.658203125,False,173,refine,static_refresh_cap,"6,7",8648.40743082882
2,8743.902154481888,47.74736182653436,22.658203125,False,174,refine,static_refresh_cap,"6,7",8696.154792655354
2,8791.649516308422,47.74736182653436,22.658203125,False,175,refine,static_refresh_cap,"6,7",8743.902154481888
2,8839.396878134956,47.74736182653436,22.658203125,False,176,refine,static_refresh_cap,"6,7",8791.649516308422
2,8887.14423996149,47.74736182653436,22.658203125,False,177,refine,static_refresh_cap,"6,7",8839.396878134956
2,8934.891601788024,47.74736182653436,22.658203125,False,178,refine,static_refresh_cap,"6,7",8887.14423996149
2,8982.638963614558,47.74736182653436,22.658203125,False,179,refine,static_refresh_cap,"6,7",8934.891601788024
2,9054.643440118492,72.00447650393471,235.28125,False,180,warmup,static_refresh_cap,"8,9",8982.638963614558
2,9102.390801945026,47.74736182653436,22.658203125,False,181,refine,static_refresh_cap,"8,9",9054.643440118492
2,9150.13816377156,47.74736182653436,22.658203125,False,182,refine,static_refresh_cap,"8,9",9102.390801945026
2,9197.885525598094,47.74736182653436,22.658203125,False,183,refine,static_refresh_cap,"8,9",9150.13816377156
2,9245.632887424628,47.74736182653436,22.658203125,False,184,refine,static_refresh_cap,"8,9",9197.885525598094
2,9293.380249251162,47.74736182653436,22.658203125,False,185,refine,static_refresh_cap,"8,9",9245.632887424628
2,9341.127611077696,47.74736182653436,22.658203125,False,186,refine,static_refresh_cap,"8,9",9293.380249251162
2,9388.87497290423,47.74736182653436,22.658203125,False,187,refine,static_refresh_cap,"8,9",9341.127611077696
2,9436.622334730764,47.74736182653436,22.658203125,False,188,refine,static_refresh_cap,"8,9",9388.87497290423
2,9484.369696557298,47.74736182653436,22.658203125,False,189,refine,static_refresh_cap,"8,9",9436.622334730764
2,9532.117058383832,47.74736182653436,22.658203125,False,190,refine,static_refresh_cap,"8,9",9484.369696557298
2,9579.864420210366,47.74736182653436,22.658203125,False,191,refine,static_refresh_cap,"8,9",9532.117058383832
2,9651.8688967143,72.00447650393471,235.28125,False,192,warmup,static_refresh_cap,"8,9",9579.864420210366
2,9699.616258540835,47.74736182653436,22.658203125,False,193,refine,static_refresh_cap,"8,9",9651.8688967143
2,9747.363620367369,47.74736182653436,22.658203125,False,194,refine,static_refresh_cap,"8,9",9699.616258540835
2,9795.110982193903,47.74736182653436,22.658203125,False,195,refine,static_refresh_cap,"8,9",9747.363620367369
2,9842.858344020437,47.74736182653436,22.658203125,False,196,refine,static_refresh_cap,"8,9",9795.110982193903
2,9890.60570584697,47.74736182653436,22.658203125,False,197,refine,static_refresh_cap,"8,9",9842.858344020437
2,9938.353067673504,47.74736182653436,22.658203125,False,198,refine,static_refresh_cap,"8,9",9890.60570584697
2,9986.100429500038,47.74736182653436,22.658203125,False,199,refine,static_refresh_cap,"8,9",9938.353067673504
2,10033.847791326572,47.74736182653436,22.658203125,False,200,refine,static_refresh_cap,"8,9",9986.100429500038
2,10081.595153153106,47.74736182653436,22.658203125,False,201,refine,static_refresh_cap,"8,9",10033.847791326572
2,10129.34251497964,47.74736182653436,22.658203125,False,202,refine,static_refresh_cap,"8,9",10081.595153153106
2,10201.346991483575,72.00447650393471,235.28125,False,203,warmup,static_refresh_cap,"8,9",10129.34251497964
2,10249.094353310109,47.74736182653436,22.658203125,False,204,refine,static_refresh_cap,"8,9",10201.346991483575
2,10296.841715136643,47.74736182653436,22.658203125,False,205,refine,static_refresh_cap,"8,9",10249.094353310109
2,10344.589076963177,47.74736182653436,22.658203125,False,206,refine,static_refresh_cap,"8,9",10296.841715136643
2,10392.33643878971,47.74736182653436,22.658203125,False,207,refine,static_refresh_cap,"8,9",10344.589076963177
2,10440.083800616245,47.74736182653436,22.658203125,False,208,refine,static_refresh_cap,"8,9",10392.33643878971
2,10487.831162442779,47.74736182653436,22.658203125,False,209,refine,static_refresh_cap,"8,9",10440.083800616245
2,10535.578524269313,47.74736182653436,22.658203125,False,210,refine,static_refresh_cap,"8,9",10487.831162442779
2,10583.325886095847,47.74736182653436,22.658203125,False,211,refine,static_refresh_cap,"8,9",10535.578524269313
2,10631.07324792238,47.74736182653436,22.658203125,False,212,refine,static_refresh_cap,"8,9",10583.325886095847
2,10678.820609748915,47.74736182653436,22.658203125,False,213,refine,static_refresh_cap,"8,9",10631.07324792238
2,10750.82508625285,72.00447650393471,235.28125,False,214,warmup,static_refresh_cap,"8,9",10678.820609748915
2,10798.572448079383,47.74736182653436,22.658203125,False,215,refine,static_refresh_cap,"8,9",10750.82508625285
2,10846.319809905917,47.74736182653436,22.658203125,False,216,refine,static_refresh_cap,"8,9",10798.572448079383
2,10894.067171732451,47.74736182653436,22.658203125,False,217,refine,static_refresh_cap,"8,9",10846.319809905917
2,10941.814533558985,47.74736182653436,22.658203125,False,218,refine,static_refresh_cap,"8,9",10894.067171732451
2,10989.56189538552,47.74736182653436,22.658203125,False,219,refine,static_refresh_cap,"8,9",10941.814533558985
2,11037.309257212053,47.74736182653436,22.658203125,False,220,refine,static_refresh_cap,"8,9",10989.56189538552
2,11085.056619038587,47.74736182653436,22.658203125,False,221,refine,static_refresh_cap,"8,9",11037.309257212053
2,11132.803980865121,47.74736182653436,22.658203125,False,222,refine,static_refresh_cap,"8,9",11085.056619038587
2,11180.551342691655,47.74736182653436,22.658203125,False,223,refine,static_refresh_cap,"8,9",11132.803980865121
2,11228.298704518189,47.74736182653436,22.658203125,False,224,refine,static_refresh_cap,"8,9",11180.551342691655
2,11300.303181022124,72.00447650393471,235.28125,False,225,warmup,static_refresh_cap,"10,11",11228.298704518189
2,11348.050542848658,47.74736182653436,22.658203125,False,226,refine,static_refresh_cap,"10,11",11300.303181022124
2,11395.797904675192,47.74736182653436,22.658203125,False,227,refine,static_refresh_cap,"10,11",11348.050542848658
2,11443.545266501726,47.74736182653436,22.658203125,False,228,refine,static_refresh_cap,"10,11",11395.797904675192
2,11491.29262832826,47.74736182653436,22.658203125,False,229,refine,static_refresh_cap,"10,11",11443.545266501726
2,11539.039990154793,47.74736182653436,22.658203125,False,230,refine,static_refresh_cap,"10,11",11491.29262832826
2,11586.787351981327,47.74736182653436,22.658203125,False,231,refine,static_refresh_cap,"10,11",11539.039990154793
2,11634.534713807861,47.74736182653436,22.658203125,False,232,refine,static_refresh_cap,"10,11",11586.787351981327
2,11682.282075634395,47.74736182653436,22.658203125,False,233,refine,static_refresh_cap,"10,11",11634.534713807861
2,11730.02943746093,47.74736182653436,22.658203125,False,234,refine,static_refresh_cap,"10,11",11682.282075634395
2,11777.776799287463,47.74736182653436,22.658203125,False,235,refine,static_refresh_cap,"10,11",11730.02943746093
2,11825.524161113997,47.74736182653436,22.658203125,False,236,refine,static_refresh_cap,"10,11",11777.776799287463
2,11897.528637617932,72.00447650393471,235.28125,False,237,warmup,static_refresh_cap,"10,11",11825.524161113997
2,11945.275999444466,47.74736182653436,22.658203125,False,238,refine,static_refresh_cap,"10,11",11897.528637617932
2,11993.023361271,47.74736182653436,22.658203125,False,239,refine,static_refresh_cap,"10,11",11945.275999444466
2,12040.770723097534,47.74736182653436,22.658203125,False,240,refine,static_refresh_cap,"10,11",11993.023361271
2,12088.518084924068,47.74736182653436,22.658203125,False,241,refine,static_refresh_cap,"10,11",12040.770723097534
2,12136.265446750602,47.74736182653436,22.658203125,False,242,refine,static_refresh_cap,"10,11",12088.518084924068
2,12184.012808577136,47.74736182653436,22.658203125,False,243,refine,static_refresh_cap,"10,11",12136.265446750602
2,12231.76017040367,47.74736182653436,22.658203125,False,244,refine,static_refresh_cap,"10,11",12184.012808577136
2,12279.507532230204,47.74736182653436,22.658203125,False,245,refine,static_refresh_cap,"10,11",12231.76017040367
2,12327.254894056738,47.74736182653436,22.658203125,False,246,refine,static_refresh_cap,"10,11",12279.507532230204
2,12375.002255883272,47.74736182653436,22.658203125,False,247,refine,static_refresh_cap,"10,11",12327.254894056738
2,12447.006732387206,72.00447650393471,235.28125,False,248,warmup,static_refresh_cap,"10,11",12375.002255883272
2,12494.75409421374,47.74736182653436,22.658203125,False,249,refine,static_refresh_cap,"10,11",12447.006732387206
2,12542.501456040274,47.74736182653436,22.658203125,False,250,refine,static_refresh_cap,"10,11",12494.75409421374
2,12590.248817866808,47.74736182653436,22.658203125,False,251,refine,static_refresh_cap,"10,11",12542.501456040274
2,12637.996179693342,47.74736182653436,22.658203125,False,252,refine,static_refresh_cap,"10,11",12590.248817866808
2,12685.743541519876,47.74736182653436,22.658203125,False,253,refine,static_refresh_cap,"10,11",12637.996179693342
2,12733.49090334641,47.74736182653436,22.658203125,False,254,refine,static_refresh_cap,"10,11",12685.743541519876
2,12781.238265172944,47.74736182653436,22.658203125,False,255,refine,static_refresh_cap,"10,11",12733.49090334641
2,12828.985626999478,47.74736182653436,22.658203125,False,256,refine,static_refresh_cap,"10,11",12781.238265172944
2,12876.732988826012,47.74736182653436,22.658203125,False,257,refine,static_refresh_cap,"10,11",12828.985626999478
2,12924.480350652546,47.74736182653436,22.658203125,False,258,refine,static_refresh_cap,"10,11",12876.732988826012
2,12996.48482715648,72.00447650393471,235.28125,False,259,warmup,static_refresh_cap,"10,11",12924.480350652546
2,13044.232188983015,47.74736182653436,22.658203125,False,260,refine,static_refresh_cap,"10,11",12996.48482715648
2,13091.979550809549,47.74736182653436,22.658203125,False,261,refine,static_refresh_cap,"10,11",13044.232188983015
2,13139.726912636082,47.74736182653436,22.658203125,False,262,refine,static_refresh_cap,"10,11",13091.979550809549
2,13187.474274462616,47.74736182653436,22.658203125,False,263,refine,static_refresh_cap,"10,11",13139.726912636082
2,13235.22163628915,47.74736182653436,22.658203125,False,264,refine,static_refresh_cap,"10,11",13187.474274462616
2,13282.968998115684,47.74736182653436,22.658203125,False,265,refine,static_refresh_cap,"10,11",13235.22163628915
2,13330.716359942218,47.74736182653436,22.658203125,False,266,refine,static_refresh_cap,"10,11",13282.968998115684
2,13378.463721768752,47.74736182653436,22.658203125,False,267,refine,static_refresh_cap,"10,11",13330.716359942218
2,13426.211083595286,47.74736182653436,22.658203125,False,268,refine,static_refresh_cap,"10,11",13378.463721768752
2,13473.95844542182,47.74736182653436,22.658203125,False,269,refine,static_refresh_cap,"10,11",13426.211083595286
2,13545.962921925755,72.00447650393471,235.28125,False,270,warmup,static_refresh_cap,"12,13",13473.95844542182
2,13593.710283752289,47.74736182653436,22.658203125,False,271,refine,static_refresh_cap,"12,13",13545.962921925755
2,13641.457645578823,47.74736182653436,22.658203125,False,272,refine,static_refresh_cap,"12,13",13593.710283752289
2,13689.205007405357,47.74736182653436,22.658203125,False,273,refine,static_refresh_cap,"12,13",13641.457645578823
2,13736.95236923189,47.74736182653436,22.658203125,False,274,refine,static_refresh_cap,"12,13",13689.205007405357
2,13784.699731058425,47.74736182653436,22.658203125,False,275,refine,static_refresh_cap,"12,13",13736.95236923189
2,13832.447092884959,47.74736182653436,22.658203125,False,276,refine,static_refresh_cap,"12,13",13784.699731058425
2,13880.194454711493,47.74736182653436,22.658203125,False,277,refine,static_refresh_cap,"12,13",13832.447092884959
2,13927.941816538027,47.74736182653436,22.658203125,False,278,refine,static_refresh_cap,"12,13",13880.194454711493
2,13975.68917836456,47.74736182653436,22.658203125,False,279,refine,static_refresh_cap,"12,13",13927.941816538027
2,14023.436540191095,47.74736182653436,22.658203125,False,280,refine,static_refresh_cap,"12,13",13975.68917836456
2,14071.183902017628,47.74736182653436,22.658203125,False,281,refine,static_refresh_cap,"12,13",14023.436540191095
2,14143.188378521563,72.00447650393471,235.28125,False,282,warmup,static_refresh_cap,"12,13",14071.183902017628
2,14190.935740348097,47.74736182653436,22.658203125,False,283,refine,static_refresh_cap,"12,13",14143.188378521563
2,14238.683102174631,47.74736182653436,22.658203125,False,284,refine,static_refresh_cap,"12,13",14190.935740348097
2,14286.430464001165,47.74736182653436,22.658203125,False,285,refine,static_refresh_cap,"12,13",14238.683102174631
2,14334.177825827699,47.74736182653436,22.658203125,False,286,refine,static_refresh_cap,"12,13",14286.430464001165
2,14381.925187654233,47.74736182653436,22.658203125,False,287,refine,static_refresh_cap,"12,13",14334.177825827699
2,14429.672549480767,47.74736182653436,22.658203125,False,288,refine,static_refresh_cap,"12,13",14381.925187654233
2,14477.419911307301,47.74736182653436,22.658203125,False,289,refine,static_refresh_cap,"12,13",14429.672549480767
2,14525.167273133835,47.74736182653436,22.658203125,False,290,refine,static_refresh_cap,"12,13",14477.419911307301
2,14572.914634960369,47.74736182653436,22.658203125,False,291,refine,static_refresh_cap,"12,13",14525.167273133835
2,14620.661996786903,47.74736182653436,22.658203125,False,292,refine,static_refresh_cap,"12,13",14572.914634960369
2,14692.666473290838,72.00447650393471,235.28125,False,293,warmup,static_refresh_cap,"12,13",14620.661996786903
2,14740.413835117371,47.74736182653436,22.658203125,False,294,refine,static_refresh_cap,"12,13",14692.666473290838
2,14788.161196943905,47.74736182653436,22.658203125,False,295,refine,static_refresh_cap,"12,13",14740.413835117371
2,14835.90855877044,47.74736182653436,22.658203125,False,296,refine,static_refresh_cap,"12,13",14788.161196943905
2,14883.655920596973,47.74736182653436,22.658203125,False,297,refine,static_refresh_cap,"12,13",14835.90855877044
2,14931.403282423507,47.74736182653436,22.658203125,False,298,refine,static_refresh_cap,"12,13",14883.655920596973
2,14979.150644250041,47.74736182653436,22.658203125,False,299,refine,static_refresh_cap,"12,13",14931.403282423507
2,15026.898006076575,47.74736182653436,22.658203125,False,300,refine,static_refresh_cap,"12,13",14979.150644250041
2,15074.64536790311,47.74736182653436,22.658203125,False,301,refine,static_refresh_cap,"12,13",15026.898006076575
2,15122.392729729643,47.74736182653436,22.658203125,False,302,refine,static_refresh_cap,"12,13",15074.64536790311
2,15170.140091556177,47.74736182653436,22.658203125,False,303,refine,static_refresh_cap,"12,13",15122.392729729643
2,15242.144568060112,72.00447650393471,235.28125,False,304,warmup,static_refresh_cap,"12,13",15170.140091556177
2,15289.891929886646,47.74736182653436,22.658203125,False,305,refine,static_refresh_cap,"12,13",15242.144568060112
2,15337.63929171318,47.74736182653436,22.658203125,False,306,refine,static_refresh_cap,"12,13",15289.891929886646
2,15385.386653539714,47.74736182653436,22.658203125,False,307,refine,static_refresh_cap,"12,13",15337.63929171318
2,15433.134015366248,47.74736182653436,22.658203125,False,308,refine,static_refresh_cap,"12,13",15385.386653539714
2,15480.881377192782,47.74736182653436,22.658203125,False,309,refine,static_refresh_cap,"12,13",15433.134015366248
2,15528.628739019316,47.74736182653436,22.658203125,False,310,refine,static_refresh_cap,"12,13",15480.881377192782
2,15576.37610084585,47.74736182653436,22.658203125,False,311,refine,static_refresh_cap,"12,13",15528.628739019316
2,15624.123462672384,47.74736182653436,22.658203125,False,312,refine,static_refresh_cap,"12,13",15576.37610084585
2,15671.870824498918,47.74736182653436,22.658203125,False,313,refine,static_refresh_cap,"12,13",15624.123462672384
2,15719.618186325451,47.74736182653436,22.658203125,False,314,refine,static_refresh_cap,"12,13",15671.870824498918
2,15791.622662829386,72.00447650393471,235.28125,False,315,warmup,static_refresh_cap,"14,15",15719.618186325451
2,15839.37002465592,47.74736182653436,22.658203125,False,316,refine,static_refresh_cap,"14,15",15791.622662829386
2,15887.117386482454,47.74736182653436,22.658203125,False,317,refine,static_refresh_cap,"14,15",15839.37002465592
2,15934.864748308988,47.74736182653436,22.658203125,False,318,refine,static_refresh_cap,"14,15",15887.117386482454
2,15982.612110135522,47.74736182653436,22.658203125,False,319,refine,static_refresh_cap,"14,15",15934.864748308988
2,16030.359471962056,47.74736182653436,22.658203125,False,320,refine,static_refresh_cap,"14,15",15982.612110135522
2,16078.10683378859,47.74736182653436,22.658203125,False,321,refine,static_refresh_cap,"14,15",16030.359471962056
2,16125.854195615124,47.74736182653436,22.658203125,False,322,refine,static_refresh_cap,"14,15",16078.10683378859
2,16173.601557441658,47.74736182653436,22.658203125,False,323,refine,static_refresh_cap,"14,15",16125.854195615124
2,16221.348919268192,47.74736182653436,22.658203125,False,324,refine,static_refresh_cap,"14,15",16173.601557441658
2,16269.096281094726,47.74736182653436,22.658203125,False,325,refine,static_refresh_cap,"14,15",16221.348919268192
2,16316.84364292126,47.74736182653436,22.658203125,False,326,refine,static_refresh_cap,"14,15",16269.096281094726
2,16388.848119425194,72.00447650393471,235.28125,False,327,warmup,static_refresh_cap,"14,15",16316.84364292126
2,16436.59548125173,47.74736182653436,22.658203125,False,328,refine,static_refresh_cap,"14,15",16388.848119425194
2,16484.342843078266,47.74736182653436,22.658203125,False,329,refine,static_refresh_cap,"14,15",16436.59548125173
2,16532.0902049048,47.74736182653436,22.658203125,False,330,refine,static_refresh_cap,"14,15",16484.342843078266
2,16579.837566731338,47.74736182653436,22.658203125,False,331,refine,static_refresh_cap,"14,15",16532.0902049048
2,16627.584928557873,47.74736182653436,22.658203125,False,332,refine,static_refresh_cap,"14,15",16579.837566731338
2,16675.33229038441,47.74736182653436,22.658203125,False,333,refine,static_refresh_cap,"14,15",16627.584928557873
2,16723.079652210945,47.74736182653436,22.658203125,False,334,refine,static_refresh_cap,"14,15",16675.33229038441
2,16770.82701403748,47.74736182653436,22.658203125,False,335,refine,static_refresh_cap,"14,15",16723.079652210945
2,16818.574375864016,47.74736182653436,22.658203125,False,336,refine,static_refresh_cap,"14,15",16770.82701403748
2,16866.321737690552,47.74736182653436,22.658203125,False,337,refine,static_refresh_cap,"14,15",16818.574375864016
2,16938.326214194487,72.00447650393471,235.28125,False,338,warmup,static_refresh_cap,"14,15",16866.321737690552
2,16986.073576021023,47.74736182653436,22.658203125,False,339,refine,static_refresh_cap,"14,15",16938.326214194487
2,17033.82093784756,47.74736182653436,22.658203125,False,340,refine,static_refresh_cap,"14,15",16986.073576021023
2,17081.568299674094,47.74736182653436,22.658203125,False,341,refine,static_refresh_cap,"14,15",17033.82093784756
2,17129.31566150063,47.74736182653436,22.658203125,False,342,refine,static_refresh_cap,"14,15",17081.568299674094
2,17177.063023327166,47.74736182653436,22.658203125,False,343,refine,static_refresh_cap,"14,15",17129.31566150063
2,17224.8103851537,47.74736182653436,22.658203125,False,344,refine,static_refresh_cap,"14,15",17177.063023327166
2,17272.557746980237,47.74736182653436,22.658203125,False,345,refine,static_refresh_cap,"14,15",17224.8103851537
2,17320.305108806773,47.74736182653436,22.658203125,False,346,refine,static_refresh_cap,"14,15",17272.557746980237
2,17368.05247063331,47.74736182653436,22.658203125,False,347,refine,static_refresh_cap,"14,15",17320.305108806773
2,17415.799832459845,47.74736182653436,22.658203125,False,348,refine,static_refresh_cap,"14,15",17368.05247063331
2,17487.80430896378,72.00447650393471,235.28125,False,349,warmup,static_refresh_cap,"14,15",17415.799832459845
2,17535.551670790315,47.74736182653436,22.658203125,False,350,refine,static_refresh_cap,"14,15",17487.80430896378
2,17583.29903261685,47.74736182653436,22.658203125,False,351,refine,static_refresh_cap,"14,15",17535.551670790315
2,17631.046394443387,47.74736182653436,22.658203125,False,352,refine,static_refresh_cap,"14,15",17583.29903261685
2,17678.793756269923,47.74736182653436,22.658203125,False,353,refine,static_refresh_cap,"14,15",17631.046394443387
2,17726.54111809646,47.74736182653436,22.658203125,False,354,refine,static_refresh_cap,"14,15",17678.793756269923
2,17774.288479922994,47.74736182653436,22.658203125,False,355,refine,static_refresh_cap,"14,15",17726.54111809646
2,17822.03584174953,47.74736182653436,22.658203125,False,356,refine,static_refresh_cap,"14,15",17774.288479922994
2,17869.783203576066,47.74736182653436,22.658203125,False,357,refine,static_refresh_cap,"14,15",17822.03584174953
2,17917.5305654026,47.74736182653436,22.658203125,False,358,refine,static_refresh_cap,"14,15",17869.783203576066
2,17965.277927229137,47.74736182653436,22.658203125,False,359,refine,static_refresh_cap,"14,15",17917.5305654026
2,18037.282403733072,72.00447650393471,235.28125,False,360,warmup,static_refresh_cap,"16,17",17965.277927229137
2,18085.029765559608,47.74736182653436,22.658203125,False,361,refine,static_refresh_cap,"16,17",18037.282403733072
2,18132.777127386144,47.74736182653436,22.658203125,False,362,refine,static_refresh_cap,"16,17",18085.029765559608
2,18180.52448921268,47.74736182653436,22.658203125,False,363,refine,static_refresh_cap,"16,17",18132.777127386144
2,18228.271851039215,47.74736182653436,22.658203125,False,364,refine,static_refresh_cap,"16,17",18180.52448921268
2,18276.01921286575,47.74736182653436,22.658203125,False,365,refine,static_refresh_cap,"16,17",18228.271851039215
2,18323.766574692287,47.74736182653436,22.658203125,False,366,refine,static_refresh_cap,"16,17",18276.01921286575
2,18371.513936518822,47.74736182653436,22.658203125,False,367,refine,static_refresh_cap,"16,17",18323.766574692287
2,18419.26129834536,47.74736182653436,22.658203125,False,368,refine,static_refresh_cap,"16,17",18371.513936518822
2,18467.008660171894,47.74736182653436,22.658203125,False,369,refine,static_refresh_cap,"16,17",18419.26129834536
2,18514.75602199843,47.74736182653436,22.658203125,False,370,refine,static_refresh_cap,"16,17",18467.008660171894
2,18562.503383824966,47.74736182653436,22.658203125,False,371,refine,static_refresh_cap,"16,17",18514.75602199843
2,18634.5078603289,72.00447650393471,235.28125,False,372,warmup,static_refresh_cap,"16,17",18562.503383824966
2,18682.255222155436,47.74736182653436,22.658203125,False,373,refine,static_refresh_cap,"16,17",18634.5078603289
2,18730.002583981972,47.74736182653436,22.658203125,False,374,refine,static_refresh_cap,"16,17",18682.255222155436
2,18777.749945808508,47.74736182653436,22.658203125,False,375,refine,static_refresh_cap,"16,17",18730.002583981972
2,18825.497307635043,47.74736182653436,22.658203125,False,376,refine,static_refresh_cap,"16,17",18777.749945808508
2,18873.24466946158,47.74736182653436,22.658203125,False,377,refine,static_refresh_cap,"16,17",18825.497307635043
2,18920.992031288115,47.74736182653436,22.658203125,False,378,refine,static_refresh_cap,"16,17",18873.24466946158
2,18968.73939311465,47.74736182653436,22.658203125,False,379,refine,static_refresh_cap,"16,17",18920.992031288115
2,19016.486754941187,47.74736182653436,22.658203125,False,380,refine,static_refresh_cap,"16,17",18968.73939311465
2,19064.234116767722,47.74736182653436,22.658203125,False,381,refine,static_refresh_cap,"16,17",19016.486754941187
2,19111.981478594258,47.74736182653436,22.658203125,False,382,refine,static_refresh_cap,"16,17",19064.234116767722
2,19183.985955098193,72.00447650393471,235.28125,False,383,warmup,static_refresh_cap,"16,17",19111.981478594258
2,19231.73331692473,47.74736182653436,22.658203125,False,384,refine,static_refresh_cap,"16,17",19183.985955098193
2,19279.480678751264,47.74736182653436,22.658203125,False,385,refine,static_refresh_cap,"16,17",19231.73331692473
2,19327.2280405778,47.74736182653436,22.658203125,False,386,refine,static_refresh_cap,"16,17",19279.480678751264
2,19374.975402404336,47.74736182653436,22.658203125,False,387,refine,static_refresh_cap,"16,17",19327.2280405778
2,19422.72276423087,47.74736182653436,22.658203125,False,388,refine,static_refresh_cap,"16,17",19374.975402404336
2,19470.470126057407,47.74736182653436,22.658203125,False,389,refine,static_refresh_cap,"16,17",19422.72276423087
2,19518.217487883943,47.74736182653436,22.658203125,False,390,refine,static_refresh_cap,"16,17",19470.470126057407
2,19565.96484971048,47.74736182653436,22.658203125,False,391,refine,static_refresh_cap,"16,17",19518.217487883943
2,19613.712211537015,47.74736182653436,22.658203125,False,392,refine,static_refresh_cap,"16,17",19565.96484971048
2,19661.45957336355,47.74736182653436,22.658203125,False,393,refine,static_refresh_cap,"16,17",19613.712211537015
2,19733.464049867485,72.00447650393471,235.28125,False,394,warmup,static_refresh_cap,"16,17",19661.45957336355
2,19781.21141169402,47.74736182653436,22.658203125,False,395,refine,static_refresh_cap,"16,17",19733.464049867485
2,19828.958773520557,47.74736182653436,22.658203125,False,396,refine,static_refresh_cap,"16,17",19781.21141169402
2,19876.706135347093,47.74736182653436,22.658203125,False,397,refine,static_refresh_cap,"16,17",19828.958773520557
2,19924.45349717363,47.74736182653436,22.658203125,False,398,refine,static_refresh_cap,"16,17",19876.706135347093
2,19972.200859000164,47.74736182653436,22.658203125,False,399,refine,static_refresh_cap,"16,17",19924.45349717363
2,20019.9482208267,47.74736182653436,22.658203125,False,400,refine,static_refresh_cap,"16,17",19972.200859000164
2,20067.695582653236,47.74736182653436,22.658203125,False,401,refine,static_refresh_cap,"16,17",20019.9482208267
2,20115.44294447977,47.74736182653436,22.658203125,False,402,refine,static_refresh_cap,"16,17",20067.695582653236
2,20163.190306306307,47.74736182653436,22.658203125,False,403,refine,static_refresh_cap,"16,17",20115.44294447977
2,20210.937668132843,47.74736182653436,22.658203125,False,404,refine,static_refresh_cap,"16,17",20163.190306306307
2,20282.942144636778,72.00447650393471,235.28125,False,405,warmup,static_refresh_cap,"18,19",20210.937668132843
2,20330.689506463314,47.74736182653436,22.658203125,False,406,refine,static_refresh_cap,"18,19",20282.942144636778
2,20378.43686828985,47.74736182653436,22.658203125,False,407,refine,static_refresh_cap,"18,19",20330.689506463314
2,20426.184230116385,47.74736182653436,22.658203125,False,408,refine,static_refresh_cap,"18,19",20378.43686828985
2,20473.93159194292,47.74736182653436,22.658203125,False,409,refine,static_refresh_cap,"18,19",20426.184230116385
2,20521.678953769457,47.74736182653436,22.658203125,False,410,refine,static_refresh_cap,"18,19",20473.93159194292
2,20569.426315595992,47.74736182653436,22.658203125,False,411,refine,static_refresh_cap,"18,19",20521.678953769457
2,20617.17367742253,47.74736182653436,22.658203125,False,412,refine,static_refresh_cap,"18,19",20569.426315595992
2,20664.921039249064,47.74736182653436,22.658203125,False,413,refine,static_refresh_cap,"18,19",20617.17367742253
2,20712.6684010756,47.74736182653436,22.658203125,False,414,refine,static_refresh_cap,"18,19",20664.921039249064
2,20760.415762902136,47.74736182653436,22.658203125,False,415,refine,static_refresh_cap,"18,19",20712.6684010756
2,20808.16312472867,47.74736182653436,22.658203125,False,416,refine,static_refresh_cap,"18,19",20760.415762902136
2,20880.167601232606,72.00447650393471,235.28125,False,417,warmup,static_refresh_cap,"18,19",20808.16312472867
2,20927.914963059142,47.74736182653436,22.658203125,False,418,refine,static_refresh_cap,"18,19",20880.167601232606
2,20975.662324885678,47.74736182653436,22.658203125,False,419,refine,static_refresh_cap,"18,19",20927.914963059142
2,21023.409686712213,47.74736182653436,22.658203125,False,420,refine,static_refresh_cap,"18,19",20975.662324885678
2,21071.15704853875,47.74736182653436,22.658203125,False,421,refine,static_refresh_cap,"18,19",21023.409686712213
2,21118.904410365285,47.74736182653436,22.658203125,False,422,refine,static_refresh_cap,"18,19",21071.15704853875
2,21166.65177219182,47.74736182653436,22.658203125,False,423,refine,static_refresh_cap,"18,19",21118.904410365285
2,21214.399134018357,47.74736182653436,22.658203125,False,424,refine,static_refresh_cap,"18,19",21166.65177219182
2,21262.146495844892,47.74736182653436,22.658203125,False,425,refine,static_refresh_cap,"18,19",21214.399134018357
2,21309.893857671428,47.74736182653436,22.658203125,False,426,refine,static_refresh_cap,"18,19",21262.146495844892
2,21357.641219497964,47.74736182653436,22.658203125,False,427,refine,static_refresh_cap,"18,19",21309.893857671428
2,21429.6456960019,72.00447650393471,235.28125,False,428,warmup,static_refresh_cap,"18,19",21357.641219497964
2,21477.393057828434,47.74736182653436,22.658203125,False,429,refine,static_refresh_cap,"18,19",21429.6456960019
2,21525.14041965497,47.74736182653436,22.658203125,False,430,refine,static_refresh_cap,"18,19",21477.393057828434
2,21572.887781481506,47.74736182653436,22.658203125,False,431,refine,static_refresh_cap,"18,19",21525.14041965497
2,21620.63514330804,47.74736182653436,22.658203125,False,432,refine,static_refresh_cap,"18,19",21572.887781481506
2,21668.382505134578,47.74736182653436,22.658203125,False,433,refine,static_refresh_cap,"18,19",21620.63514330804
2,21716.129866961113,47.74736182653436,22.658203125,False,434,refine,static_refresh_cap,"18,19",21668.382505134578
2,21763.87722878765,47.74736182653436,22.658203125,False,435,refine,static_refresh_cap,"18,19",21716.129866961113
2,21811.624590614185,47.74736182653436,22.658203125,False,436,refine,static_refresh_cap,"18,19",21763.87722878765
2,21859.37195244072,47.74736182653436,22.658203125,False,437,refine,static_refresh_cap,"18,19",21811.624590614185
2,21907.119314267256,47.74736182653436,22.658203125,False,438,refine,static_refresh_cap,"18,19",21859.37195244072
2,21979.12379077119,72.00447650393471,235.28125,False,439,warmup,static_refresh_cap,"18,19",21907.119314267256
2,22026.871152597727,47.74736182653436,22.658203125,False,440,refine,static_refresh_cap,"18,19",21979.12379077119
2,22074.618514424263,47.74736182653436,22.658203125,False,441,refine,static_refresh_cap,"18,19",22026.871152597727
2,22122.3658762508,47.74736182653436,22.658203125,False,442,refine,static_refresh_cap,"18,19",22074.618514424263
2,22170.113238077334,47.74736182653436,22.658203125,False,443,refine,static_refresh_cap,"18,19",22122.3658762508
2,22217.86059990387,47.74736182653436,22.658203125,False,444,refine,static_refresh_cap,"18,19",22170.113238077334
2,22265.607961730406,47.74736182653436,22.658203125,False,445,refine,static_refresh_cap,"18,19",22217.86059990387
2,22313.35532355694,47.74736182653436,22.658203125,False,446,refine,static_refresh_cap,"18,19",22265.607961730406
2,22361.102685383477,47.74736182653436,22.658203125,False,447,refine,static_refresh_cap,"18,19",22313.35532355694
2,22408.850047210013,47.74736182653436,22.658203125,False,448,refine,static_refresh_cap,"18,19",22361.102685383477
2,22456.59740903655,47.74736182653436,22.658203125,False,449,refine,static_refresh_cap,"18,19",22408.850047210013
2,22528.601885540484,72.00447650393471,235.28125,False,450,warmup,static_refresh_cap,"20,21",22456.59740903655
2,22576.34924736702,47.74736182653436,22.658203125,False,451,refine,static_refresh_cap,"20,21",22528.601885540484
2,22624.096609193555,47.74736182653436,22.658203125,False,452,refine,static_refresh_cap,"20,21",22576.34924736702
2,22671.84397102009,47.74736182653436,22.658203125,False,453,refine,static_refresh_cap,"20,21",22624.096609193555
2,22719.591332846627,47.74736182653436,22.658203125,False,454,refine,static_refresh_cap,"20,21",22671.84397102009
2,22767.338694673163,47.74736182653436,22.658203125,False,455,refine,static_refresh_cap,"20,21",22719.591332846627
2,22815.0860564997,47.74736182653436,22.658203125,False,456,refine,static_refresh_cap,"20,21",22767.338694673163
2,22862.833418326234,47.74736182653436,22.658203125,False,457,refine,static_refresh_cap,"20,21",22815.0860564997
2,22910.58078015277,47.74736182653436,22.658203125,False,458,refine,static_refresh_cap,"20,21",22862.833418326234
2,22958.328141979306,47.74736182653436,22.658203125,False,459,refine,static_refresh_cap,"20,21",22910.58078015277
2,23006.07550380584,47.74736182653436,22.658203125,False,460,refine,static_refresh_cap,"20,21",22958.328141979306
2,23053.822865632377,47.74736182653436,22.658203125,False,461,refine,static_refresh_cap,"20,21",23006.07550380584
2,23125.827342136312,72.00447650393471,235.28125,False,462,warmup,static_refresh_cap,"20,21",23053.822865632377
2,23173.574703962848,47.74736182653436,22.658203125,False,463,refine,static_refresh_cap,"20,21",23125.827342136312
2,23221.322065789383,47.74736182653436,22.658203125,False,464,refine,static_refresh_cap,"20,21",23173.574703962848
2,23269.06942761592,47.74736182653436,22.658203125,False,465,refine,static_refresh_cap,"20,21",23221.322065789383
2,23316.816789442455,47.74736182653436,22.658203125,False,466,refine,static_refresh_cap,"20,21",23269.06942761592
2,23364.56415126899,47.74736182653436,22.658203125,False,467,refine,static_refresh_cap,"20,21",23316.816789442455
2,23412.311513095527,47.74736182653436,22.658203125,False,468,refine,static_refresh_cap,"20,21",23364.56415126899
2,23460.058874922062,47.74736182653436,22.658203125,False,469,refine,static_refresh_cap,"20,21",23412.311513095527
2,23507.806236748598,47.74736182653436,22.658203125,False,470,refine,static_refresh_cap,"20,21",23460.058874922062
2,23555.553598575134,47.74736182653436,22.658203125,False,471,refine,static_refresh_cap,"20,21",23507.806236748598
2,23603.30096040167,47.74736182653436,22.658203125,False,472,refine,static_refresh_cap,"20,21",23555.553598575134
2,23675.305436905604,72.00447650393471,235.28125,False,473,warmup,static_refresh_cap,"20,21",23603.30096040167
2,23723.05279873214,47.74736182653436,22.658203125,False,474,refine,static_refresh_cap,"20,21",23675.305436905604
2,23770.800160558676,47.74736182653436,22.658203125,False,475,refine,static_refresh_cap,"20,21",23723.05279873214
2,23818.54752238521,47.74736182653436,22.658203125,False,476,refine,static_refresh_cap,"20,21",23770.800160558676
2,23866.294884211748,47.74736182653436,22.658203125,False,477,refine,static_refresh_cap,"20,21",23818.54752238521
2,23914.042246038283,47.74736182653436,22.658203125,False,478,refine,static_refresh_cap,"20,21",23866.294884211748
2,23961.78960786482,47.74736182653436,22.658203125,False,479,refine,static_refresh_cap,"20,21",23914.042246038283
2,24009.536969691355,47.74736182653436,22.658203125,False,480,refine,static_refresh_cap,"20,21",23961.78960786482
2,24057.28433151789,47.74736182653436,22.658203125,False,481,refine,static_refresh_cap,"20,21",24009.536969691355
2,24105.031693344426,47.74736182653436,22.658203125,False,482,refine,static_refresh_cap,"20,21",24057.28433151789
2,24152.779055170962,47.74736182653436,22.658203125,False,483,refine,static_refresh_cap,"20,21",24105.031693344426
2,24224.783531674897,72.00447650393471,235.28125,False,484,warmup,static_refresh_cap,"20,21",24152.779055170962
2,24272.530893501433,47.74736182653436,22.658203125,False,485,refine,static_refresh_cap,"20,21",24224.783531674897
2,24320.27825532797,47.74736182653436,22.658203125,False,486,refine,static_refresh_cap,"20,21",24272.530893501433
2,24368.025617154504,47.74736182653436,22.658203125,False,487,refine,static_refresh_cap,"20,21",24320.27825532797
2,24415.77297898104,47.74736182653436,22.658203125,False,488,refine,static_refresh_cap,"20,21",24368.025617154504
2,24463.520340807576,47.74736182653436,22.658203125,False,489,refine,static_refresh_cap,"20,21",24415.77297898104
2,24511.26770263411,47.74736182653436,22.658203125,False,490,refine,static_refresh_cap,"20,21",24463.520340807576
2,24559.015064460647,47.74736182653436,22.658203125,False,491,refine,static_refresh_cap,"20,21",24511.26770263411
2,24606.762426287183,47.74736182653436,22.658203125,False,492,refine,static_refresh_cap,"20,21",24559.015064460647
2,24654.50978811372,47.74736182653436,22.658203125,False,493,refine,static_refresh_cap,"20,21",24606.762426287183
2,24702.257149940255,47.74736182653436,22.658203125,False,494,refine,static_refresh_cap,"20,21",24654.50978811372
2,24774.26162644419,72.00447650393471,235.28125,False,495,warmup,static_refresh_cap,"22,23",24702.257149940255
2,24822.008988270725,47.74736182653436,22.658203125,False,496,refine,static_refresh_cap,"22,23",24774.26162644419
2,24869.75635009726,47.74736182653436,22.658203125,False,497,refine,static_refresh_cap,"22,23",24822.008988270725
2,24917.503711923797,47.74736182653436,22.658203125,False,498,refine,static_refresh_cap,"22,23",24869.75635009726
2,24965.251073750333,47.74736182653436,22.658203125,False,499,refine,static_refresh_cap,"22,23",24917.503711923797
2,25012.99843557687,47.74736182653436,22.658203125,False,500,refine,static_refresh_cap,"22,23",24965.251073750333
2,25060.745797403404,47.74736182653436,22.658203125,False,501,refine,static_refresh_cap,"22,23",25012.99843557687
2,25108.49315922994,47.74736182653436,22.658203125,False,502,refine,static_refresh_cap,"22,23",25060.745797403404
2,25156.240521056476,47.74736182653436,22.658203125,False,503,refine,static_refresh_cap,"22,23",25108.49315922994
2,25203.98788288301,47.74736182653436,22.658203125,False,504,refine,static_refresh_cap,"22,23",25156.240521056476
2,25251.735244709547,47.74736182653436,22.658203125,False,505,refine,static_refresh_cap,"22,23",25203.98788288301
2,25299.482606536083,47.74736182653436,22.658203125,False,506,refine,static_refresh_cap,"22,23",25251.735244709547
2,25371.487083040018,72.00447650393471,235.28125,False,507,warmup,static_refresh_cap,"22,23",25299.482606536083
2,25419.234444866554,47.74736182653436,22.658203125,False,508,refine,static_refresh_cap,"22,23",25371.487083040018
2,25466.98180669309,47.74736182653436,22.658203125,False,509,refine,static_refresh_cap,"22,23",25419.234444866554
2,25514.729168519625,47.74736182653436,22.658203125,False,510,refine,static_refresh_cap,"22,23",25466.98180669309
2,25562.47653034616,47.74736182653436,22.658203125,False,511,refine,static_refresh_cap,"22,23",25514.729168519625
2,25610.223892172697,47.74736182653436,22.658203125,False,512,refine,static_refresh_cap,"22,23",25562.47653034616
2,25657.971253999232,47.74736182653436,22.658203125,False,513,refine,static_refresh_cap,"22,23",25610.223892172697
2,25705.71861582577,47.74736182653436,22.658203125,False,514,refine,static_refresh_cap,"22,23",25657.971253999232
2,25753.465977652304,47.74736182653436,22.658203125,False,515,refine,static_refresh_cap,"22,23",25705.71861582577
2,25801.21333947884,47.74736182653436,22.658203125,False,516,refine,static_refresh_cap,"22,23",25753.465977652304
2,25848.960701305376,47.74736182653436,22.658203125,False,517,refine,static_refresh_cap,"22,23",25801.21333947884
2,25920.96517780931,72.00447650393471,235.28125,False,518,warmup,static_refresh_cap,"22,23",25848.960701305376
2,25968.712539635846,47.74736182653436,22.658203125,False,519,refine,static_refresh_cap,"22,23",25920.96517780931
2,26016.459901462382,47.74736182653436,22.658203125,False,520,refine,static_refresh_cap,"22,23",25968.712539635846
2,26064.207263288918,47.74736182653436,22.658203125,False,521,refine,static_refresh_cap,"22,23",26016.459901462382
2,26111.954625115453,47.74736182653436,22.658203125,False,522,refine,static_refresh_cap,"22,23",26064.207263288918
2,26159.70198694199,47.74736182653436,22.658203125,False,523,refine,static_refresh_cap,"22,23",26111.954625115453
2,26207.449348768525,47.74736182653436,22.658203125,False,524,refine,static_refresh_cap,"22,23",26159.70198694199
2,26255.19671059506,47.74736182653436,22.658203125,False,525,refine,static_refresh_cap,"22,23",26207.449348768525
2,26302.944072421597,47.74736182653436,22.658203125,False,526,refine,static_refresh_cap,"22,23",26255.19671059506
2,26350.691434248132,47.74736182653436,22.658203125,False,527,refine,static_refresh_cap,"22,23",26302.944072421597
2,26398.438796074668,47.74736182653436,22.658203125,False,528,refine,static_refresh_cap,"22,23",26350.691434248132
2,26470.443272578603,72.00447650393471,235.28125,False,529,warmup,static_refresh_cap,"22,23",26398.438796074668
2,26518.19063440514,47.74736182653436,22.658203125,False,530,refine,static_refresh_cap,"22,23",26470.443272578603
2,26565.937996231674,47.74736182653436,22.658203125,False,531,refine,static_refresh_cap,"22,23",26518.19063440514
2,26613.68535805821,47.74736182653436,22.658203125,False,532,refine,static_refresh_cap,"22,23",26565.937996231674
2,26661.432719884746,47.74736182653436,22.658203125,False,533,refine,static_refresh_cap,"22,23",26613.68535805821
2,26709.18008171128,47.74736182653436,22.658203125,False,534,refine,static_refresh_cap,"22,23",26661.432719884746
2,26756.927443537817,47.74736182653436,22.658203125,False,535,refine,static_refresh_cap,"22,23",26709.18008171128
2,26804.674805364353,47.74736182653436,22.658203125,False,536,refine,static_refresh_cap,"22,23",26756.927443537817
2,26852.42216719089,47.74736182653436,22.658203125,False,537,refine,static_refresh_cap,"22,23",26804.674805364353
2,26900.169529017425,47.74736182653436,22.658203125,False,538,refine,static_refresh_cap,"22,23",26852.42216719089
2,26947.91689084396,47.74736182653436,22.658203125,False,539,refine,static_refresh_cap,"22,23",26900.169529017425
2,27019.921367347895,72.00447650393471,235.28125,False,540,warmup,static_refresh_cap,"24,25",26947.91689084396
2,27067.66872917443,47.74736182653436,22.658203125,False,541,refine,static_refresh_cap,"24,25",27019.921367347895
2,27115.416091000967,47.74736182653436,22.658203125,False,542,refine,static_refresh_cap,"24,25",27067.66872917443
2,27163.163452827503,47.74736182653436,22.658203125,False,543,refine,static_refresh_cap,"24,25",27115.416091000967
2,27210.91081465404,47.74736182653436,22.658203125,False,544,refine,static_refresh_cap,"24,25",27163.163452827503
2,27258.658176480574,47.74736182653436,22.658203125,False,545,refine,static_refresh_cap,"24,25",27210.91081465404
2,27306.40553830711,47.74736182653436,22.658203125,False,546,refine,static_refresh_cap,"24,25",27258.658176480574
2,27354.152900133646,47.74736182653436,22.658203125,False,547,refine,static_refresh_cap,"24,25",27306.40553830711
2,27401.90026196018,47.74736182653436,22.658203125,False,548,refine,static_refresh_cap,"24,25",27354.152900133646
2,27449.647623786717,47.74736182653436,22.658203125,False,549,refine,static_refresh_cap,"24,25",27401.90026196018
2,27497.394985613253,47.74736182653436,22.658203125,False,550,refine,static_refresh_cap,"24,25",27449.647623786717
2,27545.14234743979,47.74736182653436,22.658203125,False,551,refine,static_refresh_cap,"24,25",27497.394985613253
2,27617.146823943724,72.00447650393471,235.28125,False,552,warmup,static_refresh_cap,"24,25",27545.14234743979
2,27664.89418577026,47.74736182653436,22.658203125,False,553,refine,static_refresh_cap,"24,25",27617.146823943724
2,27712.641547596795,47.74736182653436,22.658203125,False,554,refine,static_refresh_cap,"24,25",27664.89418577026
2,27760.38890942333,47.74736182653436,22.658203125,False,555,refine,static_refresh_cap,"24,25",27712.641547596795
2,27808.136271249867,47.74736182653436,22.658203125,False,556,refine,static_refresh_cap,"24,25",27760.38890942333
2,27855.883633076402,47.74736182653436,22.658203125,False,557,refine,static_refresh_cap,"24,25",27808.136271249867
2,27903.63099490294,47.74736182653436,22.658203125,False,558,refine,static_refresh_cap,"24,25",27855.883633076402
2,27951.378356729474,47.74736182653436,22.658203125,False,559,refine,static_refresh_cap,"24,25",27903.63099490294
2,27999.12571855601,47.74736182653436,22.658203125,False,560,refine,static_refresh_cap,"24,25",27951.378356729474
2,28046.873080382546,47.74736182653436,22.658203125,False,561,refine,static_refresh_cap,"24,25",27999.12571855601
2,28094.62044220908,47.74736182653436,22.658203125,False,562,refine,static_refresh_cap,"24,25",28046.873080382546
2,28166.624918713016,72.00447650393471,235.28125,False,563,warmup,static_refresh_cap,"24,25",28094.62044220908
2,28214.372280539552,47.74736182653436,22.658203125,False,564,refine,static_refresh_cap,"24,25",28166.624918713016
2,28262.119642366088,47.74736182653436,22.658203125,False,565,refine,static_refresh_cap,"24,25",28214.372280539552
2,28309.867004192623,47.74736182653436,22.658203125,False,566,refine,static_refresh_cap,"24,25",28262.119642366088
2,28357.61436601916,47.74736182653436,22.658203125,False,567,refine,static_refresh_cap,"24,25",28309.867004192623
2,28405.361727845695,47.74736182653436,22.658203125,False,568,refine,static_refresh_cap,"24,25",28357.61436601916
2,28453.10908967223,47.74736182653436,22.658203125,False,569,refine,static_refresh_cap,"24,25",28405.361727845695
2,28500.856451498767,47.74736182653436,22.658203125,False,570,refine,static_refresh_cap,"24,25",28453.10908967223
2,28548.603813325302,47.74736182653436,22.658203125,False,571,refine,static_refresh_cap,"24,25",28500.856451498767
2,28596.351175151838,47.74736182653436,22.658203125,False,572,refine,static_refresh_cap,"24,25",28548.603813325302
2,28644.098536978374,47.74736182653436,22.658203125,False,573,refine,static_refresh_cap,"24,25",28596.351175151838
2,28716.10301348231,72.00447650393471,235.28125,False,574,warmup,static_refresh_cap,"24,25",28644.098536978374
2,28763.850375308844,47.74736182653436,22.658203125,False,575,refine,static_refresh_cap,"24,25",28716.10301348231
2,28811.59773713538,47.74736182653436,22.658203125,False,576,refine,static_refresh_cap,"24,25",28763.850375308844
2,28859.345098961916,47.74736182653436,22.658203125,False,577,refine,static_refresh_cap,"24,25",28811.59773713538
2,28907.09246078845,47.74736182653436,22.658203125,False,578,refine,static_refresh_cap,"24,25",28859.345098961916
2,28954.839822614987,47.74736182653436,22.658203125,False,579,refine,static_refresh_cap,"24,25",28907.09246078845
2,29002.587184441523,47.74736182653436,22.658203125,False,580,refine,static_refresh_cap,"24,25",28954.839822614987
2,29050.33454626806,47.74736182653436,22.658203125,False,581,refine,static_refresh_cap,"24,25",29002.587184441523
2,29098.081908094595,47.74736182653436,22.658203125,False,582,refine,static_refresh_cap,"24,25",29050.33454626806
2,29145.82926992113,47.74736182653436,22.658203125,False,583,refine,static_refresh_cap,"24,25",29098.081908094595
2,29193.576631747666,47.74736182653436,22.658203125,False,584,refine,static_refresh_cap,"24,25",29145.82926992113
2,29265.5811082516,72.00447650393471,235.28125,False,585,warmup,static_refresh_cap,"26,27",29193.576631747666
2,29313.328470078137,47.74736182653436,22.658203125,False,586,refine,static_refresh_cap,"26,27",29265.5811082516
2,29361.075831904673,47.74736182653436,22.658203125,False,587,refine,static_refresh_cap,"26,27",29313.328470078137
2,29408.82319373121,47.74736182653436,22.658203125,False,588,refine,static_refresh_cap,"26,27",29361.075831904673
2,29456.570555557744,47.74736182653436,22.658203125,False,589,refine,static_refresh_cap,"26,27",29408.82319373121
2,29504.31791738428,47.74736182653436,22.658203125,False,590,refine,static_refresh_cap,"26,27",29456.570555557744
2,29552.065279210816,47.74736182653436,22.658203125,False,591,refine,static_refresh_cap,"26,27",29504.31791738428
2,29599.81264103735,47.74736182653436,22.658203125,False,592,refine,static_refresh_cap,"26,27",29552.065279210816
2,29647.560002863887,47.74736182653436,22.658203125,False,593,refine,static_refresh_cap,"26,27",29599.81264103735
2,29695.307364690423,47.74736182653436,22.658203125,False,594,refine,static_refresh_cap,"26,27",29647.560002863887
2,29743.05472651696,47.74736182653436,22.658203125,False,595,refine,static_refresh_cap,"26,27",29695.307364690423
2,29790.802088343495,47.74736182653436,22.658203125,False,596,refine,static_refresh_cap,"26,27",29743.05472651696
2,29862.80656484743,72.00447650393471,235.28125,False,597,warmup,static_refresh_cap,"26,27",29790.802088343495
2,29910.553926673965,47.74736182653436,22.658203125,False,598,refine,static_refresh_cap,"26,27",29862.80656484743
2,29958.3012885005,47.74736182653436,22.658203125,False,599,refine,static_refresh_cap,"26,27",29910.553926673965
2,30006.048650327037,47.74736182653436,22.658203125,False,600,refine,static_refresh_cap,"26,27",29958.3012885005
2,30053.796012153573,47.74736182653436,22.658203125,False,601,refine,static_refresh_cap,"26,27",30006.048650327037
2,30101.54337398011,47.74736182653436,22.658203125,False,602,refine,static_refresh_cap,"26,27",30053.796012153573
2,30149.290735806644,47.74736182653436,22.658203125,False,603,refine,static_refresh_cap,"26,27",30101.54337398011
2,30197.03809763318,47.74736182653436,22.658203125,False,604,refine,static_refresh_cap,"26,27",30149.290735806644
2,30244.785459459716,47.74736182653436,22.658203125,False,605,refine,static_refresh_cap,"26,27",30197.03809763318
2,30292.53282128625,47.74736182653436,22.658203125,False,606,refine,static_refresh_cap,"26,27",30244.785459459716
2,30340.280183112787,47.74736182653436,22.658203125,False,607,refine,static_refresh_cap,"26,27",30292.53282128625
2,30412.284659616722,72.00447650393471,235.28125,False,608,warmup,static_refresh_cap,"26,27",30340.280183112787
2,30460.032021443258,47.74736182653436,22.658203125,False,609,refine,static_refresh_cap,"26,27",30412.284659616722
2,30507.779383269793,47.74736182653436,22.658203125,False,610,refine,static_refresh_cap,"26,27",30460.032021443258
2,30555.52674509633,47.74736182653436,22.658203125,False,611,refine,static_refresh_cap,"26,27",30507.779383269793
2,30603.274106922865,47.74736182653436,22.658203125,False,612,refine,static_refresh_cap,"26,27",30555.52674509633
2,30651.0214687494,47.74736182653436,22.658203125,False,613,refine,static_refresh_cap,"26,27",30603.274106922865
2,30698.768830575937,47.74736182653436,22.658203125,False,614,refine,static_refresh_cap,"26,27",30651.0214687494
2,30746.516192402472,47.74736182653436,22.658203125,False,615,refine,static_refresh_cap,"26,27",30698.768830575937
2,30794.263554229008,47.74736182653436,22.658203125,False,616,refine,static_refresh_cap,"26,27",30746.516192402472
2,30842.010916055544,47.74736182653436,22.658203125,False,617,refine,static_refresh_cap,"26,27",30794.263554229008
2,30889.75827788208,47.74736182653436,22.658203125,False,618,refine,static_refresh_cap,"26,27",30842.010916055544
2,30961.762754386014,72.00447650393471,235.28125,False,619,warmup,static_refresh_cap,"26,27",30889.75827788208
2,31009.51011621255,47.74736182653436,22.658203125,False,620,refine,static_refresh_cap,"26,27",30961.762754386014
2,31057.257478039086,47.74736182653436,22.658203125,False,621,refine,static_refresh_cap,"26,27",31009.51011621255
2,31105.00483986562,47.74736182653436,22.658203125,False,622,refine,static_refresh_cap,"26,27",31057.257478039086
2,31152.752201692158,47.74736182653436,22.658203125,False,623,refine,static_refresh_cap,"26,27",31105.00483986562
2,31200.499563518693,47.74736182653436,22.658203125,False,624,refine,static_refresh_cap,"26,27",31152.752201692158
2,31248.24692534523,47.74736182653436,22.658203125,False,625,refine,static_refresh_cap,"26,27",31200.499563518693
2,31295.994287171765,47.74736182653436,22.658203125,False,626,refine,static_refresh_cap,"26,27",31248.24692534523
2,31343.7416489983,47.74736182653436,22.658203125,False,627,refine,static_refresh_cap,"26,27",31295.994287171765
2,31391.489010824836,47.74736182653436,22.658203125,False,628,refine,static_refresh_cap,"26,27",31343.7416489983
2,31439.236372651372,47.74736182653436,22.658203125,False,629,refine,static_refresh_cap,"26,27",31391.489010824836
2,31511.240849155307,72.00447650393471,235.28125,False,630,warmup,static_refresh_cap,"28,29",31439.236372651372
2,31558.988210981843,47.74736182653436,22.658203125,False,631,refine,static_refresh_cap,"28,29",31511.240849155307
2,31606.73557280838,47.74736182653436,22.658203125,False,632,refine,static_refresh_cap,"28,29",31558.988210981843
2,31654.482934634914,47.74736182653436,22.658203125,False,633,refine,static_refresh_cap,"28,29",31606.73557280838
2,31702.23029646145,47.74736182653436,22.658203125,False,634,refine,static_refresh_cap,"28,29",31654.482934634914
2,31749.977658287986,47.74736182653436,22.658203125,False,635,refine,static_refresh_cap,"28,29",31702.23029646145
2,31797.72502011452,47.74736182653436,22.658203125,False,636,refine,static_refresh_cap,"28,29",31749.977658287986
2,31845.472381941057,47.74736182653436,22.658203125,False,637,refine,static_refresh_cap,"28,29",31797.72502011452
2,31893.219743767593,47.74736182653436,22.658203125,False,638,refine,static_refresh_cap,"28,29",31845.472381941057
2,31940.96710559413,47.74736182653436,22.658203125,False,639,refine,static_refresh_cap,"28,29",31893.219743767593
2,31988.714467420665,47.74736182653436,22.658203125,False,640,refine,static_refresh_cap,"28,29",31940.96710559413
2,32036.4618292472,47.74736182653436,22.658203125,False,641,refine,static_refresh_cap,"28,29",31988.714467420665
2,32108.466305751135,72.00447650393471,235.28125,False,642,warmup,static_refresh_cap,"28,29",32036.4618292472
2,32156.21366757767,47.74736182653436,22.658203125,False,643,refine,static_refresh_cap,"28,29",32108.466305751135
2,32203.961029404207,47.74736182653436,22.658203125,False,644,refine,static_refresh_cap,"28,29",32156.21366757767
2,32251.708391230743,47.74736182653436,22.658203125,False,645,refine,static_refresh_cap,"28,29",32203.961029404207
2,32299.45575305728,47.74736182653436,22.658203125,False,646,refine,static_refresh_cap,"28,29",32251.708391230743
2,32347.203114883814,47.74736182653436,22.658203125,False,647,refine,static_refresh_cap,"28,29",32299.45575305728
2,32394.95047671035,47.74736182653436,22.658203125,False,648,refine,static_refresh_cap,"28,29",32347.203114883814
2,32442.697838536886,47.74736182653436,22.658203125,False,649,refine,static_refresh_cap,"28,29",32394.95047671035
2,32490.44520036342,47.74736182653436,22.658203125,False,650,refine,static_refresh_cap,"28,29",32442.697838536886
2,32538.192562189957,47.74736182653436,22.658203125,False,651,refine,static_refresh_cap,"28,29",32490.44520036342
2,32585.939924016493,47.74736182653436,22.658203125,False,652,refine,static_refresh_cap,"28,29",32538.192562189957
2,32657.944400520428,72.00447650393471,235.28125,False,653,warmup,static_refresh_cap,"28,29",32585.939924016493
2,32705.691762346964,47.74736182653436,22.658203125,False,654,refine,static_refresh_cap,"28,29",32657.944400520428
2,32753.4391241735,47.74736182653436,22.658203125,False,655,refine,static_refresh_cap,"28,29",32705.691762346964
2,32801.186486000035,47.74736182653436,22.658203125,False,656,refine,static_refresh_cap,"28,29",32753.4391241735
2,32848.93384782657,47.74736182653436,22.658203125,False,657,refine,static_refresh_cap,"28,29",32801.186486000035
2,32896.68120965311,47.74736182653436,22.658203125,False,658,refine,static_refresh_cap,"28,29",32848.93384782657
2,32944.42857147964,47.74736182653436,22.658203125,False,659,refine,static_refresh_cap,"28,29",32896.68120965311
2,32992.17593330618,47.74736182653436,22.658203125,False,660,refine,static_refresh_cap,"28,29",32944.42857147964
2,33039.923295132714,47.74736182653436,22.658203125,False,661,refine,static_refresh_cap,"28,29",32992.17593330618
2,33087.67065695925,47.74736182653436,22.658203125,False,662,refine,static_refresh_cap,"28,29",33039.923295132714
2,33135.418018785786,47.74736182653436,22.658203125,False,663,refine,static_refresh_cap,"28,29",33087.67065695925
2,33207.42249528972,72.00447650393471,235.28125,False,664,warmup,static_refresh_cap,"28,29",33135.418018785786
2,33255.169857116256,47.74736182653436,22.658203125,False,665,refine,static_refresh_cap,"28,29",33207.42249528972
2,33302.91721894279,47.74736182653436,22.658203125,False,666,refine,static_refresh_cap,"28,29",33255.169857116256
2,33350.66458076933,47.74736182653436,22.658203125,False,667,refine,static_refresh_cap,"28,29",33302.91721894279
2,33398.41194259586,47.74736182653436,22.658203125,False,668,refine,static_refresh_cap,"28,29",33350.66458076933
2,33446.1593044224,47.74736182653436,22.658203125,False,669,refine,static_refresh_cap,"28,29",33398.41194259586
2,33493.906666248935,47.74736182653436,22.658203125,False,670,refine,static_refresh_cap,"28,29",33446.1593044224
2,33541.65402807547,47.74736182653436,22.658203125,False,671,refine,static_refresh_cap,"28,29",33493.906666248935
2,33589.40138990201,47.74736182653436,22.658203125,False,672,refine,static_refresh_cap,"28,29",33541.65402807547
2,33637.14875172854,47.74736182653436,22.658203125,False,673,refine,static_refresh_cap,"28,29",33589.40138990201
2,33684.89611355508,47.74736182653436,22.658203125,False,674,refine,static_refresh_cap,"28,29",33637.14875172854
2,33756.90059005901,72.00447650393471,235.28125,False,675,warmup,static_refresh_cap,"30,31",33684.89611355508
2,33804.64795188555,47.74736182653436,22.658203125,False,676,refine,static_refresh_cap,"30,31",33756.90059005901
2,33852.395313712084,47.74736182653436,22.658203125,False,677,refine,static_refresh_cap,"30,31",33804.64795188555
2,33900.14267553862,47.74736182653436,22.658203125,False,678,refine,static_refresh_cap,"30,31",33852.395313712084
2,33947.890037365156,47.74736182653436,22.658203125,False,679,refine,static_refresh_cap,"30,31",33900.14267553862
2,33995.63739919169,47.74736182653436,22.658203125,False,680,refine,static_refresh_cap,"30,31",33947.890037365156
2,34043.38476101823,47.74736182653436,22.658203125,False,681,refine,static_refresh_cap,"30,31",33995.63739919169
2,34091.13212284476,47.74736182653436,22.658203125,False,682,refine,static_refresh_cap,"30,31",34043.38476101823
2,34138.8794846713,47.74736182653436,22.658203125,False,683,refine,static_refresh_cap,"30,31",34091.13212284476
2,34186.626846497835,47.74736182653436,22.658203125,False,684,refine,static_refresh_cap,"30,31",34138.8794846713
2,34234.37420832437,47.74736182653436,22.658203125,False,685,refine,static_refresh_cap,"30,31",34186.626846497835
2,34282.121570150906,47.74736182653436,22.658203125,False,686,refine,static_refresh_cap,"30,31",34234.37420832437
2,34354.12604665484,72.00447650393471,235.28125,False,687,warmup,static_refresh_cap,"30,31",34282.121570150906
2,34401.87340848138,47.74736182653436,22.658203125,False,688,refine,static_refresh_cap,"30,31",34354.12604665484
2,34449.62077030791,47.74736182653436,22.658203125,False,689,refine,static_refresh_cap,"30,31",34401.87340848138
2,34497.36813213445,47.74736182653436,22.658203125,False,690,refine,static_refresh_cap,"30,31",34449.62077030791
2,34545.115493960984,47.74736182653436,22.658203125,False,691,refine,static_refresh_cap,"30,31",34497.36813213445
2,34592.86285578752,47.74736182653436,22.658203125,False,692,refine,static_refresh_cap,"30,31",34545.115493960984
2,34640.610217614056,47.74736182653436,22.658203125,False,693,refine,static_refresh_cap,"30,31",34592.86285578752
2,34688.35757944059,47.74736182653436,22.658203125,False,694,refine,static_refresh_cap,"30,31",34640.610217614056
2,34736.10494126713,47.74736182653436,22.658203125,False,695,refine,static_refresh_cap,"30,31",34688.35757944059
2,34783.85230309366,47.74736182653436,22.658203125,False,696,refine,static_refresh_cap,"30,31",34736.10494126713
2,34831.5996649202,47.74736182653436,22.658203125,False,697,refine,static_refresh_cap,"30,31",34783.85230309366
2,34903.60414142413,72.00447650393471,235.28125,False,698,warmup,static_refresh_cap,"30,31",34831.5996649202
2,34951.35150325067,47.74736182653436,22.658203125,False,699,refine,static_refresh_cap,"30,31",34903.60414142413
2,34999.098865077205,47.74736182653436,22.658203125,False,700,refine,static_refresh_cap,"30,31",34951.35150325067
2,35046.84622690374,47.74736182653436,22.658203125,False,701,refine,static_refresh_cap,"30,31",34999.098865077205
2,35094.59358873028,47.74736182653436,22.658203125,False,702,refine,static_refresh_cap,"30,31",35046.84622690374
2,35142.34095055681,47.74736182653436,22.658203125,False,703,refine,static_refresh_cap,"30,31",35094.59358873028
2,35190.08831238335,47.74736182653436,22.658203125,False,704,refine,static_refresh_cap,"30,31",35142.34095055681
2,35237.835674209884,47.74736182653436,22.658203125,False,705,refine,static_refresh_cap,"30,31",35190.08831238335
2,35285.58303603642,47.74736182653436,22.658203125,False,706,refine,static_refresh_cap,"30,31",35237.835674209884
2,35333.330397862956,47.74736182653436,22.658203125,False,707,refine,static_refresh_cap,"30,31",35285.58303603642
2,35381.07775968949,47.74736182653436,22.658203125,False,708,refine,static_refresh_cap,"30,31",35333.330397862956
2,35453.082236193426,72.00447650393471,235.28125,False,709,warmup,static_refresh_cap,"30,31",35381.07775968949
2,35500.82959801996,47.74736182653436,22.658203125,False,710,refine,static_refresh_cap,"30,31",35453.082236193426
2,35548.5769598465,47.74736182653436,22.658203125,False,711,refine,static_refresh_cap,"30,31",35500.82959801996
2,35596.32432167303,47.74736182653436,22.658203125,False,712,refine,static_refresh_cap,"30,31",35548.5769598465
2,35644.07168349957,47.74736182653436,22.658203125,False,713,refine,static_refresh_cap,"30,31",35596.32432167303
2,35691.819045326105,47.74736182653436,22.658203125,False,714,refine,static_refresh_cap,"30,31",35644.07168349957
2,35739.56640715264,47.74736182653436,22.658203125,False,715,refine,static_refresh_cap,"30,31",35691.819045326105
2,35787.31376897918,47.74736182653436,22.658203125,False,716,refine,static_refresh_cap,"30,31",35739.56640715264
2,35835.06113080571,47.74736182653436,22.658203125,False,717,refine,static_refresh_cap,"30,31",35787.31376897918
2,35882.80849263225,47.74736182653436,22.658203125,False,718,refine,static_refresh_cap,"30,31",35835.06113080571
2,35930.555854458784,47.74736182653436,22.658203125,False,719,refine,static_refresh_cap,"30,31",35882.80849263225
2,36002.56033096272,72.00447650393471,235.28125,False,720,warmup,static_refresh_cap,"32,33",35930.555854458784
2,36050.307692789254,47.74736182653436,22.658203125,False,721,refine,static_refresh_cap,"32,33",36002.56033096272
2,36098.05505461579,47.74736182653436,22.658203125,False,722,refine,static_refresh_cap,"32,33",36050.307692789254
2,36145.802416442326,47.74736182653436,22.658203125,False,723,refine,static_refresh_cap,"32,33",36098.05505461579
2,36193.54977826886,47.74736182653436,22.658203125,False,724,refine,static_refresh_cap,"32,33",36145.802416442326
2,36241.2971400954,47.74736182653436,22.658203125,False,725,refine,static_refresh_cap,"32,33",36193.54977826886
2,36289.04450192193,47.74736182653436,22.658203125,False,726,refine,static_refresh_cap,"32,33",36241.2971400954
2,36336.79186374847,47.74736182653436,22.658203125,False,727,refine,static_refresh_cap,"32,33",36289.04450192193
2,36384.539225575005,47.74736182653436,22.658203125,False,728,refine,static_refresh_cap,"32,33",36336.79186374847
2,36432.28658740154,47.74736182653436,22.658203125,False,729,refine,static_refresh_cap,"32,33",36384.539225575005
2,36480.03394922808,47.74736182653436,22.658203125,False,730,refine,static_refresh_cap,"32,33",36432.28658740154
2,36527.78131105461,47.74736182653436,22.658203125,False,731,refine,static_refresh_cap,"32,33",36480.03394922808
2,36599.78578755855,72.00447650393471,235.28125,False,732,warmup,static_refresh_cap,"32,33",36527.78131105461
2,36647.53314938508,47.74736182653436,22.658203125,False,733,refine,static_refresh_cap,"32,33",36599.78578755855
2,36695.28051121162,47.74736182653436,22.658203125,False,734,refine,static_refresh_cap,"32,33",36647.53314938508
2,36743.027873038154,47.74736182653436,22.658203125,False,735,refine,static_refresh_cap,"32,33",36695.28051121162
2,36790.77523486469,47.74736182653436,22.658203125,False,736,refine,static_refresh_cap,"32,33",36743.027873038154
2,36838.522596691226,47.74736182653436,22.658203125,False,737,refine,static_refresh_cap,"32,33",36790.77523486469
2,36886.26995851776,47.74736182653436,22.658203125,False,738,refine,static_refresh_cap,"32,33",36838.522596691226
2,36934.0173203443,47.74736182653436,22.658203125,False,739,refine,static_refresh_cap,"32,33",36886.26995851776
2,36981.76468217083,47.74736182653436,22.658203125,False,740,refine,static_refresh_cap,"32,33",36934.0173203443
2,37029.51204399737,47.74736182653436,22.658203125,False,741,refine,static_refresh_cap,"32,33",36981.76468217083
2,37077.259405823905,47.74736182653436,22.658203125,False,742,refine,static_refresh_cap,"32,33",37029.51204399737
2,37149.26388232784,72.00447650393471,235.28125,False,743,warmup,static_refresh_cap,"32,33",37077.259405823905
2,37197.011244154375,47.74736182653436,22.658203125,False,744,refine,static_refresh_cap,"32,33",37149.26388232784
2,37244.75860598091,47.74736182653436,22.658203125,False,745,refine,static_refresh_cap,"32,33",37197.011244154375
2,37292.50596780745,47.74736182653436,22.658203125,False,746,refine,static_refresh_cap,"32,33",37244.75860598091
2,37340.25332963398,47.74736182653436,22.658203125,False,747,refine,static_refresh_cap,"32,33",37292.50596780745
2,37388.00069146052,47.74736182653436,22.658203125,False,748,refine,static_refresh_cap,"32,33",37340.25332963398
2,37435.748053287054,47.74736182653436,22.658203125,False,749,refine,static_refresh_cap,"32,33",37388.00069146052
2,37483.49541511359,47.74736182653436,22.658203125,False,750,refine,static_refresh_cap,"32,33",37435.748053287054
2,37531.242776940126,47.74736182653436,22.658203125,False,751,refine,static_refresh_cap,"32,33",37483.49541511359
2,37578.99013876666,47.74736182653436,22.658203125,False,752,refine,static_refresh_cap,"32,33",37531.242776940126
2,37626.7375005932,47.74736182653436,22.658203125,False,753,refine,static_refresh_cap,"32,33",37578.99013876666
2,37698.74197709713,72.00447650393471,235.28125,False,754,warmup,static_refresh_cap,"32,33",37626.7375005932
2,37746.48933892367,47.74736182653436,22.658203125,False,755,refine,static_refresh_cap,"32,33",37698.74197709713
2,37794.2367007502,47.74736182653436,22.658203125,False,756,refine,static_refresh_cap,"32,33",37746.48933892367
2,37841.98406257674,47.74736182653436,22.658203125,False,757,refine,static_refresh_cap,"32,33",37794.2367007502
2,37889.731424403275,47.74736182653436,22.658203125,False,758,refine,static_refresh_cap,"32,33",37841.98406257674
2,37937.47878622981,47.74736182653436,22.658203125,False,759,refine,static_refresh_cap,"32,33",37889.731424403275
2,37985.22614805635,47.74736182653436,22.658203125,False,760,refine,static_refresh_cap,"32,33",37937.47878622981
2,38032.97350988288,47.74736182653436,22.658203125,False,761,refine,static_refresh_cap,"32,33",37985.22614805635
2,38080.72087170942,47.74736182653436,22.658203125,False,762,refine,static_refresh_cap,"32,33",38032.97350988288
2,38128.468233535954,47.74736182653436,22.658203125,False,763,refine,static_refresh_cap,"32,33",38080.72087170942
2,38176.21559536249,47.74736182653436,22.658203125,False,764,refine,static_refresh_cap,"32,33",38128.468233535954
2,38248.220071866424,72.00447650393471,235.28125,False,765,warmup,static_refresh_cap,"34,35",38176.21559536249
2,38295.96743369296,47.74736182653436,22.658203125,False,766,refine,static_refresh_cap,"34,35",38248.220071866424
2,38343.714795519496,47.74736182653436,22.658203125,False,767,refine,static_refresh_cap,"34,35",38295.96743369296
2,38391.46215734603,47.74736182653436,22.658203125,False,768,refine,static_refresh_cap,"34,35",38343.714795519496
2,38439.20951917257,47.74736182653436,22.658203125,False,769,refine,static_refresh_cap,"34,35",38391.46215734603
2,38486.9568809991,47.74736182653436,22.658203125,False,770,refine,static_refresh_cap,"34,35",38439.20951917257
2,38534.70424282564,47.74736182653436,22.658203125,False,771,refine,static_refresh_cap,"34,35",38486.9568809991
2,38582.451604652175,47.74736182653436,22.658203125,False,772,refine,static_refresh_cap,"34,35",38534.70424282564
2,38630.19896647871,47.74736182653436,22.658203125,False,773,refine,static_refresh_cap,"34,35",38582.451604652175
2,38677.94632830525,47.74736182653436,22.658203125,False,774,refine,static_refresh_cap,"34,35",38630.19896647871
2,38725.69369013178,47.74736182653436,22.658203125,False,775,refine,static_refresh_cap,"34,35",38677.94632830525
2,38773.44105195832,47.74736182653436,22.658203125,False,776,refine,static_refresh_cap,"34,35",38725.69369013178
2,38845.44552846225,72.00447650393471,235.28125,False,777,warmup,static_refresh_cap,"34,35",38773.44105195832
2,38893.19289028879,47.74736182653436,22.658203125,False,778,refine,static_refresh_cap,"34,35",38845.44552846225
2,38940.940252115324,47.74736182653436,22.658203125,False,779,refine,static_refresh_cap,"34,35",38893.19289028879
2,38988.68761394186,47.74736182653436,22.658203125,False,780,refine,static_refresh_cap,"34,35",38940.940252115324
2,39036.434975768396,47.74736182653436,22.658203125,False,781,refine,static_refresh_cap,"34,35",38988.68761394186
2,39084.18233759493,47.74736182653436,22.658203125,False,782,refine,static_refresh_cap,"34,35",39036.434975768396
2,39131.92969942147,47.74736182653436,22.658203125,False,783,refine,static_refresh_cap,"34,35",39084.18233759493
2,39179.677061248,47.74736182653436,22.658203125,False,784,refine,static_refresh_cap,"34,35",39131.92969942147
2,39227.42442307454,47.74736182653436,22.658203125,False,785,refine,static_refresh_cap,"34,35",39179.677061248
2,39275.171784901075,47.74736182653436,22.658203125,False,786,refine,static_refresh_cap,"34,35",39227.42442307454
2,39322.91914672761,47.74736182653436,22.658203125,False,787,refine,static_refresh_cap,"34,35",39275.171784901075
2,39394.923623231545,72.00447650393471,235.28125,False,788,warmup,static_refresh_cap,"34,35",39322.91914672761
2,39442.67098505808,47.74736182653436,22.658203125,False,789,refine,static_refresh_cap,"34,35",39394.923623231545
2,39490.41834688462,47.74736182653436,22.658203125,False,790,refine,static_refresh_cap,"34,35",39442.67098505808
2,39538.16570871115,47.74736182653436,22.658203125,False,791,refine,static_refresh_cap,"34,35",39490.41834688462
2,39585.91307053769,47.74736182653436,22.658203125,False,792,refine,static_refresh_cap,"34,35",39538.16570871115
2,39633.660432364224,47.74736182653436,22.658203125,False,793,refine,static_refresh_cap,"34,35",39585.91307053769
2,39681.40779419076,47.74736182653436,22.658203125,False,794,refine,static_refresh_cap,"34,35",39633.660432364224
2,39729.155156017296,47.74736182653436,22.658203125,False,795,refine,static_refresh_cap,"34,35",39681.40779419076
2,39776.90251784383,47.74736182653436,22.658203125,False,796,refine,static_refresh_cap,"34,35",39729.155156017296
2,39824.64987967037,47.74736182653436,22.658203125,False,797,refine,static_refresh_cap,"34,35",39776.90251784383
2,39872.3972414969,47.74736182653436,22.658203125,False,798,refine,static_refresh_cap,"34,35",39824.64987967037
2,39944.40171800084,72.00447650393471,235.28125,False,799,warmup,static_refresh_cap,"34,35",39872.3972414969
2,39992.14907982737,47.74736182653436,22.658203125,False,800,refine,static_refresh_cap,"34,35",39944.40171800084
2,40039.89644165391,47.74736182653436,22.658203125,False,801,refine,static_refresh_cap,"34,35",39992.14907982737
2,40087.643803480445,47.74736182653436,22.658203125,False,802,refine,static_refresh_cap,"34,35",40039.89644165391
2,40135.39116530698,47.74736182653436,22.658203125,False,803,refine,static_refresh_cap,"34,35",40087.643803480445
2,40183.13852713352,47.74736182653436,22.658203125,False,804,refine,static_refresh_cap,"34,35",40135.39116530698
2,40230.88588896005,47.74736182653436,22.658203125,False,805,refine,static_refresh_cap,"34,35",40183.13852713352
2,40278.63325078659,47.74736182653436,22.658203125,False,806,refine,static_refresh_cap,"34,35",40230.88588896005
2,40326.380612613124,47.74736182653436,22.658203125,False,807,refine,static_refresh_cap,"34,35",40278.63325078659
2,40374.12797443966,47.74736182653436,22.658203125,False,808,refine,static_refresh_cap,"34,35",40326.380612613124
2,40421.875336266196,47.74736182653436,22.658203125,False,809,refine,static_refresh_cap,"34,35",40374.12797443966
2,40493.87981277013,72.00447650393471,235.28125,False,810,warmup,static_refresh_cap,"36,37",40421.875336266196
2,40541.627174596666,47.74736182653436,22.658203125,False,811,refine,static_refresh_cap,"36,37",40493.87981277013
2,40589.3745364232,47.74736182653436,22.658203125,False,812,refine,static_refresh_cap,"36,37",40541.627174596666
2,40637.12189824974,47.74736182653436,22.658203125,False,813,refine,static_refresh_cap,"36,37",40589.3745364232
2,40684.86926007627,47.74736182653436,22.658203125,False,814,refine,static_refresh_cap,"36,37",40637.12189824974
2,40732.61662190281,47.74736182653436,22.658203125,False,815,refine,static_refresh_cap,"36,37",40684.86926007627
2,40780.363983729345,47.74736182653436,22.658203125,False,816,refine,static_refresh_cap,"36,37",40732.61662190281
2,40828.11134555588,47.74736182653436,22.658203125,False,817,refine,static_refresh_cap,"36,37",40780.363983729345
2,40875.85870738242,47.74736182653436,22.658203125,False,818,refine,static_refresh_cap,"36,37",40828.11134555588
2,40923.60606920895,47.74736182653436,22.658203125,False,819,refine,static_refresh_cap,"36,37",40875.85870738242
2,40971.35343103549,47.74736182653436,22.658203125,False,820,refine,static_refresh_cap,"36,37",40923.60606920895
2,41019.100792862024,47.74736182653436,22.658203125,False,821,refine,static_refresh_cap,"36,37",40971.35343103549
2,41091.10526936596,72.00447650393471,235.28125,False,822,warmup,static_refresh_cap,"36,37",41019.100792862024
2,41138.852631192494,47.74736182653436,22.658203125,False,823,refine,static_refresh_cap,"36,37",41091.10526936596
2,41186.59999301903,47.74736182653436,22.658203125,False,824,refine,static_refresh_cap,"36,37",41138.852631192494
2,41234.347354845566,47.74736182653436,22.658203125,False,825,refine,static_refresh_cap,"36,37",41186.59999301903
2,41282.0947166721,47.74736182653436,22.658203125,False,826,refine,static_refresh_cap,"36,37",41234.347354845566
2,41329.84207849864,47.74736182653436,22.658203125,False,827,refine,static_refresh_cap,"36,37",41282.0947166721
2,41377.58944032517,47.74736182653436,22.658203125,False,828,refine,static_refresh_cap,"36,37",41329.84207849864
2,41425.33680215171,47.74736182653436,22.658203125,False,829,refine,static_refresh_cap,"36,37",41377.58944032517
2,41473.084163978245,47.74736182653436,22.658203125,False,830,refine,static_refresh_cap,"36,37",41425.33680215171
2,41520.83152580478,47.74736182653436,22.658203125,False,831,refine,static_refresh_cap,"36,37",41473.084163978245
2,41568.578887631316,47.74736182653436,22.658203125,False,832,refine,static_refresh_cap,"36,37",41520.83152580478
2,41640.58336413525,72.00447650393471,235.28125,False,833,warmup,static_refresh_cap,"36,37",41568.578887631316
2,41688.33072596179,47.74736182653436,22.658203125,False,834,refine,static_refresh_cap,"36,37",41640.58336413525
2,41736.07808778832,47.74736182653436,22.658203125,False,835,refine,static_refresh_cap,"36,37",41688.33072596179
2,41783.82544961486,47.74736182653436,22.658203125,False,836,refine,static_refresh_cap,"36,37",41736.07808778832
2,41831.572811441394,47.74736182653436,22.658203125,False,837,refine,static_refresh_cap,"36,37",41783.82544961486
2,41879.32017326793,47.74736182653436,22.658203125,False,838,refine,static_refresh_cap,"36,37",41831.572811441394
2,41927.067535094466,47.74736182653436,22.658203125,False,839,refine,static_refresh_cap,"36,37",41879.32017326793
2,41974.814896921,47.74736182653436,22.658203125,False,840,refine,static_refresh_cap,"36,37",41927.067535094466
2,42022.56225874754,47.74736182653436,22.658203125,False,841,refine,static_refresh_cap,"36,37",41974.814896921
2,42070.30962057407,47.74736182653436,22.658203125,False,842,refine,static_refresh_cap,"36,37",42022.56225874754
2,42118.05698240061,47.74736182653436,22.658203125,False,843,refine,static_refresh_cap,"36,37",42070.30962057407
2,42190.06145890454,72.00447650393471,235.28125,False,844,warmup,static_refresh_cap,"36,37",42118.05698240061
2,42237.80882073108,47.74736182653436,22.658203125,False,845,refine,static_refresh_cap,"36,37",42190.06145890454
2,42285.556182557615,47.74736182653436,22.658203125,False,846,refine,static_refresh_cap,"36,37",42237.80882073108
2,42333.30354438415,47.74736182653436,22.658203125,False,847,refine,static_refresh_cap,"36,37",42285.556182557615
2,42381.05090621069,47.74736182653436,22.658203125,False,848,refine,static_refresh_cap,"36,37",42333.30354438415
2,42428.79826803722,47.74736182653436,22.658203125,False,849,refine,static_refresh_cap,"36,37",42381.05090621069
2,42476.54562986376,47.74736182653436,22.658203125,False,850,refine,static_refresh_cap,"36,37",42428.79826803722
2,42524.292991690294,47.74736182653436,22.658203125,False,851,refine,static_refresh_cap,"36,37",42476.54562986376
2,42572.04035351683,47.74736182653436,22.658203125,False,852,refine,static_refresh_cap,"36,37",42524.292991690294
2,42619.787715343366,47.74736182653436,22.658203125,False,853,refine,static_refresh_cap,"36,37",42572.04035351683
2,42667.5350771699,47.74736182653436,22.658203125,False,854,refine,static_refresh_cap,"36,37",42619.787715343366
2,42739.539553673836,72.00447650393471,235.28125,False,855,warmup,static_refresh_cap,"38,39",42667.5350771699
2,42787.28691550037,47.74736182653436,22.658203125,False,856,refine,static_refresh_cap,"38,39",42739.539553673836
2,42835.03427732691,47.74736182653436,22.658203125,False,857,refine,static_refresh_cap,"38,39",42787.28691550037
2,42882.78163915344,47.74736182653436,22.658203125,False,858,refine,static_refresh_cap,"38,39",42835.03427732691
2,42930.52900097998,47.74736182653436,22.658203125,False,859,refine,static_refresh_cap,"38,39",42882.78163915344
2,42978.276362806515,47.74736182653436,22.658203125,False,860,refine,static_refresh_cap,"38,39",42930.52900097998
2,43026.02372463305,47.74736182653436,22.658203125,False,861,refine,static_refresh_cap,"38,39",42978.276362806515
2,43073.77108645959,47.74736182653436,22.658203125,False,862,refine,static_refresh_cap,"38,39",43026.02372463305
2,43121.51844828612,47.74736182653436,22.658203125,False,863,refine,static_refresh_cap,"38,39",43073.77108645959
2,43169.26581011266,47.74736182653436,22.658203125,False,864,refine,static_refresh_cap,"38,39",43121.51844828612
2,43217.013171939194,47.74736182653436,22.658203125,False,865,refine,static_refresh_cap,"38,39",43169.26581011266
2,43264.76053376573,47.74736182653436,22.658203125,False,866,refine,static_refresh_cap,"38,39",43217.013171939194
2,43336.765010269664,72.00447650393471,235.28125,False,867,warmup,static_refresh_cap,"38,39",43264.76053376573
2,43384.5123720962,47.74736182653436,22.658203125,False,868,refine,static_refresh_cap,"38,39",43336.765010269664
2,43432.259733922736,47.74736182653436,22.658203125,False,869,refine,static_refresh_cap,"38,39",43384.5123720962
2,43480.00709574927,47.74736182653436,22.658203125,False,870,refine,static_refresh_cap,"38,39",43432.259733922736
2,43527.75445757581,47.74736182653436,22.658203125,False,871,refine,static_refresh_cap,"38,39",43480.00709574927
2,43575.50181940234,47.74736182653436,22.658203125,False,872,refine,static_refresh_cap,"38,39",43527.75445757581
2,43623.24918122888,47.74736182653436,22.658203125,False,873,refine,static_refresh_cap,"38,39",43575.50181940234
2,43670.996543055415,47.74736182653436,22.658203125,False,874,refine,static_refresh_cap,"38,39",43623.24918122888
2,43718.74390488195,47.74736182653436,22.658203125,False,875,refine,static_refresh_cap,"38,39",43670.996543055415
2,43766.49126670849,47.74736182653436,22.658203125,False,876,refine,static_refresh_cap,"38,39",43718.74390488195
2,43814.23862853502,47.74736182653436,22.658203125,False,877,refine,static_refresh_cap,"38,39",43766.49126670849
2,43886.24310503896,72.00447650393471,235.28125,False,878,warmup,static_refresh_cap,"38,39",43814.23862853502
2,43933.99046686549,47.74736182653436,22.658203125,False,879,refine,static_refresh_cap,"38,39",43886.24310503896
2,43981.73782869203,47.74736182653436,22.658203125,False,880,refine,static_refresh_cap,"38,39",43933.99046686549
2,44029.485190518564,47.74736182653436,22.658203125,False,881,refine,static_refresh_cap,"38,39",43981.73782869203
2,44077.2325523451,47.74736182653436,22.658203125,False,882,refine,static_refresh_cap,"38,39",44029.485190518564
2,44124.979914171636,47.74736182653436,22.658203125,False,883,refine,static_refresh_cap,"38,39",44077.2325523451
2,44172.72727599817,47.74736182653436,22.658203125,False,884,refine,static_refresh_cap,"38,39",44124.979914171636
2,44220.47463782471,47.74736182653436,22.658203125,False,885,refine,static_refresh_cap,"38,39",44172.72727599817
2,44268.22199965124,47.74736182653436,22.658203125,False,886,refine,static_refresh_cap,"38,39",44220.47463782471
2,44315.96936147778,47.74736182653436,22.658203125,False,887,refine,static_refresh_cap,"38,39",44268.22199965124
2,44363.716723304315,47.74736182653436,22.658203125,False,888,refine,static_refresh_cap,"38,39",44315.96936147778
2,44435.72119980825,72.00447650393471,235.28125,False,889,warmup,static_refresh_cap,"38,39",44363.716723304315
2,44483.468561634785,47.74736182653436,22.658203125,False,890,refine,static_refresh_cap,"38,39",44435.72119980825
2,44531.21592346132,47.74736182653436,22.658203125,False,891,refine,static_refresh_cap,"38,39",44483.468561634785
2,44578.96328528786,47.74736182653436,22.658203125,False,892,refine,static_refresh_cap,"38,39",44531.21592346132
2,44626.71064711439,47.74736182653436,22.658203125,False,893,refine,static_refresh_cap,"38,39",44578.96328528786
2,44674.45800894093,47.74736182653436,22.658203125,False,894,refine,static_refresh_cap,"38,39",44626.71064711439
2,44722.205370767464,47.74736182653436,22.658203125,False,895,refine,static_refresh_cap,"38,39",44674.45800894093
2,44769.952732594,47.74736182653436,22.658203125,False,896,refine,static_refresh_cap,"38,39",44722.205370767464
2,44817.700094420536,47.74736182653436,22.658203125,False,897,refine,static_refresh_cap,"38,39",44769.952732594
2,44865.44745624707,47.74736182653436,22.658203125,False,898,refine,static_refresh_cap,"38,39",44817.700094420536
2,44913.19481807361,47.74736182653436,22.658203125,False,899,refine,static_refresh_cap,"38,39",44865.44745624707
2,44985.19929457754,72.00447650393471,235.28125,False,900,warmup,static_refresh_cap,"40,41",44913.19481807361
2,45032.94665640408,47.74736182653436,22.658203125,False,901,refine,static_refresh_cap,"40,41",44985.19929457754
2,45080.69401823061,47.74736182653436,22.658203125,False,902,refine,static_refresh_cap,"40,41",45032.94665640408
2,45128.44138005715,47.74736182653436,22.658203125,False,903,refine,static_refresh_cap,"40,41",45080.69401823061
2,45176.188741883685,47.74736182653436,22.658203125,False,904,refine,static_refresh_cap,"40,41",45128.44138005715
2,45223.93610371022,47.74736182653436,22.658203125,False,905,refine,static_refresh_cap,"40,41",45176.188741883685
2,45271.68346553676,47.74736182653436,22.658203125,False,906,refine,static_refresh_cap,"40,41",45223.93610371022
2,45319.43082736329,47.74736182653436,22.658203125,False,907,refine,static_refresh_cap,"40,41",45271.68346553676
2,45367.17818918983,47.74736182653436,22.658203125,False,908,refine,static_refresh_cap,"40,41",45319.43082736329
2,45414.925551016364,47.74736182653436,22.658203125,False,909,refine,static_refresh_cap,"40,41",45367.17818918983
2,45462.6729128429,47.74736182653436,22.658203125,False,910,refine,static_refresh_cap,"40,41",45414.925551016364
2,45510.420274669435,47.74736182653436,22.658203125,False,911,refine,static_refresh_cap,"40,41",45462.6729128429
2,45582.42475117337,72.00447650393471,235.28125,False,912,warmup,static_refresh_cap,"40,41",45510.420274669435
2,45630.172112999906,47.74736182653436,22.658203125,False,913,refine,static_refresh_cap,"40,41",45582.42475117337
2,45677.91947482644,47.74736182653436,22.658203125,False,914,refine,static_refresh_cap,"40,41",45630.172112999906
2,45725.66683665298,47.74736182653436,22.658203125,False,915,refine,static_refresh_cap,"40,41",45677.91947482644
2,45773.41419847951,47.74736182653436,22.658203125,False,916,refine,static_refresh_cap,"40,41",45725.66683665298
2,45821.16156030605,47.74736182653436,22.658203125,False,917,refine,static_refresh_cap,"40,41",45773.41419847951
2,45868.908922132585,47.74736182653436,22.658203125,False,918,refine,static_refresh_cap,"40,41",45821.16156030605
2,45916.65628395912,47.74736182653436,22.658203125,False,919,refine,static_refresh_cap,"40,41",45868.908922132585
2,45964.40364578566,47.74736182653436,22.658203125,False,920,refine,static_refresh_cap,"40,41",45916.65628395912
2,46012.15100761219,47.74736182653436,22.658203125,False,921,refine,static_refresh_cap,"40,41",45964.40364578566
2,46059.89836943873,47.74736182653436,22.658203125,False,922,refine,static_refresh_cap,"40,41",46012.15100761219
2,46131.90284594266,72.00447650393471,235.28125,False,923,warmup,static_refresh_cap,"40,41",46059.89836943873
2,46179.6502077692,47.74736182653436,22.658203125,False,924,refine,static_refresh_cap,"40,41",46131.90284594266
2,46227.397569595734,47.74736182653436,22.658203125,False,925,refine,static_refresh_cap,"40,41",46179.6502077692
2,46275.14493142227,47.74736182653436,22.658203125,False,926,refine,static_refresh_cap,"40,41",46227.397569595734
2,46322.892293248806,47.74736182653436,22.658203125,False,927,refine,static_refresh_cap,"40,41",46275.14493142227
2,46370.63965507534,47.74736182653436,22.658203125,False,928,refine,static_refresh_cap,"40,41",46322.892293248806
2,46418.38701690188,47.74736182653436,22.658203125,False,929,refine,static_refresh_cap,"40,41",46370.63965507534
2,46466.13437872841,47.74736182653436,22.658203125,False,930,refine,static_refresh_cap,"40,41",46418.38701690188
2,46513.88174055495,47.74736182653436,22.658203125,False,931,refine,static_refresh_cap,"40,41",46466.13437872841
2,46561.629102381485,47.74736182653436,22.658203125,False,932,refine,static_refresh_cap,"40,41",46513.88174055495
2,46609.37646420802,47.74736182653436,22.658203125,False,933,refine,static_refresh_cap,"40,41",46561.629102381485
2,46681.380940711955,72.00447650393471,235.28125,False,934,warmup,static_refresh_cap,"40,41",46609.37646420802
2,46729.12830253849,47.74736182653436,22.658203125,False,935,refine,static_refresh_cap,"40,41",46681.380940711955
2,46776.87566436503,47.74736182653436,22.658203125,False,936,refine,static_refresh_cap,"40,41",46729.12830253849
2,46824.62302619156,47.74736182653436,22.658203125,False,937,refine,static_refresh_cap,"40,41",46776.87566436503
2,46872.3703880181,47.74736182653436,22.658203125,False,938,refine,static_refresh_cap,"40,41",46824.62302619156
2,46920.117749844634,47.74736182653436,22.658203125,False,939,refine,static_refresh_cap,"40,41",46872.3703880181
2,46967.86511167117,47.74736182653436,22.658203125,False,940,refine,static_refresh_cap,"40,41",46920.117749844634
2,47015.612473497706,47.74736182653436,22.658203125,False,941,refine,static_refresh_cap,"40,41",46967.86511167117
2,47063.35983532424,47.74736182653436,22.658203125,False,942,refine,static_refresh_cap,"40,41",47015.612473497706
2,47111.10719715078,47.74736182653436,22.658203125,False,943,refine,static_refresh_cap,"40,41",47063.35983532424
2,47158.85455897731,47.74736182653436,22.658203125,False,944,refine,static_refresh_cap,"40,41",47111.10719715078
2,47230.85903548125,72.00447650393471,235.28125,False,945,warmup,static_refresh_cap,"42,43",47158.85455897731
2,47278.60639730778,47.74736182653436,22.658203125,False,946,refine,static_refresh_cap,"42,43",47230.85903548125
2,47326.35375913432,47.74736182653436,22.658203125,False,947,refine,static_refresh_cap,"42,43",47278.60639730778
2,47374.101120960855,47.74736182653436,22.658203125,False,948,refine,static_refresh_cap,"42,43",47326.35375913432
2,47421.84848278739,47.74736182653436,22.658203125,False,949,refine,static_refresh_cap,"42,43",47374.101120960855
2,47469.59584461393,47.74736182653436,22.658203125,False,950,refine,static_refresh_cap,"42,43",47421.84848278739
2,47517.34320644046,47.74736182653436,22.658203125,False,951,refine,static_refresh_cap,"42,43",47469.59584461393
2,47565.090568267,47.74736182653436,22.658203125,False,952,refine,static_refresh_cap,"42,43",47517.34320644046
2,47612.837930093534,47.74736182653436,22.658203125,False,953,refine,static_refresh_cap,"42,43",47565.090568267
2,47660.58529192007,47.74736182653436,22.658203125,False,954,refine,static_refresh_cap,"42,43",47612.837930093534
2,47708.332653746606,47.74736182653436,22.658203125,False,955,refine,static_refresh_cap,"42,43",47660.58529192007
2,47756.08001557314,47.74736182653436,22.658203125,False,956,refine,static_refresh_cap,"42,43",47708.332653746606
2,47828.084492077076,72.00447650393471,235.28125,False,957,warmup,static_refresh_cap,"42,43",47756.08001557314
2,47875.83185390361,47.74736182653436,22.658203125,False,958,refine,static_refresh_cap,"42,43",47828.084492077076
2,47923.57921573015,47.74736182653436,22.658203125,False,959,refine,static_refresh_cap,"42,43",47875.83185390361
2,47971.32657755668,47.74736182653436,22.658203125,False,960,refine,static_refresh_cap,"42,43",47923.57921573015
2,48019.07393938322,47.74736182653436,22.658203125,False,961,refine,static_refresh_cap,"42,43",47971.32657755668
2,48066.821301209755,47.74736182653436,22.658203125,False,962,refine,static_refresh_cap,"42,43",48019.07393938322
2,48114.56866303629,47.74736182653436,22.658203125,False,963,refine,static_refresh_cap,"42,43",48066.821301209755
2,48162.31602486283,47.74736182653436,22.658203125,False,964,refine,static_refresh_cap,"42,43",48114.56866303629
2,48210.06338668936,47.74736182653436,22.658203125,False,965,refine,static_refresh_cap,"42,43",48162.31602486283
2,48257.8107485159,47.74736182653436,22.658203125,False,966,refine,static_refresh_cap,"42,43",48210.06338668936
2,48305.558110342434,47.74736182653436,22.658203125,False,967,refine,static_refresh_cap,"42,43",48257.8107485159
2,48377.56258684637,72.00447650393471,235.28125,False,968,warmup,static_refresh_cap,"42,43",48305.558110342434
2,48425.309948672904,47.74736182653436,22.658203125,False,969,refine,static_refresh_cap,"42,43",48377.56258684637
2,48473.05731049944,47.74736182653436,22.658203125,False,970,refine,static_refresh_cap,"42,43",48425.309948672904
2,48520.804672325976,47.74736182653436,22.658203125,False,971,refine,static_refresh_cap,"42,43",48473.05731049944
2,48568.55203415251,47.74736182653436,22.658203125,False,972,refine,static_refresh_cap,"42,43",48520.804672325976
2,48616.29939597905,47.74736182653436,22.658203125,False,973,refine,static_refresh_cap,"42,43",48568.55203415251
2,48664.04675780558,47.74736182653436,22.658203125,False,974,refine,static_refresh_cap,"42,43",48616.29939597905
2,48711.79411963212,47.74736182653436,22.658203125,False,975,refine,static_refresh_cap,"42,43",48664.04675780558
2,48759.541481458655,47.74736182653436,22.658203125,False,976,refine,static_refresh_cap,"42,43",48711.79411963212
2,48807.28884328519,47.74736182653436,22.658203125,False,977,refine,static_refresh_cap,"42,43",48759.541481458655
2,48855.036205111726,47.74736182653436,22.658203125,False,978,refine,static_refresh_cap,"42,43",48807.28884328519
2,48927.04068161566,72.00447650393471,235.28125,False,979,warmup,static_refresh_cap,"42,43",48855.036205111726
2,48974.7880434422,47.74736182653436,22.658203125,False,980,refine,static_refresh_cap,"42,43",48927.04068161566
2,49022.53540526873,47.74736182653436,22.658203125,False,981,refine,static_refresh_cap,"42,43",48974.7880434422
2,49070.28276709527,47.74736182653436,22.658203125,False,982,refine,static_refresh_cap,"42,43",49022.53540526873
2,49118.030128921804,47.74736182653436,22.658203125,False,983,refine,static_refresh_cap,"42,43",49070.28276709527
2,49165.77749074834,47.74736182653436,22.658203125,False,984,refine,static_refresh_cap,"42,43",49118.030128921804
2,49213.524852574876,47.74736182653436,22.658203125,False,985,refine,static_refresh_cap,"42,43",49165.77749074834
2,49261.27221440141,47.74736182653436,22.658203125,False,986,refine,static_refresh_cap,"42,43",49213.524852574876
2,49309.01957622795,47.74736182653436,22.658203125,False,987,refine,static_refresh_cap,"42,43",49261.27221440141
2,49356.76693805448,47.74736182653436,22.658203125,False,988,refine,static_refresh_cap,"42,43",49309.01957622795
2,49404.51429988102,47.74736182653436,22.658203125,False,989,refine,static_refresh_cap,"42,43",49356.76693805448
2,49476.51877638495,72.00447650393471,235.28125,False,990,warmup,static_refresh_cap,"44,45",49404.51429988102
2,49524.26613821149,47.74736182653436,22.658203125,False,991,refine,static_refresh_cap,"44,45",49476.51877638495
2,49572.013500038025,47.74736182653436,22.658203125,False,992,refine,static_refresh_cap,"44,45",49524.26613821149
2,49619.76086186456,47.74736182653436,22.658203125,False,993,refine,static_refresh_cap,"44,45",49572.013500038025
2,49667.5082236911,47.74736182653436,22.658203125,False,994,refine,static_refresh_cap,"44,45",49619.76086186456
2,49715.25558551763,47.74736182653436,22.658203125,False,995,refine,static_refresh_cap,"44,45",49667.5082236911
2,49763.00294734417,47.74736182653436,22.658203125,False,996,refine,static_refresh_cap,"44,45",49715.25558551763
2,49810.750309170704,47.74736182653436,22.658203125,False,997,refine,static_refresh_cap,"44,45",49763.00294734417
2,49858.49767099724,47.74736182653436,22.658203125,False,998,refine,static_refresh_cap,"44,45",49810.750309170704
2,49906.245032823776,47.74736182653436,22.658203125,False,999,refine,static_refresh_cap,"44,45",49858.49767099724
2,49953.99239465031,47.74736182653436,22.658203125,False,1000,refine,static_refresh_cap,"44,45",49906.245032823776
2,50001.73975647685,47.74736182653436,22.658203125,False,1001,refine,static_refresh_cap,"44,45",49953.99239465031
2,50073.74423298078,72.00447650393471,235.28125,False,1002,warmup,static_refresh_cap,"44,45",50001.73975647685
2,50121.49159480732,47.74736182653436,22.658203125,False,1003,refine,static_refresh_cap,"44,45",50073.74423298078
2,50169.23895663385,47.74736182653436,22.658203125,False,1004,refine,static_refresh_cap,"44,45",50121.49159480732
2,50216.98631846039,47.74736182653436,22.658203125,False,1005,refine,static_refresh_cap,"44,45",50169.23895663385
2,50264.733680286925,47.74736182653436,22.658203125,False,1006,refine,static_refresh_cap,"44,45",50216.98631846039
2,50312.48104211346,47.74736182653436,22.658203125,False,1007,refine,static_refresh_cap,"44,45",50264.733680286925
2,50360.22840394,47.74736182653436,22.658203125,False,1008,refine,static_refresh_cap,"44,45",50312.48104211346
2,50407.97576576653,47.74736182653436,22.658203125,False,1009,refine,static_refresh_cap,"44,45",50360.22840394
2,50455.72312759307,47.74736182653436,22.658203125,False,1010,refine,static_refresh_cap,"44,45",50407.97576576653
2,50503.470489419604,47.74736182653436,22.658203125,False,1011,refine,static_refresh_cap,"44,45",50455.72312759307
2,50551.21785124614,47.74736182653436,22.658203125,False,1012,refine,static_refresh_cap,"44,45",50503.470489419604
2,50623.222327750074,72.00447650393471,235.28125,False,1013,warmup,static_refresh_cap,"44,45",50551.21785124614
2,50670.96968957661,47.74736182653436,22.658203125,False,1014,refine,static_refresh_cap,"44,45",50623.222327750074
2,50718.717051403146,47.74736182653436,22.658203125,False,1015,refine,static_refresh_cap,"44,45",50670.96968957661
2,50766.46441322968,47.74736182653436,22.658203125,False,1016,refine,static_refresh_cap,"44,45",50718.717051403146
2,50814.21177505622,47.74736182653436,22.658203125,False,1017,refine,static_refresh_cap,"44,45",50766.46441322968
2,50861.95913688275,47.74736182653436,22.658203125,False,1018,refine,static_refresh_cap,"44,45",50814.21177505622
2,50909.70649870929,47.74736182653436,22.658203125,False,1019,refine,static_refresh_cap,"44,45",50861.95913688275
2,50957.453860535825,47.74736182653436,22.658203125,False,1020,refine,static_refresh_cap,"44,45",50909.70649870929
2,51005.20122236236,47.74736182653436,22.658203125,False,1021,refine,static_refresh_cap,"44,45",50957.453860535825
2,51052.948584188896,47.74736182653436,22.658203125,False,1022,refine,static_refresh_cap,"44,45",51005.20122236236
2,51100.69594601543,47.74736182653436,22.658203125,False,1023,refine,static_refresh_cap,"44,45",51052.948584188896
2,51172.70042251937,72.00447650393471,235.28125,False,1024,warmup,static_refresh_cap,"44,45",51100.69594601543
2,51220.4477843459,47.74736182653436,22.658203125,False,1025,refine,static_refresh_cap,"44,45",51172.70042251937
2,51268.19514617244,47.74736182653436,22.658203125,False,1026,refine,static_refresh_cap,"44,45",51220.4477843459
2,51315.942507998974,47.74736182653436,22.658203125,False,1027,refine,static_refresh_cap,"44,45",51268.19514617244
2,51363.68986982551,47.74736182653436,22.658203125,False,1028,refine,static_refresh_cap,"44,45",51315.942507998974
2,51411.437231652046,47.74736182653436,22.658203125,False,1029,refine,static_refresh_cap,"44,45",51363.68986982551
2,51459.18459347858,47.74736182653436,22.658203125,False,1030,refine,static_refresh_cap,"44,45",51411.437231652046
2,51506.93195530512,47.74736182653436,22.658203125,False,1031,refine,static_refresh_cap,"44,45",51459.18459347858
2,51554.67931713165,47.74736182653436,22.658203125,False,1032,refine,static_refresh_cap,"44,45",51506.93195530512
2,51602.42667895819,47.74736182653436,22.658203125,False,1033,refine,static_refresh_cap,"44,45",51554.67931713165
2,51650.174040784725,47.74736182653436,22.658203125,False,1034,refine,static_refresh_cap,"44,45",51602.42667895819
2,51722.17851728866,72.00447650393471,235.28125,False,1035,warmup,static_refresh_cap,"46,47",51650.174040784725
2,51769.925879115195,47.74736182653436,22.658203125,False,1036,refine,static_refresh_cap,"46,47",51722.17851728866
2,51817.67324094173,47.74736182653436,22.658203125,False,1037,refine,static_refresh_cap,"46,47",51769.925879115195
2,51865.42060276827,47.74736182653436,22.658203125,False,1038,refine,static_refresh_cap,"46,47",51817.67324094173
2,51913.1679645948,47.74736182653436,22.658203125,False,1039,refine,static_refresh_cap,"46,47",51865.42060276827
2,51960.91532642134,47.74736182653436,22.658203125,False,1040,refine,static_refresh_cap,"46,47",51913.1679645948
2,52008.662688247874,47.74736182653436,22.658203125,False,1041,refine,static_refresh_cap,"46,47",51960.91532642134
2,52056.41005007441,47.74736182653436,22.658203125,False,1042,refine,static_refresh_cap,"46,47",52008.662688247874
2,52104.157411900946,47.74736182653436,22.658203125,False,1043,refine,static_refresh_cap,"46,47",52056.41005007441
2,52151.90477372748,47.74736182653436,22.658203125,False,1044,refine,static_refresh_cap,"46,47",52104.157411900946
2,52199.65213555402,47.74736182653436,22.658203125,False,1045,refine,static_refresh_cap,"46,47",52151.90477372748
2,52247.39949738055,47.74736182653436,22.658203125,False,1046,refine,static_refresh_cap,"46,47",52199.65213555402
2,52319.40397388449,72.00447650393471,235.28125,False,1047,warmup,static_refresh_cap,"46,47",52247.39949738055
2,52367.15133571102,47.74736182653436,22.658203125,False,1048,refine,static_refresh_cap,"46,47",52319.40397388449
2,52414.89869753756,47.74736182653436,22.658203125,False,1049,refine,static_refresh_cap,"46,47",52367.15133571102
2,52462.646059364095,47.74736182653436,22.658203125,False,1050,refine,static_refresh_cap,"46,47",52414.89869753756
2,52510.39342119063,47.74736182653436,22.658203125,False,1051,refine,static_refresh_cap,"46,47",52462.646059364095
2,52558.14078301717,47.74736182653436,22.658203125,False,1052,refine,static_refresh_cap,"46,47",52510.39342119063
2,52605.8881448437,47.74736182653436,22.658203125,False,1053,refine,static_refresh_cap,"46,47",52558.14078301717
2,52653.63550667024,47.74736182653436,22.658203125,False,1054,refine,static_refresh_cap,"46,47",52605.8881448437
2,52701.382868496774,47.74736182653436,22.658203125,False,1055,refine,static_refresh_cap,"46,47",52653.63550667024
2,52749.13023032331,47.74736182653436,22.658203125,False,1056,refine,static_refresh_cap,"46,47",52701.382868496774
2,52796.877592149845,47.74736182653436,22.658203125,False,1057,refine,static_refresh_cap,"46,47",52749.13023032331
2,52868.88206865378,72.00447650393471,235.28125,False,1058,warmup,static_refresh_cap,"46,47",52796.877592149845
2,52916.629430480316,47.74736182653436,22.658203125,False,1059,refine,static_refresh_cap,"46,47",52868.88206865378
2,52964.37679230685,47.74736182653436,22.658203125,False,1060,refine,static_refresh_cap,"46,47",52916.629430480316
2,53012.12415413339,47.74736182653436,22.658203125,False,1061,refine,static_refresh_cap,"46,47",52964.37679230685
2,53059.87151595992,47.74736182653436,22.658203125,False,1062,refine,static_refresh_cap,"46,47",53012.12415413339
2,53107.61887778646,47.74736182653436,22.658203125,False,1063,refine,static_refresh_cap,"46,47",53059.87151595992
2,53155.366239612995,47.74736182653436,22.658203125,False,1064,refine,static_refresh_cap,"46,47",53107.61887778646
2,53203.11360143953,47.74736182653436,22.658203125,False,1065,refine,static_refresh_cap,"46,47",53155.366239612995
2,53250.86096326607,47.74736182653436,22.658203125,False,1066,refine,static_refresh_cap,"46,47",53203.11360143953
2,53298.6083250926,47.74736182653436,22.658203125,False,1067,refine,static_refresh_cap,"46,47",53250.86096326607
2,53346.35568691914,47.74736182653436,22.658203125,False,1068,refine,static_refresh_cap,"46,47",53298.6083250926
2,53418.36016342307,72.00447650393471,235.28125,False,1069,warmup,static_refresh_cap,"46,47",53346.35568691914
2,53466.10752524961,47.74736182653436,22.658203125,False,1070,refine,static_refresh_cap,"46,47",53418.36016342307
2,53513.854887076144,47.74736182653436,22.658203125,False,1071,refine,static_refresh_cap,"46,47",53466.10752524961
2,53561.60224890268,47.74736182653436,22.658203125,False,1072,refine,static_refresh_cap,"46,47",53513.854887076144
2,53609.349610729216,47.74736182653436,22.658203125,False,1073,refine,static_refresh_cap,"46,47",53561.60224890268
2,53657.09697255575,47.74736182653436,22.658203125,False,1074,refine,static_refresh_cap,"46,47",53609.349610729216
2,53704.84433438229,47.74736182653436,22.658203125,False,1075,refine,static_refresh_cap,"46,47",53657.09697255575
2,53752.59169620882,47.74736182653436,22.658203125,False,1076,refine,static_refresh_cap,"46,47",53704.84433438229
2,53800.33905803536,47.74736182653436,22.658203125,False,1077,refine,static_refresh_cap,"46,47",53752.59169620882
2,53848.086419861895,47.74736182653436,22.658203125,False,1078,refine,static_refresh_cap,"46,47",53800.33905803536
2,53895.83378168843,47.74736182653436,22.658203125,False,1079,refine,static_refresh_cap,"46,47",53848.086419861895
2,53967.838258192365,72.00447650393471,235.28125,False,1080,warmup,static_refresh_cap,"48,49",53895.83378168843
2,54015.5856200189,47.74736182653436,22.658203125,False,1081,refine,static_refresh_cap,"48,49",53967.838258192365
2,54063.33298184544,47.74736182653436,22.658203125,False,1082,refine,static_refresh_cap,"48,49",54015.5856200189
2,54111.08034367197,47.74736182653436,22.658203125,False,1083,refine,static_refresh_cap,"48,49",54063.33298184544
2,54158.82770549851,47.74736182653436,22.658203125,False,1084,refine,static_refresh_cap,"48,49",54111.08034367197
2,54206.575067325044,47.74736182653436,22.658203125,False,1085,refine,static_refresh_cap,"48,49",54158.82770549851
2,54254.32242915158,47.74736182653436,22.658203125,False,1086,refine,static_refresh_cap,"48,49",54206.575067325044
2,54302.069790978116,47.74736182653436,22.658203125,False,1087,refine,static_refresh_cap,"48,49",54254.32242915158
2,54349.81715280465,47.74736182653436,22.658203125,False,1088,refine,static_refresh_cap,"48,49",54302.069790978116
2,54397.56451463119,47.74736182653436,22.658203125,False,1089,refine,static_refresh_cap,"48,49",54349.81715280465
2,54445.31187645772,47.74736182653436,22.658203125,False,1090,refine,static_refresh_cap,"48,49",54397.56451463119
2,54493.05923828426,47.74736182653436,22.658203125,False,1091,refine,static_refresh_cap,"48,49",54445.31187645772
2,54565.06371478819,72.00447650393471,235.28125,False,1092,warmup,static_refresh_cap,"48,49",54493.05923828426
2,54612.81107661473,47.74736182653436,22.658203125,False,1093,refine,static_refresh_cap,"48,49",54565.06371478819
2,54660.558438441265,47.74736182653436,22.658203125,False,1094,refine,static_refresh_cap,"48,49",54612.81107661473
2,54708.3058002678,47.74736182653436,22.658203125,False,1095,refine,static_refresh_cap,"48,49",54660.558438441265
2,54756.05316209434,47.74736182653436,22.658203125,False,1096,refine,static_refresh_cap,"48,49",54708.3058002678
2,54803.80052392087,47.74736182653436,22.658203125,False,1097,refine,static_refresh_cap,"48,49",54756.05316209434
2,54851.54788574741,47.74736182653436,22.658203125,False,1098,refine,static_refresh_cap,"48,49",54803.80052392087
2,54899.295247573944,47.74736182653436,22.658203125,False,1099,refine,static_refresh_cap,"48,49",54851.54788574741
2,54947.04260940048,47.74736182653436,22.658203125,False,1100,refine,static_refresh_cap,"48,49",54899.295247573944
2,54994.789971227015,47.74736182653436,22.658203125,False,1101,refine,static_refresh_cap,"48,49",54947.04260940048
2,55042.53733305355,47.74736182653436,22.658203125,False,1102,refine,static_refresh_cap,"48,49",54994.789971227015
2,55114.541809557486,72.00447650393471,235.28125,False,1103,warmup,static_refresh_cap,"48,49",55042.53733305355
2,55162.28917138402,47.74736182653436,22.658203125,False,1104,refine,static_refresh_cap,"48,49",55114.541809557486
2,55210.03653321056,47.74736182653436,22.658203125,False,1105,refine,static_refresh_cap,"48,49",55162.28917138402
2,55257.78389503709,47.74736182653436,22.658203125,False,1106,refine,static_refresh_cap,"48,49",55210.03653321056
2,55305.53125686363,47.74736182653436,22.658203125,False,1107,refine,static_refresh_cap,"48,49",55257.78389503709
2,55353.278618690165,47.74736182653436,22.658203125,False,1108,refine,static_refresh_cap,"48,49",55305.53125686363
2,55401.0259805167,47.74736182653436,22.658203125,False,1109,refine,static_refresh_cap,"48,49",55353.278618690165
2,55448.77334234324,47.74736182653436,22.658203125,False,1110,refine,static_refresh_cap,"48,49",55401.0259805167
2,55496.52070416977,47.74736182653436,22.658203125,False,1111,refine,static_refresh_cap,"48,49",55448.77334234324
2,55544.26806599631,47.74736182653436,22.658203125,False,1112,refine,static_refresh_cap,"48,49",55496.52070416977
2,55592.015427822844,47.74736182653436,22.658203125,False,1113,refine,static_refresh_cap,"48,49",55544.26806599631
2,55664.01990432678,72.00447650393471,235.28125,False,1114,warmup,static_refresh_cap,"48,49",55592.015427822844
2,55711.767266153314,47.74736182653436,22.658203125,False,1115,refine,static_refresh_cap,"48,49",55664.01990432678
2,55759.51462797985,47.74736182653436,22.658203125,False,1116,refine,static_refresh_cap,"48,49",55711.767266153314
2,55807.261989806386,47.74736182653436,22.658203125,False,1117,refine,static_refresh_cap,"48,49",55759.51462797985
2,55855.00935163292,47.74736182653436,22.658203125,False,1118,refine,static_refresh_cap,"48,49",55807.261989806386
2,55902.75671345946,47.74736182653436,22.658203125,False,1119,refine,static_refresh_cap,"48,49",55855.00935163292
2,55950.50407528599,47.74736182653436,22.658203125,False,1120,refine,static_refresh_cap,"48,49",55902.75671345946
2,55998.25143711253,47.74736182653436,22.658203125,False,1121,refine,static_refresh_cap,"48,49",55950.50407528599
2,56045.998798939065,47.74736182653436,22.658203125,False,1122,refine,static_refresh_cap,"48,49",55998.25143711253
2,56093.7461607656,47.74736182653436,22.658203125,False,1123,refine,static_refresh_cap,"48,49",56045.998798939065
2,56141.493522592136,47.74736182653436,22.658203125,False,1124,refine,static_refresh_cap,"48,49",56093.7461607656
2,56213.49799909607,72.00447650393471,235.28125,False,1125,warmup,static_refresh_cap,"50,51",56141.493522592136
2,56261.24536092261,47.74736182653436,22.658203125,False,1126,refine,static_refresh_cap,"50,51",56213.49799909607
2,56308.99272274914,47.74736182653436,22.658203125,False,1127,refine,static_refresh_cap,"50,51",56261.24536092261
2,56356.74008457568,47.74736182653436,22.658203125,False,1128,refine,static_refresh_cap,"50,51",56308.99272274914
2,56404.487446402214,47.74736182653436,22.658203125,False,1129,refine,static_refresh_cap,"50,51",56356.74008457568
2,56452.23480822875,47.74736182653436,22.658203125,False,1130,refine,static_refresh_cap,"50,51",56404.487446402214
2,56499.982170055286,47.74736182653436,22.658203125,False,1131,refine,static_refresh_cap,"50,51",56452.23480822875
2,56547.72953188182,47.74736182653436,22.658203125,False,1132,refine,static_refresh_cap,"50,51",56499.982170055286
2,56595.47689370836,47.74736182653436,22.658203125,False,1133,refine,static_refresh_cap,"50,51",56547.72953188182
2,56643.22425553489,47.74736182653436,22.658203125,False,1134,refine,static_refresh_cap,"50,51",56595.47689370836
2,56690.97161736143,47.74736182653436,22.658203125,False,1135,refine,static_refresh_cap,"50,51",56643.22425553489
2,56738.718979187965,47.74736182653436,22.658203125,False,1136,refine,static_refresh_cap,"50,51",56690.97161736143
2,56810.7234556919,72.00447650393471,235.28125,False,1137,warmup,static_refresh_cap,"50,51",56738.718979187965
2,56858.470817518435,47.74736182653436,22.658203125,False,1138,refine,static_refresh_cap,"50,51",56810.7234556919
2,56906.21817934497,47.74736182653436,22.658203125,False,1139,refine,static_refresh_cap,"50,51",56858.470817518435
2,56953.96554117151,47.74736182653436,22.658203125,False,1140,refine,static_refresh_cap,"50,51",56906.21817934497
2,57001.71290299804,47.74736182653436,22.658203125,False,1141,refine,static_refresh_cap,"50,51",56953.96554117151
2,57049.46026482458,47.74736182653436,22.658203125,False,1142,refine,static_refresh_cap,"50,51",57001.71290299804
2,57097.207626651114,47.74736182653436,22.658203125,False,1143,refine,static_refresh_cap,"50,51",57049.46026482458
2,57144.95498847765,47.74736182653436,22.658203125,False,1144,refine,static_refresh_cap,"50,51",57097.207626651114
2,57192.702350304186,47.74736182653436,22.658203125,False,1145,refine,static_refresh_cap,"50,51",57144.95498847765
2,57240.44971213072,47.74736182653436,22.658203125,False,1146,refine,static_refresh_cap,"50,51",57192.702350304186
2,57288.19707395726,47.74736182653436,22.658203125,False,1147,refine,static_refresh_cap,"50,51",57240.44971213072
2,57360.20155046119,72.00447650393471,235.28125,False,1148,warmup,static_refresh_cap,"50,51",57288.19707395726
2,57407.94891228773,47.74736182653436,22.658203125,False,1149,refine,static_refresh_cap,"50,51",57360.20155046119
2,57455.69627411426,47.74736182653436,22.658203125,False,1150,refine,static_refresh_cap,"50,51",57407.94891228773
2,57503.4436359408,47.74736182653436,22.658203125,False,1151,refine,static_refresh_cap,"50,51",57455.69627411426
2,57551.190997767335,47.74736182653436,22.658203125,False,1152,refine,static_refresh_cap,"50,51",57503.4436359408
2,57598.93835959387,47.74736182653436,22.658203125,False,1153,refine,static_refresh_cap,"50,51",57551.190997767335
2,57646.68572142041,47.74736182653436,22.658203125,False,1154,refine,static_refresh_cap,"50,51",57598.93835959387
2,57694.43308324694,47.74736182653436,22.658203125,False,1155,refine,static_refresh_cap,"50,51",57646.68572142041
2,57742.18044507348,47.74736182653436,22.658203125,False,1156,refine,static_refresh_cap,"50,51",57694.43308324694
2,57789.927806900014,47.74736182653436,22.658203125,False,1157,refine,static_refresh_cap,"50,51",57742.18044507348
2,57837.67516872655,47.74736182653436,22.658203125,False,1158,refine,static_refresh_cap,"50,51",57789.927806900014
2,57909.679645230484,72.00447650393471,235.28125,False,1159,warmup,static_refresh_cap,"50,51",57837.67516872655
2,57957.42700705702,47.74736182653436,22.658203125,False,1160,refine,static_refresh_cap,"50,51",57909.679645230484
2,58005.174368883556,47.74736182653436,22.658203125,False,1161,refine,static_refresh_cap,"50,51",57957.42700705702
2,58052.92173071009,47.74736182653436,22.658203125,False,1162,refine,static_refresh_cap,"50,51",58005.174368883556
2,58100.66909253663,47.74736182653436,22.658203125,False,1163,refine,static_refresh_cap,"50,51",58052.92173071009
2,58148.41645436316,47.74736182653436,22.658203125,False,1164,refine,static_refresh_cap,"50,51",58100.66909253663
2,58196.1638161897,47.74736182653436,22.658203125,False,1165,refine,static_refresh_cap,"50,51",58148.41645436316
2,58243.911178016235,47.74736182653436,22.658203125,False,1166,refine,static_refresh_cap,"50,51",58196.1638161897
2,58291.65853984277,47.74736182653436,22.658203125,False,1167,refine,static_refresh_cap,"50,51",58243.911178016235
2,58339.405901669306,47.74736182653436,22.658203125,False,1168,refine,static_refresh_cap,"50,51",58291.65853984277
2,58387.15326349584,47.74736182653436,22.658203125,False,1169,refine,static_refresh_cap,"50,51",58339.405901669306
2,58459.15773999978,72.00447650393471,235.28125,False,1170,warmup,static_refresh_cap,"52,53",58387.15326349584
2,58506.90510182631,47.74736182653436,22.658203125,False,1171,refine,static_refresh_cap,"52,53",58459.15773999978
2,58554.65246365285,47.74736182653436,22.658203125,False,1172,refine,static_refresh_cap,"52,53",58506.90510182631
2,58602.399825479384,47.74736182653436,22.658203125,False,1173,refine,static_refresh_cap,"52,53",58554.65246365285
2,58650.14718730592,47.74736182653436,22.658203125,False,1174,refine,static_refresh_cap,"52,53",58602.399825479384
2,58697.894549132456,47.74736182653436,22.658203125,False,1175,refine,static_refresh_cap,"52,53",58650.14718730592
2,58745.64191095899,47.74736182653436,22.658203125,False,1176,refine,static_refresh_cap,"52,53",58697.894549132456
2,58793.38927278553,47.74736182653436,22.658203125,False,1177,refine,static_refresh_cap,"52,53",58745.64191095899
2,58841.13663461206,47.74736182653436,22.658203125,False,1178,refine,static_refresh_cap,"52,53",58793.38927278553
2,58888.8839964386,47.74736182653436,22.658203125,False,1179,refine,static_refresh_cap,"52,53",58841.13663461206
2,58936.631358265135,47.74736182653436,22.658203125,False,1180,refine,static_refresh_cap,"52,53",58888.8839964386
2,58984.37872009167,47.74736182653436,22.658203125,False,1181,refine,static_refresh_cap,"52,53",58936.631358265135
2,59056.383196595605,72.00447650393471,235.28125,False,1182,warmup,static_refresh_cap,"52,53",58984.37872009167
2,59104.13055842214,47.74736182653436,22.658203125,False,1183,refine,static_refresh_cap,"52,53",59056.383196595605
2,59151.87792024868,47.74736182653436,22.658203125,False,1184,refine,static_refresh_cap,"52,53",59104.13055842214
2,59199.62528207521,47.74736182653436,22.658203125,False,1185,refine,static_refresh_cap,"52,53",59151.87792024868
2,59247.37264390175,47.74736182653436,22.658203125,False,1186,refine,static_refresh_cap,"52,53",59199.62528207521
2,59295.120005728284,47.74736182653436,22.658203125,False,1187,refine,static_refresh_cap,"52,53",59247.37264390175
2,59342.86736755482,47.74736182653436,22.658203125,False,1188,refine,static_refresh_cap,"52,53",59295.120005728284
2,59390.614729381356,47.74736182653436,22.658203125,False,1189,refine,static_refresh_cap,"52,53",59342.86736755482
2,59438.36209120789,47.74736182653436,22.658203125,False,1190,refine,static_refresh_cap,"52,53",59390.614729381356
2,59486.10945303443,47.74736182653436,22.658203125,False,1191,refine,static_refresh_cap,"52,53",59438.36209120789
2,59533.85681486096,47.74736182653436,22.658203125,False,1192,refine,static_refresh_cap,"52,53",59486.10945303443
2,59605.8612913649,72.00447650393471,235.28125,False,1193,warmup,static_refresh_cap,"52,53",59533.85681486096
2,59653.60865319143,47.74736182653436,22.658203125,False,1194,refine,static_refresh_cap,"52,53",59605.8612913649
2,59701.35601501797,47.74736182653436,22.658203125,False,1195,refine,static_refresh_cap,"52,53",59653.60865319143
2,59749.103376844505,47.74736182653436,22.658203125,False,1196,refine,static_refresh_cap,"52,53",59701.35601501797
2,59796.85073867104,47.74736182653436,22.658203125,False,1197,refine,static_refresh_cap,"52,53",59749.103376844505
2,59844.59810049758,47.74736182653436,22.658203125,False,1198,refine,static_refresh_cap,"52,53",59796.85073867104
2,59892.34546232411,47.74736182653436,22.658203125,False,1199,refine,static_refresh_cap,"52,53",59844.59810049758
2,59940.09282415065,47.74736182653436,22.658203125,False,1200,refine,static_refresh_cap,"52,53",59892.34546232411
2,59987.840185977184,47.74736182653436,22.658203125,False,1201,refine,static_refresh_cap,"52,53",59940.09282415065
2,60035.58754780372,47.74736182653436,22.658203125,False,1202,refine,static_refresh_cap,"52,53",59987.840185977184
2,60083.334909630255,47.74736182653436,22.658203125,False,1203,refine,static_refresh_cap,"52,53",60035.58754780372
2,60155.33938613419,72.00447650393471,235.28125,False,1204,warmup,static_refresh_cap,"52,53",60083.334909630255
2,60203.086747960726,47.74736182653436,22.658203125,False,1205,refine,static_refresh_cap,"52,53",60155.33938613419
2,60250.83410978726,47.74736182653436,22.658203125,False,1206,refine,static_refresh_cap,"52,53",60203.086747960726
2,60298.5814716138,47.74736182653436,22.658203125,False,1207,refine,static_refresh_cap,"52,53",60250.83410978726
2,60346.32883344033,47.74736182653436,22.658203125,False,1208,refine,static_refresh_cap,"52,53",60298.5814716138
2,60394.07619526687,47.74736182653436,22.658203125,False,1209,refine,static_refresh_cap,"52,53",60346.32883344033
2,60441.823557093405,47.74736182653436,22.658203125,False,1210,refine,static_refresh_cap,"52,53",60394.07619526687
2,60489.57091891994,47.74736182653436,22.658203125,False,1211,refine,static_refresh_cap,"52,53",60441.823557093405
2,60537.31828074648,47.74736182653436,22.658203125,False,1212,refine,static_refresh_cap,"52,53",60489.57091891994
2,60585.06564257301,47.74736182653436,22.658203125,False,1213,refine,static_refresh_cap,"52,53",60537.31828074648
2,60632.81300439955,47.74736182653436,22.658203125,False,1214,refine,static_refresh_cap,"52,53",60585.06564257301
2,60704.81748090348,72.00447650393471,235.28125,False,1215,warmup,static_refresh_cap,"54,55",60632.81300439955
2,60752.56484273002,47.74736182653436,22.658203125,False,1216,refine,static_refresh_cap,"54,55",60704.81748090348
2,60800.312204556554,47.74736182653436,22.658203125,False,1217,refine,static_refresh_cap,"54,55",60752.56484273002
2,60848.05956638309,47.74736182653436,22.658203125,False,1218,refine,static_refresh_cap,"54,55",60800.312204556554
2,60895.806928209626,47.74736182653436,22.658203125,False,1219,refine,static_refresh_cap,"54,55",60848.05956638309
2,60943.55429003616,47.74736182653436,22.658203125,False,1220,refine,static_refresh_cap,"54,55",60895.806928209626
2,60991.3016518627,47.74736182653436,22.658203125,False,1221,refine,static_refresh_cap,"54,55",60943.55429003616
2,61039.04901368923,47.74736182653436,22.658203125,False,1222,refine,static_refresh_cap,"54,55",60991.3016518627
2,61086.79637551577,47.74736182653436,22.658203125,False,1223,refine,static_refresh_cap,"54,55",61039.04901368923
2,61134.543737342305,47.74736182653436,22.658203125,False,1224,refine,static_refresh_cap,"54,55",61086.79637551577
2,61182.29109916884,47.74736182653436,22.658203125,False,1225,refine,static_refresh_cap,"54,55",61134.543737342305
2,61230.038460995376,47.74736182653436,22.658203125,False,1226,refine,static_refresh_cap,"54,55",61182.29109916884
2,61302.04293749931,72.00447650393471,235.28125,False,1227,warmup,static_refresh_cap,"54,55",61230.038460995376
2,61349.79029932585,47.74736182653436,22.658203125,False,1228,refine,static_refresh_cap,"54,55",61302.04293749931
2,61397.53766115238,47.74736182653436,22.658203125,False,1229,refine,static_refresh_cap,"54,55",61349.79029932585
2,61445.28502297892,47.74736182653436,22.658203125,False,1230,refine,static_refresh_cap,"54,55",61397.53766115238
2,61493.032384805454,47.74736182653436,22.658203125,False,1231,refine,static_refresh_cap,"54,55",61445.28502297892
2,61540.77974663199,47.74736182653436,22.658203125,False,1232,refine,static_refresh_cap,"54,55",61493.032384805454
2,61588.527108458526,47.74736182653436,22.658203125,False,1233,refine,static_refresh_cap,"54,55",61540.77974663199
2,61636.27447028506,47.74736182653436,22.658203125,False,1234,refine,static_refresh_cap,"54,55",61588.527108458526
2,61684.0218321116,47.74736182653436,22.658203125,False,1235,refine,static_refresh_cap,"54,55",61636.27447028506
2,61731.76919393813,47.74736182653436,22.658203125,False,1236,refine,static_refresh_cap,"54,55",61684.0218321116
2,61779.51655576467,47.74736182653436,22.658203125,False,1237,refine,static_refresh_cap,"54,55",61731.76919393813
2,61851.5210322686,72.00447650393471,235.28125,False,1238,warmup,static_refresh_cap,"54,55",61779.51655576467
2,61899.26839409514,47.74736182653436,22.658203125,False,1239,refine,static_refresh_cap,"54,55",61851.5210322686
2,61947.015755921675,47.74736182653436,22.658203125,False,1240,refine,static_refresh_cap,"54,55",61899.26839409514
2,61994.76311774821,47.74736182653436,22.658203125,False,1241,refine,static_refresh_cap,"54,55",61947.015755921675
2,62042.51047957475,47.74736182653436,22.658203125,False,1242,refine,static_refresh_cap,"54,55",61994.76311774821
2,62090.25784140128,47.74736182653436,22.658203125,False,1243,refine,static_refresh_cap,"54,55",62042.51047957475
2,62138.00520322782,47.74736182653436,22.658203125,False,1244,refine,static_refresh_cap,"54,55",62090.25784140128
2,62185.752565054354,47.74736182653436,22.658203125,False,1245,refine,static_refresh_cap,"54,55",62138.00520322782
2,62233.49992688089,47.74736182653436,22.658203125,False,1246,refine,static_refresh_cap,"54,55",62185.752565054354
2,62281.247288707425,47.74736182653436,22.658203125,False,1247,refine,static_refresh_cap,"54,55",62233.49992688089
2,62328.99465053396,47.74736182653436,22.658203125,False,1248,refine,static_refresh_cap,"54,55",62281.247288707425
2,62400.999127037896,72.00447650393471,235.28125,False,1249,warmup,static_refresh_cap,"54,55",62328.99465053396
2,62448.74648886443,47.74736182653436,22.658203125,False,1250,refine,static_refresh_cap,"54,55",62400.999127037896
2,62496.49385069097,47.74736182653436,22.658203125,False,1251,refine,static_refresh_cap,"54,55",62448.74648886443
2,62544.2412125175,47.74736182653436,22.658203125,False,1252,refine,static_refresh_cap,"54,55",62496.49385069097
2,62591.98857434404,47.74736182653436,22.658203125,False,1253,refine,static_refresh_cap,"54,55",62544.2412125175
2,62639.735936170575,47.74736182653436,22.658203125,False,1254,refine,static_refresh_cap,"54,55",62591.98857434404
2,62687.48329799711,47.74736182653436,22.658203125,False,1255,refine,static_refresh_cap,"54,55",62639.735936170575
2,62735.23065982365,47.74736182653436,22.658203125,False,1256,refine,static_refresh_cap,"54,55",62687.48329799711
2,62782.97802165018,47.74736182653436,22.658203125,False,1257,refine,static_refresh_cap,"54,55",62735.23065982365
2,62830.72538347672,47.74736182653436,22.658203125,False,1258,refine,static_refresh_cap,"54,55",62782.97802165018
2,62878.472745303254,47.74736182653436,22.658203125,False,1259,refine,static_refresh_cap,"54,55",62830.72538347672
2,62950.47722180719,72.00447650393471,235.28125,False,1260,warmup,static_refresh_cap,"56,57",62878.472745303254
2,62998.224583633724,47.74736182653436,22.658203125,False,1261,refine,static_refresh_cap,"56,57",62950.47722180719
2,63045.97194546026,47.74736182653436,22.658203125,False,1262,refine,static_refresh_cap,"56,57",62998.224583633724
2,63093.719307286796,47.74736182653436,22.658203125,False,1263,refine,static_refresh_cap,"56,57",63045.97194546026
2,63141.46666911333,47.74736182653436,22.658203125,False,1264,refine,static_refresh_cap,"56,57",63093.719307286796
2,63189.21403093987,47.74736182653436,22.658203125,False,1265,refine,static_refresh_cap,"56,57",63141.46666911333
2,63236.9613927664,47.74736182653436,22.658203125,False,1266,refine,static_refresh_cap,"56,57",63189.21403093987
2,63284.70875459294,47.74736182653436,22.658203125,False,1267,refine,static_refresh_cap,"56,57",63236.9613927664
2,63332.456116419475,47.74736182653436,22.658203125,False,1268,refine,static_refresh_cap,"56,57",63284.70875459294
2,63380.20347824601,47.74736182653436,22.658203125,False,1269,refine,static_refresh_cap,"56,57",63332.456116419475
2,63427.950840072546,47.74736182653436,22.658203125,False,1270,refine,static_refresh_cap,"56,57",63380.20347824601
2,63475.69820189908,47.74736182653436,22.658203125,False,1271,refine,static_refresh_cap,"56,57",63427.950840072546
2,63547.70267840302,72.00447650393471,235.28125,False,1272,warmup,static_refresh_cap,"56,57",63475.69820189908
2,63595.45004022955,47.74736182653436,22.658203125,False,1273,refine,static_refresh_cap,"56,57",63547.70267840302
2,63643.19740205609,47.74736182653436,22.658203125,False,1274,refine,static_refresh_cap,"56,57",63595.45004022955
2,63690.944763882624,47.74736182653436,22.658203125,False,1275,refine,static_refresh_cap,"56,57",63643.19740205609
2,63738.69212570916,47.74736182653436,22.658203125,False,1276,refine,static_refresh_cap,"56,57",63690.944763882624
2,63786.439487535696,47.74736182653436,22.658203125,False,1277,refine,static_refresh_cap,"56,57",63738.69212570916
2,63834.18684936223,47.74736182653436,22.658203125,False,1278,refine,static_refresh_cap,"56,57",63786.439487535696
2,63881.93421118877,47.74736182653436,22.658203125,False,1279,refine,static_refresh_cap,"56,57",63834.18684936223
2,63929.6815730153,47.74736182653436,22.658203125,False,1280,refine,static_refresh_cap,"56,57",63881.93421118877
2,63977.42893484184,47.74736182653436,22.658203125,False,1281,refine,static_refresh_cap,"56,57",63929.6815730153
2,64025.176296668375,47.74736182653436,22.658203125,False,1282,refine,static_refresh_cap,"56,57",63977.42893484184
2,64097.18077317231,72.00447650393471,235.28125,False,1283,warmup,static_refresh_cap,"56,57",64025.176296668375
2,64144.928134998845,47.74736182653436,22.658203125,False,1284,refine,static_refresh_cap,"56,57",64097.18077317231
2,64192.67549682538,47.74736182653436,22.658203125,False,1285,refine,static_refresh_cap,"56,57",64144.928134998845
2,64240.42285865192,47.74736182653436,22.658203125,False,1286,refine,static_refresh_cap,"56,57",64192.67549682538
2,64288.17022047845,47.74736182653436,22.658203125,False,1287,refine,static_refresh_cap,"56,57",64240.42285865192
2,64335.91758230499,47.74736182653436,22.658203125,False,1288,refine,static_refresh_cap,"56,57",64288.17022047845
2,64383.664944131524,47.74736182653436,22.658203125,False,1289,refine,static_refresh_cap,"56,57",64335.91758230499
2,64431.41230595806,47.74736182653436,22.658203125,False,1290,refine,static_refresh_cap,"56,57",64383.664944131524
2,64479.159667784596,47.74736182653436,22.658203125,False,1291,refine,static_refresh_cap,"56,57",64431.41230595806
2,64526.90702961113,47.74736182653436,22.658203125,False,1292,refine,static_refresh_cap,"56,57",64479.159667784596
2,64574.65439143767,47.74736182653436,22.658203125,False,1293,refine,static_refresh_cap,"56,57",64526.90702961113
2,64646.6588679416,72.00447650393471,235.28125,False,1294,warmup,static_refresh_cap,"56,57",64574.65439143767
2,64694.40622976814,47.74736182653436,22.658203125,False,1295,refine,static_refresh_cap,"56,57",64646.6588679416
2,64742.15359159467,47.74736182653436,22.658203125,False,1296,refine,static_refresh_cap,"56,57",64694.40622976814
2,64789.90095342121,47.74736182653436,22.658203125,False,1297,refine,static_refresh_cap,"56,57",64742.15359159467
2,64837.648315247745,47.74736182653436,22.658203125,False,1298,refine,static_refresh_cap,"56,57",64789.90095342121
2,64885.39567707428,47.74736182653436,22.658203125,False,1299,refine,static_refresh_cap,"56,57",64837.648315247745
2,64933.14303890082,47.74736182653436,22.658203125,False,1300,refine,static_refresh_cap,"56,57",64885.39567707428
2,64980.89040072735,47.74736182653436,22.658203125,False,1301,refine,static_refresh_cap,"56,57",64933.14303890082
2,65028.63776255389,47.74736182653436,22.658203125,False,1302,refine,static_refresh_cap,"56,57",64980.89040072735
2,65076.385124380424,47.74736182653436,22.658203125,False,1303,refine,static_refresh_cap,"56,57",65028.63776255389
2,65124.13248620696,47.74736182653436,22.658203125,False,1304,refine,static_refresh_cap,"56,57",65076.385124380424
2,65196.136962710894,72.00447650393471,235.28125,False,1305,warmup,static_refresh_cap,"58,59",65124.13248620696
2,65243.88432453743,47.74736182653436,22.658203125,False,1306,refine,static_refresh_cap,"58,59",65196.136962710894
2,65291.631686363966,47.74736182653436,22.658203125,False,1307,refine,static_refresh_cap,"58,59",65243.88432453743
2,65339.3790481905,47.74736182653436,22.658203125,False,1308,refine,static_refresh_cap,"58,59",65291.631686363966
2,65387.12641001704,47.74736182653436,22.658203125,False,1309,refine,static_refresh_cap,"58,59",65339.3790481905
2,65434.87377184357,47.74736182653436,22.658203125,False,1310,refine,static_refresh_cap,"58,59",65387.12641001704
2,65482.62113367011,47.74736182653436,22.658203125,False,1311,refine,static_refresh_cap,"58,59",65434.87377184357
2,65530.368495496645,47.74736182653436,22.658203125,False,1312,refine,static_refresh_cap,"58,59",65482.62113367011
2,65578.11585732318,47.74736182653436,22.658203125,False,1313,refine,static_refresh_cap,"58,59",65530.368495496645
2,65625.86321914972,47.74736182653436,22.658203125,False,1314,refine,static_refresh_cap,"58,59",65578.11585732318
2,65673.61058097625,47.74736182653436,22.658203125,False,1315,refine,static_refresh_cap,"58,59",65625.86321914972
2,65721.35794280279,47.74736182653436,22.658203125,False,1316,refine,static_refresh_cap,"58,59",65673.61058097625
2,65793.36241930672,72.00447650393471,235.28125,False,1317,warmup,static_refresh_cap,"58,59",65721.35794280279
2,65841.10978113326,47.74736182653436,22.658203125,False,1318,refine,static_refresh_cap,"58,59",65793.36241930672
2,65888.8571429598,47.74736182653436,22.658203125,False,1319,refine,static_refresh_cap,"58,59",65841.10978113326
2,65936.60450478633,47.74736182653436,22.658203125,False,1320,refine,static_refresh_cap,"58,59",65888.8571429598
2,65984.35186661287,47.74736182653436,22.658203125,False,1321,refine,static_refresh_cap,"58,59",65936.60450478633
2,66032.0992284394,47.74736182653436,22.658203125,False,1322,refine,static_refresh_cap,"58,59",65984.35186661287
2,66079.84659026594,47.74736182653436,22.658203125,False,1323,refine,static_refresh_cap,"58,59",66032.0992284394
2,66127.59395209247,47.74736182653436,22.658203125,False,1324,refine,static_refresh_cap,"58,59",66079.84659026594
2,66175.34131391901,47.74736182653436,22.658203125,False,1325,refine,static_refresh_cap,"58,59",66127.59395209247
2,66223.08867574554,47.74736182653436,22.658203125,False,1326,refine,static_refresh_cap,"58,59",66175.34131391901
2,66270.83603757208,47.74736182653436,22.658203125,False,1327,refine,static_refresh_cap,"58,59",66223.08867574554
2,66342.84051407602,72.00447650393471,235.28125,False,1328,warmup,static_refresh_cap,"58,59",66270.83603757208
2,66390.58787590255,47.74736182653436,22.658203125,False,1329,refine,static_refresh_cap,"58,59",66342.84051407602
2,66438.33523772909,47.74736182653436,22.658203125,False,1330,refine,static_refresh_cap,"58,59",66390.58787590255
2,66486.08259955562,47.74736182653436,22.658203125,False,1331,refine,static_refresh_cap,"58,59",66438.33523772909
2,66533.82996138216,47.74736182653436,22.658203125,False,1332,refine,static_refresh_cap,"58,59",66486.08259955562
2,66581.5773232087,47.74736182653436,22.658203125,False,1333,refine,static_refresh_cap,"58,59",66533.82996138216
2,66629.32468503523,47.74736182653436,22.658203125,False,1334,refine,static_refresh_cap,"58,59",66581.5773232087
2,66677.07204686177,47.74736182653436,22.658203125,False,1335,refine,static_refresh_cap,"58,59",66629.32468503523
2,66724.8194086883,47.74736182653436,22.658203125,False,1336,refine,static_refresh_cap,"58,59",66677.07204686177
2,66772.56677051484,47.74736182653436,22.658203125,False,1337,refine,static_refresh_cap,"58,59",66724.8194086883
2,66820.31413234137,47.74736182653436,22.658203125,False,1338,refine,static_refresh_cap,"58,59",66772.56677051484
2,66892.31860884531,72.00447650393471,235.28125,False,1339,warmup,static_refresh_cap,"58,59",66820.31413234137
2,66940.06597067184,47.74736182653436,22.658203125,False,1340,refine,static_refresh_cap,"58,59",66892.31860884531
2,66987.81333249838,47.74736182653436,22.658203125,False,1341,refine,static_refresh_cap,"58,59",66940.06597067184
2,67035.56069432491,47.74736182653436,22.658203125,False,1342,refine,static_refresh_cap,"58,59",66987.81333249838
2,67083.30805615145,47.74736182653436,22.658203125,False,1343,refine,static_refresh_cap,"58,59",67035.56069432491
2,67131.05541797799,47.74736182653436,22.658203125,False,1344,refine,static_refresh_cap,"58,59",67083.30805615145
2,67178.80277980452,47.74736182653436,22.658203125,False,1345,refine,static_refresh_cap,"58,59",67131.05541797799
2,67226.55014163106,47.74736182653436,22.658203125,False,1346,refine,static_refresh_cap,"58,59",67178.80277980452
2,67274.2975034576,47.74736182653436,22.658203125,False,1347,refine,static_refresh_cap,"58,59",67226.55014163106
2,67322.04486528413,47.74736182653436,22.658203125,False,1348,refine,static_refresh_cap,"58,59",67274.2975034576
2,67369.79222711067,47.74736182653436,22.658203125,False,1349,refine,static_refresh_cap,"58,59",67322.04486528413
2,67441.7967036146,72.00447650393471,235.28125,False,1350,warmup,static_refresh_cap,"60,61",67369.79222711067
2,67489.54406544114,47.74736182653436,22.658203125,False,1351,refine,static_refresh_cap,"60,61",67441.7967036146
2,67537.29142726767,47.74736182653436,22.658203125,False,1352,refine,static_refresh_cap,"60,61",67489.54406544114
2,67585.03878909421,47.74736182653436,22.658203125,False,1353,refine,static_refresh_cap,"60,61",67537.29142726767
2,67632.78615092074,47.74736182653436,22.658203125,False,1354,refine,static_refresh_cap,"60,61",67585.03878909421
2,67680.53351274728,47.74736182653436,22.658203125,False,1355,refine,static_refresh_cap,"60,61",67632.78615092074
2,67728.28087457381,47.74736182653436,22.658203125,False,1356,refine,static_refresh_cap,"60,61",67680.53351274728
2,67776.02823640035,47.74736182653436,22.658203125,False,1357,refine,static_refresh_cap,"60,61",67728.28087457381
2,67823.77559822689,47.74736182653436,22.658203125,False,1358,refine,static_refresh_cap,"60,61",67776.02823640035
2,67871.52296005342,47.74736182653436,22.658203125,False,1359,refine,static_refresh_cap,"60,61",67823.77559822689
2,67919.27032187996,47.74736182653436,22.658203125,False,1360,refine,static_refresh_cap,"60,61",67871.52296005342
2,67967.0176837065,47.74736182653436,22.658203125,False,1361,refine,static_refresh_cap,"60,61",67919.27032187996
2,68039.02216021043,72.00447650393471,235.28125,False,1362,warmup,static_refresh_cap,"60,61",67967.0176837065
2,68086.76952203696,47.74736182653436,22.658203125,False,1363,refine,static_refresh_cap,"60,61",68039.02216021043
2,68134.5168838635,47.74736182653436,22.658203125,False,1364,refine,static_refresh_cap,"60,61",68086.76952203696
2,68182.26424569004,47.74736182653436,22.658203125,False,1365,refine,static_refresh_cap,"60,61",68134.5168838635
2,68230.01160751657,47.74736182653436,22.658203125,False,1366,refine,static_refresh_cap,"60,61",68182.26424569004
2,68277.75896934311,47.74736182653436,22.658203125,False,1367,refine,static_refresh_cap,"60,61",68230.01160751657
2,68325.50633116964,47.74736182653436,22.658203125,False,1368,refine,static_refresh_cap,"60,61",68277.75896934311
2,68373.25369299618,47.74736182653436,22.658203125,False,1369,refine,static_refresh_cap,"60,61",68325.50633116964
2,68421.00105482271,47.74736182653436,22.658203125,False,1370,refine,static_refresh_cap,"60,61",68373.25369299618
2,68468.74841664925,47.74736182653436,22.658203125,False,1371,refine,static_refresh_cap,"60,61",68421.00105482271
2,68516.49577847579,47.74736182653436,22.658203125,False,1372,refine,static_refresh_cap,"60,61",68468.74841664925
2,68588.50025497972,72.00447650393471,235.28125,False,1373,warmup,static_refresh_cap,"60,61",68516.49577847579
2,68636.24761680626,47.74736182653436,22.658203125,False,1374,refine,static_refresh_cap,"60,61",68588.50025497972
2,68683.99497863279,47.74736182653436,22.658203125,False,1375,refine,static_refresh_cap,"60,61",68636.24761680626
2,68731.74234045933,47.74736182653436,22.658203125,False,1376,refine,static_refresh_cap,"60,61",68683.99497863279
2,68779.48970228586,47.74736182653436,22.658203125,False,1377,refine,static_refresh_cap,"60,61",68731.74234045933
2,68827.2370641124,47.74736182653436,22.658203125,False,1378,refine,static_refresh_cap,"60,61",68779.48970228586
2,68874.98442593894,47.74736182653436,22.658203125,False,1379,refine,static_refresh_cap,"60,61",68827.2370641124
2,68922.73178776547,47.74736182653436,22.658203125,False,1380,refine,static_refresh_cap,"60,61",68874.98442593894
2,68970.479149592,47.74736182653436,22.658203125,False,1381,refine,static_refresh_cap,"60,61",68922.73178776547
2,69018.22651141854,47.74736182653436,22.658203125,False,1382,refine,static_refresh_cap,"60,61",68970.479149592
2,69065.97387324508,47.74736182653436,22.658203125,False,1383,refine,static_refresh_cap,"60,61",69018.22651141854
2,69137.97834974901,72.00447650393471,235.28125,False,1384,warmup,static_refresh_cap,"60,61",69065.97387324508
2,69185.72571157555,47.74736182653436,22.658203125,False,1385,refine,static_refresh_cap,"60,61",69137.97834974901
2,69233.47307340208,47.74736182653436,22.658203125,False,1386,refine,static_refresh_cap,"60,61",69185.72571157555
2,69281.22043522862,47.74736182653436,22.658203125,False,1387,refine,static_refresh_cap,"60,61",69233.47307340208
2,69328.96779705516,47.74736182653436,22.658203125,False,1388,refine,static_refresh_cap,"60,61",69281.22043522862
2,69376.71515888169,47.74736182653436,22.658203125,False,1389,refine,static_refresh_cap,"60,61",69328.96779705516
2,69424.46252070823,47.74736182653436,22.658203125,False,1390,refine,static_refresh_cap,"60,61",69376.71515888169
2,69472.20988253476,47.74736182653436,22.658203125,False,1391,refine,static_refresh_cap,"60,61",69424.46252070823
2,69519.9572443613,47.74736182653436,22.658203125,False,1392,refine,static_refresh_cap,"60,61",69472.20988253476
2,69567.70460618784,47.74736182653436,22.658203125,False,1393,refine,static_refresh_cap,"60,61",69519.9572443613
2,69615.45196801437,47.74736182653436,22.658203125,False,1394,refine,static_refresh_cap,"60,61",69567.70460618784
2,69687.4564445183,72.00447650393471,235.28125,False,1395,warmup,static_refresh_cap,"62,63",69615.45196801437
2,69735.20380634484,47.74736182653436,22.658203125,False,1396,refine,static_refresh_cap,"62,63",69687.4564445183
2,69782.95116817138,47.74736182653436,22.658203125,False,1397,refine,static_refresh_cap,"62,63",69735.20380634484
2,69830.69852999791,47.74736182653436,22.658203125,False,1398,refine,static_refresh_cap,"62,63",69782.95116817138
2,69878.44589182445,47.74736182653436,22.658203125,False,1399,refine,static_refresh_cap,"62,63",69830.69852999791
2,69926.19325365098,47.74736182653436,22.658203125,False,1400,refine,static_refresh_cap,"62,63",69878.44589182445
2,69973.94061547752,47.74736182653436,22.658203125,False,1401,refine,static_refresh_cap,"62,63",69926.19325365098
2,70021.68797730406,47.74736182653436,22.658203125,False,1402,refine,static_refresh_cap,"62,63",69973.94061547752
2,70069.43533913059,47.74736182653436,22.658203125,False,1403,refine,static_refresh_cap,"62,63",70021.68797730406
2,70117.18270095713,47.74736182653436,22.658203125,False,1404,refine,static_refresh_cap,"62,63",70069.43533913059
2,70164.93006278366,47.74736182653436,22.658203125,False,1405,refine,static_refresh_cap,"62,63",70117.18270095713
2,70212.6774246102,47.74736182653436,22.658203125,False,1406,refine,static_refresh_cap,"62,63",70164.93006278366
2,70284.68190111413,72.00447650393471,235.28125,False,1407,warmup,static_refresh_cap,"62,63",70212.6774246102
2,70332.42926294067,47.74736182653436,22.658203125,False,1408,refine,static_refresh_cap,"62,63",70284.68190111413
2,70380.1766247672,47.74736182653436,22.658203125,False,1409,refine,static_refresh_cap,"62,63",70332.42926294067
2,70427.92398659374,47.74736182653436,22.658203125,False,1410,refine,static_refresh_cap,"62,63",70380.1766247672
2,70475.67134842028,47.74736182653436,22.658203125,False,1411,refine,static_refresh_cap,"62,63",70427.92398659374
2,70523.41871024681,47.74736182653436,22.658203125,False,1412,refine,static_refresh_cap,"62,63",70475.67134842028
2,70571.16607207335,47.74736182653436,22.658203125,False,1413,refine,static_refresh_cap,"62,63",70523.41871024681
2,70618.91343389988,47.74736182653436,22.658203125,False,1414,refine,static_refresh_cap,"62,63",70571.16607207335
2,70666.66079572642,47.74736182653436,22.658203125,False,1415,refine,static_refresh_cap,"62,63",70618.91343389988
2,70714.40815755296,47.74736182653436,22.658203125,False,1416,refine,static_refresh_cap,"62,63",70666.66079572642
2,70762.15551937949,47.74736182653436,22.658203125,False,1417,refine,static_refresh_cap,"62,63",70714.40815755296
2,70834.15999588343,72.00447650393471,235.28125,False,1418,warmup,static_refresh_cap,"62,63",70762.15551937949
2,70881.90735770996,47.74736182653436,22.658203125,False,1419,refine,static_refresh_cap,"62,63",70834.15999588343
2,70929.6547195365,47.74736182653436,22.658203125,False,1420,refine,static_refresh_cap,"62,63",70881.90735770996
2,70977.40208136303,47.74736182653436,22.658203125,False,1421,refine,static_refresh_cap,"62,63",70929.6547195365
2,71025.14944318957,47.74736182653436,22.658203125,False,1422,refine,static_refresh_cap,"62,63",70977.40208136303
2,71072.8968050161,47.74736182653436,22.658203125,False,1423,refine,static_refresh_cap,"62,63",71025.14944318957
2,71120.64416684264,47.74736182653436,22.658203125,False,1424,refine,static_refresh_cap,"62,63",71072.8968050161
2,71168.39152866918,47.74736182653436,22.658203125,False,1425,refine,static_refresh_cap,"62,63",71120.64416684264
2,71216.13889049571,47.74736182653436,22.658203125,False,1426,refine,static_refresh_cap,"62,63",71168.39152866918
2,71263.88625232225,47.74736182653436,22.658203125,False,1427,refine,static_refresh_cap,"62,63",71216.13889049571
2,71311.63361414878,47.74736182653436,22.658203125,False,1428,refine,static_refresh_cap,"62,63",71263.88625232225
2,71383.63809065272,72.00447650393471,235.28125,False,1429,warmup,static_refresh_cap,"62,63",71311.63361414878
2,71431.38545247926,47.74736182653436,22.658203125,False,1430,refine,static_refresh_cap,"62,63",71383.63809065272
2,71479.13281430579,47.74736182653436,22.658203125,False,1431,refine,static_refresh_cap,"62,63",71431.38545247926
2,71526.88017613233,47.74736182653436,22.658203125,False,1432,refine,static_refresh_cap,"62,63",71479.13281430579
2,71574.62753795886,47.74736182653436,22.658203125,False,1433,refine,static_refresh_cap,"62,63",71526.88017613233
2,71622.3748997854,47.74736182653436,22.658203125,False,1434,refine,static_refresh_cap,"62,63",71574.62753795886
2,71670.12226161193,47.74736182653436,22.658203125,False,1435,refine,static_refresh_cap,"62,63",71622.3748997854
2,71717.86962343847,47.74736182653436,22.658203125,False,1436,refine,static_refresh_cap,"62,63",71670.12226161193
2,71765.616985265,47.74736182653436,22.658203125,False,1437,refine,static_refresh_cap,"62,63",71717.86962343847
2,71813.36434709154,47.74736182653436,22.658203125,False,1438,refine,static_refresh_cap,"62,63",71765.616985265
2,71861.11170891808,47.74736182653436,22.658203125,False,1439,refine,static_refresh_cap,"62,63",71813.36434709154
2,72.00447650393471,72.00447650393471,235.28125,False,0,warmup,phase_aware_admission,"0,1",0.0
2,119.75183833046907,47.74736182653436,22.658203125,False,1,refine,phase_aware_admission,"0,1",72.00447650393471
2,167.49920015700343,47.74736182653436,22.658203125,False,2,refine,phase_aware_admission,"0,1",119.75183833046907
2,215.2465619835378,47.74736182653436,22.658203125,False,3,refine,phase_aware_admission,"0,1",167.49920015700343
2,262.99392381007215,47.74736182653436,22.658203125,False,4,refine,phase_aware_admission,"0,1",215.2465619835378
2,310.7412856366065,47.74736182653436,22.658203125,False,5,refine,phase_aware_admission,"0,1",262.99392381007215
2,358.48864746314086,47.74736182653436,22.658203125,False,6,refine,phase_aware_admission,"0,1",310.7412856366065
2,406.2360092896752,47.74736182653436,22.658203125,False,7,refine,phase_aware_admission,"0,1",358.48864746314086
2,453.9833711162096,47.74736182653436,22.658203125,False,8,refine,phase_aware_admission,"0,1",406.2360092896752
2,501.73073294274394,47.74736182653436,22.658203125,False,9,refine,phase_aware_admission,"0,1",453.9833711162096
2,549.4780947692783,47.74736182653436,22.658203125,False,10,refine,phase_aware_admission,"0,1",501.73073294274394
2,597.2254565958126,47.74736182653436,22.658203125,False,11,refine,phase_aware_admission,"0,1",549.4780947692783
2,669.2299330997473,72.00447650393471,235.28125,False,12,warmup,phase_aware_admission,"2,3",597.2254565958126
2,716.9772949262817,47.74736182653436,22.658203125,False,13,refine,phase_aware_admission,"2,3",669.2299330997473
2,764.7246567528161,47.74736182653436,22.658203125,False,14,refine,phase_aware_admission,"2,3",716.9772949262817
2,812.4720185793506,47.74736182653436,22.658203125,False,15,refine,phase_aware_admission,"2,3",764.7246567528161
2,860.219380405885,47.74736182653436,22.658203125,False,16,refine,phase_aware_admission,"2,3",812.4720185793506
2,907.9667422324194,47.74736182653436,22.658203125,False,17,refine,phase_aware_admission,"2,3",860.219380405885
2,955.7141040589538,47.74736182653436,22.658203125,False,18,refine,phase_aware_admission,"2,3",907.9667422324194
2,1003.4614658854882,47.74736182653436,22.658203125,False,19,refine,phase_aware_admission,"2,3",955.7141040589538
2,1051.2088277120226,47.74736182653436,22.658203125,False,20,refine,phase_aware_admission,"2,3",1003.4614658854882
2,1098.956189538557,47.74736182653436,22.658203125,False,21,refine,phase_aware_admission,"2,3",1051.2088277120226
2,1146.7035513650915,47.74736182653436,22.658203125,False,22,refine,phase_aware_admission,"2,3",1098.956189538557
2,1194.450913191626,47.74736182653436,22.658203125,False,23,refine,phase_aware_admission,"2,3",1146.7035513650915
2,1266.4553896955606,72.00447650393471,235.28125,False,24,warmup,phase_aware_admission,"0,1",1194.450913191626
2,1314.202751522095,47.74736182653436,22.658203125,False,25,refine,phase_aware_admission,"0,1",1266.4553896955606
2,1361.9501133486294,47.74736182653436,22.658203125,False,26,refine,phase_aware_admission,"0,1",1314.202751522095
2,1409.6974751751638,47.74736182653436,22.658203125,False,27,refine,phase_aware_admission,"0,1",1361.9501133486294
2,1457.4448370016983,47.74736182653436,22.658203125,False,28,refine,phase_aware_admission,"0,1",1409.6974751751638
2,1505.1921988282327,47.74736182653436,22.658203125,False,29,refine,phase_aware_admission,"0,1",1457.4448370016983
2,1552.939560654767,47.74736182653436,22.658203125,False,30,refine,phase_aware_admission,"0,1",1505.1921988282327
2,1600.6869224813015,47.74736182653436,22.658203125,False,31,refine,phase_aware_admission,"0,1",1552.939560654767
2,1648.434284307836,47.74736182653436,22.658203125,False,32,refine,phase_aware_admission,"0,1",1600.6869224813015
2,1696.1816461343703,47.74736182653436,22.658203125,False,33,refine,phase_aware_admission,"0,1",1648.434284307836
2,1743.9290079609048,47.74736182653436,22.658203125,False,34,refine,phase_aware_admission,"0,1",1696.1816461343703
2,1815.9334844648395,72.00447650393471,235.28125,False,35,warmup,phase_aware_admission,"4,5",1743.9290079609048
2,1863.6808462913739,47.74736182653436,22.658203125,False,36,refine,phase_aware_admission,"4,5",1815.9334844648395
2,1911.4282081179083,47.74736182653436,22.658203125,False,37,refine,phase_aware_admission,"4,5",1863.6808462913739
2,1959.1755699444427,47.74736182653436,22.658203125,False,38,refine,phase_aware_admission,"4,5",1911.4282081179083
2,2006.9229317709771,47.74736182653436,22.658203125,False,39,refine,phase_aware_admission,"4,5",1959.1755699444427
2,2054.6702935975113,47.74736182653436,22.658203125,False,40,refine,phase_aware_admission,"4,5",2006.9229317709771
2,2102.4176554240457,47.74736182653436,22.658203125,False,41,refine,phase_aware_admission,"4,5",2054.6702935975113
2,2150.16501725058,47.74736182653436,22.658203125,False,42,refine,phase_aware_admission,"4,5",2102.4176554240457
2,2197.9123790771146,47.74736182653436,22.658203125,False,43,refine,phase_aware_admission,"4,5",2150.16501725058
2,2245.659740903649,47.74736182653436,22.658203125,False,44,refine,phase_aware_admission,"4,5",2197.9123790771146
2,2293.4071027301834,47.74736182653436,22.658203125,False,45,refine,phase_aware_admission,"4,5",2245.659740903649
2,2341.154464556718,47.74736182653436,22.658203125,False,46,refine,phase_aware_admission,"4,5",2293.4071027301834
2,2413.1589410606525,72.00447650393471,235.28125,False,47,warmup,phase_aware_admission,"2,3",2341.154464556718
2,2460.906302887187,47.74736182653436,22.658203125,False,48,refine,phase_aware_admission,"2,3",2413.1589410606525
2,2508.6536647137214,47.74736182653436,22.658203125,False,49,refine,phase_aware_admission,"2,3",2460.906302887187
2,2556.4010265402558,47.74736182653436,22.658203125,False,50,refine,phase_aware_admission,"2,3",2508.6536647137214
2,2604.14838836679,47.74736182653436,22.658203125,False,51,refine,phase_aware_admission,"2,3",2556.4010265402558
2,2651.8957501933246,47.74736182653436,22.658203125,False,52,refine,phase_aware_admission,"2,3",2604.14838836679
2,2699.643112019859,47.74736182653436,22.658203125,False,53,refine,phase_aware_admission,"2,3",2651.8957501933246
2,2747.3904738463934,47.74736182653436,22.658203125,False,54,refine,phase_aware_admission,"2,3",2699.643112019859
2,2795.137835672928,47.74736182653436,22.658203125,False,55,refine,phase_aware_admission,"2,3",2747.3904738463934
2,2842.8851974994623,47.74736182653436,22.658203125,False,56,refine,phase_aware_admission,"2,3",2795.137835672928
2,2890.6325593259967,47.74736182653436,22.658203125,False,57,refine,phase_aware_admission,"2,3",2842.8851974994623
2,2962.6370358299314,72.00447650393471,235.28125,False,58,warmup,phase_aware_admission,"0,1",2890.6325593259967
2,3010.384397656466,47.74736182653436,22.658203125,False,59,refine,phase_aware_admission,"0,1",2962.6370358299314
2,3058.131759483,47.74736182653436,22.658203125,False,60,refine,phase_aware_admission,"0,1",3010.384397656466
2,3105.8791213095346,47.74736182653436,22.658203125,False,61,refine,phase_aware_admission,"0,1",3058.131759483
2,3153.626483136069,47.74736182653436,22.658203125,False,62,refine,phase_aware_admission,"0,1",3105.8791213095346
2,3201.3738449626035,47.74736182653436,22.658203125,False,63,refine,phase_aware_admission,"0,1",3153.626483136069
2,3249.121206789138,47.74736182653436,22.658203125,False,64,refine,phase_aware_admission,"0,1",3201.3738449626035
2,3296.8685686156723,47.74736182653436,22.658203125,False,65,refine,phase_aware_admission,"0,1",3249.121206789138
2,3344.6159304422067,47.74736182653436,22.658203125,False,66,refine,phase_aware_admission,"0,1",3296.8685686156723
2,3392.363292268741,47.74736182653436,22.658203125,False,67,refine,phase_aware_admission,"0,1",3344.6159304422067
2,3440.1106540952755,47.74736182653436,22.658203125,False,68,refine,phase_aware_admission,"0,1",3392.363292268741
2,3512.1151305992103,72.00447650393471,235.28125,False,69,warmup,phase_aware_admission,"6,7",3440.1106540952755
2,3559.8624924257447,47.74736182653436,22.658203125,False,70,refine,phase_aware_admission,"6,7",3512.1151305992103
2,3607.609854252279,47.74736182653436,22.658203125,False,71,refine,phase_aware_admission,"6,7",3559.8624924257447
2,3655.3572160788135,47.74736182653436,22.658203125,False,72,refine,phase_aware_admission,"6,7",3607.609854252279
2,3703.104577905348,47.74736182653436,22.658203125,False,73,refine,phase_aware_admission,"6,7",3655.3572160788135
2,3750.8519397318823,47.74736182653436,22.658203125,False,74,refine,phase_aware_admission,"6,7",3703.104577905348
2,3798.5993015584168,47.74736182653436,22.658203125,False,75,refine,phase_aware_admission,"6,7",3750.8519397318823
2,3846.346663384951,47.74736182653436,22.658203125,False,76,refine,phase_aware_admission,"6,7",3798.5993015584168
2,3894.0940252114856,47.74736182653436,22.658203125,False,77,refine,phase_aware_admission,"6,7",3846.346663384951
2,3941.84138703802,47.74736182653436,22.658203125,False,78,refine,phase_aware_admission,"6,7",3894.0940252114856
2,3989.5887488645544,47.74736182653436,22.658203125,False,79,refine,phase_aware_admission,"6,7",3941.84138703802
2,4037.336110691089,47.74736182653436,22.658203125,False,80,refine,phase_aware_admission,"6,7",3989.5887488645544
2,4109.3405871950235,72.00447650393471,235.28125,False,81,warmup,phase_aware_admission,"4,5",4037.336110691089
2,4157.0879490215575,47.74736182653436,22.658203125,False,82,refine,phase_aware_admission,"4,5",4109.3405871950235
2,4204.8353108480915,47.74736182653436,22.658203125,False,83,refine,phase_aware_admission,"4,5",4157.0879490215575
2,4252.582672674625,47.74736182653436,22.658203125,False,84,refine,phase_aware_admission,"4,5",4204.8353108480915
2,4300.330034501159,47.74736182653436,22.658203125,False,85,refine,phase_aware_admission,"4,5",4252.582672674625
2,4348.077396327693,47.74736182653436,22.658203125,False,86,refine,phase_aware_admission,"4,5",4300.330034501159
2,4395.824758154227,47.74736182653436,22.658203125,False,87,refine,phase_aware_admission,"4,5",4348.077396327693
2,4443.572119980761,47.74736182653436,22.658203125,False,88,refine,phase_aware_admission,"4,5",4395.824758154227
2,4491.319481807295,47.74736182653436,22.658203125,False,89,refine,phase_aware_admission,"4,5",4443.572119980761
2,4539.066843633829,47.74736182653436,22.658203125,False,90,refine,phase_aware_admission,"4,5",4491.319481807295
2,4586.814205460363,47.74736182653436,22.658203125,False,91,refine,phase_aware_admission,"4,5",4539.066843633829
2,4658.818681964298,72.00447650393471,235.28125,False,92,warmup,phase_aware_admission,"2,3",4586.814205460363
2,4706.566043790832,47.74736182653436,22.658203125,False,93,refine,phase_aware_admission,"2,3",4658.818681964298
2,4754.313405617366,47.74736182653436,22.658203125,False,94,refine,phase_aware_admission,"2,3",4706.566043790832
2,4802.0607674439,47.74736182653436,22.658203125,False,95,refine,phase_aware_admission,"2,3",4754.313405617366
2,4849.808129270434,47.74736182653436,22.658203125,False,96,refine,phase_aware_admission,"2,3",4802.0607674439
2,4897.555491096968,47.74736182653436,22.658203125,False,97,refine,phase_aware_admission,"2,3",4849.808129270434
2,4945.302852923502,47.74736182653436,22.658203125,False,98,refine,phase_aware_admission,"2,3",4897.555491096968
2,4993.050214750036,47.74736182653436,22.658203125,False,99,refine,phase_aware_admission,"2,3",4945.302852923502
2,5040.79757657657,47.74736182653436,22.658203125,False,100,refine,phase_aware_admission,"2,3",4993.050214750036
2,5088.5449384031035,47.74736182653436,22.658203125,False,101,refine,phase_aware_admission,"2,3",5040.79757657657
2,5136.2923002296375,47.74736182653436,22.658203125,False,102,refine,phase_aware_admission,"2,3",5088.5449384031035
2,5208.296776733572,72.00447650393471,235.28125,False,103,warmup,phase_aware_admission,"0,1",5136.2923002296375
2,5256.044138560106,47.74736182653436,22.658203125,False,104,refine,phase_aware_admission,"0,1",5208.296776733572
2,5303.79150038664,47.74736182653436,22.658203125,False,105,refine,phase_aware_admission,"0,1",5256.044138560106
2,5351.538862213174,47.74736182653436,22.658203125,False,106,refine,phase_aware_admission,"0,1",5303.79150038664
2,5399.286224039708,47.74736182653436,22.658203125,False,107,refine,phase_aware_admission,"0,1",5351.538862213174
2,5447.033585866242,47.74736182653436,22.658203125,False,108,refine,phase_aware_admission,"0,1",5399.286224039708
2,5494.780947692776,47.74736182653436,22.658203125,False,109,refine,phase_aware_admission,"0,1",5447.033585866242
2,5542.52830951931,47.74736182653436,22.658203125,False,110,refine,phase_aware_admission,"0,1",5494.780947692776
2,5590.275671345844,47.74736182653436,22.658203125,False,111,refine,phase_aware_admission,"0,1",5542.52830951931
2,5638.023033172378,47.74736182653436,22.658203125,False,112,refine,phase_aware_admission,"0,1",5590.275671345844
2,5685.770394998912,47.74736182653436,22.658203125,False,113,refine,phase_aware_admission,"0,1",5638.023033172378
2,5757.7748715028465,72.00447650393471,235.28125,False,114,warmup,phase_aware_admission,"6,7",5685.770394998912
2,5805.5222333293805,47.74736182653436,22.658203125,False,115,refine,phase_aware_admission,"6,7",5757.7748715028465
2,5853.269595155914,47.74736182653436,22.658203125,False,116,refine,phase_aware_admission,"6,7",5805.5222333293805
2,5901.016956982448,47.74736182653436,22.658203125,False,117,refine,phase_aware_admission,"6,7",5853.269595155914
2,5948.764318808982,47.74736182653436,22.658203125,False,118,refine,phase_aware_admission,"6,7",5901.016956982448
2,5996.511680635516,47.74736182653436,22.658203125,False,119,refine,phase_aware_admission,"6,7",5948.764318808982
2,6044.25904246205,47.74736182653436,22.658203125,False,120,refine,phase_aware_admission,"6,7",5996.511680635516
2,6092.006404288584,47.74736182653436,22.658203125,False,121,refine,phase_aware_admission,"6,7",6044.25904246205
2,6139.753766115118,47.74736182653436,22.658203125,False,122,refine,phase_aware_admission,"6,7",6092.006404288584
2,6187.501127941652,47.74736182653436,22.658203125,False,123,refine,phase_aware_admission,"6,7",6139.753766115118
2,6235.248489768186,47.74736182653436,22.658203125,False,124,refine,phase_aware_admission,"6,7",6187.501127941652
2,6307.252966272121,72.00447650393471,235.28125,False,125,warmup,phase_aware_admission,"4,5",6235.248489768186
2,6355.000328098655,47.74736182653436,22.658203125,False,126,refine,phase_aware_admission,"4,5",6307.252966272121
2,6402.747689925189,47.74736182653436,22.658203125,False,127,refine,phase_aware_admission,"4,5",6355.000328098655
2,6450.495051751723,47.74736182653436,22.658203125,False,128,refine,phase_aware_admission,"4,5",6402.747689925189
2,6498.242413578257,47.74736182653436,22.658203125,False,129,refine,phase_aware_admission,"4,5",6450.495051751723
2,6545.989775404791,47.74736182653436,22.658203125,False,130,refine,phase_aware_admission,"4,5",6498.242413578257
2,6593.737137231325,47.74736182653436,22.658203125,False,131,refine,phase_aware_admission,"4,5",6545.989775404791
2,6641.484499057859,47.74736182653436,22.658203125,False,132,refine,phase_aware_admission,"4,5",6593.737137231325
2,6689.2318608843925,47.74736182653436,22.658203125,False,133,refine,phase_aware_admission,"4,5",6641.484499057859
2,6736.9792227109265,47.74736182653436,22.658203125,False,134,refine,phase_aware_admission,"4,5",6689.2318608843925
2,6784.72658453746,47.74736182653436,22.658203125,False,135,refine,phase_aware_admission,"4,5",6736.9792227109265
2,6856.731061041395,72.00447650393471,235.28125,False,136,warmup,phase_aware_admission,"2,3",6784.72658453746
2,6904.478422867929,47.74736182653436,22.658203125,False,137,refine,phase_aware_admission,"2,3",6856.731061041395
2,6952.225784694463,47.74736182653436,22.658203125,False,138,refine,phase_aware_admission,"2,3",6904.478422867929
2,6999.973146520997,47.74736182653436,22.658203125,False,139,refine,phase_aware_admission,"2,3",6952.225784694463
2,7047.720508347531,47.74736182653436,22.658203125,False,140,refine,phase_aware_admission,"2,3",6999.973146520997
2,7095.467870174065,47.74736182653436,22.658203125,False,141,refine,phase_aware_admission,"2,3",7047.720508347531
2,7143.215232000599,47.74736182653436,22.658203125,False,142,refine,phase_aware_admission,"2,3",7095.467870174065
2,7190.962593827133,47.74736182653436,22.658203125,False,143,refine,phase_aware_admission,"2,3",7143.215232000599
2,7238.709955653667,47.74736182653436,22.658203125,False,144,refine,phase_aware_admission,"2,3",7190.962593827133
2,7286.457317480201,47.74736182653436,22.658203125,False,145,refine,phase_aware_admission,"2,3",7238.709955653667
2,7334.204679306735,47.74736182653436,22.658203125,False,146,refine,phase_aware_admission,"2,3",7286.457317480201
2,7406.2091558106695,72.00447650393471,235.28125,False,147,warmup,phase_aware_admission,"8,9",7334.204679306735
2,7453.956517637203,47.74736182653436,22.658203125,False,148,refine,phase_aware_admission,"8,9",7406.2091558106695
2,7501.703879463737,47.74736182653436,22.658203125,False,149,refine,phase_aware_admission,"8,9",7453.956517637203
2,7549.451241290271,47.74736182653436,22.658203125,False,150,refine,phase_aware_admission,"8,9",7501.703879463737
2,7597.198603116805,47.74736182653436,22.658203125,False,151,refine,phase_aware_admission,"8,9",7549.451241290271
2,7644.945964943339,47.74736182653436,22.658203125,False,152,refine,phase_aware_admission,"8,9",7597.198603116805
2,7692.693326769873,47.74736182653436,22.658203125,False,153,refine,phase_aware_admission,"8,9",7644.945964943339
2,7740.440688596407,47.74736182653436,22.658203125,False,154,refine,phase_aware_admission,"8,9",7692.693326769873
2,7788.188050422941,47.74736182653436,22.658203125,False,155,refine,phase_aware_admission,"8,9",7740.440688596407
2,7835.935412249475,47.74736182653436,22.658203125,False,156,refine,phase_aware_admission,"8,9",7788.188050422941
2,7883.682774076009,47.74736182653436,22.658203125,False,157,refine,phase_aware_admission,"8,9",7835.935412249475
2,7931.430135902543,47.74736182653436,22.658203125,False,158,refine,phase_aware_admission,"8,9",7883.682774076009
2,8003.434612406478,72.00447650393471,235.28125,False,159,warmup,phase_aware_admission,"6,7",7931.430135902543
2,8051.181974233012,47.74736182653436,22.658203125,False,160,refine,phase_aware_admission,"6,7",8003.434612406478
2,8098.929336059546,47.74736182653436,22.658203125,False,161,refine,phase_aware_admission,"6,7",8051.181974233012
2,8146.67669788608,47.74736182653436,22.658203125,False,162,refine,phase_aware_admission,"6,7",8098.929336059546
2,8194.424059712614,47.74736182653436,22.658203125,False,163,refine,phase_aware_admission,"6,7",8146.67669788608
2,8242.171421539148,47.74736182653436,22.658203125,False,164,refine,phase_aware_admission,"6,7",8194.424059712614
2,8289.918783365682,47.74736182653436,22.658203125,False,165,refine,phase_aware_admission,"6,7",8242.171421539148
2,8337.666145192215,47.74736182653436,22.658203125,False,166,refine,phase_aware_admission,"6,7",8289.918783365682
2,8385.41350701875,47.74736182653436,22.658203125,False,167,refine,phase_aware_admission,"6,7",8337.666145192215
2,8433.160868845283,47.74736182653436,22.658203125,False,168,refine,phase_aware_admission,"6,7",8385.41350701875
2,8480.908230671817,47.74736182653436,22.658203125,False,169,refine,phase_aware_admission,"6,7",8433.160868845283
2,8552.912707175752,72.00447650393471,235.28125,False,170,warmup,phase_aware_admission,"4,5",8480.908230671817
2,8600.660069002286,47.74736182653436,22.658203125,False,171,refine,phase_aware_admission,"4,5",8552.912707175752
2,8648.40743082882,47.74736182653436,22.658203125,False,172,refine,phase_aware_admission,"4,5",8600.660069002286
2,8696.154792655354,47.74736182653436,22.658203125,False,173,refine,phase_aware_admission,"4,5",8648.40743082882
2,8743.902154481888,47.74736182653436,22.658203125,False,174,refine,phase_aware_admission,"4,5",8696.154792655354
2,8791.649516308422,47.74736182653436,22.658203125,False,175,refine,phase_aware_admission,"4,5",8743.902154481888
2,8839.396878134956,47.74736182653436,22.658203125,False,176,refine,phase_aware_admission,"4,5",8791.649516308422
2,8887.14423996149,47.74736182653436,22.658203125,False,177,refine,phase_aware_admission,"4,5",8839.396878134956
2,8934.891601788024,47.74736182653436,22.658203125,False,178,refine,phase_aware_admission,"4,5",8887.14423996149
2,8982.638963614558,47.74736182653436,22.658203125,False,179,refine,phase_aware_admission,"4,5",8934.891601788024
2,9030.386325441092,47.74736182653436,22.658203125,False,180,refine,phase_aware_admission,"4,5",8982.638963614558
2,9102.390801945026,72.00447650393471,235.28125,False,181,warmup,phase_aware_admission,"10,11",9030.386325441092
2,9150.13816377156,47.74736182653436,22.658203125,False,182,refine,phase_aware_admission,"10,11",9102.390801945026
2,9197.885525598094,47.74736182653436,22.658203125,False,183,refine,phase_aware_admission,"10,11",9150.13816377156
2,9245.632887424628,47.74736182653436,22.658203125,False,184,refine,phase_aware_admission,"10,11",9197.885525598094
2,9293.380249251162,47.74736182653436,22.658203125,False,185,refine,phase_aware_admission,"10,11",9245.632887424628
2,9341.127611077696,47.74736182653436,22.658203125,False,186,refine,phase_aware_admission,"10,11",9293.380249251162
2,9388.87497290423,47.74736182653436,22.658203125,False,187,refine,phase_aware_admission,"10,11",9341.127611077696
2,9436.622334730764,47.74736182653436,22.658203125,False,188,refine,phase_aware_admission,"10,11",9388.87497290423
2,9484.369696557298,47.74736182653436,22.658203125,False,189,refine,phase_aware_admission,"10,11",9436.622334730764
2,9532.117058383832,47.74736182653436,22.658203125,False,190,refine,phase_aware_admission,"10,11",9484.369696557298
2,9579.864420210366,47.74736182653436,22.658203125,False,191,refine,phase_aware_admission,"10,11",9532.117058383832
2,9627.6117820369,47.74736182653436,22.658203125,False,192,refine,phase_aware_admission,"10,11",9579.864420210366
2,9699.616258540835,72.00447650393471,235.28125,False,193,warmup,phase_aware_admission,"8,9",9627.6117820369
2,9747.363620367369,47.74736182653436,22.658203125,False,194,refine,phase_aware_admission,"8,9",9699.616258540835
2,9795.110982193903,47.74736182653436,22.658203125,False,195,refine,phase_aware_admission,"8,9",9747.363620367369
2,9842.858344020437,47.74736182653436,22.658203125,False,196,refine,phase_aware_admission,"8,9",9795.110982193903
2,9890.60570584697,47.74736182653436,22.658203125,False,197,refine,phase_aware_admission,"8,9",9842.858344020437
2,9938.353067673504,47.74736182653436,22.658203125,False,198,refine,phase_aware_admission,"8,9",9890.60570584697
2,9986.100429500038,47.74736182653436,22.658203125,False,199,refine,phase_aware_admission,"8,9",9938.353067673504
2,10033.847791326572,47.74736182653436,22.658203125,False,200,refine,phase_aware_admission,"8,9",9986.100429500038
2,10081.595153153106,47.74736182653436,22.658203125,False,201,refine,phase_aware_admission,"8,9",10033.847791326572
2,10129.34251497964,47.74736182653436,22.658203125,False,202,refine,phase_aware_admission,"8,9",10081.595153153106
2,10177.089876806174,47.74736182653436,22.658203125,False,203,refine,phase_aware_admission,"8,9",10129.34251497964
2,10249.094353310109,72.00447650393471,235.28125,False,204,warmup,phase_aware_admission,"6,7",10177.089876806174
2,10296.841715136643,47.74736182653436,22.658203125,False,205,refine,phase_aware_admission,"6,7",10249.094353310109
2,10344.589076963177,47.74736182653436,22.658203125,False,206,refine,phase_aware_admission,"6,7",10296.841715136643
2,10392.33643878971,47.74736182653436,22.658203125,False,207,refine,phase_aware_admission,"6,7",10344.589076963177
2,10440.083800616245,47.74736182653436,22.658203125,False,208,refine,phase_aware_admission,"6,7",10392.33643878971
2,10487.831162442779,47.74736182653436,22.658203125,False,209,refine,phase_aware_admission,"6,7",10440.083800616245
2,10535.578524269313,47.74736182653436,22.658203125,False,210,refine,phase_aware_admission,"6,7",10487.831162442779
2,10583.325886095847,47.74736182653436,22.658203125,False,211,refine,phase_aware_admission,"6,7",10535.578524269313
2,10631.07324792238,47.74736182653436,22.658203125,False,212,refine,phase_aware_admission,"6,7",10583.325886095847
2,10678.820609748915,47.74736182653436,22.658203125,False,213,refine,phase_aware_admission,"6,7",10631.07324792238
2,10726.567971575449,47.74736182653436,22.658203125,False,214,refine,phase_aware_admission,"6,7",10678.820609748915
2,10798.572448079383,72.00447650393471,235.28125,False,215,warmup,phase_aware_admission,"12,13",10726.567971575449
2,10846.319809905917,47.74736182653436,22.658203125,False,216,refine,phase_aware_admission,"12,13",10798.572448079383
2,10894.067171732451,47.74736182653436,22.658203125,False,217,refine,phase_aware_admission,"12,13",10846.319809905917
2,10941.814533558985,47.74736182653436,22.658203125,False,218,refine,phase_aware_admission,"12,13",10894.067171732451
2,10989.56189538552,47.74736182653436,22.658203125,False,219,refine,phase_aware_admission,"12,13",10941.814533558985
2,11037.309257212053,47.74736182653436,22.658203125,False,220,refine,phase_aware_admission,"12,13",10989.56189538552
2,11085.056619038587,47.74736182653436,22.658203125,False,221,refine,phase_aware_admission,"12,13",11037.309257212053
2,11132.803980865121,47.74736182653436,22.658203125,False,222,refine,phase_aware_admission,"12,13",11085.056619038587
2,11180.551342691655,47.74736182653436,22.658203125,False,223,refine,phase_aware_admission,"12,13",11132.803980865121
2,11228.298704518189,47.74736182653436,22.658203125,False,224,refine,phase_aware_admission,"12,13",11180.551342691655
2,11276.046066344723,47.74736182653436,22.658203125,False,225,refine,phase_aware_admission,"12,13",11228.298704518189
2,11323.793428171257,47.74736182653436,22.658203125,False,226,refine,phase_aware_admission,"12,13",11276.046066344723
2,11395.797904675192,72.00447650393471,235.28125,False,227,warmup,phase_aware_admission,"10,11",11323.793428171257
2,11443.545266501726,47.74736182653436,22.658203125,False,228,refine,phase_aware_admission,"10,11",11395.797904675192
2,11491.29262832826,47.74736182653436,22.658203125,False,229,refine,phase_aware_admission,"10,11",11443.545266501726
2,11539.039990154793,47.74736182653436,22.658203125,False,230,refine,phase_aware_admission,"10,11",11491.29262832826
2,11586.787351981327,47.74736182653436,22.658203125,False,231,refine,phase_aware_admission,"10,11",11539.039990154793
2,11634.534713807861,47.74736182653436,22.658203125,False,232,refine,phase_aware_admission,"10,11",11586.787351981327
2,11682.282075634395,47.74736182653436,22.658203125,False,233,refine,phase_aware_admission,"10,11",11634.534713807861
2,11730.02943746093,47.74736182653436,22.658203125,False,234,refine,phase_aware_admission,"10,11",11682.282075634395
2,11777.776799287463,47.74736182653436,22.658203125,False,235,refine,phase_aware_admission,"10,11",11730.02943746093
2,11825.524161113997,47.74736182653436,22.658203125,False,236,refine,phase_aware_admission,"10,11",11777.776799287463
2,11873.271522940531,47.74736182653436,22.658203125,False,237,refine,phase_aware_admission,"10,11",11825.524161113997
2,11945.275999444466,72.00447650393471,235.28125,False,238,warmup,phase_aware_admission,"8,9",11873.271522940531
2,11993.023361271,47.74736182653436,22.658203125,False,239,refine,phase_aware_admission,"8,9",11945.275999444466
2,12040.770723097534,47.74736182653436,22.658203125,False,240,refine,phase_aware_admission,"8,9",11993.023361271
2,12088.518084924068,47.74736182653436,22.658203125,False,241,refine,phase_aware_admission,"8,9",12040.770723097534
2,12136.265446750602,47.74736182653436,22.658203125,False,242,refine,phase_aware_admission,"8,9",12088.518084924068
2,12184.012808577136,47.74736182653436,22.658203125,False,243,refine,phase_aware_admission,"8,9",12136.265446750602
2,12231.76017040367,47.74736182653436,22.658203125,False,244,refine,phase_aware_admission,"8,9",12184.012808577136
2,12279.507532230204,47.74736182653436,22.658203125,False,245,refine,phase_aware_admission,"8,9",12231.76017040367
2,12327.254894056738,47.74736182653436,22.658203125,False,246,refine,phase_aware_admission,"8,9",12279.507532230204
2,12375.002255883272,47.74736182653436,22.658203125,False,247,refine,phase_aware_admission,"8,9",12327.254894056738
2,12422.749617709806,47.74736182653436,22.658203125,False,248,refine,phase_aware_admission,"8,9",12375.002255883272
2,12494.75409421374,72.00447650393471,235.28125,False,249,warmup,phase_aware_admission,"14,15",12422.749617709806
2,12542.501456040274,47.74736182653436,22.658203125,False,250,refine,phase_aware_admission,"14,15",12494.75409421374
2,12590.248817866808,47.74736182653436,22.658203125,False,251,refine,phase_aware_admission,"14,15",12542.501456040274
2,12637.996179693342,47.74736182653436,22.658203125,False,252,refine,phase_aware_admission,"14,15",12590.248817866808
2,12685.743541519876,47.74736182653436,22.658203125,False,253,refine,phase_aware_admission,"14,15",12637.996179693342
2,12733.49090334641,47.74736182653436,22.658203125,False,254,refine,phase_aware_admission,"14,15",12685.743541519876
2,12781.238265172944,47.74736182653436,22.658203125,False,255,refine,phase_aware_admission,"14,15",12733.49090334641
2,12828.985626999478,47.74736182653436,22.658203125,False,256,refine,phase_aware_admission,"14,15",12781.238265172944
2,12876.732988826012,47.74736182653436,22.658203125,False,257,refine,phase_aware_admission,"14,15",12828.985626999478
2,12924.480350652546,47.74736182653436,22.658203125,False,258,refine,phase_aware_admission,"14,15",12876.732988826012
2,12972.22771247908,47.74736182653436,22.658203125,False,259,refine,phase_aware_admission,"14,15",12924.480350652546
2,13019.975074305614,47.74736182653436,22.658203125,False,260,refine,phase_aware_admission,"14,15",12972.22771247908
2,13091.979550809549,72.00447650393471,235.28125,False,261,warmup,phase_aware_admission,"12,13",13019.975074305614
2,13139.726912636082,47.74736182653436,22.658203125,False,262,refine,phase_aware_admission,"12,13",13091.979550809549
2,13187.474274462616,47.74736182653436,22.658203125,False,263,refine,phase_aware_admission,"12,13",13139.726912636082
2,13235.22163628915,47.74736182653436,22.658203125,False,264,refine,phase_aware_admission,"12,13",13187.474274462616
2,13282.968998115684,47.74736182653436,22.658203125,False,265,refine,phase_aware_admission,"12,13",13235.22163628915
2,13330.716359942218,47.74736182653436,22.658203125,False,266,refine,phase_aware_admission,"12,13",13282.968998115684
2,13378.463721768752,47.74736182653436,22.658203125,False,267,refine,phase_aware_admission,"12,13",13330.716359942218
2,13426.211083595286,47.74736182653436,22.658203125,False,268,refine,phase_aware_admission,"12,13",13378.463721768752
2,13473.95844542182,47.74736182653436,22.658203125,False,269,refine,phase_aware_admission,"12,13",13426.211083595286
2,13521.705807248354,47.74736182653436,22.658203125,False,270,refine,phase_aware_admission,"12,13",13473.95844542182
2,13569.453169074888,47.74736182653436,22.658203125,False,271,refine,phase_aware_admission,"12,13",13521.705807248354
2,13641.457645578823,72.00447650393471,235.28125,False,272,warmup,phase_aware_admission,"10,11",13569.453169074888
2,13689.205007405357,47.74736182653436,22.658203125,False,273,refine,phase_aware_admission,"10,11",13641.457645578823
2,13736.95236923189,47.74736182653436,22.658203125,False,274,refine,phase_aware_admission,"10,11",13689.205007405357
2,13784.699731058425,47.74736182653436,22.658203125,False,275,refine,phase_aware_admission,"10,11",13736.95236923189
2,13832.447092884959,47.74736182653436,22.658203125,False,276,refine,phase_aware_admission,"10,11",13784.699731058425
2,13880.194454711493,47.74736182653436,22.658203125,False,277,refine,phase_aware_admission,"10,11",13832.447092884959
2,13927.941816538027,47.74736182653436,22.658203125,False,278,refine,phase_aware_admission,"10,11",13880.194454711493
2,13975.68917836456,47.74736182653436,22.658203125,False,279,refine,phase_aware_admission,"10,11",13927.941816538027
2,14023.436540191095,47.74736182653436,22.658203125,False,280,refine,phase_aware_admission,"10,11",13975.68917836456
2,14071.183902017628,47.74736182653436,22.658203125,False,281,refine,phase_aware_admission,"10,11",14023.436540191095
2,14118.931263844162,47.74736182653436,22.658203125,False,282,refine,phase_aware_admission,"10,11",14071.183902017628
2,14190.935740348097,72.00447650393471,235.28125,False,283,warmup,phase_aware_admission,"8,9",14118.931263844162
2,14238.683102174631,47.74736182653436,22.658203125,False,284,refine,phase_aware_admission,"8,9",14190.935740348097
2,14286.430464001165,47.74736182653436,22.658203125,False,285,refine,phase_aware_admission,"8,9",14238.683102174631
2,14334.177825827699,47.74736182653436,22.658203125,False,286,refine,phase_aware_admission,"8,9",14286.430464001165
2,14381.925187654233,47.74736182653436,22.658203125,False,287,refine,phase_aware_admission,"8,9",14334.177825827699
2,14429.672549480767,47.74736182653436,22.658203125,False,288,refine,phase_aware_admission,"8,9",14381.925187654233
2,14477.419911307301,47.74736182653436,22.658203125,False,289,refine,phase_aware_admission,"8,9",14429.672549480767
2,14525.167273133835,47.74736182653436,22.658203125,False,290,refine,phase_aware_admission,"8,9",14477.419911307301
2,14572.914634960369,47.74736182653436,22.658203125,False,291,refine,phase_aware_admission,"8,9",14525.167273133835
2,14620.661996786903,47.74736182653436,22.658203125,False,292,refine,phase_aware_admission,"8,9",14572.914634960369
2,14668.409358613437,47.74736182653436,22.658203125,False,293,refine,phase_aware_admission,"8,9",14620.661996786903
2,14740.413835117371,72.00447650393471,235.28125,False,294,warmup,phase_aware_admission,"14,15",14668.409358613437
2,14788.161196943905,47.74736182653436,22.658203125,False,295,refine,phase_aware_admission,"14,15",14740.413835117371
2,14835.90855877044,47.74736182653436,22.658203125,False,296,refine,phase_aware_admission,"14,15",14788.161196943905
2,14883.655920596973,47.74736182653436,22.658203125,False,297,refine,phase_aware_admission,"14,15",14835.90855877044
2,14931.403282423507,47.74736182653436,22.658203125,False,298,refine,phase_aware_admission,"14,15",14883.655920596973
2,14979.150644250041,47.74736182653436,22.658203125,False,299,refine,phase_aware_admission,"14,15",14931.403282423507
2,15026.898006076575,47.74736182653436,22.658203125,False,300,refine,phase_aware_admission,"14,15",14979.150644250041
2,15074.64536790311,47.74736182653436,22.658203125,False,301,refine,phase_aware_admission,"14,15",15026.898006076575
2,15122.392729729643,47.74736182653436,22.658203125,False,302,refine,phase_aware_admission,"14,15",15074.64536790311
2,15170.140091556177,47.74736182653436,22.658203125,False,303,refine,phase_aware_admission,"14,15",15122.392729729643
2,15217.887453382711,47.74736182653436,22.658203125,False,304,refine,phase_aware_admission,"14,15",15170.140091556177
2,15289.891929886646,72.00447650393471,235.28125,False,305,warmup,phase_aware_admission,"12,13",15217.887453382711
2,15337.63929171318,47.74736182653436,22.658203125,False,306,refine,phase_aware_admission,"12,13",15289.891929886646
2,15385.386653539714,47.74736182653436,22.658203125,False,307,refine,phase_aware_admission,"12,13",15337.63929171318
2,15433.134015366248,47.74736182653436,22.658203125,False,308,refine,phase_aware_admission,"12,13",15385.386653539714
2,15480.881377192782,47.74736182653436,22.658203125,False,309,refine,phase_aware_admission,"12,13",15433.134015366248
2,15528.628739019316,47.74736182653436,22.658203125,False,310,refine,phase_aware_admission,"12,13",15480.881377192782
2,15576.37610084585,47.74736182653436,22.658203125,False,311,refine,phase_aware_admission,"12,13",15528.628739019316
2,15624.123462672384,47.74736182653436,22.658203125,False,312,refine,phase_aware_admission,"12,13",15576.37610084585
2,15671.870824498918,47.74736182653436,22.658203125,False,313,refine,phase_aware_admission,"12,13",15624.123462672384
2,15719.618186325451,47.74736182653436,22.658203125,False,314,refine,phase_aware_admission,"12,13",15671.870824498918
2,15767.365548151985,47.74736182653436,22.658203125,False,315,refine,phase_aware_admission,"12,13",15719.618186325451
2,15839.37002465592,72.00447650393471,235.28125,False,316,warmup,phase_aware_admission,"10,11",15767.365548151985
2,15887.117386482454,47.74736182653436,22.658203125,False,317,refine,phase_aware_admission,"10,11",15839.37002465592
2,15934.864748308988,47.74736182653436,22.658203125,False,318,refine,phase_aware_admission,"10,11",15887.117386482454
2,15982.612110135522,47.74736182653436,22.658203125,False,319,refine,phase_aware_admission,"10,11",15934.864748308988
2,16030.359471962056,47.74736182653436,22.658203125,False,320,refine,phase_aware_admission,"10,11",15982.612110135522
2,16078.10683378859,47.74736182653436,22.658203125,False,321,refine,phase_aware_admission,"10,11",16030.359471962056
2,16125.854195615124,47.74736182653436,22.658203125,False,322,refine,phase_aware_admission,"10,11",16078.10683378859
2,16173.601557441658,47.74736182653436,22.658203125,False,323,refine,phase_aware_admission,"10,11",16125.854195615124
2,16221.348919268192,47.74736182653436,22.658203125,False,324,refine,phase_aware_admission,"10,11",16173.601557441658
2,16269.096281094726,47.74736182653436,22.658203125,False,325,refine,phase_aware_admission,"10,11",16221.348919268192
2,16316.84364292126,47.74736182653436,22.658203125,False,326,refine,phase_aware_admission,"10,11",16269.096281094726
2,16388.848119425194,72.00447650393471,235.28125,False,327,warmup,phase_aware_admission,"16,17",16316.84364292126
2,16436.59548125173,47.74736182653436,22.658203125,False,328,refine,phase_aware_admission,"16,17",16388.848119425194
2,16484.342843078266,47.74736182653436,22.658203125,False,329,refine,phase_aware_admission,"16,17",16436.59548125173
2,16532.0902049048,47.74736182653436,22.658203125,False,330,refine,phase_aware_admission,"16,17",16484.342843078266
2,16579.837566731338,47.74736182653436,22.658203125,False,331,refine,phase_aware_admission,"16,17",16532.0902049048
2,16627.584928557873,47.74736182653436,22.658203125,False,332,refine,phase_aware_admission,"16,17",16579.837566731338
2,16675.33229038441,47.74736182653436,22.658203125,False,333,refine,phase_aware_admission,"16,17",16627.584928557873
2,16723.079652210945,47.74736182653436,22.658203125,False,334,refine,phase_aware_admission,"16,17",16675.33229038441
2,16770.82701403748,47.74736182653436,22.658203125,False,335,refine,phase_aware_admission,"16,17",16723.079652210945
2,16818.574375864016,47.74736182653436,22.658203125,False,336,refine,phase_aware_admission,"16,17",16770.82701403748
2,16866.321737690552,47.74736182653436,22.658203125,False,337,refine,phase_aware_admission,"16,17",16818.574375864016
2,16914.069099517088,47.74736182653436,22.658203125,False,338,refine,phase_aware_admission,"16,17",16866.321737690552
2,16986.073576021023,72.00447650393471,235.28125,False,339,warmup,phase_aware_admission,"14,15",16914.069099517088
2,17033.82093784756,47.74736182653436,22.658203125,False,340,refine,phase_aware_admission,"14,15",16986.073576021023
2,17081.568299674094,47.74736182653436,22.658203125,False,341,refine,phase_aware_admission,"14,15",17033.82093784756
2,17129.31566150063,47.74736182653436,22.658203125,False,342,refine,phase_aware_admission,"14,15",17081.568299674094
2,17177.063023327166,47.74736182653436,22.658203125,False,343,refine,phase_aware_admission,"14,15",17129.31566150063
2,17224.8103851537,47.74736182653436,22.658203125,False,344,refine,phase_aware_admission,"14,15",17177.063023327166
2,17272.557746980237,47.74736182653436,22.658203125,False,345,refine,phase_aware_admission,"14,15",17224.8103851537
2,17320.305108806773,47.74736182653436,22.658203125,False,346,refine,phase_aware_admission,"14,15",17272.557746980237
2,17368.05247063331,47.74736182653436,22.658203125,False,347,refine,phase_aware_admission,"14,15",17320.305108806773
2,17415.799832459845,47.74736182653436,22.658203125,False,348,refine,phase_aware_admission,"14,15",17368.05247063331
2,17463.54719428638,47.74736182653436,22.658203125,False,349,refine,phase_aware_admission,"14,15",17415.799832459845
2,17535.551670790315,72.00447650393471,235.28125,False,350,warmup,phase_aware_admission,"12,13",17463.54719428638
2,17583.29903261685,47.74736182653436,22.658203125,False,351,refine,phase_aware_admission,"12,13",17535.551670790315
2,17631.046394443387,47.74736182653436,22.658203125,False,352,refine,phase_aware_admission,"12,13",17583.29903261685
2,17678.793756269923,47.74736182653436,22.658203125,False,353,refine,phase_aware_admission,"12,13",17631.046394443387
2,17726.54111809646,47.74736182653436,22.658203125,False,354,refine,phase_aware_admission,"12,13",17678.793756269923
2,17774.288479922994,47.74736182653436,22.658203125,False,355,refine,phase_aware_admission,"12,13",17726.54111809646
2,17822.03584174953,47.74736182653436,22.658203125,False,356,refine,phase_aware_admission,"12,13",17774.288479922994
2,17869.783203576066,47.74736182653436,22.658203125,False,357,refine,phase_aware_admission,"12,13",17822.03584174953
2,17917.5305654026,47.74736182653436,22.658203125,False,358,refine,phase_aware_admission,"12,13",17869.783203576066
2,17965.277927229137,47.74736182653436,22.658203125,False,359,refine,phase_aware_admission,"12,13",17917.5305654026
2,18013.025289055673,47.74736182653436,22.658203125,False,360,refine,phase_aware_admission,"12,13",17965.277927229137
2,18085.029765559608,72.00447650393471,235.28125,False,361,warmup,phase_aware_admission,"18,19",18013.025289055673
2,18132.777127386144,47.74736182653436,22.658203125,False,362,refine,phase_aware_admission,"18,19",18085.029765559608
2,18180.52448921268,47.74736182653436,22.658203125,False,363,refine,phase_aware_admission,"18,19",18132.777127386144
2,18228.271851039215,47.74736182653436,22.658203125,False,364,refine,phase_aware_admission,"18,19",18180.52448921268
2,18276.01921286575,47.74736182653436,22.658203125,False,365,refine,phase_aware_admission,"18,19",18228.271851039215
2,18323.766574692287,47.74736182653436,22.658203125,False,366,refine,phase_aware_admission,"18,19",18276.01921286575
2,18371.513936518822,47.74736182653436,22.658203125,False,367,refine,phase_aware_admission,"18,19",18323.766574692287
2,18419.26129834536,47.74736182653436,22.658203125,False,368,refine,phase_aware_admission,"18,19",18371.513936518822
2,18467.008660171894,47.74736182653436,22.658203125,False,369,refine,phase_aware_admission,"18,19",18419.26129834536
2,18514.75602199843,47.74736182653436,22.658203125,False,370,refine,phase_aware_admission,"18,19",18467.008660171894
2,18562.503383824966,47.74736182653436,22.658203125,False,371,refine,phase_aware_admission,"18,19",18514.75602199843
2,18610.2507456515,47.74736182653436,22.658203125,False,372,refine,phase_aware_admission,"18,19",18562.503383824966
2,18682.255222155436,72.00447650393471,235.28125,False,373,warmup,phase_aware_admission,"16,17",18610.2507456515
2,18730.002583981972,47.74736182653436,22.658203125,False,374,refine,phase_aware_admission,"16,17",18682.255222155436
2,18777.749945808508,47.74736182653436,22.658203125,False,375,refine,phase_aware_admission,"16,17",18730.002583981972
2,18825.497307635043,47.74736182653436,22.658203125,False,376,refine,phase_aware_admission,"16,17",18777.749945808508
2,18873.24466946158,47.74736182653436,22.658203125,False,377,refine,phase_aware_admission,"16,17",18825.497307635043
2,18920.992031288115,47.74736182653436,22.658203125,False,378,refine,phase_aware_admission,"16,17",18873.24466946158
2,18968.73939311465,47.74736182653436,22.658203125,False,379,refine,phase_aware_admission,"16,17",18920.992031288115
2,19016.486754941187,47.74736182653436,22.658203125,False,380,refine,phase_aware_admission,"16,17",18968.73939311465
2,19064.234116767722,47.74736182653436,22.658203125,False,381,refine,phase_aware_admission,"16,17",19016.486754941187
2,19111.981478594258,47.74736182653436,22.658203125,False,382,refine,phase_aware_admission,"16,17",19064.234116767722
2,19159.728840420794,47.74736182653436,22.658203125,False,383,refine,phase_aware_admission,"16,17",19111.981478594258
2,19231.73331692473,72.00447650393471,235.28125,False,384,warmup,phase_aware_admission,"14,15",19159.728840420794
2,19279.480678751264,47.74736182653436,22.658203125,False,385,refine,phase_aware_admission,"14,15",19231.73331692473
2,19327.2280405778,47.74736182653436,22.658203125,False,386,refine,phase_aware_admission,"14,15",19279.480678751264
2,19374.975402404336,47.74736182653436,22.658203125,False,387,refine,phase_aware_admission,"14,15",19327.2280405778
2,19422.72276423087,47.74736182653436,22.658203125,False,388,refine,phase_aware_admission,"14,15",19374.975402404336
2,19470.470126057407,47.74736182653436,22.658203125,False,389,refine,phase_aware_admission,"14,15",19422.72276423087
2,19518.217487883943,47.74736182653436,22.658203125,False,390,refine,phase_aware_admission,"14,15",19470.470126057407
2,19565.96484971048,47.74736182653436,22.658203125,False,391,refine,phase_aware_admission,"14,15",19518.217487883943
2,19613.712211537015,47.74736182653436,22.658203125,False,392,refine,phase_aware_admission,"14,15",19565.96484971048
2,19661.45957336355,47.74736182653436,22.658203125,False,393,refine,phase_aware_admission,"14,15",19613.712211537015
2,19709.206935190086,47.74736182653436,22.658203125,False,394,refine,phase_aware_admission,"14,15",19661.45957336355
2,19781.21141169402,72.00447650393471,235.28125,False,395,warmup,phase_aware_admission,"20,21",19709.206935190086
2,19828.958773520557,47.74736182653436,22.658203125,False,396,refine,phase_aware_admission,"20,21",19781.21141169402
2,19876.706135347093,47.74736182653436,22.658203125,False,397,refine,phase_aware_admission,"20,21",19828.958773520557
2,19924.45349717363,47.74736182653436,22.658203125,False,398,refine,phase_aware_admission,"20,21",19876.706135347093
2,19972.200859000164,47.74736182653436,22.658203125,False,399,refine,phase_aware_admission,"20,21",19924.45349717363
2,20019.9482208267,47.74736182653436,22.658203125,False,400,refine,phase_aware_admission,"20,21",19972.200859000164
2,20067.695582653236,47.74736182653436,22.658203125,False,401,refine,phase_aware_admission,"20,21",20019.9482208267
2,20115.44294447977,47.74736182653436,22.658203125,False,402,refine,phase_aware_admission,"20,21",20067.695582653236
2,20163.190306306307,47.74736182653436,22.658203125,False,403,refine,phase_aware_admission,"20,21",20115.44294447977
2,20210.937668132843,47.74736182653436,22.658203125,False,404,refine,phase_aware_admission,"20,21",20163.190306306307
2,20258.68502995938,47.74736182653436,22.658203125,False,405,refine,phase_aware_admission,"20,21",20210.937668132843
2,20306.432391785915,47.74736182653436,22.658203125,False,406,refine,phase_aware_admission,"20,21",20258.68502995938
2,20378.43686828985,72.00447650393471,235.28125,False,407,warmup,phase_aware_admission,"18,19",20306.432391785915
2,20426.184230116385,47.74736182653436,22.658203125,False,408,refine,phase_aware_admission,"18,19",20378.43686828985
2,20473.93159194292,47.74736182653436,22.658203125,False,409,refine,phase_aware_admission,"18,19",20426.184230116385
2,20521.678953769457,47.74736182653436,22.658203125,False,410,refine,phase_aware_admission,"18,19",20473.93159194292
2,20569.426315595992,47.74736182653436,22.658203125,False,411,refine,phase_aware_admission,"18,19",20521.678953769457
2,20617.17367742253,47.74736182653436,22.658203125,False,412,refine,phase_aware_admission,"18,19",20569.426315595992
2,20664.921039249064,47.74736182653436,22.658203125,False,413,refine,phase_aware_admission,"18,19",20617.17367742253
2,20712.6684010756,47.74736182653436,22.658203125,False,414,refine,phase_aware_admission,"18,19",20664.921039249064
2,20760.415762902136,47.74736182653436,22.658203125,False,415,refine,phase_aware_admission,"18,19",20712.6684010756
2,20808.16312472867,47.74736182653436,22.658203125,False,416,refine,phase_aware_admission,"18,19",20760.415762902136
2,20855.910486555207,47.74736182653436,22.658203125,False,417,refine,phase_aware_admission,"18,19",20808.16312472867
2,20927.914963059142,72.00447650393471,235.28125,False,418,warmup,phase_aware_admission,"16,17",20855.910486555207
2,20975.662324885678,47.74736182653436,22.658203125,False,419,refine,phase_aware_admission,"16,17",20927.914963059142
2,21023.409686712213,47.74736182653436,22.658203125,False,420,refine,phase_aware_admission,"16,17",20975.662324885678
2,21071.15704853875,47.74736182653436,22.658203125,False,421,refine,phase_aware_admission,"16,17",21023.409686712213
2,21118.904410365285,47.74736182653436,22.658203125,False,422,refine,phase_aware_admission,"16,17",21071.15704853875
2,21166.65177219182,47.74736182653436,22.658203125,False,423,refine,phase_aware_admission,"16,17",21118.904410365285
2,21214.399134018357,47.74736182653436,22.658203125,False,424,refine,phase_aware_admission,"16,17",21166.65177219182
2,21262.146495844892,47.74736182653436,22.658203125,False,425,refine,phase_aware_admission,"16,17",21214.399134018357
2,21309.893857671428,47.74736182653436,22.658203125,False,426,refine,phase_aware_admission,"16,17",21262.146495844892
2,21357.641219497964,47.74736182653436,22.658203125,False,427,refine,phase_aware_admission,"16,17",21309.893857671428
2,21405.3885813245,47.74736182653436,22.658203125,False,428,refine,phase_aware_admission,"16,17",21357.641219497964
2,21477.393057828434,72.00447650393471,235.28125,False,429,warmup,phase_aware_admission,"22,23",21405.3885813245
2,21525.14041965497,47.74736182653436,22.658203125,False,430,refine,phase_aware_admission,"22,23",21477.393057828434
2,21572.887781481506,47.74736182653436,22.658203125,False,431,refine,phase_aware_admission,"22,23",21525.14041965497
2,21620.63514330804,47.74736182653436,22.658203125,False,432,refine,phase_aware_admission,"22,23",21572.887781481506
2,21668.382505134578,47.74736182653436,22.658203125,False,433,refine,phase_aware_admission,"22,23",21620.63514330804
2,21716.129866961113,47.74736182653436,22.658203125,False,434,refine,phase_aware_admission,"22,23",21668.382505134578
2,21763.87722878765,47.74736182653436,22.658203125,False,435,refine,phase_aware_admission,"22,23",21716.129866961113
2,21811.624590614185,47.74736182653436,22.658203125,False,436,refine,phase_aware_admission,"22,23",21763.87722878765
2,21859.37195244072,47.74736182653436,22.658203125,False,437,refine,phase_aware_admission,"22,23",21811.624590614185
2,21907.119314267256,47.74736182653436,22.658203125,False,438,refine,phase_aware_admission,"22,23",21859.37195244072
2,21954.866676093792,47.74736182653436,22.658203125,False,439,refine,phase_aware_admission,"22,23",21907.119314267256
2,22002.614037920328,47.74736182653436,22.658203125,False,440,refine,phase_aware_admission,"22,23",21954.866676093792
2,22074.618514424263,72.00447650393471,235.28125,False,441,warmup,phase_aware_admission,"20,21",22002.614037920328
2,22122.3658762508,47.74736182653436,22.658203125,False,442,refine,phase_aware_admission,"20,21",22074.618514424263
2,22170.113238077334,47.74736182653436,22.658203125,False,443,refine,phase_aware_admission,"20,21",22122.3658762508
2,22217.86059990387,47.74736182653436,22.658203125,False,444,refine,phase_aware_admission,"20,21",22170.113238077334
2,22265.607961730406,47.74736182653436,22.658203125,False,445,refine,phase_aware_admission,"20,21",22217.86059990387
2,22313.35532355694,47.74736182653436,22.658203125,False,446,refine,phase_aware_admission,"20,21",22265.607961730406
2,22361.102685383477,47.74736182653436,22.658203125,False,447,refine,phase_aware_admission,"20,21",22313.35532355694
2,22408.850047210013,47.74736182653436,22.658203125,False,448,refine,phase_aware_admission,"20,21",22361.102685383477
2,22456.59740903655,47.74736182653436,22.658203125,False,449,refine,phase_aware_admission,"20,21",22408.850047210013
2,22504.344770863085,47.74736182653436,22.658203125,False,450,refine,phase_aware_admission,"20,21",22456.59740903655
2,22552.09213268962,47.74736182653436,22.658203125,False,451,refine,phase_aware_admission,"20,21",22504.344770863085
2,22624.096609193555,72.00447650393471,235.28125,False,452,warmup,phase_aware_admission,"18,19",22552.09213268962
2,22671.84397102009,47.74736182653436,22.658203125,False,453,refine,phase_aware_admission,"18,19",22624.096609193555
2,22719.591332846627,47.74736182653436,22.658203125,False,454,refine,phase_aware_admission,"18,19",22671.84397102009
2,22767.338694673163,47.74736182653436,22.658203125,False,455,refine,phase_aware_admission,"18,19",22719.591332846627
2,22815.0860564997,47.74736182653436,22.658203125,False,456,refine,phase_aware_admission,"18,19",22767.338694673163
2,22862.833418326234,47.74736182653436,22.658203125,False,457,refine,phase_aware_admission,"18,19",22815.0860564997
2,22910.58078015277,47.74736182653436,22.658203125,False,458,refine,phase_aware_admission,"18,19",22862.833418326234
2,22958.328141979306,47.74736182653436,22.658203125,False,459,refine,phase_aware_admission,"18,19",22910.58078015277
2,23006.07550380584,47.74736182653436,22.658203125,False,460,refine,phase_aware_admission,"18,19",22958.328141979306
2,23053.822865632377,47.74736182653436,22.658203125,False,461,refine,phase_aware_admission,"18,19",23006.07550380584
2,23101.570227458913,47.74736182653436,22.658203125,False,462,refine,phase_aware_admission,"18,19",23053.822865632377
2,23173.574703962848,72.00447650393471,235.28125,False,463,warmup,phase_aware_admission,"16,17",23101.570227458913
2,23221.322065789383,47.74736182653436,22.658203125,False,464,refine,phase_aware_admission,"16,17",23173.574703962848
2,23269.06942761592,47.74736182653436,22.658203125,False,465,refine,phase_aware_admission,"16,17",23221.322065789383
2,23316.816789442455,47.74736182653436,22.658203125,False,466,refine,phase_aware_admission,"16,17",23269.06942761592
2,23364.56415126899,47.74736182653436,22.658203125,False,467,refine,phase_aware_admission,"16,17",23316.816789442455
2,23412.311513095527,47.74736182653436,22.658203125,False,468,refine,phase_aware_admission,"16,17",23364.56415126899
2,23460.058874922062,47.74736182653436,22.658203125,False,469,refine,phase_aware_admission,"16,17",23412.311513095527
2,23507.806236748598,47.74736182653436,22.658203125,False,470,refine,phase_aware_admission,"16,17",23460.058874922062
2,23555.553598575134,47.74736182653436,22.658203125,False,471,refine,phase_aware_admission,"16,17",23507.806236748598
2,23603.30096040167,47.74736182653436,22.658203125,False,472,refine,phase_aware_admission,"16,17",23555.553598575134
2,23651.048322228206,47.74736182653436,22.658203125,False,473,refine,phase_aware_admission,"16,17",23603.30096040167
2,23723.05279873214,72.00447650393471,235.28125,False,474,warmup,phase_aware_admission,"22,23",23651.048322228206
2,23770.800160558676,47.74736182653436,22.658203125,False,475,refine,phase_aware_admission,"22,23",23723.05279873214
2,23818.54752238521,47.74736182653436,22.658203125,False,476,refine,phase_aware_admission,"22,23",23770.800160558676
2,23866.294884211748,47.74736182653436,22.658203125,False,477,refine,phase_aware_admission,"22,23",23818.54752238521
2,23914.042246038283,47.74736182653436,22.658203125,False,478,refine,phase_aware_admission,"22,23",23866.294884211748
2,23961.78960786482,47.74736182653436,22.658203125,False,479,refine,phase_aware_admission,"22,23",23914.042246038283
2,24009.536969691355,47.74736182653436,22.658203125,False,480,refine,phase_aware_admission,"22,23",23961.78960786482
2,24057.28433151789,47.74736182653436,22.658203125,False,481,refine,phase_aware_admission,"22,23",24009.536969691355
2,24105.031693344426,47.74736182653436,22.658203125,False,482,refine,phase_aware_admission,"22,23",24057.28433151789
2,24152.779055170962,47.74736182653436,22.658203125,False,483,refine,phase_aware_admission,"22,23",24105.031693344426
2,24200.526416997498,47.74736182653436,22.658203125,False,484,refine,phase_aware_admission,"22,23",24152.779055170962
2,24272.530893501433,72.00447650393471,235.28125,False,485,warmup,phase_aware_admission,"20,21",24200.526416997498
2,24320.27825532797,47.74736182653436,22.658203125,False,486,refine,phase_aware_admission,"20,21",24272.530893501433
2,24368.025617154504,47.74736182653436,22.658203125,False,487,refine,phase_aware_admission,"20,21",24320.27825532797
2,24415.77297898104,47.74736182653436,22.658203125,False,488,refine,phase_aware_admission,"20,21",24368.025617154504
2,24463.520340807576,47.74736182653436,22.658203125,False,489,refine,phase_aware_admission,"20,21",24415.77297898104
2,24511.26770263411,47.74736182653436,22.658203125,False,490,refine,phase_aware_admission,"20,21",24463.520340807576
2,24559.015064460647,47.74736182653436,22.658203125,False,491,refine,phase_aware_admission,"20,21",24511.26770263411
2,24606.762426287183,47.74736182653436,22.658203125,False,492,refine,phase_aware_admission,"20,21",24559.015064460647
2,24654.50978811372,47.74736182653436,22.658203125,False,493,refine,phase_aware_admission,"20,21",24606.762426287183
2,24702.257149940255,47.74736182653436,22.658203125,False,494,refine,phase_aware_admission,"20,21",24654.50978811372
2,24750.00451176679,47.74736182653436,22.658203125,False,495,refine,phase_aware_admission,"20,21",24702.257149940255
2,24822.008988270725,72.00447650393471,235.28125,False,496,warmup,phase_aware_admission,"18,19",24750.00451176679
2,24869.75635009726,47.74736182653436,22.658203125,False,497,refine,phase_aware_admission,"18,19",24822.008988270725
2,24917.503711923797,47.74736182653436,22.658203125,False,498,refine,phase_aware_admission,"18,19",24869.75635009726
2,24965.251073750333,47.74736182653436,22.658203125,False,499,refine,phase_aware_admission,"18,19",24917.503711923797
2,25012.99843557687,47.74736182653436,22.658203125,False,500,refine,phase_aware_admission,"18,19",24965.251073750333
2,25060.745797403404,47.74736182653436,22.658203125,False,501,refine,phase_aware_admission,"18,19",25012.99843557687
2,25108.49315922994,47.74736182653436,22.658203125,False,502,refine,phase_aware_admission,"18,19",25060.745797403404
2,25156.240521056476,47.74736182653436,22.658203125,False,503,refine,phase_aware_admission,"18,19",25108.49315922994
2,25203.98788288301,47.74736182653436,22.658203125,False,504,refine,phase_aware_admission,"18,19",25156.240521056476
2,25251.735244709547,47.74736182653436,22.658203125,False,505,refine,phase_aware_admission,"18,19",25203.98788288301
2,25299.482606536083,47.74736182653436,22.658203125,False,506,refine,phase_aware_admission,"18,19",25251.735244709547
2,25371.487083040018,72.00447650393471,235.28125,False,507,warmup,phase_aware_admission,"24,25",25299.482606536083
2,25419.234444866554,47.74736182653436,22.658203125,False,508,refine,phase_aware_admission,"24,25",25371.487083040018
2,25466.98180669309,47.74736182653436,22.658203125,False,509,refine,phase_aware_admission,"24,25",25419.234444866554
2,25514.729168519625,47.74736182653436,22.658203125,False,510,refine,phase_aware_admission,"24,25",25466.98180669309
2,25562.47653034616,47.74736182653436,22.658203125,False,511,refine,phase_aware_admission,"24,25",25514.729168519625
2,25610.223892172697,47.74736182653436,22.658203125,False,512,refine,phase_aware_admission,"24,25",25562.47653034616
2,25657.971253999232,47.74736182653436,22.658203125,False,513,refine,phase_aware_admission,"24,25",25610.223892172697
2,25705.71861582577,47.74736182653436,22.658203125,False,514,refine,phase_aware_admission,"24,25",25657.971253999232
2,25753.465977652304,47.74736182653436,22.658203125,False,515,refine,phase_aware_admission,"24,25",25705.71861582577
2,25801.21333947884,47.74736182653436,22.658203125,False,516,refine,phase_aware_admission,"24,25",25753.465977652304
2,25848.960701305376,47.74736182653436,22.658203125,False,517,refine,phase_aware_admission,"24,25",25801.21333947884
2,25896.70806313191,47.74736182653436,22.658203125,False,518,refine,phase_aware_admission,"24,25",25848.960701305376
2,25968.712539635846,72.00447650393471,235.28125,False,519,warmup,phase_aware_admission,"22,23",25896.70806313191
2,26016.459901462382,47.74736182653436,22.658203125,False,520,refine,phase_aware_admission,"22,23",25968.712539635846
2,26064.207263288918,47.74736182653436,22.658203125,False,521,refine,phase_aware_admission,"22,23",26016.459901462382
2,26111.954625115453,47.74736182653436,22.658203125,False,522,refine,phase_aware_admission,"22,23",26064.207263288918
2,26159.70198694199,47.74736182653436,22.658203125,False,523,refine,phase_aware_admission,"22,23",26111.954625115453
2,26207.449348768525,47.74736182653436,22.658203125,False,524,refine,phase_aware_admission,"22,23",26159.70198694199
2,26255.19671059506,47.74736182653436,22.658203125,False,525,refine,phase_aware_admission,"22,23",26207.449348768525
2,26302.944072421597,47.74736182653436,22.658203125,False,526,refine,phase_aware_admission,"22,23",26255.19671059506
2,26350.691434248132,47.74736182653436,22.658203125,False,527,refine,phase_aware_admission,"22,23",26302.944072421597
2,26398.438796074668,47.74736182653436,22.658203125,False,528,refine,phase_aware_admission,"22,23",26350.691434248132
2,26446.186157901204,47.74736182653436,22.658203125,False,529,refine,phase_aware_admission,"22,23",26398.438796074668
2,26518.19063440514,72.00447650393471,235.28125,False,530,warmup,phase_aware_admission,"20,21",26446.186157901204
2,26565.937996231674,47.74736182653436,22.658203125,False,531,refine,phase_aware_admission,"20,21",26518.19063440514
2,26613.68535805821,47.74736182653436,22.658203125,False,532,refine,phase_aware_admission,"20,21",26565.937996231674
2,26661.432719884746,47.74736182653436,22.658203125,False,533,refine,phase_aware_admission,"20,21",26613.68535805821
2,26709.18008171128,47.74736182653436,22.658203125,False,534,refine,phase_aware_admission,"20,21",26661.432719884746
2,26756.927443537817,47.74736182653436,22.658203125,False,535,refine,phase_aware_admission,"20,21",26709.18008171128
2,26804.674805364353,47.74736182653436,22.658203125,False,536,refine,phase_aware_admission,"20,21",26756.927443537817
2,26852.42216719089,47.74736182653436,22.658203125,False,537,refine,phase_aware_admission,"20,21",26804.674805364353
2,26900.169529017425,47.74736182653436,22.658203125,False,538,refine,phase_aware_admission,"20,21",26852.42216719089
2,26947.91689084396,47.74736182653436,22.658203125,False,539,refine,phase_aware_admission,"20,21",26900.169529017425
2,26995.664252670496,47.74736182653436,22.658203125,False,540,refine,phase_aware_admission,"20,21",26947.91689084396
2,27067.66872917443,72.00447650393471,235.28125,False,541,warmup,phase_aware_admission,"26,27",26995.664252670496
2,27115.416091000967,47.74736182653436,22.658203125,False,542,refine,phase_aware_admission,"26,27",27067.66872917443
2,27163.163452827503,47.74736182653436,22.658203125,False,543,refine,phase_aware_admission,"26,27",27115.416091000967
2,27210.91081465404,47.74736182653436,22.658203125,False,544,refine,phase_aware_admission,"26,27",27163.163452827503
2,27258.658176480574,47.74736182653436,22.658203125,False,545,refine,phase_aware_admission,"26,27",27210.91081465404
2,27306.40553830711,47.74736182653436,22.658203125,False,546,refine,phase_aware_admission,"26,27",27258.658176480574
2,27354.152900133646,47.74736182653436,22.658203125,False,547,refine,phase_aware_admission,"26,27",27306.40553830711
2,27401.90026196018,47.74736182653436,22.658203125,False,548,refine,phase_aware_admission,"26,27",27354.152900133646
2,27449.647623786717,47.74736182653436,22.658203125,False,549,refine,phase_aware_admission,"26,27",27401.90026196018
2,27497.394985613253,47.74736182653436,22.658203125,False,550,refine,phase_aware_admission,"26,27",27449.647623786717
2,27545.14234743979,47.74736182653436,22.658203125,False,551,refine,phase_aware_admission,"26,27",27497.394985613253
2,27592.889709266325,47.74736182653436,22.658203125,False,552,refine,phase_aware_admission,"26,27",27545.14234743979
2,27664.89418577026,72.00447650393471,235.28125,False,553,warmup,phase_aware_admission,"24,25",27592.889709266325
2,27712.641547596795,47.74736182653436,22.658203125,False,554,refine,phase_aware_admission,"24,25",27664.89418577026
2,27760.38890942333,47.74736182653436,22.658203125,False,555,refine,phase_aware_admission,"24,25",27712.641547596795
2,27808.136271249867,47.74736182653436,22.658203125,False,556,refine,phase_aware_admission,"24,25",27760.38890942333
2,27855.883633076402,47.74736182653436,22.658203125,False,557,refine,phase_aware_admission,"24,25",27808.136271249867
2,27903.63099490294,47.74736182653436,22.658203125,False,558,refine,phase_aware_admission,"24,25",27855.883633076402
2,27951.378356729474,47.74736182653436,22.658203125,False,559,refine,phase_aware_admission,"24,25",27903.63099490294
2,27999.12571855601,47.74736182653436,22.658203125,False,560,refine,phase_aware_admission,"24,25",27951.378356729474
2,28046.873080382546,47.74736182653436,22.658203125,False,561,refine,phase_aware_admission,"24,25",27999.12571855601
2,28094.62044220908,47.74736182653436,22.658203125,False,562,refine,phase_aware_admission,"24,25",28046.873080382546
2,28142.367804035617,47.74736182653436,22.658203125,False,563,refine,phase_aware_admission,"24,25",28094.62044220908
2,28214.372280539552,72.00447650393471,235.28125,False,564,warmup,phase_aware_admission,"22,23",28142.367804035617
2,28262.119642366088,47.74736182653436,22.658203125,False,565,refine,phase_aware_admission,"22,23",28214.372280539552
2,28309.867004192623,47.74736182653436,22.658203125,False,566,refine,phase_aware_admission,"22,23",28262.119642366088
2,28357.61436601916,47.74736182653436,22.658203125,False,567,refine,phase_aware_admission,"22,23",28309.867004192623
2,28405.361727845695,47.74736182653436,22.658203125,False,568,refine,phase_aware_admission,"22,23",28357.61436601916
2,28453.10908967223,47.74736182653436,22.658203125,False,569,refine,phase_aware_admission,"22,23",28405.361727845695
2,28500.856451498767,47.74736182653436,22.658203125,False,570,refine,phase_aware_admission,"22,23",28453.10908967223
2,28548.603813325302,47.74736182653436,22.658203125,False,571,refine,phase_aware_admission,"22,23",28500.856451498767
2,28596.351175151838,47.74736182653436,22.658203125,False,572,refine,phase_aware_admission,"22,23",28548.603813325302
2,28644.098536978374,47.74736182653436,22.658203125,False,573,refine,phase_aware_admission,"22,23",28596.351175151838
2,28691.84589880491,47.74736182653436,22.658203125,False,574,refine,phase_aware_admission,"22,23",28644.098536978374
2,28763.850375308844,72.00447650393471,235.28125,False,575,warmup,phase_aware_admission,"28,29",28691.84589880491
2,28811.59773713538,47.74736182653436,22.658203125,False,576,refine,phase_aware_admission,"28,29",28763.850375308844
2,28859.345098961916,47.74736182653436,22.658203125,False,577,refine,phase_aware_admission,"28,29",28811.59773713538
2,28907.09246078845,47.74736182653436,22.658203125,False,578,refine,phase_aware_admission,"28,29",28859.345098961916
2,28954.839822614987,47.74736182653436,22.658203125,False,579,refine,phase_aware_admission,"28,29",28907.09246078845
2,29002.587184441523,47.74736182653436,22.658203125,False,580,refine,phase_aware_admission,"28,29",28954.839822614987
2,29050.33454626806,47.74736182653436,22.658203125,False,581,refine,phase_aware_admission,"28,29",29002.587184441523
2,29098.081908094595,47.74736182653436,22.658203125,False,582,refine,phase_aware_admission,"28,29",29050.33454626806
2,29145.82926992113,47.74736182653436,22.658203125,False,583,refine,phase_aware_admission,"28,29",29098.081908094595
2,29193.576631747666,47.74736182653436,22.658203125,False,584,refine,phase_aware_admission,"28,29",29145.82926992113
2,29241.323993574202,47.74736182653436,22.658203125,False,585,refine,phase_aware_admission,"28,29",29193.576631747666
2,29289.071355400738,47.74736182653436,22.658203125,False,586,refine,phase_aware_admission,"28,29",29241.323993574202
2,29361.075831904673,72.00447650393471,235.28125,False,587,warmup,phase_aware_admission,"26,27",29289.071355400738
2,29408.82319373121,47.74736182653436,22.658203125,False,588,refine,phase_aware_admission,"26,27",29361.075831904673
2,29456.570555557744,47.74736182653436,22.658203125,False,589,refine,phase_aware_admission,"26,27",29408.82319373121
2,29504.31791738428,47.74736182653436,22.658203125,False,590,refine,phase_aware_admission,"26,27",29456.570555557744
2,29552.065279210816,47.74736182653436,22.658203125,False,591,refine,phase_aware_admission,"26,27",29504.31791738428
2,29599.81264103735,47.74736182653436,22.658203125,False,592,refine,phase_aware_admission,"26,27",29552.065279210816
2,29647.560002863887,47.74736182653436,22.658203125,False,593,refine,phase_aware_admission,"26,27",29599.81264103735
2,29695.307364690423,47.74736182653436,22.658203125,False,594,refine,phase_aware_admission,"26,27",29647.560002863887
2,29743.05472651696,47.74736182653436,22.658203125,False,595,refine,phase_aware_admission,"26,27",29695.307364690423
2,29790.802088343495,47.74736182653436,22.658203125,False,596,refine,phase_aware_admission,"26,27",29743.05472651696
2,29838.54945017003,47.74736182653436,22.658203125,False,597,refine,phase_aware_admission,"26,27",29790.802088343495
2,29910.553926673965,72.00447650393471,235.28125,False,598,warmup,phase_aware_admission,"24,25",29838.54945017003
2,29958.3012885005,47.74736182653436,22.658203125,False,599,refine,phase_aware_admission,"24,25",29910.553926673965
2,30006.048650327037,47.74736182653436,22.658203125,False,600,refine,phase_aware_admission,"24,25",29958.3012885005
2,30053.796012153573,47.74736182653436,22.658203125,False,601,refine,phase_aware_admission,"24,25",30006.048650327037
2,30101.54337398011,47.74736182653436,22.658203125,False,602,refine,phase_aware_admission,"24,25",30053.796012153573
2,30149.290735806644,47.74736182653436,22.658203125,False,603,refine,phase_aware_admission,"24,25",30101.54337398011
2,30197.03809763318,47.74736182653436,22.658203125,False,604,refine,phase_aware_admission,"24,25",30149.290735806644
2,30244.785459459716,47.74736182653436,22.658203125,False,605,refine,phase_aware_admission,"24,25",30197.03809763318
2,30292.53282128625,47.74736182653436,22.658203125,False,606,refine,phase_aware_admission,"24,25",30244.785459459716
2,30340.280183112787,47.74736182653436,22.658203125,False,607,refine,phase_aware_admission,"24,25",30292.53282128625
2,30388.027544939323,47.74736182653436,22.658203125,False,608,refine,phase_aware_admission,"24,25",30340.280183112787
2,30460.032021443258,72.00447650393471,235.28125,False,609,warmup,phase_aware_admission,"30,31",30388.027544939323
2,30507.779383269793,47.74736182653436,22.658203125,False,610,refine,phase_aware_admission,"30,31",30460.032021443258
2,30555.52674509633,47.74736182653436,22.658203125,False,611,refine,phase_aware_admission,"30,31",30507.779383269793
2,30603.274106922865,47.74736182653436,22.658203125,False,612,refine,phase_aware_admission,"30,31",30555.52674509633
2,30651.0214687494,47.74736182653436,22.658203125,False,613,refine,phase_aware_admission,"30,31",30603.274106922865
2,30698.768830575937,47.74736182653436,22.658203125,False,614,refine,phase_aware_admission,"30,31",30651.0214687494
2,30746.516192402472,47.74736182653436,22.658203125,False,615,refine,phase_aware_admission,"30,31",30698.768830575937
2,30794.263554229008,47.74736182653436,22.658203125,False,616,refine,phase_aware_admission,"30,31",30746.516192402472
2,30842.010916055544,47.74736182653436,22.658203125,False,617,refine,phase_aware_admission,"30,31",30794.263554229008
2,30889.75827788208,47.74736182653436,22.658203125,False,618,refine,phase_aware_admission,"30,31",30842.010916055544
2,30937.505639708615,47.74736182653436,22.658203125,False,619,refine,phase_aware_admission,"30,31",30889.75827788208
2,30985.25300153515,47.74736182653436,22.658203125,False,620,refine,phase_aware_admission,"30,31",30937.505639708615
2,31057.257478039086,72.00447650393471,235.28125,False,621,warmup,phase_aware_admission,"28,29",30985.25300153515
2,31105.00483986562,47.74736182653436,22.658203125,False,622,refine,phase_aware_admission,"28,29",31057.257478039086
2,31152.752201692158,47.74736182653436,22.658203125,False,623,refine,phase_aware_admission,"28,29",31105.00483986562
2,31200.499563518693,47.74736182653436,22.658203125,False,624,refine,phase_aware_admission,"28,29",31152.752201692158
2,31248.24692534523,47.74736182653436,22.658203125,False,625,refine,phase_aware_admission,"28,29",31200.499563518693
2,31295.994287171765,47.74736182653436,22.658203125,False,626,refine,phase_aware_admission,"28,29",31248.24692534523
2,31343.7416489983,47.74736182653436,22.658203125,False,627,refine,phase_aware_admission,"28,29",31295.994287171765
2,31391.489010824836,47.74736182653436,22.658203125,False,628,refine,phase_aware_admission,"28,29",31343.7416489983
2,31439.236372651372,47.74736182653436,22.658203125,False,629,refine,phase_aware_admission,"28,29",31391.489010824836
2,31486.983734477908,47.74736182653436,22.658203125,False,630,refine,phase_aware_admission,"28,29",31439.236372651372
2,31534.731096304444,47.74736182653436,22.658203125,False,631,refine,phase_aware_admission,"28,29",31486.983734477908
2,31606.73557280838,72.00447650393471,235.28125,False,632,warmup,phase_aware_admission,"26,27",31534.731096304444
2,31654.482934634914,47.74736182653436,22.658203125,False,633,refine,phase_aware_admission,"26,27",31606.73557280838
2,31702.23029646145,47.74736182653436,22.658203125,False,634,refine,phase_aware_admission,"26,27",31654.482934634914
2,31749.977658287986,47.74736182653436,22.658203125,False,635,refine,phase_aware_admission,"26,27",31702.23029646145
2,31797.72502011452,47.74736182653436,22.658203125,False,636,refine,phase_aware_admission,"26,27",31749.977658287986
2,31845.472381941057,47.74736182653436,22.658203125,False,637,refine,phase_aware_admission,"26,27",31797.72502011452
2,31893.219743767593,47.74736182653436,22.658203125,False,638,refine,phase_aware_admission,"26,27",31845.472381941057
2,31940.96710559413,47.74736182653436,22.658203125,False,639,refine,phase_aware_admission,"26,27",31893.219743767593
2,31988.714467420665,47.74736182653436,22.658203125,False,640,refine,phase_aware_admission,"26,27",31940.96710559413
2,32036.4618292472,47.74736182653436,22.658203125,False,641,refine,phase_aware_admission,"26,27",31988.714467420665
2,32084.209191073736,47.74736182653436,22.658203125,False,642,refine,phase_aware_admission,"26,27",32036.4618292472
2,32156.21366757767,72.00447650393471,235.28125,False,643,warmup,phase_aware_admission,"24,25",32084.209191073736
2,32203.961029404207,47.74736182653436,22.658203125,False,644,refine,phase_aware_admission,"24,25",32156.21366757767
2,32251.708391230743,47.74736182653436,22.658203125,False,645,refine,phase_aware_admission,"24,25",32203.961029404207
2,32299.45575305728,47.74736182653436,22.658203125,False,646,refine,phase_aware_admission,"24,25",32251.708391230743
2,32347.203114883814,47.74736182653436,22.658203125,False,647,refine,phase_aware_admission,"24,25",32299.45575305728
2,32394.95047671035,47.74736182653436,22.658203125,False,648,refine,phase_aware_admission,"24,25",32347.203114883814
2,32442.697838536886,47.74736182653436,22.658203125,False,649,refine,phase_aware_admission,"24,25",32394.95047671035
2,32490.44520036342,47.74736182653436,22.658203125,False,650,refine,phase_aware_admission,"24,25",32442.697838536886
2,32538.192562189957,47.74736182653436,22.658203125,False,651,refine,phase_aware_admission,"24,25",32490.44520036342
2,32585.939924016493,47.74736182653436,22.658203125,False,652,refine,phase_aware_admission,"24,25",32538.192562189957
2,32633.68728584303,47.74736182653436,22.658203125,False,653,refine,phase_aware_admission,"24,25",32585.939924016493
2,32705.691762346964,72.00447650393471,235.28125,False,654,warmup,phase_aware_admission,"30,31",32633.68728584303
2,32753.4391241735,47.74736182653436,22.658203125,False,655,refine,phase_aware_admission,"30,31",32705.691762346964
2,32801.186486000035,47.74736182653436,22.658203125,False,656,refine,phase_aware_admission,"30,31",32753.4391241735
2,32848.93384782657,47.74736182653436,22.658203125,False,657,refine,phase_aware_admission,"30,31",32801.186486000035
2,32896.68120965311,47.74736182653436,22.658203125,False,658,refine,phase_aware_admission,"30,31",32848.93384782657
2,32944.42857147964,47.74736182653436,22.658203125,False,659,refine,phase_aware_admission,"30,31",32896.68120965311
2,32992.17593330618,47.74736182653436,22.658203125,False,660,refine,phase_aware_admission,"30,31",32944.42857147964
2,33039.923295132714,47.74736182653436,22.658203125,False,661,refine,phase_aware_admission,"30,31",32992.17593330618
2,33087.67065695925,47.74736182653436,22.658203125,False,662,refine,phase_aware_admission,"30,31",33039.923295132714
2,33135.418018785786,47.74736182653436,22.658203125,False,663,refine,phase_aware_admission,"30,31",33087.67065695925
2,33183.16538061232,47.74736182653436,22.658203125,False,664,refine,phase_aware_admission,"30,31",33135.418018785786
2,33255.169857116256,72.00447650393471,235.28125,False,665,warmup,phase_aware_admission,"28,29",33183.16538061232
2,33302.91721894279,47.74736182653436,22.658203125,False,666,refine,phase_aware_admission,"28,29",33255.169857116256
2,33350.66458076933,47.74736182653436,22.658203125,False,667,refine,phase_aware_admission,"28,29",33302.91721894279
2,33398.41194259586,47.74736182653436,22.658203125,False,668,refine,phase_aware_admission,"28,29",33350.66458076933
2,33446.1593044224,47.74736182653436,22.658203125,False,669,refine,phase_aware_admission,"28,29",33398.41194259586
2,33493.906666248935,47.74736182653436,22.658203125,False,670,refine,phase_aware_admission,"28,29",33446.1593044224
2,33541.65402807547,47.74736182653436,22.658203125,False,671,refine,phase_aware_admission,"28,29",33493.906666248935
2,33589.40138990201,47.74736182653436,22.658203125,False,672,refine,phase_aware_admission,"28,29",33541.65402807547
2,33637.14875172854,47.74736182653436,22.658203125,False,673,refine,phase_aware_admission,"28,29",33589.40138990201
2,33684.89611355508,47.74736182653436,22.658203125,False,674,refine,phase_aware_admission,"28,29",33637.14875172854
2,33732.643475381614,47.74736182653436,22.658203125,False,675,refine,phase_aware_admission,"28,29",33684.89611355508
2,33804.64795188555,72.00447650393471,235.28125,False,676,warmup,phase_aware_admission,"26,27",33732.643475381614
2,33852.395313712084,47.74736182653436,22.658203125,False,677,refine,phase_aware_admission,"26,27",33804.64795188555
2,33900.14267553862,47.74736182653436,22.658203125,False,678,refine,phase_aware_admission,"26,27",33852.395313712084
2,33947.890037365156,47.74736182653436,22.658203125,False,679,refine,phase_aware_admission,"26,27",33900.14267553862
2,33995.63739919169,47.74736182653436,22.658203125,False,680,refine,phase_aware_admission,"26,27",33947.890037365156
2,34043.38476101823,47.74736182653436,22.658203125,False,681,refine,phase_aware_admission,"26,27",33995.63739919169
2,34091.13212284476,47.74736182653436,22.658203125,False,682,refine,phase_aware_admission,"26,27",34043.38476101823
2,34138.8794846713,47.74736182653436,22.658203125,False,683,refine,phase_aware_admission,"26,27",34091.13212284476
2,34186.626846497835,47.74736182653436,22.658203125,False,684,refine,phase_aware_admission,"26,27",34138.8794846713
2,34234.37420832437,47.74736182653436,22.658203125,False,685,refine,phase_aware_admission,"26,27",34186.626846497835
2,34282.121570150906,47.74736182653436,22.658203125,False,686,refine,phase_aware_admission,"26,27",34234.37420832437
2,34354.12604665484,72.00447650393471,235.28125,False,687,warmup,phase_aware_admission,"32,33",34282.121570150906
2,34401.87340848138,47.74736182653436,22.658203125,False,688,refine,phase_aware_admission,"32,33",34354.12604665484
2,34449.62077030791,47.74736182653436,22.658203125,False,689,refine,phase_aware_admission,"32,33",34401.87340848138
2,34497.36813213445,47.74736182653436,22.658203125,False,690,refine,phase_aware_admission,"32,33",34449.62077030791
2,34545.115493960984,47.74736182653436,22.658203125,False,691,refine,phase_aware_admission,"32,33",34497.36813213445
2,34592.86285578752,47.74736182653436,22.658203125,False,692,refine,phase_aware_admission,"32,33",34545.115493960984
2,34640.610217614056,47.74736182653436,22.658203125,False,693,refine,phase_aware_admission,"32,33",34592.86285578752
2,34688.35757944059,47.74736182653436,22.658203125,False,694,refine,phase_aware_admission,"32,33",34640.610217614056
2,34736.10494126713,47.74736182653436,22.658203125,False,695,refine,phase_aware_admission,"32,33",34688.35757944059
2,34783.85230309366,47.74736182653436,22.658203125,False,696,refine,phase_aware_admission,"32,33",34736.10494126713
2,34831.5996649202,47.74736182653436,22.658203125,False,697,refine,phase_aware_admission,"32,33",34783.85230309366
2,34879.347026746735,47.74736182653436,22.658203125,False,698,refine,phase_aware_admission,"32,33",34831.5996649202
2,34951.35150325067,72.00447650393471,235.28125,False,699,warmup,phase_aware_admission,"30,31",34879.347026746735
2,34999.098865077205,47.74736182653436,22.658203125,False,700,refine,phase_aware_admission,"30,31",34951.35150325067
2,35046.84622690374,47.74736182653436,22.658203125,False,701,refine,phase_aware_admission,"30,31",34999.098865077205
2,35094.59358873028,47.74736182653436,22.658203125,False,702,refine,phase_aware_admission,"30,31",35046.84622690374
2,35142.34095055681,47.74736182653436,22.658203125,False,703,refine,phase_aware_admission,"30,31",35094.59358873028
2,35190.08831238335,47.74736182653436,22.658203125,False,704,refine,phase_aware_admission,"30,31",35142.34095055681
2,35237.835674209884,47.74736182653436,22.658203125,False,705,refine,phase_aware_admission,"30,31",35190.08831238335
2,35285.58303603642,47.74736182653436,22.658203125,False,706,refine,phase_aware_admission,"30,31",35237.835674209884
2,35333.330397862956,47.74736182653436,22.658203125,False,707,refine,phase_aware_admission,"30,31",35285.58303603642
2,35381.07775968949,47.74736182653436,22.658203125,False,708,refine,phase_aware_admission,"30,31",35333.330397862956
2,35428.82512151603,47.74736182653436,22.658203125,False,709,refine,phase_aware_admission,"30,31",35381.07775968949
2,35500.82959801996,72.00447650393471,235.28125,False,710,warmup,phase_aware_admission,"28,29",35428.82512151603
2,35548.5769598465,47.74736182653436,22.658203125,False,711,refine,phase_aware_admission,"28,29",35500.82959801996
2,35596.32432167303,47.74736182653436,22.658203125,False,712,refine,phase_aware_admission,"28,29",35548.5769598465
2,35644.07168349957,47.74736182653436,22.658203125,False,713,refine,phase_aware_admission,"28,29",35596.32432167303
2,35691.819045326105,47.74736182653436,22.658203125,False,714,refine,phase_aware_admission,"28,29",35644.07168349957
2,35739.56640715264,47.74736182653436,22.658203125,False,715,refine,phase_aware_admission,"28,29",35691.819045326105
2,35787.31376897918,47.74736182653436,22.658203125,False,716,refine,phase_aware_admission,"28,29",35739.56640715264
2,35835.06113080571,47.74736182653436,22.658203125,False,717,refine,phase_aware_admission,"28,29",35787.31376897918
2,35882.80849263225,47.74736182653436,22.658203125,False,718,refine,phase_aware_admission,"28,29",35835.06113080571
2,35930.555854458784,47.74736182653436,22.658203125,False,719,refine,phase_aware_admission,"28,29",35882.80849263225
2,35978.30321628532,47.74736182653436,22.658203125,False,720,refine,phase_aware_admission,"28,29",35930.555854458784
2,36050.307692789254,72.00447650393471,235.28125,False,721,warmup,phase_aware_admission,"34,35",35978.30321628532
2,36098.05505461579,47.74736182653436,22.658203125,False,722,refine,phase_aware_admission,"34,35",36050.307692789254
2,36145.802416442326,47.74736182653436,22.658203125,False,723,refine,phase_aware_admission,"34,35",36098.05505461579
2,36193.54977826886,47.74736182653436,22.658203125,False,724,refine,phase_aware_admission,"34,35",36145.802416442326
2,36241.2971400954,47.74736182653436,22.658203125,False,725,refine,phase_aware_admission,"34,35",36193.54977826886
2,36289.04450192193,47.74736182653436,22.658203125,False,726,refine,phase_aware_admission,"34,35",36241.2971400954
2,36336.79186374847,47.74736182653436,22.658203125,False,727,refine,phase_aware_admission,"34,35",36289.04450192193
2,36384.539225575005,47.74736182653436,22.658203125,False,728,refine,phase_aware_admission,"34,35",36336.79186374847
2,36432.28658740154,47.74736182653436,22.658203125,False,729,refine,phase_aware_admission,"34,35",36384.539225575005
2,36480.03394922808,47.74736182653436,22.658203125,False,730,refine,phase_aware_admission,"34,35",36432.28658740154
2,36527.78131105461,47.74736182653436,22.658203125,False,731,refine,phase_aware_admission,"34,35",36480.03394922808
2,36575.52867288115,47.74736182653436,22.658203125,False,732,refine,phase_aware_admission,"34,35",36527.78131105461
2,36647.53314938508,72.00447650393471,235.28125,False,733,warmup,phase_aware_admission,"32,33",36575.52867288115
2,36695.28051121162,47.74736182653436,22.658203125,False,734,refine,phase_aware_admission,"32,33",36647.53314938508
2,36743.027873038154,47.74736182653436,22.658203125,False,735,refine,phase_aware_admission,"32,33",36695.28051121162
2,36790.77523486469,47.74736182653436,22.658203125,False,736,refine,phase_aware_admission,"32,33",36743.027873038154
2,36838.522596691226,47.74736182653436,22.658203125,False,737,refine,phase_aware_admission,"32,33",36790.77523486469
2,36886.26995851776,47.74736182653436,22.658203125,False,738,refine,phase_aware_admission,"32,33",36838.522596691226
2,36934.0173203443,47.74736182653436,22.658203125,False,739,refine,phase_aware_admission,"32,33",36886.26995851776
2,36981.76468217083,47.74736182653436,22.658203125,False,740,refine,phase_aware_admission,"32,33",36934.0173203443
2,37029.51204399737,47.74736182653436,22.658203125,False,741,refine,phase_aware_admission,"32,33",36981.76468217083
2,37077.259405823905,47.74736182653436,22.658203125,False,742,refine,phase_aware_admission,"32,33",37029.51204399737
2,37125.00676765044,47.74736182653436,22.658203125,False,743,refine,phase_aware_admission,"32,33",37077.259405823905
2,37197.011244154375,72.00447650393471,235.28125,False,744,warmup,phase_aware_admission,"30,31",37125.00676765044
2,37244.75860598091,47.74736182653436,22.658203125,False,745,refine,phase_aware_admission,"30,31",37197.011244154375
2,37292.50596780745,47.74736182653436,22.658203125,False,746,refine,phase_aware_admission,"30,31",37244.75860598091
2,37340.25332963398,47.74736182653436,22.658203125,False,747,refine,phase_aware_admission,"30,31",37292.50596780745
2,37388.00069146052,47.74736182653436,22.658203125,False,748,refine,phase_aware_admission,"30,31",37340.25332963398
2,37435.748053287054,47.74736182653436,22.658203125,False,749,refine,phase_aware_admission,"30,31",37388.00069146052
2,37483.49541511359,47.74736182653436,22.658203125,False,750,refine,phase_aware_admission,"30,31",37435.748053287054
2,37531.242776940126,47.74736182653436,22.658203125,False,751,refine,phase_aware_admission,"30,31",37483.49541511359
2,37578.99013876666,47.74736182653436,22.658203125,False,752,refine,phase_aware_admission,"30,31",37531.242776940126
2,37626.7375005932,47.74736182653436,22.658203125,False,753,refine,phase_aware_admission,"30,31",37578.99013876666
2,37674.48486241973,47.74736182653436,22.658203125,False,754,refine,phase_aware_admission,"30,31",37626.7375005932
2,37746.48933892367,72.00447650393471,235.28125,False,755,warmup,phase_aware_admission,"36,37",37674.48486241973
2,37794.2367007502,47.74736182653436,22.658203125,False,756,refine,phase_aware_admission,"36,37",37746.48933892367
2,37841.98406257674,47.74736182653436,22.658203125,False,757,refine,phase_aware_admission,"36,37",37794.2367007502
2,37889.731424403275,47.74736182653436,22.658203125,False,758,refine,phase_aware_admission,"36,37",37841.98406257674
2,37937.47878622981,47.74736182653436,22.658203125,False,759,refine,phase_aware_admission,"36,37",37889.731424403275
2,37985.22614805635,47.74736182653436,22.658203125,False,760,refine,phase_aware_admission,"36,37",37937.47878622981
2,38032.97350988288,47.74736182653436,22.658203125,False,761,refine,phase_aware_admission,"36,37",37985.22614805635
2,38080.72087170942,47.74736182653436,22.658203125,False,762,refine,phase_aware_admission,"36,37",38032.97350988288
2,38128.468233535954,47.74736182653436,22.658203125,False,763,refine,phase_aware_admission,"36,37",38080.72087170942
2,38176.21559536249,47.74736182653436,22.658203125,False,764,refine,phase_aware_admission,"36,37",38128.468233535954
2,38223.962957189025,47.74736182653436,22.658203125,False,765,refine,phase_aware_admission,"36,37",38176.21559536249
2,38271.71031901556,47.74736182653436,22.658203125,False,766,refine,phase_aware_admission,"36,37",38223.962957189025
2,38343.714795519496,72.00447650393471,235.28125,False,767,warmup,phase_aware_admission,"34,35",38271.71031901556
2,38391.46215734603,47.74736182653436,22.658203125,False,768,refine,phase_aware_admission,"34,35",38343.714795519496
2,38439.20951917257,47.74736182653436,22.658203125,False,769,refine,phase_aware_admission,"34,35",38391.46215734603
2,38486.9568809991,47.74736182653436,22.658203125,False,770,refine,phase_aware_admission,"34,35",38439.20951917257
2,38534.70424282564,47.74736182653436,22.658203125,False,771,refine,phase_aware_admission,"34,35",38486.9568809991
2,38582.451604652175,47.74736182653436,22.658203125,False,772,refine,phase_aware_admission,"34,35",38534.70424282564
2,38630.19896647871,47.74736182653436,22.658203125,False,773,refine,phase_aware_admission,"34,35",38582.451604652175
2,38677.94632830525,47.74736182653436,22.658203125,False,774,refine,phase_aware_admission,"34,35",38630.19896647871
2,38725.69369013178,47.74736182653436,22.658203125,False,775,refine,phase_aware_admission,"34,35",38677.94632830525
2,38773.44105195832,47.74736182653436,22.658203125,False,776,refine,phase_aware_admission,"34,35",38725.69369013178
2,38821.188413784854,47.74736182653436,22.658203125,False,777,refine,phase_aware_admission,"34,35",38773.44105195832
2,38893.19289028879,72.00447650393471,235.28125,False,778,warmup,phase_aware_admission,"32,33",38821.188413784854
2,38940.940252115324,47.74736182653436,22.658203125,False,779,refine,phase_aware_admission,"32,33",38893.19289028879
2,38988.68761394186,47.74736182653436,22.658203125,False,780,refine,phase_aware_admission,"32,33",38940.940252115324
2,39036.434975768396,47.74736182653436,22.658203125,False,781,refine,phase_aware_admission,"32,33",38988.68761394186
2,39084.18233759493,47.74736182653436,22.658203125,False,782,refine,phase_aware_admission,"32,33",39036.434975768396
2,39131.92969942147,47.74736182653436,22.658203125,False,783,refine,phase_aware_admission,"32,33",39084.18233759493
2,39179.677061248,47.74736182653436,22.658203125,False,784,refine,phase_aware_admission,"32,33",39131.92969942147
2,39227.42442307454,47.74736182653436,22.658203125,False,785,refine,phase_aware_admission,"32,33",39179.677061248
2,39275.171784901075,47.74736182653436,22.658203125,False,786,refine,phase_aware_admission,"32,33",39227.42442307454
2,39322.91914672761,47.74736182653436,22.658203125,False,787,refine,phase_aware_admission,"32,33",39275.171784901075
2,39370.666508554146,47.74736182653436,22.658203125,False,788,refine,phase_aware_admission,"32,33",39322.91914672761
2,39442.67098505808,72.00447650393471,235.28125,False,789,warmup,phase_aware_admission,"38,39",39370.666508554146
2,39490.41834688462,47.74736182653436,22.658203125,False,790,refine,phase_aware_admission,"38,39",39442.67098505808
2,39538.16570871115,47.74736182653436,22.658203125,False,791,refine,phase_aware_admission,"38,39",39490.41834688462
2,39585.91307053769,47.74736182653436,22.658203125,False,792,refine,phase_aware_admission,"38,39",39538.16570871115
2,39633.660432364224,47.74736182653436,22.658203125,False,793,refine,phase_aware_admission,"38,39",39585.91307053769
2,39681.40779419076,47.74736182653436,22.658203125,False,794,refine,phase_aware_admission,"38,39",39633.660432364224
2,39729.155156017296,47.74736182653436,22.658203125,False,795,refine,phase_aware_admission,"38,39",39681.40779419076
2,39776.90251784383,47.74736182653436,22.658203125,False,796,refine,phase_aware_admission,"38,39",39729.155156017296
2,39824.64987967037,47.74736182653436,22.658203125,False,797,refine,phase_aware_admission,"38,39",39776.90251784383
2,39872.3972414969,47.74736182653436,22.658203125,False,798,refine,phase_aware_admission,"38,39",39824.64987967037
2,39920.14460332344,47.74736182653436,22.658203125,False,799,refine,phase_aware_admission,"38,39",39872.3972414969
2,39967.891965149975,47.74736182653436,22.658203125,False,800,refine,phase_aware_admission,"38,39",39920.14460332344
2,40039.89644165391,72.00447650393471,235.28125,False,801,warmup,phase_aware_admission,"36,37",39967.891965149975
2,40087.643803480445,47.74736182653436,22.658203125,False,802,refine,phase_aware_admission,"36,37",40039.89644165391
2,40135.39116530698,47.74736182653436,22.658203125,False,803,refine,phase_aware_admission,"36,37",40087.643803480445
2,40183.13852713352,47.74736182653436,22.658203125,False,804,refine,phase_aware_admission,"36,37",40135.39116530698
2,40230.88588896005,47.74736182653436,22.658203125,False,805,refine,phase_aware_admission,"36,37",40183.13852713352
2,40278.63325078659,47.74736182653436,22.658203125,False,806,refine,phase_aware_admission,"36,37",40230.88588896005
2,40326.380612613124,47.74736182653436,22.658203125,False,807,refine,phase_aware_admission,"36,37",40278.63325078659
2,40374.12797443966,47.74736182653436,22.658203125,False,808,refine,phase_aware_admission,"36,37",40326.380612613124
2,40421.875336266196,47.74736182653436,22.658203125,False,809,refine,phase_aware_admission,"36,37",40374.12797443966
2,40469.62269809273,47.74736182653436,22.658203125,False,810,refine,phase_aware_admission,"36,37",40421.875336266196
2,40517.37005991927,47.74736182653436,22.658203125,False,811,refine,phase_aware_admission,"36,37",40469.62269809273
2,40589.3745364232,72.00447650393471,235.28125,False,812,warmup,phase_aware_admission,"34,35",40517.37005991927
2,40637.12189824974,47.74736182653436,22.658203125,False,813,refine,phase_aware_admission,"34,35",40589.3745364232
2,40684.86926007627,47.74736182653436,22.658203125,False,814,refine,phase_aware_admission,"34,35",40637.12189824974
2,40732.61662190281,47.74736182653436,22.658203125,False,815,refine,phase_aware_admission,"34,35",40684.86926007627
2,40780.363983729345,47.74736182653436,22.658203125,False,816,refine,phase_aware_admission,"34,35",40732.61662190281
2,40828.11134555588,47.74736182653436,22.658203125,False,817,refine,phase_aware_admission,"34,35",40780.363983729345
2,40875.85870738242,47.74736182653436,22.658203125,False,818,refine,phase_aware_admission,"34,35",40828.11134555588
2,40923.60606920895,47.74736182653436,22.658203125,False,819,refine,phase_aware_admission,"34,35",40875.85870738242
2,40971.35343103549,47.74736182653436,22.658203125,False,820,refine,phase_aware_admission,"34,35",40923.60606920895
2,41019.100792862024,47.74736182653436,22.658203125,False,821,refine,phase_aware_admission,"34,35",40971.35343103549
2,41066.84815468856,47.74736182653436,22.658203125,False,822,refine,phase_aware_admission,"34,35",41019.100792862024
2,41138.852631192494,72.00447650393471,235.28125,False,823,warmup,phase_aware_admission,"32,33",41066.84815468856
2,41186.59999301903,47.74736182653436,22.658203125,False,824,refine,phase_aware_admission,"32,33",41138.852631192494
2,41234.347354845566,47.74736182653436,22.658203125,False,825,refine,phase_aware_admission,"32,33",41186.59999301903
2,41282.0947166721,47.74736182653436,22.658203125,False,826,refine,phase_aware_admission,"32,33",41234.347354845566
2,41329.84207849864,47.74736182653436,22.658203125,False,827,refine,phase_aware_admission,"32,33",41282.0947166721
2,41377.58944032517,47.74736182653436,22.658203125,False,828,refine,phase_aware_admission,"32,33",41329.84207849864
2,41425.33680215171,47.74736182653436,22.658203125,False,829,refine,phase_aware_admission,"32,33",41377.58944032517
2,41473.084163978245,47.74736182653436,22.658203125,False,830,refine,phase_aware_admission,"32,33",41425.33680215171
2,41520.83152580478,47.74736182653436,22.658203125,False,831,refine,phase_aware_admission,"32,33",41473.084163978245
2,41568.578887631316,47.74736182653436,22.658203125,False,832,refine,phase_aware_admission,"32,33",41520.83152580478
2,41616.32624945785,47.74736182653436,22.658203125,False,833,refine,phase_aware_admission,"32,33",41568.578887631316
2,41688.33072596179,72.00447650393471,235.28125,False,834,warmup,phase_aware_admission,"38,39",41616.32624945785
2,41736.07808778832,47.74736182653436,22.658203125,False,835,refine,phase_aware_admission,"38,39",41688.33072596179
2,41783.82544961486,47.74736182653436,22.658203125,False,836,refine,phase_aware_admission,"38,39",41736.07808778832
2,41831.572811441394,47.74736182653436,22.658203125,False,837,refine,phase_aware_admission,"38,39",41783.82544961486
2,41879.32017326793,47.74736182653436,22.658203125,False,838,refine,phase_aware_admission,"38,39",41831.572811441394
2,41927.067535094466,47.74736182653436,22.658203125,False,839,refine,phase_aware_admission,"38,39",41879.32017326793
2,41974.814896921,47.74736182653436,22.658203125,False,840,refine,phase_aware_admission,"38,39",41927.067535094466
2,42022.56225874754,47.74736182653436,22.658203125,False,841,refine,phase_aware_admission,"38,39",41974.814896921
2,42070.30962057407,47.74736182653436,22.658203125,False,842,refine,phase_aware_admission,"38,39",42022.56225874754
2,42118.05698240061,47.74736182653436,22.658203125,False,843,refine,phase_aware_admission,"38,39",42070.30962057407
2,42165.804344227145,47.74736182653436,22.658203125,False,844,refine,phase_aware_admission,"38,39",42118.05698240061
2,42237.80882073108,72.00447650393471,235.28125,False,845,warmup,phase_aware_admission,"36,37",42165.804344227145
2,42285.556182557615,47.74736182653436,22.658203125,False,846,refine,phase_aware_admission,"36,37",42237.80882073108
2,42333.30354438415,47.74736182653436,22.658203125,False,847,refine,phase_aware_admission,"36,37",42285.556182557615
2,42381.05090621069,47.74736182653436,22.658203125,False,848,refine,phase_aware_admission,"36,37",42333.30354438415
2,42428.79826803722,47.74736182653436,22.658203125,False,849,refine,phase_aware_admission,"36,37",42381.05090621069
2,42476.54562986376,47.74736182653436,22.658203125,False,850,refine,phase_aware_admission,"36,37",42428.79826803722
2,42524.292991690294,47.74736182653436,22.658203125,False,851,refine,phase_aware_admission,"36,37",42476.54562986376
2,42572.04035351683,47.74736182653436,22.658203125,False,852,refine,phase_aware_admission,"36,37",42524.292991690294
2,42619.787715343366,47.74736182653436,22.658203125,False,853,refine,phase_aware_admission,"36,37",42572.04035351683
2,42667.5350771699,47.74736182653436,22.658203125,False,854,refine,phase_aware_admission,"36,37",42619.787715343366
2,42715.28243899644,47.74736182653436,22.658203125,False,855,refine,phase_aware_admission,"36,37",42667.5350771699
2,42787.28691550037,72.00447650393471,235.28125,False,856,warmup,phase_aware_admission,"34,35",42715.28243899644
2,42835.03427732691,47.74736182653436,22.658203125,False,857,refine,phase_aware_admission,"34,35",42787.28691550037
2,42882.78163915344,47.74736182653436,22.658203125,False,858,refine,phase_aware_admission,"34,35",42835.03427732691
2,42930.52900097998,47.74736182653436,22.658203125,False,859,refine,phase_aware_admission,"34,35",42882.78163915344
2,42978.276362806515,47.74736182653436,22.658203125,False,860,refine,phase_aware_admission,"34,35",42930.52900097998
2,43026.02372463305,47.74736182653436,22.658203125,False,861,refine,phase_aware_admission,"34,35",42978.276362806515
2,43073.77108645959,47.74736182653436,22.658203125,False,862,refine,phase_aware_admission,"34,35",43026.02372463305
2,43121.51844828612,47.74736182653436,22.658203125,False,863,refine,phase_aware_admission,"34,35",43073.77108645959
2,43169.26581011266,47.74736182653436,22.658203125,False,864,refine,phase_aware_admission,"34,35",43121.51844828612
2,43217.013171939194,47.74736182653436,22.658203125,False,865,refine,phase_aware_admission,"34,35",43169.26581011266
2,43264.76053376573,47.74736182653436,22.658203125,False,866,refine,phase_aware_admission,"34,35",43217.013171939194
2,43336.765010269664,72.00447650393471,235.28125,False,867,warmup,phase_aware_admission,"40,41",43264.76053376573
2,43384.5123720962,47.74736182653436,22.658203125,False,868,refine,phase_aware_admission,"40,41",43336.765010269664
2,43432.259733922736,47.74736182653436,22.658203125,False,869,refine,phase_aware_admission,"40,41",43384.5123720962
2,43480.00709574927,47.74736182653436,22.658203125,False,870,refine,phase_aware_admission,"40,41",43432.259733922736
2,43527.75445757581,47.74736182653436,22.658203125,False,871,refine,phase_aware_admission,"40,41",43480.00709574927
2,43575.50181940234,47.74736182653436,22.658203125,False,872,refine,phase_aware_admission,"40,41",43527.75445757581
2,43623.24918122888,47.74736182653436,22.658203125,False,873,refine,phase_aware_admission,"40,41",43575.50181940234
2,43670.996543055415,47.74736182653436,22.658203125,False,874,refine,phase_aware_admission,"40,41",43623.24918122888
2,43718.74390488195,47.74736182653436,22.658203125,False,875,refine,phase_aware_admission,"40,41",43670.996543055415
2,43766.49126670849,47.74736182653436,22.658203125,False,876,refine,phase_aware_admission,"40,41",43718.74390488195
2,43814.23862853502,47.74736182653436,22.658203125,False,877,refine,phase_aware_admission,"40,41",43766.49126670849
2,43861.98599036156,47.74736182653436,22.658203125,False,878,refine,phase_aware_admission,"40,41",43814.23862853502
2,43933.99046686549,72.00447650393471,235.28125,False,879,warmup,phase_aware_admission,"38,39",43861.98599036156
2,43981.73782869203,47.74736182653436,22.658203125,False,880,refine,phase_aware_admission,"38,39",43933.99046686549
2,44029.485190518564,47.74736182653436,22.658203125,False,881,refine,phase_aware_admission,"38,39",43981.73782869203
2,44077.2325523451,47.74736182653436,22.658203125,False,882,refine,phase_aware_admission,"38,39",44029.485190518564
2,44124.979914171636,47.74736182653436,22.658203125,False,883,refine,phase_aware_admission,"38,39",44077.2325523451
2,44172.72727599817,47.74736182653436,22.658203125,False,884,refine,phase_aware_admission,"38,39",44124.979914171636
2,44220.47463782471,47.74736182653436,22.658203125,False,885,refine,phase_aware_admission,"38,39",44172.72727599817
2,44268.22199965124,47.74736182653436,22.658203125,False,886,refine,phase_aware_admission,"38,39",44220.47463782471
2,44315.96936147778,47.74736182653436,22.658203125,False,887,refine,phase_aware_admission,"38,39",44268.22199965124
2,44363.716723304315,47.74736182653436,22.658203125,False,888,refine,phase_aware_admission,"38,39",44315.96936147778
2,44411.46408513085,47.74736182653436,22.658203125,False,889,refine,phase_aware_admission,"38,39",44363.716723304315
2,44483.468561634785,72.00447650393471,235.28125,False,890,warmup,phase_aware_admission,"36,37",44411.46408513085
2,44531.21592346132,47.74736182653436,22.658203125,False,891,refine,phase_aware_admission,"36,37",44483.468561634785
2,44578.96328528786,47.74736182653436,22.658203125,False,892,refine,phase_aware_admission,"36,37",44531.21592346132
2,44626.71064711439,47.74736182653436,22.658203125,False,893,refine,phase_aware_admission,"36,37",44578.96328528786
2,44674.45800894093,47.74736182653436,22.658203125,False,894,refine,phase_aware_admission,"36,37",44626.71064711439
2,44722.205370767464,47.74736182653436,22.658203125,False,895,refine,phase_aware_admission,"36,37",44674.45800894093
2,44769.952732594,47.74736182653436,22.658203125,False,896,refine,phase_aware_admission,"36,37",44722.205370767464
2,44817.700094420536,47.74736182653436,22.658203125,False,897,refine,phase_aware_admission,"36,37",44769.952732594
2,44865.44745624707,47.74736182653436,22.658203125,False,898,refine,phase_aware_admission,"36,37",44817.700094420536
2,44913.19481807361,47.74736182653436,22.658203125,False,899,refine,phase_aware_admission,"36,37",44865.44745624707
2,44960.94217990014,47.74736182653436,22.658203125,False,900,refine,phase_aware_admission,"36,37",44913.19481807361
2,45032.94665640408,72.00447650393471,235.28125,False,901,warmup,phase_aware_admission,"42,43",44960.94217990014
2,45080.69401823061,47.74736182653436,22.658203125,False,902,refine,phase_aware_admission,"42,43",45032.94665640408
2,45128.44138005715,47.74736182653436,22.658203125,False,903,refine,phase_aware_admission,"42,43",45080.69401823061
2,45176.188741883685,47.74736182653436,22.658203125,False,904,refine,phase_aware_admission,"42,43",45128.44138005715
2,45223.93610371022,47.74736182653436,22.658203125,False,905,refine,phase_aware_admission,"42,43",45176.188741883685
2,45271.68346553676,47.74736182653436,22.658203125,False,906,refine,phase_aware_admission,"42,43",45223.93610371022
2,45319.43082736329,47.74736182653436,22.658203125,False,907,refine,phase_aware_admission,"42,43",45271.68346553676
2,45367.17818918983,47.74736182653436,22.658203125,False,908,refine,phase_aware_admission,"42,43",45319.43082736329
2,45414.925551016364,47.74736182653436,22.658203125,False,909,refine,phase_aware_admission,"42,43",45367.17818918983
2,45462.6729128429,47.74736182653436,22.658203125,False,910,refine,phase_aware_admission,"42,43",45414.925551016364
2,45510.420274669435,47.74736182653436,22.658203125,False,911,refine,phase_aware_admission,"42,43",45462.6729128429
2,45558.16763649597,47.74736182653436,22.658203125,False,912,refine,phase_aware_admission,"42,43",45510.420274669435
2,45630.172112999906,72.00447650393471,235.28125,False,913,warmup,phase_aware_admission,"40,41",45558.16763649597
2,45677.91947482644,47.74736182653436,22.658203125,False,914,refine,phase_aware_admission,"40,41",45630.172112999906
2,45725.66683665298,47.74736182653436,22.658203125,False,915,refine,phase_aware_admission,"40,41",45677.91947482644
2,45773.41419847951,47.74736182653436,22.658203125,False,916,refine,phase_aware_admission,"40,41",45725.66683665298
2,45821.16156030605,47.74736182653436,22.658203125,False,917,refine,phase_aware_admission,"40,41",45773.41419847951
2,45868.908922132585,47.74736182653436,22.658203125,False,918,refine,phase_aware_admission,"40,41",45821.16156030605
2,45916.65628395912,47.74736182653436,22.658203125,False,919,refine,phase_aware_admission,"40,41",45868.908922132585
2,45964.40364578566,47.74736182653436,22.658203125,False,920,refine,phase_aware_admission,"40,41",45916.65628395912
2,46012.15100761219,47.74736182653436,22.658203125,False,921,refine,phase_aware_admission,"40,41",45964.40364578566
2,46059.89836943873,47.74736182653436,22.658203125,False,922,refine,phase_aware_admission,"40,41",46012.15100761219
2,46107.645731265264,47.74736182653436,22.658203125,False,923,refine,phase_aware_admission,"40,41",46059.89836943873
2,46179.6502077692,72.00447650393471,235.28125,False,924,warmup,phase_aware_admission,"38,39",46107.645731265264
2,46227.397569595734,47.74736182653436,22.658203125,False,925,refine,phase_aware_admission,"38,39",46179.6502077692
2,46275.14493142227,47.74736182653436,22.658203125,False,926,refine,phase_aware_admission,"38,39",46227.397569595734
2,46322.892293248806,47.74736182653436,22.658203125,False,927,refine,phase_aware_admission,"38,39",46275.14493142227
2,46370.63965507534,47.74736182653436,22.658203125,False,928,refine,phase_aware_admission,"38,39",46322.892293248806
2,46418.38701690188,47.74736182653436,22.658203125,False,929,refine,phase_aware_admission,"38,39",46370.63965507534
2,46466.13437872841,47.74736182653436,22.658203125,False,930,refine,phase_aware_admission,"38,39",46418.38701690188
2,46513.88174055495,47.74736182653436,22.658203125,False,931,refine,phase_aware_admission,"38,39",46466.13437872841
2,46561.629102381485,47.74736182653436,22.658203125,False,932,refine,phase_aware_admission,"38,39",46513.88174055495
2,46609.37646420802,47.74736182653436,22.658203125,False,933,refine,phase_aware_admission,"38,39",46561.629102381485
2,46657.123826034556,47.74736182653436,22.658203125,False,934,refine,phase_aware_admission,"38,39",46609.37646420802
2,46729.12830253849,72.00447650393471,235.28125,False,935,warmup,phase_aware_admission,"44,45",46657.123826034556
2,46776.87566436503,47.74736182653436,22.658203125,False,936,refine,phase_aware_admission,"44,45",46729.12830253849
2,46824.62302619156,47.74736182653436,22.658203125,False,937,refine,phase_aware_admission,"44,45",46776.87566436503
2,46872.3703880181,47.74736182653436,22.658203125,False,938,refine,phase_aware_admission,"44,45",46824.62302619156
2,46920.117749844634,47.74736182653436,22.658203125,False,939,refine,phase_aware_admission,"44,45",46872.3703880181
2,46967.86511167117,47.74736182653436,22.658203125,False,940,refine,phase_aware_admission,"44,45",46920.117749844634
2,47015.612473497706,47.74736182653436,22.658203125,False,941,refine,phase_aware_admission,"44,45",46967.86511167117
2,47063.35983532424,47.74736182653436,22.658203125,False,942,refine,phase_aware_admission,"44,45",47015.612473497706
2,47111.10719715078,47.74736182653436,22.658203125,False,943,refine,phase_aware_admission,"44,45",47063.35983532424
2,47158.85455897731,47.74736182653436,22.658203125,False,944,refine,phase_aware_admission,"44,45",47111.10719715078
2,47206.60192080385,47.74736182653436,22.658203125,False,945,refine,phase_aware_admission,"44,45",47158.85455897731
2,47254.349282630385,47.74736182653436,22.658203125,False,946,refine,phase_aware_admission,"44,45",47206.60192080385
2,47326.35375913432,72.00447650393471,235.28125,False,947,warmup,phase_aware_admission,"42,43",47254.349282630385
2,47374.101120960855,47.74736182653436,22.658203125,False,948,refine,phase_aware_admission,"42,43",47326.35375913432
2,47421.84848278739,47.74736182653436,22.658203125,False,949,refine,phase_aware_admission,"42,43",47374.101120960855
2,47469.59584461393,47.74736182653436,22.658203125,False,950,refine,phase_aware_admission,"42,43",47421.84848278739
2,47517.34320644046,47.74736182653436,22.658203125,False,951,refine,phase_aware_admission,"42,43",47469.59584461393
2,47565.090568267,47.74736182653436,22.658203125,False,952,refine,phase_aware_admission,"42,43",47517.34320644046
2,47612.837930093534,47.74736182653436,22.658203125,False,953,refine,phase_aware_admission,"42,43",47565.090568267
2,47660.58529192007,47.74736182653436,22.658203125,False,954,refine,phase_aware_admission,"42,43",47612.837930093534
2,47708.332653746606,47.74736182653436,22.658203125,False,955,refine,phase_aware_admission,"42,43",47660.58529192007
2,47756.08001557314,47.74736182653436,22.658203125,False,956,refine,phase_aware_admission,"42,43",47708.332653746606
2,47803.82737739968,47.74736182653436,22.658203125,False,957,refine,phase_aware_admission,"42,43",47756.08001557314
2,47875.83185390361,72.00447650393471,235.28125,False,958,warmup,phase_aware_admission,"40,41",47803.82737739968
2,47923.57921573015,47.74736182653436,22.658203125,False,959,refine,phase_aware_admission,"40,41",47875.83185390361
2,47971.32657755668,47.74736182653436,22.658203125,False,960,refine,phase_aware_admission,"40,41",47923.57921573015
2,48019.07393938322,47.74736182653436,22.658203125,False,961,refine,phase_aware_admission,"40,41",47971.32657755668
2,48066.821301209755,47.74736182653436,22.658203125,False,962,refine,phase_aware_admission,"40,41",48019.07393938322
2,48114.56866303629,47.74736182653436,22.658203125,False,963,refine,phase_aware_admission,"40,41",48066.821301209755
2,48162.31602486283,47.74736182653436,22.658203125,False,964,refine,phase_aware_admission,"40,41",48114.56866303629
2,48210.06338668936,47.74736182653436,22.658203125,False,965,refine,phase_aware_admission,"40,41",48162.31602486283
2,48257.8107485159,47.74736182653436,22.658203125,False,966,refine,phase_aware_admission,"40,41",48210.06338668936
2,48305.558110342434,47.74736182653436,22.658203125,False,967,refine,phase_aware_admission,"40,41",48257.8107485159
2,48353.30547216897,47.74736182653436,22.658203125,False,968,refine,phase_aware_admission,"40,41",48305.558110342434
2,48425.309948672904,72.00447650393471,235.28125,False,969,warmup,phase_aware_admission,"46,47",48353.30547216897
2,48473.05731049944,47.74736182653436,22.658203125,False,970,refine,phase_aware_admission,"46,47",48425.309948672904
2,48520.804672325976,47.74736182653436,22.658203125,False,971,refine,phase_aware_admission,"46,47",48473.05731049944
2,48568.55203415251,47.74736182653436,22.658203125,False,972,refine,phase_aware_admission,"46,47",48520.804672325976
2,48616.29939597905,47.74736182653436,22.658203125,False,973,refine,phase_aware_admission,"46,47",48568.55203415251
2,48664.04675780558,47.74736182653436,22.658203125,False,974,refine,phase_aware_admission,"46,47",48616.29939597905
2,48711.79411963212,47.74736182653436,22.658203125,False,975,refine,phase_aware_admission,"46,47",48664.04675780558
2,48759.541481458655,47.74736182653436,22.658203125,False,976,refine,phase_aware_admission,"46,47",48711.79411963212
2,48807.28884328519,47.74736182653436,22.658203125,False,977,refine,phase_aware_admission,"46,47",48759.541481458655
2,48855.036205111726,47.74736182653436,22.658203125,False,978,refine,phase_aware_admission,"46,47",48807.28884328519
2,48902.78356693826,47.74736182653436,22.658203125,False,979,refine,phase_aware_admission,"46,47",48855.036205111726
2,48950.5309287648,47.74736182653436,22.658203125,False,980,refine,phase_aware_admission,"46,47",48902.78356693826
2,49022.53540526873,72.00447650393471,235.28125,False,981,warmup,phase_aware_admission,"44,45",48950.5309287648
2,49070.28276709527,47.74736182653436,22.658203125,False,982,refine,phase_aware_admission,"44,45",49022.53540526873
2,49118.030128921804,47.74736182653436,22.658203125,False,983,refine,phase_aware_admission,"44,45",49070.28276709527
2,49165.77749074834,47.74736182653436,22.658203125,False,984,refine,phase_aware_admission,"44,45",49118.030128921804
2,49213.524852574876,47.74736182653436,22.658203125,False,985,refine,phase_aware_admission,"44,45",49165.77749074834
2,49261.27221440141,47.74736182653436,22.658203125,False,986,refine,phase_aware_admission,"44,45",49213.524852574876
2,49309.01957622795,47.74736182653436,22.658203125,False,987,refine,phase_aware_admission,"44,45",49261.27221440141
2,49356.76693805448,47.74736182653436,22.658203125,False,988,refine,phase_aware_admission,"44,45",49309.01957622795
2,49404.51429988102,47.74736182653436,22.658203125,False,989,refine,phase_aware_admission,"44,45",49356.76693805448
2,49452.261661707555,47.74736182653436,22.658203125,False,990,refine,phase_aware_admission,"44,45",49404.51429988102
2,49500.00902353409,47.74736182653436,22.658203125,False,991,refine,phase_aware_admission,"44,45",49452.261661707555
2,49572.013500038025,72.00447650393471,235.28125,False,992,warmup,phase_aware_admission,"42,43",49500.00902353409
2,49619.76086186456,47.74736182653436,22.658203125,False,993,refine,phase_aware_admission,"42,43",49572.013500038025
2,49667.5082236911,47.74736182653436,22.658203125,False,994,refine,phase_aware_admission,"42,43",49619.76086186456
2,49715.25558551763,47.74736182653436,22.658203125,False,995,refine,phase_aware_admission,"42,43",49667.5082236911
2,49763.00294734417,47.74736182653436,22.658203125,False,996,refine,phase_aware_admission,"42,43",49715.25558551763
2,49810.750309170704,47.74736182653436,22.658203125,False,997,refine,phase_aware_admission,"42,43",49763.00294734417
2,49858.49767099724,47.74736182653436,22.658203125,False,998,refine,phase_aware_admission,"42,43",49810.750309170704
2,49906.245032823776,47.74736182653436,22.658203125,False,999,refine,phase_aware_admission,"42,43",49858.49767099724
2,49953.99239465031,47.74736182653436,22.658203125,False,1000,refine,phase_aware_admission,"42,43",49906.245032823776
2,50001.73975647685,47.74736182653436,22.658203125,False,1001,refine,phase_aware_admission,"42,43",49953.99239465031
2,50049.48711830338,47.74736182653436,22.658203125,False,1002,refine,phase_aware_admission,"42,43",50001.73975647685
2,50121.49159480732,72.00447650393471,235.28125,False,1003,warmup,phase_aware_admission,"40,41",50049.48711830338
2,50169.23895663385,47.74736182653436,22.658203125,False,1004,refine,phase_aware_admission,"40,41",50121.49159480732
2,50216.98631846039,47.74736182653436,22.658203125,False,1005,refine,phase_aware_admission,"40,41",50169.23895663385
2,50264.733680286925,47.74736182653436,22.658203125,False,1006,refine,phase_aware_admission,"40,41",50216.98631846039
2,50312.48104211346,47.74736182653436,22.658203125,False,1007,refine,phase_aware_admission,"40,41",50264.733680286925
2,50360.22840394,47.74736182653436,22.658203125,False,1008,refine,phase_aware_admission,"40,41",50312.48104211346
2,50407.97576576653,47.74736182653436,22.658203125,False,1009,refine,phase_aware_admission,"40,41",50360.22840394
2,50455.72312759307,47.74736182653436,22.658203125,False,1010,refine,phase_aware_admission,"40,41",50407.97576576653
2,50503.470489419604,47.74736182653436,22.658203125,False,1011,refine,phase_aware_admission,"40,41",50455.72312759307
2,50551.21785124614,47.74736182653436,22.658203125,False,1012,refine,phase_aware_admission,"40,41",50503.470489419604
2,50598.965213072675,47.74736182653436,22.658203125,False,1013,refine,phase_aware_admission,"40,41",50551.21785124614
2,50670.96968957661,72.00447650393471,235.28125,False,1014,warmup,phase_aware_admission,"46,47",50598.965213072675
2,50718.717051403146,47.74736182653436,22.658203125,False,1015,refine,phase_aware_admission,"46,47",50670.96968957661
2,50766.46441322968,47.74736182653436,22.658203125,False,1016,refine,phase_aware_admission,"46,47",50718.717051403146
2,50814.21177505622,47.74736182653436,22.658203125,False,1017,refine,phase_aware_admission,"46,47",50766.46441322968
2,50861.95913688275,47.74736182653436,22.658203125,False,1018,refine,phase_aware_admission,"46,47",50814.21177505622
2,50909.70649870929,47.74736182653436,22.658203125,False,1019,refine,phase_aware_admission,"46,47",50861.95913688275
2,50957.453860535825,47.74736182653436,22.658203125,False,1020,refine,phase_aware_admission,"46,47",50909.70649870929
2,51005.20122236236,47.74736182653436,22.658203125,False,1021,refine,phase_aware_admission,"46,47",50957.453860535825
2,51052.948584188896,47.74736182653436,22.658203125,False,1022,refine,phase_aware_admission,"46,47",51005.20122236236
2,51100.69594601543,47.74736182653436,22.658203125,False,1023,refine,phase_aware_admission,"46,47",51052.948584188896
2,51148.44330784197,47.74736182653436,22.658203125,False,1024,refine,phase_aware_admission,"46,47",51100.69594601543
2,51220.4477843459,72.00447650393471,235.28125,False,1025,warmup,phase_aware_admission,"44,45",51148.44330784197
2,51268.19514617244,47.74736182653436,22.658203125,False,1026,refine,phase_aware_admission,"44,45",51220.4477843459
2,51315.942507998974,47.74736182653436,22.658203125,False,1027,refine,phase_aware_admission,"44,45",51268.19514617244
2,51363.68986982551,47.74736182653436,22.658203125,False,1028,refine,phase_aware_admission,"44,45",51315.942507998974
2,51411.437231652046,47.74736182653436,22.658203125,False,1029,refine,phase_aware_admission,"44,45",51363.68986982551
2,51459.18459347858,47.74736182653436,22.658203125,False,1030,refine,phase_aware_admission,"44,45",51411.437231652046
2,51506.93195530512,47.74736182653436,22.658203125,False,1031,refine,phase_aware_admission,"44,45",51459.18459347858
2,51554.67931713165,47.74736182653436,22.658203125,False,1032,refine,phase_aware_admission,"44,45",51506.93195530512
2,51602.42667895819,47.74736182653436,22.658203125,False,1033,refine,phase_aware_admission,"44,45",51554.67931713165
2,51650.174040784725,47.74736182653436,22.658203125,False,1034,refine,phase_aware_admission,"44,45",51602.42667895819
2,51697.92140261126,47.74736182653436,22.658203125,False,1035,refine,phase_aware_admission,"44,45",51650.174040784725
2,51769.925879115195,72.00447650393471,235.28125,False,1036,warmup,phase_aware_admission,"42,43",51697.92140261126
2,51817.67324094173,47.74736182653436,22.658203125,False,1037,refine,phase_aware_admission,"42,43",51769.925879115195
2,51865.42060276827,47.74736182653436,22.658203125,False,1038,refine,phase_aware_admission,"42,43",51817.67324094173
2,51913.1679645948,47.74736182653436,22.658203125,False,1039,refine,phase_aware_admission,"42,43",51865.42060276827
2,51960.91532642134,47.74736182653436,22.658203125,False,1040,refine,phase_aware_admission,"42,43",51913.1679645948
2,52008.662688247874,47.74736182653436,22.658203125,False,1041,refine,phase_aware_admission,"42,43",51960.91532642134
2,52056.41005007441,47.74736182653436,22.658203125,False,1042,refine,phase_aware_admission,"42,43",52008.662688247874
2,52104.157411900946,47.74736182653436,22.658203125,False,1043,refine,phase_aware_admission,"42,43",52056.41005007441
2,52151.90477372748,47.74736182653436,22.658203125,False,1044,refine,phase_aware_admission,"42,43",52104.157411900946
2,52199.65213555402,47.74736182653436,22.658203125,False,1045,refine,phase_aware_admission,"42,43",52151.90477372748
2,52247.39949738055,47.74736182653436,22.658203125,False,1046,refine,phase_aware_admission,"42,43",52199.65213555402
2,52319.40397388449,72.00447650393471,235.28125,False,1047,warmup,phase_aware_admission,"48,49",52247.39949738055
2,52367.15133571102,47.74736182653436,22.658203125,False,1048,refine,phase_aware_admission,"48,49",52319.40397388449
2,52414.89869753756,47.74736182653436,22.658203125,False,1049,refine,phase_aware_admission,"48,49",52367.15133571102
2,52462.646059364095,47.74736182653436,22.658203125,False,1050,refine,phase_aware_admission,"48,49",52414.89869753756
2,52510.39342119063,47.74736182653436,22.658203125,False,1051,refine,phase_aware_admission,"48,49",52462.646059364095
2,52558.14078301717,47.74736182653436,22.658203125,False,1052,refine,phase_aware_admission,"48,49",52510.39342119063
2,52605.8881448437,47.74736182653436,22.658203125,False,1053,refine,phase_aware_admission,"48,49",52558.14078301717
2,52653.63550667024,47.74736182653436,22.658203125,False,1054,refine,phase_aware_admission,"48,49",52605.8881448437
2,52701.382868496774,47.74736182653436,22.658203125,False,1055,refine,phase_aware_admission,"48,49",52653.63550667024
2,52749.13023032331,47.74736182653436,22.658203125,False,1056,refine,phase_aware_admission,"48,49",52701.382868496774
2,52796.877592149845,47.74736182653436,22.658203125,False,1057,refine,phase_aware_admission,"48,49",52749.13023032331
2,52844.62495397638,47.74736182653436,22.658203125,False,1058,refine,phase_aware_admission,"48,49",52796.877592149845
2,52916.629430480316,72.00447650393471,235.28125,False,1059,warmup,phase_aware_admission,"46,47",52844.62495397638
2,52964.37679230685,47.74736182653436,22.658203125,False,1060,refine,phase_aware_admission,"46,47",52916.629430480316
2,53012.12415413339,47.74736182653436,22.658203125,False,1061,refine,phase_aware_admission,"46,47",52964.37679230685
2,53059.87151595992,47.74736182653436,22.658203125,False,1062,refine,phase_aware_admission,"46,47",53012.12415413339
2,53107.61887778646,47.74736182653436,22.658203125,False,1063,refine,phase_aware_admission,"46,47",53059.87151595992
2,53155.366239612995,47.74736182653436,22.658203125,False,1064,refine,phase_aware_admission,"46,47",53107.61887778646
2,53203.11360143953,47.74736182653436,22.658203125,False,1065,refine,phase_aware_admission,"46,47",53155.366239612995
2,53250.86096326607,47.74736182653436,22.658203125,False,1066,refine,phase_aware_admission,"46,47",53203.11360143953
2,53298.6083250926,47.74736182653436,22.658203125,False,1067,refine,phase_aware_admission,"46,47",53250.86096326607
2,53346.35568691914,47.74736182653436,22.658203125,False,1068,refine,phase_aware_admission,"46,47",53298.6083250926
2,53394.103048745674,47.74736182653436,22.658203125,False,1069,refine,phase_aware_admission,"46,47",53346.35568691914
2,53466.10752524961,72.00447650393471,235.28125,False,1070,warmup,phase_aware_admission,"44,45",53394.103048745674
2,53513.854887076144,47.74736182653436,22.658203125,False,1071,refine,phase_aware_admission,"44,45",53466.10752524961
2,53561.60224890268,47.74736182653436,22.658203125,False,1072,refine,phase_aware_admission,"44,45",53513.854887076144
2,53609.349610729216,47.74736182653436,22.658203125,False,1073,refine,phase_aware_admission,"44,45",53561.60224890268
2,53657.09697255575,47.74736182653436,22.658203125,False,1074,refine,phase_aware_admission,"44,45",53609.349610729216
2,53704.84433438229,47.74736182653436,22.658203125,False,1075,refine,phase_aware_admission,"44,45",53657.09697255575
2,53752.59169620882,47.74736182653436,22.658203125,False,1076,refine,phase_aware_admission,"44,45",53704.84433438229
2,53800.33905803536,47.74736182653436,22.658203125,False,1077,refine,phase_aware_admission,"44,45",53752.59169620882
2,53848.086419861895,47.74736182653436,22.658203125,False,1078,refine,phase_aware_admission,"44,45",53800.33905803536
2,53895.83378168843,47.74736182653436,22.658203125,False,1079,refine,phase_aware_admission,"44,45",53848.086419861895
2,53943.581143514966,47.74736182653436,22.658203125,False,1080,refine,phase_aware_admission,"44,45",53895.83378168843
2,54015.5856200189,72.00447650393471,235.28125,False,1081,warmup,phase_aware_admission,"50,51",53943.581143514966
2,54063.33298184544,47.74736182653436,22.658203125,False,1082,refine,phase_aware_admission,"50,51",54015.5856200189
2,54111.08034367197,47.74736182653436,22.658203125,False,1083,refine,phase_aware_admission,"50,51",54063.33298184544
2,54158.82770549851,47.74736182653436,22.658203125,False,1084,refine,phase_aware_admission,"50,51",54111.08034367197
2,54206.575067325044,47.74736182653436,22.658203125,False,1085,refine,phase_aware_admission,"50,51",54158.82770549851
2,54254.32242915158,47.74736182653436,22.658203125,False,1086,refine,phase_aware_admission,"50,51",54206.575067325044
2,54302.069790978116,47.74736182653436,22.658203125,False,1087,refine,phase_aware_admission,"50,51",54254.32242915158
2,54349.81715280465,47.74736182653436,22.658203125,False,1088,refine,phase_aware_admission,"50,51",54302.069790978116
2,54397.56451463119,47.74736182653436,22.658203125,False,1089,refine,phase_aware_admission,"50,51",54349.81715280465
2,54445.31187645772,47.74736182653436,22.658203125,False,1090,refine,phase_aware_admission,"50,51",54397.56451463119
2,54493.05923828426,47.74736182653436,22.658203125,False,1091,refine,phase_aware_admission,"50,51",54445.31187645772
2,54540.806600110795,47.74736182653436,22.658203125,False,1092,refine,phase_aware_admission,"50,51",54493.05923828426
2,54612.81107661473,72.00447650393471,235.28125,False,1093,warmup,phase_aware_admission,"48,49",54540.806600110795
2,54660.558438441265,47.74736182653436,22.658203125,False,1094,refine,phase_aware_admission,"48,49",54612.81107661473
2,54708.3058002678,47.74736182653436,22.658203125,False,1095,refine,phase_aware_admission,"48,49",54660.558438441265
2,54756.05316209434,47.74736182653436,22.658203125,False,1096,refine,phase_aware_admission,"48,49",54708.3058002678
2,54803.80052392087,47.74736182653436,22.658203125,False,1097,refine,phase_aware_admission,"48,49",54756.05316209434
2,54851.54788574741,47.74736182653436,22.658203125,False,1098,refine,phase_aware_admission,"48,49",54803.80052392087
2,54899.295247573944,47.74736182653436,22.658203125,False,1099,refine,phase_aware_admission,"48,49",54851.54788574741
2,54947.04260940048,47.74736182653436,22.658203125,False,1100,refine,phase_aware_admission,"48,49",54899.295247573944
2,54994.789971227015,47.74736182653436,22.658203125,False,1101,refine,phase_aware_admission,"48,49",54947.04260940048
2,55042.53733305355,47.74736182653436,22.658203125,False,1102,refine,phase_aware_admission,"48,49",54994.789971227015
2,55090.28469488009,47.74736182653436,22.658203125,False,1103,refine,phase_aware_admission,"48,49",55042.53733305355
2,55162.28917138402,72.00447650393471,235.28125,False,1104,warmup,phase_aware_admission,"46,47",55090.28469488009
2,55210.03653321056,47.74736182653436,22.658203125,False,1105,refine,phase_aware_admission,"46,47",55162.28917138402
2,55257.78389503709,47.74736182653436,22.658203125,False,1106,refine,phase_aware_admission,"46,47",55210.03653321056
2,55305.53125686363,47.74736182653436,22.658203125,False,1107,refine,phase_aware_admission,"46,47",55257.78389503709
2,55353.278618690165,47.74736182653436,22.658203125,False,1108,refine,phase_aware_admission,"46,47",55305.53125686363
2,55401.0259805167,47.74736182653436,22.658203125,False,1109,refine,phase_aware_admission,"46,47",55353.278618690165
2,55448.77334234324,47.74736182653436,22.658203125,False,1110,refine,phase_aware_admission,"46,47",55401.0259805167
2,55496.52070416977,47.74736182653436,22.658203125,False,1111,refine,phase_aware_admission,"46,47",55448.77334234324
2,55544.26806599631,47.74736182653436,22.658203125,False,1112,refine,phase_aware_admission,"46,47",55496.52070416977
2,55592.015427822844,47.74736182653436,22.658203125,False,1113,refine,phase_aware_admission,"46,47",55544.26806599631
2,55639.76278964938,47.74736182653436,22.658203125,False,1114,refine,phase_aware_admission,"46,47",55592.015427822844
2,55711.767266153314,72.00447650393471,235.28125,False,1115,warmup,phase_aware_admission,"52,53",55639.76278964938
2,55759.51462797985,47.74736182653436,22.658203125,False,1116,refine,phase_aware_admission,"52,53",55711.767266153314
2,55807.261989806386,47.74736182653436,22.658203125,False,1117,refine,phase_aware_admission,"52,53",55759.51462797985
2,55855.00935163292,47.74736182653436,22.658203125,False,1118,refine,phase_aware_admission,"52,53",55807.261989806386
2,55902.75671345946,47.74736182653436,22.658203125,False,1119,refine,phase_aware_admission,"52,53",55855.00935163292
2,55950.50407528599,47.74736182653436,22.658203125,False,1120,refine,phase_aware_admission,"52,53",55902.75671345946
2,55998.25143711253,47.74736182653436,22.658203125,False,1121,refine,phase_aware_admission,"52,53",55950.50407528599
2,56045.998798939065,47.74736182653436,22.658203125,False,1122,refine,phase_aware_admission,"52,53",55998.25143711253
2,56093.7461607656,47.74736182653436,22.658203125,False,1123,refine,phase_aware_admission,"52,53",56045.998798939065
2,56141.493522592136,47.74736182653436,22.658203125,False,1124,refine,phase_aware_admission,"52,53",56093.7461607656
2,56189.24088441867,47.74736182653436,22.658203125,False,1125,refine,phase_aware_admission,"52,53",56141.493522592136
2,56236.98824624521,47.74736182653436,22.658203125,False,1126,refine,phase_aware_admission,"52,53",56189.24088441867
2,56308.99272274914,72.00447650393471,235.28125,False,1127,warmup,phase_aware_admission,"50,51",56236.98824624521
2,56356.74008457568,47.74736182653436,22.658203125,False,1128,refine,phase_aware_admission,"50,51",56308.99272274914
2,56404.487446402214,47.74736182653436,22.658203125,False,1129,refine,phase_aware_admission,"50,51",56356.74008457568
2,56452.23480822875,47.74736182653436,22.658203125,False,1130,refine,phase_aware_admission,"50,51",56404.487446402214
2,56499.982170055286,47.74736182653436,22.658203125,False,1131,refine,phase_aware_admission,"50,51",56452.23480822875
2,56547.72953188182,47.74736182653436,22.658203125,False,1132,refine,phase_aware_admission,"50,51",56499.982170055286
2,56595.47689370836,47.74736182653436,22.658203125,False,1133,refine,phase_aware_admission,"50,51",56547.72953188182
2,56643.22425553489,47.74736182653436,22.658203125,False,1134,refine,phase_aware_admission,"50,51",56595.47689370836
2,56690.97161736143,47.74736182653436,22.658203125,False,1135,refine,phase_aware_admission,"50,51",56643.22425553489
2,56738.718979187965,47.74736182653436,22.658203125,False,1136,refine,phase_aware_admission,"50,51",56690.97161736143
2,56786.4663410145,47.74736182653436,22.658203125,False,1137,refine,phase_aware_admission,"50,51",56738.718979187965
2,56858.470817518435,72.00447650393471,235.28125,False,1138,warmup,phase_aware_admission,"48,49",56786.4663410145
2,56906.21817934497,47.74736182653436,22.658203125,False,1139,refine,phase_aware_admission,"48,49",56858.470817518435
2,56953.96554117151,47.74736182653436,22.658203125,False,1140,refine,phase_aware_admission,"48,49",56906.21817934497
2,57001.71290299804,47.74736182653436,22.658203125,False,1141,refine,phase_aware_admission,"48,49",56953.96554117151
2,57049.46026482458,47.74736182653436,22.658203125,False,1142,refine,phase_aware_admission,"48,49",57001.71290299804
2,57097.207626651114,47.74736182653436,22.658203125,False,1143,refine,phase_aware_admission,"48,49",57049.46026482458
2,57144.95498847765,47.74736182653436,22.658203125,False,1144,refine,phase_aware_admission,"48,49",57097.207626651114
2,57192.702350304186,47.74736182653436,22.658203125,False,1145,refine,phase_aware_admission,"48,49",57144.95498847765
2,57240.44971213072,47.74736182653436,22.658203125,False,1146,refine,phase_aware_admission,"48,49",57192.702350304186
2,57288.19707395726,47.74736182653436,22.658203125,False,1147,refine,phase_aware_admission,"48,49",57240.44971213072
2,57335.94443578379,47.74736182653436,22.658203125,False,1148,refine,phase_aware_admission,"48,49",57288.19707395726
2,57407.94891228773,72.00447650393471,235.28125,False,1149,warmup,phase_aware_admission,"54,55",57335.94443578379
2,57455.69627411426,47.74736182653436,22.658203125,False,1150,refine,phase_aware_admission,"54,55",57407.94891228773
2,57503.4436359408,47.74736182653436,22.658203125,False,1151,refine,phase_aware_admission,"54,55",57455.69627411426
2,57551.190997767335,47.74736182653436,22.658203125,False,1152,refine,phase_aware_admission,"54,55",57503.4436359408
2,57598.93835959387,47.74736182653436,22.658203125,False,1153,refine,phase_aware_admission,"54,55",57551.190997767335
2,57646.68572142041,47.74736182653436,22.658203125,False,1154,refine,phase_aware_admission,"54,55",57598.93835959387
2,57694.43308324694,47.74736182653436,22.658203125,False,1155,refine,phase_aware_admission,"54,55",57646.68572142041
2,57742.18044507348,47.74736182653436,22.658203125,False,1156,refine,phase_aware_admission,"54,55",57694.43308324694
2,57789.927806900014,47.74736182653436,22.658203125,False,1157,refine,phase_aware_admission,"54,55",57742.18044507348
2,57837.67516872655,47.74736182653436,22.658203125,False,1158,refine,phase_aware_admission,"54,55",57789.927806900014
2,57885.422530553085,47.74736182653436,22.658203125,False,1159,refine,phase_aware_admission,"54,55",57837.67516872655
2,57933.16989237962,47.74736182653436,22.658203125,False,1160,refine,phase_aware_admission,"54,55",57885.422530553085
2,58005.174368883556,72.00447650393471,235.28125,False,1161,warmup,phase_aware_admission,"52,53",57933.16989237962
2,58052.92173071009,47.74736182653436,22.658203125,False,1162,refine,phase_aware_admission,"52,53",58005.174368883556
2,58100.66909253663,47.74736182653436,22.658203125,False,1163,refine,phase_aware_admission,"52,53",58052.92173071009
2,58148.41645436316,47.74736182653436,22.658203125,False,1164,refine,phase_aware_admission,"52,53",58100.66909253663
2,58196.1638161897,47.74736182653436,22.658203125,False,1165,refine,phase_aware_admission,"52,53",58148.41645436316
2,58243.911178016235,47.74736182653436,22.658203125,False,1166,refine,phase_aware_admission,"52,53",58196.1638161897
2,58291.65853984277,47.74736182653436,22.658203125,False,1167,refine,phase_aware_admission,"52,53",58243.911178016235
2,58339.405901669306,47.74736182653436,22.658203125,False,1168,refine,phase_aware_admission,"52,53",58291.65853984277
2,58387.15326349584,47.74736182653436,22.658203125,False,1169,refine,phase_aware_admission,"52,53",58339.405901669306
2,58434.90062532238,47.74736182653436,22.658203125,False,1170,refine,phase_aware_admission,"52,53",58387.15326349584
2,58482.647987148914,47.74736182653436,22.658203125,False,1171,refine,phase_aware_admission,"52,53",58434.90062532238
2,58554.65246365285,72.00447650393471,235.28125,False,1172,warmup,phase_aware_admission,"50,51",58482.647987148914
2,58602.399825479384,47.74736182653436,22.658203125,False,1173,refine,phase_aware_admission,"50,51",58554.65246365285
2,58650.14718730592,47.74736182653436,22.658203125,False,1174,refine,phase_aware_admission,"50,51",58602.399825479384
2,58697.894549132456,47.74736182653436,22.658203125,False,1175,refine,phase_aware_admission,"50,51",58650.14718730592
2,58745.64191095899,47.74736182653436,22.658203125,False,1176,refine,phase_aware_admission,"50,51",58697.894549132456
2,58793.38927278553,47.74736182653436,22.658203125,False,1177,refine,phase_aware_admission,"50,51",58745.64191095899
2,58841.13663461206,47.74736182653436,22.658203125,False,1178,refine,phase_aware_admission,"50,51",58793.38927278553
2,58888.8839964386,47.74736182653436,22.658203125,False,1179,refine,phase_aware_admission,"50,51",58841.13663461206
2,58936.631358265135,47.74736182653436,22.658203125,False,1180,refine,phase_aware_admission,"50,51",58888.8839964386
2,58984.37872009167,47.74736182653436,22.658203125,False,1181,refine,phase_aware_admission,"50,51",58936.631358265135
2,59032.126081918206,47.74736182653436,22.658203125,False,1182,refine,phase_aware_admission,"50,51",58984.37872009167
2,59104.13055842214,72.00447650393471,235.28125,False,1183,warmup,phase_aware_admission,"48,49",59032.126081918206
2,59151.87792024868,47.74736182653436,22.658203125,False,1184,refine,phase_aware_admission,"48,49",59104.13055842214
2,59199.62528207521,47.74736182653436,22.658203125,False,1185,refine,phase_aware_admission,"48,49",59151.87792024868
2,59247.37264390175,47.74736182653436,22.658203125,False,1186,refine,phase_aware_admission,"48,49",59199.62528207521
2,59295.120005728284,47.74736182653436,22.658203125,False,1187,refine,phase_aware_admission,"48,49",59247.37264390175
2,59342.86736755482,47.74736182653436,22.658203125,False,1188,refine,phase_aware_admission,"48,49",59295.120005728284
2,59390.614729381356,47.74736182653436,22.658203125,False,1189,refine,phase_aware_admission,"48,49",59342.86736755482
2,59438.36209120789,47.74736182653436,22.658203125,False,1190,refine,phase_aware_admission,"48,49",59390.614729381356
2,59486.10945303443,47.74736182653436,22.658203125,False,1191,refine,phase_aware_admission,"48,49",59438.36209120789
2,59533.85681486096,47.74736182653436,22.658203125,False,1192,refine,phase_aware_admission,"48,49",59486.10945303443
2,59581.6041766875,47.74736182653436,22.658203125,False,1193,refine,phase_aware_admission,"48,49",59533.85681486096
2,59653.60865319143,72.00447650393471,235.28125,False,1194,warmup,phase_aware_admission,"54,55",59581.6041766875
2,59701.35601501797,47.74736182653436,22.658203125,False,1195,refine,phase_aware_admission,"54,55",59653.60865319143
2,59749.103376844505,47.74736182653436,22.658203125,False,1196,refine,phase_aware_admission,"54,55",59701.35601501797
2,59796.85073867104,47.74736182653436,22.658203125,False,1197,refine,phase_aware_admission,"54,55",59749.103376844505
2,59844.59810049758,47.74736182653436,22.658203125,False,1198,refine,phase_aware_admission,"54,55",59796.85073867104
2,59892.34546232411,47.74736182653436,22.658203125,False,1199,refine,phase_aware_admission,"54,55",59844.59810049758
2,59940.09282415065,47.74736182653436,22.658203125,False,1200,refine,phase_aware_admission,"54,55",59892.34546232411
2,59987.840185977184,47.74736182653436,22.658203125,False,1201,refine,phase_aware_admission,"54,55",59940.09282415065
2,60035.58754780372,47.74736182653436,22.658203125,False,1202,refine,phase_aware_admission,"54,55",59987.840185977184
2,60083.334909630255,47.74736182653436,22.658203125,False,1203,refine,phase_aware_admission,"54,55",60035.58754780372
2,60131.08227145679,47.74736182653436,22.658203125,False,1204,refine,phase_aware_admission,"54,55",60083.334909630255
2,60203.086747960726,72.00447650393471,235.28125,False,1205,warmup,phase_aware_admission,"52,53",60131.08227145679
2,60250.83410978726,47.74736182653436,22.658203125,False,1206,refine,phase_aware_admission,"52,53",60203.086747960726
2,60298.5814716138,47.74736182653436,22.658203125,False,1207,refine,phase_aware_admission,"52,53",60250.83410978726
2,60346.32883344033,47.74736182653436,22.658203125,False,1208,refine,phase_aware_admission,"52,53",60298.5814716138
2,60394.07619526687,47.74736182653436,22.658203125,False,1209,refine,phase_aware_admission,"52,53",60346.32883344033
2,60441.823557093405,47.74736182653436,22.658203125,False,1210,refine,phase_aware_admission,"52,53",60394.07619526687
2,60489.57091891994,47.74736182653436,22.658203125,False,1211,refine,phase_aware_admission,"52,53",60441.823557093405
2,60537.31828074648,47.74736182653436,22.658203125,False,1212,refine,phase_aware_admission,"52,53",60489.57091891994
2,60585.06564257301,47.74736182653436,22.658203125,False,1213,refine,phase_aware_admission,"52,53",60537.31828074648
2,60632.81300439955,47.74736182653436,22.658203125,False,1214,refine,phase_aware_admission,"52,53",60585.06564257301
2,60680.560366226084,47.74736182653436,22.658203125,False,1215,refine,phase_aware_admission,"52,53",60632.81300439955
2,60752.56484273002,72.00447650393471,235.28125,False,1216,warmup,phase_aware_admission,"50,51",60680.560366226084
2,60800.312204556554,47.74736182653436,22.658203125,False,1217,refine,phase_aware_admission,"50,51",60752.56484273002
2,60848.05956638309,47.74736182653436,22.658203125,False,1218,refine,phase_aware_admission,"50,51",60800.312204556554
2,60895.806928209626,47.74736182653436,22.658203125,False,1219,refine,phase_aware_admission,"50,51",60848.05956638309
2,60943.55429003616,47.74736182653436,22.658203125,False,1220,refine,phase_aware_admission,"50,51",60895.806928209626
2,60991.3016518627,47.74736182653436,22.658203125,False,1221,refine,phase_aware_admission,"50,51",60943.55429003616
2,61039.04901368923,47.74736182653436,22.658203125,False,1222,refine,phase_aware_admission,"50,51",60991.3016518627
2,61086.79637551577,47.74736182653436,22.658203125,False,1223,refine,phase_aware_admission,"50,51",61039.04901368923
2,61134.543737342305,47.74736182653436,22.658203125,False,1224,refine,phase_aware_admission,"50,51",61086.79637551577
2,61182.29109916884,47.74736182653436,22.658203125,False,1225,refine,phase_aware_admission,"50,51",61134.543737342305
2,61230.038460995376,47.74736182653436,22.658203125,False,1226,refine,phase_aware_admission,"50,51",61182.29109916884
2,61302.04293749931,72.00447650393471,235.28125,False,1227,warmup,phase_aware_admission,"56,57",61230.038460995376
2,61349.79029932585,47.74736182653436,22.658203125,False,1228,refine,phase_aware_admission,"56,57",61302.04293749931
2,61397.53766115238,47.74736182653436,22.658203125,False,1229,refine,phase_aware_admission,"56,57",61349.79029932585
2,61445.28502297892,47.74736182653436,22.658203125,False,1230,refine,phase_aware_admission,"56,57",61397.53766115238
2,61493.032384805454,47.74736182653436,22.658203125,False,1231,refine,phase_aware_admission,"56,57",61445.28502297892
2,61540.77974663199,47.74736182653436,22.658203125,False,1232,refine,phase_aware_admission,"56,57",61493.032384805454
2,61588.527108458526,47.74736182653436,22.658203125,False,1233,refine,phase_aware_admission,"56,57",61540.77974663199
2,61636.27447028506,47.74736182653436,22.658203125,False,1234,refine,phase_aware_admission,"56,57",61588.527108458526
2,61684.0218321116,47.74736182653436,22.658203125,False,1235,refine,phase_aware_admission,"56,57",61636.27447028506
2,61731.76919393813,47.74736182653436,22.658203125,False,1236,refine,phase_aware_admission,"56,57",61684.0218321116
2,61779.51655576467,47.74736182653436,22.658203125,False,1237,refine,phase_aware_admission,"56,57",61731.76919393813
2,61827.263917591205,47.74736182653436,22.658203125,False,1238,refine,phase_aware_admission,"56,57",61779.51655576467
2,61899.26839409514,72.00447650393471,235.28125,False,1239,warmup,phase_aware_admission,"54,55",61827.263917591205
2,61947.015755921675,47.74736182653436,22.658203125,False,1240,refine,phase_aware_admission,"54,55",61899.26839409514
2,61994.76311774821,47.74736182653436,22.658203125,False,1241,refine,phase_aware_admission,"54,55",61947.015755921675
2,62042.51047957475,47.74736182653436,22.658203125,False,1242,refine,phase_aware_admission,"54,55",61994.76311774821
2,62090.25784140128,47.74736182653436,22.658203125,False,1243,refine,phase_aware_admission,"54,55",62042.51047957475
2,62138.00520322782,47.74736182653436,22.658203125,False,1244,refine,phase_aware_admission,"54,55",62090.25784140128
2,62185.752565054354,47.74736182653436,22.658203125,False,1245,refine,phase_aware_admission,"54,55",62138.00520322782
2,62233.49992688089,47.74736182653436,22.658203125,False,1246,refine,phase_aware_admission,"54,55",62185.752565054354
2,62281.247288707425,47.74736182653436,22.658203125,False,1247,refine,phase_aware_admission,"54,55",62233.49992688089
2,62328.99465053396,47.74736182653436,22.658203125,False,1248,refine,phase_aware_admission,"54,55",62281.247288707425
2,62376.7420123605,47.74736182653436,22.658203125,False,1249,refine,phase_aware_admission,"54,55",62328.99465053396
2,62448.74648886443,72.00447650393471,235.28125,False,1250,warmup,phase_aware_admission,"52,53",62376.7420123605
2,62496.49385069097,47.74736182653436,22.658203125,False,1251,refine,phase_aware_admission,"52,53",62448.74648886443
2,62544.2412125175,47.74736182653436,22.658203125,False,1252,refine,phase_aware_admission,"52,53",62496.49385069097
2,62591.98857434404,47.74736182653436,22.658203125,False,1253,refine,phase_aware_admission,"52,53",62544.2412125175
2,62639.735936170575,47.74736182653436,22.658203125,False,1254,refine,phase_aware_admission,"52,53",62591.98857434404
2,62687.48329799711,47.74736182653436,22.658203125,False,1255,refine,phase_aware_admission,"52,53",62639.735936170575
2,62735.23065982365,47.74736182653436,22.658203125,False,1256,refine,phase_aware_admission,"52,53",62687.48329799711
2,62782.97802165018,47.74736182653436,22.658203125,False,1257,refine,phase_aware_admission,"52,53",62735.23065982365
2,62830.72538347672,47.74736182653436,22.658203125,False,1258,refine,phase_aware_admission,"52,53",62782.97802165018
2,62878.472745303254,47.74736182653436,22.658203125,False,1259,refine,phase_aware_admission,"52,53",62830.72538347672
2,62926.22010712979,47.74736182653436,22.658203125,False,1260,refine,phase_aware_admission,"52,53",62878.472745303254
2,62998.224583633724,72.00447650393471,235.28125,False,1261,warmup,phase_aware_admission,"58,59",62926.22010712979
2,63045.97194546026,47.74736182653436,22.658203125,False,1262,refine,phase_aware_admission,"58,59",62998.224583633724
2,63093.719307286796,47.74736182653436,22.658203125,False,1263,refine,phase_aware_admission,"58,59",63045.97194546026
2,63141.46666911333,47.74736182653436,22.658203125,False,1264,refine,phase_aware_admission,"58,59",63093.719307286796
2,63189.21403093987,47.74736182653436,22.658203125,False,1265,refine,phase_aware_admission,"58,59",63141.46666911333
2,63236.9613927664,47.74736182653436,22.658203125,False,1266,refine,phase_aware_admission,"58,59",63189.21403093987
2,63284.70875459294,47.74736182653436,22.658203125,False,1267,refine,phase_aware_admission,"58,59",63236.9613927664
2,63332.456116419475,47.74736182653436,22.658203125,False,1268,refine,phase_aware_admission,"58,59",63284.70875459294
2,63380.20347824601,47.74736182653436,22.658203125,False,1269,refine,phase_aware_admission,"58,59",63332.456116419475
2,63427.950840072546,47.74736182653436,22.658203125,False,1270,refine,phase_aware_admission,"58,59",63380.20347824601
2,63475.69820189908,47.74736182653436,22.658203125,False,1271,refine,phase_aware_admission,"58,59",63427.950840072546
2,63523.44556372562,47.74736182653436,22.658203125,False,1272,refine,phase_aware_admission,"58,59",63475.69820189908
2,63595.45004022955,72.00447650393471,235.28125,False,1273,warmup,phase_aware_admission,"56,57",63523.44556372562
2,63643.19740205609,47.74736182653436,22.658203125,False,1274,refine,phase_aware_admission,"56,57",63595.45004022955
2,63690.944763882624,47.74736182653436,22.658203125,False,1275,refine,phase_aware_admission,"56,57",63643.19740205609
2,63738.69212570916,47.74736182653436,22.658203125,False,1276,refine,phase_aware_admission,"56,57",63690.944763882624
2,63786.439487535696,47.74736182653436,22.658203125,False,1277,refine,phase_aware_admission,"56,57",63738.69212570916
2,63834.18684936223,47.74736182653436,22.658203125,False,1278,refine,phase_aware_admission,"56,57",63786.439487535696
2,63881.93421118877,47.74736182653436,22.658203125,False,1279,refine,phase_aware_admission,"56,57",63834.18684936223
2,63929.6815730153,47.74736182653436,22.658203125,False,1280,refine,phase_aware_admission,"56,57",63881.93421118877
2,63977.42893484184,47.74736182653436,22.658203125,False,1281,refine,phase_aware_admission,"56,57",63929.6815730153
2,64025.176296668375,47.74736182653436,22.658203125,False,1282,refine,phase_aware_admission,"56,57",63977.42893484184
2,64072.92365849491,47.74736182653436,22.658203125,False,1283,refine,phase_aware_admission,"56,57",64025.176296668375
2,64144.928134998845,72.00447650393471,235.28125,False,1284,warmup,phase_aware_admission,"54,55",64072.92365849491
2,64192.67549682538,47.74736182653436,22.658203125,False,1285,refine,phase_aware_admission,"54,55",64144.928134998845
2,64240.42285865192,47.74736182653436,22.658203125,False,1286,refine,phase_aware_admission,"54,55",64192.67549682538
2,64288.17022047845,47.74736182653436,22.658203125,False,1287,refine,phase_aware_admission,"54,55",64240.42285865192
2,64335.91758230499,47.74736182653436,22.658203125,False,1288,refine,phase_aware_admission,"54,55",64288.17022047845
2,64383.664944131524,47.74736182653436,22.658203125,False,1289,refine,phase_aware_admission,"54,55",64335.91758230499
2,64431.41230595806,47.74736182653436,22.658203125,False,1290,refine,phase_aware_admission,"54,55",64383.664944131524
2,64479.159667784596,47.74736182653436,22.658203125,False,1291,refine,phase_aware_admission,"54,55",64431.41230595806
2,64526.90702961113,47.74736182653436,22.658203125,False,1292,refine,phase_aware_admission,"54,55",64479.159667784596
2,64574.65439143767,47.74736182653436,22.658203125,False,1293,refine,phase_aware_admission,"54,55",64526.90702961113
2,64622.4017532642,47.74736182653436,22.658203125,False,1294,refine,phase_aware_admission,"54,55",64574.65439143767
2,64694.40622976814,72.00447650393471,235.28125,False,1295,warmup,phase_aware_admission,"60,61",64622.4017532642
2,64742.15359159467,47.74736182653436,22.658203125,False,1296,refine,phase_aware_admission,"60,61",64694.40622976814
2,64789.90095342121,47.74736182653436,22.658203125,False,1297,refine,phase_aware_admission,"60,61",64742.15359159467
2,64837.648315247745,47.74736182653436,22.658203125,False,1298,refine,phase_aware_admission,"60,61",64789.90095342121
2,64885.39567707428,47.74736182653436,22.658203125,False,1299,refine,phase_aware_admission,"60,61",64837.648315247745
2,64933.14303890082,47.74736182653436,22.658203125,False,1300,refine,phase_aware_admission,"60,61",64885.39567707428
2,64980.89040072735,47.74736182653436,22.658203125,False,1301,refine,phase_aware_admission,"60,61",64933.14303890082
2,65028.63776255389,47.74736182653436,22.658203125,False,1302,refine,phase_aware_admission,"60,61",64980.89040072735
2,65076.385124380424,47.74736182653436,22.658203125,False,1303,refine,phase_aware_admission,"60,61",65028.63776255389
2,65124.13248620696,47.74736182653436,22.658203125,False,1304,refine,phase_aware_admission,"60,61",65076.385124380424
2,65171.879848033495,47.74736182653436,22.658203125,False,1305,refine,phase_aware_admission,"60,61",65124.13248620696
2,65219.62720986003,47.74736182653436,22.658203125,False,1306,refine,phase_aware_admission,"60,61",65171.879848033495
2,65291.631686363966,72.00447650393471,235.28125,False,1307,warmup,phase_aware_admission,"58,59",65219.62720986003
2,65339.3790481905,47.74736182653436,22.658203125,False,1308,refine,phase_aware_admission,"58,59",65291.631686363966
2,65387.12641001704,47.74736182653436,22.658203125,False,1309,refine,phase_aware_admission,"58,59",65339.3790481905
2,65434.87377184357,47.74736182653436,22.658203125,False,1310,refine,phase_aware_admission,"58,59",65387.12641001704
2,65482.62113367011,47.74736182653436,22.658203125,False,1311,refine,phase_aware_admission,"58,59",65434.87377184357
2,65530.368495496645,47.74736182653436,22.658203125,False,1312,refine,phase_aware_admission,"58,59",65482.62113367011
2,65578.11585732318,47.74736182653436,22.658203125,False,1313,refine,phase_aware_admission,"58,59",65530.368495496645
2,65625.86321914972,47.74736182653436,22.658203125,False,1314,refine,phase_aware_admission,"58,59",65578.11585732318
2,65673.61058097625,47.74736182653436,22.658203125,False,1315,refine,phase_aware_admission,"58,59",65625.86321914972
2,65721.35794280279,47.74736182653436,22.658203125,False,1316,refine,phase_aware_admission,"58,59",65673.61058097625
2,65769.10530462932,47.74736182653436,22.658203125,False,1317,refine,phase_aware_admission,"58,59",65721.35794280279
2,65841.10978113326,72.00447650393471,235.28125,False,1318,warmup,phase_aware_admission,"56,57",65769.10530462932
2,65888.8571429598,47.74736182653436,22.658203125,False,1319,refine,phase_aware_admission,"56,57",65841.10978113326
2,65936.60450478633,47.74736182653436,22.658203125,False,1320,refine,phase_aware_admission,"56,57",65888.8571429598
2,65984.35186661287,47.74736182653436,22.658203125,False,1321,refine,phase_aware_admission,"56,57",65936.60450478633
2,66032.0992284394,47.74736182653436,22.658203125,False,1322,refine,phase_aware_admission,"56,57",65984.35186661287
2,66079.84659026594,47.74736182653436,22.658203125,False,1323,refine,phase_aware_admission,"56,57",66032.0992284394
2,66127.59395209247,47.74736182653436,22.658203125,False,1324,refine,phase_aware_admission,"56,57",66079.84659026594
2,66175.34131391901,47.74736182653436,22.658203125,False,1325,refine,phase_aware_admission,"56,57",66127.59395209247
2,66223.08867574554,47.74736182653436,22.658203125,False,1326,refine,phase_aware_admission,"56,57",66175.34131391901
2,66270.83603757208,47.74736182653436,22.658203125,False,1327,refine,phase_aware_admission,"56,57",66223.08867574554
2,66318.58339939862,47.74736182653436,22.658203125,False,1328,refine,phase_aware_admission,"56,57",66270.83603757208
2,66390.58787590255,72.00447650393471,235.28125,False,1329,warmup,phase_aware_admission,"62,63",66318.58339939862
2,66438.33523772909,47.74736182653436,22.658203125,False,1330,refine,phase_aware_admission,"62,63",66390.58787590255
2,66486.08259955562,47.74736182653436,22.658203125,False,1331,refine,phase_aware_admission,"62,63",66438.33523772909
2,66533.82996138216,47.74736182653436,22.658203125,False,1332,refine,phase_aware_admission,"62,63",66486.08259955562
2,66581.5773232087,47.74736182653436,22.658203125,False,1333,refine,phase_aware_admission,"62,63",66533.82996138216
2,66629.32468503523,47.74736182653436,22.658203125,False,1334,refine,phase_aware_admission,"62,63",66581.5773232087
2,66677.07204686177,47.74736182653436,22.658203125,False,1335,refine,phase_aware_admission,"62,63",66629.32468503523
2,66724.8194086883,47.74736182653436,22.658203125,False,1336,refine,phase_aware_admission,"62,63",66677.07204686177
2,66772.56677051484,47.74736182653436,22.658203125,False,1337,refine,phase_aware_admission,"62,63",66724.8194086883
2,66820.31413234137,47.74736182653436,22.658203125,False,1338,refine,phase_aware_admission,"62,63",66772.56677051484
2,66868.06149416791,47.74736182653436,22.658203125,False,1339,refine,phase_aware_admission,"62,63",66820.31413234137
2,66915.80885599444,47.74736182653436,22.658203125,False,1340,refine,phase_aware_admission,"62,63",66868.06149416791
2,66987.81333249838,72.00447650393471,235.28125,False,1341,warmup,phase_aware_admission,"60,61",66915.80885599444
2,67035.56069432491,47.74736182653436,22.658203125,False,1342,refine,phase_aware_admission,"60,61",66987.81333249838
2,67083.30805615145,47.74736182653436,22.658203125,False,1343,refine,phase_aware_admission,"60,61",67035.56069432491
2,67131.05541797799,47.74736182653436,22.658203125,False,1344,refine,phase_aware_admission,"60,61",67083.30805615145
2,67178.80277980452,47.74736182653436,22.658203125,False,1345,refine,phase_aware_admission,"60,61",67131.05541797799
2,67226.55014163106,47.74736182653436,22.658203125,False,1346,refine,phase_aware_admission,"60,61",67178.80277980452
2,67274.2975034576,47.74736182653436,22.658203125,False,1347,refine,phase_aware_admission,"60,61",67226.55014163106
2,67322.04486528413,47.74736182653436,22.658203125,False,1348,refine,phase_aware_admission,"60,61",67274.2975034576
2,67369.79222711067,47.74736182653436,22.658203125,False,1349,refine,phase_aware_admission,"60,61",67322.04486528413
2,67417.5395889372,47.74736182653436,22.658203125,False,1350,refine,phase_aware_admission,"60,61",67369.79222711067
2,67465.28695076374,47.74736182653436,22.658203125,False,1351,refine,phase_aware_admission,"60,61",67417.5395889372
2,67537.29142726767,72.00447650393471,235.28125,False,1352,warmup,phase_aware_admission,"58,59",67465.28695076374
2,67585.03878909421,47.74736182653436,22.658203125,False,1353,refine,phase_aware_admission,"58,59",67537.29142726767
2,67632.78615092074,47.74736182653436,22.658203125,False,1354,refine,phase_aware_admission,"58,59",67585.03878909421
2,67680.53351274728,47.74736182653436,22.658203125,False,1355,refine,phase_aware_admission,"58,59",67632.78615092074
2,67728.28087457381,47.74736182653436,22.658203125,False,1356,refine,phase_aware_admission,"58,59",67680.53351274728
2,67776.02823640035,47.74736182653436,22.658203125,False,1357,refine,phase_aware_admission,"58,59",67728.28087457381
2,67823.77559822689,47.74736182653436,22.658203125,False,1358,refine,phase_aware_admission,"58,59",67776.02823640035
2,67871.52296005342,47.74736182653436,22.658203125,False,1359,refine,phase_aware_admission,"58,59",67823.77559822689
2,67919.27032187996,47.74736182653436,22.658203125,False,1360,refine,phase_aware_admission,"58,59",67871.52296005342
2,67967.0176837065,47.74736182653436,22.658203125,False,1361,refine,phase_aware_admission,"58,59",67919.27032187996
2,68014.76504553303,47.74736182653436,22.658203125,False,1362,refine,phase_aware_admission,"58,59",67967.0176837065
2,68086.76952203696,72.00447650393471,235.28125,False,1363,warmup,phase_aware_admission,"56,57",68014.76504553303
2,68134.5168838635,47.74736182653436,22.658203125,False,1364,refine,phase_aware_admission,"56,57",68086.76952203696
2,68182.26424569004,47.74736182653436,22.658203125,False,1365,refine,phase_aware_admission,"56,57",68134.5168838635
2,68230.01160751657,47.74736182653436,22.658203125,False,1366,refine,phase_aware_admission,"56,57",68182.26424569004
2,68277.75896934311,47.74736182653436,22.658203125,False,1367,refine,phase_aware_admission,"56,57",68230.01160751657
2,68325.50633116964,47.74736182653436,22.658203125,False,1368,refine,phase_aware_admission,"56,57",68277.75896934311
2,68373.25369299618,47.74736182653436,22.658203125,False,1369,refine,phase_aware_admission,"56,57",68325.50633116964
2,68421.00105482271,47.74736182653436,22.658203125,False,1370,refine,phase_aware_admission,"56,57",68373.25369299618
2,68468.74841664925,47.74736182653436,22.658203125,False,1371,refine,phase_aware_admission,"56,57",68421.00105482271
2,68516.49577847579,47.74736182653436,22.658203125,False,1372,refine,phase_aware_admission,"56,57",68468.74841664925
2,68564.24314030232,47.74736182653436,22.658203125,False,1373,refine,phase_aware_admission,"56,57",68516.49577847579
2,68636.24761680626,72.00447650393471,235.28125,False,1374,warmup,phase_aware_admission,"62,63",68564.24314030232
2,68683.99497863279,47.74736182653436,22.658203125,False,1375,refine,phase_aware_admission,"62,63",68636.24761680626
2,68731.74234045933,47.74736182653436,22.658203125,False,1376,refine,phase_aware_admission,"62,63",68683.99497863279
2,68779.48970228586,47.74736182653436,22.658203125,False,1377,refine,phase_aware_admission,"62,63",68731.74234045933
2,68827.2370641124,47.74736182653436,22.658203125,False,1378,refine,phase_aware_admission,"62,63",68779.48970228586
2,68874.98442593894,47.74736182653436,22.658203125,False,1379,refine,phase_aware_admission,"62,63",68827.2370641124
2,68922.73178776547,47.74736182653436,22.658203125,False,1380,refine,phase_aware_admission,"62,63",68874.98442593894
2,68970.479149592,47.74736182653436,22.658203125,False,1381,refine,phase_aware_admission,"62,63",68922.73178776547
2,69018.22651141854,47.74736182653436,22.658203125,False,1382,refine,phase_aware_admission,"62,63",68970.479149592
2,69065.97387324508,47.74736182653436,22.658203125,False,1383,refine,phase_aware_admission,"62,63",69018.22651141854
2,69113.72123507161,47.74736182653436,22.658203125,False,1384,refine,phase_aware_admission,"62,63",69065.97387324508
2,69185.72571157555,72.00447650393471,235.28125,False,1385,warmup,phase_aware_admission,"60,61",69113.72123507161
2,69233.47307340208,47.74736182653436,22.658203125,False,1386,refine,phase_aware_admission,"60,61",69185.72571157555
2,69281.22043522862,47.74736182653436,22.658203125,False,1387,refine,phase_aware_admission,"60,61",69233.47307340208
2,69328.96779705516,47.74736182653436,22.658203125,False,1388,refine,phase_aware_admission,"60,61",69281.22043522862
2,69376.71515888169,47.74736182653436,22.658203125,False,1389,refine,phase_aware_admission,"60,61",69328.96779705516
2,69424.46252070823,47.74736182653436,22.658203125,False,1390,refine,phase_aware_admission,"60,61",69376.71515888169
2,69472.20988253476,47.74736182653436,22.658203125,False,1391,refine,phase_aware_admission,"60,61",69424.46252070823
2,69519.9572443613,47.74736182653436,22.658203125,False,1392,refine,phase_aware_admission,"60,61",69472.20988253476
2,69567.70460618784,47.74736182653436,22.658203125,False,1393,refine,phase_aware_admission,"60,61",69519.9572443613
2,69615.45196801437,47.74736182653436,22.658203125,False,1394,refine,phase_aware_admission,"60,61",69567.70460618784
2,69663.1993298409,47.74736182653436,22.658203125,False,1395,refine,phase_aware_admission,"60,61",69615.45196801437
2,69735.20380634484,72.00447650393471,235.28125,False,1396,warmup,phase_aware_admission,"58,59",69663.1993298409
2,69782.95116817138,47.74736182653436,22.658203125,False,1397,refine,phase_aware_admission,"58,59",69735.20380634484
2,69830.69852999791,47.74736182653436,22.658203125,False,1398,refine,phase_aware_admission,"58,59",69782.95116817138
2,69878.44589182445,47.74736182653436,22.658203125,False,1399,refine,phase_aware_admission,"58,59",69830.69852999791
2,69926.19325365098,47.74736182653436,22.658203125,False,1400,refine,phase_aware_admission,"58,59",69878.44589182445
2,69973.94061547752,47.74736182653436,22.658203125,False,1401,refine,phase_aware_admission,"58,59",69926.19325365098
2,70021.68797730406,47.74736182653436,22.658203125,False,1402,refine,phase_aware_admission,"58,59",69973.94061547752
2,70069.43533913059,47.74736182653436,22.658203125,False,1403,refine,phase_aware_admission,"58,59",70021.68797730406
2,70117.18270095713,47.74736182653436,22.658203125,False,1404,refine,phase_aware_admission,"58,59",70069.43533913059
2,70164.93006278366,47.74736182653436,22.658203125,False,1405,refine,phase_aware_admission,"58,59",70117.18270095713
2,70212.6774246102,47.74736182653436,22.658203125,False,1406,refine,phase_aware_admission,"58,59",70164.93006278366
2,70284.68190111413,72.00447650393471,235.28125,False,1407,warmup,phase_aware_admission,"62,63",70212.6774246102
2,70332.42926294067,47.74736182653436,22.658203125,False,1408,refine,phase_aware_admission,"62,63",70284.68190111413
2,70380.1766247672,47.74736182653436,22.658203125,False,1409,refine,phase_aware_admission,"62,63",70332.42926294067
2,70427.92398659374,47.74736182653436,22.658203125,False,1410,refine,phase_aware_admission,"62,63",70380.1766247672
2,70475.67134842028,47.74736182653436,22.658203125,False,1411,refine,phase_aware_admission,"62,63",70427.92398659374
2,70523.41871024681,47.74736182653436,22.658203125,False,1412,refine,phase_aware_admission,"62,63",70475.67134842028
2,70571.16607207335,47.74736182653436,22.658203125,False,1413,refine,phase_aware_admission,"62,63",70523.41871024681
2,70618.91343389988,47.74736182653436,22.658203125,False,1414,refine,phase_aware_admission,"62,63",70571.16607207335
2,70666.66079572642,47.74736182653436,22.658203125,False,1415,refine,phase_aware_admission,"62,63",70618.91343389988
2,70714.40815755296,47.74736182653436,22.658203125,False,1416,refine,phase_aware_admission,"62,63",70666.66079572642
2,70762.15551937949,47.74736182653436,22.658203125,False,1417,refine,phase_aware_admission,"62,63",70714.40815755296
2,70834.15999588343,72.00447650393471,235.28125,False,1418,warmup,phase_aware_admission,"60,61",70762.15551937949
2,70881.90735770996,47.74736182653436,22.658203125,False,1419,refine,phase_aware_admission,"60,61",70834.15999588343
2,70929.6547195365,47.74736182653436,22.658203125,False,1420,refine,phase_aware_admission,"60,61",70881.90735770996
2,70977.40208136303,47.74736182653436,22.658203125,False,1421,refine,phase_aware_admission,"60,61",70929.6547195365
2,71025.14944318957,47.74736182653436,22.658203125,False,1422,refine,phase_aware_admission,"60,61",70977.40208136303
2,71072.8968050161,47.74736182653436,22.658203125,False,1423,refine,phase_aware_admission,"60,61",71025.14944318957
2,71120.64416684264,47.74736182653436,22.658203125,False,1424,refine,phase_aware_admission,"60,61",71072.8968050161
2,71168.39152866918,47.74736182653436,22.658203125,False,1425,refine,phase_aware_admission,"60,61",71120.64416684264
2,71216.13889049571,47.74736182653436,22.658203125,False,1426,refine,phase_aware_admission,"60,61",71168.39152866918
2,71263.88625232225,47.74736182653436,22.658203125,False,1427,refine,phase_aware_admission,"60,61",71216.13889049571
2,71311.63361414878,47.74736182653436,22.658203125,False,1428,refine,phase_aware_admission,"60,61",71263.88625232225
2,71383.63809065272,72.00447650393471,235.28125,False,1429,warmup,phase_aware_admission,"62,63",71311.63361414878
2,71431.38545247926,47.74736182653436,22.658203125,False,1430,refine,phase_aware_admission,"62,63",71383.63809065272
2,71479.13281430579,47.74736182653436,22.658203125,False,1431,refine,phase_aware_admission,"62,63",71431.38545247926
2,71526.88017613233,47.74736182653436,22.658203125,False,1432,refine,phase_aware_admission,"62,63",71479.13281430579
2,71574.62753795886,47.74736182653436,22.658203125,False,1433,refine,phase_aware_admission,"62,63",71526.88017613233
2,71622.3748997854,47.74736182653436,22.658203125,False,1434,refine,phase_aware_admission,"62,63",71574.62753795886
2,71670.12226161193,47.74736182653436,22.658203125,False,1435,refine,phase_aware_admission,"62,63",71622.3748997854
2,71717.86962343847,47.74736182653436,22.658203125,False,1436,refine,phase_aware_admission,"62,63",71670.12226161193
2,71765.616985265,47.74736182653436,22.658203125,False,1437,refine,phase_aware_admission,"62,63",71717.86962343847
2,71813.36434709154,47.74736182653436,22.658203125,False,1438,refine,phase_aware_admission,"62,63",71765.616985265
2,71861.11170891808,47.74736182653436,22.658203125,False,1439,refine,phase_aware_admission,"62,63",71813.36434709154
