ar_optimistic_parallel_ms,ar_optimistic_serial_ms,ar_probe_ms,ar_verified_parallel_ms,ar_verified_serial_ms,dllm_incremental_parallel_ms,dllm_incremental_serial_ms,dllm_saved_vs_ar_verified_parallel_ms,dllm_saved_vs_ar_verified_serial_ms,dllm_vs_ar_optimistic_parallel_speedup,dllm_vs_ar_optimistic_serial_speedup,dllm_vs_ar_verified_parallel_speedup,dllm_vs_ar_verified_serial_speedup,dllm_vs_no_spec_parallel_speedup,dllm_vs_no_spec_serial_speedup,generation_ms,no_spec_parallel_ms,no_spec_serial_ms,num_calls,request_index,tool_latency_ms
1520.7050100085326,1520.7050100085326,0.0,1520.7050100085326,1520.7050100085326,1420.7050100085326,1420.7050100085326,100.0,100.0,1.0703875887643977,1.0703875887643977,1.0703875887643977,1.0703875887643977,1.0703875887643977,1.211162766293193,1420.7050100085326,1520.7050100085326,1720.7050100085326,3,0,100.0
1720.7050100085326,1720.7050100085326,0.0,1720.7050100085326,1720.7050100085326,1420.7050100085326,1547.1366733390216,300.0,173.56833666951093,1.211162766293193,1.1121868155932964,1.211162766293193,1.1121868155932964,1.211162766293193,1.5,1420.7050100085326,1720.7050100085326,2320.7050100085326,3,0,300.0
1920.7050100085326,1973.5683366695107,0.0,1920.7050100085326,1973.5683366695107,1447.1366733390216,1973.5683366695107,473.5683366695109,0.0,1.3272450663397484,1.0,1.3272450663397484,1.0,1.3272450663397484,1.479910756440975,1420.7050100085326,1920.7050100085326,2920.7050100085326,3,0,500.0
2420.7050100085326,3473.5683366695107,0.0,2420.7050100085326,3473.5683366695107,1947.1366733390216,3473.5683366695107,473.5683366695109,0.0,1.243212684119096,1.0,1.243212684119096,1.0,1.243212684119096,1.2726696530885426,1420.7050100085326,2420.7050100085326,4420.705010008533,3,0,1000.0
3420.7050100085326,6473.56833666951,0.0,3420.7050100085326,6473.56833666951,2947.1366733390214,6473.56833666951,473.56833666951115,0.0,1.16068760602574,1.0,1.16068760602574,1.0,1.16068760602574,1.1463082837905594,1420.7050100085326,3420.7050100085326,7420.705010008533,3,0,2000.0
1035.738826985471,1035.738826985471,0.0,1035.738826985471,1035.738826985471,935.738826985471,935.738826985471,100.0,100.0,1.1068674261622284,1.1068674261622284,1.1068674261622284,1.1068674261622284,1.1068674261622284,1.320602278486685,935.738826985471,1035.738826985471,1235.738826985471,3,1,100.0
1235.738826985471,1301.030925850916,0.0,1235.738826985471,1301.030925850916,1102.0618517018322,1301.030925850916,133.67697528363874,0.0,1.12129716229376,1.0,1.12129716229376,1.0,1.12129716229376,1.4109878485669654,935.738826985471,1235.738826985471,1835.738826985471,3,1,300.0
1435.738826985471,1901.030925850916,0.0,1435.738826985471,1901.030925850916,1302.0618517018322,1901.030925850916,133.67697528363874,0.0,1.1026656107840953,1.0,1.1026656107840953,1.0,1.1026656107840953,1.2812725947081665,935.738826985471,1435.738826985471,2435.738826985471,3,1,500.0
1935.738826985471,3401.030925850916,0.0,1935.738826985471,3401.030925850916,1802.0618517018322,3401.030925850916,133.67697528363874,0.0,1.0741800150518679,1.0,1.0741800150518679,1.0,1.0741800150518679,1.1572193587157031,935.738826985471,1935.738826985471,3935.738826985471,3,1,1000.0
2935.738826985471,6401.030925850916,0.0,2935.738826985471,6401.030925850916,2802.061851701832,6401.030925850916,133.67697528363897,0.0,1.0477066468759246,1.0,1.0477066468759246,1.0,1.0477066468759246,1.0835346536094845,935.738826985471,2935.738826985471,6935.738826985471,3,1,2000.0
802.846078958828,802.846078958828,0.0,802.846078958828,802.846078958828,714.9903190889745,727.134559219121,87.8557598698535,75.711519739707,1.1228768523492703,1.1041231210644349,1.1228768523492703,1.1041231210644349,1.1228768523492703,1.379175375787113,702.846078958828,802.846078958828,1002.846078958828,3,2,100.0
1002.846078958828,1127.134559219121,0.0,1002.846078958828,1127.134559219121,914.9903190889745,1163.5672796095605,87.8557598698535,-36.4327203904395,1.096018239796601,0.9686887719954925,1.096018239796601,0.9686887719954925,1.096018239796601,1.3775276316610323,702.846078958828,1002.846078958828,1602.846078958828,3,2,300.0
1202.846078958828,1675.711519739707,0.0,1202.846078958828,1675.711519739707,1114.9903190889745,1763.5672796095605,87.8557598698535,-87.8557598698535,1.0787950876036645,0.9501829270220391,1.0787950876036645,0.9501829270220391,1.0787950876036645,1.2490853648898046,702.846078958828,1202.846078958828,2202.846078958828,3,2,500.0
1702.846078958828,3175.711519739707,0.0,1702.846078958828,3175.711519739707,1614.9903190889745,3263.5672796095605,87.8557598698535,-87.8557598698535,1.0544001774075114,0.9730798379985094,1.0544001774075114,0.9730798379985094,1.0544001774075114,1.1346008100074532,702.846078958828,1702.846078958828,3702.846078958828,3,2,1000.0
2702.846078958828,6175.711519739707,0.0,2702.846078958828,6175.711519739707,2614.9903190889745,6263.5672796095605,87.8557598698535,-87.8557598698535,1.0335969732769263,0.9859735265946836,1.0335969732769263,0.9859735265946836,1.0335969732769263,1.070132367026582,702.846078958828,2702.846078958828,6702.846078958828,3,2,2000.0
692.181472980883,692.181472980883,0.0,692.181472980883,692.181472980883,593.4845608174026,594.7876486539219,98.69691216348042,97.39382432696107,1.16630072402818,1.163745539349002,1.16630072402818,1.163745539349002,1.16630072402818,1.5000000000000002,592.181472980883,692.181472980883,892.181472980883,3,3,100.0
892.181472980883,1097.3938243269608,0.0,892.181472980883,1097.3938243269608,793.4845608174026,1097.3938243269608,98.69691216348042,0.0,1.1243841620079016,1.0,1.1243841620079016,1.0,1.1243841620079016,1.359750200796007,592.181472980883,892.181472980883,1492.181472980883,3,3,300.0
1092.181472980883,1697.3938243269608,0.0,1092.181472980883,1697.3938243269608,993.4845608174026,1697.3938243269608,98.69691216348042,0.0,1.099344183146919,1.0,1.099344183146919,1.0,1.099344183146919,1.2325845911513555,592.181472980883,1092.181472980883,2092.181472980883,3,3,500.0
1592.181472980883,3197.3938243269613,0.0,1592.181472980883,3197.3938243269613,1493.4845608174026,3197.3938243269613,98.69691216348042,0.0,1.0660849899308382,1.0,1.0660849899308382,1.0,1.0660849899308382,1.1234716992477531,592.181472980883,1592.181472980883,3592.181472980883,3,3,1000.0
2592.181472980883,6197.39382432696,0.0,2592.181472980883,6197.39382432696,2493.4845608174023,6197.39382432696,98.69691216348065,0.0,1.0395819223084046,1.0,1.0395819223084046,1.0,1.0395819223084046,1.0637022044821876,592.181472980883,2592.181472980883,6592.181472980883,3,3,2000.0
691.3557130261324,691.3557130261324,0.0,691.3557130261324,691.3557130261324,592.7964275217771,594.2371420174215,98.55928550435533,97.11857100871089,1.1662616050443972,1.163434030190364,1.1662616050443972,1.163434030190364,1.1662616050443972,1.5000000000000002,591.3557130261324,691.3557130261324,891.3557130261324,3,4,100.0
891.3557130261324,1097.1185710087107,0.0,891.3557130261324,1097.1185710087107,792.7964275217771,1097.1185710087107,98.55928550435533,0.0,1.1243185287961557,1.0,1.1243185287961557,1.0,1.1243185287961557,1.3593386826502745,591.3557130261324,891.3557130261324,1491.3557130261324,3,4,300.0
1091.3557130261324,1697.1185710087107,0.0,1091.3557130261324,1697.1185710087107,992.7964275217771,1697.1185710087107,98.55928550435533,0.0,1.09927441595492,1.0,1.09927441595492,1.0,1.09927441595492,1.2322979364860172,591.3557130261324,1091.3557130261324,2091.3557130261324,3,4,500.0
1591.3557130261324,3197.118571008711,0.0,1591.3557130261324,3197.118571008711,1492.796427521777,3197.118571008711,98.55928550435533,0.0,1.066023259224954,1.0,1.066023259224954,1.0,1.066023259224954,1.1233101410727588,591.3557130261324,1591.3557130261324,3591.3557130261324,3,4,1000.0
2591.3557130261324,6197.11857100871,0.0,2591.3557130261324,6197.11857100871,2492.796427521777,6197.11857100871,98.55928550435556,0.0,1.0395376391012958,1.0,1.0395376391012958,1.0,1.0395376391012958,1.0636162012232164,591.3557130261324,2591.3557130261324,6591.355713026132,3,4,2000.0
749.4513460202143,749.4513460202143,0.0,749.4513460202143,749.4513460202143,656.6725823030407,663.8938185858674,92.77876371717355,85.55752743434687,1.141286184648955,1.12887230614165,1.141286184648955,1.12887230614165,1.141286184648955,1.4301252993175944,649.4513460202143,749.4513460202143,949.4513460202143,3,5,100.0
949.4513460202143,1085.5575274343469,0.0,949.4513460202143,1085.5575274343469,856.6725823030407,1178.3362911515203,92.77876371717355,-92.77876371717343,1.108301310948637,0.9212629158467944,1.108301310948637,0.9212629158467944,1.108301310948637,1.3149483366128225,649.4513460202143,949.4513460202143,1549.4513460202143,3,5,300.0
1149.4513460202143,1685.5575274343469,0.0,1149.4513460202143,1685.5575274343469,1056.6725823030406,1778.3362911515203,92.77876371717366,-92.77876371717343,1.0878027548656182,0.9478283358559271,1.0878027548656182,0.9478283358559271,1.0878027548656182,1.208686656576292,649.4513460202143,1149.4513460202143,2149.4513460202143,3,5,500.0
1649.4513460202143,3185.557527434347,0.0,1649.4513460202143,3185.557527434347,1556.6725823030406,3278.3362911515205,92.77876371717366,-92.77876371717366,1.059600692381895,0.9716994367028207,1.059600692381895,0.9716994367028207,1.059600692381895,1.113202253188717,649.4513460202143,1649.4513460202143,3649.4513460202143,3,5,1000.0
2649.4513460202143,6185.557527434346,0.0,2649.4513460202143,6185.557527434346,2556.6725823030406,6278.3362911515205,92.77876371717366,-92.77876371717412,1.0362888718560899,0.9852223966008425,1.0362888718560899,0.9852223966008425,1.0362888718560899,1.0591104135966292,649.4513460202143,2649.4513460202143,6649.451346020214,3,5,2000.0
683.9562839828432,683.9562839828432,0.0,683.9562839828432,683.9562839828432,583.9562839828432,589.3041893218954,100.0,94.6520946609478,1.171245695513293,1.1606167008075452,1.171245695513293,1.1606167008075452,1.171245695513293,1.5000000000000002,583.9562839828432,683.9562839828432,883.9562839828432,3,6,100.0
883.9562839828432,1191.9781419914216,0.0,883.9562839828432,1191.9781419914216,689.3041893218954,1094.6520946609476,194.6520946609478,97.32604733047401,1.282389252345089,1.0889104838013572,1.282389252345089,1.0889104838013572,1.282389252345089,1.3556419352054287,583.9562839828432,883.9562839828432,1483.9562839828432,3,6,300.0
1083.9562839828432,1791.9781419914216,0.0,1083.9562839828432,1791.9781419914216,889.3041893218954,1694.6520946609476,194.6520946609478,97.32604733047401,1.2188813422878084,1.0574312849446224,1.2188813422878084,1.0574312849446224,1.2188813422878084,1.2297251397784892,583.9562839828432,1083.9562839828432,2083.956283982843,3,6,500.0
1583.9562839828432,3291.9781419914216,0.0,1583.9562839828432,3291.9781419914216,1389.3041893218954,3194.652094660948,194.6520946609478,97.32604733047356,1.1401076136939854,1.0304653040289204,1.1401076136939854,1.0304653040289204,1.1401076136939854,1.1218612161156825,583.9562839828432,1583.9562839828432,3583.956283982843,3,6,1000.0
2583.956283982843,6291.978141991422,0.0,2583.956283982843,6291.978141991422,2389.3041893218956,6194.652094660947,194.65209466094757,97.32604733047447,1.0814681092222884,1.0157113015942183,1.0814681092222884,1.0157113015942183,1.0814681092222884,1.062845206376873,583.9562839828432,2583.956283982843,6583.956283982843,3,6,2000.0
684.3097110046074,684.3097110046074,0.0,684.3097110046074,684.3097110046074,586.9247591705061,586.9247591705061,97.38495183410123,97.38495183410123,1.1659240819414982,1.1659240819414982,1.1659240819414982,1.1659240819414982,1.1659240819414982,1.5066832625265152,584.3097110046074,684.3097110046074,884.3097110046074,3,7,100.0
884.3097110046074,1192.1548555023037,0.0,884.3097110046074,1192.1548555023037,786.9247591705061,1094.7699036682025,97.38495183410123,97.38495183410123,1.1237538286846562,1.088954721451327,1.1237538286846562,1.088954721451327,1.1237538286846562,1.3558188858053086,584.3097110046074,884.3097110046074,1484.3097110046074,3,7,300.0
1084.3097110046074,1792.1548555023037,0.0,1084.3097110046074,1792.1548555023037,986.9247591705061,1694.7699036682025,97.38495183410123,97.38495183410123,1.0986751532264238,1.057462049345648,1.0986751532264238,1.057462049345648,1.0986751532264238,1.2298481973825917,584.3097110046074,1084.3097110046074,2084.3097110046074,3,7,500.0
1584.3097110046074,3292.1548555023037,0.0,1584.3097110046074,3292.1548555023037,1486.9247591705061,3194.7699036682025,97.38495183410123,97.38495183410123,1.0654942028730683,1.0304826183952356,1.0654942028730683,1.0304826183952356,1.0654942028730683,1.1219304735809421,584.3097110046074,1584.3097110046074,3584.3097110046074,3,7,1000.0
2584.3097110046074,6292.154855502304,0.0,2584.3097110046074,6292.154855502304,2486.924759170506,6194.7699036682025,97.38495183410123,97.38495183410123,1.0391587849511712,1.0157205115522427,1.0391587849511712,1.0157205115522427,1.0391587849511712,1.0628820462089708,584.3097110046074,2584.3097110046074,6584.309711004607,3,7,2000.0
696.3864870136604,696.3864870136604,0.0,696.3864870136604,696.3864870136604,596.9887391780503,598.1932435068302,99.39774783561006,98.19324350683019,1.166498530562676,1.1641497034155468,1.166498530562676,1.1641497034155468,1.166498530562676,1.4984898220493281,596.3864870136604,696.3864870136604,896.3864870136604,3,8,100.0
896.3864870136604,1098.7954956712201,0.0,896.3864870136604,1098.7954956712201,796.9887391780503,1198.1932435068302,99.39774783561006,-99.39774783561006,1.1247166276629215,0.9170436418547177,1.1247166276629215,0.9170436418547177,1.1247166276629215,1.2488690744358468,596.3864870136604,896.3864870136604,1496.3864870136604,3,8,300.0
1096.3864870136604,1698.7954956712201,0.0,1096.3864870136604,1698.7954956712201,996.9887391780503,1798.1932435068302,99.39774783561006,-99.39774783561006,1.0996979644098657,0.94472354503915,1.0996979644098657,0.94472354503915,1.0996979644098657,1.16582936488255,596.3864870136604,1096.3864870136604,2096.3864870136604,3,8,500.0
1596.3864870136604,3198.79549567122,0.0,1596.3864870136604,3198.79549567122,1496.9887391780503,3298.19324350683,99.39774783561006,-99.39774783561006,1.0663984606124601,0.9698629702697696,1.0663984606124601,0.9698629702697696,1.0663984606124601,1.0904110891906909,596.3864870136604,1596.3864870136604,3596.3864870136604,3,8,1000.0
2596.3864870136604,6198.79549567122,0.0,2596.3864870136604,6198.79549567122,2496.9887391780503,6298.19324350683,99.39774783561006,-99.39774783561006,1.0398070468945444,0.9842180536556123,1.0398070468945444,0.9842180536556123,1.0398070468945444,1.0473458390331631,596.3864870136604,2596.3864870136604,6596.38648701366,3,8,2000.0
733.0716620432213,733.0716620432213,0.0,733.0716620432213,733.0716620432213,633.0716620432213,633.0716620432213,100.0,100.0,1.1579600004164659,1.1579600004164659,1.1579600004164659,1.1579600004164659,1.1579600004164659,1.4738800012493978,633.0716620432213,733.0716620432213,933.0716620432213,3,9,100.0
933.0716620432213,1171.316426589952,0.0,933.0716620432213,1171.316426589952,661.7552354532693,1171.316426589952,271.316426589952,0.0,1.4099951342343575,1.0,1.4099951342343575,1.0,1.4099951342343575,1.3088450116818096,633.0716620432213,933.0716620432213,1533.0716620432213,3,9,300.0
1133.0716620432213,1771.316426589952,0.0,1133.0716620432213,1771.316426589952,861.7552354532693,1771.316426589952,271.316426589952,0.0,1.3148416341761404,1.0,1.3148416341761404,1.0,1.3148416341761404,1.2042295944546182,633.0716620432213,1133.0716620432213,2133.0716620432213,3,9,500.0
1633.0716620432213,3271.3164265899522,0.0,1633.0716620432213,3271.3164265899522,1361.7552354532693,3271.3164265899522,271.316426589952,0.0,1.1992402302016063,1.0,1.1992402302016063,1.0,1.1992402302016063,1.1105839938053212,633.0716620432213,1633.0716620432213,3633.0716620432213,3,9,1000.0
2633.0716620432213,6271.316426589952,0.0,2633.0716620432213,6271.316426589952,2361.755235453269,6271.316426589952,271.31642658995224,0.0,1.1148791468807229,1.0,1.1148791468807229,1.0,1.1148791468807229,1.0576840986558183,633.0716620432213,2633.0716620432213,6633.071662043221,3,9,2000.0
684.5371109899133,684.5371109899133,0.0,684.5371109899133,684.5371109899133,584.5371109899133,589.6914073266089,100.0,94.84570366330445,1.171075536727942,1.1608395552061568,1.171075536727942,1.1608395552061568,1.171075536727942,1.5,584.5371109899133,684.5371109899133,884.5371109899133,3,10,100.0
884.5371109899133,1094.8457036633044,0.0,884.5371109899133,1094.8457036633044,689.6914073266089,1094.8457036633044,194.84570366330445,0.0,1.2825114269852484,1.0,1.2825114269852484,1.0,1.2825114269852484,1.3559327182110859,584.5371109899133,884.5371109899133,1484.5371109899133,3,10,300.0
1084.5371109899133,1694.8457036633044,0.0,1084.5371109899133,1694.8457036633044,889.6914073266089,1694.8457036633044,194.84570366330445,0.0,1.2190036928071353,1.0,1.2190036928071353,1.0,1.2190036928071353,1.229927365355038,584.5371109899133,1084.5371109899133,2084.5371109899133,3,10,500.0
1584.5371109899133,3194.8457036633044,0.0,1584.5371109899133,3194.8457036633044,1389.691407326609,3194.8457036633044,194.84570366330445,0.0,1.1402078926559207,1.0,1.1402078926559207,1.0,1.1402078926559207,1.1219750321211999,584.5371109899133,1584.5371109899133,3584.5371109899133,3,10,1000.0
2584.5371109899133,6194.845703663304,0.0,2584.5371109899133,6194.845703663304,2389.691407326609,6194.845703663304,194.84570366330445,0.0,1.0815359268003906,1.0,1.0815359268003906,1.0,1.0815359268003906,1.0629057487414362,584.5371109899133,2584.5371109899133,6584.537110989913,3,10,2000.0
755.4191900067963,755.4191900067963,0.0,755.4191900067963,755.4191900067963,661.7878771486825,668.1565642905688,93.6313128581138,87.26262571622749,1.1414823632936961,1.1306020630192875,1.1414823632936961,1.1306020630192875,1.1414823632936961,1.429933104108968,655.4191900067963,755.4191900067963,955.4191900067963,3,11,100.0
955.4191900067963,1087.2626257162274,0.0,955.4191900067963,1087.2626257162274,861.7878771486825,1087.2626257162274,93.6313128581138,0.0,1.1086477488728468,1.0,1.1086477488728468,1.0,1.1086477488728468,1.4305827802939273,655.4191900067963,955.4191900067963,1555.4191900067963,3,11,300.0
1155.4191900067963,1687.2626257162274,0.0,1155.4191900067963,1687.2626257162274,1061.7878771486826,1687.2626257162274,93.63131285811369,0.0,1.0881826915462158,1.0,1.0881826915462158,1.0,1.0881826915462158,1.2774651421510868,655.4191900067963,1155.4191900067963,2155.4191900067963,3,11,500.0
1655.4191900067963,3187.2626257162274,0.0,1655.4191900067963,3187.2626257162274,1561.7878771486826,3187.2626257162274,93.63131285811369,0.0,1.0599513635802156,1.0,1.0599513635802156,1.0,1.0599513635802156,1.1468835860946247,655.4191900067963,1655.4191900067963,3655.4191900067963,3,11,1000.0
2655.4191900067963,6187.262625716227,0.0,2655.4191900067963,6187.262625716227,2561.7878771486826,6187.262625716227,93.63131285811369,0.0,1.0365492060030852,1.0,1.0365492060030852,1.0,1.0365492060030852,1.0756645697153313,655.4191900067963,2655.4191900067963,6655.419190006796,3,11,2000.0
689.1977150458843,689.1977150458843,0.0,689.1977150458843,689.1977150458843,590.9980958715703,594.5988575229421,98.19961917431397,94.59885752294213,1.166158943421797,1.1590969379205243,1.166158943421797,1.1590969379205243,1.166158943421797,1.4954581627523145,589.1977150458843,689.1977150458843,889.1977150458843,3,12,100.0
889.1977150458843,1194.5988575229421,0.0,889.1977150458843,1194.5988575229421,790.9980958715703,1194.5988575229421,98.19961917431397,0.0,1.1241464672125558,1.0,1.1241464672125558,1.0,1.1241464672125558,1.246609023328389,589.1977150458843,889.1977150458843,1489.1977150458843,3,12,300.0
1089.1977150458843,1794.5988575229421,0.0,1089.1977150458843,1794.5988575229421,990.9980958715703,1794.5988575229421,98.19961917431397,0.0,1.0990916325504627,1.0,1.0990916325504627,1.0,1.0990916325504627,1.1641586119861753,589.1977150458843,1089.1977150458843,2089.1977150458843,3,12,500.0
1589.1977150458843,3294.598857522942,0.0,1589.1977150458843,3294.598857522942,1490.9980958715703,3294.598857522942,98.19961917431397,0.0,1.065861666387247,1.0,1.065861666387247,1.0,1.065861666387247,1.0894187335888406,589.1977150458843,1589.1977150458843,3589.1977150458843,3,12,1000.0
2589.1977150458843,6294.598857522942,0.0,2589.1977150458843,6294.598857522942,2490.99809587157,6294.598857522942,98.1996191743142,0.0,1.0394217961615724,1.0,1.0394217961615724,1.0,1.0394217961615724,1.0468018477731673,589.1977150458843,2589.1977150458843,6589.197715045884,3,12,2000.0
735.2326740161516,735.2326740161516,0.0,735.2326740161516,735.2326740161516,635.2326740161516,635.2326740161516,100.0,100.0,1.1574226328248622,1.1574226328248622,1.1574226328248622,1.1574226328248622,1.1574226328248622,1.4722678984745865,635.2326740161516,735.2326740161516,935.2326740161516,3,13,100.0
935.2326740161516,1081.4950497189004,0.0,935.2326740161516,1081.4950497189004,753.7376242972512,1081.4950497189004,181.49504971890042,0.0,1.2407934059124588,1.0,1.2407934059124588,1.0,1.2407934059124588,1.41954664925668,635.2326740161516,935.2326740161516,1535.2326740161516,3,13,300.0
1135.2326740161516,1681.4950497189004,0.0,1135.2326740161516,1681.4950497189004,953.7376242972512,1681.4950497189004,181.49504971890042,0.0,1.1902987206283622,1.0,1.1902987206283622,1.0,1.1902987206283622,1.2698417841748053,635.2326740161516,1135.2326740161516,2135.2326740161516,3,13,500.0
1635.2326740161516,3181.4950497189,0.0,1635.2326740161516,3181.4950497189,1453.7376242972512,3181.4950497189,181.49504971890042,0.0,1.1248471847226467,1.0,1.1248471847226467,1.0,1.1248471847226467,1.1426177370093162,635.2326740161516,1635.2326740161516,3635.2326740161516,3,13,1000.0
2635.2326740161516,6181.4950497189,0.0,2635.2326740161516,6181.4950497189,2453.7376242972514,6181.4950497189,181.4950497189002,0.0,1.0739667713131635,1.0,1.0739667713131635,1.0,1.0739667713131635,1.0734025701950347,635.2326740161516,2635.2326740161516,6635.232674016152,3,13,2000.0
687.7881229971536,689.8234358309613,0.0,687.7881229971536,689.8234358309613,589.8234358309613,591.858748664769,97.96468716619222,97.96468716619233,1.166091547427539,1.16552038368479,1.166091547427539,1.16552038368479,1.166091547427539,1.5,587.7881229971536,687.7881229971536,887.7881229971536,3,14,100.0
887.7881229971536,1193.8940614985768,0.0,887.7881229971536,1193.8940614985768,789.8234358309613,1095.9293743323844,97.96468716619222,97.96468716619233,1.1240336545130811,1.089389598874353,1.1240336545130811,1.089389598874353,1.1240336545130811,1.357558395497411,587.7881229971536,887.7881229971536,1487.7881229971536,3,14,300.0
1087.7881229971536,1793.8940614985768,0.0,1087.7881229971536,1793.8940614985768,989.8234358309613,1695.9293743323844,97.96468716619222,97.96468716619233,1.0989718808627222,1.0577646030836378,1.0989718808627222,1.0577646030836378,1.0989718808627222,1.231058412334551,587.7881229971536,1087.7881229971536,2087.7881229971536,3,14,500.0
1587.7881229971536,3293.894061498577,0.0,1587.7881229971536,3293.894061498577,1489.8234358309614,3195.929374332384,97.9646871661921,97.96468716619256,1.0657559042300548,1.0306529574630092,1.0657559042300548,1.0306529574630092,1.0657559042300548,1.122611829852037,587.7881229971536,1587.7881229971536,3587.7881229971536,3,14,1000.0
2587.7881229971536,6293.894061498577,0.0,2587.7881229971536,6293.894061498577,2489.8234358309614,6195.929374332385,97.9646871661921,97.96468716619165,1.039346037858101,1.0158111368363922,1.039346037858101,1.0158111368363922,1.039346037858101,1.0632445473455694,587.7881229971536,2587.7881229971536,6587.788122997154,3,14,2000.0
809.2929479549639,809.2929479549639,0.0,809.2929479549639,809.2929479549639,720.6313294605934,731.9697109662229,88.66161849437049,77.32323698874097,1.1230332555215652,1.1056372085214727,1.1230332555215652,1.1056372085214727,1.1230332555215652,1.3788725582957055,709.2929479549639,809.2929479549639,1009.2929479549639,3,15,100.0
1009.2929479549639,1165.9848554831115,0.0,1009.2929479549639,1165.9848554831115,920.6313294605934,1165.9848554831115,88.66161849437049,0.0,1.0963052371314783,1.0,1.0963052371314783,1.0,1.0963052371314783,1.3802005578264336,709.2929479549639,1009.2929479549639,1609.292947954964,3,15,300.0
1209.292947954964,1765.9848554831115,0.0,1209.292947954964,1765.9848554831115,1120.6313294605934,1765.9848554831115,88.66161849437049,0.0,1.0791175618274451,1.0,1.0791175618274451,1.0,1.0791175618274451,1.2510259876212693,709.2929479549639,1209.292947954964,2209.292947954964,3,15,500.0
1709.292947954964,3265.9848554831115,0.0,1709.292947954964,3265.9848554831115,1620.6313294605934,3265.9848554831115,88.66161849437049,0.0,1.0547080738738281,1.0,1.0547080738738281,1.0,1.0547080738738281,1.1357348891950931,709.2929479549639,1709.292947954964,3709.292947954964,3,15,1000.0
2709.292947954964,6265.9848554831115,0.0,2709.292947954964,6265.9848554831115,2620.6313294605934,6265.9848554831115,88.66161849437049,0.0,1.0338321600210052,1.0,1.0338321600210052,1.0,1.0338321600210052,1.0707483504502777,709.2929479549639,2709.292947954964,6709.292947954964,3,15,2000.0
749.2814550292678,749.2814550292678,0.0,749.2814550292678,749.2814550292678,656.5269614536581,663.7724678780485,92.75449357560967,85.50898715121934,1.1412805551355212,1.1288227386480414,1.1412805551355212,1.1288227386480414,1.1412805551355212,1.4301308068168843,649.2814550292678,749.2814550292678,949.2814550292678,3,16,100.0
949.2814550292678,1085.5089871512193,0.0,949.2814550292678,1085.5089871512193,856.5269614536581,1178.2634807268291,92.75449357560967,-92.75449357560979,1.108291388070483,0.9212786485426903,1.108291388070483,0.9212786485426903,1.108291388070483,1.3148854058292385,649.2814550292678,949.2814550292678,1549.2814550292678,3,16,300.0
1149.2814550292678,1685.5089871512193,0.0,1149.2814550292678,1685.5089871512193,1056.5269614536583,1778.2634807268291,92.75449357560956,-92.75449357560979,1.08779188507219,0.9478398479297915,1.08779188507219,0.9478398479297915,1.08779188507219,1.2086406082808339,649.2814550292678,1149.2814550292678,2149.281455029268,3,16,500.0
1649.2814550292678,3185.508987151219,0.0,1649.2814550292678,3185.508987151219,1556.5269614536583,3278.263480726829,92.75449357560956,-92.75449357561001,1.0595906758267684,0.9717062114985812,1.0595906758267684,0.9717062114985812,1.0595906758267684,1.113175154005675,649.2814550292678,1649.2814550292678,3649.281455029268,3,16,1000.0
2649.281455029268,6185.508987151219,0.0,2649.281455029268,6185.508987151219,2556.5269614536583,6278.26348072683,92.75449357560956,-92.75449357561047,1.036281445482143,0.9852260909628354,1.036281445482143,0.9852260909628354,1.036281445482143,1.0590956361486576,649.2814550292678,2649.281455029268,6649.281455029268,3,16,2000.0
730.6043300428428,730.6043300428428,0.0,730.6043300428428,730.6043300428428,640.5179971795795,650.4316643163163,90.08633286326324,80.17266572652647,1.1406460603135966,1.123260705351419,1.1406460603135966,1.123260705351419,1.1406460603135966,1.430748810516509,630.6043300428428,730.6043300428428,930.6043300428428,3,17,100.0
930.6043300428428,1170.2589985897898,0.0,930.6043300428428,1170.2589985897898,840.5179971795795,1170.2589985897898,90.08633286326324,0.0,1.107179540670818,1.0,1.107179540670818,1.0,1.107179540670818,1.3079192998193425,630.6043300428428,930.6043300428428,1530.6043300428428,3,17,300.0
1130.6043300428428,1770.2589985897898,0.0,1130.6043300428428,1770.2589985897898,1040.5179971795797,1770.2589985897898,90.08633286326312,0.0,1.0865783514628775,1.0,1.0865783514628775,1.0,1.0865783514628775,1.20355514743329,630.6043300428428,1130.6043300428428,2130.604330042843,3,17,500.0
1630.6043300428428,3270.25899858979,0.0,1630.6043300428428,3270.25899858979,1540.5179971795797,3270.25899858979,90.08633286326312,0.0,1.058477948993907,1.0,1.058477948993907,1.0,1.058477948993907,1.1101886216377486,630.6043300428428,1630.6043300428428,3630.604330042843,3,17,1000.0
2630.604330042843,6270.25899858979,0.0,2630.604330042843,6270.25899858979,2540.5179971795797,6270.25899858979,90.08633286326312,0.0,1.035459828650407,1.0,1.035459828650407,1.0,1.035459828650407,1.0574689708246654,630.6043300428428,2630.604330042843,6630.604330042843,3,17,2000.0
750.5707009928301,750.5707009928301,0.0,750.5707009928301,750.5707009928301,657.6320294224257,664.6933578520216,92.93867157040438,85.87734314080853,1.1413232133052111,1.1291984373340573,1.1413232133052111,1.1291984373340573,1.1413232133052111,1.430089062518438,650.5707009928301,750.5707009928301,950.5707009928301,3,18,100.0
950.5707009928301,1085.8773431408085,0.0,950.5707009928301,1085.8773431408085,857.6320294224257,1085.8773431408085,92.93867157040438,0.0,1.1083666052362737,1.0,1.1083666052362737,1.0,1.1083666052362737,1.427942769768025,650.5707009928301,950.5707009928301,1550.57070099283,3,18,300.0
1150.57070099283,1685.8773431408085,0.0,1150.57070099283,1685.8773431408085,1057.6320294224256,1685.8773431408085,92.9386715704045,0.0,1.0878742974729674,1.0,1.0878742974729674,1.0,1.0878742974729674,1.2756388889990613,650.5707009928301,1150.57070099283,2150.57070099283,3,18,500.0
1650.57070099283,3185.8773431408085,0.0,1650.57070099283,3185.8773431408085,1557.6320294224256,3185.8773431408085,92.9386715704045,0.0,1.059666641295805,1.0,1.059666641295805,1.0,1.059666641295805,1.145860404466765,650.5707009928301,1650.57070099283,3650.57070099283,3,18,1000.0
2650.57070099283,6185.877343140808,0.0,2650.57070099283,6185.877343140808,2557.6320294224256,6185.877343140808,92.9386715704045,0.0,1.03633778061162,1.0,1.03633778061162,1.0,1.03633778061162,1.0751216572968902,650.5707009928301,2650.57070099283,6650.57070099283,3,18,2000.0
751.0838909889571,751.0838909889571,0.0,751.0838909889571,751.0838909889571,658.0719065619633,665.0599221349694,93.01198442699388,86.02396885398775,1.1413401537119652,1.1293476963366464,1.1413401537119652,1.1293476963366464,1.1413401537119652,1.430072478184817,651.0838909889571,751.0838909889571,951.0838909889571,3,19,100.0
951.0838909889571,1086.0239688539878,0.0,951.0838909889571,1086.0239688539878,858.0719065619633,1086.0239688539878,93.01198442699388,0.0,1.1083964918507412,1.0,1.1083964918507412,1.0,1.1083964918507412,1.4282225213000757,651.0838909889571,951.0838909889571,1551.0838909889571,3,19,300.0
1151.0838909889571,1686.0239688539878,0.0,1151.0838909889571,1686.0239688539878,1058.0719065619633,1686.0239688539878,93.01198442699388,0.0,1.0879070541899383,1.0,1.0879070541899383,1.0,1.0879070541899383,1.275832331405749,651.0838909889571,1151.0838909889571,2151.083890988957,3,19,500.0
1651.0838909889571,3186.0239688539878,0.0,1651.0838909889571,3186.0239688539878,1558.0719065619633,3186.0239688539878,93.01198442699388,0.0,1.0596968496994685,1.0,1.0596968496994685,1.0,1.0596968496994685,1.1459687455842498,651.0838909889571,1651.0838909889571,3651.083890988957,3,19,1000.0
2651.083890988957,6186.023968853988,0.0,2651.083890988957,6186.023968853988,2558.0719065619633,6186.023968853988,93.01198442699388,0.0,1.0363601915131468,1.0,1.0363601915131468,1.0,1.0363601915131468,1.0751791335559804,651.0838909889571,2651.083890988957,6651.083890988957,3,19,2000.0
798.2058929861523,798.2058929861523,0.0,798.2058929861523,798.2058929861523,710.9301563628833,710.9301563628833,87.27573662326904,87.27573662326904,1.1227627437690524,1.1227627437690524,1.1227627437690524,1.1227627437690524,1.1227627437690524,1.404084331002318,698.2058929861523,798.2058929861523,998.2058929861523,3,20,100.0
998.2058929861523,1161.8272098698071,0.0,998.2058929861523,1161.8272098698071,910.9301563628833,1161.8272098698071,87.27573662326904,0.0,1.0958094712461153,1.0,1.0958094712461153,1.0,1.0958094712461153,1.3755968868772193,698.2058929861523,998.2058929861523,1598.2058929861523,3,20,300.0
1198.2058929861523,1761.8272098698071,0.0,1198.2058929861523,1761.8272098698071,1110.9301563628833,1761.8272098698071,87.27573662326904,0.0,1.0785609573413728,1.0,1.0785609573413728,1.0,1.0785609573413728,1.2476852898353137,698.2058929861523,1198.2058929861523,2198.2058929861523,3,20,500.0
1698.2058929861523,3261.827209869807,0.0,1698.2058929861523,3261.827209869807,1610.9301563628833,3261.827209869807,87.27573662326904,0.0,1.0541772318796974,1.0,1.0541772318796974,1.0,1.0541772318796974,1.1337835069239497,698.2058929861523,1698.2058929861523,3698.2058929861523,3,20,1000.0
2698.2058929861523,6261.827209869807,0.0,2698.2058929861523,6261.827209869807,2610.9301563628833,6261.827209869807,87.27573662326904,0.0,1.0334270667526577,1.0,1.0334270667526577,1.0,1.0334270667526577,1.069688713611984,698.2058929861523,2698.2058929861523,6698.205892986152,3,20,2000.0
750.7429360062815,757.7796594339555,0.0,750.7429360062815,757.7796594339555,657.7796594339555,664.8163828616297,92.96327657232598,92.96327657232587,1.141328901310698,1.1398330109919608,1.141328901310698,1.1398330109919608,1.141328901310698,1.4300834945040195,650.7429360062815,750.7429360062815,950.7429360062815,3,21,100.0
950.7429360062815,1178.8898297169778,0.0,950.7429360062815,1178.8898297169778,857.7796594339555,1178.8898297169778,92.96327657232598,0.0,1.1083766390936245,1.0,1.1083766390936245,1.0,1.1083766390936245,1.3154265113802672,650.7429360062815,950.7429360062815,1550.7429360062815,3,21,300.0
1150.7429360062815,1778.8898297169778,0.0,1150.7429360062815,1778.8898297169778,1057.7796594339557,1778.8898297169778,92.96327657232587,0.0,1.0878852942039676,1.0,1.0878852942039676,1.0,1.0878852942039676,1.2090366137786428,650.7429360062815,1150.7429360062815,2150.7429360062815,3,21,500.0
1650.7429360062815,3278.889829716978,0.0,1650.7429360062815,3278.889829716978,1557.7796594339557,3278.889829716978,92.96327657232587,0.0,1.05967678163554,1.0,1.05967678163554,1.0,1.05967678163554,1.113408234372242,650.7429360062815,1650.7429360062815,3650.7429360062815,3,21,1000.0
2650.7429360062815,6278.889829716978,0.0,2650.7429360062815,6278.889829716978,2557.7796594339557,6278.889829716978,92.96327657232587,0.0,1.0363453029386038,1.0,1.0363453029386038,1.0,1.0363453029386038,1.059222747392283,650.7429360062815,2650.7429360062815,6650.7429360062815,3,21,2000.0
804.8209700151347,804.8209700151347,0.0,804.8209700151347,804.8209700151347,716.7183487632428,728.615727511351,88.10262125189183,76.20524250378367,1.1229250254356125,1.1045890716140168,1.1229250254356125,1.1045890716140168,1.1229250254356125,1.3790821856771966,704.8209700151347,804.8209700151347,1004.8209700151347,3,22,100.0
1004.8209700151347,1128.615727511351,0.0,1004.8209700151347,1128.615727511351,916.7183487632428,1164.3078637556755,88.10262125189183,-35.6921362443245,1.096106531925266,0.9693447606467301,1.096106531925266,0.9693447606467301,1.096106531925266,1.3783476174750793,704.8209700151347,1004.8209700151347,1604.8209700151347,3,22,300.0
1204.8209700151347,1676.2052425037837,0.0,1204.8209700151347,1676.2052425037837,1116.7183487632428,1764.3078637556755,88.10262125189183,-88.10262125189183,1.0788942183581607,0.9500639185134344,1.0788942183581607,0.9500639185134344,1.0788942183581607,1.2496804074328278,704.8209700151347,1204.8209700151347,2204.8209700151347,3,22,500.0
1704.8209700151347,3176.2052425037837,0.0,1704.8209700151347,3176.2052425037837,1616.7183487632428,3264.3078637556755,88.10262125189183,-88.10262125189183,1.0544947246496512,0.973010321045354,1.0544947246496512,0.973010321045354,1.0544947246496512,1.1349483947732297,704.8209700151347,1704.8209700151347,3704.8209700151347,3,22,1000.0
2704.8209700151347,6176.205242503784,0.0,2704.8209700151347,6176.205242503784,2616.718348763243,6264.3078637556755,88.10262125189183,-88.10262125189183,1.0336691265582834,0.9859357772369969,1.0336691265582834,0.9859357772369969,1.0336691265582834,1.0703211138150155,704.8209700151347,2704.8209700151347,6704.820970015135,3,22,2000.0
789.9805440334603,789.9805440334603,0.0,789.9805440334603,789.9805440334603,689.9805440334603,689.9805440334603,100.0,100.0,1.1449316228765294,1.1449316228765294,1.1449316228765294,1.1449316228765294,1.1449316228765294,1.434794868629588,689.9805440334603,789.9805440334603,989.9805440334603,3,23,100.0
989.9805440334603,1158.7427040125476,0.0,989.9805440334603,1158.7427040125476,731.2378400209127,1072.495136008365,258.7427040125476,86.24756800418254,1.3538420604780899,1.0804176775338865,1.3538420604780899,1.0804176775338865,1.3538420604780899,1.4825060652033195,689.9805440334603,989.9805440334603,1589.9805440334603,3,23,300.0
1189.9805440334603,1758.7427040125476,0.0,1189.9805440334603,1758.7427040125476,931.2378400209127,1672.495136008365,258.7427040125476,86.24756800418254,1.2778481424323749,1.0515682025898287,1.2778481424323749,1.0515682025898287,1.2778481424323749,1.3094092155389725,689.9805440334603,1189.9805440334603,2189.9805440334603,3,23,500.0
1689.9805440334603,3258.7427040125476,0.0,1689.9805440334603,3258.7427040125476,1431.2378400209127,3172.495136008365,258.7427040125476,86.24756800418254,1.180782464505527,1.0271860363236678,1.180782464505527,1.0271860363236678,1.180782464505527,1.1631162179420063,689.9805440334603,1689.9805440334603,3689.9805440334603,3,23,1000.0
2689.9805440334603,6258.742704012548,0.0,2689.9805440334603,6258.742704012548,2431.2378400209127,6172.495136008365,258.7427040125476,86.24756800418254,1.1064242665827881,1.0139728855355497,1.1064242665827881,1.0139728855355497,1.1064242665827881,1.0838373132132986,689.9805440334603,2689.9805440334603,6689.98054403346,3,23,2000.0
586.9044883040867,686.9044883040867,0.0,586.9044883040867,686.9044883040867,584.285385964904,589.5235906432692,2.6191023391827457,97.38089766081748,1.0044825737594951,1.1651857520316677,1.0044825737594951,1.1651857520316677,1.1711492404261616,1.5000000000000002,584.285385964904,684.285385964904,884.285385964904,3,24,100.0
786.9044883040867,1094.7617953216345,0.0,786.9044883040867,1094.7617953216345,689.5235906432692,1094.7617953216345,97.38089766081748,0.0,1.1412292472400676,1.0,1.1412292472400676,1.0,1.282458494480135,1.3558067081879028,584.285385964904,884.285385964904,1484.285385964904,3,24,300.0
986.9044883040867,1694.7617953216345,0.0,986.9044883040867,1694.7617953216345,889.5235906432692,1694.7617953216345,97.38089766081748,0.0,1.1094753401541553,1.0,1.1094753401541553,1.0,1.2189506803083103,1.2298397283432656,584.285385964904,1084.285385964904,2084.285385964904,3,24,500.0
1486.9044883040867,3194.761795321635,0.0,1486.9044883040867,3194.761795321635,1389.5235906432692,3194.761795321635,97.38089766081748,0.0,1.0700822197741426,1.0,1.0700822197741426,1.0,1.1401644395482853,1.1219257070163047,584.285385964904,1584.285385964904,3584.285385964904,3,24,1000.0
2486.9044883040865,6194.761795321634,0.0,2486.9044883040865,6194.761795321634,2389.5235906432695,6194.761795321634,97.38089766081703,0.0,1.0407532689956,1.0,1.0407532689956,1.0,1.0815065379912001,1.0628795107081346,584.285385964904,2584.285385964904,6584.285385964904,3,24,2000.0
682.4931699899025,682.4931699899025,0.0,682.4931699899025,682.4931699899025,585.4109749915855,588.3287799932683,97.08219499831705,94.16438999663421,1.1658359667748157,1.160054026249934,1.1658359667748157,1.160054026249934,1.1658359667748157,1.5,582.4931699899025,682.4931699899025,882.4931699899025,3,25,100.0
882.4931699899025,1191.2465849949513,0.0,882.4931699899025,1191.2465849949513,785.4109749915855,1094.164389996634,97.08219499831705,97.08219499831716,1.1236068734580098,1.0887272478302972,1.1236068734580098,1.0887272478302972,1.1236068734580098,1.354908991321188,582.4931699899025,882.4931699899025,1482.4931699899025,3,25,300.0
1082.4931699899025,1791.2465849949513,0.0,1082.4931699899025,1791.2465849949513,985.4109749915855,1694.164389996634,97.08219499831705,97.08219499831716,1.0985194984246507,1.0573038812358169,1.0985194984246507,1.0573038812358169,1.0985194984246507,1.229215524943267,582.4931699899025,1082.4931699899025,2082.4931699899025,3,25,500.0
1582.4931699899025,3291.2465849949513,0.0,1582.4931699899025,3291.2465849949513,1485.4109749915856,3194.164389996634,97.08219499831694,97.08219499831739,1.0653571278473062,1.0303936125837343,1.0653571278473062,1.0303936125837343,1.0653571278473062,1.1215744503349365,582.4931699899025,1582.4931699899025,3582.4931699899025,3,25,1000.0
2582.4931699899025,6291.246584994951,0.0,2582.4931699899025,6291.246584994951,2485.4109749915856,6194.164389996635,97.08219499831694,97.08219499831648,1.0390608217213033,1.015673170566009,1.0390608217213033,1.015673170566009,1.0390608217213033,1.0626926822640363,582.4931699899025,2582.4931699899025,6582.4931699899025,3,25,2000.0
696.0744780022651,696.0744780022651,0.0,696.0744780022651,696.0744780022651,596.7287316685542,597.3829853348434,99.34574633371085,98.6914926674217,1.166483933253764,1.1652064004000775,1.166483933253764,1.1652064004000775,1.166483933253764,1.5,596.0744780022651,696.0744780022651,896.0744780022651,3,26,100.0
896.0744780022651,1098.6914926674217,0.0,896.0744780022651,1098.6914926674217,796.7287316685542,1098.6914926674217,99.34574633371085,0.0,1.1246920593985048,1.0,1.1246920593985048,1.0,1.1246920593985048,1.3616875055344884,596.0744780022651,896.0744780022651,1496.074478002265,3,26,300.0
1096.074478002265,1698.6914926674217,0.0,1096.074478002265,1698.6914926674217,996.7287316685542,1698.6914926674217,99.34574633371085,0.0,1.0996717995350682,1.0,1.0996717995350682,1.0,1.0996717995350682,1.2339347592250791,596.0744780022651,1096.074478002265,2096.074478002265,3,26,500.0
1596.074478002265,3198.6914926674217,0.0,1596.074478002265,3198.6914926674217,1496.7287316685542,3198.6914926674217,99.34574633371085,0.0,1.0663752517284546,1.0,1.0663752517284546,1.0,1.0663752517284546,1.1242329828449513,596.0744780022651,1596.074478002265,3596.074478002265,3,26,1000.0
2596.074478002265,6198.691492667422,0.0,2596.074478002265,6198.691492667422,2496.7287316685542,6198.691492667422,99.34574633371085,0.0,1.039790364517221,1.0,1.039790364517221,1.0,1.039790364517221,1.0641075597656242,596.0744780022651,2596.074478002265,6596.074478002265,3,26,2000.0
682.5202609994449,682.5202609994449,0.0,682.5202609994449,682.5202609994449,585.4335508328708,588.3468406662965,97.08671016657411,94.17342033314833,1.1658372842288474,1.1600644616813067,1.1658372842288474,1.1600644616813067,1.1658372842288474,1.5,582.5202609994449,682.5202609994449,882.5202609994449,3,27,100.0
882.5202609994449,1191.2601304997224,0.0,882.5202609994449,1191.2601304997224,785.4335508328708,1094.1734203331482,97.08671016657411,97.08671016657422,1.123609069237778,1.088730642110657,1.123609069237778,1.088730642110657,1.123609069237778,1.3549225684426285,582.5202609994449,882.5202609994449,1482.5202609994449,3,27,300.0
1082.5202609994449,1791.2601304997224,0.0,1082.5202609994449,1791.2601304997224,985.4335508328708,1694.1734203331482,97.08671016657411,97.08671016657422,1.0985218232974898,1.0573062409086094,1.0985218232974898,1.0573062409086094,1.0985218232974898,1.2292249636344377,582.5202609994449,1082.5202609994449,2082.520260999445,3,27,500.0
1582.5202609994449,3291.2601304997224,0.0,1582.5202609994449,3291.2601304997224,1485.4335508328709,3194.173420333148,97.086710166574,97.08671016657445,1.065359174169816,1.0303949402210129,1.065359174169816,1.0303949402210129,1.065359174169816,1.1215797608840514,582.5202609994449,1582.5202609994449,3582.520260999445,3,27,1000.0
2582.520260999445,6291.260130499722,0.0,2582.520260999445,6291.260130499722,2485.433550832871,6194.173420333149,97.086710166574,97.08671016657354,1.0390622835738417,1.0156738766544497,1.0390622835738417,1.0156738766544497,1.0390622835738417,1.0626955066177997,582.5202609994449,2582.520260999445,6582.520260999445,3,27,2000.0
771.6177329653874,771.6177329653874,0.0,771.6177329653874,771.6177329653874,671.6177329653874,671.6177329653874,100.0,100.0,1.1488942222512066,1.1488942222512066,1.1488942222512066,1.1488942222512066,1.1488942222512066,1.4466826667536201,671.6177329653874,771.6177329653874,971.6177329653874,3,28,100.0
971.6177329653874,1235.8088664826937,0.0,971.6177329653874,1235.8088664826937,803.7132997240406,1067.9044332413469,167.90443324134685,167.90443324134685,1.2089108557728208,1.157227957872332,1.2089108557728208,1.157227957872332,1.2089108557728208,1.4716838736169955,671.6177329653874,971.6177329653874,1571.6177329653874,3,28,300.0
1171.6177329653874,1835.8088664826937,0.0,1171.6177329653874,1835.8088664826937,1003.7132997240406,1667.9044332413469,167.90443324134685,167.90443324134685,1.1672832603568273,1.100667897929288,1.1672832603568273,1.100667897929288,1.1672832603568273,1.302003693787864,671.6177329653874,1171.6177329653874,2171.6177329653874,3,28,500.0
1671.6177329653874,3335.8088664826937,0.0,1671.6177329653874,3335.8088664826937,1503.7132997240406,3167.904433241347,167.90443324134685,167.90443324134685,1.1116598711151657,1.0530017356203987,1.1116598711151657,1.0530017356203987,1.1116598711151657,1.159005206861196,671.6177329653874,1671.6177329653874,3671.6177329653874,3,28,1000.0
2671.6177329653874,6335.808866482694,0.0,2671.6177329653874,6335.808866482694,2503.7132997240406,6167.904433241347,167.90443324134685,167.90443324134685,1.067062164529722,1.027222281904441,1.067062164529722,1.027222281904441,1.067062164529722,1.0816668457133227,671.6177329653874,2671.6177329653874,6671.617732965387,3,28,2000.0
694.9594400008209,695.7995333340175,0.0,694.9594400008209,695.7995333340175,595.7995333340175,596.6396266672139,99.15990666680341,99.15990666680364,1.166431662193351,1.1661973195121211,1.166431662193351,1.1661973195121211,1.166431662193351,1.5000000000000002,594.9594400008209,694.9594400008209,894.9594400008209,3,29,100.0
894.9594400008209,1098.3198133336068,0.0,894.9594400008209,1098.3198133336068,795.7995333340175,1098.3198133336068,99.15990666680341,0.0,1.1246041276895087,1.0,1.1246041276895087,1.0,1.1246041276895087,1.3611330887889006,594.9594400008209,894.9594400008209,1494.959440000821,3,29,300.0
1094.959440000821,1698.3198133336068,0.0,1094.959440000821,1698.3198133336068,995.7995333340175,1698.3198133336068,99.15990666680341,0.0,1.0995781814988486,1.0,1.0995781814988486,1.0,1.0995781814988486,1.2335482537229876,594.9594400008209,1094.959440000821,2094.959440000821,3,29,500.0
1594.959440000821,3198.3198133336073,0.0,1594.959440000821,3198.3198133336073,1495.7995333340175,3198.3198133336073,99.15990666680341,0.0,1.0662922433501392,1.0,1.0662922433501392,1.0,1.0662922433501392,1.124014998441884,594.9594400008209,1594.959440000821,3594.959440000821,3,29,1000.0
2594.959440000821,6198.319813333606,0.0,2594.959440000821,6198.319813333606,2495.7995333340173,6198.319813333606,99.15990666680364,0.0,1.0397307176888284,1.0,1.0397307176888284,1.0,1.0397307176888284,1.0639914748854968,594.9594400008209,2594.959440000821,6594.959440000821,3,29,2000.0
786.4245250471868,786.4245250471868,0.0,786.4245250471868,786.4245250471868,686.4245250471868,686.4245250471868,100.0,100.0,1.1456824404593144,1.1456824404593144,1.1456824404593144,1.1456824404593144,1.1456824404593144,1.4370473213779433,686.4245250471868,786.4245250471868,986.4245250471868,3,30,100.0
986.4245250471868,1157.409196892695,0.0,986.4245250471868,1157.409196892695,814.8183937853901,1157.409196892695,171.6061312617967,0.0,1.2106065996676494,1.0,1.2106065996676494,1.0,1.2106065996676494,1.3706686704289825,686.4245250471868,986.4245250471868,1586.4245250471868,3,30,300.0
1186.4245250471868,1757.409196892695,0.0,1186.4245250471868,1757.409196892695,1014.8183937853901,1757.409196892695,171.6061312617967,0.0,1.169100335895259,1.0,1.169100335895259,1.0,1.169100335895259,1.244118062493949,686.4245250471868,1186.4245250471868,2186.4245250471868,3,30,500.0
1686.4245250471868,3257.409196892695,0.0,1686.4245250471868,3257.409196892695,1514.81839378539,3257.409196892695,171.6061312617967,0.0,1.1132849534741711,1.0,1.1132849534741711,1.0,1.1132849534741711,1.1317044627256956,686.4245250471868,1686.4245250471868,3686.4245250471868,3,30,1000.0
2686.4245250471868,6257.409196892695,0.0,2686.4245250471868,6257.409196892695,2514.81839378539,6257.409196892695,171.6061312617967,0.0,1.0682379815917797,1.0,1.0682379815917797,1.0,1.0682379815917797,1.0685611751853359,686.4245250471868,2686.4245250471868,6686.424525047187,3,30,2000.0
799.4349849992432,799.4349849992432,0.0,799.4349849992432,799.4349849992432,712.0056118743378,712.0056118743378,87.4293731249054,87.4293731249054,1.1227930955414096,1.1227930955414096,1.1227930955414096,1.1227930955414096,1.1227930955414096,1.4036897579616745,699.4349849992432,799.4349849992432,999.4349849992432,3,31,100.0
999.4349849992432,1162.2881193747162,0.0,999.4349849992432,1162.2881193747162,912.0056118743378,1162.2881193747162,87.4293731249054,0.0,1.0958649508145264,1.0,1.0958649508145264,1.0,1.0958649508145264,1.376108865209516,699.4349849992432,999.4349849992432,1599.4349849992432,3,31,300.0
1199.4349849992432,1762.2881193747162,0.0,1199.4349849992432,1762.2881193747162,1112.0056118743378,1762.2881193747162,87.4293731249054,0.0,1.0786231401993909,1.0,1.0786231401993909,1.0,1.0786231401993909,1.2480564107642242,699.4349849992432,1199.4349849992432,2199.434984999243,3,31,500.0
1699.4349849992432,3262.288119374716,0.0,1699.4349849992432,3262.288119374716,1612.0056118743378,3262.288119374716,87.4293731249054,0.0,1.0542363950105906,1.0,1.0542363950105906,1.0,1.0542363950105906,1.134000078971662,699.4349849992432,1699.4349849992432,3699.434984999243,3,31,1000.0
2699.434984999243,6262.288119374716,0.0,2699.434984999243,6262.288119374716,2612.005611874338,6262.288119374716,87.4293731249054,0.0,1.0334721230028934,1.0,1.0334721230028934,1.0,1.0334721230028934,1.0698062524897332,699.4349849992432,2699.434984999243,6699.434984999243,3,31,2000.0
751.4535690075718,751.4535690075718,0.0,751.4535690075718,751.4535690075718,658.3887734350615,665.3239778625513,93.06479557251032,86.12959114502053,1.1413523427608832,1.1294551136150603,1.1413523427608832,1.1294551136150603,1.1413523427608832,1.43006054293166,651.4535690075718,751.4535690075718,951.4535690075718,3,32,100.0
951.4535690075718,1086.1295911450206,0.0,951.4535690075718,1086.1295911450206,858.3887734350615,1179.1943867175307,93.06479557251032,-93.06479557251009,1.1084180017873344,0.9210776470607444,1.1084180017873344,0.9210776470607444,1.1084180017873344,1.3156894117570233,651.4535690075718,951.4535690075718,1551.4535690075718,3,32,300.0
1151.4535690075718,1686.1295911450206,0.0,1151.4535690075718,1686.1295911450206,1058.3887734350615,1779.1943867175307,93.06479557251032,-93.06479557251009,1.0879306337221086,0.9476927331452484,1.0879306337221086,0.9476927331452484,1.0879306337221086,1.209229067419007,651.4535690075718,1151.4535690075718,2151.453569007572,3,32,500.0
1651.4535690075718,3186.1295911450206,0.0,1651.4535690075718,3186.1295911450206,1558.3887734350615,3279.1943867175305,93.06479557251032,-93.06479557250987,1.0597185998506478,0.9716196161016036,1.0597185998506478,0.9716196161016036,1.0597185998506478,1.113521535593586,651.4535690075718,1651.4535690075718,3651.453569007572,3,32,1000.0
2651.453569007572,6186.129591145021,0.0,2651.453569007572,6186.129591145021,2558.3887734350615,6279.1943867175305,93.06479557251032,-93.06479557250987,1.0363763305009954,0.9851788637457424,1.0363763305009954,0.9851788637457424,1.0363763305009954,1.0592845450170305,651.4535690075718,2651.453569007572,6651.453569007572,3,32,2000.0
788.1802720017731,788.1802720017731,0.0,788.1802720017731,788.1802720017731,702.1577380015515,716.1352040013298,86.02253400022164,72.04506800044328,1.1225116940889308,1.100602606320565,1.1225116940889308,1.100602606320565,1.1225116940889308,1.379879478735887,688.1802720017731,788.1802720017731,988.1802720017731,3,33,100.0
988.1802720017731,1244.0901360008866,0.0,988.1802720017731,1244.0901360008866,902.1577380015515,1244.0901360008866,86.02253400022164,0.0,1.0953519882130343,1.0,1.0953519882130343,1.0,1.0953519882130343,1.276579747756027,688.1802720017731,988.1802720017731,1588.1802720017731,3,33,300.0
1188.1802720017731,1844.0901360008866,0.0,1188.1802720017731,1844.0901360008866,1102.1577380015515,1844.0901360008866,86.02253400022164,0.0,1.0780492038791099,1.0,1.0780492038791099,1.0,1.0780492038791099,1.1865907361486592,688.1802720017731,1188.1802720017731,2188.180272001773,3,33,500.0
1688.1802720017731,3344.0901360008866,0.0,1688.1802720017731,3344.0901360008866,1602.1577380015515,3344.0901360008866,86.02253400022164,0.0,1.053691675894236,1.0,1.053691675894236,1.0,1.053691675894236,1.1028949944550166,688.1802720017731,1688.1802720017731,3688.180272001773,3,33,1000.0
2688.180272001773,6344.090136000887,0.0,2688.180272001773,6344.090136000887,2602.1577380015515,6344.090136000887,86.02253400022164,0.0,1.0330581550626083,1.0,1.0330581550626083,1.0,1.0330581550626083,1.054237901515345,688.1802720017731,2688.180272001773,6688.180272001773,3,33,2000.0
693.3684750343673,693.3684750343673,0.0,693.3684750343673,693.3684750343673,594.4737291953061,595.5789833562449,98.89474583906122,97.78949167812243,1.1663567975878892,1.1641923143880142,1.1663567975878892,1.1641923143880142,1.1663567975878892,1.5,593.3684750343673,693.3684750343673,893.3684750343673,3,34,100.0
893.3684750343673,1097.7894916781224,0.0,893.3684750343673,1097.7894916781224,794.4737291953061,1097.7894916781224,98.89474583906122,0.0,1.1244783083503946,1.0,1.1244783083503946,1.0,1.1244783083503946,1.3603413827104027,593.3684750343673,893.3684750343673,1493.3684750343673,3,34,300.0
1093.3684750343673,1697.7894916781224,0.0,1093.3684750343673,1697.7894916781224,994.4737291953061,1697.7894916781224,98.89474583906122,0.0,1.0994443019817963,1.0,1.0994443019817963,1.0,1.0994443019817963,1.2329964847204045,593.3684750343673,1093.3684750343673,2093.3684750343673,3,34,500.0
1593.3684750343673,3197.7894916781224,0.0,1593.3684750343673,3197.7894916781224,1494.473729195306,3197.7894916781224,98.89474583906122,0.0,1.0661736261448442,1.0,1.0661736261448442,1.0,1.0661736261448442,1.1237038849448013,593.3684750343673,1593.3684750343673,3593.3684750343673,3,34,1000.0
2593.3684750343673,6197.789491678122,0.0,2593.3684750343673,6197.789491678122,2494.473729195306,6197.789491678122,98.89474583906122,0.0,1.0396455351209346,1.0,1.0396455351209346,1.0,1.0396455351209346,1.0638258178802935,593.3684750343673,2593.3684750343673,6593.368475034367,3,34,2000.0
749.033416993916,749.033416993916,0.0,749.033416993916,749.033416993916,656.3143574233566,663.5952978527971,92.71905957055947,85.43811914111893,1.1412723316530327,1.1287503383727582,1.1412723316530327,1.1287503383727582,1.1412723316530327,1.430138851291916,649.033416993916,749.033416993916,949.033416993916,3,35,100.0
949.033416993916,1085.438119141119,0.0,949.033416993916,1085.438119141119,856.3143574233566,1085.438119141119,92.71905957055947,0.0,1.108276894772091,1.0,1.108276894772091,1.0,1.108276894772091,1.4271043090136073,649.033416993916,949.033416993916,1549.033416993916,3,35,300.0
1149.033416993916,1685.438119141119,0.0,1149.033416993916,1685.438119141119,1056.3143574233566,1685.438119141119,92.71905957055947,0.0,1.0877760099718108,1.0,1.0877760099718108,1.0,1.0877760099718108,1.2750592220431327,649.033416993916,1149.033416993916,2149.033416993916,3,35,500.0
1649.033416993916,3185.438119141119,0.0,1649.033416993916,3185.438119141119,1556.3143574233566,3185.438119141119,92.71905957055947,0.0,1.0595760484559595,1.0,1.0595760484559595,1.0,1.0595760484559595,1.1455358040286763,649.033416993916,1649.033416993916,3649.033416993916,3,35,1000.0
2649.033416993916,6185.438119141119,0.0,2649.033416993916,6185.438119141119,2556.3143574233563,6185.438119141119,92.7190595705597,0.0,1.0362706015796963,1.0,1.0362706015796963,1.0,1.0362706015796963,1.0749494682386653,649.033416993916,2649.033416993916,6649.033416993916,3,35,2000.0
719.5075967552839,731.006511504529,0.0,719.5075967552839,731.006511504529,708.0086820060387,731.006511504529,11.49891474924516,0.0,1.0162412058516919,1.0,1.0162412058516919,1.0,1.1412412058516919,1.3789325623535071,708.0086820060387,808.0086820060387,1008.0086820060387,3,36,100.0
919.5075967552839,1165.5032557522645,0.0,919.5075967552839,1165.5032557522645,831.006511504529,1165.5032557522645,88.50108525075484,0.0,1.106498666406987,1.0,1.106498666406987,1.0,1.212997332813974,1.3796689748139424,708.0086820060387,1008.0086820060387,1608.0086820060387,3,36,300.0
1119.5075967552839,1765.5032557522645,0.0,1119.5075967552839,1765.5032557522645,1031.006511504529,1765.5032557522645,88.50108525075484,0.0,1.0858395017521343,1.0,1.0858395017521343,1.0,1.1716790035042686,1.250639824544094,708.0086820060387,1208.0086820060387,2208.0086820060387,3,36,500.0
1619.5075967552839,3265.5032557522645,0.0,1619.5075967552839,3265.5032557522645,1531.006511504529,3265.5032557522645,88.50108525075484,0.0,1.0578058189731567,1.0,1.0578058189731567,1.0,1.1156116379463132,1.135509105824436,708.0086820060387,1708.0086820060387,3708.0086820060387,3,36,1000.0
2619.507596755284,6265.5032557522645,0.0,2619.507596755284,6265.5032557522645,2531.006511504529,6265.5032557522645,88.50108525075484,0.0,1.0349667552605963,1.0,1.0349667552605963,1.0,1.069933510521193,1.0706256797245324,708.0086820060387,2708.0086820060387,6708.008682006039,3,36,2000.0
755.0873439991847,755.0873439991847,0.0,755.0873439991847,755.0873439991847,661.5034377135868,667.9195314279891,93.58390628559789,87.16781257119555,1.1414715343113866,1.130506458442432,1.1414715343113866,1.130506458442432,1.1414715343113866,1.4299437268397297,655.0873439991847,755.0873439991847,955.0873439991847,3,37,100.0
955.0873439991847,1180.7517188567933,0.0,955.0873439991847,1180.7517188567933,861.5034377135868,1087.1678125711956,93.58390628559789,93.58390628559778,1.1086285929792314,1.0860804608115358,1.1086285929792314,1.0860804608115358,1.1086285929792314,1.4304023040576788,655.0873439991847,955.0873439991847,1555.0873439991847,3,37,300.0
1155.0873439991847,1780.7517188567933,0.0,1155.0873439991847,1780.7517188567933,1061.5034377135867,1687.1678125711956,93.583906285598,93.58390628559778,1.0881616610561073,1.0554680486364771,1.0881616610561073,1.0554680486364771,1.0881616610561073,1.2773402431823857,655.0873439991847,1155.0873439991847,2155.0873439991847,3,37,500.0
1655.0873439991847,3280.7517188567936,0.0,1655.0873439991847,3280.7517188567936,1561.5034377135867,3187.1678125711956,93.583906285598,93.583906285598,1.0599319245960976,1.029362716928953,1.0599319245960976,1.029362716928953,1.0599319245960976,1.1468135846447642,655.0873439991847,1655.0873439991847,3655.0873439991847,3,37,1000.0
2655.0873439991847,6280.751718856794,0.0,2655.0873439991847,6280.751718856794,2561.5034377135867,6187.167812571195,93.583906285598,93.58390628559846,1.0365347572475372,1.0151254837626116,1.0365347572475372,1.0151254837626116,1.0365347572475372,1.0756274188130572,655.0873439991847,2655.0873439991847,6655.087343999185,3,37,2000.0
639.9596020246722,739.9596020246722,0.0,639.9596020246722,739.9596020246722,629.9528690287843,649.9663350205602,10.006732995887887,89.993267004112,1.0158848915337357,1.1384583510794681,1.0158848915337357,1.1384583510794681,1.1587420343908788,1.430770824460266,629.9528690287843,729.9528690287843,929.9528690287843,3,38,100.0
839.9596020246722,1259.9730680164482,0.0,839.9596020246722,1259.9730680164482,749.9663350205602,1169.979801012336,89.993267004112,89.99326700411211,1.1199964089076677,1.0769186501563912,1.1199964089076677,1.0769186501563912,1.2399928178153354,1.3076746006255648,629.9528690287843,929.9528690287843,1529.9528690287843,3,38,300.0
1039.9596020246722,1859.9730680164482,0.0,1039.9596020246722,1859.9730680164482,949.9663350205602,1769.979801012336,89.993267004112,89.99326700411211,1.0947331117814447,1.0508442339017885,1.0947331117814447,1.0508442339017885,1.1894662235628894,1.2033769356071535,629.9528690287843,1129.9528690287843,2129.9528690287843,3,38,500.0
1539.9596020246722,3359.9730680164485,0.0,1539.9596020246722,3359.9730680164485,1449.96633502056,3269.979801012336,89.99326700411211,89.99326700411257,1.0620657630667238,1.027521046758837,1.0620657630667238,1.027521046758837,1.124131526133448,1.1100841870353468,629.9528690287843,1629.9528690287843,3629.9528690287843,3,38,1000.0
2539.959602024672,6359.973068016448,0.0,2539.959602024672,6359.973068016448,2449.96633502056,6269.979801012336,89.99326700411211,89.99326700411257,1.0367324504495108,1.0143530393813363,1.0367324504495108,1.0143530393813363,1.0734649008990214,1.0574121575253446,629.9528690287843,2629.9528690287843,6629.952869028784,3,38,2000.0
756.2245759996586,756.2245759996586,0.0,756.2245759996586,756.2245759996586,662.4782079997073,668.7318399997562,93.7463679999513,87.49273599990238,1.1415086064234625,1.1308338122496668,1.1415086064234625,1.1308338122496668,1.1415086064234625,1.4299073541944813,656.2245759996586,756.2245759996586,956.2245759996586,3,39,100.0
956.2245759996586,1087.4927359999024,0.0,956.2245759996586,1087.4927359999024,862.4782079997073,1087.4927359999024,93.7463679999513,0.0,1.1086941874361922,1.0,1.1086941874361922,1.0,1.1086941874361922,1.4310206629277185,656.2245759996586,956.2245759996586,1556.2245759996586,3,39,300.0
1156.2245759996586,1687.4927359999024,0.0,1156.2245759996586,1687.4927359999024,1062.4782079997071,1687.4927359999024,93.74636799995142,0.0,1.0882336854479535,1.0,1.0882336854479535,1.0,1.0882336854479535,1.2777682119751557,656.2245759996586,1156.2245759996586,2156.2245759996586,3,39,500.0
1656.2245759996586,3187.4927359999024,0.0,1656.2245759996586,3187.4927359999024,1562.4782079997071,3187.4927359999024,93.74636799995142,0.0,1.0599985123120315,1.0,1.0599985123120315,1.0,1.0599985123120315,1.1470534613948593,656.2245759996586,1656.2245759996586,3656.2245759996586,3,39,1000.0
2656.2245759996586,6187.492735999902,0.0,2656.2245759996586,6187.492735999902,2562.478207999707,6187.492735999902,93.74636799995142,0.0,1.0365842596074721,1.0,1.0365842596074721,1.0,1.0365842596074721,1.075754729742565,656.2245759996586,2656.2245759996586,6656.224575999659,3,39,2000.0
745.7464079721831,745.7464079721831,0.0,745.7464079721831,745.7464079721831,653.496921119014,668.997947412676,92.24948685316906,76.74846055950707,1.1411628484725007,1.1147215187375819,1.1411628484725007,1.1147215187375819,1.1411628484725007,1.4136760981551904,645.7464079721831,745.7464079721831,945.7464079721831,3,40,100.0
945.7464079721831,1268.997947412676,0.0,945.7464079721831,1268.997947412676,853.496921119014,1268.997947412676,92.24948685316906,0.0,1.1080841471955416,1.0,1.1080841471955416,1.0,1.1080841471955416,1.2180842460177037,645.7464079721831,945.7464079721831,1545.746407972183,3,40,300.0
1145.746407972183,1868.997947412676,0.0,1145.746407972183,1868.997947412676,1053.4969211190141,1868.997947412676,92.24948685316895,0.0,1.0875650274850186,1.0,1.0875650274850186,1.0,1.0875650274850186,1.1480731752234508,645.7464079721831,1145.746407972183,2145.746407972183,3,40,500.0
1645.746407972183,3368.997947412676,0.0,1645.746407972183,3368.997947412676,1553.4969211190141,3368.997947412676,92.24948685316895,0.0,1.0593818279258125,1.0,1.0593818279258125,1.0,1.0593818279258125,1.082145630504775,645.7464079721831,1645.746407972183,3645.746407972183,3,40,1000.0
2645.746407972183,6368.997947412676,0.0,2645.746407972183,6368.997947412676,2553.496921119014,6368.997947412676,92.24948685316895,0.0,1.0361267272696544,1.0,1.0361267272696544,1.0,1.0361267272696544,1.043452433623712,645.7464079721831,2645.746407972183,6645.746407972183,3,40,2000.0
685.8572850120254,685.8572850120254,0.0,685.8572850120254,685.8572850120254,585.8572850120254,590.5715233413503,100.0,95.28576167067513,1.1706900341743594,1.1613449987083104,1.1706900341743594,1.1613449987083104,1.1706900341743594,1.5,585.8572850120254,685.8572850120254,885.8572850120254,3,41,100.0
885.8572850120254,1095.2857616706751,0.0,885.8572850120254,1095.2857616706751,690.5715233413503,1095.2857616706751,195.28576167067513,0.0,1.2827886106941961,1.0,1.2827886106941961,1.0,1.2827886106941961,1.3565932626984931,585.8572850120254,885.8572850120254,1485.8572850120254,3,41,300.0
1085.8572850120254,1695.2857616706751,0.0,1085.8572850120254,1695.2857616706751,890.5715233413503,1695.2857616706751,195.28576167067513,0.0,1.2192813901549189,1.0,1.2192813901549189,1.0,1.2192813901549189,1.2303868363504975,585.8572850120254,1085.8572850120254,2085.8572850120254,3,41,500.0
1585.8572850120254,3195.285761670675,0.0,1585.8572850120254,3195.285761670675,1390.5715233413503,3195.285761670675,195.28576167067513,0.0,1.1404356111086114,1.0,1.1404356111086114,1.0,1.1404356111086114,1.1222336756312954,585.8572850120254,1585.8572850120254,3585.8572850120254,3,41,1000.0
2585.8572850120254,6195.285761670675,0.0,2585.8572850120254,6195.285761670675,2390.5715233413503,6195.285761670675,195.28576167067513,0.0,1.0816899890942064,1.0,1.0816899890942064,1.0,1.0816899890942064,1.0630433426909471,585.8572850120254,2585.8572850120254,6585.857285012025,3,41,2000.0
795.4347300343215,795.4347300343215,0.0,795.4347300343215,795.4347300343215,695.4347300343215,695.4347300343215,100.0,100.0,1.1437949467882698,1.1437949467882698,1.1437949467882698,1.1437949467882698,1.1437949467882698,1.4313848403648093,695.4347300343215,795.4347300343215,995.4347300343215,3,42,100.0
995.4347300343215,1121.5760475257412,0.0,995.4347300343215,1121.5760475257412,821.5760475257412,1160.7880237628706,173.8586825085804,-39.21197623712942,1.211616055546134,0.9662195203306648,1.211616055546134,0.9662195203306648,1.211616055546134,1.3744410670799976,695.4347300343215,995.4347300343215,1595.4347300343215,3,42,300.0
1195.4347300343215,1673.8586825085804,0.0,1195.4347300343215,1673.8586825085804,1021.5760475257412,1760.7880237628706,173.8586825085804,-86.9293412542902,1.1701867256281766,0.950630433600679,1.1701867256281766,0.950630433600679,1.1701867256281766,1.2468478319966048,695.4347300343215,1195.4347300343215,2195.4347300343215,3,42,500.0
1695.4347300343215,3173.8586825085804,0.0,1695.4347300343215,3173.8586825085804,1521.5760475257412,3260.7880237628706,173.8586825085804,-86.9293412542902,1.1142622367060093,0.9733410020458871,1.1142622367060093,0.9733410020458871,1.1142622367060093,1.1332949897705644,695.4347300343215,1695.4347300343215,3695.4347300343215,3,42,1000.0
2695.4347300343215,6173.85868250858,0.0,2695.4347300343215,6173.85868250858,2521.576047525741,6260.788023762871,173.8586825085804,-86.9293412542902,1.0689484192551626,0.9861152716040937,1.0689484192551626,0.9861152716040937,1.0689484192551626,1.0694236419795313,695.4347300343215,2695.4347300343215,6695.434730034322,3,42,2000.0
756.7796919844113,762.9540217009239,0.0,756.7796919844113,762.9540217009239,662.9540217009239,669.1283514174366,93.8256702834874,93.82567028348728,1.1415266628034948,1.1402207365518637,1.1415266628034948,1.1402207365518637,1.1415266628034948,1.4298896317240681,656.7796919844113,756.7796919844113,956.7796919844113,3,43,100.0
956.7796919844113,1181.477010850462,0.0,956.7796919844113,1181.477010850462,862.9540217009239,1181.477010850462,93.8256702834874,0.0,1.1087261521750051,1.0,1.1087261521750051,1.0,1.1087261521750051,1.317655508898811,656.7796919844113,956.7796919844113,1556.7796919844113,3,43,300.0
1156.7796919844113,1781.477010850462,0.0,1156.7796919844113,1781.477010850462,1062.954021700924,1781.477010850462,93.8256702834874,0.0,1.0882687946684175,1.0,1.0882687946684175,1.0,1.0882687946684175,1.2106693933450103,656.7796919844113,1156.7796919844113,2156.7796919844113,3,43,500.0
1656.7796919844113,3281.4770108504617,0.0,1656.7796919844113,3281.4770108504617,1562.954021700924,3281.4770108504617,93.8256702834874,0.0,1.0600309855445262,1.0,1.0600309855445262,1.0,1.0600309855445262,1.1143700473576326,656.7796919844113,1656.7796919844113,3656.7796919844113,3,43,1000.0
2656.7796919844113,6281.477010850462,0.0,2656.7796919844113,6281.477010850462,2562.954021700924,6281.477010850462,93.8256702834874,0.0,1.0366084094716688,1.0,1.0366084094716688,1.0,1.0366084094716688,1.0597475212415266,656.7796919844113,2656.7796919844113,6656.779691984411,3,43,2000.0
685.2503390051425,687.7086158376187,0.0,685.2503390051425,687.7086158376187,585.2503390051425,590.166892670095,100.0,97.54172316752374,1.1708670518157893,1.1652782024525559,1.1708670518157893,1.1652782024525559,1.1708670518157893,1.5,585.2503390051425,685.2503390051425,885.2503390051425,3,44,100.0
885.2503390051425,1192.6251695025712,0.0,885.2503390051425,1192.6251695025712,690.166892670095,1095.0834463350475,195.08344633504748,97.54172316752374,1.2826612641187627,1.0890724113253376,1.2826612641187627,1.0890724113253376,1.2826612641187627,1.3562896453013509,585.2503390051425,885.2503390051425,1485.2503390051425,3,44,300.0
1085.2503390051425,1792.6251695025712,0.0,1085.2503390051425,1792.6251695025712,890.166892670095,1695.0834463350475,195.08344633504748,97.54172316752374,1.219153787836218,1.0575439063949443,1.219153787836218,1.0575439063949443,1.219153787836218,1.2301756255797776,585.2503390051425,1085.2503390051425,2085.2503390051425,3,44,500.0
1585.2503390051425,3292.625169502571,0.0,1585.2503390051425,3292.625169502571,1390.166892670095,3195.0834463350475,195.08344633504748,97.54172316752374,1.1403309540485103,1.0305286934772893,1.1403309540485103,1.0305286934772893,1.1403309540485103,1.1221147739091573,585.2503390051425,1585.2503390051425,3585.2503390051425,3,44,1000.0
2585.2503390051425,6292.625169502571,0.0,2585.2503390051425,6292.625169502571,2390.166892670095,6195.0834463350475,195.08344633504748,97.54172316752374,1.0816191735118197,1.0157450216792847,1.0816191735118197,1.0157450216792847,1.0816191735118197,1.0629800867171393,585.2503390051425,2585.2503390051425,6585.250339005142,3,44,2000.0
792.0332839945331,792.0332839945331,0.0,792.0332839945331,792.0332839945331,692.0332839945331,692.0332839945331,100.0,100.0,1.1445017202392103,1.1445017202392103,1.1445017202392103,1.1445017202392103,1.1445017202392103,1.433505160717631,692.0332839945331,792.0332839945331,992.0332839945331,3,45,100.0
992.0332839945331,1159.51248149795,0.0,992.0332839945331,1159.51248149795,819.0249629958998,1073.0083209986333,173.00832099863328,86.50416049931664,1.2112369327130013,1.08061835011569,1.2112369327130013,1.08061835011569,1.2112369327130013,1.4837101006941409,692.0332839945331,992.0332839945331,1592.0332839945331,3,45,300.0
1192.0332839945331,1759.51248149795,0.0,1192.0332839945331,1759.51248149795,1019.0249629958998,1673.0083209986333,173.00832099863328,86.50416049931664,1.1697782952146674,1.051705756279611,1.1697782952146674,1.051705756279611,1.1697782952146674,1.3102345376776663,692.0332839945331,1192.0332839945331,2192.033283994533,3,45,500.0
1692.0332839945331,3259.51248149795,0.0,1692.0332839945331,3259.51248149795,1519.0249629958998,3173.0083209986333,173.00832099863328,86.50416049931664,1.113894323801906,1.0272625066649972,1.113894323801906,1.0272625066649972,1.113894323801906,1.163575039989983,692.0332839945331,1692.0332839945331,3692.033283994533,3,45,1000.0
2692.033283994533,6259.51248149795,0.0,2692.033283994533,6259.51248149795,2519.0249629959,6173.008320998633,173.00832099863328,86.50416049931664,1.0686806695209852,1.0140132907653885,1.0686806695209852,1.0140132907653885,1.0686806695209852,1.0840797445923311,692.0332839945331,2692.033283994533,6692.033283994533,3,45,2000.0
757.3115069768392,757.3115069768392,0.0,757.3115069768392,757.3115069768392,663.4098631230049,669.5082192691708,93.90164385383423,87.80328770766835,1.1415439369740326,1.1311459444120247,1.1415439369740326,1.1311459444120247,1.1415439369740326,1.4298726728431084,657.3115069768392,757.3115069768392,957.3115069768392,3,46,100.0
957.3115069768392,1087.8032877076685,0.0,957.3115069768392,1087.8032877076685,863.4098631230049,1087.8032877076685,93.90164385383423,0.0,1.1087567421504618,1.0,1.1087567421504618,1.0,1.1087567421504618,1.4316113258478627,657.3115069768392,957.3115069768392,1557.3115069768392,3,46,300.0
1157.3115069768392,1687.8032877076685,0.0,1157.3115069768392,1687.8032877076685,1063.409863123005,1687.8032877076685,93.90164385383423,0.0,1.088302400711298,1.0,1.088302400711298,1.0,1.088302400711298,1.2781770972296451,657.3115069768392,1157.3115069768392,2157.311506976839,3,46,500.0
1657.3115069768392,3187.8032877076685,0.0,1657.3115069768392,3187.8032877076685,1563.409863123005,3187.8032877076685,93.90164385383423,0.0,1.0600620771742222,1.0,1.0600620771742222,1.0,1.0600620771742222,1.1472826824288744,657.3115069768392,1657.3115069768392,3657.311506976839,3,46,1000.0
2657.311506976839,6187.8032877076685,0.0,2657.311506976839,6187.8032877076685,2563.409863123005,6187.8032877076685,93.90164385383423,0.0,1.0366315372366688,1.0,1.0366315372366688,1.0,1.0366315372366688,1.0758763970732341,657.3115069768392,2657.311506976839,6657.311506976839,3,46,2000.0
694.7091180132702,694.7091180132702,0.0,694.7091180132702,694.7091180132702,595.5909316777252,596.4727453421801,99.11818633554503,98.23637267109007,1.166419905112286,1.164695492691346,1.166419905112286,1.164695492691346,1.166419905112286,1.5,594.7091180132702,694.7091180132702,894.7091180132702,3,47,100.0
894.7091180132702,1098.23637267109,0.0,894.7091180132702,1098.23637267109,795.5909316777252,1098.23637267109,99.11818633554503,0.0,1.1245843591084261,1.0,1.1245843591084261,1.0,1.1245843591084261,1.361008572660814,594.7091180132702,894.7091180132702,1494.7091180132702,3,47,300.0
1094.7091180132702,1698.23637267109,0.0,1094.7091180132702,1698.23637267109,995.5909316777252,1698.23637267109,99.11818633554503,0.0,1.0995571405702897,1.0,1.0995571405702897,1.0,1.0995571405702897,1.233461461385722,594.7091180132702,1094.7091180132702,2094.70911801327,3,47,500.0
1594.7091180132702,3198.23637267109,0.0,1594.7091180132702,3198.23637267109,1495.5909316777252,3198.23637267109,99.11818633554503,0.0,1.0662735940932433,1.0,1.0662735940932433,1.0,1.0662735940932433,1.1239660547700718,594.7091180132702,1594.7091180132702,3594.70911801327,3,47,1000.0
2594.70911801327,6198.23637267109,0.0,2594.70911801327,6198.23637267109,2495.590931677725,6198.23637267109,99.11818633554503,0.0,1.0397173210871185,1.0,1.0397173210871185,1.0,1.0397173210871185,1.063965412337336,594.7091180132702,2594.70911801327,6594.70911801327,3,47,2000.0
690.3527780319564,691.9606483599637,0.0,690.3527780319564,691.9606483599637,591.9606483599637,593.5685186879709,98.39212967199273,98.39212967199273,1.1662139703789258,1.1657637266367824,1.1662139703789258,1.1657637266367824,1.1662139703789258,1.5,590.3527780319564,690.3527780319564,890.3527780319564,3,48,100.0
890.3527780319564,1195.1763890159782,0.0,890.3527780319564,1195.1763890159782,791.9606483599637,1096.7842593439855,98.39212967199273,98.39212967199273,1.1242386599331022,1.0897096478489248,1.1242386599331022,1.0897096478489248,1.1242386599331022,1.358838591395699,590.3527780319564,890.3527780319564,1490.3527780319564,3,48,300.0
1090.3527780319564,1795.1763890159782,0.0,1090.3527780319564,1795.1763890159782,991.9606483599637,1696.7842593439855,98.39212967199273,98.39212967199273,1.0991895493381387,1.0579874130315385,1.0991895493381387,1.0579874130315385,1.0991895493381387,1.2319496521261537,590.3527780319564,1090.3527780319564,2090.3527780319564,3,48,500.0
1590.3527780319564,3295.176389015978,0.0,1590.3527780319564,3295.176389015978,1491.9606483599637,3196.7842593439855,98.39212967199273,98.39212967199273,1.0659482069987236,1.0307784703907994,1.0659482069987236,1.0307784703907994,1.0659482069987236,1.123113881563198,590.3527780319564,1590.3527780319564,3590.3527780319564,3,48,1000.0
2590.3527780319564,6295.176389015978,0.0,2590.3527780319564,6295.176389015978,2491.9606483599637,6196.7842593439855,98.39212967199273,98.39212967199273,1.0394838215991684,1.0158779337078954,1.0394838215991684,1.0158779337078954,1.0394838215991684,1.063511734831581,590.3527780319564,2590.3527780319564,6590.352778031956,3,48,2000.0
694.3923000013456,694.3923000013456,0.0,694.3923000013456,694.3923000013456,595.326916667788,597.1961500006728,99.06538333355752,97.19615000067279,1.1664050130440167,1.162754147026171,1.1664050130440167,1.162754147026171,1.1664050130440167,1.4976524882157025,594.3923000013456,694.3923000013456,894.3923000013456,3,49,100.0
894.3923000013456,1098.130766667115,0.0,894.3923000013456,1098.130766667115,795.326916667788,1197.1961500006728,99.06538333355752,-99.06538333355775,1.1245593242947385,0.9172521701364458,1.1245593242947385,0.9172521701364458,1.1245593242947385,1.2482434895906622,594.3923000013456,894.3923000013456,1494.3923000013456,3,49,300.0
1094.3923000013456,1698.130766667115,0.0,1094.3923000013456,1698.130766667115,995.326916667788,1797.1961500006728,99.06538333355752,-99.06538333355775,1.0995304976431404,0.9448778124004323,1.0995304976431404,0.9448778124004323,1.0995304976431404,1.1653665627987027,594.3923000013456,1094.3923000013456,2094.3923000013456,3,49,500.0
1594.3923000013456,3198.1307666671155,0.0,1594.3923000013456,3198.1307666671155,1495.326916667788,3297.196150000673,99.06538333355752,-99.06538333355729,1.0662499833510097,0.9699546587989504,1.0662499833510097,0.9699546587989504,1.0662499833510097,1.090136023603149,594.3923000013456,1594.3923000013456,3594.3923000013456,3,49,1000.0
2594.3923000013456,6198.130766667115,0.0,2594.3923000013456,6198.130766667115,2495.326916667788,6297.196150000673,99.06538333355775,-99.0653833335582,1.039700362574475,0.9842683345136791,1.039700362574475,0.9842683345136791,1.039700362574475,1.0471949964589622,594.3923000013456,2594.3923000013456,6594.392300001346,3,49,2000.0
699.9964469810948,699.9970391509123,0.0,699.9964469810948,699.9970391509123,599.9970391509123,599.9976313207299,99.99940783018246,99.99940783018246,1.166666502174239,1.166666337682136,1.166666502174239,1.166666337682136,1.166666502174239,1.5,599.9964469810948,699.9964469810948,899.9964469810948,3,50,100.0
899.9964469810948,1099.998815660365,0.0,899.9964469810948,1099.998815660365,799.9970391509123,1099.998815660365,99.99940783018246,0.0,1.1249997224193706,1.0,1.1249997224193706,1.0,1.1249997224193706,1.3636346018069103,599.9964469810948,899.9964469810948,1499.9964469810948,3,50,300.0
1099.9964469810948,1699.998815660365,0.0,1099.9964469810948,1699.998815660365,999.9970391509123,1699.998815660365,99.99940783018246,0.0,1.0999997039142146,1.0,1.0999997039142146,1.0,1.0999997039142146,1.235292888227896,599.9964469810948,1099.9964469810948,2099.996446981095,3,50,500.0
1599.9964469810948,3199.998815660365,0.0,1599.9964469810948,3199.998815660365,1499.9970391509123,3199.998815660365,99.99940783018246,0.0,1.0666664034795617,1.0,1.0666664034795617,1.0,1.0666664034795617,1.1249993060507382,599.9964469810948,1599.9964469810948,3599.996446981095,3,50,1000.0
2599.996446981095,6199.998815660365,0.0,2599.996446981095,6199.998815660365,2499.9970391509123,6199.998815660365,99.99940783018246,0.0,1.039999810505434,1.0,1.039999810505434,1.0,1.039999810505434,1.0645157593111776,599.9964469810948,2599.996446981095,6599.996446981095,3,50,2000.0
809.3444780330174,809.3444780330174,0.0,809.3444780330174,809.3444780330174,720.6764182788902,732.008358524763,88.66805975412717,77.33611950825434,1.1230344957947744,1.1056492301045742,1.1230344957947744,1.1056492301045742,1.1230344957947744,1.378870153979085,709.3444780330174,809.3444780330174,1009.3444780330174,3,51,100.0
1009.3444780330174,1166.0041792623815,0.0,1009.3444780330174,1166.0041792623815,920.6764182788902,1166.0041792623815,88.66805975412717,0.0,1.09630751694486,1.0,1.09630751694486,1.0,1.09630751694486,1.380221877979112,709.3444780330174,1009.3444780330174,1609.3444780330174,3,51,300.0
1209.3444780330174,1766.0041792623815,0.0,1209.3444780330174,1766.0041792623815,1120.6764182788902,1766.0041792623815,88.66805975412717,0.0,1.0791201262986345,1.0,1.0791201262986345,1.0,1.0791201262986345,1.2510414776910712,709.3444780330174,1209.3444780330174,2209.3444780330174,3,51,500.0
1709.3444780330174,3266.0041792623815,0.0,1709.3444780330174,3266.0041792623815,1620.6764182788902,3266.0041792623815,88.66805975412717,0.0,1.0547105262679703,1.0,1.0547105262679703,1.0,1.0547105262679703,1.135743947171177,709.3444780330174,1709.3444780330174,3709.3444780330174,3,51,1000.0
2709.3444780330174,6266.0041792623815,0.0,2709.3444780330174,6266.0041792623815,2620.67641827889,6266.0041792623815,88.66805975412717,0.0,1.0338340357991846,1.0,1.0338340357991846,1.0,1.0338340357991846,1.0707532721152486,709.3444780330174,2709.3444780330174,6709.344478033017,3,51,2000.0
702.3564650095068,702.3564650095068,0.0,702.3564650095068,702.3564650095068,602.3564650095068,602.3564650095068,100.0,100.0,1.1660146537954428,1.1660146537954428,1.1660146537954428,1.1660146537954428,1.1660146537954428,1.4980439613863283,602.3564650095068,702.3564650095068,902.3564650095068,3,52,100.0
902.3564650095068,1101.9637208412557,0.0,902.3564650095068,1101.9637208412557,801.9637208412557,1100.785488336502,100.39274416825106,1.1782325047536233,1.1251836480370203,1.001070356138628,1.1251836480370203,1.001070356138628,1.1251836480370203,1.3648040248785032,602.3564650095068,902.3564650095068,1502.3564650095068,3,52,300.0
1102.3564650095068,1700.785488336502,0.0,1102.3564650095068,1700.785488336502,1001.9637208412557,1700.785488336502,100.39274416825106,0.0,1.1001959872199372,1.0,1.1001959872199372,1.0,1.1001959872199372,1.2361091268868785,602.3564650095068,1102.3564650095068,2102.356465009507,3,52,500.0
1602.3564650095068,3200.7854883365026,0.0,1602.3564650095068,3200.7854883365026,1501.9637208412557,3200.7854883365026,100.39274416825106,0.0,1.0668409914135746,1.0,1.0668409914135746,1.0,1.0668409914135746,1.1254601341252977,602.3564650095068,1602.3564650095068,3602.356465009507,3,52,1000.0
2602.356465009507,6200.785488336502,0.0,2602.356465009507,6200.785488336502,2501.9637208412555,6200.785488336502,100.39274416825128,0.0,1.0401255794926136,1.0,1.0401255794926136,1.0,1.0401255794926136,1.0647613076485791,602.3564650095068,2602.356465009507,6602.356465009507,3,52,2000.0
749.4590920046903,749.4590920046903,0.0,749.4590920046903,749.4590920046903,656.6792217183059,656.6792217183059,92.77987028638438,92.77987028638438,1.1412864412606372,1.1412864412606372,1.1412864412606372,1.1412864412606372,1.1412864412606372,1.4458491461329919,649.4590920046903,749.4590920046903,949.4590920046903,3,53,100.0
949.4590920046903,1178.339610859153,0.0,949.4590920046903,1178.339610859153,856.6792217183059,1085.5597405727685,92.77987028638438,92.7798702863845,1.1083017632904517,1.0854673094614133,1.1083017632904517,1.0854673094614133,1.1083017632904517,1.4273365473070665,649.4590920046903,949.4590920046903,1549.4590920046903,3,53,300.0
1149.4590920046903,1778.339610859153,0.0,1149.4590920046903,1778.339610859153,1056.679221718306,1685.5597405727685,92.77987028638427,92.7798702863845,1.0878032503899446,1.0550439524942954,1.0878032503899446,1.0550439524942954,1.0878032503899446,1.275219762471477,649.4590920046903,1149.4590920046903,2149.4590920046903,3,53,500.0
1649.4590920046903,3278.3396108591533,0.0,1649.4590920046903,3278.3396108591533,1556.679221718306,3185.5597405727685,92.77987028638427,92.77987028638472,1.0596011490305441,1.0291251390155072,1.0596011490305441,1.0291251390155072,1.0596011490305441,1.1456256950775352,649.4590920046903,1649.4590920046903,3649.4590920046903,3,53,1000.0
2649.4590920046903,6278.339610859153,0.0,2649.4590920046903,6278.339610859153,2556.679221718306,6185.5597405727685,92.77987028638427,92.77987028638472,1.03628921043291,1.0149994299914067,1.03628921043291,1.0149994299914067,1.03628921043291,1.074997149957033,649.4590920046903,2649.4590920046903,6649.45909200469,3,53,2000.0
818.2001679902896,828.4251469915034,0.0,818.2001679902896,828.4251469915034,728.4251469915034,738.6501259927172,89.7750209987862,89.7750209987862,1.1232453620932357,1.1215393023566225,1.1232453620932357,1.1215393023566225,1.1232453620932357,1.3784606976433775,718.2001679902896,818.2001679902896,1018.2001679902896,3,54,100.0
1018.2001679902896,1228.4251469915034,0.0,1018.2001679902896,1228.4251469915034,928.4251469915034,1259.1000839951448,89.7750209987862,-30.67493700364139,1.0966960247572957,0.9756374116771486,1.0966960247572957,0.9756374116771486,1.0966960247572957,1.2852037646250603,718.2001679902896,1018.2001679902896,1618.2001679902896,3,54,300.0
1218.2001679902896,1769.3250629963586,0.0,1218.2001679902896,1769.3250629963586,1128.4251469915034,1859.1000839951448,89.7750209987862,-89.7750209987862,1.079557798971545,0.9517104959697152,1.079557798971545,0.9517104959697152,1.079557798971545,1.1931580161211388,718.2001679902896,1218.2001679902896,2218.2001679902896,3,54,500.0
1718.2001679902896,3269.3250629963586,0.0,1718.2001679902896,3269.3250629963586,1628.4251469915034,3359.100083995145,89.7750209987862,-89.7750209987862,1.0551299647789427,0.9732740856914236,1.0551299647789427,0.9732740856914236,1.0551299647789427,1.1069036572343058,718.2001679902896,1718.2001679902896,3718.2001679902896,3,54,1000.0
2718.2001679902896,6269.325062996359,0.0,2718.2001679902896,6269.325062996359,2628.4251469915034,6359.100083995145,89.7750209987862,-89.7750209987862,1.034155441368206,0.9858824330781119,1.034155441368206,0.9858824330781119,1.034155441368206,1.0564702676875528,718.2001679902896,2718.2001679902896,6718.20016799029,3,54,2000.0
691.2848800071515,692.7374000059597,0.0,691.2848800071515,692.7374000059597,592.7374000059597,594.1899200047676,98.54748000119184,98.54748000119207,1.1662582452198917,1.1658518205768307,1.1662582452198917,1.1658518205768307,1.1662582452198917,1.5000000000000002,591.2848800071515,691.2848800071515,891.2848800071515,3,55,100.0
891.2848800071515,1195.6424400035758,0.0,891.2848800071515,1195.6424400035758,792.7374000059597,1097.0949600023837,98.54748000119184,98.54748000119207,1.124312893526218,1.0898258433353645,1.124312893526218,1.0898258433353645,1.124312893526218,1.3593033733414575,591.2848800071515,891.2848800071515,1491.2848800071515,3,55,300.0
1091.2848800071515,1795.6424400035758,0.0,1091.2848800071515,1795.6424400035758,992.7374000059597,1697.0949600023837,98.54748000119184,98.54748000119207,1.0992684268776418,1.0580683357877945,1.0992684268776418,1.0580683357877945,1.0992684268776418,1.2322733431511776,591.2848800071515,1091.2848800071515,2091.2848800071515,3,55,500.0
1591.2848800071515,3295.6424400035758,0.0,1591.2848800071515,3295.6424400035758,1492.7374000059597,3197.094960002384,98.54748000119184,98.54748000119162,1.0660179613646703,1.0308240703620257,1.0660179613646703,1.0308240703620257,1.0660179613646703,1.1232962814481036,591.2848800071515,1591.2848800071515,3591.2848800071515,3,55,1000.0
2591.2848800071515,6295.642440003576,0.0,2591.2848800071515,6295.642440003576,2492.7374000059594,6197.094960002383,98.54748000119207,98.54748000119253,1.03953383938515,1.0159022058944138,1.03953383938515,1.0159022058944138,1.03953383938515,1.0636088235776553,591.2848800071515,2591.2848800071515,6591.2848800071515,3,55,2000.0
699.9455110286362,699.9545925238635,0.0,699.9455110286362,699.9545925238635,599.9545925238635,599.9636740190908,99.99091850477271,99.99091850477271,1.1666641438381782,1.1666616210860643,1.1666641438381782,1.1666616210860643,1.1666641438381782,1.5,599.9455110286362,699.9455110286362,899.9455110286362,3,56,100.0
899.9455110286362,1099.9818370095454,0.0,899.9455110286362,1099.9818370095454,799.9545925238635,1099.9818370095454,99.99091850477271,0.0,1.1249957428074768,1.0,1.1249957428074768,1.0,1.1249957428074768,1.3636093438655752,599.9455110286362,899.9455110286362,1499.9455110286362,3,56,300.0
1099.9455110286362,1699.9818370095454,0.0,1099.9455110286362,1699.9818370095454,999.9545925238635,1699.9818370095454,99.99091850477271,0.0,1.0999954590461931,1.0,1.0999954590461931,1.0,1.0999954590461931,1.2352752631302644,599.9455110286362,1099.9455110286362,2099.9455110286362,3,56,500.0
1599.9455110286362,3199.9818370095454,0.0,1599.9455110286362,3199.9818370095454,1499.9545925238635,3199.9818370095454,99.99091850477271,0.0,1.066662630324379,1.0,1.066662630324379,1.0,1.066662630324379,1.1249893575623748,599.9455110286362,1599.9455110286362,3599.9455110286362,3,56,1000.0
2599.9455110286362,6199.981837009545,0.0,2599.9455110286362,6199.981837009545,2499.9545925238635,6199.981837009545,99.99091850477271,0.0,1.0399970938687433,1.0,1.0399970938687433,1.0,1.0399970938687433,1.06451045898741,599.9455110286362,2599.9455110286362,6599.945511028636,3,56,2000.0
758.6925360024907,758.6925360024907,0.0,758.6925360024907,758.6925360024907,664.5936022878491,670.4946685732076,94.09893371464159,88.19786742928306,1.1415886842586327,1.1315414895348317,1.1415886842586327,1.1315414895348317,1.1415886842586327,1.4298287233850187,658.6925360024907,758.6925360024907,958.6925360024907,3,57,100.0
958.6925360024907,1088.1978674292832,0.0,958.6925360024907,1088.1978674292832,864.5936022878491,1182.2968011439245,94.09893371464159,-94.09893371464136,1.108836028239905,0.9204100580974283,1.108836028239905,0.9204100580974283,1.108836028239905,1.3183597676102876,658.6925360024907,958.6925360024907,1558.6925360024907,3,57,300.0
1158.6925360024907,1688.1978674292832,0.0,1158.6925360024907,1688.1978674292832,1064.593602287849,1782.2968011439245,94.09893371464159,-94.09893371464136,1.0883895352296122,0.9472035557409707,1.0883895352296122,0.9472035557409707,1.0883895352296122,1.2111857770361174,658.6925360024907,1158.6925360024907,2158.6925360024907,3,57,500.0
1658.6925360024907,3188.197867429283,0.0,1658.6925360024907,3188.197867429283,1564.593602287849,3282.2968011439243,94.09893371464159,-94.09893371464113,1.0601427320021277,0.9713313757360863,1.0601427320021277,0.9713313757360863,1.0601427320021277,1.1146744970556555,658.6925360024907,1658.6925360024907,3658.6925360024907,3,57,1000.0
2658.6925360024907,6188.197867429283,0.0,2658.6925360024907,6188.197867429283,2564.593602287849,6282.296801143924,94.09893371464159,-94.09893371464113,1.0366915575359374,0.9850215714581477,1.0366915575359374,0.9850215714581477,1.0366915575359374,1.0599137141674093,658.6925360024907,2658.6925360024907,6658.692536002491,3,57,2000.0
798.0437890160829,798.0437890160829,0.0,798.0437890160829,798.0437890160829,698.0437890160829,698.0437890160829,100.0,100.0,1.1432574883890214,1.1432574883890214,1.1432574883890214,1.1432574883890214,1.1432574883890214,1.4297724651670642,698.0437890160829,798.0437890160829,998.0437890160829,3,58,100.0
998.0437890160829,1161.766420881031,0.0,998.0437890160829,1161.766420881031,736.2773681350518,1161.766420881031,261.7664208810311,0.0,1.355526914461693,1.0,1.355526914461693,1.0,1.355526914461693,1.3755293321390705,698.0437890160829,998.0437890160829,1598.0437890160829,3,58,300.0
1198.0437890160829,1761.766420881031,0.0,1198.0437890160829,1761.766420881031,936.2773681350518,1761.766420881031,261.7664208810311,0.0,1.2795821300288794,1.0,1.2795821300288794,1.0,1.2795821300288794,1.2476363284963035,698.0437890160829,1198.0437890160829,2198.043789016083,3,58,500.0
1698.0437890160829,3261.766420881031,0.0,1698.0437890160829,3261.766420881031,1436.2773681350518,3261.766420881031,261.7664208810311,0.0,1.182253391084846,1.0,1.182253391084846,1.0,1.182253391084846,1.1337549388399215,698.0437890160829,1698.0437890160829,3698.043789016083,3,58,1000.0
2698.043789016083,6261.766420881031,0.0,2698.043789016083,6261.766420881031,2436.277368135052,6261.766420881031,261.7664208810311,0.0,1.107445245892265,1.0,1.107445245892265,1.0,1.107445245892265,1.069673210211132,698.0437890160829,2698.043789016083,6698.043789016083,3,58,2000.0
763.5206869686954,768.7320174017389,0.0,763.5206869686954,768.7320174017389,668.7320174017389,673.9433478347823,94.78866956695651,94.78866956695651,1.141743878116146,1.1406478302241423,1.141743878116146,1.1406478302241423,1.141743878116146,1.429676084887929,663.5206869686954,763.5206869686954,963.5206869686954,3,59,100.0
963.5206869686954,1184.3660087008693,0.0,963.5206869686954,1184.3660087008693,868.7320174017389,1184.3660087008693,94.78866956695651,0.0,1.1091115184754634,1.0,1.1091115184754634,1.0,1.1091115184754634,1.3201330293865159,663.5206869686954,963.5206869686954,1563.5206869686954,3,59,300.0
1163.5206869686954,1784.3660087008693,0.0,1163.5206869686954,1784.3660087008693,1068.7320174017389,1784.3660087008693,94.78866956695651,0.0,1.08869264513793,1.0,1.08869264513793,1.0,1.08869264513793,1.212487055020665,663.5206869686954,1163.5206869686954,2163.5206869686954,3,59,500.0
1663.5206869686954,3284.3660087008693,0.0,1663.5206869686954,3284.3660087008693,1568.7320174017389,3284.3660087008693,94.78866956695651,0.0,1.0604237489357509,1.0,1.0604237489357509,1.0,1.0604237489357509,1.1154422732616822,663.5206869686954,1663.5206869686954,3663.5206869686954,3,59,1000.0
2663.5206869686954,6284.366008700869,0.0,2663.5206869686954,6284.366008700869,2568.7320174017386,6284.366008700869,94.78866956695674,0.0,1.0369009569409404,1.0,1.0369009569409404,1.0,1.0369009569409404,1.0603330037974994,663.5206869686954,2663.5206869686954,6663.520686968695,3,59,2000.0
758.8017430040054,758.8017430040054,0.0,758.8017430040054,758.8017430040054,664.6872082891474,670.5726735742896,94.114534714858,88.22906942971576,1.1415922159192764,1.13157271822521,1.1415922159192764,1.13157271822521,1.1415922159192764,1.429825253530532,658.8017430040054,758.8017430040054,958.8017430040054,3,60,100.0
958.8017430040054,1088.2290694297158,0.0,958.8017430040054,1088.2290694297158,864.6872082891474,1088.2290694297158,94.114534714858,0.0,1.10884228864802,1.0,1.10884228864802,1.0,1.10884228864802,1.4324206059124043,658.8017430040054,958.8017430040054,1558.8017430040054,3,60,300.0
1158.8017430040054,1688.2290694297158,0.0,1158.8017430040054,1688.2290694297158,1064.6872082891473,1688.2290694297158,94.11453471485811,0.0,1.0883964172595737,1.0,1.0883964172595737,1.0,1.0883964172595737,1.2787374545879897,658.8017430040054,1158.8017430040054,2158.8017430040054,3,60,500.0
1658.8017430040054,3188.2290694297158,0.0,1658.8017430040054,3188.2290694297158,1564.6872082891473,3188.2290694297158,94.11453471485811,0.0,1.0601491047004623,1.0,1.0601491047004623,1.0,1.0601491047004623,1.1475968831996322,658.8017430040054,1658.8017430040054,3658.8017430040054,3,60,1000.0
2658.8017430040054,6188.229069429715,0.0,2658.8017430040054,6188.229069429715,2564.6872082891473,6188.229069429715,94.11453471485811,0.0,1.0366963013698813,1.0,1.0366963013698813,1.0,1.0366963013698813,1.0760431891409696,658.8017430040054,2658.8017430040054,6658.801743004005,3,60,2000.0
762.3816049541347,762.3816049541347,0.0,762.3816049541347,762.3816049541347,667.7556613892583,673.1297178243819,94.62594356487637,89.25188712975273,1.1417074373701424,1.1325924034645554,1.1417074373701424,1.1325924034645554,1.1417074373701424,1.4297119551706048,662.3816049541347,762.3816049541347,962.3816049541347,3,61,100.0
962.3816049541347,1183.8778306946292,0.0,962.3816049541347,1183.8778306946292,867.7556613892583,1183.8778306946292,94.62594356487637,0.0,1.1090467602520533,1.0,1.1090467602520533,1.0,1.1090467602520533,1.3197152311209526,662.3816049541347,962.3816049541347,1562.3816049541347,3,61,300.0
1162.3816049541347,1783.8778306946292,0.0,1162.3816049541347,1783.8778306946292,1067.7556613892584,1783.8778306946292,94.62594356487625,0.0,1.0886213456754312,1.0,1.0886213456754312,1.0,1.0886213456754312,1.212180322972072,662.3816049541347,1162.3816049541347,2162.3816049541347,3,61,500.0
1662.3816049541347,3283.877830694629,0.0,1662.3816049541347,3283.877830694629,1567.7556613892584,3283.877830694629,94.62594356487625,0.0,1.0603575837072876,1.0,1.0603575837072876,1.0,1.0603575837072876,1.115261222790204,662.3816049541347,1662.3816049541347,3662.3816049541347,3,61,1000.0
2662.3816049541347,6283.87783069463,0.0,2662.3816049541347,6283.87783069463,2567.7556613892584,6283.87783069463,94.62594356487625,0.0,1.0368516152014557,1.0,1.0368516152014557,1.0,1.0368516152014557,1.0602341077368884,662.3816049541347,2662.3816049541347,6662.381604954135,3,61,2000.0
690.1086570229381,690.1086570229381,0.0,690.1086570229381,690.1086570229381,591.7572141857818,593.4057713486254,98.35144283715636,96.70288567431271,1.166202355424566,1.1629624960581986,1.166202355424566,1.1629624960581986,1.166202355424566,1.5,590.1086570229381,690.1086570229381,890.1086570229381,3,62,100.0
890.1086570229381,1195.054328511469,0.0,890.1086570229381,1195.054328511469,791.7572141857818,1096.7028856743127,98.35144283715636,98.35144283715636,1.1242191938071544,1.089679204934967,1.1242191938071544,1.089679204934967,1.1242191938071544,1.358716819739868,590.1086570229381,890.1086570229381,1490.1086570229381,3,62,300.0
1090.1086570229381,1795.054328511469,0.0,1090.1086570229381,1795.054328511469,991.7572141857818,1696.7028856743127,98.35144283715636,98.35144283715636,1.0991688705969247,1.0579662141601587,1.0991688705969247,1.0579662141601587,1.0991688705969247,1.2318648566406345,590.1086570229381,1090.1086570229381,2090.108657022938,3,62,500.0
1590.1086570229381,3295.054328511469,0.0,1590.1086570229381,3295.054328511469,1491.7572141857818,3196.7028856743127,98.35144283715636,98.35144283715636,1.0659299260643011,1.0307665261222456,1.0659299260643011,1.0307665261222456,1.0659299260643011,1.123066104488982,590.1086570229381,1590.1086570229381,3590.108657022938,3,62,1000.0
2590.108657022938,6295.054328511469,0.0,2590.108657022938,6295.054328511469,2491.757214185782,6196.702885674313,98.35144283715636,98.35144283715636,1.0394707166000097,1.0158715763288453,1.0394707166000097,1.0158715763288453,1.0394707166000097,1.0634863053153816,590.1086570229381,2590.108657022938,6590.108657022938,3,62,2000.0
1363.5641240049154,1363.5641240049154,0.0,1363.5641240049154,1363.5641240049154,1263.5641240049154,1263.5641240049154,100.0,100.0,1.079141214996708,1.079141214996708,1.079141214996708,1.079141214996708,1.079141214996708,1.237423644990124,1263.5641240049154,1363.5641240049154,1563.5641240049154,3,63,100.0
1563.5641240049154,1563.5641240049154,0.0,1563.5641240049154,1563.5641240049154,1423.1681102265914,1812.5740895591057,140.396013778324,-249.00996555419033,1.0986503370680296,0.86262080706739,1.0986503370680296,0.86262080706739,1.0986503370680296,1.1936417586831913,1263.5641240049154,1563.5641240049154,2163.5641240049154,3,63,300.0
1763.5641240049154,2061.5840551132956,0.0,1763.5641240049154,2061.5840551132956,1623.1681102265914,2412.5740895591057,140.396013778324,-350.9900344458101,1.0864950542668836,0.8545163707242032,1.0864950542668836,0.8545163707242032,1.0864950542668836,1.1454836292757966,1263.5641240049154,1763.5641240049154,2763.5641240049154,3,63,500.0
2263.5641240049154,3561.5840551132956,0.0,2263.5641240049154,3561.5840551132956,2123.168110226591,3912.5740895591057,140.39601377832423,-350.9900344458101,1.0661257170838634,0.9102917858137322,1.0661257170838634,0.9102917858137322,1.0661257170838634,1.0897082141862677,1263.5641240049154,2263.5641240049154,4263.564124004915,3,63,1000.0
3263.5641240049154,6561.584055113295,0.0,3263.5641240049154,6561.584055113295,3123.168110226591,6912.574089559106,140.39601377832423,-350.99003444581103,1.0449530761147976,0.9492244090409167,1.0449530761147976,0.9492244090409167,1.0449530761147976,1.050775590959083,1263.5641240049154,3263.5641240049154,7263.564124004915,3,63,2000.0
761.9746770011261,767.4068660009652,0.0,761.9746770011261,767.4068660009652,667.4068660009652,672.8390550008044,94.56781100016087,94.56781100016087,1.1416943933567865,1.1405504188517235,1.1416943933567865,1.1405504188517235,1.1416943933567865,1.4297247905741381,661.9746770011261,761.9746770011261,961.9746770011261,3,64,100.0
961.9746770011261,1183.7034330004826,0.0,961.9746770011261,1183.7034330004826,867.4068660009652,1183.7034330004826,94.56781100016087,0.0,1.1090235905511678,1.0,1.1090235905511678,1.0,1.1090235905511678,1.3195658924818623,661.9746770011261,961.9746770011261,1561.974677001126,3,64,300.0
1161.974677001126,1783.7034330004826,0.0,1161.974677001126,1783.7034330004826,1067.4068660009652,1783.7034330004826,94.56781100016087,0.0,1.0885958428902174,1.0,1.0885958428902174,1.0,1.0885958428902174,1.2120707046935089,661.9746770011261,1161.974677001126,2161.974677001126,3,64,500.0
1661.974677001126,3283.7034330004826,0.0,1661.974677001126,3283.7034330004826,1567.4068660009652,3283.7034330004826,94.56781100016087,0.0,1.0603339267241048,1.0,1.0603339267241048,1.0,1.0603339267241048,1.1151965309044363,661.9746770011261,1661.974677001126,3661.974677001126,3,64,1000.0
2661.974677001126,6283.703433000483,0.0,2661.974677001126,6283.703433000483,2567.4068660009652,6283.703433000483,94.56781100016087,0.0,1.0368339791610284,1.0,1.0368339791610284,1.0,1.0368339791610284,1.060198774183717,661.9746770011261,2661.974677001126,6661.974677001126,3,64,2000.0
694.2694369587116,694.2694369587116,0.0,694.2694369587116,694.2694369587116,594.2694369587116,596.179624639141,100.0,98.08981231957057,1.1682738397447616,1.1645306351738252,1.1682738397447616,1.1645306351738252,1.1682738397447616,1.5,594.2694369587116,694.2694369587116,894.2694369587116,3,65,100.0
894.2694369587116,1197.1347184793558,0.0,894.2694369587116,1197.1347184793558,696.179624639141,1098.0898123195705,198.08981231957057,99.04490615978534,1.284538365256307,1.090197454751507,1.284538365256307,1.090197454751507,1.284538365256307,1.3607898190060281,594.2694369587116,894.2694369587116,1494.2694369587116,3,65,300.0
1094.2694369587116,1797.1347184793558,0.0,1094.2694369587116,1797.1347184793558,896.179624639141,1698.0898123195705,198.08981231957057,99.04490615978534,1.2210380674514154,1.0583272483240984,1.2210380674514154,1.0583272483240984,1.2210380674514154,1.2333089932963937,594.2694369587116,1094.2694369587116,2094.2694369587116,3,65,500.0
1594.2694369587116,3297.134718479356,0.0,1594.2694369587116,3297.134718479356,1396.179624639141,3198.0898123195702,198.08981231957068,99.04490615978557,1.1418798905411396,1.030970020222149,1.1418798905411396,1.030970020222149,1.1418798905411396,1.1238800808885954,594.2694369587116,1594.2694369587116,3594.2694369587116,3,65,1000.0
2594.2694369587116,6297.134718479356,0.0,2594.2694369587116,6297.134718479356,2396.179624639141,6198.089812319571,198.08981231957068,99.04490615978466,1.0826690162468111,1.0159799081908945,1.0826690162468111,1.0159799081908945,1.0826690162468111,1.0639196327635778,594.2694369587116,2594.2694369587116,6594.269436958712,3,65,2000.0
701.2371010147035,701.2371010147035,0.0,701.2371010147035,701.2371010147035,601.2371010147035,601.2371010147035,100.0,100.0,1.1663237345653332,1.1663237345653332,1.1663237345653332,1.1663237345653332,1.1663237345653332,1.4989712036959997,601.2371010147035,701.2371010147035,901.2371010147035,3,66,100.0
901.2371010147035,1100.4123670049012,0.0,901.2371010147035,1100.4123670049012,801.0309175122529,1200.6185505073518,100.20618350245059,-100.20618350245059,1.125096524131252,0.9165378683678459,1.125096524131252,0.9165378683678459,1.125096524131252,1.2503863948964622,601.2371010147035,901.2371010147035,1501.2371010147035,3,66,300.0
1101.2371010147035,1700.4123670049012,0.0,1101.2371010147035,1700.4123670049012,1001.0309175122529,1800.6185505073518,100.20618350245059,-100.20618350245059,1.1001029855815858,0.9443490219101563,1.1001029855815858,0.9443490219101563,1.1001029855815858,1.1669529342695308,601.2371010147035,1101.2371010147035,2101.2371010147035,3,66,500.0
1601.2371010147035,3200.412367004901,0.0,1601.2371010147035,3200.412367004901,1501.030917512253,3300.6185505073518,100.20618350245059,-100.20618350245059,1.0667582408419196,0.969640180478581,1.0667582408419196,0.969640180478581,1.0667582408419196,1.091079458564257,601.2371010147035,1601.2371010147035,3601.2371010147035,3,66,1000.0
2601.2371010147035,6200.412367004901,0.0,2601.2371010147035,6200.412367004901,2501.030917512253,6300.618550507352,100.20618350245059,-100.20618350245059,1.0400659515245516,0.9840958181011638,1.0400659515245516,0.9840958181011638,1.0400659515245516,1.0477125456965086,601.2371010147035,2601.2371010147035,6601.2371010147035,3,66,2000.0
744.2564729950391,744.2564729950391,0.0,744.2564729950391,744.2564729950391,644.2564729950391,644.2564729950391,100.0,100.0,1.155217687662674,1.155217687662674,1.155217687662674,1.155217687662674,1.155217687662674,1.4656530629880222,644.2564729950391,744.2564729950391,944.2564729950391,3,67,100.0
944.2564729950391,1084.0732779985826,0.0,944.2564729950391,1084.0732779985826,760.1831949964565,1084.0732779985826,184.07327799858263,0.0,1.2421433138882276,1.0,1.2421433138882276,1.0,1.2421433138882276,1.424494546942479,644.2564729950391,944.2564729950391,1544.256472995039,3,67,300.0
1144.256472995039,1684.0732779985826,0.0,1144.256472995039,1684.0732779985826,960.1831949964565,1684.0732779985826,184.07327799858263,0.0,1.1917064149401844,1.0,1.1917064149401844,1.0,1.1917064149401844,1.2732560399885662,644.2564729950391,1144.256472995039,2144.256472995039,3,67,500.0
1644.256472995039,3184.073277998583,0.0,1644.256472995039,3184.073277998583,1460.1831949964565,3184.073277998583,184.07327799858263,0.0,1.1260617699404691,1.0,1.1260617699404691,1.0,1.1260617699404691,1.1445265717269277,644.2564729950391,1644.256472995039,3644.256472995039,3,67,1000.0
2644.256472995039,6184.073277998583,0.0,2644.256472995039,6184.073277998583,2460.1831949964567,6184.073277998583,184.0732779985824,0.0,1.0748209638912063,1.0,1.0748209638912063,1.0,1.0748209638912063,1.0744142532452963,644.2564729950391,2644.256472995039,6644.256472995039,3,67,2000.0
742.5015380373225,750.7156040319907,0.0,742.5015380373225,750.7156040319907,650.7156040319907,650.7156040319907,91.7859340053318,100.0,1.1410538389376312,1.153676966374213,1.1410538389376312,1.153676966374213,1.1410538389376312,1.4484077716860575,642.5015380373225,742.5015380373225,942.5015380373225,3,68,100.0
942.5015380373225,1175.3578020159953,0.0,942.5015380373225,1175.3578020159953,850.7156040319907,1175.3578020159953,91.7859340053318,0.0,1.1078926183677715,1.0,1.1078926183677715,1.0,1.1078926183677715,1.312367634257071,642.5015380373225,942.5015380373225,1542.5015380373225,3,68,300.0
1142.5015380373225,1775.3578020159953,0.0,1142.5015380373225,1775.3578020159953,1050.7156040319906,1775.3578020159953,91.78593400533191,0.0,1.0873556399592,1.0,1.0873556399592,1.0,1.0873556399592,1.2067998549951,642.5015380373225,1142.5015380373225,2142.5015380373225,3,68,500.0
1642.5015380373225,3275.3578020159953,0.0,1642.5015380373225,3275.3578020159953,1550.7156040319906,3275.3578020159953,91.78593400533191,0.0,1.0591894050505979,1.0,1.0591894050505979,1.0,1.0591894050505979,1.1120927111521521,642.5015380373225,1642.5015380373225,3642.5015380373225,3,68,1000.0
2642.5015380373225,6275.357802015995,0.0,2642.5015380373225,6275.357802015995,2550.7156040319906,6275.357802015995,91.78593400533191,0.0,1.035984385660339,1.0,1.035984385660339,1.0,1.035984385660339,1.0585056259108254,642.5015380373225,2642.5015380373225,6642.5015380373225,3,68,2000.0
656.4225108662088,756.4225108662088,0.0,656.4225108662088,756.4225108662088,649.1595960105769,649.1595960105769,7.262914855631834,107.26291485563183,1.0111881806881793,1.1652335042335016,1.0111881806881793,1.1652335042335016,1.1540453235453223,1.4621359706359667,649.1595960105769,749.1595960105769,949.1595960105769,3,69,100.0
856.4225108662088,1178.2112554331043,0.0,856.4225108662088,1178.2112554331043,670.9483405774724,1178.2112554331043,185.47417028873633,0.0,1.2764358432261749,1.0,1.2764358432261749,1.0,1.4146537648392623,1.3148402621914472,649.1595960105769,949.1595960105769,1549.159596010577,3,69,300.0
1056.4225108662088,1778.2112554331043,0.0,1056.4225108662088,1778.2112554331043,870.9483405774724,1778.2112554331043,185.47417028873633,0.0,1.2129565688887585,1.0,1.2129565688887585,1.0,1.3194348533331377,1.208607576543049,649.1595960105769,1149.159596010577,2149.159596010577,3,69,500.0
1556.4225108662088,3278.2112554331043,0.0,1556.4225108662088,3278.2112554331043,1370.9483405774724,3278.2112554331043,185.47417028873633,0.0,1.135288956409992,1.0,1.135288956409992,1.0,1.2029334346149878,1.113155715624698,649.1595960105769,1649.159596010577,3649.159596010577,3,69,1000.0
2556.4225108662085,6278.211255433104,0.0,2556.4225108662085,6278.211255433104,2370.9483405774727,6278.211255433104,185.47417028873588,0.0,1.0782278412036432,1.0,1.0782278412036432,1.0,1.117341761805465,1.059085036403714,649.1595960105769,2649.159596010577,6649.159596010577,3,69,2000.0
693.1493719690479,693.1493719690479,0.0,693.1493719690479,693.1493719690479,593.1493719690479,595.4329146460319,100.0,97.71645732301602,1.1685915972026322,1.164109935677818,1.1685915972026322,1.164109935677818,1.1685915972026322,1.5,593.1493719690479,693.1493719690479,893.1493719690479,3,70,100.0
893.1493719690479,1097.716457323016,0.0,893.1493719690479,1097.716457323016,695.4329146460319,1097.716457323016,197.71645732301602,0.0,1.2843070167647324,1.0,1.2843070167647324,1.0,1.2843070167647324,1.3602322913244538,593.1493719690479,893.1493719690479,1493.149371969048,3,70,300.0
1093.149371969048,1697.716457323016,0.0,1093.149371969048,1697.716457323016,895.4329146460319,1697.716457323016,197.71645732301602,0.0,1.2208054384522755,1.0,1.2208054384522755,1.0,1.2208054384522755,1.2329204696934826,593.1493719690479,1093.149371969048,2093.149371969048,3,70,500.0
1593.149371969048,3197.7164573230157,0.0,1593.149371969048,3197.7164573230157,1395.4329146460318,3197.7164573230157,197.71645732301613,0.0,1.1416882569185844,1.0,1.1416882569185844,1.0,1.1416882569185844,1.1236610312150912,593.1493719690479,1593.149371969048,3593.149371969048,3,70,1000.0
2593.149371969048,6197.716457323017,0.0,2593.149371969048,6197.716457323017,2395.432914646032,6197.716457323017,197.71645732301613,0.0,1.0825389248490944,1.0,1.0825389248490944,1.0,1.0825389248490944,1.0638030018586606,593.1493719690479,2593.149371969048,6593.149371969048,3,70,2000.0
787.9340699524619,787.9340699524619,0.0,787.9340699524619,787.9340699524619,701.9423112084041,715.9505524643464,85.99175874405773,71.98351748811547,1.1225054500504772,1.1005425825014643,1.1225054500504772,1.1005425825014643,1.1225054500504772,1.3798914834997071,687.9340699524619,787.9340699524619,987.9340699524619,3,71,100.0
987.9340699524619,1243.967034976231,0.0,987.9340699524619,1243.967034976231,901.9423112084041,1157.9752762321732,85.99175874405773,85.99175874405773,1.0953406417189229,1.0742604445095394,1.0953406417189229,1.0742604445095394,1.0953406417189229,1.3713022225476965,687.9340699524619,987.9340699524619,1587.9340699524619,3,71,300.0
1187.9340699524619,1843.967034976231,0.0,1187.9340699524619,1843.967034976231,1101.9423112084041,1757.9752762321732,85.99175874405773,85.99175874405773,1.0780365340992832,1.0489152264577701,1.0780365340992832,1.0489152264577701,1.0780365340992832,1.2445761322888507,687.9340699524619,1187.9340699524619,2187.934069952462,3,71,500.0
1687.9340699524619,3343.967034976231,0.0,1687.9340699524619,3343.967034976231,1601.9423112084041,3257.975276232173,85.99175874405773,85.99175874405773,1.0536796850563184,1.0263942330598366,1.0536796850563184,1.0263942330598366,1.0536796850563184,1.1319711652991833,687.9340699524619,1687.9340699524619,3687.934069952462,3,71,1000.0
2687.934069952462,6343.967034976231,0.0,2687.934069952462,6343.967034976231,2601.942311208404,6257.975276232173,85.99175874405773,85.99175874405773,1.0330490642984782,1.0137411470880453,1.0330490642984782,1.0137411470880453,1.0330490642984782,1.068705735440227,687.9340699524619,2687.934069952462,6687.934069952462,3,71,2000.0
800.3628599923104,800.3628599923104,0.0,800.3628599923104,800.3628599923104,700.3628599923104,700.3628599923104,100.0,100.0,1.1427831281645888,1.1427831281645888,1.1427831281645888,1.1427831281645888,1.1427831281645888,1.4283493844937662,700.3628599923104,800.3628599923104,1000.3628599923104,3,72,100.0
1000.3628599923104,1162.6360724971164,0.0,1000.3628599923104,1162.6360724971164,737.726787495194,1075.0907149980776,262.6360724971164,87.5453574990388,1.356007233231757,1.0814306702473897,1.356007233231757,1.0814306702473897,1.356007233231757,1.4885840214843378,700.3628599923104,1000.3628599923104,1600.3628599923104,3,72,300.0
1200.3628599923104,1762.6360724971164,0.0,1200.3628599923104,1762.6360724971164,937.726787495194,1675.0907149980776,262.6360724971164,87.5453574990388,1.2800773914101953,1.0522630546006813,1.2800773914101953,1.0522630546006813,1.2800773914101953,1.3135783276040878,700.3628599923104,1200.3628599923104,2200.3628599923104,3,72,500.0
1700.3628599923104,3262.6360724971164,0.0,1700.3628599923104,3262.6360724971164,1437.726787495194,3175.0907149980776,262.6360724971164,87.5453574990388,1.1826745350934726,1.02757255315116,1.1826745350934726,1.02757255315116,1.1826745350934726,1.1654353189069595,700.3628599923104,1700.3628599923104,3700.3628599923104,3,72,1000.0
2700.3628599923104,6262.636072497116,0.0,2700.3628599923104,6262.636072497116,2437.726787495194,6175.090714998078,262.6360724971164,87.5453574990388,1.1077381082426303,1.0141771775573123,1.1077381082426303,1.0141771775573123,1.1077381082426303,1.0850630653438742,700.3628599923104,2700.3628599923104,6700.36285999231,3,72,2000.0
802.311251021456,802.311251021456,0.0,802.311251021456,802.311251021456,702.311251021456,702.311251021456,100.0,100.0,1.1423870112497243,1.1423870112497243,1.1423870112497243,1.1423870112497243,1.1423870112497243,1.427161033749173,702.311251021456,802.311251021456,1002.311251021456,3,73,100.0
1002.311251021456,1163.366719133046,0.0,1002.311251021456,1163.366719133046,826.733438266092,1163.366719133046,175.577812755364,0.0,1.2123753614267778,1.0,1.2123753614267778,1.0,1.2123753614267778,1.377305388463851,702.311251021456,1002.311251021456,1602.311251021456,3,73,300.0
1202.311251021456,1763.366719133046,0.0,1202.311251021456,1763.366719133046,1026.733438266092,1763.366719133046,175.577812755364,0.0,1.1710062283077807,1.0,1.1710062283077807,1.0,1.1710062283077807,1.248924133094797,702.311251021456,1202.311251021456,2202.311251021456,3,73,500.0
1702.311251021456,3263.366719133046,0.0,1702.311251021456,3263.366719133046,1526.733438266092,3263.366719133046,175.577812755364,0.0,1.115002271093746,1.0,1.115002271093746,1.0,1.115002271093746,1.1345066520764853,702.311251021456,1702.311251021456,3702.311251021456,3,73,1000.0
2702.311251021456,6263.366719133046,0.0,2702.311251021456,6263.366719133046,2526.733438266092,6263.366719133046,175.577812755364,0.0,1.0694880631634218,1.0,1.0694880631634218,1.0,1.0694880631634218,1.0700812440931395,702.311251021456,2702.311251021456,6702.311251021456,3,73,2000.0
698.2514700153843,698.542891679487,0.0,698.2514700153843,698.542891679487,598.542891679487,598.8343133435894,99.7085783358973,99.70857833589753,1.1665855191365135,1.1665044505869662,1.1665855191365135,1.1665044505869662,1.1665855191365135,1.5000000000000002,598.2514700153843,698.2514700153843,898.2514700153843,3,74,100.0
898.2514700153843,1199.1257350076921,0.0,898.2514700153843,1199.1257350076921,798.542891679487,1099.4171566717946,99.7085783358973,99.70857833589753,1.1248631468325907,1.0906922160808732,1.1248631468325907,1.0906922160808732,1.1248631468325907,1.362768864323492,598.2514700153843,898.2514700153843,1498.2514700153843,3,74,300.0
1098.2514700153843,1799.1257350076921,0.0,1098.2514700153843,1799.1257350076921,998.542891679487,1699.4171566717946,99.7085783358973,99.70857833589753,1.0998540765416633,1.0586722206166088,1.0998540765416633,1.0586722206166088,1.0998540765416633,1.2346888824664348,598.2514700153843,1098.2514700153843,2098.2514700153843,3,74,500.0
1598.2514700153843,3299.125735007692,0.0,1598.2514700153843,3299.125735007692,1498.542891679487,3199.417156671795,99.7085783358973,99.70857833589707,1.0665370199875621,1.0311646070059897,1.0665370199875621,1.0311646070059897,1.0665370199875621,1.1246584280239587,598.2514700153843,1598.2514700153843,3598.2514700153843,3,74,1000.0
2598.2514700153843,6299.125735007692,0.0,2598.2514700153843,6299.125735007692,2498.5428916794867,6199.417156671794,99.70857833589753,99.70857833589798,1.0399066906827743,1.0160835407290816,1.0399066906827743,1.0160835407290816,1.0399066906827743,1.064334162916326,598.2514700153843,2598.2514700153843,6598.251470015384,3,74,2000.0
693.6215840047225,693.6215840047225,0.0,693.6215840047225,693.6215840047225,593.6215840047225,595.747722669815,100.0,97.87386133490759,1.1684574865444994,1.1642874284039064,1.1684574865444994,1.1642874284039064,1.1684574865444994,1.5000000000000002,593.6215840047225,693.6215840047225,893.6215840047225,3,75,100.0
893.6215840047225,1097.8738613349074,0.0,893.6215840047225,1097.8738613349074,695.747722669815,1097.8738613349074,197.8738613349076,0.0,1.2844046123149349,1.0,1.2844046123149349,1.0,1.2844046123149349,1.3604673875636537,593.6215840047225,893.6215840047225,1493.6215840047225,3,75,300.0
1093.6215840047225,1697.8738613349074,0.0,1093.6215840047225,1697.8738613349074,895.747722669815,1697.8738613349074,197.8738613349076,0.0,1.2209035605975485,1.0,1.2209035605975485,1.0,1.2209035605975485,1.2330842895235274,593.6215840047225,1093.6215840047225,2093.6215840047225,3,75,500.0
1593.6215840047225,3197.873861334908,0.0,1593.6215840047225,3197.873861334908,1395.747722669815,3197.873861334908,197.8738613349076,0.0,1.1417690733941592,1.0,1.1417690733941592,1.0,1.1417690733941592,1.123753387353626,593.6215840047225,1593.6215840047225,3593.6215840047225,3,75,1000.0
2593.6215840047225,6197.873861334907,0.0,2593.6215840047225,6197.873861334907,2395.747722669815,6197.873861334907,197.87386133490736,0.0,1.0825937804145744,1.0,1.0825937804145744,1.0,1.0825937804145744,1.0638521743946203,593.6215840047225,2593.6215840047225,6593.6215840047225,3,75,2000.0
762.3146390193142,762.3146390193142,0.0,762.3146390193142,762.3146390193142,667.698262016555,673.0818850137958,94.61637700275924,89.23275400551836,1.141705291724143,1.1325734000458048,1.141705291724143,1.1325734000458048,1.141705291724143,1.4297140666615773,662.3146390193142,762.3146390193142,962.3146390193142,3,76,100.0
962.3146390193142,1089.2327540055185,0.0,962.3146390193142,1089.2327540055185,867.698262016555,1183.8491310082775,94.61637700275924,-94.61637700275901,1.1090429486200286,0.9200773354268759,1.1090429486200286,0.9200773354268759,1.1090429486200286,1.319690658292497,662.3146390193142,962.3146390193142,1562.3146390193142,3,76,300.0
1162.3146390193142,1689.2327540055185,0.0,1162.3146390193142,1689.2327540055185,1067.698262016555,1783.8491310082775,94.61637700275924,-94.61637700275901,1.0886171499652513,0.9469594287106111,1.0886171499652513,0.9469594287106111,1.0886171499652513,1.212162285157556,662.3146390193142,1162.3146390193142,2162.314639019314,3,76,500.0
1662.3146390193142,3189.2327540055185,0.0,1662.3146390193142,3189.2327540055185,1567.698262016555,3283.8491310082773,94.61637700275924,-94.61637700275878,1.0603536913290015,0.9711873556829002,1.0603536913290015,0.9711873556829002,1.0603536913290015,1.1152505772683998,662.3146390193142,1662.3146390193142,3662.314639019314,3,76,1000.0
2662.314639019314,6189.2327540055185,0.0,2662.314639019314,6189.2327540055185,2567.698262016555,6283.849131008277,94.61637700275924,-94.61637700275878,1.0368487132629252,0.9849429266950626,1.0368487132629252,0.9849429266950626,1.0368487132629252,1.0602282932197498,662.3146390193142,2662.314639019314,6662.314639019314,3,76,2000.0
704.8497860319912,704.8497860319912,0.0,704.8497860319912,704.8497860319912,604.8497860319912,604.8497860319912,100.0,100.0,1.1653303056549495,1.1653303056549495,1.1653303056549495,1.1653303056549495,1.1653303056549495,1.4959909169648489,604.8497860319912,704.8497860319912,904.8497860319912,3,77,100.0
904.8497860319912,1101.616595343997,0.0,904.8497860319912,1101.616595343997,804.0414883599927,1202.4248930159956,100.8082976719985,-100.80829767199862,1.1253769850578452,0.9161624994147076,1.1253769850578452,0.9161624994147076,1.1253769850578452,1.2515125017558768,604.8497860319912,904.8497860319912,1504.8497860319912,3,77,300.0
1104.8497860319912,1701.616595343997,0.0,1104.8497860319912,1701.616595343997,1004.0414883599927,1802.4248930159956,100.8082976719985,-100.80829767199862,1.1004025220478282,0.9440707360053621,1.1004025220478282,0.9440707360053621,1.1004025220478282,1.1677877919839137,604.8497860319912,1104.8497860319912,2104.8497860319912,3,77,500.0
1604.8497860319912,3201.616595343997,0.0,1604.8497860319912,3201.616595343997,1504.0414883599929,3302.4248930159956,100.80829767199839,-100.80829767199884,1.0670249447586182,0.9694744616644607,1.0670249447586182,0.9694744616644607,1.0670249447586182,1.0915766150066175,604.8497860319912,1604.8497860319912,3604.8497860319912,3,77,1000.0
2604.8497860319912,6201.616595343998,0.0,2604.8497860319912,6201.616595343998,2504.041488359993,6302.424893015996,100.80829767199839,-100.80829767199793,1.0402582377890321,0.9840048395049169,1.0402582377890321,0.9840048395049169,1.0402582377890321,1.0479854814852496,604.8497860319912,2604.8497860319912,6604.849786031991,3,77,2000.0
706.7574199987575,706.7574199987575,0.0,706.7574199987575,706.7574199987575,606.7574199987575,606.7574199987575,100.0,100.0,1.1648105102698287,1.1648105102698287,1.1648105102698287,1.1648105102698287,1.1648105102698287,1.4944315308094862,606.7574199987575,706.7574199987575,906.7574199987575,3,78,100.0
906.7574199987575,1102.2524733329192,0.0,906.7574199987575,1102.2524733329192,805.631183332298,1203.3787099993788,101.12623666645959,-101.12623666645959,1.1255242333696363,0.915964745074714,1.1255242333696363,0.915964745074714,1.1255242333696363,1.252105764775858,606.7574199987575,906.7574199987575,1506.7574199987575,3,78,300.0
1106.7574199987575,1702.2524733329192,0.0,1106.7574199987575,1702.2524733329192,1005.631183332298,1803.3787099993788,101.12623666645959,-101.12623666645959,1.1005599650672764,0.9439240154573554,1.1005599650672764,0.9439240154573554,1.1005599650672764,1.1682279536279339,606.7574199987575,1106.7574199987575,2106.7574199987575,3,78,500.0
1606.7574199987575,3202.252473332919,0.0,1606.7574199987575,3202.252473332919,1505.631183332298,3303.3787099993788,101.12623666645959,-101.12623666645959,1.0671653441997957,0.9693870289953892,1.0671653441997957,0.9693870289953892,1.0671653441997957,1.0918389130138324,606.7574199987575,1606.7574199987575,3606.7574199987575,3,78,1000.0
2606.7574199987575,6202.252473332919,0.0,2606.7574199987575,6202.252473332919,2505.631183332298,6303.378709999379,101.12623666645959,-101.12623666645959,1.040359585775896,0.9839568204102924,1.040359585775896,0.9839568204102924,1.040359585775896,1.048129538769123,606.7574199987575,2606.7574199987575,6606.7574199987575,3,78,2000.0
861.3491360098124,861.3491360098124,0.0,861.3491360098124,861.3491360098124,761.3491360098124,761.3491360098124,100.0,100.0,1.1313457850942004,1.1313457850942004,1.1313457850942004,1.1313457850942004,1.1313457850942004,1.3940373552826013,761.3491360098124,861.3491360098124,1061.3491360098124,3,79,100.0
1061.3491360098124,1238.3773937821388,0.0,1061.3491360098124,1238.3773937821388,892.1604391187429,1153.7830453366041,169.1886968910694,84.5943484455347,1.1896393176301232,1.0733191121046983,1.1896393176301232,1.0733191121046983,1.1896393176301232,1.43991467262819,761.3491360098124,1061.3491360098124,1661.3491360098124,3,79,300.0
1261.3491360098124,1838.3773937821388,0.0,1261.3491360098124,1838.3773937821388,1092.160439118743,1753.7830453366041,169.1886968910694,84.5943484455347,1.1549119440982376,1.0482353553767527,1.1549119440982376,1.0482353553767527,1.1549119440982376,1.2894121322605163,761.3491360098124,1261.3491360098124,2261.3491360098124,3,79,500.0
1761.3491360098124,3338.377393782139,0.0,1761.3491360098124,3338.377393782139,1592.160439118743,3253.783045336604,169.1886968910694,84.5943484455347,1.1062635980232713,1.0259987673630475,1.1062635980232713,1.0259987673630475,1.1062635980232713,1.155992604178285,761.3491360098124,1761.3491360098124,3761.3491360098124,3,79,1000.0
2761.3491360098124,6338.377393782139,0.0,2761.3491360098124,6338.377393782139,2592.160439118743,6253.783045336604,169.1886968910694,84.5943484455347,1.0652693769790686,1.0135269080862368,1.0652693769790686,1.0135269080862368,1.0652693769790686,1.0811614485174212,761.3491360098124,2761.3491360098124,6761.349136009812,3,79,2000.0
803.0107319587842,803.0107319587842,0.0,803.0107319587842,803.0107319587842,703.0107319587842,703.0107319587842,100.0,100.0,1.1422453391591507,1.1422453391591507,1.1422453391591507,1.1422453391591507,1.1422453391591507,1.426736017477452,703.0107319587842,803.0107319587842,1003.0107319587842,3,80,100.0
1003.0107319587842,1163.629024484544,0.0,1003.0107319587842,1163.629024484544,827.2580489690881,1075.752682989696,175.75268298969604,87.87634149484802,1.2124520676573838,1.0816882382766875,1.2124520676573838,1.0816882382766875,1.2124520676573838,1.4901294296601242,703.0107319587842,1003.0107319587842,1603.0107319587842,3,80,300.0
1203.0107319587842,1763.629024484544,0.0,1203.0107319587842,1763.629024484544,1027.2580489690881,1675.752682989696,175.75268298969604,87.87634149484802,1.171089127182867,1.0524399228996422,1.171089127182867,1.0524399228996422,1.171089127182867,1.3146395373978526,703.0107319587842,1203.0107319587842,2203.010731958784,3,80,500.0
1703.0107319587842,3263.629024484544,0.0,1703.0107319587842,3263.629024484544,1527.2580489690881,3175.752682989696,175.75268298969604,87.87634149484802,1.115077267465266,1.0276710280260615,1.115077267465266,1.0276710280260615,1.115077267465266,1.1660261681563693,703.0107319587842,1703.0107319587842,3703.010731958784,3,80,1000.0
2703.010731958784,6263.629024484544,0.0,2703.010731958784,6263.629024484544,2527.258048969088,6175.752682989696,175.75268298969604,87.87634149484802,1.069542832423222,1.0142292520451623,1.069542832423222,1.0142292520451623,1.069542832423222,1.085375512270974,703.0107319587842,2703.010731958784,6703.010731958784,3,80,2000.0
706.9697110215202,706.9697110215202,0.0,706.9697110215202,706.9697110215202,606.9697110215202,606.9697110215202,100.0,100.0,1.1647528668798013,1.1647528668798013,1.1647528668798013,1.1647528668798013,1.1647528668798013,1.494258600639404,606.9697110215202,706.9697110215202,906.9697110215202,3,81,100.0
906.9697110215202,1102.3232370071732,0.0,906.9697110215202,1102.3232370071732,805.8080925179336,1102.3232370071732,101.16161850358662,0.0,1.1255405839714065,1.0,1.1255405839714065,1.0,1.1255405839714065,1.3670851347677013,606.9697110215202,906.9697110215202,1506.9697110215202,3,81,300.0
1106.9697110215202,1702.3232370071732,0.0,1106.9697110215202,1702.3232370071732,1005.8080925179336,1702.3232370071732,101.16161850358662,0.0,1.1005774553377665,1.0,1.1005774553377665,1.0,1.1005774553377665,1.237702491053197,606.9697110215202,1106.9697110215202,2106.96971102152,3,81,500.0
1606.9697110215202,3202.3232370071737,0.0,1606.9697110215202,3202.3232370071737,1505.8080925179336,3202.3232370071737,101.16161850358662,0.0,1.0671809502195126,1.0,1.0671809502195126,1.0,1.0671809502195126,1.1263602841019011,606.9697110215202,1606.9697110215202,3606.96971102152,3,81,1000.0
2606.96971102152,6202.323237007173,0.0,2606.96971102152,6202.323237007173,2505.8080925179333,6202.323237007173,101.16161850358685,0.0,1.0403708563339884,1.0,1.0403708563339884,1.0,1.0403708563339884,1.0652411134588984,606.9697110215202,2606.96971102152,6606.96971102152,3,81,2000.0
699.2172550177202,699.3477125147668,0.0,699.2172550177202,699.3477125147668,599.3477125147668,599.6086275088601,99.86954250295332,99.73908500590676,1.1666303890339662,1.1663403100457106,1.1666303890339662,1.1663403100457106,1.1666303890339662,1.4996736433790439,599.2172550177202,699.2172550177202,899.2172550177202,3,82,100.0
899.2172550177202,1199.60862750886,0.0,899.2172550177202,1199.60862750886,799.3477125147668,1199.60862750886,99.86954250295332,0.0,1.1249387981467556,1.0,1.1249387981467556,1.0,1.1249387981467556,1.2497553123897045,599.2172550177202,899.2172550177202,1499.2172550177202,3,82,300.0
1099.2172550177202,1799.60862750886,0.0,1099.2172550177202,1799.60862750886,999.3477125147668,1799.60862750886,99.86954250295332,0.0,1.0999347286758088,1.0,1.0999347286758088,1.0,1.0999347286758088,1.1664854362937782,599.2172550177202,1099.2172550177202,2099.21725501772,3,82,500.0
1599.2172550177202,3299.60862750886,0.0,1599.2172550177202,3299.60862750886,1499.347712514767,3299.60862750886,99.86954250295321,0.0,1.0666086603323308,1.0,1.0666086603323308,1.0,1.0666086603323308,1.0908012620075669,599.2172550177202,1599.2172550177202,3599.21725501772,3,82,1000.0
2599.21725501772,6299.60862750886,0.0,2599.21725501772,6299.60862750886,2499.347712514767,6299.60862750886,99.86954250295321,0.0,1.039958242705841,1.0,1.039958242705841,1.0,1.039958242705841,1.0475598795456185,599.2172550177202,2599.21725501772,6599.21725501772,3,82,2000.0
862.4876660411246,862.4876660411246,0.0,862.4876660411246,862.4876660411246,762.4876660411246,762.4876660411246,100.0,100.0,1.1311496624190724,1.1311496624190724,1.1311496624190724,1.1311496624190724,1.1311496624190724,1.3934489872572176,762.4876660411246,862.4876660411246,1062.4876660411246,3,83,100.0
1062.4876660411246,1238.8834071293886,0.0,1062.4876660411246,1238.8834071293886,808.325110694083,1154.1625553470415,254.16255534704158,84.72085178234715,1.3144311020213144,1.0734046095932064,1.3144311020213144,1.0734046095932064,1.3144311020213144,1.4404276575592392,762.4876660411246,1062.4876660411246,1662.4876660411246,3,83,300.0
1262.4876660411246,1838.8834071293886,0.0,1262.4876660411246,1838.8834071293886,1008.325110694083,1754.1625553470415,254.16255534704158,84.72085178234715,1.2520640938636232,1.0482970358272106,1.2520640938636232,1.0482970358272106,1.2520640938636232,1.289782214963263,762.4876660411246,1262.4876660411246,2262.4876660411246,3,83,500.0
1762.4876660411246,3338.8834071293886,0.0,1762.4876660411246,3338.8834071293886,1508.325110694083,3254.1625553470412,254.1625553470417,84.72085178234738,1.168506480164667,1.026034609624261,1.168506480164667,1.026034609624261,1.168506480164667,1.1562076577455649,762.4876660411246,1762.4876660411246,3762.4876660411246,3,83,1000.0
2762.4876660411246,6338.883407129389,0.0,2762.4876660411246,6338.883407129389,2508.325110694083,6254.162555347042,254.1625553470417,84.72085178234647,1.1013275967550762,1.0135463143198786,1.1013275967550762,1.0135463143198786,1.1013275967550762,1.0812778859192724,762.4876660411246,2762.4876660411246,6762.487666041125,3,83,2000.0
825.5346649908461,825.5346649908461,0.0,825.5346649908461,825.5346649908461,734.8428318669903,744.1509987431346,90.69183312385576,81.38366624771152,1.1234166398458811,1.1093644520872348,1.1234166398458811,1.1093644520872348,1.1234166398458811,1.3781271095825531,725.5346649908461,825.5346649908461,1025.534664990846,3,84,100.0
1025.534664990846,1172.0754993715673,0.0,1025.534664990846,1172.0754993715673,934.8428318669903,1172.0754993715673,90.69183312385576,0.0,1.0970129202817265,1.0,1.0970129202817265,1.0,1.0970129202817265,1.386885627984213,725.5346649908461,1025.534664990846,1625.534664990846,3,84,300.0
1225.534664990846,1772.0754993715673,0.0,1225.534664990846,1772.0754993715673,1134.8428318669903,1772.0754993715673,90.69183312385576,0.0,1.0799157650532574,1.0,1.0799157650532574,1.0,1.0799157650532574,1.2558915609295933,725.5346649908461,1225.534664990846,2225.534664990846,3,84,500.0
1725.534664990846,3272.0754993715673,0.0,1725.534664990846,3272.0754993715673,1634.8428318669903,3272.0754993715673,90.69183312385576,0.0,1.0554743436837202,1.0,1.0554743436837202,1.0,1.0554743436837202,1.138584566800604,725.5346649908461,1725.534664990846,3725.534664990846,3,84,1000.0
2725.534664990846,6272.075499371567,0.0,2725.534664990846,6272.075499371567,2634.8428318669903,6272.075499371567,90.69183312385576,0.0,1.0344202060278462,1.0,1.0344202060278462,1.0,1.0344202060278462,1.0722981038198143,725.5346649908461,2725.534664990846,6725.534664990846,3,84,2000.0
804.9848819733597,804.9848819733597,0.0,804.9848819733597,804.9848819733597,716.8617717266898,716.8617717266898,88.12311024666997,88.12311024666997,1.122929013266267,1.122929013266267,1.122929013266267,1.122929013266267,1.122929013266267,1.401922827538528,704.9848819733597,804.9848819733597,1004.9848819733597,3,85,100.0
1004.9848819733597,1252.4924409866799,0.0,1004.9848819733597,1252.4924409866799,916.8617717266898,1252.4924409866799,88.12311024666997,0.0,1.096113845035453,1.0,1.096113845035453,1.0,1.096113845035453,1.281432789094516,704.9848819733597,1004.9848819733597,1604.9848819733597,3,85,300.0
1204.9848819733597,1852.4924409866799,0.0,1204.9848819733597,1852.4924409866799,1116.8617717266898,1852.4924409866799,88.12311024666997,0.0,1.0789024322234881,1.0,1.0789024322234881,1.0,1.0789024322234881,1.1902800967970129,704.9848819733597,1204.9848819733597,2204.9848819733597,3,85,500.0
1704.9848819733597,3352.49244098668,0.0,1704.9848819733597,3352.49244098668,1616.8617717266898,3352.49244098668,88.12311024666997,0.0,1.0545025627964233,1.0,1.0545025627964233,1.0,1.0545025627964233,1.1051433962019426,704.9848819733597,1704.9848819733597,3704.9848819733597,3,85,1000.0
2704.9848819733597,6352.49244098668,0.0,2704.9848819733597,6352.49244098668,2616.8617717266898,6352.49244098668,88.12311024666997,0.0,1.0336751108517754,1.0,1.0336751108517754,1.0,1.0336751108517754,1.0554888406812382,704.9848819733597,2704.9848819733597,6704.98488197336,3,85,2000.0
732.1717832688591,741.861528516165,0.0,732.1717832688591,741.861528516165,722.4820380215533,741.861528516165,9.689745247305837,0.0,1.0134117455346576,1.0,1.0134117455346576,1.0,1.1384117455346576,1.3782653483415856,722.4820380215533,822.4820380215533,1022.4820380215533,3,86,100.0
932.1717832688591,1170.9307642580825,0.0,932.1717832688591,1170.9307642580825,841.861528516165,1170.9307642580825,90.31025475269416,0.0,1.1072744764948124,1.0,1.1072744764948124,1.0,1.2145489529896247,1.385634477756317,722.4820380215533,1022.4820380215533,1622.4820380215533,3,86,300.0
1132.1717832688591,1770.9307642580825,0.0,1132.1717832688591,1770.9307642580825,1041.861528516165,1770.9307642580825,90.31025475269416,0.0,1.0866816292576955,1.0,1.0866816292576955,1.0,1.173363258515391,1.2549796315457,722.4820380215533,1222.4820380215533,2222.4820380215533,3,86,500.0
1632.1717832688591,3270.9307642580825,0.0,1632.1717832688591,3270.9307642580825,1541.861528516165,3270.9307642580825,90.31025475269416,0.0,1.0585722213586881,1.0,1.0585722213586881,1.0,1.1171444427173765,1.1380497804165208,722.4820380215533,1722.4820380215533,3722.4820380215533,3,86,1000.0
2632.171783268859,6270.9307642580825,0.0,2632.171783268859,6270.9307642580825,2541.861528516165,6270.9307642580825,90.31025475269416,0.0,1.035529179595166,1.0,1.035529179595166,1.0,1.0710583591903322,1.0720070577620058,722.4820380215533,2722.4820380215533,6722.482038021553,3,86,2000.0
705.5404000217095,705.5404000217095,0.0,705.5404000217095,705.5404000217095,605.5404000217095,605.5404000217095,100.0,100.0,1.1651417477618584,1.1651417477618584,1.1651417477618584,1.1651417477618584,1.1651417477618584,1.4954252432855752,605.5404000217095,705.5404000217095,905.5404000217095,3,87,100.0
905.5404000217095,1104.6170000180914,0.0,905.5404000217095,1104.6170000180914,804.6170000180913,1101.8468000072364,100.92340000361821,2.7702000108549782,1.1254303600363267,1.0025141426292992,1.1254303600363267,1.0025141426292992,1.1254303600363267,1.366379064686508,605.5404000217095,905.5404000217095,1505.5404000217095,3,87,300.0
1105.5404000217095,1701.8468000072364,0.0,1105.5404000217095,1701.8468000072364,1004.6170000180913,1701.8468000072364,100.92340000361821,0.0,1.1004595781295765,1.0,1.1004595781295765,1.0,1.1004595781295765,1.2372091307001056,605.5404000217095,1105.5404000217095,2105.5404000217095,3,87,500.0
1605.5404000217095,3201.846800007236,0.0,1605.5404000217095,3201.846800007236,1504.6170000180914,3201.846800007236,100.9234000036181,0.0,1.0670758073332978,1.0,1.0670758073332978,1.0,1.0670758073332978,1.1260814852270762,605.5404000217095,1605.5404000217095,3605.5404000217095,3,87,1000.0
2605.5404000217095,6201.846800007237,0.0,2605.5404000217095,6201.846800007237,2504.6170000180914,6201.846800007237,100.9234000036181,0.0,1.0402949432998694,1.0,1.0402949432998694,1.0,1.0402949432998694,1.065092481809451,605.5404000217095,2605.5404000217095,6605.5404000217095,3,87,2000.0
827.7184010017663,827.7184010017663,0.0,827.7184010017663,827.7184010017663,736.7536008765455,745.7888007513247,90.96480012522079,81.92960025044158,1.1234670587520663,1.1098563027064818,1.1234670587520663,1.1098563027064818,1.1234670587520663,1.3780287394587036,727.7184010017663,827.7184010017663,1027.7184010017663,3,88,100.0
1027.7184010017663,1172.8944003756624,0.0,1027.7184010017663,1172.8944003756624,936.7536008765455,1172.8944003756624,90.96480012522079,0.0,1.097106432299916,1.0,1.097106432299916,1.0,1.097106432299916,1.3877791559755337,727.7184010017663,1027.7184010017663,1627.7184010017663,3,88,300.0
1227.7184010017663,1772.8944003756624,0.0,1227.7184010017663,1772.8944003756624,1136.7536008765455,1772.8944003756624,90.96480012522079,0.0,1.0800215632086656,1.0,1.0800215632086656,1.0,1.0800215632086656,1.2565431988107867,727.7184010017663,1227.7184010017663,2227.7184010017663,3,88,500.0
1727.7184010017663,3272.8944003756624,0.0,1727.7184010017663,3272.8944003756624,1636.7536008765455,3272.8944003756624,90.96480012522079,0.0,1.0555763555837028,1.0,1.0555763555837028,1.0,1.0555763555837028,1.1389669035988144,727.7184010017663,1727.7184010017663,3727.7184010017663,3,88,1000.0
2727.7184010017663,6272.894400375662,0.0,2727.7184010017663,6272.894400375662,2636.7536008765455,6272.894400375662,90.96480012522079,0.0,1.0344987867258362,1.0,1.0344987867258362,1.0,1.0344987867258362,1.0725062421900273,727.7184010017663,2727.7184010017663,6727.718401001766,3,88,2000.0
861.2751360284165,861.2751360284165,0.0,861.2751360284165,861.2751360284165,761.2751360284165,761.2751360284165,100.0,100.0,1.1313585526012335,1.1313585526012335,1.1313585526012335,1.1313585526012335,1.1313585526012335,1.3940756578037008,761.2751360284165,861.2751360284165,1061.2751360284165,3,89,100.0
1061.2751360284165,1238.3445049015183,0.0,1061.2751360284165,1238.3445049015183,892.1028835776573,1153.7583786761388,169.17225245075917,84.58612622537953,1.1896331191894782,1.073313553156976,1.1896331191894782,1.073313553156976,1.1896331191894782,1.4398813189418562,761.2751360284165,1061.2751360284165,1661.2751360284165,3,89,300.0
1261.2751360284165,1838.3445049015183,0.0,1261.2751360284165,1838.3445049015183,1092.1028835776574,1753.7583786761388,169.17225245075906,84.58612622537953,1.1549050506089333,1.0482313454657484,1.1549050506089333,1.0482313454657484,1.1549050506089333,1.2893880727944902,761.2751360284165,1261.2751360284165,2261.2751360284165,3,89,500.0
1761.2751360284165,3338.344504901518,0.0,1761.2751360284165,3338.344504901518,1592.1028835776574,3253.758378676139,169.17225245075906,84.5861262253793,1.1062571107657362,1.0259964374674295,1.1062571107657362,1.0259964374674295,1.1062571107657362,1.155978624804578,761.2751360284165,1761.2751360284165,3761.2751360284165,3,89,1000.0
2761.2751360284165,6338.344504901519,0.0,2761.2751360284165,6338.344504901519,2592.1028835776574,6253.758378676139,169.17225245075906,84.58612622538021,1.0652644821787571,1.0135256466757332,1.0652644821787571,1.0135256466757332,1.0652644821787571,1.0811538800543992,761.2751360284165,2761.2751360284165,6761.2751360284165,3,89,2000.0
817.0455470331945,817.0455470331945,0.0,817.0455470331945,817.0455470331945,727.4148536540451,727.4148536540451,89.6306933791493,89.6306933791493,1.1232181236455439,1.1232181236455439,1.1232181236455439,1.1232181236455439,1.1232181236455439,1.3981643926079301,717.0455470331945,817.0455470331945,1017.0455470331945,3,90,100.0
1017.0455470331945,1168.892080137448,0.0,1017.0455470331945,1168.892080137448,927.4148536540451,1168.892080137448,89.6306933791493,0.0,1.096645738448119,1.0,1.096645738448119,1.0,1.096645738448119,1.3834002082066028,717.0455470331945,1017.0455470331945,1617.0455470331945,3,90,300.0
1217.0455470331945,1768.892080137448,0.0,1217.0455470331945,1768.892080137448,1127.4148536540451,1768.892080137448,89.6306933791493,0.0,1.0795010754813534,1.0,1.0795010754813534,1.0,1.0795010754813534,1.2533526335088367,717.0455470331945,1217.0455470331945,2217.0455470331945,3,90,500.0
1717.0455470331945,3268.892080137448,0.0,1717.0455470331945,3268.892080137448,1627.4148536540451,3268.892080137448,89.6306933791493,0.0,1.0550755040596447,1.0,1.0550755040596447,1.0,1.0550755040596447,1.1370964399892036,717.0455470331945,1717.0455470331945,3717.0455470331945,3,90,1000.0
2717.0455470331945,6268.892080137448,0.0,2717.0455470331945,6268.892080137448,2627.414853654045,6268.892080137448,89.6306933791493,0.0,1.0341136433991367,1.0,1.0341136433991367,1.0,1.0341136433991367,1.07148846417626,717.0455470331945,2717.0455470331945,6717.045547033194,3,90,2000.0
769.5967770065181,769.5967770065181,0.0,769.5967770065181,769.5967770065181,673.9400945770154,678.283412147513,95.65668242950267,91.3133648590051,1.1419364765492097,1.1346242046077728,1.1419364765492097,1.1346242046077728,1.1419364765492097,1.429486199488025,669.5967770065181,769.5967770065181,969.5967770065181,3,91,100.0
969.5967770065181,1091.313364859005,0.0,969.5967770065181,1091.313364859005,873.9400945770154,1186.9700472885077,95.65668242950267,-95.65668242950255,1.109454507263224,0.9194110393535044,1.109454507263224,0.9194110393535044,1.109454507263224,1.3223558425859825,669.5967770065181,969.5967770065181,1569.596777006518,3,91,300.0
1169.596777006518,1691.313364859005,0.0,1169.596777006518,1691.313364859005,1073.9400945770153,1786.9700472885077,95.65668242950278,-95.65668242950255,1.0890707804956088,0.9464699016222186,1.0890707804956088,0.9464699016222186,1.0890707804956088,1.2141203935111258,669.5967770065181,1169.596777006518,2169.596777006518,3,91,500.0
1669.596777006518,3191.313364859005,0.0,1669.596777006518,3191.313364859005,1573.9400945770153,3286.970047288508,95.65668242950278,-95.65668242950278,1.0607753006350662,0.9708982190122444,1.0607753006350662,0.9708982190122444,1.0607753006350662,1.116407123951022,669.5967770065181,1669.596777006518,3669.596777006518,3,91,1000.0
2669.596777006518,6191.313364859005,0.0,2669.596777006518,6191.313364859005,2573.9400945770153,6286.970047288508,95.65668242950278,-95.65668242950323,1.0371635232036052,0.9847849311019449,1.0371635232036052,0.9847849311019449,1.0371635232036052,1.0608602755922198,669.5967770065181,2669.596777006518,6669.596777006518,3,91,2000.0
799.7464059968479,799.7464059968479,0.0,799.7464059968479,799.7464059968479,699.7464059968479,699.7464059968479,100.0,100.0,1.1429089154913794,1.1429089154913794,1.1429089154913794,1.1429089154913794,1.1429089154913794,1.4287267464741382,699.7464059968479,799.7464059968479,999.7464059968479,3,92,100.0
999.7464059968479,1249.873202998424,0.0,999.7464059968479,1249.873202998424,824.8098044976359,1249.873202998424,174.93660149921197,0.0,1.212093261434689,1.0,1.212093261434689,1.0,1.212093261434689,1.279926957517838,699.7464059968479,999.7464059968479,1599.746405996848,3,92,300.0
1199.746405996848,1849.873202998424,0.0,1199.746405996848,1849.873202998424,1024.809804497636,1849.873202998424,174.93660149921197,0.0,1.1707015299145838,1.0,1.1707015299145838,1.0,1.1707015299145838,1.189133613282965,699.7464059968479,1199.746405996848,2199.746405996848,3,92,500.0
1699.746405996848,3349.873202998424,0.0,1699.746405996848,3349.873202998424,1524.809804497636,3349.873202998424,174.93660149921197,0.0,1.1147268341161058,1.0,1.1147268341161058,1.0,1.1147268341161058,1.1044437152681652,699.7464059968479,1699.746405996848,3699.746405996848,3,92,1000.0
2699.746405996848,6349.873202998424,0.0,2699.746405996848,6349.873202998424,2524.809804497636,6349.873202998424,174.93660149921197,0.0,1.0692870414189553,1.0,1.0692870414189553,1.0,1.0692870414189553,1.055099242427898,699.7464059968479,2699.746405996848,6699.746405996848,3,92,2000.0
710.6394529924728,710.6394529924728,0.0,710.6394529924728,710.6394529924728,610.6394529924728,610.6394529924728,100.0,100.0,1.1637627564186106,1.1637627564186106,1.1637627564186106,1.1637627564186106,1.1637627564186106,1.491288269255832,610.6394529924728,710.6394529924728,910.6394529924728,3,93,100.0
910.6394529924728,1103.5464843308241,0.0,910.6394529924728,1103.5464843308241,808.8662108270607,1103.5464843308241,101.77324216541206,0.0,1.125822096167609,1.0,1.125822096167609,1.0,1.125822096167609,1.3688951706538257,610.6394529924728,910.6394529924728,1510.6394529924728,3,93,300.0
1110.6394529924728,1703.5464843308241,0.0,1110.6394529924728,1703.5464843308241,1008.8662108270607,1703.5464843308241,101.77324216541206,0.0,1.1008788291977576,1.0,1.1008788291977576,1.0,1.1008788291977576,1.238967925093961,610.6394529924728,1110.6394529924728,2110.639452992473,3,93,500.0
1610.6394529924728,3203.5464843308246,0.0,1610.6394529924728,3203.5464843308246,1508.8662108270607,3203.5464843308246,101.77324216541206,0.0,1.0674501433163028,1.0,1.0674501433163028,1.0,1.0674501433163028,1.127075717693756,610.6394529924728,1610.6394529924728,3610.639452992473,3,93,1000.0
2610.639452992473,6203.546484330824,0.0,2610.639452992473,6203.546484330824,2508.8662108270605,6203.546484330824,101.77324216541228,0.0,1.040565432196507,1.0,1.040565432196507,1.0,1.040565432196507,1.0656226192049825,610.6394529924728,2610.639452992473,6610.639452992473,3,93,2000.0
710.6490119709633,710.6490119709633,0.0,710.6490119709633,710.6490119709633,610.6490119709633,610.6490119709633,100.0,100.0,1.1637601929089096,1.1637601929089096,1.1637601929089096,1.1637601929089096,1.1637601929089096,1.4912805787267287,610.6490119709633,710.6490119709633,910.6490119709633,3,94,100.0
910.6490119709633,1108.8741766424696,0.0,910.6490119709633,1108.8741766424696,808.8741766424695,1205.3245059854817,101.77483532849385,-96.45032934301207,1.1258228266736712,0.9199797823208169,1.1258228266736712,0.9199797823208169,1.1258228266736712,1.2533131156541502,610.6490119709633,910.6490119709633,1510.6490119709633,3,94,300.0
1110.6490119709633,1703.5496706569877,0.0,1110.6490119709633,1703.5496706569877,1008.8741766424695,1805.3245059854817,101.77483532849385,-101.77483532849396,1.10087961183346,0.9436251848401417,1.10087961183346,0.9436251848401417,1.10087961183346,1.1691244454795746,610.6490119709633,1110.6490119709633,2110.6490119709633,3,94,500.0
1610.6490119709633,3203.5496706569875,0.0,1610.6490119709633,3203.5496706569875,1508.8741766424696,3305.3245059854817,101.77483532849374,-101.77483532849419,1.067450843088164,0.9692088219646228,1.067450843088164,0.9692088219646228,1.067450843088164,1.0923735341061314,610.6490119709633,1610.6490119709633,3610.6490119709633,3,94,1000.0
2610.6490119709633,6203.549670656988,0.0,2610.6490119709633,6203.549670656988,2508.8741766424696,6305.324505985482,101.77483532849374,-101.77483532849328,1.0405659384101498,0.9838589060353863,1.0405659384101498,0.9838589060353863,1.0405659384101498,1.0484232818938415,610.6490119709633,2610.6490119709633,6610.649011970963,3,94,2000.0
698.676935012918,698.8974458440983,0.0,698.676935012918,698.8974458440983,598.676935012918,599.1179566752786,100.0,99.77948916881974,1.167034996926752,1.166543980291514,1.167034996926752,1.166543980291514,1.167034996926752,1.5,598.676935012918,698.676935012918,898.676935012918,3,95,100.0
898.676935012918,1099.5589783376392,0.0,898.676935012918,1099.5589783376392,699.1179566752786,1099.5589783376392,199.55897833763936,0.0,1.2854439317889372,1.0,1.2854439317889372,1.0,1.2854439317889372,1.3629800352125563,598.676935012918,898.676935012918,1498.676935012918,3,95,300.0
1098.676935012918,1699.5589783376392,0.0,1098.676935012918,1699.5589783376392,899.1179566752786,1699.5589783376392,199.55897833763936,0.0,1.221949719562448,1.0,1.221949719562448,1.0,1.221949719562448,1.2348361908956293,598.676935012918,1098.676935012918,2098.676935012918,3,95,500.0
1598.676935012918,3199.558978337639,0.0,1598.676935012918,3199.558978337639,1399.1179566752785,3199.558978337639,199.55897833763947,0.0,1.14263198995162,1.0,1.14263198995162,1.0,1.14263198995162,1.1247415532507685,598.676935012918,1598.676935012918,3598.676935012918,3,95,1000.0
2598.676935012918,6199.55897833764,0.0,2598.676935012918,6199.55897833764,2399.1179566752785,6199.55897833764,199.55897833763947,0.0,1.0831801445120233,1.0,1.0831801445120233,1.0,1.0831801445120233,1.0643784433811934,598.676935012918,2598.676935012918,6598.676935012918,3,95,2000.0
758.0331499571912,758.0331499571912,0.0,758.0331499571912,758.0331499571912,658.0331499571912,670.0236785408508,100.0,88.00947141634038,1.151968027760464,1.1313527778719756,1.151968027760464,1.1313527778719756,1.151968027760464,1.4298496913475582,658.0331499571912,758.0331499571912,958.0331499571912,3,96,100.0
958.0331499571912,1088.0094714163404,0.0,958.0331499571912,1088.0094714163404,770.0236785408508,1182.0142071245104,188.00947141634038,-94.00473570817007,1.2441606364269306,0.9204707226515867,1.2441606364269306,0.9204707226515867,1.2441606364269306,1.3181171093936537,658.0331499571912,958.0331499571912,1558.0331499571912,3,96,300.0
1158.0331499571912,1688.0094714163404,0.0,1158.0331499571912,1688.0094714163404,970.0236785408508,1782.0142071245104,188.00947141634038,-94.00473570817007,1.1938194660352537,0.9472480436281944,1.1938194660352537,0.9472480436281944,1.1938194660352537,1.211007825487223,658.0331499571912,1158.0331499571912,2158.033149957191,3,96,500.0
1658.0331499571912,3188.0094714163406,0.0,1658.0331499571912,3188.0094714163406,1470.0236785408508,3282.0142071245104,188.00947141634038,-94.00473570816985,1.1278955394806696,0.9713576085368226,1.1278955394806696,0.9713576085368226,1.1278955394806696,1.1145695658527097,658.0331499571912,1658.0331499571912,3658.033149957191,3,96,1000.0
2658.033149957191,6188.009471416341,0.0,2658.033149957191,6188.009471416341,2470.023678540851,6282.01420712451,188.00947141634015,-94.00473570816939,1.0761164652184247,0.9850358925324368,1.0761164652184247,0.9850358925324368,1.0761164652184247,1.059856429870253,658.0331499571912,2658.033149957191,6658.033149957191,3,96,2000.0
817.6160939852707,817.6160939852707,0.0,817.6160939852707,817.6160939852707,727.9140822371119,727.9140822371119,89.70201174815884,89.70201174815884,1.1232315927622611,1.1232315927622611,1.1232315927622611,1.1232315927622611,1.1232315927622611,1.3979892940906051,717.6160939852707,817.6160939852707,1017.6160939852707,3,97,100.0
1017.6160939852707,1169.1060352444765,0.0,1017.6160939852707,1169.1060352444765,927.9140822371119,1169.1060352444765,89.70201174815884,0.0,1.0966706007218856,1.0,1.0966706007218856,1.0,1.0966706007218856,1.3836350555208659,717.6160939852707,1017.6160939852707,1617.6160939852707,3,97,300.0
1217.6160939852707,1769.1060352444765,0.0,1217.6160939852707,1769.1060352444765,1127.9140822371119,1769.1060352444765,89.70201174815884,0.0,1.0795291176525106,1.0,1.0795291176525106,1.0,1.0795291176525106,1.2535235592471503,717.6160939852707,1217.6160939852707,2217.6160939852707,3,97,500.0
1717.6160939852707,3269.1060352444765,0.0,1717.6160939852707,3269.1060352444765,1627.9140822371119,3269.1060352444765,89.70201174815884,0.0,1.0551024238483695,1.0,1.0551024238483695,1.0,1.0551024238483695,1.1371965466722014,717.6160939852707,1717.6160939852707,3717.6160939852707,3,97,1000.0
2717.6160939852707,6269.1060352444765,0.0,2717.6160939852707,6269.1060352444765,2627.914082237112,6269.1060352444765,89.70201174815884,0.0,1.034134301556692,1.0,1.034134301556692,1.0,1.034134301556692,1.0715429051956216,717.6160939852707,2717.6160939852707,6717.616093985271,3,97,2000.0
740.3964909841307,740.3964909841307,0.0,740.3964909841307,740.3964909841307,640.3964909841307,640.3964909841307,100.0,100.0,1.1561532603751854,1.1561532603751854,1.1561532603751854,1.1561532603751854,1.1561532603751854,1.4684597811255562,640.3964909841307,740.3964909841307,940.3964909841307,3,98,100.0
940.3964909841307,1265.9408519909318,0.0,940.3964909841307,1265.9408519909318,757.4260649886647,1082.970425995466,182.97042599546592,182.9704259954658,1.2415686948906415,1.168952375432856,1.2415686948906415,1.168952375432856,1.2415686948906415,1.4223809385821398,640.3964909841307,940.3964909841307,1540.3964909841307,3,98,300.0
1140.3964909841307,1865.9408519909318,0.0,1140.3964909841307,1865.9408519909318,957.4260649886647,1682.970425995466,182.97042599546592,182.9704259954658,1.1911065853399678,1.1087187410837835,1.1911065853399678,1.1087187410837835,1.1911065853399678,1.2717968527094587,640.3964909841307,1140.3964909841307,2140.3964909841307,3,98,500.0
1640.3964909841307,3365.940851990932,0.0,1640.3964909841307,3365.940851990932,1457.4260649886646,3182.970425995466,182.97042599546603,182.97042599546603,1.1255435389766335,1.057484174059909,1.1255435389766335,1.057484174059909,1.1255435389766335,1.1437104351497722,640.3964909841307,1640.3964909841307,3640.3964909841307,3,98,1000.0
2640.3964909841307,6365.940851990932,0.0,2640.3964909841307,6365.940851990932,2457.4260649886646,6182.970425995466,182.97042599546603,182.97042599546603,1.0744561265147605,1.029592641301694,1.0744561265147605,1.029592641301694,1.0744561265147605,1.0739816032542349,640.3964909841307,2640.3964909841307,6640.396490984131,3,98,2000.0
759.0622040093876,759.0622040093876,0.0,759.0622040093876,759.0622040093876,659.0622040093876,670.7587171495626,100.0,88.30348685982506,1.151730746190045,1.1316471699914346,1.151730746190045,1.1316471699914346,1.151730746190045,1.429816981112063,659.0622040093876,759.0622040093876,959.0622040093876,3,99,100.0
959.0622040093876,1182.4552302897375,0.0,959.0622040093876,1182.4552302897375,770.7587171495626,1088.3034868598252,188.30348685982506,94.15174342991236,1.2443092535576026,1.0865123971086195,1.2443092535576026,1.0865123971086195,1.2443092535576026,1.4325619855430978,659.0622040093876,959.0622040093876,1559.0622040093876,3,99,300.0
1159.0622040093876,1782.4552302897375,0.0,1159.0622040093876,1782.4552302897375,970.7587171495626,1688.3034868598252,188.30348685982506,94.15174342991236,1.1939755817107058,1.055767072782057,1.1939755817107058,1.055767072782057,1.1939755817107058,1.278835363910285,659.0622040093876,1159.0622040093876,2159.0622040093876,3,99,500.0
1659.0622040093876,3282.4552302897373,0.0,1659.0622040093876,3282.4552302897373,1470.7587171495625,3188.303486859825,188.30348685982517,94.15174342991213,1.1280315286689384,1.0295303580157742,1.1280315286689384,1.0295303580157742,1.1280315286689384,1.147651790078872,659.0622040093876,1659.0622040093876,3659.0622040093876,3,99,1000.0
2659.0622040093876,6282.455230289737,0.0,2659.0622040093876,6282.455230289737,2470.7587171495625,6188.303486859825,188.30348685982517,94.15174342991213,1.07621281898261,1.0152144676856643,1.07621281898261,1.0152144676856643,1.07621281898261,1.0760723384283215,659.0622040093876,2659.0622040093876,6659.062204009388,3,99,2000.0
702.6449710479937,702.6449710479937,0.0,702.6449710479937,702.6449710479937,602.6449710479937,602.6449710479937,100.0,100.0,1.165935177101206,1.165935177101206,1.165935177101206,1.165935177101206,1.165935177101206,1.497805531303618,602.6449710479937,702.6449710479937,902.6449710479937,3,100,100.0
902.6449710479937,1201.3224855239969,0.0,902.6449710479937,1201.3224855239969,802.2041425399948,1100.881657015998,100.44082850799896,100.44082850799896,1.1252060706018996,1.091236717287351,1.1252060706018996,1.091236717287351,1.1252060706018996,1.3649468691494036,602.6449710479937,902.6449710479937,1502.6449710479937,3,100,300.0
1102.6449710479937,1801.3224855239969,0.0,1102.6449710479937,1801.3224855239969,1002.2041425399948,1700.881657015998,100.44082850799896,100.44082850799896,1.100219929498037,1.0590522145345556,1.100219929498037,1.0590522145345556,1.100219929498037,1.236208858138222,602.6449710479937,1102.6449710479937,2102.6449710479937,3,100,500.0
1602.6449710479937,3301.322485523997,0.0,1602.6449710479937,3301.322485523997,1502.2041425399948,3200.881657015998,100.44082850799896,100.44082850799896,1.0668623029744606,1.0313791134039096,1.0668623029744606,1.0313791134039096,1.0668623029744606,1.1255164536156383,602.6449710479937,1602.6449710479937,3602.6449710479937,3,100,1000.0
2602.6449710479937,6301.322485523997,0.0,2602.6449710479937,6301.322485523997,2502.204142539995,6200.881657015998,100.44082850799896,100.44082850799896,1.0401409408610607,1.016197830254405,1.0401409408610607,1.016197830254405,1.0401409408610607,1.06479132101762,602.6449710479937,2602.6449710479937,6602.644971047994,3,100,2000.0
707.861265358224,721.0239417356206,0.0,707.861265358224,721.0239417356206,694.6985889808275,694.6985889808275,13.162676377396565,26.32535275479313,1.018947319868185,1.0378946397363702,1.018947319868185,1.0378946397363702,1.143947319868185,1.4318419596045553,694.6985889808275,794.6985889808275,994.6985889808275,3,101,100.0
907.861265358224,1247.3492944904137,0.0,907.861265358224,1247.3492944904137,734.1866181130172,1160.5119708678103,173.67464724520687,86.83732362260344,1.2365538174634398,1.0748267366494013,1.2365538174634398,1.0748267366494013,1.3548307261951598,1.374133683247007,694.6985889808275,994.6985889808275,1594.6985889808275,3,101,300.0
1107.861265358224,1847.3492944904137,0.0,1107.861265358224,1847.3492944904137,934.1866181130172,1760.5119708678103,173.67464724520687,86.83732362260344,1.1859100139927243,1.0493250401357956,1.1859100139927243,1.0493250401357956,1.2788650209890866,1.2466252006789782,694.6985889808275,1194.6985889808275,2194.6985889808275,3,101,500.0
1607.861265358224,3347.3492944904137,0.0,1607.861265358224,3347.3492944904137,1434.1866181130172,3260.5119708678103,173.67464724520687,86.83732362260344,1.1210962681228427,1.0266330332164035,1.1210962681228427,1.0266330332164035,1.181644402184264,1.1331651660820172,694.6985889808275,1694.6985889808275,3694.6985889808275,3,101,1000.0
2607.861265358224,6347.349294490414,0.0,2607.861265358224,6347.349294490414,2434.186618113017,6260.51197086781,173.67464724520687,86.83732362260344,1.0713481234153852,1.0138706425331803,1.0713481234153852,1.0138706425331803,1.107022185123078,1.0693532126659016,694.6985889808275,2694.6985889808275,6694.6985889808275,3,101,2000.0
697.2087709815241,697.6739758179368,0.0,697.2087709815241,697.6739758179368,597.2087709815241,598.1391806543494,100.0,99.53479516358743,1.1674456318443684,1.166407415502691,1.1674456318443684,1.166407415502691,1.1674456318443684,1.5,597.2087709815241,697.2087709815241,897.2087709815241,3,102,100.0
897.2087709815241,1198.604385490762,0.0,897.2087709815241,1198.604385490762,698.1391806543494,1099.0695903271746,199.06959032717475,99.53479516358743,1.2851431288251027,1.0905627778619165,1.2851431288251027,1.0905627778619165,1.2851431288251027,1.3622511114476656,597.2087709815241,897.2087709815241,1497.2087709815241,3,102,300.0
1097.2087709815241,1798.604385490762,0.0,1097.2087709815241,1798.604385490762,898.1391806543494,1699.0695903271746,199.06959032717475,99.53479516358743,1.2216467053381863,1.0585819413932427,1.2216467053381863,1.0585819413932427,1.2216467053381863,1.2343277655729707,597.2087709815241,1097.2087709815241,2097.208770981524,3,102,500.0
1597.2087709815241,3298.604385490762,0.0,1597.2087709815241,3298.604385490762,1398.1391806543493,3199.0695903271744,199.06959032717486,99.53479516358766,1.142381812255635,1.0311136698821886,1.142381812255635,1.0311136698821886,1.142381812255635,1.1244546795287536,597.2087709815241,1597.2087709815241,3597.208770981524,3,102,1000.0
2597.208770981524,6298.604385490762,0.0,2597.208770981524,6298.604385490762,2398.1391806543493,6199.069590327175,199.06959032717486,99.53479516358675,1.0830100237438502,1.0160564087421922,1.0830100237438502,1.0160564087421922,1.0830100237438502,1.0642256349687689,597.2087709815241,2597.208770981524,6597.208770981524,3,102,2000.0
807.891243044287,807.891243044287,0.0,807.891243044287,807.891243044287,707.891243044287,707.891243044287,100.0,100.0,1.1412646377287419,1.1412646377287419,1.1412646377287419,1.1412646377287419,1.1412646377287419,1.4237939131862258,707.891243044287,807.891243044287,1007.891243044287,3,103,100.0
1007.891243044287,1165.4592161416076,0.0,1007.891243044287,1165.4592161416076,830.9184322832152,1165.4592161416076,176.97281076107174,0.0,1.2129845769274634,1.0,1.2129845769274634,1.0,1.2129845769274634,1.3796203425868505,707.891243044287,1007.891243044287,1607.891243044287,3,103,300.0
1207.891243044287,1765.4592161416076,0.0,1207.891243044287,1765.4592161416076,1030.9184322832152,1765.4592161416076,176.97281076107174,0.0,1.1716651921424308,1.0,1.1716651921424308,1.0,1.1716651921424308,1.2506045015696312,707.891243044287,1207.891243044287,2207.891243044287,3,103,500.0
1707.891243044287,3265.4592161416076,0.0,1707.891243044287,3265.4592161416076,1530.9184322832152,3265.4592161416076,176.97281076107174,0.0,1.1155991116372765,1.0,1.1155991116372765,1.0,1.1155991116372765,1.135488455870365,707.891243044287,1707.891243044287,3707.891243044287,3,103,1000.0
2707.891243044287,6265.459216141608,0.0,2707.891243044287,6265.459216141608,2530.918432283215,6265.459216141608,176.97281076107174,0.0,1.0699243438680952,1.0,1.0699243438680952,1.0,1.0699243438680952,1.0706144612294097,707.891243044287,2707.891243044287,6707.891243044287,3,103,2000.0
766.0712360171601,766.0712360171601,0.0,766.0712360171601,766.0712360171601,670.9182023004229,675.7651685836859,95.15303371673724,90.30606743347425,1.1418250889459842,1.1336352798750249,1.1418250889459842,1.1336352798750249,1.1418250889459842,1.429596080013886,666.0712360171601,766.0712360171601,966.0712360171601,3,104,100.0
966.0712360171601,1090.3060674334743,0.0,966.0712360171601,1090.3060674334743,870.9182023004229,1090.3060674334743,95.15303371673724,0.0,1.1092559938067688,1.0,1.1092559938067688,1.0,1.1092559938067688,1.4363592781828805,666.0712360171601,966.0712360171601,1566.0712360171601,3,104,300.0
1166.0712360171601,1690.3060674334743,0.0,1166.0712360171601,1690.3060674334743,1070.9182023004228,1690.3060674334743,95.15303371673735,0.0,1.0888518222141903,1.0,1.0888518222141903,1.0,1.0888518222141903,1.2814668761770924,666.0712360171601,1166.0712360171601,2166.07123601716,3,104,500.0
1666.0712360171601,3190.3060674334743,0.0,1666.0712360171601,3190.3060674334743,1570.9182023004228,3190.3060674334743,95.15303371673735,0.0,1.0605716030137005,1.0,1.0605716030137005,1.0,1.0605716030137005,1.149128377819382,666.0712360171601,1666.0712360171601,3666.07123601716,3,104,1000.0
2666.07123601716,6190.306067433474,0.0,2666.07123601716,6190.306067433474,2570.9182023004228,6190.306067433474,95.15303371673735,0.0,1.0370113034446586,1.0,1.0370113034446586,1.0,1.0370113034446586,1.076856485511538,666.0712360171601,2666.07123601716,6666.07123601716,3,104,2000.0
761.0213060048409,766.5896908612922,0.0,761.0213060048409,766.5896908612922,666.5896908612922,672.1580757177435,94.4316151435487,94.4316151435487,1.14166377974063,1.1404901890715406,1.14166377974063,1.1404901890715406,1.14166377974063,1.4297549054642298,661.0213060048409,761.0213060048409,961.0213060048409,3,105,100.0
961.0213060048409,1183.294845430646,0.0,961.0213060048409,1183.294845430646,866.5896908612922,1183.294845430646,94.4316151435487,0.0,1.1089692343901465,1.0,1.1089692343901465,1.0,1.1089692343901465,1.3192158421316589,661.0213060048409,961.0213060048409,1561.0213060048409,3,105,300.0
1161.0213060048409,1783.294845430646,0.0,1161.0213060048409,1783.294845430646,1066.5896908612922,1783.294845430646,94.4316151435487,0.0,1.0885360283834107,1.0,1.0885360283834107,1.0,1.0885360283834107,1.2118138015943056,661.0213060048409,1161.0213060048409,2161.021306004841,3,105,500.0
1661.0213060048409,3283.294845430646,0.0,1661.0213060048409,3283.294845430646,1566.5896908612922,3283.294845430646,94.4316151435487,0.0,1.0602784607191122,1.0,1.0602784607191122,1.0,1.0602784607191122,1.1150449406333018,661.0213060048409,1661.0213060048409,3661.021306004841,3,105,1000.0
2661.021306004841,6283.294845430646,0.0,2661.021306004841,6283.294845430646,2566.589690861292,6283.294845430646,94.4316151435487,0.0,1.0367926418000453,1.0,1.0367926418000453,1.0,1.0367926418000453,1.0601159853017061,661.0213060048409,2661.021306004841,6661.021306004841,3,105,2000.0
741.7191090295091,741.7191090295091,0.0,741.7191090295091,741.7191090295091,641.7191090295091,641.7191090295091,100.0,100.0,1.155831419998125,1.155831419998125,1.155831419998125,1.155831419998125,1.155831419998125,1.467494259994375,641.7191090295091,741.7191090295091,941.7191090295091,3,106,100.0
941.7191090295091,1266.696633731148,0.0,941.7191090295091,1266.696633731148,758.3707921639351,1175.022475298361,183.34831686557402,91.67415843278695,1.2417660579232066,1.0780190680263448,1.2417660579232066,1.0780190680263448,1.2417660579232066,1.3120762721053796,641.7191090295091,941.7191090295091,1541.7191090295091,3,106,300.0
1141.7191090295091,1866.696633731148,0.0,1141.7191090295091,1866.696633731148,958.3707921639351,1775.022475298361,183.34831686557402,91.67415843278695,1.1913125048934203,1.051646759243078,1.1913125048934203,1.051646759243078,1.1913125048934203,1.2065870369723124,641.7191090295091,1141.7191090295091,2141.719109029509,3,106,500.0
1641.7191090295091,3366.696633731148,0.0,1641.7191090295091,3366.696633731148,1458.3707921639352,3275.0224752983613,183.3483168655739,91.6741584327865,1.1257213308513407,1.0279919173453718,1.1257213308513407,1.0279919173453718,1.1257213308513407,1.1119676693814875,641.7191090295091,1641.7191090295091,3641.719109029509,3,106,1000.0
2641.719109029509,6366.696633731148,0.0,2641.719109029509,6366.696633731148,2458.370792163935,6275.022475298361,183.3483168655739,91.6741584327865,1.074581229751833,1.014609375311987,1.074581229751833,1.014609375311987,1.074581229751833,1.0584375012479477,641.7191090295091,2641.719109029509,6641.719109029509,3,106,2000.0
700.7990739890374,700.7990739890374,0.0,700.7990739890374,700.7990739890374,600.7990739890374,600.7990739890374,100.0,100.0,1.1664449968873032,1.1664449968873032,1.1664449968873032,1.1664449968873032,1.1664449968873032,1.4993349906619098,600.7990739890374,700.7990739890374,900.7990739890374,3,107,100.0
900.7990739890374,1100.6658949908647,0.0,900.7990739890374,1100.6658949908647,700.5327159926916,1100.2663579963457,200.26635799634585,0.39953699451893954,1.2858772380281454,1.0003631275205456,1.2858772380281454,1.0003631275205456,1.2858772380281454,1.364032502749686,600.7990739890374,900.7990739890374,1500.7990739890374,3,107,300.0
1100.7990739890374,1700.2663579963457,0.0,1100.7990739890374,1700.2663579963457,900.5327159926916,1700.2663579963457,200.26635799634585,0.0,1.2223865434756411,1.0,1.2223865434756411,1.0,1.2223865434756411,1.235570570522076,600.7990739890374,1100.7990739890374,2100.7990739890374,3,107,500.0
1600.7990739890374,3200.2663579963455,0.0,1600.7990739890374,3200.2663579963455,1400.5327159926915,3200.2663579963455,200.26635799634596,0.0,1.142992988103386,1.0,1.142992988103386,1.0,1.142992988103386,1.125156056148858,600.7990739890374,1600.7990739890374,3600.7990739890374,3,107,1000.0
2600.7990739890374,6200.266357996346,0.0,2600.7990739890374,6200.266357996346,2400.5327159926915,6200.266357996346,200.26635799634596,0.0,1.083425798224762,1.0,1.083425798224762,1.0,1.083425798224762,1.0645992757192009,600.7990739890374,2600.7990739890374,6600.799073989037,3,107,2000.0
753.9945009863004,753.9945009863004,0.0,753.9945009863004,753.9945009863004,653.9945009863004,653.9945009863004,100.0,100.0,1.1529064844569614,1.1529064844569614,1.1529064844569614,1.1529064844569614,1.1529064844569614,1.4587194533708843,653.9945009863004,753.9945009863004,953.9945009863004,3,108,100.0
953.9945009863004,1086.8555717103716,0.0,953.9945009863004,1086.8555717103716,767.1389292759288,1086.8555717103716,186.85557171037158,0.0,1.243574618076985,1.0,1.243574618076985,1.0,1.243574618076985,1.4298077329086125,653.9945009863004,953.9945009863004,1553.9945009863004,3,108,300.0
1153.9945009863004,1686.8555717103716,0.0,1153.9945009863004,1686.8555717103716,967.1389292759288,1686.8555717103716,186.85557171037158,0.0,1.1932044777168316,1.0,1.1932044777168316,1.0,1.1932044777168316,1.276928823729869,653.9945009863004,1153.9945009863004,2153.9945009863004,3,108,500.0
1653.9945009863004,3186.855571710372,0.0,1653.9945009863004,3186.855571710372,1467.1389292759288,3186.855571710372,186.85557171037158,0.0,1.127360516432203,1.0,1.127360516432203,1.0,1.127360516432203,1.1465830247918067,653.9945009863004,1653.9945009863004,3653.9945009863004,3,108,1000.0
2653.9945009863004,6186.855571710372,0.0,2653.9945009863004,6186.855571710372,2467.138929275929,6186.855571710372,186.85557171037135,0.0,1.0757377582158338,1.0,1.0757377582158338,1.0,1.0757377582158338,1.0755050645455406,653.9945009863004,2653.9945009863004,6653.9945009863,3,108,2000.0
698.3467599726282,698.3467599726282,0.0,698.3467599726282,698.3467599726282,598.6222999771902,598.8978399817521,99.724459995438,99.4489199908761,1.1665899516259883,1.1660532287007517,1.1665899516259883,1.1660532287007517,1.1665899516259883,1.5,598.3467599726282,698.3467599726282,898.3467599726282,3,109,100.0
898.3467599726282,1199.173379986314,0.0,898.3467599726282,1199.173379986314,798.6222999771902,1099.448919990876,99.724459995438,99.72445999543811,1.1248706178105548,1.090704041072018,1.1248706178105548,1.090704041072018,1.1248706178105548,1.3628161642880714,598.3467599726282,898.3467599726282,1498.3467599726282,3,109,300.0
1098.3467599726282,1799.173379986314,0.0,1098.3467599726282,1799.173379986314,998.6222999771902,1699.448919990876,99.724459995438,99.72445999543811,1.0998620399301275,1.0586804691934921,1.0998620399301275,1.0586804691934921,1.0998620399301275,1.2347218767739685,598.3467599726282,1098.3467599726282,2098.346759972628,3,109,500.0
1598.3467599726282,3299.173379986314,0.0,1598.3467599726282,3299.173379986314,1498.6222999771903,3199.4489199908758,99.72445999543788,99.72445999543834,1.0665440918615423,1.031169261485107,1.0665440918615423,1.031169261485107,1.0665440918615423,1.1246770459404272,598.3467599726282,1598.3467599726282,3598.346759972628,3,109,1000.0
2598.346759972628,6299.173379986314,0.0,2598.346759972628,6299.173379986314,2498.6222999771903,6199.448919990877,99.72445999543788,99.72445999543743,1.03991177858148,1.0160860201096042,1.03991177858148,1.0160860201096042,1.03991177858148,1.0643440804384172,598.3467599726282,2598.346759972628,6598.346759972628,3,109,2000.0
750.4435419919901,750.4435419919901,0.0,750.4435419919901,750.4435419919901,657.5230359931343,664.6025299942786,92.92050599885579,85.84101199771146,1.1413190122814587,1.129161428257654,1.1413190122814587,1.129161428257654,1.1413190122814587,1.4300931746380385,650.4435419919901,750.4435419919901,950.4435419919901,3,110,100.0
950.4435419919901,1271.682023995423,0.0,950.4435419919901,1271.682023995423,857.5230359931343,1178.7615179965671,92.92050599885579,92.92050599885579,1.1083591951454,1.0788289272937788,1.1083591951454,1.0788289272937788,1.1083591951454,1.3153157091751153,650.4435419919901,950.4435419919901,1550.44354199199,3,110,300.0
1150.44354199199,1871.682023995423,0.0,1150.44354199199,1871.682023995423,1057.5230359931343,1778.7615179965671,92.92050599885579,92.92050599885579,1.0878661767510274,1.0522388780388687,1.0878661767510274,1.0522388780388687,1.0878661767510274,1.2089555121554751,650.4435419919901,1150.44354199199,2150.44354199199,3,110,500.0
1650.44354199199,3371.682023995423,0.0,1650.44354199199,3371.682023995423,1557.5230359931343,3278.761517996567,92.92050599885579,92.92050599885624,1.0596591535736781,1.0283401233937972,1.0596591535736781,1.0283401233937972,1.0596591535736781,1.113360493575188,650.4435419919901,1650.44354199199,3650.44354199199,3,110,1000.0
2650.44354199199,6371.682023995423,0.0,2650.44354199199,6371.682023995423,2557.5230359931343,6278.761517996567,92.92050599885579,92.92050599885624,1.036332226412488,1.0147991774703533,1.036332226412488,1.0147991774703533,1.036332226412488,1.059196709881413,650.4435419919901,2650.44354199199,6650.44354199199,3,110,2000.0
769.7578800376505,769.7578800376505,0.0,769.7578800376505,769.7578800376505,674.0781828894146,678.3984857411789,95.67969714823585,91.35939429647158,1.1419415426532689,1.1346692190750656,1.1419415426532689,1.1346692190750656,1.1419415426532689,1.4294811978805484,669.7578800376505,769.7578800376505,969.7578800376505,3,111,100.0
969.7578800376505,1187.0390914447073,0.0,969.7578800376505,1187.0390914447073,874.0781828894146,1187.0390914447073,95.67969714823585,0.0,1.1094635457344906,1.0,1.1094635457344906,1.0,1.1094635457344906,1.3224146461151067,669.7578800376505,969.7578800376505,1569.7578800376505,3,111,300.0
1169.7578800376505,1787.0390914447073,0.0,1169.7578800376505,1787.0390914447073,1074.0781828894146,1787.0390914447073,95.67969714823585,0.0,1.089080756571039,1.0,1.089080756571039,1.0,1.089080756571039,1.2141636354935803,669.7578800376505,1169.7578800376505,2169.7578800376505,3,111,500.0
1669.7578800376505,3287.039091444707,0.0,1669.7578800376505,3287.039091444707,1574.0781828894146,3287.039091444707,95.67969714823585,0.0,1.060784590110133,1.0,1.060784590110133,1.0,1.060784590110133,1.1164326854490594,669.7578800376505,1669.7578800376505,3669.7578800376505,3,111,1000.0
2669.7578800376505,6287.039091444707,0.0,2669.7578800376505,6287.039091444707,2574.0781828894146,6287.039091444707,95.67969714823585,0.0,1.0371704704947364,1.0,1.0371704704947364,1.0,1.0371704704947364,1.0608742498696628,669.7578800376505,2669.7578800376505,6669.7578800376505,3,111,2000.0
608.945733984001,707.4547783200009,0.0,608.945733984001,707.4547783200009,608.945733984001,608.945733984001,0.0,98.50904433599987,1.0,1.1617698242033963,1.0,1.1617698242033963,1.1642182454350314,1.4926547363050942,608.945733984001,708.945733984001,908.945733984001,3,112,100.0
807.4547783200009,1107.454778320001,0.0,807.4547783200009,1107.454778320001,705.9638226560006,1204.4728669920005,101.49095566400024,-97.01808867199952,1.1437622614742036,0.9194518271596367,1.1437622614742036,0.9194518271596367,1.287524522948407,1.2527851604929698,608.945733984001,908.945733984001,1508.945733984001,3,112,300.0
1007.4547783200009,1702.9819113280003,0.0,1007.4547783200009,1702.9819113280003,905.9638226560006,1804.4728669920005,101.49095566400024,-101.49095566400024,1.112025395634961,0.9437558981791827,1.112025395634961,0.9437558981791827,1.2240507912699221,1.1687323054624519,608.945733984001,1108.945733984001,2108.945733984001,3,112,500.0
1507.454778320001,3202.981911328,0.0,1507.454778320001,3202.981911328,1405.9638226560005,3304.4728669920005,101.49095566400047,-101.49095566400047,1.0721860363890974,0.9692867940669806,1.0721860363890974,0.9692867940669806,1.1443720727781943,1.092139617799058,608.945733984001,1608.945733984001,3608.945733984001,3,112,1000.0
2507.454778320001,6202.981911328001,0.0,2507.454778320001,6202.981911328001,2405.9638226560005,6304.4728669920005,101.49095566400047,-101.49095566399956,1.042183076365613,0.9839017539126276,1.042183076365613,0.9839017539126276,1.084366152731226,1.0482947382621175,608.945733984001,2608.945733984001,6608.945733984001,3,112,2000.0
651.9320130115375,651.9320130115375,0.0,651.9320130115375,651.9320130115375,551.9320130115375,551.9320130115375,100.0,100.0,1.1811817355082639,1.1811817355082639,1.1811817355082639,1.1811817355082639,1.1811817355082639,1.5435452065247914,551.9320130115375,651.9320130115375,851.9320130115375,3,113,100.0
851.9320130115375,1120.772805204615,0.0,851.9320130115375,1120.772805204615,741.54561040923,1120.772805204615,110.3864026023075,0.0,1.1488598962124388,1.0,1.1488598962124388,1.0,1.1488598962124388,1.2954739856901365,551.9320130115375,851.9320130115375,1451.9320130115375,3,113,300.0
1051.9320130115375,1720.772805204615,0.0,1051.9320130115375,1720.772805204615,941.54561040923,1720.772805204615,110.3864026023075,0.0,1.117239570108908,1.0,1.117239570108908,1.0,1.117239570108908,1.192447955247378,551.9320130115375,1051.9320130115375,2051.9320130115375,3,113,500.0
1551.9320130115375,3220.772805204615,0.0,1551.9320130115375,3220.772805204615,1441.54561040923,3220.772805204615,110.3864026023075,0.0,1.0765750329404913,1.0,1.0765750329404913,1.0,1.0765750329404913,1.102819797556594,551.9320130115375,1551.9320130115375,3551.9320130115375,3,113,1000.0
2551.9320130115375,6220.772805204615,0.0,2551.9320130115375,6220.772805204615,2441.54561040923,6220.772805204615,110.3864026023075,0.0,1.045211689731164,1.0,1.045211689731164,1.0,1.045211689731164,1.0532344160728484,551.9320130115375,2551.9320130115375,6551.9320130115375,3,113,2000.0
702.4455740116537,702.4455740116537,0.0,702.4455740116537,702.4455740116537,602.4455740116537,602.4455740116537,100.0,100.0,1.1659900982160185,1.1659900982160185,1.1659900982160185,1.1659900982160185,1.1659900982160185,1.4979702946480553,602.4455740116537,702.4455740116537,902.4455740116537,3,114,100.0
902.4455740116537,1100.8151913372178,0.0,902.4455740116537,1100.8151913372178,701.6303826744357,1100.8151913372178,200.81519133721793,0.0,1.286212222697315,1.0,1.286212222697315,1.0,1.286212222697315,1.364848146932415,602.4455740116537,902.4455740116537,1502.4455740116537,3,114,300.0
1102.4455740116537,1700.8151913372178,0.0,1102.4455740116537,1700.8151913372178,901.6303826744357,1700.8151913372178,200.81519133721793,0.0,1.2227245168264578,1.0,1.2227245168264578,1.0,1.2227245168264578,1.2361399314399735,602.4455740116537,1102.4455740116537,2102.4455740116537,3,114,500.0
1602.4455740116537,3200.8151913372176,0.0,1602.4455740116537,3200.8151913372176,1401.6303826744356,3200.8151913372176,200.81519133721804,0.0,1.1432725730117557,1.0,1.1432725730117557,1.0,1.1432725730117557,1.1254775295247974,602.4455740116537,1602.4455740116537,3602.4455740116537,3,114,1000.0
2602.4455740116537,6200.8151913372185,0.0,2602.4455740116537,6200.8151913372185,2401.6303826744356,6200.8151913372185,200.81519133721804,0.0,1.0836161937265267,1.0,1.0836161937265267,1.0,1.0836161937265267,1.0647705777839547,602.4455740116537,2602.4455740116537,6602.445574011654,3,114,2000.0
709.0363549883477,709.0363549883477,0.0,709.0363549883477,709.0363549883477,609.0363549883477,609.0363549883477,100.0,100.0,1.1641938107322234,1.1641938107322234,1.1641938107322234,1.1641938107322234,1.1641938107322234,1.4925814321966702,609.0363549883477,709.0363549883477,909.0363549883477,3,115,100.0
909.0363549883477,1103.012118329449,0.0,909.0363549883477,1103.012118329449,807.5302958236232,1103.012118329449,101.50605916472455,0.0,1.125699382041383,1.0,1.125699382041383,1.0,1.125699382041383,1.368104964498338,609.0363549883477,909.0363549883477,1509.0363549883477,3,115,300.0
1109.0363549883477,1703.012118329449,0.0,1109.0363549883477,1703.012118329449,1007.5302958236232,1703.012118329449,101.50605916472455,0.0,1.1007474014285066,1.0,1.1007474014285066,1.0,1.1007474014285066,1.2384153537657638,609.0363549883477,1109.0363549883477,2109.0363549883477,3,115,500.0
1609.0363549883477,3203.0121183294495,0.0,1609.0363549883477,3203.0121183294495,1507.5302958236232,3203.0121183294495,101.50605916472455,0.0,1.0673326827632792,1.0,1.0673326827632792,1.0,1.0673326827632792,1.1267632533562384,609.0363549883477,1609.0363549883477,3609.0363549883477,3,115,1000.0
2609.0363549883477,6203.012118329449,0.0,2609.0363549883477,6203.012118329449,2507.530295823623,6203.012118329449,101.50605916472477,0.0,1.040480491635051,1.0,1.040480491635051,1.0,1.040480491635051,1.0654559799196792,609.0363549883477,2609.0363549883477,6609.036354988348,3,115,2000.0
763.4079540381208,768.635389175532,0.0,763.4079540381208,768.635389175532,668.635389175532,673.8628243129434,94.77256486258875,94.77256486258864,1.141740276385085,1.1406407379116317,1.141740276385085,1.1406407379116317,1.141740276385085,1.4296796310441842,663.4079540381208,763.4079540381208,963.4079540381208,3,116,100.0
963.4079540381208,1184.317694587766,0.0,963.4079540381208,1184.317694587766,868.635389175532,1184.317694587766,94.77256486258875,0.0,1.109105115959577,1.0,1.109105115959577,1.0,1.109105115959577,1.3200916959889781,663.4079540381208,963.4079540381208,1563.4079540381208,3,116,300.0
1163.4079540381208,1784.317694587766,0.0,1163.4079540381208,1784.317694587766,1068.635389175532,1784.317694587766,94.77256486258875,0.0,1.0886855945653335,1.0,1.0886855945653335,1.0,1.0886855945653335,1.2124567057762303,663.4079540381208,1163.4079540381208,2163.407954038121,3,116,500.0
1663.4079540381208,3284.317694587766,0.0,1663.4079540381208,3284.317694587766,1568.635389175532,3284.317694587766,94.77256486258875,0.0,1.060417204352632,1.0,1.060417204352632,1.0,1.060417204352632,1.1154243574167806,663.4079540381208,1663.4079540381208,3663.407954038121,3,116,1000.0
2663.407954038121,6284.317694587766,0.0,2663.407954038121,6284.317694587766,2568.635389175532,6284.317694587766,94.77256486258875,0.0,1.03689607534879,1.0,1.03689607534879,1.0,1.03689607534879,1.060323216914517,663.4079540381208,2663.407954038121,6663.407954038121,3,116,2000.0
750.0220960006118,750.0220960006118,0.0,750.0220960006118,750.0220960006118,657.1617965719529,664.3014971432941,92.86029942865889,85.72059885731767,1.1413050787691241,1.1290386958721954,1.1413050787691241,1.1290386958721954,1.1413050787691241,1.4301068115697562,650.0220960006118,750.0220960006118,950.0220960006118,3,117,100.0
950.0220960006118,1178.5808982859764,0.0,950.0220960006118,1178.5808982859764,857.1617965719529,1178.5808982859764,92.86029942865889,0.0,1.1083346222382229,1.0,1.1083346222382229,1.0,1.1083346222382229,1.3151596960843557,650.0220960006118,950.0220960006118,1550.0220960006118,3,117,300.0
1150.0220960006118,1778.5808982859764,0.0,1150.0220960006118,1778.5808982859764,1057.161796571953,1778.5808982859764,92.86029942865889,0.0,1.0878392500843068,1.0,1.0878392500843068,1.0,1.0878392500843068,1.2088413285404078,650.0220960006118,1150.0220960006118,2150.022096000612,3,117,500.0
1650.0220960006118,3278.580898285976,0.0,1650.0220960006118,3278.580898285976,1557.161796571953,3278.580898285976,92.86029942865889,0.0,1.059634329350417,1.0,1.059634329350417,1.0,1.059634329350417,1.1132932842708938,650.0220960006118,1650.0220960006118,3650.022096000612,3,117,1000.0
2650.022096000612,6278.580898285976,0.0,2650.022096000612,6278.580898285976,2557.161796571953,6278.580898285976,92.86029942865889,0.0,1.0363138146178879,1.0,1.0363138146178879,1.0,1.0363138146178879,1.0591600560273162,650.0220960006118,2650.022096000612,6650.022096000612,3,117,2000.0
773.0930419871584,773.0930419871584,0.0,773.0930419871584,773.0930419871584,676.93689313185,680.7807442765417,96.1561488553084,92.31229771061669,1.1420459570617312,1.1355976920421214,1.1420459570617312,1.1355976920421214,1.1420459570617312,1.4293780342175422,673.0930419871584,773.0930419871584,973.0930419871584,3,118,100.0
973.0930419871584,1092.3122977106168,0.0,973.0930419871584,1092.3122977106168,876.93689313185,1092.3122977106168,96.1561488553084,0.0,1.109650021122844,1.0,1.109650021122844,1.0,1.109650021122844,1.440149529840699,673.0930419871584,973.0930419871584,1573.0930419871584,3,118,300.0
1173.0930419871584,1692.3122977106168,0.0,1173.0930419871584,1692.3122977106168,1076.93689313185,1692.3122977106168,96.1561488553084,0.0,1.089286707019272,1.0,1.089286707019272,1.0,1.089286707019272,1.2840969393928936,673.0930419871584,1173.0930419871584,2173.0930419871584,3,118,500.0
1673.0930419871584,3192.312297710617,0.0,1673.0930419871584,3192.312297710617,1576.93689313185,3192.312297710617,96.1561488553084,0.0,1.0609765357599943,1.0,1.0609765357599943,1.0,1.0609765357599943,1.150605799006988,673.0930419871584,1673.0930419871584,3673.0930419871584,3,118,1000.0
2673.0930419871584,6192.312297710617,0.0,2673.0930419871584,6192.312297710617,2576.93689313185,6192.312297710617,96.1561488553084,0.0,1.0373141263612575,1.0,1.0373141263612575,1.0,1.0373141263612575,1.0776415531326307,673.0930419871584,2673.0930419871584,6673.093041987158,3,118,2000.0
832.0400649914518,832.0400649914518,0.0,832.0400649914518,832.0400649914518,740.5350568675203,749.0300487435888,91.50500812393147,83.01001624786295,1.123566071957484,1.1108233459887258,1.123566071957484,1.1108233459887258,1.123566071957484,1.3778353308022548,732.0400649914518,832.0400649914518,1032.0400649914518,3,119,100.0
1032.0400649914518,1174.5150243717944,0.0,1032.0400649914518,1174.5150243717944,940.5350568675203,1266.020032495726,91.50500812393147,-91.50500812393147,1.0972903747242464,0.9277223063022579,1.0972903747242464,0.9277223063022579,1.0972903747242464,1.289110774790968,732.0400649914518,1032.0400649914518,1632.0400649914518,3,119,300.0
1232.0400649914518,1774.5150243717944,0.0,1232.0400649914518,1774.5150243717944,1140.5350568675203,1866.020032495726,91.50500812393147,-91.50500812393147,1.080229895234654,0.9509624727867754,1.080229895234654,0.9509624727867754,1.080229895234654,1.1961501088528985,732.0400649914518,1232.0400649914518,2232.040064991452,3,119,500.0
1732.0400649914518,3274.5150243717944,0.0,1732.0400649914518,3274.5150243717944,1640.5350568675203,3366.020032495726,91.50500812393147,-91.50500812393147,1.0557775390052642,0.972815073219845,1.0557775390052642,0.972815073219845,1.0557775390052642,1.1087397071206202,732.0400649914518,1732.0400649914518,3732.040064991452,3,119,1000.0
2732.040064991452,6274.515024371794,0.0,2732.040064991452,6274.515024371794,2640.5350568675203,6366.020032495726,91.50500812393147,-91.50500812393147,1.034653964500848,0.9856260257340004,1.034653964500848,0.9856260257340004,1.034653964500848,1.0574958970639985,732.0400649914518,2732.040064991452,6732.040064991452,3,119,2000.0
