ar_optimistic_parallel_ms,ar_optimistic_serial_ms,ar_probe_ms,ar_verified_parallel_ms,ar_verified_serial_ms,dllm_incremental_parallel_ms,dllm_incremental_serial_ms,dllm_saved_vs_ar_verified_parallel_ms,dllm_saved_vs_ar_verified_serial_ms,dllm_vs_ar_optimistic_parallel_speedup,dllm_vs_ar_optimistic_serial_speedup,dllm_vs_ar_verified_parallel_speedup,dllm_vs_ar_verified_serial_speedup,dllm_vs_no_spec_parallel_speedup,dllm_vs_no_spec_serial_speedup,generation_ms,no_spec_parallel_ms,no_spec_serial_ms,num_calls,request_index,tool_latency_ms
1520.7050100085326,1520.7050100085326,500.0,2020.7050100085326,2020.7050100085326,1420.7050100085326,1420.7050100085326,600.0,600.0,1.0703875887643977,1.0703875887643977,1.4223255325863857,1.4223255325863857,1.0703875887643977,1.211162766293193,1420.7050100085326,1520.7050100085326,1720.7050100085326,3,0,100.0
1720.7050100085326,1720.7050100085326,500.0,2220.7050100085326,2220.7050100085326,1420.7050100085326,1547.1366733390216,800.0,673.5683366695109,1.211162766293193,1.1121868155932964,1.563100710115181,1.4353644692655494,1.211162766293193,1.5,1420.7050100085326,1720.7050100085326,2320.7050100085326,3,0,300.0
1920.7050100085326,1973.5683366695107,500.0,2420.7050100085326,2473.5683366695107,1447.1366733390216,1973.5683366695107,973.5683366695109,500.0,1.3272450663397484,1.0,1.6727549336602519,1.2533482072598374,1.3272450663397484,1.479910756440975,1420.7050100085326,1920.7050100085326,2920.7050100085326,3,0,500.0
2420.7050100085326,3473.5683366695107,500.0,2920.7050100085326,3973.5683366695107,1947.1366733390216,3473.5683366695107,973.5683366695109,500.0,1.243212684119096,1.0,1.5,1.1439441955759548,1.243212684119096,1.2726696530885426,1420.7050100085326,2420.7050100085326,4420.705010008533,3,0,1000.0
3420.7050100085326,6473.56833666951,500.0,3920.7050100085326,6973.56833666951,2947.1366733390214,6473.56833666951,973.5683366695112,500.0,1.16068760602574,1.0,1.3303438030128703,1.07723715484206,1.16068760602574,1.1463082837905594,1420.7050100085326,3420.7050100085326,7420.705010008533,3,0,2000.0
1035.738826985471,1035.738826985471,500.0,1535.738826985471,1535.738826985471,935.738826985471,935.738826985471,600.0,600.0,1.1068674261622284,1.1068674261622284,1.6412045569733702,1.6412045569733702,1.1068674261622284,1.320602278486685,935.738826985471,1035.738826985471,1235.738826985471,3,1,100.0
1235.738826985471,1301.030925850916,500.0,1735.738826985471,1801.030925850916,1102.0618517018322,1301.030925850916,633.6769752836387,500.0,1.12129716229376,1.0,1.5749922060228276,1.3843106186526535,1.12129716229376,1.4109878485669654,935.738826985471,1235.738826985471,1835.738826985471,3,1,300.0
1435.738826985471,1901.030925850916,500.0,1935.738826985471,2401.030925850916,1302.0618517018322,1901.030925850916,633.6769752836387,500.0,1.1026656107840953,1.0,1.4866719460795237,1.2630151846562918,1.1026656107840953,1.2812725947081665,935.738826985471,1435.738826985471,2435.738826985471,3,1,500.0
1935.738826985471,3401.030925850916,500.0,2435.738826985471,3901.030925850916,1802.0618517018322,3401.030925850916,633.6769752836387,500.0,1.0741800150518679,1.0,1.3516399698962644,1.1470142468272038,1.0741800150518679,1.1572193587157031,935.738826985471,1935.738826985471,3935.738826985471,3,1,1000.0
2935.738826985471,6401.030925850916,500.0,3435.738826985471,6901.030925850916,2802.061851701832,6401.030925850916,633.676975283639,500.0,1.0477066468759246,1.0,1.226146676562038,1.0781124174827406,1.0477066468759246,1.0835346536094845,935.738826985471,2935.738826985471,6935.738826985471,3,1,2000.0
802.846078958828,802.846078958828,500.0,1302.846078958828,1302.846078958828,714.9903190889745,727.134559219121,587.8557598698535,575.711519739707,1.1228768523492703,1.1041231210644349,1.8221870201248136,1.7917537578711302,1.1228768523492703,1.379175375787113,702.846078958828,802.846078958828,1002.846078958828,3,2,100.0
1002.846078958828,1127.134559219121,500.0,1502.846078958828,1627.134559219121,914.9903190889745,1163.5672796095605,587.8557598698535,463.5672796095605,1.096018239796601,0.9686887719954925,1.6424721088362575,1.3984017836640372,1.096018239796601,1.3775276316610323,702.846078958828,1002.846078958828,1602.846078958828,3,2,300.0
1202.846078958828,1675.711519739707,500.0,1702.846078958828,2175.711519739707,1114.9903190889745,1763.5672796095605,587.8557598698535,412.1442401301465,1.0787950876036645,0.9501829270220391,1.5272294743780135,1.2336991873774115,1.0787950876036645,1.2490853648898046,702.846078958828,1202.846078958828,2202.846078958828,3,2,500.0
1702.846078958828,3175.711519739707,500.0,2202.846078958828,3675.711519739707,1614.9903190889745,3263.5672796095605,587.8557598698535,412.1442401301465,1.0544001774075114,0.9730798379985094,1.3639995564812217,1.1262864236644308,1.0544001774075114,1.1346008100074532,702.846078958828,1702.846078958828,3702.846078958828,3,2,1000.0
2702.846078958828,6175.711519739707,500.0,3202.846078958828,6675.711519739707,2614.9903190889745,6263.5672796095605,587.8557598698535,412.1442401301465,1.0335969732769263,0.9859735265946836,1.2248022700423051,1.0658002415766878,1.0335969732769263,1.070132367026582,702.846078958828,2702.846078958828,6702.846078958828,3,2,2000.0
692.181472980883,692.181472980883,500.0,1192.181472980883,1192.181472980883,593.4845608174026,594.7876486539219,598.6969121634804,597.3938243269611,1.16630072402818,1.163745539349002,2.008782623323678,2.0043816909764978,1.16630072402818,1.5000000000000002,592.181472980883,692.181472980883,892.181472980883,3,3,100.0
892.181472980883,1097.3938243269608,500.0,1392.181472980883,1597.3938243269608,793.4845608174026,1097.3938243269608,598.6969121634804,500.0,1.1243841620079016,1.0,1.7545161452753877,1.4556249442233316,1.1243841620079016,1.359750200796007,592.181472980883,892.181472980883,1492.181472980883,3,3,300.0
1092.181472980883,1697.3938243269608,500.0,1592.181472980883,2197.393824326961,993.4845608174026,1697.3938243269608,598.6969121634804,500.0,1.099344183146919,1.0,1.6026232674123235,1.2945692348081075,1.099344183146919,1.2325845911513555,592.181472980883,1092.181472980883,2092.181472980883,3,3,500.0
1592.181472980883,3197.3938243269613,500.0,2092.181472980883,3697.393824326961,1493.4845608174026,3197.3938243269613,598.6969121634804,499.99999999999955,1.0660849899308382,1.0,1.4008725151037424,1.1563773583960204,1.0660849899308382,1.1234716992477531,592.181472980883,1592.181472980883,3592.181472980883,3,3,1000.0
2592.181472980883,6197.39382432696,500.0,3092.181472980883,6697.39382432696,2493.4845608174023,6197.39382432696,598.6969121634806,500.0,1.0395819223084046,1.0,1.240104519422899,1.0806790748132422,1.0395819223084046,1.0637022044821876,592.181472980883,2592.181472980883,6592.181472980883,3,3,2000.0
691.3557130261324,691.3557130261324,500.0,1191.3557130261324,1191.3557130261324,592.7964275217771,594.2371420174215,598.5592855043553,597.1185710087109,1.1662616050443972,1.163434030190364,2.0097214789344635,2.0048489547144546,1.1662616050443972,1.5000000000000002,591.3557130261324,691.3557130261324,891.3557130261324,3,4,100.0
891.3557130261324,1097.1185710087107,500.0,1391.3557130261324,1597.1185710087107,792.7964275217771,1097.1185710087107,598.5592855043553,500.0,1.1243185287961557,1.0,1.754997455494858,1.4557392548193684,1.1243185287961557,1.3593386826502745,591.3557130261324,891.3557130261324,1491.3557130261324,3,4,300.0
1091.3557130261324,1697.1185710087107,500.0,1591.3557130261324,2197.1185710087107,992.7964275217771,1697.1185710087107,598.5592855043553,500.0,1.09927441595492,1.0,1.60290233618032,1.2946170105856638,1.09927441595492,1.2322979364860172,591.3557130261324,1091.3557130261324,2091.3557130261324,3,4,500.0
1591.3557130261324,3197.118571008711,500.0,2091.3557130261324,3697.1185710087107,1492.796427521777,3197.118571008711,598.5592855043553,499.99999999999955,1.066023259224954,1.0,1.4009651111625692,1.15639082157727,1.066023259224954,1.1233101410727588,591.3557130261324,1591.3557130261324,3591.3557130261324,3,4,1000.0
2591.3557130261324,6197.11857100871,500.0,3091.3557130261324,6697.11857100871,2492.796427521777,6197.11857100871,598.5592855043556,500.0,1.0395376391012958,1.0,1.240115590224676,1.080682658282366,1.0395376391012958,1.0636162012232164,591.3557130261324,2591.3557130261324,6591.355713026132,3,4,2000.0
749.4513460202143,749.4513460202143,500.0,1249.4513460202143,1249.4513460202143,656.6725823030407,663.8938185858674,592.7787637171735,585.5575274343469,1.141286184648955,1.12887230614165,1.9027006451803077,1.882004789081511,1.141286184648955,1.4301252993175944,649.4513460202143,749.4513460202143,949.4513460202143,3,5,100.0
949.4513460202143,1085.5575274343469,500.0,1449.4513460202143,1585.5575274343469,856.6725823030407,1178.3362911515203,592.7787637171735,407.22123628282657,1.108301310948637,0.9212629158467944,1.6919548681289336,1.345589997813674,1.108301310948637,1.3149483366128225,649.4513460202143,949.4513460202143,1549.4513460202143,3,5,300.0
1149.4513460202143,1685.5575274343469,500.0,1649.4513460202143,2185.557527434347,1056.6725823030406,1778.3362911515203,592.7787637171737,407.22123628282657,1.0878027548656182,0.9478283358559271,1.5609862256719103,1.2289900050451874,1.0878027548656182,1.208686656576292,649.4513460202143,1149.4513460202143,2149.4513460202143,3,5,500.0
1649.4513460202143,3185.557527434347,500.0,2149.4513460202143,3685.557527434347,1556.6725823030406,3278.3362911515205,592.7787637171737,407.22123628282634,1.059600692381895,0.9716994367028207,1.3807986152362104,1.1242158217208977,1.059600692381895,1.113202253188717,649.4513460202143,1649.4513460202143,3649.4513460202143,3,5,1000.0
2649.4513460202143,6185.557527434346,500.0,3149.4513460202143,6685.557527434346,2556.6725823030406,6278.3362911515205,592.7787637171737,407.2212362828259,1.0362888718560899,0.9852223966008425,1.231855564071955,1.0648613290843867,1.0362888718560899,1.0591104135966292,649.4513460202143,2649.4513460202143,6649.451346020214,3,5,2000.0
683.9562839828432,683.9562839828432,500.0,1183.9562839828432,1183.9562839828432,583.9562839828432,589.3041893218954,600.0,594.6520946609478,1.171245695513293,1.1606167008075452,2.027474173079758,2.0090749487886828,1.171245695513293,1.5000000000000002,583.9562839828432,683.9562839828432,883.9562839828432,3,6,100.0
883.9562839828432,1191.9781419914216,500.0,1383.9562839828432,1691.9781419914216,689.3041893218954,1094.6520946609476,694.6520946609478,597.326047330474,1.282389252345089,1.0889104838013572,2.007758411194793,1.5456766129109605,1.282389252345089,1.3556419352054287,583.9562839828432,883.9562839828432,1483.9562839828432,3,6,300.0
1083.9562839828432,1791.9781419914216,500.0,1583.9562839828432,2291.9781419914216,889.3041893218954,1694.6520946609476,694.6520946609478,597.326047330474,1.2188813422878084,1.0574312849446224,1.7811186577121918,1.3524770949815408,1.2188813422878084,1.2297251397784892,583.9562839828432,1083.9562839828432,2083.956283982843,3,6,500.0
1583.9562839828432,3291.9781419914216,500.0,2083.956283982843,3791.9781419914216,1389.3041893218954,3194.652094660948,694.6520946609478,597.3260473304736,1.1401076136939854,1.0304653040289204,1.5,1.1869768693526137,1.1401076136939854,1.1218612161156825,583.9562839828432,1583.9562839828432,3583.956283982843,3,6,1000.0
2583.956283982843,6291.978141991422,500.0,3083.956283982843,6791.978141991422,2389.3041893218956,6194.652094660947,694.6520946609476,597.3260473304745,1.0814681092222884,1.0157113015942183,1.290734054611144,1.0964260846618485,1.0814681092222884,1.062845206376873,583.9562839828432,2583.956283982843,6583.956283982843,3,6,2000.0
684.3097110046074,684.3097110046074,500.0,1184.3097110046074,1184.3097110046074,586.9247591705061,586.9247591705061,597.3849518341012,597.3849518341012,1.1659240819414982,1.1659240819414982,2.01782203340404,2.01782203340404,1.1659240819414982,1.5066832625265152,584.3097110046074,684.3097110046074,884.3097110046074,3,7,100.0
884.3097110046074,1192.1548555023037,500.0,1384.3097110046074,1692.1548555023037,786.9247591705061,1094.7699036682025,597.3849518341012,597.3849518341012,1.1237538286846562,1.088954721451327,1.7591385896458538,1.5456716976165192,1.1237538286846562,1.3558188858053086,584.3097110046074,884.3097110046074,1484.3097110046074,3,7,300.0
1084.3097110046074,1792.1548555023037,500.0,1584.3097110046074,2292.1548555023037,986.9247591705061,1694.7699036682025,597.3849518341012,597.3849518341012,1.0986751532264238,1.057462049345648,1.6052993870943042,1.3524873497818826,1.0986751532264238,1.2298481973825917,584.3097110046074,1084.3097110046074,2084.3097110046074,3,7,500.0
1584.3097110046074,3292.1548555023037,500.0,2084.3097110046074,3792.1548555023037,1486.9247591705061,3194.7699036682025,597.3849518341012,597.3849518341012,1.0654942028730683,1.0304826183952356,1.4017586956903976,1.1869884122634904,1.0654942028730683,1.1219304735809421,584.3097110046074,1584.3097110046074,3584.3097110046074,3,7,1000.0
2584.3097110046074,6292.154855502304,500.0,3084.3097110046074,6792.154855502304,2486.924759170506,6194.7699036682025,597.3849518341012,597.3849518341012,1.0391587849511712,1.0157205115522427,1.2402103037622072,1.096433759626869,1.0391587849511712,1.0628820462089708,584.3097110046074,2584.3097110046074,6584.309711004607,3,7,2000.0
696.3864870136604,696.3864870136604,500.0,1196.3864870136604,1196.3864870136604,596.9887391780503,598.1932435068302,599.3977478356101,598.1932435068302,1.166498530562676,1.1641497034155468,2.0040352664957743,2.0,1.166498530562676,1.4984898220493281,596.3864870136604,696.3864870136604,896.3864870136604,3,8,100.0
896.3864870136604,1098.7954956712201,500.0,1396.3864870136604,1598.7954956712201,796.9887391780503,1198.1932435068302,599.3977478356101,400.60225216438994,1.1247166276629215,0.9170436418547177,1.7520780638052431,1.3343386005014695,1.1247166276629215,1.2488690744358468,596.3864870136604,896.3864870136604,1496.3864870136604,3,8,300.0
1096.3864870136604,1698.7954956712201,500.0,1596.3864870136604,2198.79549567122,996.9887391780503,1798.1932435068302,599.3977478356101,400.60225216438994,1.0996979644098657,0.94472354503915,1.6012081423605375,1.2227804234116333,1.0996979644098657,1.16582936488255,596.3864870136604,1096.3864870136604,2096.3864870136604,3,8,500.0
1596.3864870136604,3198.79549567122,500.0,2096.3864870136604,3698.79549567122,1496.9887391780503,3298.19324350683,599.3977478356101,400.60225216438994,1.0663984606124601,0.9698629702697696,1.4004023090813098,1.1214611220713213,1.0663984606124601,1.0904110891906909,596.3864870136604,1596.3864870136604,3596.3864870136604,3,8,1000.0
2596.3864870136604,6198.79549567122,500.0,3096.3864870136604,6698.79549567122,2496.9887391780503,6298.19324350683,599.3977478356101,400.60225216438994,1.0398070468945444,0.9842180536556123,1.2400482382763638,1.0636059004028486,1.0398070468945444,1.0473458390331631,596.3864870136604,2596.3864870136604,6596.38648701366,3,8,2000.0
733.0716620432213,733.0716620432213,500.0,1233.0716620432213,1233.0716620432213,633.0716620432213,633.0716620432213,600.0,600.0,1.1579600004164659,1.1579600004164659,1.9477600024987956,1.9477600024987956,1.1579600004164659,1.4738800012493978,633.0716620432213,733.0716620432213,933.0716620432213,3,9,100.0
933.0716620432213,1171.316426589952,500.0,1433.0716620432213,1671.316426589952,661.7552354532693,1171.316426589952,771.316426589952,500.0,1.4099951342343575,1.0,2.165561502602452,1.4268701340214682,1.4099951342343575,1.3088450116818096,633.0716620432213,933.0716620432213,1533.0716620432213,3,9,300.0
1133.0716620432213,1771.316426589952,500.0,1633.0716620432213,2271.3164265899522,861.7552354532693,1771.316426589952,771.316426589952,500.0000000000002,1.3148416341761404,1.0,1.8950527886079533,1.2822759347196788,1.3148416341761404,1.2042295944546182,633.0716620432213,1133.0716620432213,2133.0716620432213,3,9,500.0
1633.0716620432213,3271.3164265899522,500.0,2133.0716620432213,3771.3164265899522,1361.7552354532693,3271.3164265899522,771.316426589952,500.0,1.1992402302016063,1.0,1.5664134100672022,1.1528436674410014,1.1992402302016063,1.1105839938053212,633.0716620432213,1633.0716620432213,3633.0716620432213,3,9,1000.0
2633.0716620432213,6271.316426589952,500.0,3133.0716620432213,6771.316426589952,2361.755235453269,6271.316426589952,771.3164265899522,500.0,1.1148791468807229,1.0,1.326586097920482,1.0797280771673448,1.1148791468807229,1.0576840986558183,633.0716620432213,2633.0716620432213,6633.071662043221,3,9,2000.0
684.5371109899133,684.5371109899133,500.0,1184.5371109899133,1184.5371109899133,584.5371109899133,589.6914073266089,600.0,594.8457036633044,1.171075536727942,1.1608395552061568,2.0264532203676517,2.008740667190765,1.171075536727942,1.5,584.5371109899133,684.5371109899133,884.5371109899133,3,10,100.0
884.5371109899133,1094.8457036633044,500.0,1384.5371109899133,1594.8457036633044,689.6914073266089,1094.8457036633044,694.8457036633044,500.0,1.2825114269852484,1.0,2.0074733370344204,1.4566853560524762,1.2825114269852484,1.3559327182110859,584.5371109899133,884.5371109899133,1484.5371109899133,3,10,300.0
1084.5371109899133,1694.8457036633044,500.0,1584.5371109899133,2194.8457036633044,889.6914073266089,1694.8457036633044,694.8457036633044,500.0,1.2190036928071353,1.0,1.7809963071928647,1.2950121057741604,1.2190036928071353,1.229927365355038,584.5371109899133,1084.5371109899133,2084.5371109899133,3,10,500.0
1584.5371109899133,3194.8457036633044,500.0,2084.5371109899133,3694.8457036633044,1389.691407326609,3194.8457036633044,694.8457036633044,500.0,1.1402078926559207,1.0,1.5,1.1565020806565667,1.1402078926559207,1.1219750321211999,584.5371109899133,1584.5371109899133,3584.5371109899133,3,10,1000.0
2584.5371109899133,6194.845703663304,500.0,3084.5371109899133,6694.845703663304,2389.691407326609,6194.845703663304,694.8457036633044,500.0,1.0815359268003906,1.0,1.2907679634001952,1.0807122604691068,1.0815359268003906,1.0629057487414362,584.5371109899133,2584.5371109899133,6584.537110989913,3,10,2000.0
755.4191900067963,755.4191900067963,500.0,1255.4191900067963,1255.4191900067963,661.7878771486825,668.1565642905688,593.6313128581138,587.2626257162275,1.1414823632936961,1.1306020630192875,1.8970114644828164,1.8789296657434889,1.1414823632936961,1.429933104108968,655.4191900067963,755.4191900067963,955.4191900067963,3,11,100.0
955.4191900067963,1087.2626257162274,500.0,1455.4191900067963,1587.2626257162274,861.7878771486825,1087.2626257162274,593.6313128581138,500.0,1.1086477488728468,1.0,1.6888369268110461,1.4598704932680162,1.1086477488728468,1.4305827802939273,655.4191900067963,955.4191900067963,1555.4191900067963,3,11,300.0
1155.4191900067963,1687.2626257162274,500.0,1655.4191900067963,2187.2626257162274,1061.7878771486826,1687.2626257162274,593.6313128581137,500.0,1.0881826915462158,1.0,1.55908654226892,1.2963379810465219,1.0881826915462158,1.2774651421510868,655.4191900067963,1155.4191900067963,2155.4191900067963,3,11,500.0
1655.4191900067963,3187.2626257162274,500.0,2155.4191900067963,3687.2626257162274,1561.7878771486826,3187.2626257162274,593.6313128581137,500.0,1.0599513635802156,1.0,1.3800972728395688,1.1568744275936917,1.0599513635802156,1.1468835860946247,655.4191900067963,1655.4191900067963,3655.4191900067963,3,11,1000.0
2655.4191900067963,6187.262625716227,500.0,3155.4191900067963,6687.262625716227,2561.7878771486826,6187.262625716227,593.6313128581137,500.0,1.0365492060030852,1.0,1.2317253969984574,1.080811181009489,1.0365492060030852,1.0756645697153313,655.4191900067963,2655.4191900067963,6655.419190006796,3,11,2000.0
689.1977150458843,689.1977150458843,500.0,1189.1977150458843,1189.1977150458843,590.9980958715703,594.5988575229421,598.199619174314,594.5988575229421,1.166158943421797,1.1590969379205243,2.0121853578768696,2.0,1.166158943421797,1.4954581627523145,589.1977150458843,689.1977150458843,889.1977150458843,3,12,100.0
889.1977150458843,1194.5988575229421,500.0,1389.1977150458843,1694.5988575229421,790.9980958715703,1194.5988575229421,598.199619174314,500.0,1.1241464672125558,1.0,1.7562592404412565,1.4185505425953395,1.1241464672125558,1.246609023328389,589.1977150458843,889.1977150458843,1489.1977150458843,3,12,300.0
1089.1977150458843,1794.5988575229421,500.0,1589.1977150458843,2294.598857522942,990.9980958715703,1794.5988575229421,598.199619174314,500.0,1.0990916325504627,1.0,1.6036334697981482,1.2786137960046082,1.0990916325504627,1.1641586119861753,589.1977150458843,1089.1977150458843,2089.1977150458843,3,12,500.0
1589.1977150458843,3294.598857522942,500.0,2089.1977150458843,3794.598857522942,1490.9980958715703,3294.598857522942,598.199619174314,500.0,1.065861666387247,1.0,1.4012075004191293,1.15176354440186,1.065861666387247,1.0894187335888406,589.1977150458843,1589.1977150458843,3589.1977150458843,3,12,1000.0
2589.1977150458843,6294.598857522942,500.0,3089.1977150458843,6794.598857522942,2490.99809587157,6294.598857522942,598.1996191743142,500.0,1.0394217961615724,1.0,1.240144550959607,1.079433179352236,1.0394217961615724,1.0468018477731673,589.1977150458843,2589.1977150458843,6589.197715045884,3,12,2000.0
735.2326740161516,735.2326740161516,500.0,1235.2326740161516,1235.2326740161516,635.2326740161516,635.2326740161516,600.0,600.0,1.1574226328248622,1.1574226328248622,1.944535796949173,1.944535796949173,1.1574226328248622,1.4722678984745865,635.2326740161516,735.2326740161516,935.2326740161516,3,13,100.0
935.2326740161516,1081.4950497189004,500.0,1435.2326740161516,1581.4950497189004,753.7376242972512,1081.4950497189004,681.4950497189004,500.0,1.2407934059124588,1.0,1.9041542146105466,1.462322966831849,1.2407934059124588,1.41954664925668,635.2326740161516,935.2326740161516,1535.2326740161516,3,13,300.0
1135.2326740161516,1681.4950497189004,500.0,1635.2326740161516,2181.4950497189,953.7376242972512,1681.4950497189004,681.4950497189004,499.9999999999998,1.1902987206283622,1.0,1.7145519190574567,1.2973544287766925,1.1902987206283622,1.2698417841748053,635.2326740161516,1135.2326740161516,2135.2326740161516,3,13,500.0
1635.2326740161516,3181.4950497189,500.0,2135.2326740161516,3681.4950497189,1453.7376242972512,3181.4950497189,681.4950497189004,500.0,1.1248471847226467,1.0,1.4687882038193383,1.1571588175327123,1.1248471847226467,1.1426177370093162,635.2326740161516,1635.2326740161516,3635.2326740161516,3,13,1000.0
2635.2326740161516,6181.4950497189,500.0,3135.2326740161516,6681.4950497189,2453.7376242972514,6181.4950497189,681.4950497189002,500.0,1.0739667713131635,1.0,1.2777375392424362,1.0808865809934989,1.0739667713131635,1.0734025701950347,635.2326740161516,2635.2326740161516,6635.232674016152,3,13,2000.0
687.7881229971536,689.8234358309613,500.0,1187.7881229971536,1189.8234358309614,589.8234358309613,591.858748664769,597.9646871661922,597.9646871661924,1.166091547427539,1.16552038368479,2.013802861739058,2.0103165468368904,1.166091547427539,1.5,587.7881229971536,687.7881229971536,887.7881229971536,3,14,100.0
887.7881229971536,1193.8940614985768,500.0,1387.7881229971536,1693.8940614985768,789.8234358309613,1095.9293743323844,597.9646871661922,597.9646871661923,1.1240336545130811,1.089389598874353,1.7570865335707373,1.5456233779028499,1.1240336545130811,1.357558395497411,587.7881229971536,887.7881229971536,1487.7881229971536,3,14,300.0
1087.7881229971536,1793.8940614985768,500.0,1587.7881229971536,2293.894061498577,989.8234358309613,1695.9293743323844,597.9646871661922,597.9646871661923,1.0989718808627222,1.0577646030836378,1.604112476549111,1.3525882010278794,1.0989718808627222,1.231058412334551,587.7881229971536,1087.7881229971536,2087.7881229971536,3,14,500.0
1587.7881229971536,3293.894061498577,500.0,2087.7881229971536,3793.894061498577,1489.8234358309614,3195.929374332384,597.9646871661921,597.9646871661926,1.0657559042300548,1.0306529574630092,1.4013661436549172,1.1871019716420064,1.0657559042300548,1.122611829852037,587.7881229971536,1587.7881229971536,3587.7881229971536,3,14,1000.0
2587.7881229971536,6293.894061498577,500.0,3087.7881229971536,6793.894061498577,2489.8234358309614,6195.929374332385,597.9646871661921,597.9646871661917,1.039346037858101,1.0158111368363922,1.2401634905354746,1.0965092806969936,1.039346037858101,1.0632445473455694,587.7881229971536,2587.7881229971536,6587.788122997154,3,14,2000.0
809.2929479549639,809.2929479549639,500.0,1309.292947954964,1309.292947954964,720.6313294605934,731.9697109662229,588.6616184943705,577.323236988741,1.1230332555215652,1.1056372085214727,1.8168693122667803,1.7887255829570547,1.1230332555215652,1.3788725582957055,709.2929479549639,809.2929479549639,1009.2929479549639,3,15,100.0
1009.2929479549639,1165.9848554831115,500.0,1509.292947954964,1665.9848554831115,920.6313294605934,1165.9848554831115,588.6616184943705,500.0,1.0963052371314783,1.0,1.6394108039308992,1.4288220362800776,1.0963052371314783,1.3802005578264336,709.2929479549639,1009.2929479549639,1609.292947954964,3,15,300.0
1209.292947954964,1765.9848554831115,500.0,1709.292947954964,2265.9848554831115,1120.6313294605934,1765.9848554831115,588.6616184943705,500.0,1.0791175618274451,1.0,1.5252946290353295,1.2831281358090796,1.0791175618274451,1.2510259876212693,709.2929479549639,1209.292947954964,2209.292947954964,3,15,500.0
1709.292947954964,3265.9848554831115,500.0,2209.292947954964,3765.9848554831115,1620.6313294605934,3265.9848554831115,588.6616184943705,500.0,1.0547080738738281,1.0,1.3632298153154296,1.1530931777471574,1.0547080738738281,1.1357348891950931,709.2929479549639,1709.292947954964,3709.292947954964,3,15,1000.0
2709.292947954964,6265.9848554831115,500.0,3209.292947954964,6765.9848554831115,2620.6313294605934,6265.9848554831115,588.6616184943705,500.0,1.0338321600210052,1.0,1.224625879984246,1.0797959158108195,1.0338321600210052,1.0707483504502777,709.2929479549639,2709.292947954964,6709.292947954964,3,15,2000.0
749.2814550292678,749.2814550292678,500.0,1249.2814550292678,1249.2814550292678,656.5269614536581,663.7724678780485,592.7544935756097,585.5089871512193,1.1412805551355212,1.1288227386480414,1.9028639010698878,1.8820929090701484,1.1412805551355212,1.4301308068168843,649.2814550292678,749.2814550292678,949.2814550292678,3,16,100.0
949.2814550292678,1085.5089871512193,500.0,1449.2814550292678,1585.5089871512193,856.5269614536581,1178.2634807268291,592.7544935756097,407.2455064243902,1.108291388070483,0.9212786485426903,1.69204417403232,1.3456319516693964,1.108291388070483,1.3148854058292385,649.2814550292678,949.2814550292678,1549.2814550292678,3,16,300.0
1149.2814550292678,1685.5089871512193,500.0,1649.2814550292678,2185.508987151219,1056.5269614536583,1778.2634807268291,592.7544935756096,407.24550642439,1.08779188507219,0.9478398479297915,1.5610405746390497,1.2290130291929162,1.08779188507219,1.2086406082808339,649.2814550292678,1149.2814550292678,2149.281455029268,3,16,500.0
1649.2814550292678,3185.508987151219,500.0,2149.281455029268,3685.508987151219,1556.5269614536583,3278.263480726829,592.7544935756096,407.24550642439,1.0595906758267684,0.9717062114985812,1.3808186483464633,1.1242259839145385,1.0595906758267684,1.113175154005675,649.2814550292678,1649.2814550292678,3649.281455029268,3,16,1000.0
2649.281455029268,6185.508987151219,500.0,3149.281455029268,6685.508987151219,2556.5269614536583,6278.26348072683,592.7544935756096,407.24550642438953,1.036281445482143,0.9852260909628354,1.2318592772589285,1.0648659470368775,1.036281445482143,1.0590956361486576,649.2814550292678,2649.281455029268,6649.281455029268,3,16,2000.0
730.6043300428428,730.6043300428428,500.0,1230.6043300428428,1230.6043300428428,640.5179971795795,650.4316643163163,590.0863328632632,580.1726657265265,1.1406460603135966,1.123260705351419,1.9212642509056979,1.891980968264144,1.1406460603135966,1.430748810516509,630.6043300428428,730.6043300428428,930.6043300428428,3,17,100.0
930.6043300428428,1170.2589985897898,500.0,1430.6043300428428,1670.2589985897898,840.5179971795795,1170.2589985897898,590.0863328632632,500.0,1.107179540670818,1.0,1.7020508006293045,1.427255847297496,1.107179540670818,1.3079192998193425,630.6043300428428,930.6043300428428,1530.6043300428428,3,17,300.0
1130.6043300428428,1770.2589985897898,500.0,1630.6043300428428,2270.25899858979,1040.5179971795797,1770.2589985897898,590.0863328632631,500.0,1.0865783514628775,1.0,1.567108242685611,1.2824445464750107,1.0865783514628775,1.20355514743329,630.6043300428428,1130.6043300428428,2130.604330042843,3,17,500.0
1630.6043300428428,3270.25899858979,500.0,2130.604330042843,3770.25899858979,1540.5179971795797,3270.25899858979,590.0863328632631,500.0,1.058477948993907,1.0,1.3830441020121857,1.1528930889619482,1.058477948993907,1.1101886216377486,630.6043300428428,1630.6043300428428,3630.604330042843,3,17,1000.0
2630.604330042843,6270.25899858979,500.0,3130.604330042843,6770.25899858979,2540.5179971795797,6270.25899858979,590.0863328632631,500.0,1.035459828650407,1.0,1.2322700856747963,1.0797415226567917,1.035459828650407,1.0574689708246654,630.6043300428428,2630.604330042843,6630.604330042843,3,17,2000.0
750.5707009928301,750.5707009928301,500.0,1250.57070099283,1250.57070099283,657.6320294224257,664.6933578520216,592.9386715704044,585.8773431408085,1.1413232133052111,1.1291984373340573,1.9016268141488804,1.8814250002950088,1.1413232133052111,1.430089062518438,650.5707009928301,750.5707009928301,950.5707009928301,3,18,100.0
950.5707009928301,1085.8773431408085,500.0,1450.57070099283,1585.8773431408085,857.6320294224257,1085.8773431408085,592.9386715704044,500.0,1.1083666052362737,1.0,1.6913672195402034,1.4604571622737723,1.1083666052362737,1.427942769768025,650.5707009928301,950.5707009928301,1550.57070099283,3,18,300.0
1150.57070099283,1685.8773431408085,500.0,1650.57070099283,2185.8773431408085,1057.6320294224256,1685.8773431408085,592.9386715704045,500.0,1.0878742974729674,1.0,1.560628512635164,1.2965814814667918,1.0878742974729674,1.2756388889990613,650.5707009928301,1150.57070099283,2150.57070099283,3,18,500.0
1650.57070099283,3185.8773431408085,500.0,2150.57070099283,3685.8773431408085,1557.6320294224256,3185.8773431408085,592.9386715704045,500.0,1.059666641295805,1.0,1.3806667174083906,1.1569426397022156,1.059666641295805,1.145860404466765,650.5707009928301,1650.57070099283,3650.57070099283,3,18,1000.0
2650.57070099283,6185.877343140808,500.0,3150.57070099283,6685.877343140808,2557.6320294224256,6185.877343140808,592.9386715704045,500.0,1.03633778061162,1.0,1.23183110969419,1.0808292780901037,1.03633778061162,1.0751216572968902,650.5707009928301,2650.57070099283,6650.57070099283,3,18,2000.0
751.0838909889571,751.0838909889571,500.0,1251.0838909889571,1251.0838909889571,658.0719065619633,665.0599221349694,593.0119844269939,586.0239688539878,1.1413401537119652,1.1293476963366464,1.9011355423530096,1.881159650957073,1.1413401537119652,1.430072478184817,651.0838909889571,751.0838909889571,951.0838909889571,3,19,100.0
951.0838909889571,1086.0239688539878,500.0,1451.0838909889571,1586.0239688539878,858.0719065619633,1086.0239688539878,593.0119844269939,500.0,1.1083964918507412,1.0,1.6910982400099952,1.46039499526665,1.1083964918507412,1.4282225213000757,651.0838909889571,951.0838909889571,1551.0838909889571,3,19,300.0
1151.0838909889571,1686.0239688539878,500.0,1651.0838909889571,2186.0239688539878,1058.0719065619633,1686.0239688539878,593.0119844269939,500.0,1.0879070541899383,1.0,1.5604647290503084,1.2965556891459,1.0879070541899383,1.275832331405749,651.0838909889571,1151.0838909889571,2151.083890988957,3,19,500.0
1651.0838909889571,3186.0239688539878,500.0,2151.083890988957,3686.0239688539878,1558.0719065619633,3186.0239688539878,593.0119844269939,500.0,1.0596968496994685,1.0,1.380606300601063,1.15693541696105,1.0596968496994685,1.1459687455842498,651.0838909889571,1651.0838909889571,3651.083890988957,3,19,1000.0
2651.083890988957,6186.023968853988,500.0,3151.083890988957,6686.023968853988,2558.0719065619633,6186.023968853988,593.0119844269939,500.0,1.0363601915131468,1.0,1.2318199042434266,1.0808273622148006,1.0363601915131468,1.0751791335559804,651.0838909889571,2651.083890988957,6651.083890988957,3,19,2000.0
798.2058929861523,798.2058929861523,500.0,1298.2058929861523,1298.2058929861523,710.9301563628833,710.9301563628833,587.275736623269,587.275736623269,1.1227627437690524,1.1227627437690524,1.8260667118522165,1.8260667118522165,1.1227627437690524,1.404084331002318,698.2058929861523,798.2058929861523,998.2058929861523,3,20,100.0
998.2058929861523,1161.8272098698071,500.0,1498.2058929861523,1661.8272098698071,910.9301563628833,1161.8272098698071,587.275736623269,500.0,1.0958094712461153,1.0,1.6446989733747694,1.4303565932631492,1.0958094712461153,1.3755968868772193,698.2058929861523,998.2058929861523,1598.2058929861523,3,20,300.0
1198.2058929861523,1761.8272098698071,500.0,1698.2058929861523,2261.827209869807,1110.9301563628833,1761.8272098698071,587.275736623269,500.0,1.0785609573413728,1.0,1.5286342559517634,1.2837962753662706,1.0785609573413728,1.2476852898353137,698.2058929861523,1198.2058929861523,2198.2058929861523,3,20,500.0
1698.2058929861523,3261.827209869807,500.0,2198.2058929861523,3761.827209869807,1610.9301563628833,3261.827209869807,587.275736623269,500.0,1.0541772318796974,1.0,1.3645569203007566,1.1532883159742717,1.0541772318796974,1.1337835069239497,698.2058929861523,1698.2058929861523,3698.2058929861523,3,20,1000.0
2698.2058929861523,6261.827209869807,500.0,3198.2058929861523,6761.827209869807,2610.9301563628833,6261.827209869807,587.275736623269,500.0,1.0334270667526577,1.0,1.2249296999355068,1.079848897652734,1.0334270667526577,1.069688713611984,698.2058929861523,2698.2058929861523,6698.205892986152,3,20,2000.0
750.7429360062815,757.7796594339555,500.0,1250.7429360062815,1257.7796594339557,657.7796594339555,664.8163828616297,592.963276572326,592.963276572326,1.141328901310698,1.1398330109919608,1.9014618619897634,1.89192037359245,1.141328901310698,1.4300834945040195,650.7429360062815,750.7429360062815,950.7429360062815,3,21,100.0
950.7429360062815,1178.8898297169778,500.0,1450.7429360062815,1678.8898297169778,857.7796594339555,1178.8898297169778,592.963276572326,500.0,1.1083766390936245,1.0,1.6912769148240463,1.4241278424804442,1.1083766390936245,1.3154265113802672,650.7429360062815,950.7429360062815,1550.7429360062815,3,21,300.0
1150.7429360062815,1778.8898297169778,500.0,1650.7429360062815,2278.889829716978,1057.7796594339557,1778.8898297169778,592.9632765723259,500.0000000000002,1.0878852942039676,1.0,1.5605735289801614,1.2810741798886727,1.0878852942039676,1.2090366137786428,650.7429360062815,1150.7429360062815,2150.7429360062815,3,21,500.0
1650.7429360062815,3278.889829716978,500.0,2150.7429360062815,3778.889829716978,1557.7796594339557,3278.889829716978,592.9632765723259,500.0,1.05967678163554,1.0,1.3806464367289202,1.1524906373701365,1.05967678163554,1.113408234372242,650.7429360062815,1650.7429360062815,3650.7429360062815,3,21,1000.0
2650.7429360062815,6278.889829716978,500.0,3150.7429360062815,6778.889829716978,2557.7796594339557,6278.889829716978,592.9632765723259,500.0,1.0363453029386038,1.0,1.231827348530698,1.0796319116213156,1.0363453029386038,1.059222747392283,650.7429360062815,2650.7429360062815,6650.7429360062815,3,21,2000.0
804.8209700151347,804.8209700151347,500.0,1304.8209700151347,1304.8209700151347,716.7183487632428,728.615727511351,588.1026212518918,576.2052425037837,1.1229250254356125,1.1045890716140168,1.8205491351891743,1.7908218567719663,1.1229250254356125,1.3790821856771966,704.8209700151347,804.8209700151347,1004.8209700151347,3,22,100.0
1004.8209700151347,1128.615727511351,500.0,1504.8209700151347,1628.615727511351,916.7183487632428,1164.3078637556755,588.1026212518918,464.3078637556755,1.096106531925266,0.9693447606467301,1.6415303261304948,1.3987844437105925,1.096106531925266,1.3783476174750793,704.8209700151347,1004.8209700151347,1604.8209700151347,3,22,300.0
1204.8209700151347,1676.2052425037837,500.0,1704.8209700151347,2176.2052425037837,1116.7183487632428,1764.3078637556755,588.1026212518918,411.89737874810817,1.0788942183581607,0.9500639185134344,1.5266346898510363,1.2334611703602023,1.0788942183581607,1.2496804074328278,704.8209700151347,1204.8209700151347,2204.8209700151347,3,22,500.0
1704.8209700151347,3176.2052425037837,500.0,2204.8209700151347,3676.2052425037837,1616.7183487632428,3264.3078637556755,588.1026212518918,411.89737874810817,1.0544947246496512,0.973010321045354,1.3637631883758718,1.1261821482346976,1.0544947246496512,1.1349483947732297,704.8209700151347,1704.8209700151347,3704.8209700151347,3,22,1000.0
2704.8209700151347,6176.205242503784,500.0,3204.8209700151347,6676.205242503784,2616.718348763243,6264.3078637556755,588.1026212518918,411.89737874810817,1.0336691265582834,0.9859357772369969,1.2247481550812875,1.0657530548795795,1.0336691265582834,1.0703211138150155,704.8209700151347,2704.8209700151347,6704.820970015135,3,22,2000.0
789.9805440334603,789.9805440334603,500.0,1289.9805440334603,1289.9805440334603,689.9805440334603,689.9805440334603,600.0,600.0,1.1449316228765294,1.1449316228765294,1.8695897372591759,1.8695897372591759,1.1449316228765294,1.434794868629588,689.9805440334603,789.9805440334603,989.9805440334603,3,23,100.0
989.9805440334603,1158.7427040125476,500.0,1489.9805440334603,1658.7427040125476,731.2378400209127,1072.495136008365,758.7427040125476,586.2475680041825,1.3538420604780899,1.0804176775338865,2.037614114705618,1.5466202580517905,1.3538420604780899,1.4825060652033195,689.9805440334603,989.9805440334603,1589.9805440334603,3,23,300.0
1189.9805440334603,1758.7427040125476,500.0,1689.9805440334603,2258.7427040125476,931.2378400209127,1672.495136008365,758.7427040125476,586.2475680041825,1.2778481424323749,1.0515682025898287,1.8147679050450836,1.3505227341966095,1.2778481424323749,1.3094092155389725,689.9805440334603,1189.9805440334603,2189.9805440334603,3,23,500.0
1689.9805440334603,3258.7427040125476,500.0,2189.9805440334603,3758.7427040125476,1431.2378400209127,3172.495136008365,758.7427040125476,586.2475680041825,1.180782464505527,1.0271860363236678,1.530130410750921,1.184790690882445,1.180782464505527,1.1631162179420063,689.9805440334603,1689.9805440334603,3689.9805440334603,3,23,1000.0
2689.9805440334603,6258.742704012548,500.0,3189.9805440334603,6758.742704012548,2431.2378400209127,6172.495136008365,758.7427040125476,586.2475680041825,1.1064242665827881,1.0139728855355497,1.3120808221732931,1.0949774046129581,1.1064242665827881,1.0838373132132986,689.9805440334603,2689.9805440334603,6689.98054403346,3,23,2000.0
586.9044883040867,686.9044883040867,500.0,1086.9044883040867,1186.9044883040867,584.285385964904,589.5235906432692,502.61910233918275,597.3808976608175,1.0044825737594951,1.1651857520316677,1.8602287758903033,2.013328231714993,1.1711492404261616,1.5000000000000002,584.285385964904,684.285385964904,884.285385964904,3,24,100.0
786.9044883040867,1094.7617953216345,500.0,1286.9044883040867,1594.7617953216345,689.5235906432692,1094.7617953216345,597.3808976608175,500.0,1.1412292472400676,1.0,1.8663675989729516,1.4567203588366937,1.282458494480135,1.3558067081879028,584.285385964904,884.285385964904,1484.285385964904,3,24,300.0
986.9044883040867,1694.7617953216345,500.0,1486.9044883040867,2194.7617953216345,889.5235906432692,1694.7617953216345,597.3808976608175,500.0,1.1094753401541553,1.0,1.6715739795375348,1.2950267119427892,1.2189506803083103,1.2298397283432656,584.285385964904,1084.285385964904,2084.285385964904,3,24,500.0
1486.9044883040867,3194.761795321635,500.0,1986.9044883040867,3694.7617953216345,1389.5235906432692,3194.761795321635,597.3808976608175,499.99999999999955,1.0700822197741426,1.0,1.4299177802258576,1.1565061910819745,1.1401644395482853,1.1219257070163047,584.285385964904,1584.285385964904,3584.285385964904,3,24,1000.0
2486.9044883040865,6194.761795321634,500.0,2986.904488304087,6694.761795321634,2389.5235906432695,6194.761795321634,597.3808976608175,500.0,1.0407532689956,1.0,1.25,1.0807133537204945,1.0815065379912001,1.0628795107081346,584.285385964904,2584.285385964904,6584.285385964904,3,24,2000.0
682.4931699899025,682.4931699899025,500.0,1182.4931699899025,1182.4931699899025,585.4109749915855,588.3287799932683,597.082194998317,594.1643899966342,1.1658359667748157,1.160054026249934,2.0199367974044207,2.0099189606250993,1.1658359667748157,1.5,582.4931699899025,682.4931699899025,882.4931699899025,3,25,100.0
882.4931699899025,1191.2465849949513,500.0,1382.4931699899025,1691.2465849949513,785.4109749915855,1094.164389996634,597.082194998317,597.0821949983172,1.1236068734580098,1.0887272478302972,1.7602162613079273,1.5456969724633005,1.1236068734580098,1.354908991321188,582.4931699899025,882.4931699899025,1482.4931699899025,3,25,300.0
1082.4931699899025,1791.2465849949513,500.0,1582.4931699899025,2291.2465849949513,985.4109749915855,1694.164389996634,597.082194998317,597.0821949983172,1.0985194984246507,1.0573038812358169,1.6059220063013968,1.3524346270786056,1.0985194984246507,1.229215524943267,582.4931699899025,1082.4931699899025,2082.4931699899025,3,25,500.0
1582.4931699899025,3291.2465849949513,500.0,2082.4931699899025,3791.2465849949513,1485.4109749915856,3194.164389996634,597.0821949983169,597.0821949983174,1.0653571278473062,1.0303936125837343,1.4019643082290403,1.1869290750558228,1.0653571278473062,1.1215744503349365,582.4931699899025,1582.4931699899025,3582.4931699899025,3,25,1000.0
2582.4931699899025,6291.246584994951,500.0,3082.4931699899025,6791.246584994951,2485.4109749915856,6194.164389996635,597.0821949983169,597.0821949983165,1.0390608217213033,1.015673170566009,1.2402347945696741,1.0963943088050074,1.0390608217213033,1.0626926822640363,582.4931699899025,2582.4931699899025,6582.4931699899025,3,25,2000.0
696.0744780022651,696.0744780022651,500.0,1196.074478002265,1196.074478002265,596.7287316685542,597.3829853348434,599.3457463337108,598.6914926674217,1.166483933253764,1.1652064004000775,2.0043856019096635,2.002190399399884,1.166483933253764,1.5,596.0744780022651,696.0744780022651,896.0744780022651,3,26,100.0
896.0744780022651,1098.6914926674217,500.0,1396.074478002265,1598.6914926674217,796.7287316685542,1098.6914926674217,599.3457463337108,500.0,1.1246920593985048,1.0,1.7522582310776307,1.4550868040181977,1.1246920593985048,1.3616875055344884,596.0744780022651,896.0744780022651,1496.074478002265,3,26,300.0
1096.074478002265,1698.6914926674217,500.0,1596.074478002265,2198.6914926674217,996.7287316685542,1698.6914926674217,599.3457463337108,500.0,1.0996717995350682,1.0,1.6013128018597276,1.2943442067958202,1.0996717995350682,1.2339347592250791,596.0744780022651,1096.074478002265,2096.074478002265,3,26,500.0
1596.074478002265,3198.6914926674217,500.0,2096.074478002265,3698.6914926674217,1496.7287316685542,3198.6914926674217,599.3457463337108,500.0,1.0663752517284546,1.0,1.4004371224073182,1.156313918096254,1.0663752517284546,1.1242329828449513,596.0744780022651,1596.074478002265,3596.074478002265,3,26,1000.0
2596.074478002265,6198.691492667422,500.0,3096.074478002265,6698.691492667422,2496.7287316685542,6198.691492667422,599.3457463337108,500.0,1.039790364517221,1.0,1.2400524088706948,1.0806621850097657,1.039790364517221,1.0641075597656242,596.0744780022651,2596.074478002265,6596.074478002265,3,26,2000.0
682.5202609994449,682.5202609994449,500.0,1182.5202609994449,1182.5202609994449,585.4335508328708,588.3468406662965,597.0867101665741,594.1734203331483,1.1658372842288474,1.1600644616813067,2.019905178507663,2.00990330747804,1.1658372842288474,1.5,582.5202609994449,682.5202609994449,882.5202609994449,3,27,100.0
882.5202609994449,1191.2601304997224,500.0,1382.5202609994449,1691.2601304997224,785.4335508328708,1094.1734203331482,597.0867101665741,597.0867101665742,1.123609069237778,1.088730642110657,1.7602001589229612,1.5456965953210382,1.123609069237778,1.3549225684426285,582.5202609994449,882.5202609994449,1482.5202609994449,3,27,300.0
1082.5202609994449,1791.2601304997224,500.0,1582.5202609994449,2291.2601304997224,985.4335508328708,1694.1734203331482,597.0867101665741,597.0867101665742,1.0985218232974898,1.0573062409086094,1.6059127068100403,1.3524354136362031,1.0985218232974898,1.2292249636344377,582.5202609994449,1082.5202609994449,2082.520260999445,3,27,500.0
1582.5202609994449,3291.2601304997224,500.0,2082.520260999445,3791.2601304997224,1485.4335508328709,3194.173420333148,597.086710166574,597.0867101665744,1.065359174169816,1.0303949402210129,1.4019612387452756,1.186929960147342,1.065359174169816,1.1215797608840514,582.5202609994449,1582.5202609994449,3582.520260999445,3,27,1000.0
2582.520260999445,6291.260130499722,500.0,3082.520260999445,6791.260130499722,2485.433550832871,6194.173420333149,597.086710166574,597.0867101665735,1.0390622835738417,1.0156738766544497,1.2402344291065395,1.0963948972120414,1.0390622835738417,1.0626955066177997,582.5202609994449,2582.520260999445,6582.520260999445,3,27,2000.0
771.6177329653874,771.6177329653874,500.0,1271.6177329653874,1271.6177329653874,671.6177329653874,671.6177329653874,600.0,600.0,1.1488942222512066,1.1488942222512066,1.8933653335072402,1.8933653335072402,1.1488942222512066,1.4466826667536201,671.6177329653874,771.6177329653874,971.6177329653874,3,28,100.0
971.6177329653874,1235.8088664826937,500.0,1471.6177329653874,1735.8088664826937,803.7132997240406,1067.9044332413469,667.9044332413469,667.9044332413469,1.2089108557728208,1.157227957872332,1.831023243575384,1.6254346479432586,1.2089108557728208,1.4716838736169955,671.6177329653874,971.6177329653874,1571.6177329653874,3,28,300.0
1171.6177329653874,1835.8088664826937,500.0,1671.6177329653874,2335.8088664826937,1003.7132997240406,1667.9044332413469,667.9044332413469,667.9044332413469,1.1672832603568273,1.100667897929288,1.6654334792863454,1.400445265286192,1.1672832603568273,1.302003693787864,671.6177329653874,1171.6177329653874,2171.6177329653874,3,28,500.0
1671.6177329653874,3335.8088664826937,500.0,2171.6177329653874,3835.8088664826937,1503.7132997240406,3167.904433241347,667.9044332413469,667.9044332413469,1.1116598711151657,1.0530017356203987,1.4441700644424171,1.2108347796836656,1.1116598711151657,1.159005206861196,671.6177329653874,1671.6177329653874,3671.6177329653874,3,28,1000.0
2671.6177329653874,6335.808866482694,500.0,3171.6177329653874,6835.808866482694,2503.7132997240406,6167.904433241347,667.9044332413469,667.9044332413469,1.067062164529722,1.027222281904441,1.2667655411324306,1.1082870917457375,1.067062164529722,1.0816668457133227,671.6177329653874,2671.6177329653874,6671.617732965387,3,28,2000.0
694.9594400008209,695.7995333340175,500.0,1194.959440000821,1195.7995333340175,595.7995333340175,596.6396266672139,599.1599066668034,599.1599066668036,1.166431662193351,1.1661973195121211,2.0056401073595707,2.0042241243909125,1.166431662193351,1.5000000000000002,594.9594400008209,694.9594400008209,894.9594400008209,3,29,100.0
894.9594400008209,1098.3198133336068,500.0,1394.959440000821,1598.3198133336068,795.7995333340175,1098.3198133336068,599.1599066668034,500.0,1.1246041276895087,1.0,1.752903063610268,1.45524080866975,1.1246041276895087,1.3611330887889006,594.9594400008209,894.9594400008209,1494.959440000821,3,29,300.0
1094.959440000821,1698.3198133336068,500.0,1594.959440000821,2198.319813333607,995.7995333340175,1698.3198133336068,599.1599066668034,500.0,1.0995781814988486,1.0,1.6016872740046055,1.294408624379502,1.0995781814988486,1.2335482537229876,594.9594400008209,1094.959440000821,2094.959440000821,3,29,500.0
1594.959440000821,3198.3198133336073,500.0,2094.959440000821,3698.319813333607,1495.7995333340175,3198.3198133336073,599.1599066668034,499.99999999999955,1.0662922433501392,1.0,1.400561634974791,1.1563320834631763,1.0662922433501392,1.124014998441884,594.9594400008209,1594.959440000821,3594.959440000821,3,29,1000.0
2594.959440000821,6198.319813333606,500.0,3094.959440000821,6698.319813333606,2495.7995333340173,6198.319813333606,599.1599066668036,500.0,1.0397307176888284,1.0,1.240067320577793,1.080667021879771,1.0397307176888284,1.0639914748854968,594.9594400008209,2594.959440000821,6594.959440000821,3,29,2000.0
786.4245250471868,786.4245250471868,500.0,1286.4245250471868,1286.4245250471868,686.4245250471868,686.4245250471868,600.0,600.0,1.1456824404593144,1.1456824404593144,1.8740946427558869,1.8740946427558869,1.1456824404593144,1.4370473213779433,686.4245250471868,786.4245250471868,986.4245250471868,3,30,100.0
986.4245250471868,1157.409196892695,500.0,1486.4245250471868,1657.409196892695,814.8183937853901,1157.409196892695,671.6061312617967,500.0,1.2106065996676494,1.0,1.8242402679960694,1.4319993320792281,1.2106065996676494,1.3706686704289825,686.4245250471868,986.4245250471868,1586.4245250471868,3,30,300.0
1186.4245250471868,1757.409196892695,500.0,1686.4245250471868,2257.409196892695,1014.8183937853901,1757.409196892695,671.6061312617967,500.0,1.169100335895259,1.0,1.661799328209482,1.2845097208345435,1.169100335895259,1.244118062493949,686.4245250471868,1186.4245250471868,2186.4245250471868,3,30,500.0
1686.4245250471868,3257.409196892695,500.0,2186.4245250471868,3757.409196892695,1514.81839378539,3257.409196892695,671.6061312617967,500.0,1.1132849534741711,1.0,1.4433575232629143,1.153496220394097,1.1132849534741711,1.1317044627256956,686.4245250471868,1686.4245250471868,3686.4245250471868,3,30,1000.0
2686.4245250471868,6257.409196892695,500.0,3186.4245250471868,6757.409196892695,2514.81839378539,6257.409196892695,671.6061312617967,500.0,1.0682379815917797,1.0,1.267059495397945,1.0799052745740665,1.0682379815917797,1.0685611751853359,686.4245250471868,2686.4245250471868,6686.424525047187,3,30,2000.0
799.4349849992432,799.4349849992432,500.0,1299.4349849992432,1299.4349849992432,712.0056118743378,712.0056118743378,587.4293731249054,587.4293731249054,1.1227930955414096,1.1227930955414096,1.825034751592072,1.825034751592072,1.1227930955414096,1.4036897579616745,699.4349849992432,799.4349849992432,999.4349849992432,3,31,100.0
999.4349849992432,1162.2881193747162,500.0,1499.4349849992432,1662.2881193747162,912.0056118743378,1162.2881193747162,587.4293731249054,500.0,1.0958649508145264,1.0,1.644107191311719,1.4301859338190501,1.0958649508145264,1.376108865209516,699.4349849992432,999.4349849992432,1599.4349849992432,3,31,300.0
1199.4349849992432,1762.2881193747162,500.0,1699.4349849992432,2262.288119374716,1112.0056118743378,1762.2881193747162,587.4293731249054,500.0,1.0786231401993909,1.0,1.5282611588036552,1.2837220511804885,1.0786231401993909,1.2480564107642242,699.4349849992432,1199.4349849992432,2199.434984999243,3,31,500.0
1699.4349849992432,3262.288119374716,500.0,2199.434984999243,3762.288119374716,1612.0056118743378,3262.288119374716,587.4293731249054,500.0,1.0542363950105906,1.0,1.3644090124735235,1.1532666587695004,1.0542363950105906,1.134000078971662,699.4349849992432,1699.4349849992432,3699.434984999243,3,31,1000.0
2699.434984999243,6262.288119374716,500.0,3199.434984999243,6762.288119374716,2612.005611874338,6262.288119374716,587.4293731249054,500.0,1.0334721230028934,1.0,1.22489590774783,1.0798430207088467,1.0334721230028934,1.0698062524897332,699.4349849992432,2699.434984999243,6699.434984999243,3,31,2000.0
751.4535690075718,751.4535690075718,500.0,1251.4535690075718,1251.4535690075718,658.3887734350615,665.3239778625513,593.0647955725103,586.1295911450205,1.1413523427608832,1.1294551136150603,1.900782059934389,1.8809686869065594,1.1413523427608832,1.43006054293166,651.4535690075718,751.4535690075718,951.4535690075718,3,32,100.0
951.4535690075718,1086.1295911450206,500.0,1451.4535690075718,1586.1295911450206,858.3887734350615,1179.1943867175307,593.0647955725103,406.9352044274899,1.1084180017873344,0.9210776470607444,1.6909046505806575,1.3450959477175402,1.1084180017873344,1.3156894117570233,651.4535690075718,951.4535690075718,1551.4535690075718,3,32,300.0
1151.4535690075718,1686.1295911450206,500.0,1651.4535690075718,2186.1295911450206,1058.3887734350615,1779.1943867175307,593.0647955725103,406.9352044274899,1.0879306337221086,0.9476927331452484,1.5603468313894568,1.22871879962383,1.0879306337221086,1.209229067419007,651.4535690075718,1151.4535690075718,2151.453569007572,3,32,500.0
1651.4535690075718,3186.1295911450206,500.0,2151.453569007572,3686.1295911450206,1558.3887734350615,3279.1943867175305,593.0647955725103,406.93520442749013,1.0597185998506478,0.9716196161016036,1.3805628002987045,1.124096090819072,1.0597185998506478,1.113521535593586,651.4535690075718,1651.4535690075718,3651.453569007572,3,32,1000.0
2651.453569007572,6186.129591145021,500.0,3151.453569007572,6686.129591145021,2558.3887734350615,6279.1943867175305,593.0647955725103,406.93520442749013,1.0363763305009954,0.9851788637457424,1.2318118347495024,1.0648069130155113,1.0363763305009954,1.0592845450170305,651.4535690075718,2651.453569007572,6651.453569007572,3,32,2000.0
788.1802720017731,788.1802720017731,500.0,1288.1802720017731,1288.1802720017731,702.1577380015515,716.1352040013298,586.0225340002216,572.0450680004433,1.1225116940889308,1.100602606320565,1.8346024009763555,1.79879478735887,1.1225116940889308,1.379879478735887,688.1802720017731,788.1802720017731,988.1802720017731,3,33,100.0
988.1802720017731,1244.0901360008866,500.0,1488.1802720017731,1744.0901360008866,902.1577380015515,1244.0901360008866,586.0225340002216,500.0,1.0953519882130343,1.0,1.6495787923943006,1.4019001401355407,1.0953519882130343,1.276579747756027,688.1802720017731,988.1802720017731,1588.1802720017731,3,33,300.0
1188.1802720017731,1844.0901360008866,500.0,1688.1802720017731,2344.0901360008866,1102.1577380015515,1844.0901360008866,586.0225340002216,500.0,1.0780492038791099,1.0,1.5317047767253409,1.2711364212837803,1.0780492038791099,1.1865907361486592,688.1802720017731,1188.1802720017731,2188.180272001773,3,33,500.0
1688.1802720017731,3344.0901360008866,500.0,2188.180272001773,3844.0901360008866,1602.1577380015515,3344.0901360008866,586.0225340002216,500.0,1.053691675894236,1.0,1.36577081026441,1.1495175009241638,1.053691675894236,1.1028949944550166,688.1802720017731,1688.1802720017731,3688.180272001773,3,33,1000.0
2688.180272001773,6344.090136000887,500.0,3188.180272001773,6844.090136000887,2602.1577380015515,6344.090136000887,586.0225340002216,500.0,1.0330581550626083,1.0,1.2252063837030438,1.0788135082070547,1.0330581550626083,1.054237901515345,688.1802720017731,2688.180272001773,6688.180272001773,3,33,2000.0
693.3684750343673,693.3684750343673,500.0,1193.3684750343673,1193.3684750343673,594.4737291953061,595.5789833562449,598.8947458390612,597.7894916781224,1.1663567975878892,1.1641923143880142,2.0074368578906583,2.0037115284179787,1.1663567975878892,1.5,593.3684750343673,693.3684750343673,893.3684750343673,3,34,100.0
893.3684750343673,1097.7894916781224,500.0,1393.3684750343673,1597.7894916781224,794.4737291953061,1097.7894916781224,598.8947458390612,500.0,1.1244783083503946,1.0,1.7538257387637728,1.455460727024888,1.1244783083503946,1.3603413827104027,593.3684750343673,893.3684750343673,1493.3684750343673,3,34,300.0
1093.3684750343673,1697.7894916781224,500.0,1593.3684750343673,2197.7894916781224,994.4737291953061,1697.7894916781224,598.8947458390612,500.0,1.0994443019817963,1.0,1.6022227920728145,1.2945005858799326,1.0994443019817963,1.2329964847204045,593.3684750343673,1093.3684750343673,2093.3684750343673,3,34,500.0
1593.3684750343673,3197.7894916781224,500.0,2093.3684750343673,3697.7894916781224,1494.473729195306,3197.7894916781224,598.8947458390612,500.0,1.0661736261448442,1.0,1.4007395607827338,1.1563580095879333,1.0661736261448442,1.1237038849448013,593.3684750343673,1593.3684750343673,3593.3684750343673,3,34,1000.0
2593.3684750343673,6197.789491678122,500.0,3093.3684750343673,6697.789491678122,2494.473729195306,6197.789491678122,598.8947458390612,500.0,1.0396455351209346,1.0,1.2400886162197664,1.0806739242549879,1.0396455351209346,1.0638258178802935,593.3684750343673,2593.3684750343673,6593.368475034367,3,34,2000.0
749.033416993916,749.033416993916,500.0,1249.033416993916,1249.033416993916,656.3143574233566,663.5952978527971,592.7190595705595,585.4381191411189,1.1412723316530327,1.1287503383727582,1.9031023820620538,1.8822216206706524,1.1412723316530327,1.430138851291916,649.033416993916,749.033416993916,949.033416993916,3,35,100.0
949.033416993916,1085.438119141119,500.0,1449.033416993916,1585.438119141119,856.3143574233566,1085.438119141119,592.7190595705595,500.0,1.108276894772091,1.0,1.6921746137178484,1.460643486885865,1.108276894772091,1.4271043090136073,649.033416993916,949.033416993916,1549.033416993916,3,35,300.0
1149.033416993916,1685.438119141119,500.0,1649.033416993916,2185.438119141119,1056.3143574233566,1685.438119141119,592.7190595705595,500.0,1.0877760099718108,1.0,1.5611199501409463,1.296658770394249,1.0877760099718108,1.2750592220431327,649.033416993916,1149.033416993916,2149.033416993916,3,35,500.0
1649.033416993916,3185.438119141119,500.0,2149.033416993916,3685.438119141119,1556.3143574233566,3185.438119141119,592.7190595705595,500.0,1.0595760484559595,1.0,1.380847903088081,1.1569642797314217,1.0595760484559595,1.1455358040286763,649.033416993916,1649.033416993916,3649.033416993916,3,35,1000.0
2649.033416993916,6185.438119141119,500.0,3149.033416993916,6685.438119141119,2556.3143574233563,6185.438119141119,592.7190595705597,500.0,1.0362706015796963,1.0,1.231864699210152,1.0808350177253778,1.0362706015796963,1.0749494682386653,649.033416993916,2649.033416993916,6649.033416993916,3,35,2000.0
719.5075967552839,731.006511504529,500.0,1219.5075967552839,1231.006511504529,708.0086820060387,731.006511504529,511.49891474924516,500.0,1.0162412058516919,1.0,1.7224472351101514,1.683988435302607,1.1412412058516919,1.3789325623535071,708.0086820060387,808.0086820060387,1008.0086820060387,3,36,100.0
919.5075967552839,1165.5032557522645,500.0,1419.5075967552839,1665.5032557522645,831.006511504529,1165.5032557522645,588.5010852507548,500.0,1.106498666406987,1.0,1.7081786690037837,1.4289992306175747,1.212997332813974,1.3796689748139424,708.0086820060387,1008.0086820060387,1608.0086820060387,3,36,300.0
1119.5075967552839,1765.5032557522645,500.0,1619.5075967552839,2265.5032557522645,1031.006511504529,1765.5032557522645,588.5010852507548,500.0,1.0858395017521343,1.0,1.5708024912393288,1.2832053684245146,1.1716790035042686,1.250639824544094,708.0086820060387,1208.0086820060387,2208.0086820060387,3,36,500.0
1619.5075967552839,3265.5032557522645,500.0,2119.507596755284,3765.5032557522645,1531.006511504529,3265.5032557522645,588.5010852507548,500.0,1.0578058189731567,1.0,1.3843883620536868,1.1531157560842231,1.1156116379463132,1.135509105824436,708.0086820060387,1708.0086820060387,3708.0086820060387,3,36,1000.0
2619.507596755284,6265.5032557522645,500.0,3119.507596755284,6765.5032557522645,2531.006511504529,6265.5032557522645,588.5010852507548,500.0,1.0349667552605963,1.0,1.2325166223697017,1.0798020493471068,1.069933510521193,1.0706256797245324,708.0086820060387,2708.0086820060387,6708.008682006039,3,36,2000.0
755.0873439991847,755.0873439991847,500.0,1255.0873439991847,1255.0873439991847,661.5034377135868,667.9195314279891,593.5839062855979,587.1678125711956,1.1414715343113866,1.130506458442432,1.8973255049697924,1.8790996294356759,1.1414715343113866,1.4299437268397297,655.0873439991847,755.0873439991847,955.0873439991847,3,37,100.0
955.0873439991847,1180.7517188567933,500.0,1455.0873439991847,1680.7517188567933,861.5034377135868,1087.1678125711956,593.5839062855979,593.5839062855978,1.1086285929792314,1.0860804608115358,1.6890093298535847,1.5459910599098294,1.1086285929792314,1.4304023040576788,655.0873439991847,955.0873439991847,1555.0873439991847,3,37,300.0
1155.0873439991847,1780.7517188567933,500.0,1655.0873439991847,2280.7517188567936,1061.5034377135867,1687.1678125711956,593.583906285598,593.583906285598,1.0881616610561073,1.0554680486364771,1.5591916947194644,1.3518226828788258,1.0881616610561073,1.2773402431823857,655.0873439991847,1155.0873439991847,2155.0873439991847,3,37,500.0
1655.0873439991847,3280.7517188567936,500.0,2155.0873439991847,3780.7517188567936,1561.5034377135867,3187.1678125711956,593.583906285598,593.583906285598,1.0599319245960976,1.029362716928953,1.3801361508078052,1.1862418112859687,1.0599319245960976,1.1468135846447642,655.0873439991847,1655.0873439991847,3655.0873439991847,3,37,1000.0
2655.0873439991847,6280.751718856794,500.0,3155.0873439991847,6780.751718856794,2561.5034377135867,6187.167812571195,593.583906285598,593.5839062855985,1.0365347572475372,1.0151254837626116,1.2317326213762314,1.0959379031355097,1.0365347572475372,1.0756274188130572,655.0873439991847,2655.0873439991847,6655.087343999185,3,37,2000.0
639.9596020246722,739.9596020246722,500.0,1139.9596020246722,1239.9596020246722,629.9528690287843,649.9663350205602,510.0067329958879,589.993267004112,1.0158848915337357,1.1384583510794681,1.8095950634881293,1.9077289625861145,1.1587420343908788,1.430770824460266,629.9528690287843,729.9528690287843,929.9528690287843,3,38,100.0
839.9596020246722,1259.9730680164482,500.0,1339.9596020246722,1759.9730680164482,749.9663350205602,1169.979801012336,589.993267004112,589.9932670041121,1.1199964089076677,1.0769186501563912,1.7866930013437703,1.5042764554512948,1.2399928178153354,1.3076746006255648,629.9528690287843,929.9528690287843,1529.9528690287843,3,38,300.0
1039.9596020246722,1859.9730680164482,500.0,1539.9596020246722,2359.9730680164485,949.9663350205602,1769.979801012336,589.993267004112,589.9932670041123,1.0947331117814447,1.0508442339017885,1.6210675528742213,1.3333333333333335,1.1894662235628894,1.2033769356071535,629.9528690287843,1129.9528690287843,2129.9528690287843,3,38,500.0
1539.9596020246722,3359.9730680164485,500.0,2039.9596020246722,3859.9730680164485,1449.96633502056,3269.979801012336,589.9932670041121,589.9932670041126,1.0620657630667238,1.027521046758837,1.4069013553999143,1.1804271900460852,1.124131526133448,1.1100841870353468,629.9528690287843,1629.9528690287843,3629.9528690287843,3,38,1000.0
2539.959602024672,6359.973068016448,500.0,3039.959602024672,6859.973068016448,2449.96633502056,6269.979801012336,589.9932670041121,589.9932670041126,1.0367324504495108,1.0143530393813363,1.2408168873876224,1.0940981128693354,1.0734649008990214,1.0574121575253446,629.9528690287843,2629.9528690287843,6629.952869028784,3,38,2000.0
756.2245759996586,756.2245759996586,500.0,1256.2245759996586,1256.2245759996586,662.4782079997073,668.7318399997562,593.7463679999513,587.4927359999024,1.1415086064234625,1.1308338122496668,1.8962504137195917,1.878517667111703,1.1415086064234625,1.4299073541944813,656.2245759996586,756.2245759996586,956.2245759996586,3,39,100.0
956.2245759996586,1087.4927359999024,500.0,1456.2245759996586,1587.4927359999024,862.4782079997073,1087.4927359999024,593.7463679999513,500.0,1.1086941874361922,1.0,1.6884189797409384,1.4597731860160625,1.1086941874361922,1.4310206629277185,656.2245759996586,956.2245759996586,1556.2245759996586,3,39,300.0
1156.2245759996586,1687.4927359999024,500.0,1656.2245759996586,2187.4927359999024,1062.4782079997071,1687.4927359999024,593.7463679999514,500.0,1.0882336854479535,1.0,1.558831572760234,1.2962975717366458,1.0882336854479535,1.2777682119751557,656.2245759996586,1156.2245759996586,2156.2245759996586,3,39,500.0
1656.2245759996586,3187.4927359999024,500.0,2156.2245759996586,3687.4927359999024,1562.4782079997071,3187.4927359999024,593.7463679999514,500.0,1.0599985123120315,1.0,1.3800029753759373,1.156863102573676,1.0599985123120315,1.1470534613948593,656.2245759996586,1656.2245759996586,3656.2245759996586,3,39,1000.0
2656.2245759996586,6187.492735999902,500.0,3156.2245759996586,6687.492735999902,2562.478207999707,6187.492735999902,593.7463679999514,500.0,1.0365842596074721,1.0,1.231707870196264,1.080808175675248,1.0365842596074721,1.075754729742565,656.2245759996586,2656.2245759996586,6656.224575999659,3,39,2000.0
745.7464079721831,745.7464079721831,500.0,1245.746407972183,1245.746407972183,653.496921119014,668.997947412676,592.2494868531691,576.7484605595071,1.1411628484725007,1.1147215187375819,1.9062773942974849,1.8621079672816032,1.1411628484725007,1.4136760981551904,645.7464079721831,745.7464079721831,945.7464079721831,3,40,100.0
945.7464079721831,1268.997947412676,500.0,1445.746407972183,1768.997947412676,853.496921119014,1268.997947412676,592.2494868531691,500.0,1.1080841471955416,1.0,1.693909341906793,1.394011669616516,1.1080841471955416,1.2180842460177037,645.7464079721831,945.7464079721831,1545.746407972183,3,40,300.0
1145.746407972183,1868.997947412676,500.0,1645.746407972183,2368.997947412676,1053.4969211190141,1868.997947412676,592.249486853169,499.9999999999998,1.0875650274850186,1.0,1.5621748625749066,1.2675230332340217,1.0875650274850186,1.1480731752234508,645.7464079721831,1145.746407972183,2145.746407972183,3,40,500.0
1645.746407972183,3368.997947412676,500.0,2145.746407972183,3868.997947412676,1553.4969211190141,3368.997947412676,592.249486853169,500.0,1.0593818279258125,1.0,1.3812363441483746,1.14841208211005,1.0593818279258125,1.082145630504775,645.7464079721831,1645.746407972183,3645.746407972183,3,40,1000.0
2645.746407972183,6368.997947412676,500.0,3145.746407972183,6868.997947412676,2553.496921119014,6368.997947412676,592.249486853169,500.0,1.0361267272696544,1.0,1.2319366363651727,1.0785052851529209,1.0361267272696544,1.043452433623712,645.7464079721831,2645.746407972183,6645.746407972183,3,40,2000.0
685.8572850120254,685.8572850120254,500.0,1185.8572850120254,1185.8572850120254,585.8572850120254,590.5715233413503,600.0,595.2857616706751,1.1706900341743594,1.1613449987083104,2.024140205046156,2.0079825019375344,1.1706900341743594,1.5,585.8572850120254,685.8572850120254,885.8572850120254,3,41,100.0
885.8572850120254,1095.2857616706751,500.0,1385.8572850120254,1595.2857616706751,690.5715233413503,1095.2857616706751,695.2857616706751,500.0,1.2827886106941961,1.0,2.0068265750468757,1.4565018714726408,1.2827886106941961,1.3565932626984931,585.8572850120254,885.8572850120254,1485.8572850120254,3,41,300.0
1085.8572850120254,1695.2857616706751,500.0,1585.8572850120254,2195.285761670675,890.5715233413503,1695.2857616706751,695.2857616706751,500.0,1.2192813901549189,1.0,1.7807186098450811,1.294935527274917,1.2192813901549189,1.2303868363504975,585.8572850120254,1085.8572850120254,2085.8572850120254,3,41,500.0
1585.8572850120254,3195.285761670675,500.0,2085.8572850120254,3695.285761670675,1390.5715233413503,3195.285761670675,695.2857616706751,500.0,1.1404356111086114,1.0,1.5,1.1564805270307255,1.1404356111086114,1.1222336756312954,585.8572850120254,1585.8572850120254,3585.8572850120254,3,41,1000.0
2585.8572850120254,6195.285761670675,500.0,3085.8572850120254,6695.285761670675,2390.5715233413503,6195.285761670675,695.2857616706751,500.0,1.0816899890942064,1.0,1.2908449945471032,1.080706527387877,1.0816899890942064,1.0630433426909471,585.8572850120254,2585.8572850120254,6585.857285012025,3,41,2000.0
795.4347300343215,795.4347300343215,500.0,1295.4347300343215,1295.4347300343215,695.4347300343215,695.4347300343215,600.0,600.0,1.1437949467882698,1.1437949467882698,1.8627696807296183,1.8627696807296183,1.1437949467882698,1.4313848403648093,695.4347300343215,795.4347300343215,995.4347300343215,3,42,100.0
995.4347300343215,1121.5760475257412,500.0,1495.4347300343215,1621.5760475257412,821.5760475257412,1160.7880237628706,673.8586825085804,460.7880237628706,1.211616055546134,0.9662195203306648,1.820202444482131,1.3969613868595545,1.211616055546134,1.3744410670799976,695.4347300343215,995.4347300343215,1595.4347300343215,3,42,300.0
1195.4347300343215,1673.8586825085804,500.0,1695.4347300343215,2173.8586825085804,1021.5760475257412,1760.7880237628706,673.8586825085804,413.0706587457098,1.1701867256281766,0.950630433600679,1.6596265487436468,1.2345942005346915,1.1701867256281766,1.2468478319966048,695.4347300343215,1195.4347300343215,2195.4347300343215,3,42,500.0
1695.4347300343215,3173.8586825085804,500.0,2195.4347300343215,3673.8586825085804,1521.5760475257412,3260.7880237628706,673.8586825085804,413.0706587457098,1.1142622367060093,0.9733410020458871,1.4428688816469952,1.1266781697354973,1.1142622367060093,1.1332949897705644,695.4347300343215,1695.4347300343215,3695.4347300343215,3,42,1000.0
2695.4347300343215,6173.85868250858,500.0,3195.4347300343215,6673.85868250858,2521.576047525741,6260.788023762871,673.8586825085804,413.0706587457098,1.0689484192551626,0.9861152716040937,1.2672371048137907,1.0659774228384504,1.0689484192551626,1.0694236419795313,695.4347300343215,2695.4347300343215,6695.434730034322,3,42,2000.0
756.7796919844113,762.9540217009239,500.0,1256.7796919844113,1262.954021700924,662.9540217009239,669.1283514174366,593.8256702834874,593.8256702834873,1.1415266628034948,1.1402207365518637,1.8957267786986558,1.8874615296535662,1.1415266628034948,1.4298896317240681,656.7796919844113,756.7796919844113,956.7796919844113,3,43,100.0
956.7796919844113,1181.477010850462,500.0,1456.7796919844113,1681.477010850462,862.9540217009239,1181.477010850462,593.8256702834874,500.0,1.1087261521750051,1.0,1.6881312970916207,1.4231990935143843,1.1087261521750051,1.317655508898811,656.7796919844113,956.7796919844113,1556.7796919844113,3,43,300.0
1156.7796919844113,1781.477010850462,500.0,1656.7796919844113,2281.4770108504617,1062.954021700924,1781.477010850462,593.8256702834874,499.9999999999998,1.0882687946684175,1.0,1.5586560266579133,1.2806659849970805,1.0882687946684175,1.2106693933450103,656.7796919844113,1156.7796919844113,2156.7796919844113,3,43,500.0
1656.7796919844113,3281.4770108504617,500.0,2156.7796919844113,3781.4770108504617,1562.954021700924,3281.4770108504617,593.8256702834874,500.0,1.0600309855445262,1.0,1.3799380289109475,1.1523704107469626,1.0600309855445262,1.1143700473576326,656.7796919844113,1656.7796919844113,3656.7796919844113,3,43,1000.0
2656.7796919844113,6281.477010850462,500.0,3156.7796919844113,6781.477010850462,2562.954021700924,6281.477010850462,593.8256702834874,500.0,1.0366084094716688,1.0,1.2316957952641656,1.0795991132557379,1.0366084094716688,1.0597475212415266,656.7796919844113,2656.7796919844113,6656.779691984411,3,43,2000.0
685.2503390051425,687.7086158376187,500.0,1185.2503390051425,1187.7086158376187,585.2503390051425,590.166892670095,600.0,597.5417231675237,1.1708670518157893,1.1652782024525559,2.0252023108947363,2.0124961779269976,1.1708670518157893,1.5,585.2503390051425,685.2503390051425,885.2503390051425,3,44,100.0
885.2503390051425,1192.6251695025712,500.0,1385.2503390051425,1692.6251695025712,690.166892670095,1095.0834463350475,695.0834463350475,597.5417231675237,1.2826612641187627,1.0890724113253376,2.00712371705622,1.5456586209638514,1.2826612641187627,1.3562896453013509,585.2503390051425,885.2503390051425,1485.2503390051425,3,44,300.0
1085.2503390051425,1792.6251695025712,500.0,1585.2503390051425,2292.625169502571,890.166892670095,1695.0834463350475,695.0834463350475,597.5417231675237,1.219153787836218,1.0575439063949443,1.780846212163782,1.3525146354649815,1.219153787836218,1.2301756255797776,585.2503390051425,1085.2503390051425,2085.2503390051425,3,44,500.0
1585.2503390051425,3292.625169502571,500.0,2085.2503390051425,3792.625169502571,1390.166892670095,3195.0834463350475,695.0834463350475,597.5417231675237,1.1403309540485103,1.0305286934772893,1.5,1.1870191289848595,1.1403309540485103,1.1221147739091573,585.2503390051425,1585.2503390051425,3585.2503390051425,3,44,1000.0
2585.2503390051425,6292.625169502571,500.0,3085.2503390051425,6792.625169502571,2390.166892670095,6195.0834463350475,695.0834463350475,597.5417231675237,1.0816191735118197,1.0157450216792847,1.29080958675591,1.0964541847327374,1.0816191735118197,1.0629800867171393,585.2503390051425,2585.2503390051425,6585.250339005142,3,44,2000.0
792.0332839945331,792.0332839945331,500.0,1292.0332839945331,1292.0332839945331,692.0332839945331,692.0332839945331,600.0,600.0,1.1445017202392103,1.1445017202392103,1.8670103214352618,1.8670103214352618,1.1445017202392103,1.433505160717631,692.0332839945331,792.0332839945331,992.0332839945331,3,45,100.0
992.0332839945331,1159.51248149795,500.0,1492.0332839945331,1659.51248149795,819.0249629958998,1073.0083209986333,673.0083209986333,586.5041604993166,1.2112369327130013,1.08061835011569,1.8217189358146615,1.5465979610982568,1.2112369327130013,1.4837101006941409,692.0332839945331,992.0332839945331,1592.0332839945331,3,45,300.0
1192.0332839945331,1759.51248149795,500.0,1692.0332839945331,2259.51248149795,1019.0249629958998,1673.0083209986333,673.0083209986333,586.5041604993166,1.1697782952146674,1.051705756279611,1.6604434095706655,1.350568585426537,1.1697782952146674,1.3102345376776663,692.0332839945331,1192.0332839945331,2192.033283994533,3,45,500.0
1692.0332839945331,3259.51248149795,500.0,2192.033283994533,3759.51248149795,1519.0249629958998,3173.0083209986333,673.0083209986333,586.5041604993166,1.113894323801906,1.0272625066649972,1.443052838099047,1.184841671109998,1.113894323801906,1.163575039989983,692.0332839945331,1692.0332839945331,3692.033283994533,3,45,1000.0
2692.033283994533,6259.51248149795,500.0,3192.033283994533,6759.51248149795,2519.0249629959,6173.008320998633,673.0083209986333,586.5041604993166,1.0686806695209852,1.0140132907653885,1.2671701673802462,1.0950110756378237,1.0686806695209852,1.0840797445923311,692.0332839945331,2692.033283994533,6692.033283994533,3,45,2000.0
757.3115069768392,757.3115069768392,500.0,1257.3115069768392,1257.3115069768392,663.4098631230049,669.5082192691708,593.9016438538342,587.8032877076683,1.1415439369740326,1.1311459444120247,1.895225827753057,1.877962765489734,1.1415439369740326,1.4298726728431084,657.3115069768392,757.3115069768392,957.3115069768392,3,46,100.0
957.3115069768392,1087.8032877076685,500.0,1457.3115069768392,1587.8032877076685,863.4098631230049,1087.8032877076685,593.9016438538342,500.0,1.1087567421504618,1.0,1.6878559873125107,1.4596419275893637,1.1087567421504618,1.4316113258478627,657.3115069768392,957.3115069768392,1557.3115069768392,3,46,300.0
1157.3115069768392,1687.8032877076685,500.0,1657.3115069768392,2187.8032877076685,1063.409863123005,1687.8032877076685,593.9016438538342,500.0,1.088302400711298,1.0,1.55848799644351,1.2962430537027139,1.088302400711298,1.2781770972296451,657.3115069768392,1157.3115069768392,2157.311506976839,3,46,500.0
1657.3115069768392,3187.8032877076685,500.0,2157.311506976839,3687.8032877076685,1563.409863123005,3187.8032877076685,593.9016438538342,500.0,1.0600620771742222,1.0,1.3798758456515556,1.1568478211714084,1.0600620771742222,1.1472826824288744,657.3115069768392,1657.3115069768392,3657.311506976839,3,46,1000.0
2657.311506976839,6187.8032877076685,500.0,3157.311506976839,6687.8032877076685,2563.409863123005,6187.8032877076685,593.9016438538342,500.0,1.0366315372366688,1.0,1.2316842313816656,1.0808041200975589,1.0366315372366688,1.0758763970732341,657.3115069768392,2657.311506976839,6657.311506976839,3,46,2000.0
694.7091180132702,694.7091180132702,500.0,1194.7091180132702,1194.7091180132702,595.5909316777252,596.4727453421801,599.118186335545,598.2363726710901,1.166419905112286,1.164695492691346,2.005922277305136,2.0029567609629813,1.166419905112286,1.5,594.7091180132702,694.7091180132702,894.7091180132702,3,47,100.0
894.7091180132702,1098.23637267109,500.0,1394.7091180132702,1598.23637267109,795.5909316777252,1098.23637267109,599.118186335545,500.0,1.1245843591084261,1.0,1.753048033204875,1.455275396483107,1.1245843591084261,1.361008572660814,594.7091180132702,894.7091180132702,1494.7091180132702,3,47,300.0
1094.7091180132702,1698.23637267109,500.0,1594.7091180132702,2198.23637267109,995.5909316777252,1698.23637267109,599.118186335545,500.0,1.0995571405702897,1.0,1.601771437718841,1.2944230897690463,1.0995571405702897,1.233461461385722,594.7091180132702,1094.7091180132702,2094.70911801327,3,47,500.0
1594.7091180132702,3198.23637267109,500.0,2094.70911801327,3698.23637267109,1495.5909316777252,3198.23637267109,599.118186335545,500.0,1.0662735940932433,1.0,1.400589608860135,1.1563361621024941,1.0662735940932433,1.1239660547700718,594.7091180132702,1594.7091180132702,3594.70911801327,3,47,1000.0
2594.70911801327,6198.23637267109,500.0,3094.70911801327,6698.23637267109,2495.590931677725,6198.23637267109,599.118186335545,500.0,1.0397173210871185,1.0,1.2400706697282204,1.0806681078192777,1.0397173210871185,1.063965412337336,594.7091180132702,2594.70911801327,6594.70911801327,3,47,2000.0
690.3527780319564,691.9606483599637,500.0,1190.3527780319564,1191.9606483599637,591.9606483599637,593.5685186879709,598.3921296719927,598.3921296719927,1.1662139703789258,1.1657637266367824,2.01086471090578,2.0081264602689575,1.1662139703789258,1.5,590.3527780319564,690.3527780319564,890.3527780319564,3,48,100.0
890.3527780319564,1195.1763890159782,500.0,1390.3527780319564,1695.1763890159782,791.9606483599637,1096.7842593439855,598.3921296719927,598.3921296719927,1.1242386599331022,1.0897096478489248,1.7555831604905832,1.545587816905675,1.1242386599331022,1.358838591395699,590.3527780319564,890.3527780319564,1490.3527780319564,3,48,300.0
1090.3527780319564,1795.1763890159782,500.0,1590.3527780319564,2295.176389015978,991.9606483599637,1696.7842593439855,598.3921296719927,598.3921296719927,1.0991895493381387,1.0579874130315385,1.6032418026474449,1.3526624710105128,1.0991895493381387,1.2319496521261537,590.3527780319564,1090.3527780319564,2090.3527780319564,3,48,500.0
1590.3527780319564,3295.176389015978,500.0,2090.3527780319564,3795.176389015978,1491.9606483599637,3196.7842593439855,598.3921296719927,598.3921296719927,1.0659482069987236,1.0307784703907994,1.4010776895019146,1.1871856469271997,1.0659482069987236,1.123113881563198,590.3527780319564,1590.3527780319564,3590.3527780319564,3,48,1000.0
2590.3527780319564,6295.176389015978,500.0,3090.3527780319564,6795.176389015978,2491.9606483599637,6196.7842593439855,598.3921296719927,598.3921296719927,1.0394838215991684,1.0158779337078954,1.240129044600208,1.0965649447565795,1.0394838215991684,1.063511734831581,590.3527780319564,2590.3527780319564,6590.352778031956,3,48,2000.0
694.3923000013456,694.3923000013456,500.0,1194.3923000013456,1194.3923000013456,595.326916667788,597.1961500006728,599.0653833335575,597.1961500006728,1.1664050130440167,1.162754147026171,2.006279686943595,2.0,1.1664050130440167,1.4976524882157025,594.3923000013456,694.3923000013456,894.3923000013456,3,49,100.0
894.3923000013456,1098.130766667115,500.0,1394.3923000013456,1598.130766667115,795.326916667788,1197.1961500006728,599.0653833335575,400.93461666644225,1.1245593242947385,0.9172521701364458,1.753231621838583,1.3348946759194114,1.1245593242947385,1.2482434895906622,594.3923000013456,894.3923000013456,1494.3923000013456,3,49,300.0
1094.3923000013456,1698.130766667115,500.0,1594.3923000013456,2198.130766667115,995.326916667788,1797.1961500006728,599.0653833335575,400.93461666644225,1.0995304976431404,0.9448778124004323,1.6018780094274379,1.2230889581341982,1.0995304976431404,1.1653665627987027,594.3923000013456,1094.3923000013456,2094.3923000013456,3,49,500.0
1594.3923000013456,3198.1307666671155,500.0,2094.3923000013456,3698.130766667115,1495.326916667788,3297.196150000673,599.0653833335575,400.93461666644225,1.0662499833510097,0.9699546587989504,1.4006250249734855,1.121598654865092,1.0662499833510097,1.090136023603149,594.3923000013456,1594.3923000013456,3594.3923000013456,3,49,1000.0
2594.3923000013456,6198.130766667115,500.0,3094.3923000013456,6698.130766667115,2495.326916667788,6297.196150000673,599.0653833335577,400.9346166664418,1.039700362574475,0.9842683345136791,1.2400749093563814,1.0636687514754324,1.039700362574475,1.0471949964589622,594.3923000013456,2594.3923000013456,6594.392300001346,3,49,2000.0
699.9964469810948,699.9970391509123,500.0,1199.9964469810948,1199.9970391509123,599.9970391509123,599.9976313207299,599.9994078301825,599.9994078301825,1.166666502174239,1.166666337682136,2.000003947818265,2.0000029608607766,1.166666502174239,1.5,599.9964469810948,699.9964469810948,899.9964469810948,3,50,100.0
899.9964469810948,1099.998815660365,500.0,1399.9964469810948,1599.998815660365,799.9970391509123,1099.998815660365,599.9994078301825,500.0,1.1249997224193706,1.0,1.7500020355912815,1.4545459439425248,1.1249997224193706,1.3636346018069103,599.9964469810948,899.9964469810948,1499.9964469810948,3,50,300.0
1099.9964469810948,1699.998815660365,500.0,1599.9964469810948,2199.998815660365,999.9970391509123,1699.998815660365,599.9994078301825,500.0,1.0999997039142146,1.0,1.6000011843431416,1.2941178519620173,1.0999997039142146,1.235292888227896,599.9964469810948,1099.9964469810948,2099.996446981095,3,50,500.0
1599.9964469810948,3199.998815660365,500.0,2099.996446981095,3699.998815660365,1499.9970391509123,3199.998815660365,599.9994078301825,500.0,1.0666664034795617,1.0,1.4000003947806576,1.156250057829105,1.0666664034795617,1.1249993060507382,599.9964469810948,1599.9964469810948,3599.996446981095,3,50,1000.0
2599.996446981095,6199.998815660365,500.0,3099.996446981095,6699.998815660365,2499.9970391509123,6199.998815660365,599.9994078301825,500.0,1.039999810505434,1.0,1.2400000473736414,1.0806451766953675,1.039999810505434,1.0645157593111776,599.9964469810948,2599.996446981095,6599.996446981095,3,50,2000.0
809.3444780330174,809.3444780330174,500.0,1309.3444780330174,1309.3444780330174,720.6764182788902,732.008358524763,588.6680597541272,577.3361195082543,1.1230344957947744,1.1056492301045742,1.8168271429776714,1.7887015397908517,1.1230344957947744,1.378870153979085,709.3444780330174,809.3444780330174,1009.3444780330174,3,51,100.0
1009.3444780330174,1166.0041792623815,500.0,1509.3444780330174,1666.0041792623815,920.6764182788902,1166.0041792623815,588.6680597541272,500.0,1.09630751694486,1.0,1.639386485921494,1.4288149295625183,1.09630751694486,1.380221877979112,709.3444780330174,1009.3444780330174,1609.3444780330174,3,51,300.0
1209.3444780330174,1766.0041792623815,500.0,1709.3444780330174,2266.0041792623815,1120.6764182788902,1766.0041792623815,588.6680597541272,500.0,1.0791201262986345,1.0,1.5252792422081929,1.283125037795119,1.0791201262986345,1.2510414776910712,709.3444780330174,1209.3444780330174,2209.3444780330174,3,51,500.0
1709.3444780330174,3266.0041792623815,500.0,2209.3444780330174,3766.0041792623815,1620.6764182788902,3266.0041792623815,588.6680597541272,500.0,1.0547105262679703,1.0,1.3632236843300745,1.1530922719495489,1.0547105262679703,1.135743947171177,709.3444780330174,1709.3444780330174,3709.3444780330174,3,51,1000.0
2709.3444780330174,6266.0041792623815,500.0,3209.3444780330174,6766.0041792623815,2620.67641827889,6266.0041792623815,588.6680597541272,500.0,1.0338340357991846,1.0,1.2246244731506115,1.079795669727571,1.0338340357991846,1.0707532721152486,709.3444780330174,2709.3444780330174,6709.344478033017,3,51,2000.0
702.3564650095068,702.3564650095068,500.0,1202.3564650095068,1202.3564650095068,602.3564650095068,602.3564650095068,600.0,600.0,1.1660146537954428,1.1660146537954428,1.9960879227726565,1.9960879227726565,1.1660146537954428,1.4980439613863283,602.3564650095068,702.3564650095068,902.3564650095068,3,52,100.0
902.3564650095068,1101.9637208412557,500.0,1402.3564650095068,1601.9637208412557,801.9637208412557,1100.785488336502,600.392744168251,501.1782325047536,1.1251836480370203,1.001070356138628,1.748653247728516,1.4552914603390439,1.1251836480370203,1.3648040248785032,602.3564650095068,902.3564650095068,1502.3564650095068,3,52,300.0
1102.3564650095068,1700.785488336502,500.0,1602.3564650095068,2200.785488336502,1001.9637208412557,1700.785488336502,600.392744168251,500.0,1.1001959872199372,1.0,1.5992160511202513,1.2939818121855202,1.1001959872199372,1.2361091268868785,602.3564650095068,1102.3564650095068,2102.356465009507,3,52,500.0
1602.3564650095068,3200.7854883365026,500.0,2102.356465009507,3700.785488336502,1501.9637208412557,3200.7854883365026,600.392744168251,499.99999999999955,1.0668409914135746,1.0,1.3997385128796378,1.1562116554895583,1.0668409914135746,1.1254601341252977,602.3564650095068,1602.3564650095068,3602.356465009507,3,52,1000.0
2602.356465009507,6200.785488336502,500.0,3102.356465009507,6700.785488336502,2501.9637208412555,6200.785488336502,600.3927441682513,500.0,1.0401255794926136,1.0,1.2399686051268466,1.0806349455146425,1.0401255794926136,1.0647613076485791,602.3564650095068,2602.356465009507,6602.356465009507,3,52,2000.0
749.4590920046903,749.4590920046903,500.0,1249.4590920046903,1249.4590920046903,656.6792217183059,656.6792217183059,592.7798702863844,592.7798702863844,1.1412864412606372,1.1412864412606372,1.902693203441524,1.902693203441524,1.1412864412606372,1.4458491461329919,649.4590920046903,749.4590920046903,949.4590920046903,3,53,100.0
949.4590920046903,1178.339610859153,500.0,1449.4590920046903,1678.339610859153,856.6792217183059,1085.5597405727685,592.7798702863844,592.7798702863845,1.1083017632904517,1.0854673094614133,1.6919507970526018,1.5460591878376209,1.1083017632904517,1.4273365473070665,649.4590920046903,949.4590920046903,1549.4590920046903,3,53,300.0
1149.4590920046903,1778.339610859153,500.0,1649.4590920046903,2278.3396108591533,1056.679221718306,1685.5597405727685,592.7798702863843,592.7798702863847,1.0878032503899446,1.0550439524942954,1.5609837480502764,1.3516813174980986,1.0878032503899446,1.275219762471477,649.4590920046903,1149.4590920046903,2149.4590920046903,3,53,500.0
1649.4590920046903,3278.3396108591533,500.0,2149.4590920046903,3778.3396108591533,1556.679221718306,3185.5597405727685,592.7798702863843,592.7798702863847,1.0596011490305441,1.0291251390155072,1.3807977019389115,1.1860834260103381,1.0596011490305441,1.1456256950775352,649.4590920046903,1649.4590920046903,3649.4590920046903,3,53,1000.0
2649.4590920046903,6278.339610859153,500.0,3149.4590920046903,6778.339610859153,2556.679221718306,6185.5597405727685,592.7798702863843,592.7798702863847,1.03628921043291,1.0149994299914067,1.2318553947835449,1.0958328583261723,1.03628921043291,1.074997149957033,649.4590920046903,2649.4590920046903,6649.45909200469,3,53,2000.0
818.2001679902896,828.4251469915034,500.0,1318.2001679902896,1328.4251469915034,728.4251469915034,738.6501259927172,589.7750209987862,589.7750209987862,1.1232453620932357,1.1215393023566225,1.8096576888299898,1.7984497670072843,1.1232453620932357,1.3784606976433775,718.2001679902896,818.2001679902896,1018.2001679902896,3,54,100.0
1018.2001679902896,1228.4251469915034,500.0,1518.2001679902896,1728.4251469915034,928.4251469915034,1259.1000839951448,589.7750209987862,469.3250629963586,1.0966960247572957,0.9756374116771486,1.6352424025888472,1.372746431329893,1.0966960247572957,1.2852037646250603,718.2001679902896,1018.2001679902896,1618.2001679902896,3,54,300.0
1218.2001679902896,1769.3250629963586,500.0,1718.2001679902896,2269.3250629963586,1128.4251469915034,1859.1000839951448,589.7750209987862,410.2249790012138,1.079557798971545,0.9517104959697152,1.5226532061707296,1.2206578239293358,1.079557798971545,1.1931580161211388,718.2001679902896,1218.2001679902896,2218.2001679902896,3,54,500.0
1718.2001679902896,3269.3250629963586,500.0,2218.2001679902896,3769.3250629963586,1628.4251469915034,3359.100083995145,589.7750209987862,410.2249790012138,1.0551299647789427,0.9732740856914236,1.3621750880526433,1.1221234761523726,1.0551299647789427,1.1069036572343058,718.2001679902896,1718.2001679902896,3718.2001679902896,3,54,1000.0
2718.2001679902896,6269.325062996359,500.0,3218.2001679902896,6769.325062996359,2628.4251469915034,6359.100083995145,589.7750209987862,410.2249790012138,1.034155441368206,0.9858824330781119,1.2243834189738456,1.0645099107708158,1.034155441368206,1.0564702676875528,718.2001679902896,2718.2001679902896,6718.20016799029,3,54,2000.0
691.2848800071515,692.7374000059597,500.0,1191.2848800071515,1192.7374000059597,592.7374000059597,594.1899200047676,598.5474800011918,598.5474800011921,1.1662582452198917,1.1658518205768307,2.009802114722597,2.0073336148085272,1.1662582452198917,1.5000000000000002,591.2848800071515,691.2848800071515,891.2848800071515,3,55,100.0
891.2848800071515,1195.6424400035758,500.0,1391.2848800071515,1695.6424400035758,792.7374000059597,1097.0949600023837,598.5474800011918,598.5474800011921,1.124312893526218,1.0898258433353645,1.7550387808077328,1.5455749062960709,1.124312893526218,1.3593033733414575,591.2848800071515,891.2848800071515,1491.2848800071515,3,55,300.0
1091.2848800071515,1795.6424400035758,500.0,1591.2848800071515,2295.6424400035758,992.7374000059597,1697.0949600023837,598.5474800011918,598.5474800011921,1.0992684268776418,1.0580683357877945,1.6029262924894323,1.3526894452625982,1.0992684268776418,1.2322733431511776,591.2848800071515,1091.2848800071515,2091.2848800071515,3,55,500.0
1591.2848800071515,3295.6424400035758,500.0,2091.2848800071515,3795.6424400035758,1492.7374000059597,3197.094960002384,598.5474800011918,598.5474800011916,1.0660179613646703,1.0308240703620257,1.4009730579529944,1.187216046908017,1.0660179613646703,1.1232962814481036,591.2848800071515,1591.2848800071515,3591.2848800071515,3,55,1000.0
2591.2848800071515,6295.642440003576,500.0,3091.2848800071515,6795.642440003576,2492.7374000059594,6197.094960002383,598.5474800011921,598.5474800011925,1.03953383938515,1.0159022058944138,1.2401165401537126,1.0965851715786783,1.03953383938515,1.0636088235776553,591.2848800071515,2591.2848800071515,6591.2848800071515,3,55,2000.0
699.9455110286362,699.9545925238635,500.0,1199.9455110286362,1199.9545925238635,599.9545925238635,599.9636740190908,599.9909185047727,599.9909185047727,1.1666641438381782,1.1666616210860643,2.0000605478837263,2.0000454102254213,1.1666641438381782,1.5,599.9455110286362,699.9455110286362,899.9455110286362,3,56,100.0
899.9455110286362,1099.9818370095454,500.0,1399.9455110286362,1599.9818370095454,799.9545925238635,1099.9818370095454,599.9909185047727,500.0,1.1249957428074768,1.0,1.7500312194118373,1.4545529600373401,1.1249957428074768,1.3636093438655752,599.9455110286362,899.9455110286362,1499.9455110286362,3,56,300.0
1099.9455110286362,1699.9818370095454,500.0,1599.9455110286362,2199.9818370095454,999.9545925238635,1699.9818370095454,599.9909185047727,500.0,1.0999954590461931,1.0,1.6000181638152275,1.2941207894782893,1.0999954590461931,1.2352752631302644,599.9455110286362,1099.9455110286362,2099.9455110286362,3,56,500.0
1599.9455110286362,3199.9818370095454,500.0,2099.9455110286362,3699.9818370095454,1499.9545925238635,3199.9818370095454,599.9909185047727,500.0,1.066662630324379,1.0,1.4000060545134316,1.156250886869802,1.066662630324379,1.1249893575623748,599.9455110286362,1599.9455110286362,3599.9455110286362,3,56,1000.0
2599.9455110286362,6199.981837009545,500.0,3099.9455110286362,6699.981837009545,2499.9545925238635,6199.981837009545,599.9909185047727,500.0,1.0399970938687433,1.0,1.2400007265328141,1.0806453975421912,1.0399970938687433,1.06451045898741,599.9455110286362,2599.9455110286362,6599.945511028636,3,56,2000.0
758.6925360024907,758.6925360024907,500.0,1258.6925360024907,1258.6925360024907,664.5936022878491,670.4946685732076,594.0989337146416,588.1978674292831,1.1415886842586327,1.1315414895348317,1.8939281564996546,1.8772595741602993,1.1415886842586327,1.4298287233850187,658.6925360024907,758.6925360024907,958.6925360024907,3,57,100.0
958.6925360024907,1088.1978674292832,500.0,1458.6925360024907,1588.1978674292832,864.5936022878491,1182.2968011439245,594.0989337146416,405.90106628535864,1.108836028239905,0.9204100580974283,1.687142412507522,1.3433157104820308,1.108836028239905,1.3183597676102876,658.6925360024907,958.6925360024907,1558.6925360024907,3,57,300.0
1158.6925360024907,1688.1978674292832,500.0,1658.6925360024907,2188.197867429283,1064.593602287849,1782.2968011439245,594.0989337146416,405.90106628535864,1.0883895352296122,0.9472035557409707,1.5580523238519395,1.2277404448152747,1.0883895352296122,1.2111857770361174,658.6925360024907,1158.6925360024907,2158.6925360024907,3,57,500.0
1658.6925360024907,3188.197867429283,500.0,2158.6925360024907,3688.197867429283,1564.593602287849,3282.2968011439243,594.0989337146416,405.90106628535887,1.0601427320021277,0.9713313757360863,1.3797145359957448,1.123663730270796,1.0601427320021277,1.1146744970556555,658.6925360024907,1658.6925360024907,3658.6925360024907,3,57,1000.0
2658.6925360024907,6188.197867429283,500.0,3158.6925360024907,6688.197867429283,2564.593602287849,6282.296801143924,594.0989337146416,405.90106628535887,1.0366915575359374,0.9850215714581477,1.2316542212320314,1.0646102976560181,1.0366915575359374,1.0599137141674093,658.6925360024907,2658.6925360024907,6658.692536002491,3,57,2000.0
798.0437890160829,798.0437890160829,500.0,1298.0437890160829,1298.0437890160829,698.0437890160829,698.0437890160829,600.0,600.0,1.1432574883890214,1.1432574883890214,1.8595449303341285,1.8595449303341285,1.1432574883890214,1.4297724651670642,698.0437890160829,798.0437890160829,998.0437890160829,3,58,100.0
998.0437890160829,1161.766420881031,500.0,1498.0437890160829,1661.766420881031,736.2773681350518,1161.766420881031,761.7664208810311,500.0,1.355526914461693,1.0,2.034618818734768,1.4303791115091988,1.355526914461693,1.3755293321390705,698.0437890160829,998.0437890160829,1598.0437890160829,3,58,300.0
1198.0437890160829,1761.766420881031,500.0,1698.0437890160829,2261.766420881031,936.2773681350518,1761.766420881031,761.7664208810311,500.0,1.2795821300288794,1.0,1.8136119133140804,1.2838060676340726,1.2795821300288794,1.2476363284963035,698.0437890160829,1198.0437890160829,2198.043789016083,3,58,500.0
1698.0437890160829,3261.766420881031,500.0,2198.043789016083,3761.766420881031,1436.2773681350518,3261.766420881031,761.7664208810311,500.0,1.182253391084846,1.0,1.5303755651808078,1.1532911727826745,1.182253391084846,1.1337549388399215,698.0437890160829,1698.0437890160829,3698.043789016083,3,58,1000.0
2698.043789016083,6261.766420881031,500.0,3198.043789016083,6761.766420881031,2436.277368135052,6261.766420881031,761.7664208810311,500.0,1.107445245892265,1.0,1.3126763934371546,1.0798496728227767,1.107445245892265,1.069673210211132,698.0437890160829,2698.043789016083,6698.043789016083,3,58,2000.0
763.5206869686954,768.7320174017389,500.0,1263.5206869686954,1268.7320174017389,668.7320174017389,673.9433478347823,594.7886695669565,594.7886695669565,1.141743878116146,1.1406478302241423,1.889427534631767,1.882549952422365,1.141743878116146,1.429676084887929,663.5206869686954,763.5206869686954,963.5206869686954,3,59,100.0
963.5206869686954,1184.3660087008693,500.0,1463.5206869686954,1684.3660087008693,868.7320174017389,1184.3660087008693,594.7886695669565,500.0,1.1091115184754634,1.0,1.6846630003874956,1.422166793311174,1.1091115184754634,1.3201330293865159,663.5206869686954,963.5206869686954,1563.5206869686954,3,59,300.0
1163.5206869686954,1784.3660087008693,500.0,1663.5206869686954,2284.3660087008693,1068.7320174017389,1784.3660087008693,594.7886695669565,500.0,1.08869264513793,1.0,1.55653677431035,1.280211569578167,1.08869264513793,1.212487055020665,663.5206869686954,1163.5206869686954,2163.5206869686954,3,59,500.0
1663.5206869686954,3284.3660087008693,500.0,2163.5206869686954,3784.3660087008693,1568.7320174017389,3284.3660087008693,594.7886695669565,500.0,1.0604237489357509,1.0,1.3791525021284985,1.1522363825089563,1.0604237489357509,1.1154422732616822,663.5206869686954,1663.5206869686954,3663.5206869686954,3,59,1000.0
2663.5206869686954,6284.366008700869,500.0,3163.5206869686954,6784.366008700869,2568.7320174017386,6284.366008700869,594.7886695669567,500.0,1.0369009569409404,1.0,1.23154952152953,1.0795625205959896,1.0369009569409404,1.0603330037974994,663.5206869686954,2663.5206869686954,6663.520686968695,3,59,2000.0
758.8017430040054,758.8017430040054,500.0,1258.8017430040054,1258.8017430040054,664.6872082891474,670.5726735742896,594.114534714858,588.2290694297158,1.1415922159192764,1.13157271822521,1.893825738340989,1.877204056488515,1.1415922159192764,1.429825253530532,658.8017430040054,758.8017430040054,958.8017430040054,3,60,100.0
958.8017430040054,1088.2290694297158,500.0,1458.8017430040054,1588.2290694297158,864.6872082891474,1088.2290694297158,594.114534714858,500.0,1.10884228864802,1.0,1.6870860688344875,1.4594620875750213,1.10884228864802,1.4324206059124043,658.8017430040054,958.8017430040054,1558.8017430040054,3,60,300.0
1158.8017430040054,1688.2290694297158,500.0,1658.8017430040054,2188.2290694297158,1064.6872082891473,1688.2290694297158,594.1145347148581,500.0,1.0883964172595737,1.0,1.5580179137021328,1.2961683393882681,1.0883964172595737,1.2787374545879897,658.8017430040054,1158.8017430040054,2158.8017430040054,3,60,500.0
1658.8017430040054,3188.2290694297158,500.0,2158.8017430040054,3688.2290694297158,1564.6872082891473,3188.2290694297158,594.1145347148581,500.0,1.0601491047004623,1.0,1.3797017905990756,1.1568268744533579,1.0601491047004623,1.1475968831996322,658.8017430040054,1658.8017430040054,3658.8017430040054,3,60,1000.0
2658.8017430040054,6188.229069429715,500.0,3158.8017430040054,6688.229069429715,2564.6872082891473,6188.229069429715,594.1145347148581,500.0,1.0366963013698813,1.0,1.2316518493150594,1.0807985603619676,1.0366963013698813,1.0760431891409696,658.8017430040054,2658.8017430040054,6658.801743004005,3,60,2000.0
762.3816049541347,762.3816049541347,500.0,1262.3816049541347,1262.3816049541347,667.7556613892583,673.1297178243819,594.6259435648764,589.2518871297527,1.1417074373701424,1.1325924034645554,1.8904843162658682,1.8753912827296793,1.1417074373701424,1.4297119551706048,662.3816049541347,762.3816049541347,962.3816049541347,3,61,100.0
962.3816049541347,1183.8778306946292,500.0,1462.3816049541347,1683.8778306946292,867.7556613892583,1183.8778306946292,594.6259435648764,500.0,1.1090467602520533,1.0,1.6852458243981872,1.4223408759218252,1.1090467602520533,1.3197152311209526,662.3816049541347,962.3816049541347,1562.3816049541347,3,61,300.0
1162.3816049541347,1783.8778306946292,500.0,1662.3816049541347,2283.877830694629,1067.7556613892584,1783.8778306946292,594.6259435648763,500.0,1.0886213456754312,1.0,1.5568932716228425,1.2802882525903154,1.0886213456754312,1.212180322972072,662.3816049541347,1162.3816049541347,2162.3816049541347,3,61,500.0
1662.3816049541347,3283.877830694629,500.0,2162.3816049541347,3783.877830694629,1567.7556613892584,3283.877830694629,594.6259435648763,500.0,1.0603575837072876,1.0,1.3792848325854243,1.1522590138178912,1.0603575837072876,1.115261222790204,662.3816049541347,1662.3816049541347,3662.3816049541347,3,61,1000.0
2662.3816049541347,6283.87783069463,500.0,3162.3816049541347,6783.87783069463,2567.7556613892584,6283.87783069463,594.6259435648763,500.0,1.0368516152014557,1.0,1.231574192399272,1.0795687015997777,1.0368516152014557,1.0602341077368884,662.3816049541347,2662.3816049541347,6662.381604954135,3,61,2000.0
690.1086570229381,690.1086570229381,500.0,1190.1086570229381,1190.1086570229381,591.7572141857818,593.4057713486254,598.3514428371564,596.7028856743127,1.166202355424566,1.1629624960581986,2.011143469810415,2.005556255912702,1.166202355424566,1.5,590.1086570229381,690.1086570229381,890.1086570229381,3,62,100.0
890.1086570229381,1195.054328511469,500.0,1390.1086570229381,1695.054328511469,791.7572141857818,1096.7028856743127,598.3514428371564,598.3514428371564,1.1242191938071544,1.089679204934967,1.755725912080867,1.5455911994516702,1.1242191938071544,1.358716819739868,590.1086570229381,890.1086570229381,1490.1086570229381,3,62,300.0
1090.1086570229381,1795.054328511469,500.0,1590.1086570229381,2295.054328511469,991.7572141857818,1696.7028856743127,598.3514428371564,598.3514428371564,1.0991688705969247,1.0579662141601587,1.603324517612301,1.352655404720053,1.0991688705969247,1.2318648566406345,590.1086570229381,1090.1086570229381,2090.108657022938,3,62,500.0
1590.1086570229381,3295.054328511469,500.0,2090.108657022938,3795.054328511469,1491.7572141857818,3196.7028856743127,598.3514428371564,598.3514428371564,1.0659299260643011,1.0307665261222456,1.4011051109035484,1.187177684081497,1.0659299260643011,1.123066104488982,590.1086570229381,1590.1086570229381,3590.108657022938,3,62,1000.0
2590.108657022938,6295.054328511469,500.0,3090.108657022938,6795.054328511469,2491.757214185782,6196.702885674313,598.3514428371564,598.3514428371564,1.0394707166000097,1.0158715763288453,1.2401323208499977,1.0965596469407044,1.0394707166000097,1.0634863053153816,590.1086570229381,2590.108657022938,6590.108657022938,3,62,2000.0
1363.5641240049154,1363.5641240049154,500.0,1863.5641240049154,1863.5641240049154,1263.5641240049154,1263.5641240049154,600.0,600.0,1.079141214996708,1.079141214996708,1.4748472899802478,1.4748472899802478,1.079141214996708,1.237423644990124,1263.5641240049154,1363.5641240049154,1563.5641240049154,3,63,100.0
1563.5641240049154,1563.5641240049154,500.0,2063.5641240049154,2063.5641240049154,1423.1681102265914,1812.5740895591057,640.396013778324,250.99003444580967,1.0986503370680296,0.86262080706739,1.4499791761609686,1.138471600080558,1.0986503370680296,1.1936417586831913,1263.5641240049154,1563.5641240049154,2163.5641240049154,3,63,300.0
1763.5641240049154,2061.5840551132956,500.0,2263.5641240049154,2561.5840551132956,1623.1681102265914,2412.5740895591057,640.396013778324,149.00996555418988,1.0864950542668836,0.8545163707242032,1.394534620131815,1.0617638920185126,1.0864950542668836,1.1454836292757966,1263.5641240049154,1763.5641240049154,2763.5641240049154,3,63,500.0
2263.5641240049154,3561.5840551132956,500.0,2763.5641240049154,4061.5840551132956,2123.168110226591,3912.5740895591057,640.3960137783242,149.00996555418988,1.0661257170838634,0.9102917858137322,1.3016228487484107,1.0380848929996829,1.0661257170838634,1.0897082141862677,1263.5641240049154,2263.5641240049154,4263.564124004915,3,63,1000.0
3263.5641240049154,6561.584055113295,500.0,3763.5641240049154,7061.584055113295,3123.168110226591,6912.574089559106,640.3960137783242,149.00996555418897,1.0449530761147976,0.9492244090409167,1.2050469238852026,1.0215563643331154,1.0449530761147976,1.050775590959083,1263.5641240049154,3263.5641240049154,7263.564124004915,3,63,2000.0
761.9746770011261,767.4068660009652,500.0,1261.974677001126,1267.4068660009652,667.4068660009652,672.8390550008044,594.5678110001609,594.5678110001609,1.1416943933567865,1.1405504188517235,1.8908625926531912,1.8836701832051799,1.1416943933567865,1.4297247905741381,661.9746770011261,761.9746770011261,961.9746770011261,3,64,100.0
961.9746770011261,1183.7034330004826,500.0,1461.974677001126,1683.7034330004826,867.4068660009652,1183.7034330004826,594.5678110001609,500.0,1.1090235905511678,1.0,1.6854543517061569,1.4224031003547797,1.1090235905511678,1.3195658924818623,661.9746770011261,961.9746770011261,1561.974677001126,3,64,300.0
1161.974677001126,1783.7034330004826,500.0,1661.974677001126,2283.7034330004826,1067.4068660009652,1783.7034330004826,594.5678110001609,500.0,1.0885958428902174,1.0,1.5570207855489129,1.280315657159956,1.0885958428902174,1.2120707046935089,661.9746770011261,1161.974677001126,2161.974677001126,3,64,500.0
1661.974677001126,3283.7034330004826,500.0,2161.974677001126,3783.7034330004826,1567.4068660009652,3283.7034330004826,594.5678110001609,500.0,1.0603339267241048,1.0,1.3793321465517905,1.1522671003036122,1.0603339267241048,1.1151965309044363,661.9746770011261,1661.974677001126,3661.974677001126,3,64,1000.0
2661.974677001126,6283.703433000483,500.0,3161.974677001126,6783.703433000483,2567.4068660009652,6283.703433000483,594.5678110001609,500.0,1.0368339791610284,1.0,1.2315830104194858,1.0795709099468511,1.0368339791610284,1.060198774183717,661.9746770011261,2661.974677001126,6661.974677001126,3,64,2000.0
694.2694369587116,694.2694369587116,500.0,1194.2694369587116,1194.2694369587116,594.2694369587116,596.179624639141,600.0,598.0898123195706,1.1682738397447616,1.1645306351738252,2.00964303846857,2.0032040472392625,1.1682738397447616,1.5,594.2694369587116,694.2694369587116,894.2694369587116,3,65,100.0
894.2694369587116,1197.1347184793558,500.0,1394.2694369587116,1697.1347184793558,696.179624639141,1098.0898123195705,698.0898123195706,599.0449061597853,1.284538365256307,1.090197454751507,2.002743814401951,1.5455336161387216,1.284538365256307,1.3607898190060281,594.2694369587116,894.2694369587116,1494.2694369587116,3,65,300.0
1094.2694369587116,1797.1347184793558,500.0,1594.2694369587116,2297.134718479356,896.179624639141,1698.0898123195705,698.0898123195706,599.0449061597853,1.2210380674514154,1.0583272483240984,1.7789619325485848,1.3527757494413661,1.2210380674514154,1.2333089932963937,594.2694369587116,1094.2694369587116,2094.2694369587116,3,65,500.0
1594.2694369587116,3297.134718479356,500.0,2094.2694369587116,3797.134718479356,1396.179624639141,3198.0898123195702,698.0898123195707,599.0449061597856,1.1418798905411396,1.030970020222149,1.5000000000000002,1.187313346814766,1.1418798905411396,1.1238800808885954,594.2694369587116,1594.2694369587116,3594.2694369587116,3,65,1000.0
2594.2694369587116,6297.134718479356,500.0,3094.2694369587116,6797.134718479356,2396.179624639141,6198.089812319571,698.0898123195707,599.0449061597847,1.0826690162468111,1.0159799081908945,1.2913345081234056,1.096649923492412,1.0826690162468111,1.0639196327635778,594.2694369587116,2594.2694369587116,6594.269436958712,3,65,2000.0
701.2371010147035,701.2371010147035,500.0,1201.2371010147035,1201.2371010147035,601.2371010147035,601.2371010147035,600.0,600.0,1.1663237345653332,1.1663237345653332,1.9979424073919996,1.9979424073919996,1.1663237345653332,1.4989712036959997,601.2371010147035,701.2371010147035,901.2371010147035,3,66,100.0
901.2371010147035,1100.4123670049012,500.0,1401.2371010147035,1600.4123670049012,801.0309175122529,1200.6185505073518,600.2061835024506,399.7938164975494,1.125096524131252,0.9165378683678459,1.7492921563708177,1.3329898712031447,1.125096524131252,1.2503863948964622,601.2371010147035,901.2371010147035,1501.2371010147035,3,66,300.0
1101.2371010147035,1700.4123670049012,500.0,1601.2371010147035,2200.412367004901,1001.0309175122529,1800.6185505073518,600.2061835024506,399.7938164975494,1.1001029855815858,0.9443490219101563,1.5995880576736572,1.2220313771536462,1.1001029855815858,1.1669529342695308,601.2371010147035,1101.2371010147035,2101.2371010147035,3,66,500.0
1601.2371010147035,3200.412367004901,500.0,2101.2371010147035,3700.412367004901,1501.030917512253,3300.6185505073518,600.2061835024506,399.7938164975494,1.0667582408419196,0.969640180478581,1.3998626387371205,1.1211269373845383,1.0667582408419196,1.091079458564257,601.2371010147035,1601.2371010147035,3601.2371010147035,3,66,1000.0
2601.2371010147035,6200.412367004901,500.0,3101.2371010147035,6700.412367004901,2501.030917512253,6300.618550507352,600.2061835024506,399.7938164975494,1.0400659515245516,0.9840958181011638,1.239983512118862,1.063453105959788,1.0400659515245516,1.0477125456965086,601.2371010147035,2601.2371010147035,6601.2371010147035,3,66,2000.0
744.2564729950391,744.2564729950391,500.0,1244.256472995039,1244.256472995039,644.2564729950391,644.2564729950391,600.0,600.0,1.155217687662674,1.155217687662674,1.9313061259760445,1.9313061259760445,1.155217687662674,1.4656530629880222,644.2564729950391,744.2564729950391,944.2564729950391,3,67,100.0
944.2564729950391,1084.0732779985826,500.0,1444.256472995039,1584.0732779985826,760.1831949964565,1084.0732779985826,684.0732779985826,500.0,1.2421433138882276,1.0,1.899879506020613,1.4612234340127823,1.2421433138882276,1.424494546942479,644.2564729950391,944.2564729950391,1544.256472995039,3,67,300.0
1144.256472995039,1684.0732779985826,500.0,1644.256472995039,2184.073277998583,960.1831949964565,1684.0732779985826,684.0732779985826,500.0000000000002,1.1917064149401844,1.0,1.7124403775897237,1.2968991946681914,1.1917064149401844,1.2732560399885662,644.2564729950391,1144.256472995039,2144.256472995039,3,67,500.0
1644.256472995039,3184.073277998583,500.0,2144.256472995039,3684.073277998583,1460.1831949964565,3184.073277998583,684.0732779985826,500.0,1.1260617699404691,1.0,1.4684845575148828,1.1570315618848714,1.1260617699404691,1.1445265717269277,644.2564729950391,1644.256472995039,3644.256472995039,3,67,1000.0
2644.256472995039,6184.073277998583,500.0,3144.256472995039,6684.073277998583,2460.1831949964567,6184.073277998583,684.0732779985824,500.0,1.0748209638912063,1.0,1.2780578614592022,1.0808528582251569,1.0748209638912063,1.0744142532452963,644.2564729950391,2644.256472995039,6644.256472995039,3,67,2000.0
742.5015380373225,750.7156040319907,500.0,1242.5015380373225,1250.7156040319906,650.7156040319907,650.7156040319907,591.7859340053318,599.9999999999999,1.1410538389376312,1.153676966374213,1.9094386708086968,1.9220617982452786,1.1410538389376312,1.4484077716860575,642.5015380373225,742.5015380373225,942.5015380373225,3,68,100.0
942.5015380373225,1175.3578020159953,500.0,1442.5015380373225,1675.3578020159953,850.7156040319907,1175.3578020159953,591.7859340053318,500.0,1.1078926183677715,1.0,1.6956331013567232,1.4254023746151094,1.1078926183677715,1.312367634257071,642.5015380373225,942.5015380373225,1542.5015380373225,3,68,300.0
1142.5015380373225,1775.3578020159953,500.0,1642.5015380373225,2275.3578020159953,1050.7156040319906,1775.3578020159953,591.7859340053319,500.0,1.0873556399592,1.0,1.5632218002040008,1.2816333695845583,1.0873556399592,1.2067998549951,642.5015380373225,1142.5015380373225,2142.5015380373225,3,68,500.0
1642.5015380373225,3275.3578020159953,500.0,2142.5015380373225,3775.3578020159953,1550.7156040319906,3275.3578020159953,591.7859340053319,500.0,1.0591894050505979,1.0,1.3816211898988047,1.1526550777726476,1.0591894050505979,1.1120927111521521,642.5015380373225,1642.5015380373225,3642.5015380373225,3,68,1000.0
2642.5015380373225,6275.357802015995,500.0,3142.5015380373225,6775.357802015995,2550.7156040319906,6275.357802015995,591.7859340053319,500.0,1.035984385660339,1.0,1.2320078071698306,1.0796767317139067,1.035984385660339,1.0585056259108254,642.5015380373225,2642.5015380373225,6642.5015380373225,3,68,2000.0
656.4225108662088,756.4225108662088,500.0,1156.4225108662088,1256.4225108662088,649.1595960105769,649.1595960105769,507.26291485563183,607.2629148556318,1.0111881806881793,1.1652335042335016,1.7814147984147906,1.9354601219601129,1.1540453235453223,1.4621359706359667,649.1595960105769,749.1595960105769,949.1595960105769,3,69,100.0
856.4225108662088,1178.2112554331043,500.0,1356.4225108662088,1678.2112554331043,670.9483405774724,1178.2112554331043,685.4741702887363,500.0,1.2764358432261749,1.0,2.021649699138926,1.424372112975786,1.4146537648392623,1.3148402621914472,649.1595960105769,949.1595960105769,1549.159596010577,3,69,300.0
1056.4225108662088,1778.2112554331043,500.0,1556.4225108662088,2278.2112554331043,870.9483405774724,1778.2112554331043,685.4741702887363,500.0,1.2129565688887585,1.0,1.7870434311112418,1.281181439197571,1.3194348533331377,1.208607576543049,649.1595960105769,1149.159596010577,2149.159596010577,3,69,500.0
1556.4225108662088,3278.2112554331043,500.0,2056.4225108662085,3778.2112554331043,1370.9483405774724,3278.2112554331043,685.4741702887361,500.0,1.135288956409992,1.0,1.5,1.1525222022135795,1.2029334346149878,1.113155715624698,649.1595960105769,1649.159596010577,3649.159596010577,3,69,1000.0
2556.4225108662085,6278.211255433104,500.0,3056.4225108662085,6778.211255433104,2370.9483405774727,6278.211255433104,685.4741702887359,500.0,1.0782278412036432,1.0,1.2891139206018214,1.0796405185581013,1.117341761805465,1.059085036403714,649.1595960105769,2649.159596010577,6649.159596010577,3,69,2000.0
693.1493719690479,693.1493719690479,500.0,1193.149371969048,1193.149371969048,593.1493719690479,595.4329146460319,600.0,597.716457323016,1.1685915972026322,1.164109935677818,2.0115495832157935,2.0038350964832734,1.1685915972026322,1.5,593.1493719690479,693.1493719690479,893.1493719690479,3,70,100.0
893.1493719690479,1097.716457323016,500.0,1393.149371969048,1597.716457323016,695.4329146460319,1097.716457323016,697.716457323016,500.0,1.2843070167647324,1.0,2.0032836275489583,1.4554910301876518,1.2843070167647324,1.3602322913244538,593.1493719690479,893.1493719690479,1493.149371969048,3,70,300.0
1093.149371969048,1697.716457323016,500.0,1593.149371969048,2197.7164573230157,895.4329146460319,1697.716457323016,697.716457323016,499.9999999999998,1.2208054384522755,1.0,1.7791945615477247,1.294513255051086,1.2208054384522755,1.2329204696934826,593.1493719690479,1093.149371969048,2093.149371969048,3,70,500.0
1593.149371969048,3197.7164573230157,500.0,2093.149371969048,3697.7164573230157,1395.4329146460318,3197.7164573230157,697.7164573230161,500.0,1.1416882569185844,1.0,1.5000000000000002,1.1563615807320757,1.1416882569185844,1.1236610312150912,593.1493719690479,1593.149371969048,3593.149371969048,3,70,1000.0
2593.149371969048,6197.716457323017,500.0,3093.149371969048,6697.716457323016,2395.432914646032,6197.716457323017,697.7164573230161,499.9999999999991,1.0825389248490944,1.0,1.2912694624245473,1.0806748749225557,1.0825389248490944,1.0638030018586606,593.1493719690479,2593.149371969048,6593.149371969048,3,70,2000.0
787.9340699524619,787.9340699524619,500.0,1287.9340699524619,1287.9340699524619,701.9423112084041,715.9505524643464,585.9917587440577,571.9835174881155,1.1225054500504772,1.1005425825014643,1.8348146982837723,1.7989148349970714,1.1225054500504772,1.3798914834997071,687.9340699524619,787.9340699524619,987.9340699524619,3,71,100.0
987.9340699524619,1243.967034976231,500.0,1487.9340699524619,1743.967034976231,901.9423112084041,1157.9752762321732,585.9917587440577,585.9917587440577,1.0953406417189229,1.0742604445095394,1.6496998216648222,1.506048592549196,1.0953406417189229,1.3713022225476965,687.9340699524619,987.9340699524619,1587.9340699524619,3,71,300.0
1187.9340699524619,1843.967034976231,500.0,1687.9340699524619,2343.967034976231,1101.9423112084041,1757.9752762321732,585.9917587440577,585.9917587440577,1.0780365340992832,1.0489152264577701,1.5317807954043,1.3333333333333333,1.0780365340992832,1.2445761322888507,687.9340699524619,1187.9340699524619,2187.934069952462,3,71,500.0
1687.9340699524619,3343.967034976231,500.0,2187.934069952462,3843.967034976231,1601.9423112084041,3257.975276232173,585.9917587440577,585.9917587440577,1.0536796850563184,1.0263942330598366,1.3658007873592044,1.179863783196585,1.0536796850563184,1.1319711652991833,687.9340699524619,1687.9340699524619,3687.934069952462,3,71,1000.0
2687.934069952462,6343.967034976231,500.0,3187.934069952462,6843.967034976231,2601.942311208404,6257.975276232173,585.9917587440577,585.9917587440577,1.0330490642984782,1.0137411470880453,1.2252132017761412,1.0936391936493675,1.0330490642984782,1.068705735440227,687.9340699524619,2687.934069952462,6687.934069952462,3,71,2000.0
800.3628599923104,800.3628599923104,500.0,1300.3628599923104,1300.3628599923104,700.3628599923104,700.3628599923104,600.0,600.0,1.1427831281645888,1.1427831281645888,1.8566987689875327,1.8566987689875327,1.1427831281645888,1.4283493844937662,700.3628599923104,800.3628599923104,1000.3628599923104,3,72,100.0
1000.3628599923104,1162.6360724971164,500.0,1500.3628599923104,1662.6360724971164,737.726787495194,1075.0907149980776,762.6360724971164,587.5453574990388,1.356007233231757,1.0814306702473897,2.0337649186990987,1.5465077033058456,1.356007233231757,1.4885840214843378,700.3628599923104,1000.3628599923104,1600.3628599923104,3,72,300.0
1200.3628599923104,1762.6360724971164,500.0,1700.3628599923104,2262.6360724971164,937.726787495194,1675.0907149980776,762.6360724971164,587.5453574990388,1.2800773914101953,1.0522630546006813,1.81328173905987,1.3507543515335605,1.2800773914101953,1.3135783276040878,700.3628599923104,1200.3628599923104,2200.3628599923104,3,72,500.0
1700.3628599923104,3262.6360724971164,500.0,2200.3628599923104,3762.6360724971164,1437.726787495194,3175.0907149980776,762.6360724971164,587.5453574990388,1.1826745350934726,1.02757255315116,1.5304457558489122,1.18504836876744,1.1826745350934726,1.1654353189069595,700.3628599923104,1700.3628599923104,3700.3628599923104,3,72,1000.0
2700.3628599923104,6262.636072497116,500.0,3200.3628599923104,6762.636072497116,2437.726787495194,6175.090714998078,762.6360724971164,587.5453574990388,1.1077381082426303,1.0141771775573123,1.312847229808201,1.0951476479644269,1.1077381082426303,1.0850630653438742,700.3628599923104,2700.3628599923104,6700.36285999231,3,72,2000.0
802.311251021456,802.311251021456,500.0,1302.311251021456,1302.311251021456,702.311251021456,702.311251021456,600.0,600.0,1.1423870112497243,1.1423870112497243,1.8543220674983458,1.8543220674983458,1.1423870112497243,1.427161033749173,702.311251021456,802.311251021456,1002.311251021456,3,73,100.0
1002.311251021456,1163.366719133046,500.0,1502.311251021456,1663.366719133046,826.733438266092,1163.366719133046,675.577812755364,500.0,1.2123753614267778,1.0,1.8171652209595555,1.4297870927342717,1.2123753614267778,1.377305388463851,702.311251021456,1002.311251021456,1602.311251021456,3,73,300.0
1202.311251021456,1763.366719133046,500.0,1702.311251021456,2263.366719133046,1026.733438266092,1763.366719133046,675.577812755364,500.0,1.1710062283077807,1.0,1.6579875433844387,1.283548506714374,1.1710062283077807,1.248924133094797,702.311251021456,1202.311251021456,2202.311251021456,3,73,500.0
1702.311251021456,3263.366719133046,500.0,2202.311251021456,3763.366719133046,1526.733438266092,3263.366719133046,675.577812755364,500.0,1.115002271093746,1.0,1.442498864453127,1.153216001459018,1.115002271093746,1.1345066520764853,702.311251021456,1702.311251021456,3702.311251021456,3,73,1000.0
2702.311251021456,6263.366719133046,500.0,3202.311251021456,6763.366719133046,2526.733438266092,6263.366719133046,675.577812755364,500.0,1.0694880631634218,1.0,1.2673720157908555,1.0798292711286763,1.0694880631634218,1.0700812440931395,702.311251021456,2702.311251021456,6702.311251021456,3,73,2000.0
698.2514700153843,698.542891679487,500.0,1198.2514700153843,1198.542891679487,598.542891679487,598.8343133435894,599.7085783358973,599.7085783358975,1.1665855191365135,1.1665044505869662,2.0019475407236724,2.001459944717307,1.1665855191365135,1.5000000000000002,598.2514700153843,698.2514700153843,898.2514700153843,3,74,100.0
898.2514700153843,1199.1257350076921,500.0,1398.2514700153843,1699.1257350076921,798.542891679487,1099.4171566717946,599.7085783358973,599.7085783358975,1.1248631468325907,1.0906922160808732,1.7510035898943344,1.545478642657681,1.1248631468325907,1.362768864323492,598.2514700153843,898.2514700153843,1498.2514700153843,3,74,300.0
1098.2514700153843,1799.1257350076921,500.0,1598.2514700153843,2299.125735007692,998.542891679487,1699.4171566717946,599.7085783358973,599.7085783358975,1.0998540765416633,1.0586722206166088,1.6005836938333464,1.3528907402055363,1.0998540765416633,1.2346888824664348,598.2514700153843,1098.2514700153843,2098.2514700153843,3,74,500.0
1598.2514700153843,3299.125735007692,500.0,2098.2514700153843,3799.125735007692,1498.542891679487,3199.417156671795,599.7085783358973,599.7085783358971,1.0665370199875621,1.0311646070059897,1.4001944700186566,1.1874430713373263,1.0665370199875621,1.1246584280239587,598.2514700153843,1598.2514700153843,3598.2514700153843,3,74,1000.0
2598.2514700153843,6299.125735007692,500.0,3098.2514700153843,6799.125735007692,2498.5428916794867,6199.417156671794,599.7085783358975,599.708578335898,1.0399066906827743,1.0160835407290816,1.2400233273293066,1.0967362839409014,1.0399066906827743,1.064334162916326,598.2514700153843,2598.2514700153843,6598.251470015384,3,74,2000.0
693.6215840047225,693.6215840047225,500.0,1193.6215840047225,1193.6215840047225,593.6215840047225,595.747722669815,600.0,597.8738613349076,1.1684574865444994,1.1642874284039064,2.0107449192669966,2.0035688573941406,1.1684574865444994,1.5000000000000002,593.6215840047225,693.6215840047225,893.6215840047225,3,75,100.0
893.6215840047225,1097.8738613349074,500.0,1393.6215840047225,1597.8738613349074,695.747722669815,1097.8738613349074,697.8738613349076,500.0,1.2844046123149349,1.0,2.0030559045984857,1.4554257256767629,1.2844046123149349,1.3604673875636537,593.6215840047225,893.6215840047225,1493.6215840047225,3,75,300.0
1093.6215840047225,1697.8738613349074,500.0,1593.6215840047225,2197.8738613349074,895.747722669815,1697.8738613349074,697.8738613349076,500.0,1.2209035605975485,1.0,1.7790964394024518,1.2944859517460787,1.2209035605975485,1.2330842895235274,593.6215840047225,1093.6215840047225,2093.6215840047225,3,75,500.0
1593.6215840047225,3197.873861334908,500.0,2093.6215840047225,3697.8738613349074,1395.747722669815,3197.873861334908,697.8738613349076,499.99999999999955,1.1417690733941592,1.0,1.5,1.1563538843871977,1.1417690733941592,1.123753387353626,593.6215840047225,1593.6215840047225,3593.6215840047225,3,75,1000.0
2593.6215840047225,6197.873861334907,500.0,3093.6215840047225,6697.873861334907,2395.747722669815,6197.873861334907,697.8738613349074,500.0,1.0825937804145744,1.0,1.2912968902072872,1.0806728260668907,1.0825937804145744,1.0638521743946203,593.6215840047225,2593.6215840047225,6593.6215840047225,3,75,2000.0
762.3146390193142,762.3146390193142,500.0,1262.3146390193142,1262.3146390193142,667.698262016555,673.0818850137958,594.6163770027592,589.2327540055184,1.141705291724143,1.1325734000458048,1.8905465399998544,1.875425066585236,1.141705291724143,1.4297140666615773,662.3146390193142,762.3146390193142,962.3146390193142,3,76,100.0
962.3146390193142,1089.2327540055185,500.0,1462.3146390193142,1589.2327540055185,867.698262016555,1183.8491310082775,594.6163770027592,405.383622997241,1.1090429486200286,0.9200773354268759,1.685280129086411,1.3424284500272243,1.1090429486200286,1.319690658292497,662.3146390193142,962.3146390193142,1562.3146390193142,3,76,300.0
1162.3146390193142,1689.2327540055185,500.0,1662.3146390193142,2189.2327540055185,1067.698262016555,1783.8491310082775,594.6163770027592,405.383622997241,1.0886171499652513,0.9469594287106111,1.5569142501737439,1.2272521907545555,1.0886171499652513,1.212162285157556,662.3146390193142,1162.3146390193142,2162.314639019314,3,76,500.0
1662.3146390193142,3189.2327540055185,500.0,2162.314639019314,3689.2327540055185,1567.698262016555,3283.8491310082773,594.6163770027592,405.3836229972412,1.0603536913290015,0.9711873556829002,1.3792926173419973,1.1234477001910168,1.0603536913290015,1.1152505772683998,662.3146390193142,1662.3146390193142,3662.314639019314,3,76,1000.0
2662.314639019314,6189.2327540055185,500.0,3162.314639019314,6689.2327540055185,2567.698262016555,6283.849131008277,594.6163770027592,405.3836229972412,1.0368487132629252,0.9849429266950626,1.2315756433685374,1.0645119917021615,1.0368487132629252,1.0602282932197498,662.3146390193142,2662.314639019314,6662.314639019314,3,76,2000.0
704.8497860319912,704.8497860319912,500.0,1204.8497860319912,1204.8497860319912,604.8497860319912,604.8497860319912,600.0,600.0,1.1653303056549495,1.1653303056549495,1.9919818339296977,1.9919818339296977,1.1653303056549495,1.4959909169648489,604.8497860319912,704.8497860319912,904.8497860319912,3,77,100.0
904.8497860319912,1101.616595343997,500.0,1404.8497860319912,1601.616595343997,804.0414883599927,1202.4248930159956,600.8082976719985,399.1917023280014,1.1253769850578452,0.9161624994147076,1.7472354429091341,1.3319888873281094,1.1253769850578452,1.2515125017558768,604.8497860319912,904.8497860319912,1504.8497860319912,3,77,300.0
1104.8497860319912,1701.616595343997,500.0,1604.8497860319912,2201.616595343997,1004.0414883599927,1802.4248930159956,600.8082976719985,399.19170232800116,1.1004025220478282,0.9440707360053621,1.5983899118086866,1.2214748053440574,1.1004025220478282,1.1677877919839137,604.8497860319912,1104.8497860319912,2104.8497860319912,3,77,500.0
1604.8497860319912,3201.616595343997,500.0,2104.8497860319912,3701.616595343997,1504.0414883599929,3302.4248930159956,600.8082976719984,399.19170232800116,1.0670249447586182,0.9694744616644607,1.3994625828620724,1.1208783591633578,1.0670249447586182,1.0915766150066175,604.8497860319912,1604.8497860319912,3604.8497860319912,3,77,1000.0
2604.8497860319912,6201.616595343998,500.0,3104.8497860319912,6701.616595343997,2504.041488359993,6302.424893015996,600.8082976719984,399.19170232800116,1.0402582377890321,0.9840048395049169,1.2399354405527419,1.0633393827144793,1.0402582377890321,1.0479854814852496,604.8497860319912,2604.8497860319912,6604.849786031991,3,77,2000.0
706.7574199987575,706.7574199987575,500.0,1206.7574199987575,1206.7574199987575,606.7574199987575,606.7574199987575,600.0,600.0,1.1648105102698287,1.1648105102698287,1.9888630616189722,1.9888630616189722,1.1648105102698287,1.4944315308094862,606.7574199987575,706.7574199987575,906.7574199987575,3,78,100.0
906.7574199987575,1102.2524733329192,500.0,1406.7574199987575,1602.2524733329192,805.631183332298,1203.3787099993788,601.1262366664596,398.8737633335404,1.1255242333696363,0.915964745074714,1.7461556219560006,1.3314615424214595,1.1255242333696363,1.252105764775858,606.7574199987575,906.7574199987575,1506.7574199987575,3,78,300.0
1106.7574199987575,1702.2524733329192,500.0,1606.7574199987575,2202.252473332919,1005.631183332298,1803.3787099993788,601.1262366664596,398.8737633335404,1.1005599650672764,0.9439240154573554,1.597760139730895,1.221181364248044,1.1005599650672764,1.1682279536279339,606.7574199987575,1106.7574199987575,2106.7574199987575,3,78,500.0
1606.7574199987575,3202.252473332919,500.0,2106.7574199987575,3702.252473332919,1505.631183332298,3303.3787099993788,601.1262366664596,398.8737633335404,1.0671653441997957,0.9693870289953892,1.3992519837003063,1.1207472101597504,1.0671653441997957,1.0918389130138324,606.7574199987575,1606.7574199987575,3606.7574199987575,3,78,1000.0
2606.7574199987575,6202.252473332919,500.0,3106.7574199987575,6702.252473332919,2505.631183332298,6303.378709999379,601.1262366664596,398.8737633335404,1.040359585775896,0.9839568204102924,1.239910103556026,1.0632793588461988,1.040359585775896,1.048129538769123,606.7574199987575,2606.7574199987575,6606.7574199987575,3,78,2000.0
861.3491360098124,861.3491360098124,500.0,1361.3491360098124,1361.3491360098124,761.3491360098124,761.3491360098124,600.0,600.0,1.1313457850942004,1.1313457850942004,1.7880747105652026,1.7880747105652026,1.1313457850942004,1.3940373552826013,761.3491360098124,861.3491360098124,1061.3491360098124,3,79,100.0
1061.3491360098124,1238.3773937821388,500.0,1561.3491360098124,1738.3773937821388,892.1604391187429,1153.7830453366041,669.1886968910694,584.5943484455347,1.1896393176301232,1.0733191121046983,1.750076631454405,1.5066761474857566,1.1896393176301232,1.43991467262819,761.3491360098124,1061.3491360098124,1661.3491360098124,3,79,300.0
1261.3491360098124,1838.3773937821388,500.0,1761.3491360098124,2338.377393782139,1092.160439118743,1753.7830453366041,669.1886968910694,584.5943484455347,1.1549119440982376,1.0482353553767527,1.6127201397544058,1.3333333333333333,1.1549119440982376,1.2894121322605163,761.3491360098124,1261.3491360098124,2261.3491360098124,3,79,500.0
1761.3491360098124,3338.377393782139,500.0,2261.3491360098124,3838.377393782139,1592.160439118743,3253.783045336604,669.1886968910694,584.5943484455347,1.1062635980232713,1.0259987673630475,1.4203023014825464,1.1796660503481904,1.1062635980232713,1.155992604178285,761.3491360098124,1761.3491360098124,3761.3491360098124,3,79,1000.0
2761.3491360098124,6338.377393782139,500.0,3261.3491360098124,6838.377393782139,2592.160439118743,6253.783045336604,669.1886968910694,584.5943484455347,1.0652693769790686,1.0135269080862368,1.2581586721223836,1.093478514398011,1.0652693769790686,1.0811614485174212,761.3491360098124,2761.3491360098124,6761.349136009812,3,79,2000.0
803.0107319587842,803.0107319587842,500.0,1303.0107319587842,1303.0107319587842,703.0107319587842,703.0107319587842,600.0,600.0,1.1422453391591507,1.1422453391591507,1.8534720349549039,1.8534720349549039,1.1422453391591507,1.426736017477452,703.0107319587842,803.0107319587842,1003.0107319587842,3,80,100.0
1003.0107319587842,1163.629024484544,500.0,1503.0107319587842,1663.629024484544,827.2580489690881,1075.752682989696,675.752682989696,587.876341494848,1.2124520676573838,1.0816882382766875,1.8168583960371314,1.5464790846359235,1.2124520676573838,1.4901294296601242,703.0107319587842,1003.0107319587842,1603.0107319587842,3,80,300.0
1203.0107319587842,1763.629024484544,500.0,1703.0107319587842,2263.629024484544,1027.2580489690881,1675.752682989696,675.752682989696,587.876341494848,1.171089127182867,1.0524399228996422,1.657821745634266,1.350813307633214,1.171089127182867,1.3146395373978526,703.0107319587842,1203.0107319587842,2203.010731958784,3,80,500.0
1703.0107319587842,3263.629024484544,500.0,2203.010731958784,3763.629024484544,1527.2580489690881,3175.752682989696,675.752682989696,587.876341494848,1.115077267465266,1.0276710280260615,1.442461366267367,1.185114018684041,1.115077267465266,1.1660261681563693,703.0107319587842,1703.0107319587842,3703.010731958784,3,80,1000.0
2703.010731958784,6263.629024484544,500.0,3203.010731958784,6763.629024484544,2527.258048969088,6175.752682989696,675.752682989696,587.876341494848,1.069542832423222,1.0142292520451623,1.2673857081058055,1.0951910433709686,1.069542832423222,1.085375512270974,703.0107319587842,2703.010731958784,6703.010731958784,3,80,2000.0
706.9697110215202,706.9697110215202,500.0,1206.9697110215202,1206.9697110215202,606.9697110215202,606.9697110215202,600.0,600.0,1.1647528668798013,1.1647528668798013,1.988517201278808,1.988517201278808,1.1647528668798013,1.494258600639404,606.9697110215202,706.9697110215202,906.9697110215202,3,81,100.0
906.9697110215202,1102.3232370071732,500.0,1406.9697110215202,1602.3232370071732,805.8080925179336,1102.3232370071732,601.1616185035866,500.0,1.1255405839714065,1.0,1.7460357175430172,1.4535874625645275,1.1255405839714065,1.3670851347677013,606.9697110215202,906.9697110215202,1506.9697110215202,3,81,300.0
1106.9697110215202,1702.3232370071732,500.0,1606.9697110215202,2202.3232370071732,1005.8080925179336,1702.3232370071732,601.1616185035866,500.0,1.1005774553377665,1.0,1.5976901786489335,1.2937162514911338,1.1005774553377665,1.237702491053197,606.9697110215202,1106.9697110215202,2106.96971102152,3,81,500.0
1606.9697110215202,3202.3232370071737,500.0,2106.96971102152,3702.3232370071732,1505.8080925179336,3202.3232370071737,601.1616185035866,499.99999999999955,1.0671809502195126,1.0,1.399228574670731,1.156136642991508,1.0671809502195126,1.1263602841019011,606.9697110215202,1606.9697110215202,3606.96971102152,3,81,1000.0
2606.96971102152,6202.323237007173,500.0,3106.96971102152,6702.323237007173,2505.8080925179333,6202.323237007173,601.1616185035869,500.0,1.0403708563339884,1.0,1.239907285916503,1.0806149536058793,1.0403708563339884,1.0652411134588984,606.9697110215202,2606.96971102152,6606.96971102152,3,81,2000.0
699.2172550177202,699.3477125147668,500.0,1199.2172550177202,1199.347712514767,599.3477125147668,599.6086275088601,599.8695425029533,599.7390850059069,1.1666303890339662,1.1663403100457106,2.0008706631848097,2.0002175710806376,1.1666303890339662,1.4996736433790439,599.2172550177202,699.2172550177202,899.2172550177202,3,82,100.0
899.2172550177202,1199.60862750886,500.0,1399.2172550177202,1699.60862750886,799.3477125147668,1199.60862750886,599.8695425029533,500.0,1.1249387981467556,1.0,1.7504488135904581,1.416802604227942,1.1249387981467556,1.2497553123897045,599.2172550177202,899.2172550177202,1499.2172550177202,3,82,300.0
1099.2172550177202,1799.60862750886,500.0,1599.2172550177202,2299.60862750886,999.3477125147668,1799.60862750886,599.8695425029533,500.0,1.0999347286758088,1.0,1.600261085296765,1.277838187902074,1.0999347286758088,1.1664854362937782,599.2172550177202,1099.2172550177202,2099.21725501772,3,82,500.0
1599.2172550177202,3299.60862750886,500.0,2099.21725501772,3799.60862750886,1499.347712514767,3299.60862750886,599.8695425029532,500.0,1.0666086603323308,1.0,1.4000870095015037,1.151533122998739,1.0666086603323308,1.0908012620075669,599.2172550177202,1599.2172550177202,3599.21725501772,3,82,1000.0
2599.21725501772,6299.60862750886,500.0,3099.21725501772,6799.60862750886,2499.347712514767,6299.60862750886,599.8695425029532,500.0,1.039958242705841,1.0,1.2400104393235396,1.0793700100378651,1.039958242705841,1.0475598795456185,599.2172550177202,2599.21725501772,6599.21725501772,3,82,2000.0
862.4876660411246,862.4876660411246,500.0,1362.4876660411246,1362.4876660411246,762.4876660411246,762.4876660411246,600.0,600.0,1.1311496624190724,1.1311496624190724,1.786897974514435,1.786897974514435,1.1311496624190724,1.3934489872572176,762.4876660411246,862.4876660411246,1062.4876660411246,3,83,100.0
1062.4876660411246,1238.8834071293886,500.0,1562.4876660411246,1738.8834071293886,808.325110694083,1154.1625553470415,754.1625553470416,584.7208517823472,1.3144311020213144,1.0734046095932064,1.9329940952835998,1.5066191491600847,1.3144311020213144,1.4404276575592392,762.4876660411246,1062.4876660411246,1662.4876660411246,3,83,300.0
1262.4876660411246,1838.8834071293886,500.0,1762.4876660411246,2338.8834071293886,1008.325110694083,1754.1625553470415,754.1625553470416,584.7208517823472,1.2520640938636232,1.0482970358272106,1.7479359061363768,1.3333333333333333,1.2520640938636232,1.289782214963263,762.4876660411246,1262.4876660411246,2262.4876660411246,3,83,500.0
1762.4876660411246,3338.8834071293886,500.0,2262.4876660411246,3838.8834071293886,1508.325110694083,3254.1625553470412,754.1625553470417,584.7208517823474,1.168506480164667,1.026034609624261,1.5000000000000002,1.1796839714787972,1.168506480164667,1.1562076577455649,762.4876660411246,1762.4876660411246,3762.4876660411246,3,83,1000.0
2762.4876660411246,6338.883407129389,500.0,3262.4876660411246,6838.883407129389,2508.325110694083,6254.162555347042,754.1625553470417,584.7208517823465,1.1013275967550762,1.0135463143198786,1.3006637983775382,1.0934930690732423,1.1013275967550762,1.0812778859192724,762.4876660411246,2762.4876660411246,6762.487666041125,3,83,2000.0
825.5346649908461,825.5346649908461,500.0,1325.534664990846,1325.534664990846,734.8428318669903,744.1509987431346,590.6918331238558,581.3836662477115,1.1234166398458811,1.1093644520872348,1.80383424524004,1.7812710958255302,1.1234166398458811,1.3781271095825531,725.5346649908461,825.5346649908461,1025.534664990846,3,84,100.0
1025.534664990846,1172.0754993715673,500.0,1525.534664990846,1672.0754993715673,934.8428318669903,1172.0754993715673,590.6918331238558,500.0,1.0970129202817265,1.0,1.6318621836615843,1.4265936795608178,1.0970129202817265,1.386885627984213,725.5346649908461,1025.534664990846,1625.534664990846,3,84,300.0
1225.534664990846,1772.0754993715673,500.0,1725.534664990846,2272.0754993715673,1134.8428318669903,1772.0754993715673,590.6918331238558,500.0,1.0799157650532574,1.0,1.5205054096804553,1.2821550211474146,1.0799157650532574,1.2558915609295933,725.5346649908461,1225.534664990846,2225.534664990846,3,84,500.0
1725.534664990846,3272.0754993715673,500.0,2225.534664990846,3772.0754993715673,1634.8428318669903,3272.0754993715673,590.6918331238558,500.0,1.0554743436837202,1.0,1.3613141407906997,1.1528082099866062,1.0554743436837202,1.138584566800604,725.5346649908461,1725.534664990846,3725.534664990846,3,84,1000.0
2725.534664990846,6272.075499371567,500.0,3225.534664990846,6772.075499371567,2634.8428318669903,6272.075499371567,590.6918331238558,500.0,1.0344202060278462,1.0,1.2241848454791153,1.0797184281423426,1.0344202060278462,1.0722981038198143,725.5346649908461,2725.534664990846,6725.534664990846,3,84,2000.0
804.9848819733597,804.9848819733597,500.0,1304.9848819733597,1304.9848819733597,716.8617717266898,716.8617717266898,588.12311024667,588.12311024667,1.122929013266267,1.122929013266267,1.8204135489469193,1.8204135489469193,1.122929013266267,1.401922827538528,704.9848819733597,804.9848819733597,1004.9848819733597,3,85,100.0
1004.9848819733597,1252.4924409866799,500.0,1504.9848819733597,1752.4924409866799,916.8617717266898,1252.4924409866799,588.12311024667,500.0,1.096113845035453,1.0,1.6414523196218345,1.3992040060586022,1.096113845035453,1.281432789094516,704.9848819733597,1004.9848819733597,1604.9848819733597,3,85,300.0
1204.9848819733597,1852.4924409866799,500.0,1704.9848819733597,2352.49244098668,1116.8617717266898,1852.4924409866799,588.12311024667,500.0,1.0789024322234881,1.0,1.5265854066590714,1.2699066344009957,1.0789024322234881,1.1902800967970129,704.9848819733597,1204.9848819733597,2204.9848819733597,3,85,500.0
1704.9848819733597,3352.49244098668,500.0,2204.9848819733597,3852.49244098668,1616.8617717266898,3352.49244098668,588.12311024667,500.0,1.0545025627964233,1.0,1.363743593008942,1.1491427672996763,1.0545025627964233,1.1051433962019426,704.9848819733597,1704.9848819733597,3704.9848819733597,3,85,1000.0
2704.9848819733597,6352.49244098668,500.0,3204.9848819733597,6852.49244098668,2616.8617717266898,6352.49244098668,588.12311024667,500.0,1.0336751108517754,1.0,1.2247436668611684,1.0787092632765636,1.0336751108517754,1.0554888406812382,704.9848819733597,2704.9848819733597,6704.98488197336,3,85,2000.0
732.1717832688591,741.861528516165,500.0,1232.1717832688591,1241.861528516165,722.4820380215533,741.861528516165,509.68974524730584,500.0,1.0134117455346576,1.0,1.705470473207945,1.6739802251237847,1.1384117455346576,1.3782653483415856,722.4820380215533,822.4820380215533,1022.4820380215533,3,86,100.0
932.1717832688591,1170.9307642580825,500.0,1432.1717832688591,1670.9307642580825,841.861528516165,1170.9307642580825,590.3102547526942,500.0,1.1072744764948124,1.0,1.7011963782133552,1.427010729636783,1.2145489529896247,1.385634477756317,722.4820380215533,1022.4820380215533,1622.4820380215533,3,86,300.0
1132.1717832688591,1770.9307642580825,500.0,1632.1717832688591,2270.9307642580825,1041.861528516165,1770.9307642580825,590.3102547526942,500.0,1.0866816292576955,1.0,1.5665918537115224,1.2823374070241933,1.173363258515391,1.2549796315457,722.4820380215533,1222.4820380215533,2222.4820380215533,3,86,500.0
1632.1717832688591,3270.9307642580825,500.0,2132.171783268859,3770.9307642580825,1541.861528516165,3270.9307642580825,590.3102547526942,500.0,1.0585722213586881,1.0,1.3828555572826235,1.1528616886250145,1.1171444427173765,1.1380497804165208,722.4820380215533,1722.4820380215533,3722.4820380215533,3,86,1000.0
2632.171783268859,6270.9307642580825,500.0,3132.171783268859,6770.9307642580825,2541.861528516165,6270.9307642580825,590.3102547526942,500.0,1.035529179595166,1.0,1.232235410202417,1.0797329804452331,1.0710583591903322,1.0720070577620058,722.4820380215533,2722.4820380215533,6722.482038021553,3,86,2000.0
705.5404000217095,705.5404000217095,500.0,1205.5404000217095,1205.5404000217095,605.5404000217095,605.5404000217095,600.0,600.0,1.1651417477618584,1.1651417477618584,1.9908504865711505,1.9908504865711505,1.1651417477618584,1.4954252432855752,605.5404000217095,705.5404000217095,905.5404000217095,3,87,100.0
905.5404000217095,1104.6170000180914,500.0,1405.5404000217095,1604.6170000180914,804.6170000180913,1101.8468000072364,600.9234000036182,502.770200010855,1.1254303600363267,1.0025141426292992,1.746844026400271,1.4562977357719358,1.1254303600363267,1.366379064686508,605.5404000217095,905.5404000217095,1505.5404000217095,3,87,300.0
1105.5404000217095,1701.8468000072364,500.0,1605.5404000217095,2201.846800007236,1004.6170000180913,1701.8468000072364,600.9234000036182,499.9999999999998,1.1004595781295765,1.0,1.5981616874816937,1.293798478216649,1.1004595781295765,1.2372091307001056,605.5404000217095,1105.5404000217095,2105.5404000217095,3,87,500.0
1605.5404000217095,3201.846800007236,500.0,2105.5404000217095,3701.846800007236,1504.6170000180914,3201.846800007236,600.9234000036181,500.0,1.0670758073332978,1.0,1.399386289000053,1.156159876231077,1.0670758073332978,1.1260814852270762,605.5404000217095,1605.5404000217095,3605.5404000217095,3,87,1000.0
2605.5404000217095,6201.846800007237,500.0,3105.5404000217095,6701.846800007236,2504.6170000180914,6201.846800007237,600.9234000036181,499.9999999999991,1.0402949432998694,1.0,1.2399262641750326,1.0806211465912727,1.0402949432998694,1.065092481809451,605.5404000217095,2605.5404000217095,6605.5404000217095,3,87,2000.0
827.7184010017663,827.7184010017663,500.0,1327.7184010017663,1327.7184010017663,736.7536008765455,745.7888007513247,590.9648001252208,581.9296002504416,1.1234670587520663,1.1098563027064818,1.8021200024297486,1.7802873945870363,1.1234670587520663,1.3780287394587036,727.7184010017663,827.7184010017663,1027.7184010017663,3,88,100.0
1027.7184010017663,1172.8944003756624,500.0,1527.7184010017663,1672.8944003756624,936.7536008765455,1172.8944003756624,590.9648001252208,500.0,1.097106432299916,1.0,1.6308647221342294,1.4262958368970444,1.097106432299916,1.3877791559755337,727.7184010017663,1027.7184010017663,1627.7184010017663,3,88,300.0
1227.7184010017663,1772.8944003756624,500.0,1727.7184010017663,2272.8944003756624,1136.7536008765455,1772.8944003756624,590.9648001252208,500.0,1.0800215632086656,1.0,1.519870620748006,1.282024693571176,1.0800215632086656,1.2565431988107867,727.7184010017663,1227.7184010017663,2227.7184010017663,3,88,500.0
1727.7184010017663,3272.8944003756624,500.0,2227.7184010017663,3772.8944003756624,1636.7536008765455,3272.8944003756624,590.9648001252208,500.0,1.0555763555837028,1.0,1.361059111040743,1.1527699763067851,1.0555763555837028,1.1389669035988144,727.7184010017663,1727.7184010017663,3727.7184010017663,3,88,1000.0
2727.7184010017663,6272.894400375662,500.0,3227.7184010017663,6772.894400375662,2636.7536008765455,6272.894400375662,590.9648001252208,500.0,1.0344987867258362,1.0,1.2241259099556228,1.079708021223832,1.0344987867258362,1.0725062421900273,727.7184010017663,2727.7184010017663,6727.718401001766,3,88,2000.0
861.2751360284165,861.2751360284165,500.0,1361.2751360284165,1361.2751360284165,761.2751360284165,761.2751360284165,600.0,600.0,1.1313585526012335,1.1313585526012335,1.7881513156074016,1.7881513156074016,1.1313585526012335,1.3940756578037008,761.2751360284165,861.2751360284165,1061.2751360284165,3,89,100.0
1061.2751360284165,1238.3445049015183,500.0,1561.2751360284165,1738.3445049015183,892.1028835776573,1153.7583786761388,669.1722524507592,584.5861262253795,1.1896331191894782,1.073313553156976,1.750106590584188,1.5066798534509047,1.1896331191894782,1.4398813189418562,761.2751360284165,1061.2751360284165,1661.2751360284165,3,89,300.0
1261.2751360284165,1838.3445049015183,500.0,1761.2751360284165,2338.344504901518,1092.1028835776574,1753.7583786761388,669.1722524507591,584.5861262253793,1.1549050506089333,1.0482313454657484,1.612737373477666,1.3333333333333333,1.1549050506089333,1.2893880727944902,761.2751360284165,1261.2751360284165,2261.2751360284165,3,89,500.0
1761.2751360284165,3338.344504901518,500.0,2261.2751360284165,3838.344504901518,1592.1028835776574,3253.758378676139,669.1722524507591,584.5861262253793,1.1062571107657362,1.0259964374674295,1.4203071669256977,1.1796648854003815,1.1062571107657362,1.155978624804578,761.2751360284165,1761.2751360284165,3761.2751360284165,3,89,1000.0
2761.2751360284165,6338.344504901519,500.0,3261.2751360284165,6838.344504901518,2592.1028835776574,6253.758378676139,669.1722524507591,584.5861262253793,1.0652644821787571,1.0135256466757332,1.2581580602723446,1.0934775683401332,1.0652644821787571,1.0811538800543992,761.2751360284165,2761.2751360284165,6761.2751360284165,3,89,2000.0
817.0455470331945,817.0455470331945,500.0,1317.0455470331945,1317.0455470331945,727.4148536540451,727.4148536540451,589.6306933791493,589.6306933791493,1.1232181236455439,1.1232181236455439,1.8105837960515097,1.8105837960515097,1.1232181236455439,1.3981643926079301,717.0455470331945,817.0455470331945,1017.0455470331945,3,90,100.0
1017.0455470331945,1168.892080137448,500.0,1517.0455470331945,1668.892080137448,927.4148536540451,1168.892080137448,589.6306933791493,500.0,1.096645738448119,1.0,1.6357787898867318,1.4277554861533546,1.096645738448119,1.3834002082066028,717.0455470331945,1017.0455470331945,1617.0455470331945,3,90,300.0
1217.0455470331945,1768.892080137448,500.0,1717.0455470331945,2268.892080137448,1127.4148536540451,1768.892080137448,589.6306933791493,500.0,1.0795010754813534,1.0,1.5229935471118792,1.282662806631566,1.0795010754813534,1.2533526335088367,717.0455470331945,1217.0455470331945,2217.0455470331945,3,90,500.0
1717.0455470331945,3268.892080137448,500.0,2217.0455470331945,3768.892080137448,1627.4148536540451,3268.892080137448,589.6306933791493,500.0,1.0550755040596447,1.0,1.3623112398508885,1.1529570226677464,1.0550755040596447,1.1370964399892036,717.0455470331945,1717.0455470331945,3717.0455470331945,3,90,1000.0
2717.0455470331945,6268.892080137448,500.0,3217.0455470331945,6768.892080137448,2627.414853654045,6268.892080137448,589.6306933791493,500.0,1.0341136433991367,1.0,1.2244147674506474,1.0797589101245204,1.0341136433991367,1.07148846417626,717.0455470331945,2717.0455470331945,6717.045547033194,3,90,2000.0
769.5967770065181,769.5967770065181,500.0,1269.596777006518,1269.596777006518,673.9400945770154,678.283412147513,595.6566824295027,591.3133648590051,1.1419364765492097,1.1346242046077728,1.883842180072925,1.8717791918084035,1.1419364765492097,1.429486199488025,669.5967770065181,769.5967770065181,969.5967770065181,3,91,100.0
969.5967770065181,1091.313364859005,500.0,1469.596777006518,1591.313364859005,873.9400945770154,1186.9700472885077,595.6566824295027,404.34331757049745,1.109454507263224,0.9194110393535044,1.6815761012976511,1.340651660498234,1.109454507263224,1.3223558425859825,669.5967770065181,969.5967770065181,1569.596777006518,3,91,300.0
1169.596777006518,1691.313364859005,500.0,1669.596777006518,2191.313364859005,1073.9400945770153,1786.9700472885077,595.6566824295028,404.34331757049745,1.0890707804956088,0.9464699016222186,1.554646097521957,1.2262731365777704,1.0890707804956088,1.2141203935111258,669.5967770065181,1169.596777006518,2169.596777006518,3,91,500.0
1669.596777006518,3191.313364859005,500.0,2169.596777006518,3691.313364859005,1573.9400945770153,3286.970047288508,595.6566824295028,404.3433175704972,1.0607753006350662,0.9708982190122444,1.3784493987298678,1.1230139951850333,1.0607753006350662,1.116407123951022,669.5967770065181,1669.596777006518,3669.596777006518,3,91,1000.0
2669.596777006518,6191.313364859005,500.0,3169.596777006518,6691.313364859005,2573.9400945770153,6286.970047288508,595.6566824295028,404.34331757049677,1.0371635232036052,0.9847849311019449,1.2314182383981975,1.0643144972107645,1.0371635232036052,1.0608602755922198,669.5967770065181,2669.596777006518,6669.596777006518,3,91,2000.0
799.7464059968479,799.7464059968479,500.0,1299.746405996848,1299.746405996848,699.7464059968479,699.7464059968479,600.0,600.0,1.1429089154913794,1.1429089154913794,1.8574534929482764,1.8574534929482764,1.1429089154913794,1.4287267464741382,699.7464059968479,799.7464059968479,999.7464059968479,3,92,100.0
999.7464059968479,1249.873202998424,500.0,1499.746405996848,1749.873202998424,824.8098044976359,1249.873202998424,674.936601499212,500.0,1.212093261434689,1.0,1.81829362092791,1.4000405791567567,1.212093261434689,1.279926957517838,699.7464059968479,999.7464059968479,1599.746405996848,3,92,300.0
1199.746405996848,1849.873202998424,500.0,1699.746405996848,2349.873202998424,1024.809804497636,1849.873202998424,674.936601499212,500.0,1.1707015299145838,1.0,1.6585969401708325,1.270288795572345,1.1707015299145838,1.189133613282965,699.7464059968479,1199.746405996848,2199.746405996848,3,92,500.0
1699.746405996848,3349.873202998424,500.0,2199.746405996848,3849.873202998424,1524.809804497636,3349.873202998424,674.936601499212,500.0,1.1147268341161058,1.0,1.4426365829419472,1.149259380788639,1.1147268341161058,1.1044437152681652,699.7464059968479,1699.746405996848,3699.746405996848,3,92,1000.0
2699.746405996848,6349.873202998424,500.0,3199.746405996848,6849.873202998424,2524.809804497636,6349.873202998424,674.936601499212,500.0,1.0692870414189553,1.0,1.2673217603547389,1.0787417297976751,1.0692870414189553,1.055099242427898,699.7464059968479,2699.746405996848,6699.746405996848,3,92,2000.0
710.6394529924728,710.6394529924728,500.0,1210.6394529924728,1210.6394529924728,610.6394529924728,610.6394529924728,600.0,600.0,1.1637627564186106,1.1637627564186106,1.9825765385116643,1.9825765385116643,1.1637627564186106,1.491288269255832,610.6394529924728,710.6394529924728,910.6394529924728,3,93,100.0
910.6394529924728,1103.5464843308241,500.0,1410.6394529924728,1603.5464843308241,808.8662108270607,1103.5464843308241,601.7732421654121,500.0,1.125822096167609,1.0,1.7439712947708652,1.4530846748183819,1.125822096167609,1.3688951706538257,610.6394529924728,910.6394529924728,1510.6394529924728,3,93,300.0
1110.6394529924728,1703.5464843308241,500.0,1610.6394529924728,2203.546484330824,1008.8662108270607,1703.5464843308241,601.7732421654121,500.0,1.1008788291977576,1.0,1.5964846832089687,1.2935053458176733,1.1008788291977576,1.238967925093961,610.6394529924728,1110.6394529924728,2110.639452992473,3,93,500.0
1610.6394529924728,3203.5464843308246,500.0,2110.639452992473,3703.546484330824,1508.8662108270607,3203.5464843308246,601.7732421654121,499.99999999999955,1.0674501433163028,1.0,1.3988247850255455,1.1560770235255202,1.0674501433163028,1.127075717693756,610.6394529924728,1610.6394529924728,3610.639452992473,3,93,1000.0
2610.639452992473,6203.546484330824,500.0,3110.639452992473,6703.546484330824,2508.8662108270605,6203.546484330824,601.7732421654123,500.0,1.040565432196507,1.0,1.2398586419508735,1.0805990575331257,1.040565432196507,1.0656226192049825,610.6394529924728,2610.639452992473,6610.639452992473,3,93,2000.0
710.6490119709633,710.6490119709633,500.0,1210.6490119709633,1210.6490119709633,610.6490119709633,610.6490119709633,600.0,600.0,1.1637601929089096,1.1637601929089096,1.9825611574534576,1.9825611574534576,1.1637601929089096,1.4912805787267287,610.6490119709633,710.6490119709633,910.6490119709633,3,94,100.0
910.6490119709633,1108.8741766424696,500.0,1410.6490119709633,1608.8741766424696,808.8741766424695,1205.3245059854817,601.7748353284939,403.5496706569879,1.1258228266736712,0.9199797823208169,1.7439659377264116,1.3348058291796223,1.1258228266736712,1.2533131156541502,610.6490119709633,910.6490119709633,1510.6490119709633,3,94,300.0
1110.6490119709633,1703.5496706569877,500.0,1610.6490119709633,2203.5496706569875,1008.8741766424695,1805.3245059854817,601.7748353284939,398.2251646715058,1.10087961183346,0.9436251848401417,1.59648155266616,1.2205837030136166,1.10087961183346,1.1691244454795746,610.6490119709633,1110.6490119709633,2110.6490119709633,3,94,500.0
1610.6490119709633,3203.5496706569875,500.0,2110.6490119709633,3703.5496706569875,1508.8741766424696,3305.3245059854817,601.7748353284937,398.2251646715058,1.067450843088164,0.9692088219646228,1.3988237353677537,1.120479899613601,1.067450843088164,1.0923735341061314,610.6490119709633,1610.6490119709633,3610.6490119709633,3,94,1000.0
2610.6490119709633,6203.549670656988,500.0,3110.6490119709633,6703.5496706569875,2508.8741766424696,6305.324505985482,601.7748353284937,398.2251646715058,1.0405659384101498,0.9838589060353863,1.2398585153974624,1.063156965877566,1.0405659384101498,1.0484232818938415,610.6490119709633,2610.6490119709633,6610.649011970963,3,94,2000.0
698.676935012918,698.8974458440983,500.0,1198.676935012918,1198.8974458440985,598.676935012918,599.1179566752786,600.0,599.7794891688199,1.167034996926752,1.166543980291514,2.002209981560511,2.0011041773763756,1.167034996926752,1.5,598.676935012918,698.676935012918,898.676935012918,3,95,100.0
898.676935012918,1099.5589783376392,500.0,1398.676935012918,1599.5589783376392,699.1179566752786,1099.5589783376392,699.5589783376394,500.0,1.2854439317889372,1.0,2.0006308258258136,1.4547277679965123,1.2854439317889372,1.3629800352125563,598.676935012918,898.676935012918,1498.676935012918,3,95,300.0
1098.676935012918,1699.5589783376392,500.0,1598.676935012918,2199.558978337639,899.1179566752786,1699.5589783376392,699.5589783376394,499.9999999999998,1.221949719562448,1.0,1.7780502804375522,1.2941939681840617,1.221949719562448,1.2348361908956293,598.676935012918,1098.676935012918,2098.676935012918,3,95,500.0
1598.676935012918,3199.558978337639,500.0,2098.676935012918,3699.558978337639,1399.1179566752785,3199.558978337639,699.5589783376395,500.0,1.14263198995162,1.0,1.5000000000000002,1.1562715372291026,1.14263198995162,1.1247415532507685,598.676935012918,1598.676935012918,3598.676935012918,3,95,1000.0
2598.676935012918,6199.55897833764,500.0,3098.676935012918,6699.558978337639,2399.1179566752785,6199.55897833764,699.5589783376395,499.9999999999991,1.0831801445120233,1.0,1.2915900722560116,1.08065089819245,1.0831801445120233,1.0643784433811934,598.676935012918,2598.676935012918,6598.676935012918,3,95,2000.0
758.0331499571912,758.0331499571912,500.0,1258.0331499571912,1258.0331499571912,658.0331499571912,670.0236785408508,600.0,588.0094714163404,1.151968027760464,1.1313527778719756,1.911808166562784,1.8775950615609325,1.151968027760464,1.4298496913475582,658.0331499571912,758.0331499571912,958.0331499571912,3,96,100.0
958.0331499571912,1088.0094714163404,500.0,1458.0331499571912,1588.0094714163404,770.0236785408508,1182.0142071245104,688.0094714163404,405.9952642918299,1.2441606364269306,0.9204707226515867,1.8934913179813866,1.3434774826264533,1.2441606364269306,1.3181171093936537,658.0331499571912,958.0331499571912,1558.0331499571912,3,96,300.0
1158.0331499571912,1688.0094714163404,500.0,1658.0331499571912,2188.0094714163406,970.0236785408508,1782.0142071245104,688.0094714163404,405.99526429183015,1.1938194660352537,0.9472480436281944,1.7092708009471194,1.227829420589722,1.1938194660352537,1.211007825487223,658.0331499571912,1158.0331499571912,2158.033149957191,3,96,500.0
1658.0331499571912,3188.0094714163406,500.0,2158.033149957191,3688.0094714163406,1470.0236785408508,3282.0142071245104,688.0094714163404,405.99526429183015,1.1278955394806696,0.9713576085368226,1.4680261151298326,1.1237030794719005,1.1278955394806696,1.1145695658527097,658.0331499571912,1658.0331499571912,3658.033149957191,3,96,1000.0
2658.033149957191,6188.009471416341,500.0,3158.033149957191,6688.009471416341,2470.023678540851,6282.01420712451,688.0094714163401,405.9952642918306,1.0761164652184247,0.9850358925324368,1.2785436744569092,1.0646281989988795,1.0761164652184247,1.059856429870253,658.0331499571912,2658.033149957191,6658.033149957191,3,96,2000.0
817.6160939852707,817.6160939852707,500.0,1317.6160939852707,1317.6160939852707,727.9140822371119,727.9140822371119,589.7020117481588,589.7020117481588,1.1232315927622611,1.1232315927622611,1.810125846083121,1.810125846083121,1.1232315927622611,1.3979892940906051,717.6160939852707,817.6160939852707,1017.6160939852707,3,97,100.0
1017.6160939852707,1169.1060352444765,500.0,1517.6160939852707,1669.1060352444765,927.9140822371119,1169.1060352444765,589.7020117481588,500.0,1.0966706007218856,1.0,1.635513592299886,1.427677203715267,1.0966706007218856,1.3836350555208659,717.6160939852707,1017.6160939852707,1617.6160939852707,3,97,300.0
1217.6160939852707,1769.1060352444765,500.0,1717.6160939852707,2269.1060352444765,1127.9140822371119,1769.1060352444765,589.7020117481588,500.0,1.0795291176525106,1.0,1.522825294084936,1.2826286214839033,1.0795291176525106,1.2535235592471503,717.6160939852707,1217.6160939852707,2217.6160939852707,3,97,500.0
1717.6160939852707,3269.1060352444765,500.0,2217.6160939852707,3769.1060352444765,1627.9140822371119,3269.1060352444765,589.7020117481588,500.0,1.0551024238483695,1.0,1.3622439403790763,1.1529470119994465,1.0551024238483695,1.1371965466722014,717.6160939852707,1717.6160939852707,3717.6160939852707,3,97,1000.0
2717.6160939852707,6269.1060352444765,500.0,3217.6160939852707,6769.1060352444765,2627.914082237112,6269.1060352444765,589.7020117481588,500.0,1.034134301556692,1.0,1.2243992738324811,1.0797561880735522,1.034134301556692,1.0715429051956216,717.6160939852707,2717.6160939852707,6717.616093985271,3,97,2000.0
740.3964909841307,740.3964909841307,500.0,1240.3964909841307,1240.3964909841307,640.3964909841307,640.3964909841307,600.0,600.0,1.1561532603751854,1.1561532603751854,1.9369195622511122,1.9369195622511122,1.1561532603751854,1.4684597811255562,640.3964909841307,740.3964909841307,940.3964909841307,3,98,100.0
940.3964909841307,1265.9408519909318,500.0,1440.3964909841307,1765.9408519909318,757.4260649886647,1082.970425995466,682.9704259954659,682.9704259954658,1.2415686948906415,1.168952375432856,1.9016991328463022,1.6306455001923803,1.2415686948906415,1.4223809385821398,640.3964909841307,940.3964909841307,1540.3964909841307,3,98,300.0
1140.3964909841307,1865.9408519909318,500.0,1640.3964909841307,2365.940851990932,957.4260649886647,1682.970425995466,682.9704259954659,682.970425995466,1.1911065853399678,1.1087187410837835,1.7133401219900481,1.4058124940558556,1.1911065853399678,1.2717968527094587,640.3964909841307,1140.3964909841307,2140.3964909841307,3,98,500.0
1640.3964909841307,3365.940851990932,500.0,2140.3964909841307,3865.940851990932,1457.4260649886646,3182.970425995466,682.970425995466,682.970425995466,1.1255435389766335,1.057484174059909,1.4686141152558418,1.2145701450499242,1.1255435389766335,1.1437104351497722,640.3964909841307,1640.3964909841307,3640.3964909841307,3,98,1000.0
2640.3964909841307,6365.940851990932,500.0,3140.3964909841307,6865.940851990932,2457.4260649886646,6182.970425995466,682.970425995466,682.970425995466,1.0744561265147605,1.029592641301694,1.2779210474430351,1.1104599211932196,1.0744561265147605,1.0739816032542349,640.3964909841307,2640.3964909841307,6640.396490984131,3,98,2000.0
759.0622040093876,759.0622040093876,500.0,1259.0622040093876,1259.0622040093876,659.0622040093876,670.7587171495626,600.0,588.3034868598251,1.151730746190045,1.1316471699914346,1.9103844771402696,1.8770716977930053,1.151730746190045,1.429816981112063,659.0622040093876,759.0622040093876,959.0622040093876,3,99,100.0
959.0622040093876,1182.4552302897375,500.0,1459.0622040093876,1682.4552302897375,770.7587171495626,1088.3034868598252,688.3034868598251,594.1517434299124,1.2443092535576026,1.0865123971086195,1.8930206970675916,1.545943066987931,1.2443092535576026,1.4325619855430978,659.0622040093876,959.0622040093876,1559.0622040093876,3,99,300.0
1159.0622040093876,1782.4552302897375,500.0,1659.0622040093876,2282.4552302897373,970.7587171495626,1688.3034868598252,688.3034868598251,594.1517434299121,1.1939755817107058,1.055767072782057,1.7090366274339412,1.3519223575940187,1.1939755817107058,1.278835363910285,659.0622040093876,1159.0622040093876,2159.0622040093876,3,99,500.0
1659.0622040093876,3282.4552302897373,500.0,2159.0622040093876,3782.4552302897373,1470.7587171495625,3188.303486859825,688.3034868598252,594.1517434299121,1.1280315286689384,1.0295303580157742,1.4679921178327655,1.186353572010516,1.1280315286689384,1.147651790078872,659.0622040093876,1659.0622040093876,3659.0622040093876,3,99,1000.0
2659.0622040093876,6282.455230289737,500.0,3159.0622040093876,6782.455230289737,2470.7587171495625,6188.303486859825,688.3034868598252,594.1517434299121,1.07621281898261,1.0152144676856643,1.2785798071184789,1.0960120564047202,1.07621281898261,1.0760723384283215,659.0622040093876,2659.0622040093876,6659.062204009388,3,99,2000.0
702.6449710479937,702.6449710479937,500.0,1202.6449710479937,1202.6449710479937,602.6449710479937,602.6449710479937,600.0,600.0,1.165935177101206,1.165935177101206,1.9956110626072359,1.9956110626072359,1.165935177101206,1.497805531303618,602.6449710479937,702.6449710479937,902.6449710479937,3,100,100.0
902.6449710479937,1201.3224855239969,500.0,1402.6449710479937,1701.3224855239969,802.2041425399948,1100.881657015998,600.440828507999,600.440828507999,1.1252060706018996,1.091236717287351,1.7484888155860692,1.5454181425236277,1.1252060706018996,1.3649468691494036,602.6449710479937,902.6449710479937,1502.6449710479937,3,100,300.0
1102.6449710479937,1801.3224855239969,500.0,1602.6449710479937,2301.322485523997,1002.2041425399948,1700.881657015998,600.440828507999,600.440828507999,1.100219929498037,1.0590522145345556,1.5991202820078518,1.3530174048448518,1.100219929498037,1.236208858138222,602.6449710479937,1102.6449710479937,2102.6449710479937,3,100,500.0
1602.6449710479937,3301.322485523997,500.0,2102.6449710479937,3801.322485523997,1502.2041425399948,3200.881657015998,600.440828507999,600.440828507999,1.0668623029744606,1.0313791134039096,1.399706545538309,1.1875860756026064,1.0668623029744606,1.1255164536156383,602.6449710479937,1602.6449710479937,3602.6449710479937,3,100,1000.0
2602.6449710479937,6301.322485523997,500.0,3102.6449710479937,6801.322485523997,2502.204142539995,6200.881657015998,600.440828507999,600.440828507999,1.0401409408610607,1.016197830254405,1.239964764784735,1.0968315252120042,1.0401409408610607,1.06479132101762,602.6449710479937,2602.6449710479937,6602.644971047994,3,100,2000.0
707.861265358224,721.0239417356206,500.0,1207.861265358224,1221.0239417356206,694.6985889808275,694.6985889808275,513.1626763773966,526.3253527547931,1.018947319868185,1.0378946397363702,1.7386839192091104,1.7576312390772955,1.143947319868185,1.4318419596045553,694.6985889808275,794.6985889808275,994.6985889808275,3,101,100.0
907.861265358224,1247.3492944904137,500.0,1407.861265358224,1747.3492944904137,734.1866181130172,1160.5119708678103,673.6746472452069,586.8373236226034,1.2365538174634398,1.0748267366494013,1.9175795780324405,1.5056710644559546,1.3548307261951598,1.374133683247007,694.6985889808275,994.6985889808275,1594.6985889808275,3,101,300.0
1107.861265358224,1847.3492944904137,500.0,1607.861265358224,2347.3492944904137,934.1866181130172,1760.5119708678103,673.6746472452069,586.8373236226034,1.1859100139927243,1.0493250401357956,1.7211349790109134,1.3333333333333333,1.2788650209890866,1.2466252006789782,694.6985889808275,1194.6985889808275,2194.6985889808275,3,101,500.0
1607.861265358224,3347.3492944904137,500.0,2107.861265358224,3847.3492944904137,1434.1866181130172,3260.5119708678103,673.6746472452069,586.8373236226034,1.1210962681228427,1.0266330332164035,1.4697259329692893,1.1799831832748684,1.181644402184264,1.1331651660820172,694.6985889808275,1694.6985889808275,3694.6985889808275,3,101,1000.0
2607.861265358224,6347.349294490414,500.0,3107.861265358224,6847.349294490414,2434.186618113017,6260.51197086781,673.6746472452069,586.8373236226034,1.0713481234153852,1.0138706425331803,1.2767555462807694,1.0937363152332185,1.107022185123078,1.0693532126659016,694.6985889808275,2694.6985889808275,6694.6985889808275,3,101,2000.0
697.2087709815241,697.6739758179368,500.0,1197.2087709815241,1197.673975817937,597.2087709815241,598.1391806543494,600.0,599.5347951635875,1.1674456318443684,1.166407415502691,2.0046737910662102,2.0023332604757833,1.1674456318443684,1.5,597.2087709815241,697.2087709815241,897.2087709815241,3,102,100.0
897.2087709815241,1198.604385490762,500.0,1397.2087709815241,1698.604385490762,698.1391806543494,1099.0695903271746,699.0695903271748,599.5347951635874,1.2851431288251027,1.0905627778619165,2.001332699408094,1.5454930246820093,1.2851431288251027,1.3622511114476656,597.2087709815241,897.2087709815241,1497.2087709815241,3,102,300.0
1097.2087709815241,1798.604385490762,500.0,1597.2087709815241,2298.604385490762,898.1391806543494,1699.0695903271746,699.0695903271748,599.5347951635874,1.2216467053381863,1.0585819413932427,1.7783532946618137,1.352860647131081,1.2216467053381863,1.2343277655729707,597.2087709815241,1097.2087709815241,2097.208770981524,3,102,500.0
1597.2087709815241,3298.604385490762,500.0,2097.208770981524,3798.604385490762,1398.1391806543493,3199.0695903271744,699.0695903271749,599.5347951635877,1.142381812255635,1.0311136698821886,1.5000000000000002,1.1874091132547924,1.142381812255635,1.1244546795287536,597.2087709815241,1597.2087709815241,3597.208770981524,3,102,1000.0
2597.208770981524,6298.604385490762,500.0,3097.208770981524,6798.604385490762,2398.1391806543493,6199.069590327175,699.0695903271749,599.5347951635868,1.0830100237438502,1.0160564087421922,1.2915050118719251,1.0967136739518268,1.0830100237438502,1.0642256349687689,597.2087709815241,2597.208770981524,6597.208770981524,3,102,2000.0
807.891243044287,807.891243044287,500.0,1307.891243044287,1307.891243044287,707.891243044287,707.891243044287,600.0,600.0,1.1412646377287419,1.1412646377287419,1.8475878263724514,1.8475878263724514,1.1412646377287419,1.4237939131862258,707.891243044287,807.891243044287,1007.891243044287,3,103,100.0
1007.891243044287,1165.4592161416076,500.0,1507.891243044287,1665.4592161416076,830.9184322832152,1165.4592161416076,676.9728107610717,500.0,1.2129845769274634,1.0,1.814728358956813,1.4290154413599387,1.2129845769274634,1.3796203425868505,707.891243044287,1007.891243044287,1607.891243044287,3,103,300.0
1207.891243044287,1765.4592161416076,500.0,1707.891243044287,2265.4592161416076,1030.9184322832152,1765.4592161416076,676.9728107610717,500.0,1.1716651921424308,1.0,1.6566696157151384,1.283212433019407,1.1716651921424308,1.2506045015696312,707.891243044287,1207.891243044287,2207.891243044287,3,103,500.0
1707.891243044287,3265.4592161416076,500.0,2207.891243044287,3765.4592161416076,1530.9184322832152,3265.4592161416076,676.9728107610717,500.0,1.1155991116372765,1.0,1.4422004441813618,1.1531178210796302,1.1155991116372765,1.135488455870365,707.891243044287,1707.891243044287,3707.891243044287,3,103,1000.0
2707.891243044287,6265.459216141608,500.0,3207.891243044287,6765.459216141608,2530.918432283215,6265.459216141608,676.9728107610717,500.0,1.0699243438680952,1.0,1.2674810859670238,1.0798026102718628,1.0699243438680952,1.0706144612294097,707.891243044287,2707.891243044287,6707.891243044287,3,103,2000.0
766.0712360171601,766.0712360171601,500.0,1266.0712360171601,1266.0712360171601,670.9182023004229,675.7651685836859,595.1530337167372,590.3060674334743,1.1418250889459842,1.1336352798750249,1.8870724205664648,1.8735372802221775,1.1418250889459842,1.429596080013886,666.0712360171601,766.0712360171601,966.0712360171601,3,104,100.0
966.0712360171601,1090.3060674334743,500.0,1466.0712360171601,1590.3060674334743,870.9182023004229,1090.3060674334743,595.1530337167372,500.0,1.1092559938067688,1.0,1.6833627224057484,1.458586827070471,1.1092559938067688,1.4363592781828805,666.0712360171601,966.0712360171601,1566.0712360171601,3,104,300.0
1166.0712360171601,1690.3060674334743,500.0,1666.0712360171601,2190.3060674334743,1070.9182023004228,1690.3060674334743,595.1530337167374,500.0,1.0888518222141903,1.0,1.5557408889290503,1.2958044165097211,1.0888518222141903,1.2814668761770924,666.0712360171601,1166.0712360171601,2166.07123601716,3,104,500.0
1666.0712360171601,3190.3060674334743,500.0,2166.07123601716,3690.3060674334743,1570.9182023004228,3190.3060674334743,595.1530337167374,500.0,1.0605716030137005,1.0,1.3788567939725993,1.1567247748120413,1.0605716030137005,1.149128377819382,666.0712360171601,1666.0712360171601,3666.07123601716,3,104,1000.0
2666.07123601716,6190.306067433474,500.0,3166.07123601716,6690.306067433474,2570.9182023004228,6190.306067433474,595.1530337167374,500.0,1.0370113034446586,1.0,1.2314943482776708,1.0807714504829486,1.0370113034446586,1.076856485511538,666.0712360171601,2666.07123601716,6666.07123601716,3,104,2000.0
761.0213060048409,766.5896908612922,500.0,1261.0213060048409,1266.5896908612922,666.5896908612922,672.1580757177435,594.4316151435487,594.4316151435487,1.14166377974063,1.1404901890715406,1.8917503875217319,1.8843628256772829,1.14166377974063,1.4297549054642298,661.0213060048409,761.0213060048409,961.0213060048409,3,105,100.0
961.0213060048409,1183.294845430646,500.0,1461.0213060048409,1683.294845430646,866.5896908612922,1183.294845430646,594.4316151435487,500.0,1.1089692343901465,1.0,1.6859435571553487,1.4225489546673644,1.1089692343901465,1.3192158421316589,661.0213060048409,961.0213060048409,1561.0213060048409,3,105,300.0
1161.0213060048409,1783.294845430646,500.0,1661.0213060048409,2283.294845430646,1066.5896908612922,1783.294845430646,594.4316151435487,500.0,1.0885360283834107,1.0,1.5573198580829462,1.280379882934757,1.0885360283834107,1.2118138015943056,661.0213060048409,1161.0213060048409,2161.021306004841,3,105,500.0
1661.0213060048409,3283.294845430646,500.0,2161.021306004841,3783.294845430646,1566.5896908612922,3283.294845430646,594.4316151435487,500.0,1.0602784607191122,1.0,1.3794430785617753,1.152286049087504,1.0602784607191122,1.1150449406333018,661.0213060048409,1661.0213060048409,3661.021306004841,3,105,1000.0
2661.021306004841,6283.294845430646,500.0,3161.021306004841,6783.294845430646,2566.589690861292,6283.294845430646,594.4316151435487,500.0,1.0367926418000453,1.0,1.2316036790999774,1.0795760842519766,1.0367926418000453,1.0601159853017061,661.0213060048409,2661.021306004841,6661.021306004841,3,105,2000.0
741.7191090295091,741.7191090295091,500.0,1241.7191090295091,1241.7191090295091,641.7191090295091,641.7191090295091,600.0,600.0,1.155831419998125,1.155831419998125,1.93498851998875,1.93498851998875,1.155831419998125,1.467494259994375,641.7191090295091,741.7191090295091,941.7191090295091,3,106,100.0
941.7191090295091,1266.696633731148,500.0,1441.7191090295091,1766.696633731148,758.3707921639351,1175.022475298361,683.348316865574,591.674158432787,1.2417660579232066,1.0780190680263448,1.9010741499098456,1.5035428435379923,1.2417660579232066,1.3120762721053796,641.7191090295091,941.7191090295091,1541.7191090295091,3,106,300.0
1141.7191090295091,1866.696633731148,500.0,1641.7191090295091,2366.696633731148,958.3707921639351,1775.022475298361,683.348316865574,591.6741584327867,1.1913125048934203,1.051646759243078,1.7130312426598693,1.3333333333333333,1.1913125048934203,1.2065870369723124,641.7191090295091,1141.7191090295091,2141.719109029509,3,106,500.0
1641.7191090295091,3366.696633731148,500.0,2141.719109029509,3866.696633731148,1458.3707921639352,3275.0224752983613,683.3483168655739,591.6741584327865,1.1257213308513407,1.0279919173453718,1.4685696672871646,1.1806626253393524,1.1257213308513407,1.1119676693814875,641.7191090295091,1641.7191090295091,3641.719109029509,3,106,1000.0
2641.719109029509,6366.696633731148,500.0,3141.719109029509,6866.696633731148,2458.370792163935,6275.022475298361,683.3483168655739,591.6741584327865,1.074581229751833,1.014609375311987,1.2779679611569372,1.0942903648173234,1.074581229751833,1.0584375012479477,641.7191090295091,2641.719109029509,6641.719109029509,3,106,2000.0
700.7990739890374,700.7990739890374,500.0,1200.7990739890374,1200.7990739890374,600.7990739890374,600.7990739890374,600.0,600.0,1.1664449968873032,1.1664449968873032,1.9986699813238193,1.9986699813238193,1.1664449968873032,1.4993349906619098,600.7990739890374,700.7990739890374,900.7990739890374,3,107,100.0
900.7990739890374,1100.6658949908647,500.0,1400.7990739890374,1600.6658949908647,700.5327159926916,1100.2663579963457,700.2663579963458,500.39953699451894,1.2858772380281454,1.0003631275205456,1.9996197779343277,1.4547985434234108,1.2858772380281454,1.364032502749686,600.7990739890374,900.7990739890374,1500.7990739890374,3,107,300.0
1100.7990739890374,1700.2663579963457,500.0,1600.7990739890374,2200.2663579963455,900.5327159926916,1700.2663579963457,700.2663579963458,499.9999999999998,1.2223865434756411,1.0,1.777613456524359,1.2940715715796538,1.2223865434756411,1.235570570522076,600.7990739890374,1100.7990739890374,2100.7990739890374,3,107,500.0
1600.7990739890374,3200.2663579963455,500.0,2100.7990739890374,3700.2663579963455,1400.5327159926915,3200.2663579963455,700.266357996346,500.0,1.142992988103386,1.0,1.5000000000000002,1.1562369953209286,1.142992988103386,1.125156056148858,600.7990739890374,1600.7990739890374,3600.7990739890374,3,107,1000.0
2600.7990739890374,6200.266357996346,500.0,3100.7990739890374,6700.2663579963455,2400.5327159926915,6200.266357996346,700.266357996346,499.9999999999991,1.083425798224762,1.0,1.291712899112381,1.0806416968450332,1.083425798224762,1.0645992757192009,600.7990739890374,2600.7990739890374,6600.799073989037,3,107,2000.0
753.9945009863004,753.9945009863004,500.0,1253.9945009863004,1253.9945009863004,653.9945009863004,653.9945009863004,600.0,600.0,1.1529064844569614,1.1529064844569614,1.9174389067417688,1.9174389067417688,1.1529064844569614,1.4587194533708843,653.9945009863004,753.9945009863004,953.9945009863004,3,108,100.0
953.9945009863004,1086.8555717103716,500.0,1453.9945009863004,1586.8555717103716,767.1389292759288,1086.8555717103716,686.8555717103716,500.0,1.243574618076985,1.0,1.8953470427562145,1.4600427260203084,1.243574618076985,1.4298077329086125,653.9945009863004,953.9945009863004,1553.9945009863004,3,108,300.0
1153.9945009863004,1686.8555717103716,500.0,1653.9945009863004,2186.855571710372,967.1389292759288,1686.8555717103716,686.8555717103716,500.0000000000002,1.1932044777168316,1.0,1.7101932834247526,1.296409490169351,1.1932044777168316,1.276928823729869,653.9945009863004,1153.9945009863004,2153.9945009863004,3,108,500.0
1653.9945009863004,3186.855571710372,500.0,2153.9945009863004,3686.855571710372,1467.1389292759288,3186.855571710372,686.8555717103716,500.0,1.127360516432203,1.0,1.4681598708919492,1.1568944650138795,1.127360516432203,1.1465830247918067,653.9945009863004,1653.9945009863004,3653.9945009863004,3,108,1000.0
2653.9945009863004,6186.855571710372,500.0,3153.9945009863004,6686.855571710372,2467.138929275929,6186.855571710372,686.8555717103714,500.0,1.0757377582158338,1.0,1.2784016593309375,1.080816497848482,1.0757377582158338,1.0755050645455406,653.9945009863004,2653.9945009863004,6653.9945009863,3,108,2000.0
698.3467599726282,698.3467599726282,500.0,1198.3467599726282,1198.3467599726282,598.6222999771902,598.8978399817521,599.724459995438,599.4489199908761,1.1665899516259883,1.1660532287007517,2.001841160976278,2.000920156948873,1.1665899516259883,1.5,598.3467599726282,698.3467599726282,898.3467599726282,3,109,100.0
898.3467599726282,1199.173379986314,500.0,1398.3467599726282,1699.173379986314,798.6222999771902,1099.448919990876,599.724459995438,599.7244599954381,1.1248706178105548,1.090704041072018,1.7509488027225975,1.5454773287697758,1.1248706178105548,1.3628161642880714,598.3467599726282,898.3467599726282,1498.3467599726282,3,109,300.0
1098.3467599726282,1799.173379986314,500.0,1598.3467599726282,2299.173379986314,998.6222999771902,1699.448919990876,599.724459995438,599.7244599954381,1.0998620399301275,1.0586804691934921,1.6005518402794896,1.3528934897311642,1.0998620399301275,1.2347218767739685,598.3467599726282,1098.3467599726282,2098.346759972628,3,109,500.0
1598.3467599726282,3299.173379986314,500.0,2098.346759972628,3799.173379986314,1498.6222999771903,3199.4489199908758,599.7244599954379,599.7244599954383,1.0665440918615423,1.031169261485107,1.4001838622076863,1.1874461743234046,1.0665440918615423,1.1246770459404272,598.3467599726282,1598.3467599726282,3598.346759972628,3,109,1000.0
2598.346759972628,6299.173379986314,500.0,3098.346759972628,6799.173379986314,2498.6222999771903,6199.448919990877,599.7244599954379,599.7244599954374,1.03991177858148,1.0160860201096042,1.24002205535463,1.0967383500913368,1.03991177858148,1.0643440804384172,598.3467599726282,2598.346759972628,6598.346759972628,3,109,2000.0
750.4435419919901,750.4435419919901,500.0,1250.44354199199,1250.44354199199,657.5230359931343,664.6025299942786,592.9205059988558,585.8410119977115,1.1413190122814587,1.129161428257654,1.9017486438376996,1.881490794208615,1.1413190122814587,1.4300931746380385,650.4435419919901,750.4435419919901,950.4435419919901,3,110,100.0
950.4435419919901,1271.682023995423,500.0,1450.44354199199,1771.682023995423,857.5230359931343,1178.7615179965671,592.9205059988558,592.9205059988558,1.1083591951454,1.0788289272937788,1.6914339103580687,1.5030029373597031,1.1083591951454,1.3153157091751153,650.4435419919901,950.4435419919901,1550.44354199199,3,110,300.0
1150.44354199199,1871.682023995423,500.0,1650.44354199199,2371.682023995423,1057.5230359931343,1778.7615179965671,592.9205059988558,592.920505998856,1.0878661767510274,1.0522388780388687,1.5606691162448638,1.3333333333333335,1.0878661767510274,1.2089555121554751,650.4435419919901,1150.44354199199,2150.44354199199,3,110,500.0
1650.44354199199,3371.682023995423,500.0,2150.44354199199,3871.682023995423,1557.5230359931343,3278.761517996567,592.9205059988558,592.9205059988562,1.0596591535736781,1.0283401233937972,1.380681692852644,1.1808367283635652,1.0596591535736781,1.113360493575188,650.4435419919901,1650.44354199199,3650.44354199199,3,110,1000.0
2650.44354199199,6371.682023995423,500.0,3150.44354199199,6871.682023995423,2557.5230359931343,6278.761517996567,592.9205059988558,592.9205059988562,1.036332226412488,1.0147991774703533,1.2318338867937562,1.0944327164360983,1.036332226412488,1.059196709881413,650.4435419919901,2650.44354199199,6650.44354199199,3,110,2000.0
769.7578800376505,769.7578800376505,500.0,1269.7578800376505,1269.7578800376505,674.0781828894146,678.3984857411789,595.6796971482358,591.3593942964716,1.1419415426532689,1.1346692190750656,1.883695263055205,1.8716991660887723,1.1419415426532689,1.4294811978805484,669.7578800376505,769.7578800376505,969.7578800376505,3,111,100.0
969.7578800376505,1187.0390914447073,500.0,1469.7578800376505,1687.0390914447073,874.0781828894146,1187.0390914447073,595.6796971482358,500.0,1.1094635457344906,1.0,1.6814947550562525,1.4212161196742612,1.1094635457344906,1.3224146461151067,669.7578800376505,969.7578800376505,1569.7578800376505,3,111,300.0
1169.7578800376505,1787.0390914447073,500.0,1669.7578800376505,2287.039091444707,1074.0781828894146,1787.0390914447073,595.6796971482358,499.9999999999998,1.089080756571039,1.0,1.5545962171448053,1.2797924244599381,1.089080756571039,1.2141636354935803,669.7578800376505,1169.7578800376505,2169.7578800376505,3,111,500.0
1669.7578800376505,3287.039091444707,500.0,2169.7578800376505,3787.039091444707,1574.0781828894146,3287.039091444707,595.6796971482358,500.0,1.060784590110133,1.0,1.3784308197797344,1.1521125809855344,1.060784590110133,1.1164326854490594,669.7578800376505,1669.7578800376505,3669.7578800376505,3,111,1000.0
2669.7578800376505,6287.039091444707,500.0,3169.7578800376505,6787.039091444707,2574.0781828894146,6287.039091444707,595.6796971482358,500.0,1.0371704704947364,1.0,1.231414764752632,1.0795286927164793,1.0371704704947364,1.0608742498696628,669.7578800376505,2669.7578800376505,6669.7578800376505,3,111,2000.0
608.945733984001,707.4547783200009,500.0,1107.454778320001,1207.454778320001,608.945733984001,608.945733984001,498.509044336,598.509044336,1.0,1.1617698242033963,1.8186428059435218,1.9828610513785532,1.1642182454350314,1.4926547363050942,608.945733984001,708.945733984001,908.945733984001,3,112,100.0
807.4547783200009,1107.454778320001,500.0,1307.454778320001,1607.454778320001,705.9638226560006,1204.4728669920005,601.4909556640004,402.9819113280005,1.1437622614742036,0.9194518271596367,1.8520138516461808,1.33457118244132,1.287524522948407,1.2527851604929698,608.945733984001,908.945733984001,1508.945733984001,3,112,300.0
1007.4547783200009,1702.9819113280003,500.0,1507.454778320001,2202.981911328,905.9638226560006,1804.4728669920005,601.4909556640004,398.50904433599953,1.112025395634961,0.9437558981791827,1.663923813095117,1.2208451296916987,1.2240507912699221,1.1687323054624519,608.945733984001,1108.945733984001,2108.945733984001,3,112,500.0
1507.454778320001,3202.981911328,500.0,2007.454778320001,3702.981911328,1405.9638226560005,3304.4728669920005,601.4909556640005,398.50904433599953,1.0721860363890974,0.9692867940669806,1.427813963610903,1.1205968577671375,1.1443720727781943,1.092139617799058,608.945733984001,1608.945733984001,3608.945733984001,3,112,1000.0
2507.454778320001,6202.981911328001,500.0,3007.454778320001,6702.981911328,2405.9638226560005,6304.4728669920005,601.4909556640005,398.50904433599953,1.042183076365613,0.9839017539126276,1.2500000000000002,1.0632105257241176,1.084366152731226,1.0482947382621175,608.945733984001,2608.945733984001,6608.945733984001,3,112,2000.0
651.9320130115375,651.9320130115375,500.0,1151.9320130115375,1151.9320130115375,551.9320130115375,551.9320130115375,600.0,600.0,1.1811817355082639,1.1811817355082639,2.087090413049583,2.087090413049583,1.1811817355082639,1.5435452065247914,551.9320130115375,651.9320130115375,851.9320130115375,3,113,100.0
851.9320130115375,1120.772805204615,500.0,1351.9320130115375,1620.772805204615,741.54561040923,1120.772805204615,610.3864026023075,500.0,1.1488598962124388,1.0,1.8231272547961805,1.4461207460406902,1.1488598962124388,1.2954739856901365,551.9320130115375,851.9320130115375,1451.9320130115375,3,113,300.0
1051.9320130115375,1720.772805204615,500.0,1551.9320130115375,2220.772805204615,941.54561040923,1720.772805204615,610.3864026023075,500.0,1.117239570108908,1.0,1.648281289673276,1.2905671210561382,1.117239570108908,1.192447955247378,551.9320130115375,1051.9320130115375,2051.9320130115375,3,113,500.0
1551.9320130115375,3220.772805204615,500.0,2051.9320130115375,3720.772805204615,1441.54561040923,3220.772805204615,610.3864026023075,500.0,1.0765750329404913,1.0,1.4234249670595087,1.155242244715934,1.0765750329404913,1.102819797556594,551.9320130115375,1551.9320130115375,3551.9320130115375,3,113,1000.0
2551.9320130115375,6220.772805204615,500.0,3051.9320130115375,6720.772805204615,2441.54561040923,6220.772805204615,610.3864026023075,500.0,1.045211689731164,1.0,1.25,1.0803758657737306,1.045211689731164,1.0532344160728484,551.9320130115375,2551.9320130115375,6551.9320130115375,3,113,2000.0
702.4455740116537,702.4455740116537,500.0,1202.4455740116537,1202.4455740116537,602.4455740116537,602.4455740116537,600.0,600.0,1.1659900982160185,1.1659900982160185,1.9959405892961106,1.9959405892961106,1.1659900982160185,1.4979702946480553,602.4455740116537,702.4455740116537,902.4455740116537,3,114,100.0
902.4455740116537,1100.8151913372178,500.0,1402.4455740116537,1600.8151913372178,701.6303826744357,1100.8151913372178,700.8151913372179,500.0,1.286212222697315,1.0,1.9988381470395986,1.4542088480743292,1.286212222697315,1.364848146932415,602.4455740116537,902.4455740116537,1502.4455740116537,3,114,300.0
1102.4455740116537,1700.8151913372178,500.0,1602.4455740116537,2200.8151913372176,901.6303826744357,1700.8151913372178,700.8151913372179,499.9999999999998,1.2227245168264578,1.0,1.7772754831735424,1.2939766780933377,1.2227245168264578,1.2361399314399735,602.4455740116537,1102.4455740116537,2102.4455740116537,3,114,500.0
1602.4455740116537,3200.8151913372176,500.0,2102.4455740116537,3700.8151913372176,1401.6303826744356,3200.8151913372176,700.815191337218,500.0,1.1432725730117557,1.0,1.5000000000000002,1.1562102058729335,1.1432725730117557,1.1254775295247974,602.4455740116537,1602.4455740116537,3602.4455740116537,3,114,1000.0
2602.4455740116537,6200.8151913372185,500.0,3102.4455740116537,6700.815191337218,2401.6303826744356,6200.8151913372185,700.815191337218,499.9999999999991,1.0836161937265267,1.0,1.2918080968632635,1.0806345592590016,1.0836161937265267,1.0647705777839547,602.4455740116537,2602.4455740116537,6602.445574011654,3,114,2000.0
709.0363549883477,709.0363549883477,500.0,1209.0363549883477,1209.0363549883477,609.0363549883477,609.0363549883477,600.0,600.0,1.1641938107322234,1.1641938107322234,1.9851628643933406,1.9851628643933406,1.1641938107322234,1.4925814321966702,609.0363549883477,709.0363549883477,909.0363549883477,3,115,100.0
909.0363549883477,1103.012118329449,500.0,1409.0363549883477,1603.012118329449,807.5302958236232,1103.012118329449,601.5060591647245,500.0,1.125699382041383,1.0,1.7448711983631913,1.4533041765282395,1.125699382041383,1.368104964498338,609.0363549883477,909.0363549883477,1509.0363549883477,3,115,300.0
1109.0363549883477,1703.012118329449,500.0,1609.0363549883477,2203.012118329449,1007.5302958236232,1703.012118329449,601.5060591647245,500.0,1.1007474014285066,1.0,1.5970103942859732,1.2935974410390394,1.1007474014285066,1.2384153537657638,609.0363549883477,1109.0363549883477,2109.0363549883477,3,115,500.0
1609.0363549883477,3203.0121183294495,500.0,2109.0363549883477,3703.012118329449,1507.5302958236232,3203.0121183294495,601.5060591647245,499.99999999999955,1.0673326827632792,1.0,1.399000975855081,1.1561030622203132,1.0673326827632792,1.1267632533562384,609.0363549883477,1609.0363549883477,3609.0363549883477,3,115,1000.0
2609.0363549883477,6203.012118329449,500.0,3109.0363549883477,6703.012118329449,2507.530295823623,6203.012118329449,601.5060591647248,500.0,1.040480491635051,1.0,1.2398798770912374,1.08060600083668,1.040480491635051,1.0654559799196792,609.0363549883477,2609.0363549883477,6609.036354988348,3,115,2000.0
763.4079540381208,768.635389175532,500.0,1263.4079540381208,1268.635389175532,668.635389175532,673.8628243129434,594.7725648625888,594.7725648625886,1.141740276385085,1.1406407379116317,1.8895319848325398,1.8826315140162337,1.141740276385085,1.4296796310441842,663.4079540381208,763.4079540381208,963.4079540381208,3,116,100.0
963.4079540381208,1184.317694587766,500.0,1463.4079540381208,1684.317694587766,868.635389175532,1184.317694587766,594.7725648625888,500.0,1.109105115959577,1.0,1.6847206230304743,1.422184015560148,1.109105115959577,1.3200916959889781,663.4079540381208,963.4079540381208,1563.4079540381208,3,116,300.0
1163.4079540381208,1784.317694587766,500.0,1663.4079540381208,2284.317694587766,1068.635389175532,1784.317694587766,594.7725648625888,499.9999999999998,1.0886855945653335,1.0,1.5565720271733323,1.2802191568892756,1.0886855945653335,1.2124567057762303,663.4079540381208,1163.4079540381208,2163.407954038121,3,116,500.0
1663.4079540381208,3284.317694587766,500.0,2163.407954038121,3784.317694587766,1568.635389175532,3284.317694587766,594.7725648625888,500.0,1.060417204352632,1.0,1.3791655912947358,1.152238621989569,1.060417204352632,1.1154243574167806,663.4079540381208,1663.4079540381208,3663.407954038121,3,116,1000.0
2663.407954038121,6284.317694587766,500.0,3163.407954038121,6784.317694587766,2568.635389175532,6284.317694587766,594.7725648625888,500.0,1.03689607534879,1.0,1.231551962325605,1.079563132276176,1.03689607534879,1.060323216914517,663.4079540381208,2663.407954038121,6663.407954038121,3,116,2000.0
750.0220960006118,750.0220960006118,500.0,1250.0220960006118,1250.0220960006118,657.1617965719529,664.3014971432941,592.8602994286589,585.7205988573177,1.1413050787691241,1.1290386958721954,1.9021527156954054,1.881708985116097,1.1413050787691241,1.4301068115697562,650.0220960006118,750.0220960006118,950.0220960006118,3,117,100.0
950.0220960006118,1178.5808982859764,500.0,1450.0220960006118,1678.5808982859764,857.1617965719529,1178.5808982859764,592.8602994286589,500.0,1.1083346222382229,1.0,1.6916550665226624,1.4242390155204074,1.1083346222382229,1.3151596960843557,650.0220960006118,950.0220960006118,1550.0220960006118,3,117,300.0
1150.0220960006118,1778.5808982859764,500.0,1650.0220960006118,2278.580898285976,1057.161796571953,1778.5808982859764,592.8602994286589,499.9999999999998,1.0878392500843068,1.0,1.5608037495784661,1.2811230011982313,1.0878392500843068,1.2088413285404078,650.0220960006118,1150.0220960006118,2150.022096000612,3,117,500.0
1650.0220960006118,3278.580898285976,500.0,2150.022096000612,3778.580898285976,1557.161796571953,3278.580898285976,592.8602994286589,500.0,1.059634329350417,1.0,1.3807313412991662,1.152505006132805,1.059634329350417,1.1132932842708938,650.0220960006118,1650.0220960006118,3650.022096000612,3,117,1000.0
2650.022096000612,6278.580898285976,500.0,3150.022096000612,6778.580898285976,2557.161796571953,6278.580898285976,592.8602994286589,500.0,1.0363138146178879,1.0,1.2318430926910562,1.079635829831626,1.0363138146178879,1.0591600560273162,650.0220960006118,2650.022096000612,6650.022096000612,3,117,2000.0
773.0930419871584,773.0930419871584,500.0,1273.0930419871584,1273.0930419871584,676.93689313185,680.7807442765417,596.1561488553084,592.3122977106167,1.1420459570617312,1.1355976920421214,1.8806672452098019,1.8700485474806732,1.1420459570617312,1.4293780342175422,673.0930419871584,773.0930419871584,973.0930419871584,3,118,100.0
973.0930419871584,1092.3122977106168,500.0,1473.0930419871584,1592.3122977106168,876.93689313185,1092.3122977106168,596.1561488553084,500.0,1.109650021122844,1.0,1.679816476561073,1.457744548924289,1.109650021122844,1.440149529840699,673.0930419871584,973.0930419871584,1573.0930419871584,3,118,300.0
1173.0930419871584,1692.3122977106168,500.0,1673.0930419871584,2192.312297710617,1076.93689313185,1692.3122977106168,596.1561488553084,500.0,1.089286707019272,1.0,1.553566464903641,1.2954537414142808,1.089286707019272,1.2840969393928936,673.0930419871584,1173.0930419871584,2173.0930419871584,3,118,500.0
1673.0930419871584,3192.312297710617,500.0,2173.0930419871584,3692.312297710617,1576.93689313185,3192.312297710617,596.1561488553084,500.0,1.0609765357599943,1.0,1.3780469284800116,1.1566262800662008,1.0609765357599943,1.150605799006988,673.0930419871584,1673.0930419871584,3673.0930419871584,3,118,1000.0
2673.0930419871584,6192.312297710617,500.0,3173.0930419871584,6692.312297710617,2576.93689313185,6192.312297710617,596.1561488553084,500.0,1.0373141263612575,1.0,1.2313429368193713,1.0807452815622456,1.0373141263612575,1.0776415531326307,673.0930419871584,2673.0930419871584,6673.093041987158,3,118,2000.0
832.0400649914518,832.0400649914518,500.0,1332.0400649914518,1332.0400649914518,740.5350568675203,749.0300487435888,591.5050081239315,583.010016247863,1.123566071957484,1.1108233459887258,1.798753553445546,1.7783533080225482,1.123566071957484,1.3778353308022548,732.0400649914518,832.0400649914518,1032.0400649914518,3,119,100.0
1032.0400649914518,1174.5150243717944,500.0,1532.0400649914518,1674.5150243717944,940.5350568675203,1266.020032495726,591.5050081239315,408.4949918760685,1.0972903747242464,0.9277223063022579,1.6289026696080382,1.3226607647517201,1.0972903747242464,1.289110774790968,732.0400649914518,1032.0400649914518,1632.0400649914518,3,119,300.0
1232.0400649914518,1774.5150243717944,500.0,1732.0400649914518,2274.5150243717944,1140.5350568675203,1866.020032495726,591.5050081239315,408.4949918760685,1.080229895234654,0.9509624727867754,1.5186206285920751,1.218912436502476,1.080229895234654,1.1961501088528985,732.0400649914518,1232.0400649914518,2232.040064991452,3,119,500.0
1732.0400649914518,3274.5150243717944,500.0,2232.040064991452,3774.5150243717944,1640.5350568675203,3366.020032495726,591.5050081239315,408.4949918760685,1.0557775390052642,0.972815073219845,1.3605561524868395,1.1213584553664082,1.0557775390052642,1.1087397071206202,732.0400649914518,1732.0400649914518,3732.040064991452,3,119,1000.0
2732.040064991452,6274.515024371794,500.0,3232.040064991452,6774.515024371794,2640.5350568675203,6366.020032495726,591.5050081239315,408.4949918760685,1.034653964500848,0.9856260257340004,1.224009526624364,1.0641680343120006,1.034653964500848,1.0574958970639985,732.0400649914518,2732.040064991452,6732.040064991452,3,119,2000.0
