ar_optimistic_parallel_ms,ar_optimistic_serial_ms,ar_probe_ms,ar_verified_parallel_ms,ar_verified_serial_ms,dllm_incremental_parallel_ms,dllm_incremental_serial_ms,dllm_saved_vs_ar_verified_parallel_ms,dllm_saved_vs_ar_verified_serial_ms,dllm_vs_ar_optimistic_parallel_speedup,dllm_vs_ar_optimistic_serial_speedup,dllm_vs_ar_verified_parallel_speedup,dllm_vs_ar_verified_serial_speedup,dllm_vs_no_spec_parallel_speedup,dllm_vs_no_spec_serial_speedup,generation_ms,no_spec_parallel_ms,no_spec_serial_ms,num_calls,request_index,tool_latency_ms
1520.7050100085326,1520.7050100085326,200.0,1720.7050100085326,1720.7050100085326,1420.7050100085326,1420.7050100085326,300.0,300.0,1.0703875887643977,1.0703875887643977,1.211162766293193,1.211162766293193,1.0703875887643977,1.211162766293193,1420.7050100085326,1520.7050100085326,1720.7050100085326,3,0,100.0
1720.7050100085326,1720.7050100085326,200.0,1920.7050100085326,1920.7050100085326,1420.7050100085326,1547.1366733390216,500.0,373.5683366695109,1.211162766293193,1.1121868155932964,1.351937943821988,1.2414578770621976,1.211162766293193,1.5,1420.7050100085326,1720.7050100085326,2320.7050100085326,3,0,300.0
1920.7050100085326,1973.5683366695107,200.0,2120.7050100085326,2173.5683366695107,1447.1366733390216,1973.5683366695107,673.5683366695109,200.0,1.3272450663397484,1.0,1.4654490132679499,1.101339282903935,1.3272450663397484,1.479910756440975,1420.7050100085326,1920.7050100085326,2920.7050100085326,3,0,500.0
2420.7050100085326,3473.5683366695107,200.0,2620.7050100085326,3673.5683366695107,1947.1366733390216,3473.5683366695107,673.5683366695109,200.0,1.243212684119096,1.0,1.3459276104714577,1.0575776782303818,1.243212684119096,1.2726696530885426,1420.7050100085326,2420.7050100085326,4420.705010008533,3,0,1000.0
3420.7050100085326,6473.56833666951,200.0,3620.7050100085326,6673.56833666951,2947.1366733390214,6473.56833666951,673.5683366695112,200.0,1.16068760602574,1.0,1.2285500848205921,1.0308948619368241,1.16068760602574,1.1463082837905594,1420.7050100085326,3420.7050100085326,7420.705010008533,3,0,2000.0
1035.738826985471,1035.738826985471,200.0,1235.738826985471,1235.738826985471,935.738826985471,935.738826985471,300.0,300.0,1.1068674261622284,1.1068674261622284,1.320602278486685,1.320602278486685,1.1068674261622284,1.320602278486685,935.738826985471,1035.738826985471,1235.738826985471,3,1,100.0
1235.738826985471,1301.030925850916,200.0,1435.738826985471,1501.030925850916,1102.0618517018322,1301.030925850916,333.67697528363874,200.0,1.12129716229376,1.0,1.302775179785387,1.1537242474610614,1.12129716229376,1.4109878485669654,935.738826985471,1235.738826985471,1835.738826985471,3,1,300.0
1435.738826985471,1901.030925850916,200.0,1635.738826985471,2101.030925850916,1302.0618517018322,1901.030925850916,333.67697528363874,200.0,1.1026656107840953,1.0,1.2562681449022666,1.1052060738625167,1.1026656107840953,1.2812725947081665,935.738826985471,1435.738826985471,2435.738826985471,3,1,500.0
1935.738826985471,3401.030925850916,200.0,2135.738826985471,3601.030925850916,1802.0618517018322,3401.030925850916,333.67697528363874,200.0,1.0741800150518679,1.0,1.1851639969896264,1.0588056987308816,1.0741800150518679,1.1572193587157031,935.738826985471,1935.738826985471,3935.738826985471,3,1,1000.0
2935.738826985471,6401.030925850916,200.0,3135.738826985471,6601.030925850916,2802.061851701832,6401.030925850916,333.67697528363897,200.0,1.0477066468759246,1.0,1.11908265875037,1.0312449669930963,1.0477066468759246,1.0835346536094845,935.738826985471,2935.738826985471,6935.738826985471,3,1,2000.0
802.846078958828,802.846078958828,200.0,1002.846078958828,1002.846078958828,714.9903190889745,727.134559219121,287.8557598698535,275.711519739707,1.1228768523492703,1.1041231210644349,1.4026009194594875,1.379175375787113,1.1228768523492703,1.379175375787113,702.846078958828,802.846078958828,1002.846078958828,3,2,100.0
1002.846078958828,1127.134559219121,200.0,1202.846078958828,1327.134559219121,914.9903190889745,1163.5672796095605,287.8557598698535,163.5672796095605,1.096018239796601,0.9686887719954925,1.3145997874124635,1.1405739766629104,1.096018239796601,1.3775276316610323,702.846078958828,1002.846078958828,1602.846078958828,3,2,300.0
1202.846078958828,1675.711519739707,200.0,1402.846078958828,1875.711519739707,1114.9903190889745,1763.5672796095605,287.8557598698535,112.1442401301465,1.0787950876036645,0.9501829270220391,1.258168842313404,1.063589431164188,1.0787950876036645,1.2490853648898046,702.846078958828,1202.846078958828,2202.846078958828,3,2,500.0
1702.846078958828,3175.711519739707,200.0,1902.846078958828,3375.711519739707,1614.9903190889745,3263.5672796095605,287.8557598698535,112.1442401301465,1.0544001774075114,0.9730798379985094,1.1782399290369954,1.0343624722648779,1.0544001774075114,1.1346008100074532,702.846078958828,1702.846078958828,3702.846078958828,3,2,1000.0
2702.846078958828,6175.711519739707,200.0,2902.846078958828,6375.711519739707,2614.9903190889745,6263.5672796095605,287.8557598698535,112.1442401301465,1.0335969732769263,0.9859735265946836,1.1100790919830779,1.0179042125874853,1.0335969732769263,1.070132367026582,702.846078958828,2702.846078958828,6702.846078958828,3,2,2000.0
692.181472980883,692.181472980883,200.0,892.181472980883,892.181472980883,593.4845608174026,594.7876486539219,298.6969121634804,297.39382432696107,1.16630072402818,1.163745539349002,1.5032934837463792,1.5000000000000002,1.16630072402818,1.5000000000000002,592.181472980883,692.181472980883,892.181472980883,3,3,100.0
892.181472980883,1097.3938243269608,200.0,1092.181472980883,1297.3938243269608,793.4845608174026,1097.3938243269608,298.6969121634804,200.0,1.1243841620079016,1.0,1.376436955314896,1.1822499776893327,1.1243841620079016,1.359750200796007,592.181472980883,892.181472980883,1492.181472980883,3,3,300.0
1092.181472980883,1697.3938243269608,200.0,1292.181472980883,1897.3938243269608,993.4845608174026,1697.3938243269608,298.6969121634804,200.0,1.099344183146919,1.0,1.3006558168530808,1.117827693923243,1.099344183146919,1.2325845911513555,592.181472980883,1092.181472980883,2092.181472980883,3,3,500.0
1592.181472980883,3197.3938243269613,200.0,1792.181472980883,3397.393824326961,1493.4845608174026,3197.3938243269613,298.6969121634804,199.99999999999955,1.0660849899308382,1.0,1.2,1.0625509433584082,1.0660849899308382,1.1234716992477531,592.181472980883,1592.181472980883,3592.181472980883,3,3,1000.0
2592.181472980883,6197.39382432696,200.0,2792.181472980883,6397.39382432696,2493.4845608174023,6197.39382432696,298.69691216348065,200.0,1.0395819223084046,1.0,1.1197909611542023,1.032271629925297,1.0395819223084046,1.0637022044821876,592.181472980883,2592.181472980883,6592.181472980883,3,3,2000.0
691.3557130261324,691.3557130261324,200.0,891.3557130261324,891.3557130261324,592.7964275217771,594.2371420174215,298.55928550435533,297.1185710087109,1.1662616050443972,1.163434030190364,1.5036455546004237,1.5000000000000002,1.1662616050443972,1.5000000000000002,591.3557130261324,691.3557130261324,891.3557130261324,3,4,100.0
891.3557130261324,1097.1185710087107,200.0,1091.3557130261324,1297.1185710087107,792.7964275217771,1097.1185710087107,298.55928550435533,200.0,1.1243185287961557,1.0,1.3765900994756366,1.1822957019277474,1.1243185287961557,1.3593386826502745,591.3557130261324,891.3557130261324,1491.3557130261324,3,4,300.0
1091.3557130261324,1697.1185710087107,200.0,1291.3557130261324,1897.1185710087107,992.7964275217771,1697.1185710087107,298.55928550435533,200.0,1.09927441595492,1.0,1.30072558404508,1.1178468042342655,1.09927441595492,1.2322979364860172,591.3557130261324,1091.3557130261324,2091.3557130261324,3,4,500.0
1591.3557130261324,3197.118571008711,200.0,1791.3557130261324,3397.1185710087107,1492.796427521777,3197.118571008711,298.55928550435533,199.99999999999955,1.066023259224954,1.0,1.2,1.0625563286309079,1.066023259224954,1.1233101410727588,591.3557130261324,1591.3557130261324,3591.3557130261324,3,4,1000.0
2591.3557130261324,6197.11857100871,200.0,2791.3557130261324,6397.11857100871,2492.796427521777,6197.11857100871,298.55928550435556,200.0,1.0395376391012958,1.0,1.1197688195506479,1.0322730633129464,1.0395376391012958,1.0636162012232164,591.3557130261324,2591.3557130261324,6591.355713026132,3,4,2000.0
749.4513460202143,749.4513460202143,200.0,949.4513460202143,949.4513460202143,656.6725823030407,663.8938185858674,292.77876371717355,285.55752743434687,1.141286184648955,1.12887230614165,1.4458519688614961,1.4301252993175944,1.141286184648955,1.4301252993175944,649.4513460202143,749.4513460202143,949.4513460202143,3,5,100.0
949.4513460202143,1085.5575274343469,200.0,1149.4513460202143,1285.5575274343469,856.6725823030407,1178.3362911515203,292.77876371717355,107.22123628282657,1.108301310948637,0.9212629158467944,1.3417627338207556,1.0909937486335461,1.108301310948637,1.3149483366128225,649.4513460202143,949.4513460202143,1549.4513460202143,3,5,300.0
1149.4513460202143,1685.5575274343469,200.0,1349.4513460202143,1885.5575274343469,1056.6725823030406,1778.3362911515203,292.77876371717366,107.22123628282657,1.0878027548656182,0.9478283358559271,1.277076143188135,1.0602930035316311,1.0878027548656182,1.208686656576292,649.4513460202143,1149.4513460202143,2149.4513460202143,3,5,500.0
1649.4513460202143,3185.557527434347,200.0,1849.4513460202143,3385.557527434347,1556.6725823030406,3278.3362911515205,292.77876371717366,107.22123628282634,1.059600692381895,0.9716994367028207,1.1880798615236212,1.0327059907100515,1.059600692381895,1.113202253188717,649.4513460202143,1649.4513460202143,3649.4513460202143,3,5,1000.0
2649.4513460202143,6185.557527434346,200.0,2849.4513460202143,6385.557527434346,2556.6725823030406,6278.3362911515205,292.77876371717366,107.22123628282588,1.0362888718560899,0.9852223966008425,1.114515548742436,1.0170779695942602,1.0362888718560899,1.0591104135966292,649.4513460202143,2649.4513460202143,6649.451346020214,3,5,2000.0
683.9562839828432,683.9562839828432,200.0,883.9562839828432,883.9562839828432,583.9562839828432,589.3041893218954,300.0,294.6520946609478,1.171245695513293,1.1606167008075452,1.513737086539879,1.5000000000000002,1.171245695513293,1.5000000000000002,583.9562839828432,683.9562839828432,883.9562839828432,3,6,100.0
883.9562839828432,1191.9781419914216,200.0,1083.9562839828432,1391.9781419914216,689.3041893218954,1094.6520946609476,394.6520946609478,297.326047330474,1.282389252345089,1.0889104838013572,1.5725369158849705,1.2716169354451985,1.282389252345089,1.3556419352054287,583.9562839828432,883.9562839828432,1483.9562839828432,3,6,300.0
1083.9562839828432,1791.9781419914216,200.0,1283.9562839828432,1991.9781419914216,889.3041893218954,1694.6520946609476,394.6520946609478,297.326047330474,1.2188813422878084,1.0574312849446224,1.4437762684575617,1.1754496089593898,1.2188813422878084,1.2297251397784892,583.9562839828432,1083.9562839828432,2083.956283982843,3,6,500.0
1583.9562839828432,3291.9781419914216,200.0,1783.9562839828432,3491.9781419914216,1389.3041893218954,3194.652094660948,394.6520946609478,297.32604733047356,1.1401076136939854,1.0304653040289204,1.2840645682163914,1.0930699301583977,1.1401076136939854,1.1218612161156825,583.9562839828432,1583.9562839828432,3583.956283982843,3,6,1000.0
2583.956283982843,6291.978141991422,200.0,2783.956283982843,6491.978141991422,2389.3041893218956,6194.652094660947,394.65209466094757,297.32604733047447,1.0814681092222884,1.0157113015942183,1.1651744873778307,1.0479972148212704,1.0814681092222884,1.062845206376873,583.9562839828432,2583.956283982843,6583.956283982843,3,6,2000.0
684.3097110046074,684.3097110046074,200.0,884.3097110046074,884.3097110046074,586.9247591705061,586.9247591705061,297.38495183410123,297.38495183410123,1.1659240819414982,1.1659240819414982,1.5066832625265152,1.5066832625265152,1.1659240819414982,1.5066832625265152,584.3097110046074,684.3097110046074,884.3097110046074,3,7,100.0
884.3097110046074,1192.1548555023037,200.0,1084.3097110046074,1392.1548555023037,786.9247591705061,1094.7699036682025,297.38495183410123,297.38495183410123,1.1237538286846562,1.088954721451327,1.3779077330691354,1.271641511917404,1.1237538286846562,1.3558188858053086,584.3097110046074,884.3097110046074,1484.3097110046074,3,7,300.0
1084.3097110046074,1792.1548555023037,200.0,1284.3097110046074,1992.1548555023037,986.9247591705061,1694.7699036682025,297.38495183410123,297.38495183410123,1.0986751532264238,1.057462049345648,1.301324846773576,1.1754721695201418,1.0986751532264238,1.2298481973825917,584.3097110046074,1084.3097110046074,2084.3097110046074,3,7,500.0
1584.3097110046074,3292.1548555023037,200.0,1784.3097110046074,3492.1548555023037,1486.9247591705061,3194.7699036682025,297.38495183410123,297.38495183410123,1.0654942028730683,1.0304826183952356,1.2,1.0930849359425374,1.0654942028730683,1.1219304735809421,584.3097110046074,1584.3097110046074,3584.3097110046074,3,7,1000.0
2584.3097110046074,6292.154855502304,200.0,2784.3097110046074,6492.154855502304,2486.924759170506,6194.7699036682025,297.38495183410123,297.38495183410123,1.0391587849511712,1.0157205115522427,1.1195793924755857,1.048005810782093,1.0391587849511712,1.0628820462089708,584.3097110046074,2584.3097110046074,6584.309711004607,3,7,2000.0
696.3864870136604,696.3864870136604,200.0,896.3864870136604,896.3864870136604,596.9887391780503,598.1932435068302,299.39774783561006,298.1932435068302,1.166498530562676,1.1641497034155468,1.5015132249359153,1.4984898220493281,1.166498530562676,1.4984898220493281,596.3864870136604,696.3864870136604,896.3864870136604,3,8,100.0
896.3864870136604,1098.7954956712201,200.0,1096.3864870136604,1298.7954956712201,796.9887391780503,1198.1932435068302,299.39774783561006,100.60225216438994,1.1247166276629215,0.9170436418547177,1.3756612021198502,1.0839616253134183,1.1247166276629215,1.2488690744358468,596.3864870136604,896.3864870136604,1496.3864870136604,3,8,300.0
1096.3864870136604,1698.7954956712201,200.0,1296.3864870136604,1898.7954956712201,996.9887391780503,1798.1932435068302,299.39774783561006,100.60225216438994,1.0996979644098657,0.94472354503915,1.3003020355901345,1.0559462963881434,1.0996979644098657,1.16582936488255,596.3864870136604,1096.3864870136604,2096.3864870136604,3,8,500.0
1596.3864870136604,3198.79549567122,200.0,1796.3864870136604,3398.79549567122,1496.9887391780503,3298.19324350683,299.39774783561006,100.60225216438994,1.0663984606124601,0.9698629702697696,1.2,1.0305022309903904,1.0663984606124601,1.0904110891906909,596.3864870136604,1596.3864870136604,3596.3864870136604,3,8,1000.0
2596.3864870136604,6198.79549567122,200.0,2796.3864870136604,6398.79549567122,2496.9887391780503,6298.19324350683,299.39774783561006,100.60225216438994,1.0398070468945444,0.9842180536556123,1.1199035234472723,1.0159731923545068,1.0398070468945444,1.0473458390331631,596.3864870136604,2596.3864870136604,6596.38648701366,3,8,2000.0
733.0716620432213,733.0716620432213,200.0,933.0716620432213,933.0716620432213,633.0716620432213,633.0716620432213,300.0,300.0,1.1579600004164659,1.1579600004164659,1.4738800012493978,1.4738800012493978,1.1579600004164659,1.4738800012493978,633.0716620432213,733.0716620432213,933.0716620432213,3,9,100.0
933.0716620432213,1171.316426589952,200.0,1133.0716620432213,1371.316426589952,661.7552354532693,1171.316426589952,471.316426589952,200.0,1.4099951342343575,1.0,1.7122216815815954,1.1707480536085872,1.4099951342343575,1.3088450116818096,633.0716620432213,933.0716620432213,1533.0716620432213,3,9,300.0
1133.0716620432213,1771.316426589952,200.0,1333.0716620432213,1971.316426589952,861.7552354532693,1771.316426589952,471.316426589952,200.0,1.3148416341761404,1.0,1.5469260959488655,1.1129103738878716,1.3148416341761404,1.2042295944546182,633.0716620432213,1133.0716620432213,2133.0716620432213,3,9,500.0
1633.0716620432213,3271.3164265899522,200.0,1833.0716620432213,3471.3164265899522,1361.7552354532693,3271.3164265899522,471.316426589952,200.0,1.1992402302016063,1.0,1.3461095021478446,1.0611374669764007,1.1992402302016063,1.1105839938053212,633.0716620432213,1633.0716620432213,3633.0716620432213,3,9,1000.0
2633.0716620432213,6271.316426589952,200.0,2833.0716620432213,6471.316426589952,2361.755235453269,6271.316426589952,471.31642658995224,200.0,1.1148791468807229,1.0,1.1995619272966265,1.031891230866938,1.1148791468807229,1.0576840986558183,633.0716620432213,2633.0716620432213,6633.071662043221,3,9,2000.0
684.5371109899133,684.5371109899133,200.0,884.5371109899133,884.5371109899133,584.5371109899133,589.6914073266089,300.0,294.84570366330445,1.171075536727942,1.1608395552061568,1.5132266101838259,1.5,1.171075536727942,1.5,584.5371109899133,684.5371109899133,884.5371109899133,3,10,100.0
884.5371109899133,1094.8457036633044,200.0,1084.5371109899133,1294.8457036633044,689.6914073266089,1094.8457036633044,394.84570366330445,200.0,1.2825114269852484,1.0,1.572496191004917,1.1826741424209906,1.2825114269852484,1.3559327182110859,584.5371109899133,884.5371109899133,1484.5371109899133,3,10,300.0
1084.5371109899133,1694.8457036633044,200.0,1284.5371109899133,1894.8457036633044,889.6914073266089,1694.8457036633044,394.84570366330445,200.0,1.2190036928071353,1.0,1.443800738561427,1.1180048423096642,1.2190036928071353,1.229927365355038,584.5371109899133,1084.5371109899133,2084.5371109899133,3,10,500.0
1584.5371109899133,3194.8457036633044,200.0,1784.5371109899133,3394.8457036633044,1389.691407326609,3194.8457036633044,394.84570366330445,200.0,1.1402078926559207,1.0,1.2841247355935523,1.0626008322626266,1.1402078926559207,1.1219750321211999,584.5371109899133,1584.5371109899133,3584.5371109899133,3,10,1000.0
2584.5371109899133,6194.845703663304,200.0,2784.5371109899133,6394.845703663304,2389.691407326609,6194.845703663304,394.84570366330445,200.0,1.0815359268003906,1.0,1.1652287414403124,1.0322849041876427,1.0815359268003906,1.0629057487414362,584.5371109899133,2584.5371109899133,6584.537110989913,3,10,2000.0
755.4191900067963,755.4191900067963,200.0,955.4191900067963,955.4191900067963,661.7878771486825,668.1565642905688,293.6313128581138,287.2626257162275,1.1414823632936961,1.1306020630192875,1.4436940037693442,1.429933104108968,1.1414823632936961,1.429933104108968,655.4191900067963,755.4191900067963,955.4191900067963,3,11,100.0
955.4191900067963,1087.2626257162274,200.0,1155.4191900067963,1287.2626257162274,861.7878771486825,1087.2626257162274,293.6313128581138,200.0,1.1086477488728468,1.0,1.3407234200481266,1.1839481973072066,1.1086477488728468,1.4305827802939273,655.4191900067963,955.4191900067963,1555.4191900067963,3,11,300.0
1155.4191900067963,1687.2626257162274,200.0,1355.4191900067963,1887.2626257162274,1061.7878771486826,1687.2626257162274,293.6313128581137,200.0,1.0881826915462158,1.0,1.2765442318352975,1.1185351924186087,1.0881826915462158,1.2774651421510868,655.4191900067963,1155.4191900067963,2155.4191900067963,3,11,500.0
1655.4191900067963,3187.2626257162274,200.0,1855.4191900067963,3387.2626257162274,1561.7878771486826,3187.2626257162274,293.6313128581137,200.0,1.0599513635802156,1.0,1.188009727283957,1.0627497710374767,1.0599513635802156,1.1468835860946247,655.4191900067963,1655.4191900067963,3655.4191900067963,3,11,1000.0
2655.4191900067963,6187.262625716227,200.0,2855.4191900067963,6387.262625716227,2561.7878771486826,6187.262625716227,293.6313128581137,200.0,1.0365492060030852,1.0,1.114619682401234,1.0323244724037957,1.0365492060030852,1.0756645697153313,655.4191900067963,2655.4191900067963,6655.419190006796,3,11,2000.0
689.1977150458843,689.1977150458843,200.0,889.1977150458843,889.1977150458843,590.9980958715703,594.5988575229421,298.19961917431397,294.5988575229421,1.166158943421797,1.1590969379205243,1.504569509203826,1.4954581627523145,1.166158943421797,1.4954581627523145,589.1977150458843,689.1977150458843,889.1977150458843,3,12,100.0
889.1977150458843,1194.5988575229421,200.0,1089.1977150458843,1394.5988575229421,790.9980958715703,1194.5988575229421,298.19961917431397,200.0,1.1241464672125558,1.0,1.3769915765040361,1.1674202170381358,1.1241464672125558,1.246609023328389,589.1977150458843,889.1977150458843,1489.1977150458843,3,12,300.0
1089.1977150458843,1794.5988575229421,200.0,1289.1977150458843,1994.5988575229421,990.9980958715703,1794.5988575229421,298.19961917431397,200.0,1.0990916325504627,1.0,1.300908367449537,1.1114455184018432,1.0990916325504627,1.1641586119861753,589.1977150458843,1089.1977150458843,2089.1977150458843,3,12,500.0
1589.1977150458843,3294.598857522942,200.0,1789.1977150458843,3494.598857522942,1490.9980958715703,3294.598857522942,298.19961917431397,200.0,1.065861666387247,1.0,1.2,1.060705417760744,1.065861666387247,1.0894187335888406,589.1977150458843,1589.1977150458843,3589.1977150458843,3,12,1000.0
2589.1977150458843,6294.598857522942,200.0,2789.1977150458843,6494.598857522942,2490.99809587157,6294.598857522942,298.1996191743142,200.0,1.0394217961615724,1.0,1.1197108980807862,1.0317732717408945,1.0394217961615724,1.0468018477731673,589.1977150458843,2589.1977150458843,6589.197715045884,3,12,2000.0
735.2326740161516,735.2326740161516,200.0,935.2326740161516,935.2326740161516,635.2326740161516,635.2326740161516,300.0,300.0,1.1574226328248622,1.1574226328248622,1.4722678984745865,1.4722678984745865,1.1574226328248622,1.4722678984745865,635.2326740161516,735.2326740161516,935.2326740161516,3,13,100.0
935.2326740161516,1081.4950497189004,200.0,1135.2326740161516,1281.4950497189004,753.7376242972512,1081.4950497189004,381.4950497189004,200.0,1.2407934059124588,1.0,1.506137729391694,1.1849291867327396,1.2407934059124588,1.41954664925668,635.2326740161516,935.2326740161516,1535.2326740161516,3,13,300.0
1135.2326740161516,1681.4950497189004,200.0,1335.2326740161516,1881.4950497189004,953.7376242972512,1681.4950497189004,381.4950497189004,200.0,1.1902987206283622,1.0,1.4,1.118941771510677,1.1902987206283622,1.2698417841748053,635.2326740161516,1135.2326740161516,2135.2326740161516,3,13,500.0
1635.2326740161516,3181.4950497189,200.0,1835.2326740161516,3381.4950497189,1453.7376242972512,3181.4950497189,381.4950497189004,200.0,1.1248471847226467,1.0,1.2624235923613234,1.0628635270130848,1.1248471847226467,1.1426177370093162,635.2326740161516,1635.2326740161516,3635.2326740161516,3,13,1000.0
2635.2326740161516,6181.4950497189,200.0,2835.2326740161516,6381.4950497189,2453.7376242972514,6181.4950497189,381.4950497189002,200.0,1.0739667713131635,1.0,1.1554750784848726,1.0323546323973996,1.0739667713131635,1.0734025701950347,635.2326740161516,2635.2326740161516,6635.232674016152,3,13,2000.0
687.7881229971536,689.8234358309613,200.0,887.7881229971536,889.8234358309613,589.8234358309613,591.858748664769,297.9646871661922,297.96468716619233,1.166091547427539,1.16552038368479,1.5051760731521466,1.50343884894563,1.166091547427539,1.5,587.7881229971536,687.7881229971536,887.7881229971536,3,14,100.0
887.7881229971536,1193.8940614985768,200.0,1087.7881229971536,1393.8940614985768,789.8234358309613,1095.9293743323844,297.9646871661922,297.96468716619233,1.1240336545130811,1.089389598874353,1.3772548061361436,1.2718831104857515,1.1240336545130811,1.357558395497411,587.7881229971536,887.7881229971536,1487.7881229971536,3,14,300.0
1087.7881229971536,1793.8940614985768,200.0,1287.7881229971536,1993.8940614985768,989.8234358309613,1695.9293743323844,297.9646871661922,297.96468716619233,1.0989718808627222,1.0577646030836378,1.3010281191372777,1.1756940422613344,1.0989718808627222,1.231058412334551,587.7881229971536,1087.7881229971536,2087.7881229971536,3,14,500.0
1587.7881229971536,3293.894061498577,200.0,1787.7881229971536,3493.894061498577,1489.8234358309614,3195.929374332384,297.9646871661921,297.96468716619256,1.0657559042300548,1.0306529574630092,1.2,1.093232563134608,1.0657559042300548,1.122611829852037,587.7881229971536,1587.7881229971536,3587.7881229971536,3,14,1000.0
2587.7881229971536,6293.894061498577,200.0,2787.7881229971536,6493.894061498577,2489.8234358309614,6195.929374332385,297.9646871661921,297.96468716619165,1.039346037858101,1.0158111368363922,1.1196730189290505,1.0480903943806328,1.039346037858101,1.0632445473455694,587.7881229971536,2587.7881229971536,6587.788122997154,3,14,2000.0
809.2929479549639,809.2929479549639,200.0,1009.2929479549639,1009.2929479549639,720.6313294605934,731.9697109662229,288.6616184943705,277.323236988741,1.1230332555215652,1.1056372085214727,1.4005676782196512,1.3788725582957055,1.1230332555215652,1.3788725582957055,709.2929479549639,809.2929479549639,1009.2929479549639,3,15,100.0
1009.2929479549639,1165.9848554831115,200.0,1209.292947954964,1365.9848554831115,920.6313294605934,1165.9848554831115,288.6616184943705,200.0,1.0963052371314783,1.0,1.3135474638512465,1.171528814512031,1.0963052371314783,1.3802005578264336,709.2929479549639,1009.2929479549639,1609.292947954964,3,15,300.0
1209.292947954964,1765.9848554831115,200.0,1409.292947954964,1965.9848554831115,1120.6313294605934,1765.9848554831115,288.6616184943705,200.0,1.0791175618274451,1.0,1.2575883887105987,1.1132512543236317,1.0791175618274451,1.2510259876212693,709.2929479549639,1209.292947954964,2209.292947954964,3,15,500.0
1709.292947954964,3265.9848554831115,200.0,1909.292947954964,3465.9848554831115,1620.6313294605934,3265.9848554831115,288.6616184943705,200.0,1.0547080738738281,1.0,1.1781167704504687,1.061237271098863,1.0547080738738281,1.1357348891950931,709.2929479549639,1709.292947954964,3709.292947954964,3,15,1000.0
2709.292947954964,6265.9848554831115,200.0,2909.292947954964,6465.9848554831115,2620.6313294605934,6265.9848554831115,288.6616184943705,200.0,1.0338321600210052,1.0,1.1101496480063016,1.0319183663243279,1.0338321600210052,1.0707483504502777,709.2929479549639,2709.292947954964,6709.292947954964,3,15,2000.0
749.2814550292678,749.2814550292678,200.0,949.2814550292678,949.2814550292678,656.5269614536581,663.7724678780485,292.7544935756097,285.50898715121934,1.1412805551355212,1.1288227386480414,1.4459138935092677,1.4301308068168843,1.1412805551355212,1.4301308068168843,649.2814550292678,749.2814550292678,949.2814550292678,3,16,100.0
949.2814550292678,1085.5089871512193,200.0,1149.2814550292678,1285.5089871512193,856.5269614536581,1178.2634807268291,292.7544935756097,107.24550642439021,1.108291388070483,0.9212786485426903,1.3417925024552178,1.0910199697933727,1.108291388070483,1.3148854058292385,649.2814550292678,949.2814550292678,1549.2814550292678,3,16,300.0
1149.2814550292678,1685.5089871512193,200.0,1349.2814550292678,1885.5089871512193,1056.5269614536583,1778.2634807268291,292.75449357560956,107.24550642439021,1.08779188507219,0.9478398479297915,1.2770913608989338,1.0603091204350414,1.08779188507219,1.2086406082808339,649.2814550292678,1149.2814550292678,2149.281455029268,3,16,500.0
1649.2814550292678,3185.508987151219,200.0,1849.2814550292678,3385.508987151219,1556.5269614536583,3278.263480726829,292.75449357560956,107.24550642438999,1.0595906758267684,0.9717062114985812,1.1880818648346463,1.0327141204649641,1.0595906758267684,1.113175154005675,649.2814550292678,1649.2814550292678,3649.281455029268,3,16,1000.0
2649.281455029268,6185.508987151219,200.0,2849.281455029268,6385.508987151219,2556.5269614536583,6278.26348072683,292.75449357560956,107.24550642438953,1.036281445482143,0.9852260909628354,1.114512578192857,1.0170820333924524,1.036281445482143,1.0590956361486576,649.2814550292678,2649.281455029268,6649.281455029268,3,16,2000.0
730.6043300428428,730.6043300428428,200.0,930.6043300428428,930.6043300428428,640.5179971795795,650.4316643163163,290.08633286326324,280.1726657265265,1.1406460603135966,1.123260705351419,1.452893336550437,1.430748810516509,1.1406460603135966,1.430748810516509,630.6043300428428,730.6043300428428,930.6043300428428,3,17,100.0
930.6043300428428,1170.2589985897898,200.0,1130.6043300428428,1370.2589985897898,840.5179971795795,1170.2589985897898,290.08633286326324,200.0,1.107179540670818,1.0,1.3451280446542127,1.1709023389189985,1.107179540670818,1.3079192998193425,630.6043300428428,930.6043300428428,1530.6043300428428,3,17,300.0
1130.6043300428428,1770.2589985897898,200.0,1330.6043300428428,1970.2589985897898,1040.5179971795797,1770.2589985897898,290.0863328632631,200.0,1.0865783514628775,1.0,1.2787903079519711,1.1129778185900043,1.0865783514628775,1.20355514743329,630.6043300428428,1130.6043300428428,2130.604330042843,3,17,500.0
1630.6043300428428,3270.25899858979,200.0,1830.6043300428428,3470.25899858979,1540.5179971795797,3270.25899858979,290.0863328632631,200.0,1.058477948993907,1.0,1.1883044102012186,1.0611572355847791,1.058477948993907,1.1101886216377486,630.6043300428428,1630.6043300428428,3630.604330042843,3,17,1000.0
2630.604330042843,6270.25899858979,200.0,2830.604330042843,6470.25899858979,2540.5179971795797,6270.25899858979,290.0863328632631,200.0,1.035459828650407,1.0,1.1141839314601627,1.0318966090627166,1.035459828650407,1.0574689708246654,630.6043300428428,2630.604330042843,6630.604330042843,3,17,2000.0
750.5707009928301,750.5707009928301,200.0,950.5707009928301,950.5707009928301,657.6320294224257,664.6933578520216,292.9386715704044,285.87734314080853,1.1413232133052111,1.1291984373340573,1.4454446536426788,1.430089062518438,1.1413232133052111,1.430089062518438,650.5707009928301,750.5707009928301,950.5707009928301,3,18,100.0
950.5707009928301,1085.8773431408085,200.0,1150.57070099283,1285.8773431408085,857.6320294224257,1085.8773431408085,292.9386715704044,200.0,1.1083666052362737,1.0,1.3415668509578456,1.184182864909509,1.1083666052362737,1.427942769768025,650.5707009928301,950.5707009928301,1550.57070099283,3,18,300.0
1150.57070099283,1685.8773431408085,200.0,1350.57070099283,1885.8773431408085,1057.6320294224256,1685.8773431408085,292.9386715704045,200.0,1.0878742974729674,1.0,1.276975983537846,1.1186325925867167,1.0878742974729674,1.2756388889990613,650.5707009928301,1150.57070099283,2150.57070099283,3,18,500.0
1650.57070099283,3185.8773431408085,200.0,1850.57070099283,3385.8773431408085,1557.6320294224256,3185.8773431408085,292.9386715704045,200.0,1.059666641295805,1.0,1.1880666717408392,1.0627770558808862,1.059666641295805,1.145860404466765,650.5707009928301,1650.57070099283,3650.57070099283,3,18,1000.0
2650.57070099283,6185.877343140808,200.0,2850.57070099283,6385.877343140808,2557.6320294224256,6185.877343140808,292.9386715704045,200.0,1.03633778061162,1.0,1.114535112244648,1.0323317112360415,1.03633778061162,1.0751216572968902,650.5707009928301,2650.57070099283,6650.57070099283,3,18,2000.0
751.0838909889571,751.0838909889571,200.0,951.0838909889571,951.0838909889571,658.0719065619633,665.0599221349694,293.0119844269939,286.02396885398775,1.1413401537119652,1.1293476963366464,1.445258309168383,1.430072478184817,1.1413401537119652,1.430072478184817,651.0838909889571,751.0838909889571,951.0838909889571,3,19,100.0
951.0838909889571,1086.0239688539878,200.0,1151.0838909889571,1286.0239688539878,858.0719065619633,1086.0239688539878,293.0119844269939,200.0,1.1083964918507412,1.0,1.3414771911144427,1.18415799810666,1.1083964918507412,1.4282225213000757,651.0838909889571,951.0838909889571,1551.0838909889571,3,19,300.0
1151.0838909889571,1686.0239688539878,200.0,1351.0838909889571,1886.0239688539878,1058.0719065619633,1686.0239688539878,293.0119844269939,200.0,1.0879070541899383,1.0,1.2769301241340862,1.1186222756583601,1.0879070541899383,1.275832331405749,651.0838909889571,1151.0838909889571,2151.083890988957,3,19,500.0
1651.0838909889571,3186.0239688539878,200.0,1851.0838909889571,3386.0239688539878,1558.0719065619633,3186.0239688539878,293.0119844269939,200.0,1.0596968496994685,1.0,1.1880606300601062,1.06277416678442,1.0596968496994685,1.1459687455842498,651.0838909889571,1651.0838909889571,3651.083890988957,3,19,1000.0
2651.083890988957,6186.023968853988,200.0,2851.083890988957,6386.023968853988,2558.0719065619633,6186.023968853988,293.0119844269939,200.0,1.0363601915131468,1.0,1.1145440766052588,1.0323309448859204,1.0363601915131468,1.0751791335559804,651.0838909889571,2651.083890988957,6651.083890988957,3,19,2000.0
798.2058929861523,798.2058929861523,200.0,998.2058929861523,998.2058929861523,710.9301563628833,710.9301563628833,287.27573662326904,287.27573662326904,1.1227627437690524,1.1227627437690524,1.404084331002318,1.404084331002318,1.1227627437690524,1.404084331002318,698.2058929861523,798.2058929861523,998.2058929861523,3,20,100.0
998.2058929861523,1161.8272098698071,200.0,1198.2058929861523,1361.8272098698071,910.9301563628833,1161.8272098698071,287.27573662326904,200.0,1.0958094712461153,1.0,1.315365272097577,1.1721426373052597,1.0958094712461153,1.3755968868772193,698.2058929861523,998.2058929861523,1598.2058929861523,3,20,300.0
1198.2058929861523,1761.8272098698071,200.0,1398.2058929861523,1961.8272098698071,1110.9301563628833,1761.8272098698071,287.27573662326904,200.0,1.0785609573413728,1.0,1.258590276785529,1.1135185101465082,1.0785609573413728,1.2476852898353137,698.2058929861523,1198.2058929861523,2198.2058929861523,3,20,500.0
1698.2058929861523,3261.827209869807,200.0,1898.2058929861523,3461.827209869807,1610.9301563628833,3261.827209869807,287.27573662326904,200.0,1.0541772318796974,1.0,1.178329107248121,1.0613153263897086,1.0541772318796974,1.1337835069239497,698.2058929861523,1698.2058929861523,3698.2058929861523,3,20,1000.0
2698.2058929861523,6261.827209869807,200.0,2898.2058929861523,6461.827209869807,2610.9301563628833,6261.827209869807,287.27573662326904,200.0,1.0334270667526577,1.0,1.1100281200257973,1.0319395590610936,1.0334270667526577,1.069688713611984,698.2058929861523,2698.2058929861523,6698.205892986152,3,20,2000.0
750.7429360062815,757.7796594339555,200.0,950.7429360062815,957.7796594339555,657.7796594339555,664.8163828616297,292.963276572326,292.96327657232587,1.141328901310698,1.1398330109919608,1.445382085582324,1.4406679560321565,1.141328901310698,1.4300834945040195,650.7429360062815,750.7429360062815,950.7429360062815,3,21,100.0
950.7429360062815,1178.8898297169778,200.0,1150.7429360062815,1378.8898297169778,857.7796594339555,1178.8898297169778,292.963276572326,200.0,1.1083766390936245,1.0,1.3415367493857933,1.1696511369921776,1.1083766390936245,1.3154265113802672,650.7429360062815,950.7429360062815,1550.7429360062815,3,21,300.0
1150.7429360062815,1778.8898297169778,200.0,1350.7429360062815,1978.8898297169778,1057.7796594339557,1778.8898297169778,292.96327657232587,200.0,1.0878852942039676,1.0,1.2769605881144452,1.112429671955469,1.0878852942039676,1.2090366137786428,650.7429360062815,1150.7429360062815,2150.7429360062815,3,21,500.0
1650.7429360062815,3278.889829716978,200.0,1850.7429360062815,3478.889829716978,1557.7796594339557,3278.889829716978,292.96327657232587,200.0,1.05967678163554,1.0,1.1880646436728919,1.0609962549480545,1.05967678163554,1.113408234372242,650.7429360062815,1650.7429360062815,3650.7429360062815,3,21,1000.0
2650.7429360062815,6278.889829716978,200.0,2850.7429360062815,6478.889829716978,2557.7796594339557,6278.889829716978,292.96327657232587,200.0,1.0363453029386038,1.0,1.1145381211754415,1.0318527646485263,1.0363453029386038,1.059222747392283,650.7429360062815,2650.7429360062815,6650.7429360062815,3,21,2000.0
804.8209700151347,804.8209700151347,200.0,1004.8209700151347,1004.8209700151347,716.7183487632428,728.615727511351,288.10262125189183,276.20524250378367,1.1229250254356125,1.1045890716140168,1.4019746693370372,1.3790821856771966,1.1229250254356125,1.3790821856771966,704.8209700151347,804.8209700151347,1004.8209700151347,3,22,100.0
1004.8209700151347,1128.615727511351,200.0,1204.8209700151347,1328.615727511351,916.7183487632428,1164.3078637556755,288.10262125189183,164.3078637556755,1.096106531925266,0.9693447606467301,1.3142760496073576,1.1411206338722752,1.096106531925266,1.3783476174750793,704.8209700151347,1004.8209700151347,1604.8209700151347,3,22,300.0
1204.8209700151347,1676.2052425037837,200.0,1404.8209700151347,1876.2052425037837,1116.7183487632428,1764.3078637556755,288.10262125189183,111.89737874810817,1.0788942183581607,0.9500639185134344,1.257990406955311,1.0634228192521415,1.0788942183581607,1.2496804074328278,704.8209700151347,1204.8209700151347,2204.8209700151347,3,22,500.0
1704.8209700151347,3176.2052425037837,200.0,1904.8209700151347,3376.2052425037837,1616.7183487632428,3264.3078637556755,288.10262125189183,111.89737874810817,1.0544947246496512,0.973010321045354,1.1782021101401394,1.0342790519210916,1.0544947246496512,1.1349483947732297,704.8209700151347,1704.8209700151347,3704.8209700151347,3,22,1000.0
2704.8209700151347,6176.205242503784,200.0,2904.8209700151347,6376.205242503784,2616.718348763243,6264.3078637556755,288.10262125189183,111.89737874810817,1.0336691265582834,0.9859357772369969,1.110100737967485,1.01786268829403,1.0336691265582834,1.0703211138150155,704.8209700151347,2704.8209700151347,6704.820970015135,3,22,2000.0
789.9805440334603,789.9805440334603,200.0,989.9805440334603,989.9805440334603,689.9805440334603,689.9805440334603,300.0,300.0,1.1449316228765294,1.1449316228765294,1.434794868629588,1.434794868629588,1.1449316228765294,1.434794868629588,689.9805440334603,789.9805440334603,989.9805440334603,3,23,100.0
989.9805440334603,1158.7427040125476,200.0,1189.9805440334603,1358.7427040125476,731.2378400209127,1072.495136008365,458.7427040125476,286.24756800418254,1.3538420604780899,1.0804176775338865,1.6273508821691012,1.266898709741048,1.3538420604780899,1.4825060652033195,689.9805440334603,989.9805440334603,1589.9805440334603,3,23,300.0
1189.9805440334603,1758.7427040125476,200.0,1389.9805440334603,1958.7427040125476,931.2378400209127,1672.495136008365,458.7427040125476,286.24756800418254,1.2778481424323749,1.0515682025898287,1.4926160474774584,1.1711500152325411,1.2778481424323749,1.3094092155389725,689.9805440334603,1189.9805440334603,2189.9805440334603,3,23,500.0
1689.9805440334603,3258.7427040125476,200.0,1889.9805440334603,3458.7427040125476,1431.2378400209127,3172.495136008365,458.7427040125476,286.24756800418254,1.180782464505527,1.0271860363236678,1.3205216430036846,1.0902278981471787,1.180782464505527,1.1631162179420063,689.9805440334603,1689.9805440334603,3689.9805440334603,3,23,1000.0
2689.9805440334603,6258.742704012548,200.0,2889.9805440334603,6458.742704012548,2431.2378400209127,6172.495136008365,458.7427040125476,286.24756800418254,1.1064242665827881,1.0139728855355497,1.18868688881899,1.0463746931665132,1.1064242665827881,1.0838373132132986,689.9805440334603,2689.9805440334603,6689.98054403346,3,23,2000.0
586.9044883040867,686.9044883040867,200.0,786.9044883040867,886.9044883040867,584.285385964904,589.5235906432692,202.61910233918275,297.3808976608175,1.0044825737594951,1.1651857520316677,1.3467810546118184,1.5044427439049979,1.1711492404261616,1.5000000000000002,584.285385964904,684.285385964904,884.285385964904,3,24,100.0
786.9044883040867,1094.7617953216345,200.0,986.9044883040867,1294.7617953216345,689.5235906432692,1094.7617953216345,297.3808976608175,200.0,1.1412292472400676,1.0,1.4312845879332212,1.1826881435346774,1.282458494480135,1.3558067081879028,584.285385964904,884.285385964904,1484.285385964904,3,24,300.0
986.9044883040867,1694.7617953216345,200.0,1186.9044883040867,1894.7617953216345,889.5235906432692,1694.7617953216345,297.3808976608175,200.0,1.1094753401541553,1.0,1.3343147959075072,1.1180106847771156,1.2189506803083103,1.2298397283432656,584.285385964904,1084.285385964904,2084.285385964904,3,24,500.0
1486.9044883040867,3194.761795321635,200.0,1686.9044883040867,3394.7617953216345,1389.5235906432692,3194.761795321635,297.3808976608175,199.99999999999955,1.0700822197741426,1.0,1.2140164439548287,1.0626024764327897,1.1401644395482853,1.1219257070163047,584.285385964904,1584.285385964904,3584.285385964904,3,24,1000.0
2486.9044883040865,6194.761795321634,200.0,2686.904488304087,6394.761795321634,2389.5235906432695,6194.761795321634,297.3808976608175,200.0,1.0407532689956,1.0,1.12445196139736,1.0322853414881978,1.0815065379912001,1.0628795107081346,584.285385964904,2584.285385964904,6584.285385964904,3,24,2000.0
682.4931699899025,682.4931699899025,200.0,882.4931699899025,882.4931699899025,585.4109749915855,588.3287799932683,297.08219499831705,294.1643899966342,1.1658359667748157,1.160054026249934,1.5074762990266577,1.5,1.1658359667748157,1.5,582.4931699899025,682.4931699899025,882.4931699899025,3,25,100.0
882.4931699899025,1191.2465849949513,200.0,1082.4931699899025,1391.2465849949513,785.4109749915855,1094.164389996634,297.08219499831705,297.08219499831716,1.1236068734580098,1.0887272478302972,1.3782506285979768,1.2715151376834983,1.1236068734580098,1.354908991321188,582.4931699899025,882.4931699899025,1482.4931699899025,3,25,300.0
1082.4931699899025,1791.2465849949513,200.0,1282.4931699899025,1991.2465849949513,985.4109749915855,1694.164389996634,297.08219499831705,297.08219499831716,1.0985194984246507,1.0573038812358169,1.3014805015753492,1.1753561795729324,1.0985194984246507,1.229215524943267,582.4931699899025,1082.4931699899025,2082.4931699899025,3,25,500.0
1582.4931699899025,3291.2465849949513,200.0,1782.4931699899025,3491.2465849949513,1485.4109749915856,3194.164389996634,297.08219499831694,297.0821949983174,1.0653571278473062,1.0303936125837343,1.2,1.0930077975725696,1.0653571278473062,1.1215744503349365,582.4931699899025,1582.4931699899025,3582.4931699899025,3,25,1000.0
2582.4931699899025,6291.246584994951,200.0,2782.4931699899025,6491.246584994951,2485.4109749915856,6194.164389996635,297.08219499831694,297.0821949983165,1.0390608217213033,1.015673170566009,1.1195304108606516,1.0479616258616085,1.0390608217213033,1.0626926822640363,582.4931699899025,2582.4931699899025,6582.4931699899025,3,25,2000.0
696.0744780022651,696.0744780022651,200.0,896.0744780022651,896.0744780022651,596.7287316685542,597.3829853348434,299.34574633371085,298.6914926674217,1.166483933253764,1.1652064004000775,1.5016446007161237,1.5,1.166483933253764,1.5,596.0744780022651,696.0744780022651,896.0744780022651,3,26,100.0
896.0744780022651,1098.6914926674217,200.0,1096.074478002265,1298.6914926674217,796.7287316685542,1098.6914926674217,299.34574633371085,200.0,1.1246920593985048,1.0,1.3757185280701552,1.182034721607279,1.1246920593985048,1.3616875055344884,596.0744780022651,896.0744780022651,1496.074478002265,3,26,300.0
1096.074478002265,1698.6914926674217,200.0,1296.074478002265,1898.6914926674217,996.7287316685542,1698.6914926674217,299.34574633371085,200.0,1.0996717995350682,1.0,1.300328200464932,1.117737682718328,1.0996717995350682,1.2339347592250791,596.0744780022651,1096.074478002265,2096.074478002265,3,26,500.0
1596.074478002265,3198.6914926674217,200.0,1796.074478002265,3398.6914926674217,1496.7287316685542,3198.6914926674217,299.34574633371085,200.0,1.0663752517284546,1.0,1.2,1.0625255672385017,1.0663752517284546,1.1242329828449513,596.0744780022651,1596.074478002265,3596.074478002265,3,26,1000.0
2596.074478002265,6198.691492667422,200.0,2796.074478002265,6398.691492667422,2496.7287316685542,6198.691492667422,299.34574633371085,200.0,1.039790364517221,1.0,1.1198951822586105,1.0322648740039062,1.039790364517221,1.0641075597656242,596.0744780022651,2596.074478002265,6596.074478002265,3,26,2000.0
682.5202609994449,682.5202609994449,200.0,882.5202609994449,882.5202609994449,585.4335508328708,588.3468406662965,297.0867101665741,294.17342033314833,1.1658372842288474,1.1600644616813067,1.5074644419403735,1.5,1.1658372842288474,1.5,582.5202609994449,682.5202609994449,882.5202609994449,3,27,100.0
882.5202609994449,1191.2601304997224,200.0,1082.5202609994449,1391.2601304997224,785.4335508328708,1094.1734203331482,297.0867101665741,297.0867101665742,1.123609069237778,1.088730642110657,1.3782455051118512,1.2715170233948097,1.123609069237778,1.3549225684426285,582.5202609994449,882.5202609994449,1482.5202609994449,3,27,300.0
1082.5202609994449,1791.2601304997224,200.0,1282.5202609994449,1991.2601304997224,985.4335508328708,1694.1734203331482,297.0867101665741,297.0867101665742,1.0985218232974898,1.0573062409086094,1.30147817670251,1.175357909999647,1.0985218232974898,1.2292249636344377,582.5202609994449,1082.5202609994449,2082.520260999445,3,27,500.0
1582.5202609994449,3291.2601304997224,200.0,1782.5202609994449,3491.2601304997224,1485.4335508328709,3194.173420333148,297.086710166574,297.08671016657445,1.065359174169816,1.0303949402210129,1.2,1.0930089481915446,1.065359174169816,1.1215797608840514,582.5202609994449,1582.5202609994449,3582.520260999445,3,27,1000.0
2582.520260999445,6291.260130499722,200.0,2782.520260999445,6491.260130499722,2485.433550832871,6194.173420333149,297.086710166574,297.08671016657354,1.0390622835738417,1.0156738766544497,1.119531141786921,1.0479622848774865,1.0390622835738417,1.0626955066177997,582.5202609994449,2582.520260999445,6582.520260999445,3,27,2000.0
771.6177329653874,771.6177329653874,200.0,971.6177329653874,971.6177329653874,671.6177329653874,671.6177329653874,300.0,300.0,1.1488942222512066,1.1488942222512066,1.4466826667536201,1.4466826667536201,1.1488942222512066,1.4466826667536201,671.6177329653874,771.6177329653874,971.6177329653874,3,28,100.0
971.6177329653874,1235.8088664826937,200.0,1171.6177329653874,1435.8088664826937,803.7132997240406,1067.9044332413469,367.90443324134685,367.90443324134685,1.2089108557728208,1.157227957872332,1.457755810893846,1.3445106339007025,1.2089108557728208,1.4716838736169955,671.6177329653874,971.6177329653874,1571.6177329653874,3,28,300.0
1171.6177329653874,1835.8088664826937,200.0,1371.6177329653874,2035.8088664826937,1003.7132997240406,1667.9044332413469,367.90443324134685,367.90443324134685,1.1672832603568273,1.100667897929288,1.3665433479286346,1.2205788448720496,1.1672832603568273,1.302003693787864,671.6177329653874,1171.6177329653874,2171.6177329653874,3,28,500.0
1671.6177329653874,3335.8088664826937,200.0,1871.6177329653874,3535.8088664826937,1503.7132997240406,3167.904433241347,367.90443324134685,367.90443324134685,1.1116598711151657,1.0530017356203987,1.2446639484460662,1.1161349532457054,1.1116598711151657,1.159005206861196,671.6177329653874,1671.6177329653874,3671.6177329653874,3,28,1000.0
2671.6177329653874,6335.808866482694,200.0,2871.6177329653874,6535.808866482694,2503.7132997240406,6167.904433241347,367.90443324134685,367.90443324134685,1.067062164529722,1.027222281904441,1.1469435151708054,1.0596482058409595,1.067062164529722,1.0816668457133227,671.6177329653874,2671.6177329653874,6671.617732965387,3,28,2000.0
694.9594400008209,695.7995333340175,200.0,894.9594400008209,895.7995333340175,595.7995333340175,596.6396266672139,299.1599066668034,299.15990666680364,1.166431662193351,1.1661973195121211,1.5021150402598389,1.5014080414636377,1.166431662193351,1.5000000000000002,594.9594400008209,694.9594400008209,894.9594400008209,3,29,100.0
894.9594400008209,1098.3198133336068,200.0,1094.959440000821,1298.3198133336068,795.7995333340175,1098.3198133336068,299.1599066668034,200.0,1.1246041276895087,1.0,1.3759237020578126,1.1820963234679,1.1246041276895087,1.3611330887889006,594.9594400008209,894.9594400008209,1494.959440000821,3,29,300.0
1094.959440000821,1698.3198133336068,200.0,1294.959440000821,1898.3198133336068,995.7995333340175,1698.3198133336068,299.1599066668034,200.0,1.0995781814988486,1.0,1.3004218185011513,1.1177634497518008,1.0995781814988486,1.2335482537229876,594.9594400008209,1094.959440000821,2094.959440000821,3,29,500.0
1594.959440000821,3198.3198133336073,200.0,1794.959440000821,3398.319813333607,1495.7995333340175,3198.3198133336073,299.1599066668034,199.99999999999955,1.0662922433501392,1.0,1.2,1.0625328333852704,1.0662922433501392,1.124014998441884,594.9594400008209,1594.959440000821,3594.959440000821,3,29,1000.0
2594.959440000821,6198.319813333606,200.0,2794.959440000821,6398.319813333606,2495.7995333340173,6198.319813333606,299.15990666680364,200.0,1.0397307176888284,1.0,1.1198653588444143,1.0322668087519085,1.0397307176888284,1.0639914748854968,594.9594400008209,2594.959440000821,6594.959440000821,3,29,2000.0
786.4245250471868,786.4245250471868,200.0,986.4245250471868,986.4245250471868,686.4245250471868,686.4245250471868,300.0,300.0,1.1456824404593144,1.1456824404593144,1.4370473213779433,1.4370473213779433,1.1456824404593144,1.4370473213779433,686.4245250471868,786.4245250471868,986.4245250471868,3,30,100.0
986.4245250471868,1157.409196892695,200.0,1186.4245250471868,1357.409196892695,814.8183937853901,1157.409196892695,371.6061312617967,200.0,1.2106065996676494,1.0,1.4560600669990174,1.1727997328316913,1.2106065996676494,1.3706686704289825,686.4245250471868,986.4245250471868,1586.4245250471868,3,30,300.0
1186.4245250471868,1757.409196892695,200.0,1386.4245250471868,1957.409196892695,1014.8183937853901,1757.409196892695,371.6061312617967,200.0,1.169100335895259,1.0,1.3661799328209483,1.1138038883338175,1.169100335895259,1.244118062493949,686.4245250471868,1186.4245250471868,2186.4245250471868,3,30,500.0
1686.4245250471868,3257.409196892695,200.0,1886.4245250471868,3457.409196892695,1514.81839378539,3257.409196892695,371.6061312617967,200.0,1.1132849534741711,1.0,1.2453139813896685,1.0613984881576388,1.1132849534741711,1.1317044627256956,686.4245250471868,1686.4245250471868,3686.4245250471868,3,30,1000.0
2686.4245250471868,6257.409196892695,200.0,2886.4245250471868,6457.409196892695,2514.81839378539,6257.409196892695,371.6061312617967,200.0,1.0682379815917797,1.0,1.147766587114246,1.0319621098296266,1.0682379815917797,1.0685611751853359,686.4245250471868,2686.4245250471868,6686.424525047187,3,30,2000.0
799.4349849992432,799.4349849992432,200.0,999.4349849992432,999.4349849992432,712.0056118743378,712.0056118743378,287.4293731249054,287.4293731249054,1.1227930955414096,1.1227930955414096,1.4036897579616745,1.4036897579616745,1.1227930955414096,1.4036897579616745,699.4349849992432,799.4349849992432,999.4349849992432,3,31,100.0
999.4349849992432,1162.2881193747162,200.0,1199.4349849992432,1362.2881193747162,912.0056118743378,1162.2881193747162,287.4293731249054,200.0,1.0958649508145264,1.0,1.3151618470134034,1.17207437352762,1.0958649508145264,1.376108865209516,699.4349849992432,999.4349849992432,1599.4349849992432,3,31,300.0
1199.4349849992432,1762.2881193747162,200.0,1399.4349849992432,1962.2881193747162,1112.0056118743378,1762.2881193747162,287.4293731249054,200.0,1.0786231401993909,1.0,1.2584783476410966,1.1134888204721953,1.0786231401993909,1.2480564107642242,699.4349849992432,1199.4349849992432,2199.434984999243,3,31,500.0
1699.4349849992432,3262.288119374716,200.0,1899.4349849992432,3462.288119374716,1612.0056118743378,3262.288119374716,287.4293731249054,200.0,1.0542363950105906,1.0,1.1783054419957637,1.0613066635078001,1.0542363950105906,1.134000078971662,699.4349849992432,1699.4349849992432,3699.434984999243,3,31,1000.0
2699.434984999243,6262.288119374716,200.0,2899.434984999243,6462.288119374716,2612.005611874338,6262.288119374716,287.4293731249054,200.0,1.0334721230028934,1.0,1.1100416369008679,1.0319372082835387,1.0334721230028934,1.0698062524897332,699.4349849992432,2699.434984999243,6699.434984999243,3,31,2000.0
751.4535690075718,751.4535690075718,200.0,951.4535690075718,951.4535690075718,658.3887734350615,665.3239778625513,293.0647955725103,286.1295911450205,1.1413523427608832,1.1294551136150603,1.4451242296302855,1.43006054293166,1.1413523427608832,1.43006054293166,651.4535690075718,751.4535690075718,951.4535690075718,3,32,100.0
951.4535690075718,1086.1295911450206,200.0,1151.4535690075718,1286.1295911450206,858.3887734350615,1179.1943867175307,293.0647955725103,106.93520442748991,1.1084180017873344,0.9210776470607444,1.3414126613046637,1.0906849673234627,1.1084180017873344,1.3156894117570233,651.4535690075718,951.4535690075718,1551.4535690075718,3,32,300.0
1151.4535690075718,1686.1295911450206,200.0,1351.4535690075718,1886.1295911450206,1058.3887734350615,1779.1943867175307,293.0647955725103,106.93520442748991,1.0879306337221086,0.9476927331452484,1.276897112789048,1.060103159736681,1.0879306337221086,1.209229067419007,651.4535690075718,1151.4535690075718,2151.453569007572,3,32,500.0
1651.4535690075718,3186.1295911450206,200.0,1851.4535690075718,3386.1295911450206,1558.3887734350615,3279.1943867175305,293.0647955725103,106.93520442749013,1.0597185998506478,0.9716196161016036,1.1880562800298704,1.032610205988591,1.0597185998506478,1.113521535593586,651.4535690075718,1651.4535690075718,3651.453569007572,3,32,1000.0
2651.453569007572,6186.129591145021,200.0,2851.453569007572,6386.129591145021,2558.3887734350615,6279.1943867175305,293.0647955725103,106.93520442749013,1.0363763305009954,0.9851788637457424,1.1145505322003981,1.01703008345365,1.0363763305009954,1.0592845450170305,651.4535690075718,2651.453569007572,6651.453569007572,3,32,2000.0
788.1802720017731,788.1802720017731,200.0,988.1802720017731,988.1802720017731,702.1577380015515,716.1352040013298,286.02253400022164,272.0450680004433,1.1225116940889308,1.100602606320565,1.4073479768439006,1.379879478735887,1.1225116940889308,1.379879478735887,688.1802720017731,788.1802720017731,988.1802720017731,3,33,100.0
988.1802720017731,1244.0901360008866,200.0,1188.1802720017731,1444.0901360008866,902.1577380015515,1244.0901360008866,286.02253400022164,200.0,1.0953519882130343,1.0,1.3170427098855408,1.1607600560542162,1.0953519882130343,1.276579747756027,688.1802720017731,988.1802720017731,1588.1802720017731,3,33,300.0
1188.1802720017731,1844.0901360008866,200.0,1388.1802720017731,2044.0901360008866,1102.1577380015515,1844.0901360008866,286.02253400022164,200.0,1.0780492038791099,1.0,1.2595114330176023,1.108454568513512,1.0780492038791099,1.1865907361486592,688.1802720017731,1188.1802720017731,2188.180272001773,3,33,500.0
1688.1802720017731,3344.0901360008866,200.0,1888.1802720017731,3544.0901360008866,1602.1577380015515,3344.0901360008866,286.02253400022164,200.0,1.053691675894236,1.0,1.1785233296423057,1.0598070003696656,1.053691675894236,1.1028949944550166,688.1802720017731,1688.1802720017731,3688.180272001773,3,33,1000.0
2688.180272001773,6344.090136000887,200.0,2888.180272001773,6544.090136000887,2602.1577380015515,6344.090136000887,286.02253400022164,200.0,1.0330581550626083,1.0,1.1099174465187824,1.0315254032828218,1.0330581550626083,1.054237901515345,688.1802720017731,2688.180272001773,6688.180272001773,3,33,2000.0
693.3684750343673,693.3684750343673,200.0,893.3684750343673,893.3684750343673,594.4737291953061,595.5789833562449,298.8947458390612,297.78949167812243,1.1663567975878892,1.1641923143880142,1.5027888217089969,1.5,1.1663567975878892,1.5,593.3684750343673,693.3684750343673,893.3684750343673,3,34,100.0
893.3684750343673,1097.7894916781224,200.0,1093.3684750343673,1297.7894916781224,794.4737291953061,1097.7894916781224,298.8947458390612,200.0,1.1244783083503946,1.0,1.376217280515746,1.1821842908099554,1.1244783083503946,1.3603413827104027,593.3684750343673,893.3684750343673,1493.3684750343673,3,34,300.0
1093.3684750343673,1697.7894916781224,200.0,1293.3684750343673,1897.7894916781224,994.4737291953061,1697.7894916781224,298.8947458390612,200.0,1.0994443019817963,1.0,1.3005556980182036,1.117800234351973,1.0994443019817963,1.2329964847204045,593.3684750343673,1093.3684750343673,2093.3684750343673,3,34,500.0
1593.3684750343673,3197.7894916781224,200.0,1793.3684750343673,3397.7894916781224,1494.473729195306,3197.7894916781224,298.8947458390612,200.0,1.0661736261448442,1.0,1.2,1.0625432038351732,1.0661736261448442,1.1237038849448013,593.3684750343673,1593.3684750343673,3593.3684750343673,3,34,1000.0
2593.3684750343673,6197.789491678122,200.0,2793.3684750343673,6397.789491678122,2494.473729195306,6197.789491678122,298.8947458390612,200.0,1.0396455351209346,1.0,1.1198227675604673,1.032269569701995,1.0396455351209346,1.0638258178802935,593.3684750343673,2593.3684750343673,6593.368475034367,3,34,2000.0
749.033416993916,749.033416993916,200.0,949.033416993916,949.033416993916,656.3143574233566,663.5952978527971,292.71905957055947,285.43811914111893,1.1412723316530327,1.1287503383727582,1.4460043518166412,1.430138851291916,1.1412723316530327,1.430138851291916,649.033416993916,749.033416993916,949.033416993916,3,35,100.0
949.033416993916,1085.438119141119,200.0,1149.033416993916,1285.438119141119,856.3143574233566,1085.438119141119,292.71905957055947,200.0,1.108276894772091,1.0,1.341835982350394,1.184257394754346,1.108276894772091,1.4271043090136073,649.033416993916,949.033416993916,1549.033416993916,3,35,300.0
1149.033416993916,1685.438119141119,200.0,1349.033416993916,1885.438119141119,1056.3143574233566,1685.438119141119,292.71905957055947,200.0,1.0877760099718108,1.0,1.277113586039465,1.1186635081576997,1.0877760099718108,1.2750592220431327,649.033416993916,1149.033416993916,2149.033416993916,3,35,500.0
1649.033416993916,3185.438119141119,200.0,1849.033416993916,3385.438119141119,1556.3143574233566,3185.438119141119,292.71905957055947,200.0,1.0595760484559595,1.0,1.188084790308808,1.0627857118925685,1.0595760484559595,1.1455358040286763,649.033416993916,1649.033416993916,3649.033416993916,3,35,1000.0
2649.033416993916,6185.438119141119,200.0,2849.033416993916,6385.438119141119,2556.3143574233563,6185.438119141119,292.7190595705597,200.0,1.0362706015796963,1.0,1.1145082406318785,1.0323340070901512,1.0362706015796963,1.0749494682386653,649.033416993916,2649.033416993916,6649.033416993916,3,35,2000.0
719.5075967552839,731.006511504529,200.0,919.5075967552839,931.006511504529,708.0086820060387,731.006511504529,211.49891474924516,200.0,1.0162412058516919,1.0,1.2987236175550758,1.2735953741210428,1.1412412058516919,1.3789325623535071,708.0086820060387,808.0086820060387,1008.0086820060387,3,36,100.0
919.5075967552839,1165.5032557522645,200.0,1119.5075967552839,1365.5032557522645,831.006511504529,1165.5032557522645,288.50108525075484,200.0,1.106498666406987,1.0,1.3471706674457056,1.17159969224703,1.212997332813974,1.3796689748139424,708.0086820060387,1008.0086820060387,1608.0086820060387,3,36,300.0
1119.5075967552839,1765.5032557522645,200.0,1319.5075967552839,1965.5032557522645,1031.006511504529,1765.5032557522645,288.50108525075484,200.0,1.0858395017521343,1.0,1.279824697547012,1.1132821473698058,1.1716790035042686,1.250639824544094,708.0086820060387,1208.0086820060387,2208.0086820060387,3,36,500.0
1619.5075967552839,3265.5032557522645,200.0,1819.5075967552839,3465.5032557522645,1531.006511504529,3265.5032557522645,288.50108525075484,200.0,1.0578058189731567,1.0,1.1884388362053686,1.0612463024336891,1.1156116379463132,1.135509105824436,708.0086820060387,1708.0086820060387,3708.0086820060387,3,36,1000.0
2619.507596755284,6265.5032557522645,200.0,2819.507596755284,6465.5032557522645,2531.006511504529,6265.5032557522645,288.50108525075484,200.0,1.0349667552605963,1.0,1.1139867021042387,1.0319208197388428,1.069933510521193,1.0706256797245324,708.0086820060387,2708.0086820060387,6708.008682006039,3,36,2000.0
755.0873439991847,755.0873439991847,200.0,955.0873439991847,955.0873439991847,661.5034377135868,667.9195314279891,293.5839062855979,287.16781257119555,1.1414715343113866,1.130506458442432,1.443813122574749,1.4299437268397297,1.1414715343113866,1.4299437268397297,655.0873439991847,755.0873439991847,955.0873439991847,3,37,100.0
955.0873439991847,1180.7517188567933,200.0,1155.0873439991847,1380.7517188567933,861.5034377135868,1087.1678125711956,293.5839062855979,293.5839062855978,1.1086285929792314,1.0860804608115358,1.3407808877289729,1.2700447004508533,1.1086285929792314,1.4304023040576788,655.0873439991847,955.0873439991847,1555.0873439991847,3,37,300.0
1155.0873439991847,1780.7517188567933,200.0,1355.0873439991847,1980.7517188567933,1061.5034377135867,1687.1678125711956,293.583906285598,293.5839062855978,1.0881616610561073,1.0554680486364771,1.2765736745214502,1.1740099023334165,1.0881616610561073,1.2773402431823857,655.0873439991847,1155.0873439991847,2155.0873439991847,3,37,500.0
1655.0873439991847,3280.7517188567936,200.0,1855.0873439991847,3480.7517188567936,1561.5034377135867,3187.1678125711956,293.583906285598,293.583906285598,1.0599319245960976,1.029362716928953,1.1880136150807807,1.092114354671759,1.0599319245960976,1.1468135846447642,655.0873439991847,1655.0873439991847,3655.0873439991847,3,37,1000.0
2655.0873439991847,6280.751718856794,200.0,2855.0873439991847,6480.751718856794,2561.5034377135867,6187.167812571195,293.583906285598,293.58390628559846,1.0365347572475372,1.0151254837626116,1.114613902899015,1.0474504515117709,1.0365347572475372,1.0756274188130572,655.0873439991847,2655.0873439991847,6655.087343999185,3,37,2000.0
639.9596020246722,739.9596020246722,200.0,839.9596020246722,939.9596020246722,629.9528690287843,649.9663350205602,210.0067329958879,289.993267004112,1.0158848915337357,1.1384583510794681,1.3333689603154932,1.4461665956821268,1.1587420343908788,1.430770824460266,629.9528690287843,729.9528690287843,929.9528690287843,3,38,100.0
839.9596020246722,1259.9730680164482,200.0,1039.9596020246722,1459.9730680164482,749.9663350205602,1169.979801012336,289.993267004112,289.9932670041121,1.1199964089076677,1.0769186501563912,1.3866750458821087,1.2478617722743526,1.2399928178153354,1.3076746006255648,629.9528690287843,929.9528690287843,1529.9528690287843,3,38,300.0
1039.9596020246722,1859.9730680164482,200.0,1239.9596020246722,2059.9730680164485,949.9663350205602,1769.979801012336,289.993267004112,289.99326700411234,1.0947331117814447,1.0508442339017885,1.3052668882185552,1.1638398736744064,1.1894662235628894,1.2033769356071535,629.9528690287843,1129.9528690287843,2129.9528690287843,3,38,500.0
1539.9596020246722,3359.9730680164485,200.0,1739.9596020246722,3559.9730680164485,1449.96633502056,3269.979801012336,289.9932670041121,289.99326700411257,1.0620657630667238,1.027521046758837,1.2,1.0886835040737362,1.124131526133448,1.1100841870353468,629.9528690287843,1629.9528690287843,3629.9528690287843,3,38,1000.0
2539.959602024672,6359.973068016448,200.0,2739.959602024672,6559.973068016448,2449.96633502056,6269.979801012336,289.9932670041121,289.99326700411257,1.0367324504495108,1.0143530393813363,1.1183662252247555,1.0462510687765358,1.0734649008990214,1.0574121575253446,629.9528690287843,2629.9528690287843,6629.952869028784,3,38,2000.0
756.2245759996586,756.2245759996586,200.0,956.2245759996586,956.2245759996586,662.4782079997073,668.7318399997562,293.7463679999513,287.4927359999024,1.1415086064234625,1.1308338122496668,1.4434053293419142,1.4299073541944813,1.1415086064234625,1.4299073541944813,656.2245759996586,756.2245759996586,956.2245759996586,3,39,100.0
956.2245759996586,1087.4927359999024,200.0,1156.2245759996586,1287.4927359999024,862.4782079997073,1087.4927359999024,293.7463679999513,200.0,1.1086941874361922,1.0,1.3405841043580906,1.183909274406425,1.1086941874361922,1.4310206629277185,656.2245759996586,956.2245759996586,1556.2245759996586,3,39,300.0
1156.2245759996586,1687.4927359999024,200.0,1356.2245759996586,1887.4927359999024,1062.4782079997071,1687.4927359999024,293.7463679999514,200.0,1.0882336854479535,1.0,1.2764728403728658,1.1185190286946585,1.0882336854479535,1.2777682119751557,656.2245759996586,1156.2245759996586,2156.2245759996586,3,39,500.0
1656.2245759996586,3187.4927359999024,200.0,1856.2245759996586,3387.4927359999024,1562.4782079997071,3187.4927359999024,293.7463679999514,200.0,1.0599985123120315,1.0,1.1880002975375938,1.0627452410294704,1.0599985123120315,1.1470534613948593,656.2245759996586,1656.2245759996586,3656.2245759996586,3,39,1000.0
2656.2245759996586,6187.492735999902,200.0,2856.2245759996586,6387.492735999902,2562.478207999707,6187.492735999902,293.7463679999514,200.0,1.0365842596074721,1.0,1.114633703842989,1.032323270270099,1.0365842596074721,1.075754729742565,656.2245759996586,2656.2245759996586,6656.224575999659,3,39,2000.0
745.7464079721831,745.7464079721831,200.0,945.7464079721831,945.7464079721831,653.496921119014,668.997947412676,292.24948685316906,276.74846055950707,1.1411628484725007,1.1147215187375819,1.4472086668024944,1.4136760981551904,1.1411628484725007,1.4136760981551904,645.7464079721831,745.7464079721831,945.7464079721831,3,40,100.0
945.7464079721831,1268.997947412676,200.0,1145.746407972183,1468.997947412676,853.496921119014,1268.997947412676,292.24948685316906,200.0,1.1080841471955416,1.0,1.3424142250800422,1.1576046678466063,1.1080841471955416,1.2180842460177037,645.7464079721831,945.7464079721831,1545.746407972183,3,40,300.0
1145.746407972183,1868.997947412676,200.0,1345.746407972183,2068.997947412676,1053.4969211190141,1868.997947412676,292.24948685316895,199.99999999999977,1.0875650274850186,1.0,1.2774089615209738,1.1070092132936087,1.0875650274850186,1.1480731752234508,645.7464079721831,1145.746407972183,2145.746407972183,3,40,500.0
1645.746407972183,3368.997947412676,200.0,1845.746407972183,3568.997947412676,1553.4969211190141,3368.997947412676,292.24948685316895,200.0,1.0593818279258125,1.0,1.1881236344148374,1.05936483284402,1.0593818279258125,1.082145630504775,645.7464079721831,1645.746407972183,3645.746407972183,3,40,1000.0
2645.746407972183,6368.997947412676,200.0,2845.746407972183,6568.997947412676,2553.496921119014,6368.997947412676,292.24948685316895,200.0,1.0361267272696544,1.0,1.1144506909078618,1.0314021140611684,1.0361267272696544,1.043452433623712,645.7464079721831,2645.746407972183,6645.746407972183,3,40,2000.0
685.8572850120254,685.8572850120254,200.0,885.8572850120254,885.8572850120254,585.8572850120254,590.5715233413503,300.0,295.28576167067513,1.1706900341743594,1.1613449987083104,1.512070102523078,1.5,1.1706900341743594,1.5,585.8572850120254,685.8572850120254,885.8572850120254,3,41,100.0
885.8572850120254,1095.2857616706751,200.0,1085.8572850120254,1295.2857616706751,690.5715233413503,1095.2857616706751,395.28576167067513,200.0,1.2827886106941961,1.0,1.572403796435268,1.1826007485890564,1.2827886106941961,1.3565932626984931,585.8572850120254,885.8572850120254,1485.8572850120254,3,41,300.0
1085.8572850120254,1695.2857616706751,200.0,1285.8572850120254,1895.2857616706751,890.5715233413503,1695.2857616706751,395.28576167067513,200.0,1.2192813901549189,1.0,1.4438562780309838,1.1179742109099668,1.2192813901549189,1.2303868363504975,585.8572850120254,1085.8572850120254,2085.8572850120254,3,41,500.0
1585.8572850120254,3195.285761670675,200.0,1785.8572850120254,3395.285761670675,1390.5715233413503,3195.285761670675,395.28576167067513,200.0,1.1404356111086114,1.0,1.2842613666651668,1.06259221081229,1.1404356111086114,1.1222336756312954,585.8572850120254,1585.8572850120254,3585.8572850120254,3,41,1000.0
2585.8572850120254,6195.285761670675,200.0,2785.8572850120254,6395.285761670675,2390.5715233413503,6195.285761670675,395.28576167067513,200.0,1.0816899890942064,1.0,1.1653519912753652,1.0322826109551508,1.0816899890942064,1.0630433426909471,585.8572850120254,2585.8572850120254,6585.857285012025,3,41,2000.0
795.4347300343215,795.4347300343215,200.0,995.4347300343215,995.4347300343215,695.4347300343215,695.4347300343215,300.0,300.0,1.1437949467882698,1.1437949467882698,1.4313848403648093,1.4313848403648093,1.1437949467882698,1.4313848403648093,695.4347300343215,795.4347300343215,995.4347300343215,3,42,100.0
995.4347300343215,1121.5760475257412,200.0,1195.4347300343215,1321.5760475257412,821.5760475257412,1160.7880237628706,373.8586825085804,160.78802376287058,1.211616055546134,0.9662195203306648,1.4550506111205328,1.1385162669422206,1.211616055546134,1.3744410670799976,695.4347300343215,995.4347300343215,1595.4347300343215,3,42,300.0
1195.4347300343215,1673.8586825085804,200.0,1395.4347300343215,1873.8586825085804,1021.5760475257412,1760.7880237628706,373.8586825085804,113.0706587457098,1.1701867256281766,0.950630433600679,1.3659626548743646,1.064215940374284,1.1701867256281766,1.2468478319966048,695.4347300343215,1195.4347300343215,2195.4347300343215,3,42,500.0
1695.4347300343215,3173.8586825085804,200.0,1895.4347300343215,3373.8586825085804,1521.5760475257412,3260.7880237628706,373.8586825085804,113.0706587457098,1.1142622367060093,0.9733410020458871,1.2457048946824036,1.0346758691217313,1.1142622367060093,1.1332949897705644,695.4347300343215,1695.4347300343215,3695.4347300343215,3,42,1000.0
2695.4347300343215,6173.85868250858,200.0,2895.4347300343215,6373.85868250858,2521.576047525741,6260.788023762871,373.8586825085804,113.0706587457098,1.0689484192551626,0.9861152716040937,1.1482638934786138,1.0180601320978364,1.0689484192551626,1.0694236419795313,695.4347300343215,2695.4347300343215,6695.434730034322,3,42,2000.0
756.7796919844113,762.9540217009239,200.0,956.7796919844113,962.9540217009239,662.9540217009239,669.1283514174366,293.8256702834874,293.8256702834873,1.1415266628034948,1.1402207365518637,1.4432067091615592,1.4391170537925446,1.1415266628034948,1.4298896317240681,656.7796919844113,756.7796919844113,956.7796919844113,3,43,100.0
956.7796919844113,1181.477010850462,200.0,1156.7796919844113,1381.477010850462,862.9540217009239,1181.477010850462,293.8256702834874,200.0,1.1087261521750051,1.0,1.3404882101416513,1.1692796374057537,1.1087261521750051,1.317655508898811,656.7796919844113,956.7796919844113,1556.7796919844113,3,43,300.0
1156.7796919844113,1781.477010850462,200.0,1356.7796919844113,1981.477010850462,1062.954021700924,1781.477010850462,293.8256702834874,200.0,1.0882687946684175,1.0,1.2764236874642156,1.1122663939988322,1.0882687946684175,1.2106693933450103,656.7796919844113,1156.7796919844113,2156.7796919844113,3,43,500.0
1656.7796919844113,3281.4770108504617,200.0,1856.7796919844113,3481.4770108504617,1562.954021700924,3281.4770108504617,293.8256702834874,200.0,1.0600309855445262,1.0,1.1879938028910948,1.060948164298785,1.0600309855445262,1.1143700473576326,656.7796919844113,1656.7796919844113,3656.7796919844113,3,43,1000.0
2656.7796919844113,6281.477010850462,200.0,2856.7796919844113,6481.477010850462,2562.954021700924,6281.477010850462,293.8256702834874,200.0,1.0366084094716688,1.0,1.1146433637886675,1.031839645302295,1.0366084094716688,1.0597475212415266,656.7796919844113,2656.7796919844113,6656.779691984411,3,43,2000.0
685.2503390051425,687.7086158376187,200.0,885.2503390051425,887.7086158376187,585.2503390051425,590.166892670095,300.0,297.54172316752374,1.1708670518157893,1.1652782024525559,1.5126011554473682,1.5041653926423326,1.1708670518157893,1.5,585.2503390051425,685.2503390051425,885.2503390051425,3,44,100.0
885.2503390051425,1192.6251695025712,200.0,1085.2503390051425,1392.6251695025712,690.166892670095,1095.0834463350475,395.0834463350475,297.54172316752374,1.2826612641187627,1.0890724113253376,1.5724462452937458,1.271706895180743,1.2826612641187627,1.3562896453013509,585.2503390051425,885.2503390051425,1485.2503390051425,3,44,300.0
1085.2503390051425,1792.6251695025712,200.0,1285.2503390051425,1992.6251695025712,890.166892670095,1695.0834463350475,395.0834463350475,297.54172316752374,1.219153787836218,1.0575439063949443,1.4438307575672436,1.1755321980229592,1.219153787836218,1.2301756255797776,585.2503390051425,1085.2503390051425,2085.2503390051425,3,44,500.0
1585.2503390051425,3292.625169502571,200.0,1785.2503390051425,3492.625169502571,1390.166892670095,3195.0834463350475,395.0834463350475,297.54172316752374,1.1403309540485103,1.0305286934772893,1.2841985724291063,1.0931248676803174,1.1403309540485103,1.1221147739091573,585.2503390051425,1585.2503390051425,3585.2503390051425,3,44,1000.0
2585.2503390051425,6292.625169502571,200.0,2785.2503390051425,6492.625169502571,2390.166892670095,6195.0834463350475,395.0834463350475,297.54172316752374,1.0816191735118197,1.0157450216792847,1.1652953388094558,1.0480286869006659,1.0816191735118197,1.0629800867171393,585.2503390051425,2585.2503390051425,6585.250339005142,3,44,2000.0
792.0332839945331,792.0332839945331,200.0,992.0332839945331,992.0332839945331,692.0332839945331,692.0332839945331,300.0,300.0,1.1445017202392103,1.1445017202392103,1.433505160717631,1.433505160717631,1.1445017202392103,1.433505160717631,692.0332839945331,792.0332839945331,992.0332839945331,3,45,100.0
992.0332839945331,1159.51248149795,200.0,1192.0332839945331,1359.51248149795,819.0249629958998,1073.0083209986333,373.0083209986333,286.50416049931664,1.2112369327130013,1.08061835011569,1.4554297339536653,1.2670101945087167,1.2112369327130013,1.4837101006941409,692.0332839945331,992.0332839945331,1592.0332839945331,3,45,300.0
1192.0332839945331,1759.51248149795,200.0,1392.0332839945331,1959.51248149795,1019.0249629958998,1673.0083209986333,373.0083209986333,286.50416049931664,1.1697782952146674,1.051705756279611,1.3660443409570666,1.1712508879383814,1.1697782952146674,1.3102345376776663,692.0332839945331,1192.0332839945331,2192.033283994533,3,45,500.0
1692.0332839945331,3259.51248149795,200.0,1892.0332839945331,3459.51248149795,1519.0249629958998,3173.0083209986333,373.0083209986333,286.50416049931664,1.113894323801906,1.0272625066649972,1.2455577295207625,1.0902941724429975,1.113894323801906,1.163575039989983,692.0332839945331,1692.0332839945331,3692.033283994533,3,45,1000.0
2692.033283994533,6259.51248149795,200.0,2892.033283994533,6459.51248149795,2519.0249629959,6173.008320998633,373.0083209986333,286.50416049931664,1.0686806695209852,1.0140132907653885,1.1480764686646896,1.0464124047143626,1.0686806695209852,1.0840797445923311,692.0332839945331,2692.033283994533,6692.033283994533,3,45,2000.0
757.3115069768392,757.3115069768392,200.0,957.3115069768392,957.3115069768392,663.4098631230049,669.5082192691708,293.90164385383423,287.80328770766835,1.1415439369740326,1.1311459444120247,1.4430166932856423,1.4298726728431084,1.1415439369740326,1.4298726728431084,657.3115069768392,757.3115069768392,957.3115069768392,3,46,100.0
957.3115069768392,1087.8032877076685,200.0,1157.3115069768392,1287.8032877076685,863.4098631230049,1087.8032877076685,293.90164385383423,200.0,1.1087567421504618,1.0,1.3403964402152815,1.1838567710357455,1.1087567421504618,1.4316113258478627,657.3115069768392,957.3115069768392,1557.3115069768392,3,46,300.0
1157.3115069768392,1687.8032877076685,200.0,1357.3115069768392,1887.8032877076685,1063.409863123005,1687.8032877076685,293.90164385383423,200.0,1.088302400711298,1.0,1.2763766390041829,1.1184972214810855,1.088302400711298,1.2781770972296451,657.3115069768392,1157.3115069768392,2157.311506976839,3,46,500.0
1657.3115069768392,3187.8032877076685,200.0,1857.3115069768392,3387.8032877076685,1563.409863123005,3187.8032877076685,293.90164385383423,200.0,1.0600620771742222,1.0,1.1879875845651555,1.0627391284685634,1.0600620771742222,1.1472826824288744,657.3115069768392,1657.3115069768392,3657.311506976839,3,46,1000.0
2657.311506976839,6187.8032877076685,200.0,2857.311506976839,6387.8032877076685,2563.409863123005,6187.8032877076685,293.90164385383423,200.0,1.0366315372366688,1.0,1.1146526148946676,1.0323216480390236,1.0366315372366688,1.0758763970732341,657.3115069768392,2657.311506976839,6657.311506976839,3,46,2000.0
694.7091180132702,694.7091180132702,200.0,894.7091180132702,894.7091180132702,595.5909316777252,596.4727453421801,299.11818633554503,298.23637267109007,1.166419905112286,1.164695492691346,1.502220853989426,1.5,1.166419905112286,1.5,594.7091180132702,694.7091180132702,894.7091180132702,3,47,100.0
894.7091180132702,1098.23637267109,200.0,1094.7091180132702,1298.23637267109,795.5909316777252,1098.23637267109,299.11818633554503,200.0,1.1245843591084261,1.0,1.3759698287470057,1.182110158593243,1.1245843591084261,1.361008572660814,594.7091180132702,894.7091180132702,1494.7091180132702,3,47,300.0
1094.7091180132702,1698.23637267109,200.0,1294.7091180132702,1898.23637267109,995.5909316777252,1698.23637267109,299.11818633554503,200.0,1.0995571405702897,1.0,1.3004428594297102,1.1177692359076186,1.0995571405702897,1.233461461385722,594.7091180132702,1094.7091180132702,2094.70911801327,3,47,500.0
1594.7091180132702,3198.23637267109,200.0,1794.7091180132702,3398.23637267109,1495.5909316777252,3198.23637267109,299.11818633554503,200.0,1.0662735940932433,1.0,1.2,1.0625344648409976,1.0662735940932433,1.1239660547700718,594.7091180132702,1594.7091180132702,3594.70911801327,3,47,1000.0
2594.70911801327,6198.23637267109,200.0,2794.70911801327,6398.23637267109,2495.590931677725,6198.23637267109,299.11818633554503,200.0,1.0397173210871185,1.0,1.1198586605435592,1.0322672431277111,1.0397173210871185,1.063965412337336,594.7091180132702,2594.70911801327,6594.70911801327,3,47,2000.0
690.3527780319564,691.9606483599637,200.0,890.3527780319564,891.9606483599637,591.9606483599637,593.5685186879709,298.39212967199273,298.39212967199273,1.1662139703789258,1.1657637266367824,1.5040742665896676,1.5027088200896526,1.1662139703789258,1.5,590.3527780319564,690.3527780319564,890.3527780319564,3,48,100.0
890.3527780319564,1195.1763890159782,200.0,1090.3527780319564,1395.1763890159782,791.9606483599637,1096.7842593439855,298.39212967199273,298.39212967199273,1.1242386599331022,1.0897096478489248,1.3767764601560946,1.272060915471625,1.1242386599331022,1.358838591395699,590.3527780319564,890.3527780319564,1490.3527780319564,3,48,300.0
1090.3527780319564,1795.1763890159782,200.0,1290.3527780319564,1995.1763890159782,991.9606483599637,1696.7842593439855,298.39212967199273,298.39212967199273,1.0991895493381387,1.0579874130315385,1.3008104506618612,1.1758574362231282,1.0991895493381387,1.2319496521261537,590.3527780319564,1090.3527780319564,2090.3527780319564,3,48,500.0
1590.3527780319564,3295.176389015978,200.0,1790.3527780319564,3495.176389015978,1491.9606483599637,3196.7842593439855,298.39212967199273,298.39212967199273,1.0659482069987236,1.0307784703907994,1.2,1.0933413410053596,1.0659482069987236,1.123113881563198,590.3527780319564,1590.3527780319564,3590.3527780319564,3,48,1000.0
2590.3527780319564,6295.176389015978,200.0,2790.3527780319564,6495.176389015978,2491.9606483599637,6196.7842593439855,298.39212967199273,298.39212967199273,1.0394838215991684,1.0158779337078954,1.119741910799584,1.048152738127369,1.0394838215991684,1.063511734831581,590.3527780319564,2590.3527780319564,6590.352778031956,3,48,2000.0
694.3923000013456,694.3923000013456,200.0,894.3923000013456,894.3923000013456,595.326916667788,597.1961500006728,299.0653833335575,297.1961500006728,1.1664050130440167,1.162754147026171,1.502354882603848,1.4976524882157025,1.1664050130440167,1.4976524882157025,594.3923000013456,694.3923000013456,894.3923000013456,3,49,100.0
894.3923000013456,1098.130766667115,200.0,1094.3923000013456,1298.130766667115,795.326916667788,1197.1961500006728,299.0653833335575,100.93461666644225,1.1245593242947385,0.9172521701364458,1.3760282433122764,1.084309172449632,1.1245593242947385,1.2482434895906622,594.3923000013456,894.3923000013456,1494.3923000013456,3,49,300.0
1094.3923000013456,1698.130766667115,200.0,1294.3923000013456,1898.130766667115,995.326916667788,1797.1961500006728,299.0653833335575,100.93461666644225,1.0995304976431404,0.9448778124004323,1.3004695023568593,1.0561622706939386,1.0995304976431404,1.1653665627987027,594.3923000013456,1094.3923000013456,2094.3923000013456,3,49,500.0
1594.3923000013456,3198.1307666671155,200.0,1794.3923000013456,3398.130766667115,1495.326916667788,3297.196150000673,299.0653833335575,100.93461666644225,1.0662499833510097,0.9699546587989504,1.2,1.030612257225407,1.0662499833510097,1.090136023603149,594.3923000013456,1594.3923000013456,3594.3923000013456,3,49,1000.0
2594.3923000013456,6198.130766667115,200.0,2794.3923000013456,6398.130766667115,2495.326916667788,6297.196150000673,299.06538333355775,100.9346166664418,1.039700362574475,0.9842683345136791,1.1198501812872375,1.0160285012983803,1.039700362574475,1.0471949964589622,594.3923000013456,2594.3923000013456,6594.392300001346,3,49,2000.0
699.9964469810948,699.9970391509123,200.0,899.9964469810948,899.9970391509123,599.9970391509123,599.9976313207299,299.99940783018246,299.99940783018246,1.166666502174239,1.166666337682136,1.5000014804318493,1.5000009869535922,1.166666502174239,1.5,599.9964469810948,699.9964469810948,899.9964469810948,3,50,100.0
899.9964469810948,1099.998815660365,200.0,1099.9964469810948,1299.998815660365,799.9970391509123,1099.998815660365,299.99940783018246,200.0,1.1249997224193706,1.0,1.3750006476881351,1.18181837757701,1.1249997224193706,1.3636346018069103,599.9964469810948,899.9964469810948,1499.9964469810948,3,50,300.0
1099.9964469810948,1699.998815660365,200.0,1299.9964469810948,1899.998815660365,999.9970391509123,1699.998815660365,299.99940783018246,200.0,1.0999997039142146,1.0,1.3000002960857855,1.117647140784807,1.0999997039142146,1.235292888227896,599.9964469810948,1099.9964469810948,2099.996446981095,3,50,500.0
1599.9964469810948,3199.998815660365,200.0,1799.9964469810948,3399.998815660365,1499.9970391509123,3199.998815660365,299.99940783018246,200.0,1.0666664034795617,1.0,1.2,1.0625000231316422,1.0666664034795617,1.1249993060507382,599.9964469810948,1599.9964469810948,3599.996446981095,3,50,1000.0
2599.996446981095,6199.998815660365,200.0,2799.996446981095,6399.998815660365,2499.9970391509123,6199.998815660365,299.99940783018246,200.0,1.039999810505434,1.0,1.119999905252717,1.032258070678147,1.039999810505434,1.0645157593111776,599.9964469810948,2599.996446981095,6599.996446981095,3,50,2000.0
809.3444780330174,809.3444780330174,200.0,1009.3444780330174,1009.3444780330174,720.6764182788902,732.008358524763,288.66805975412717,277.33611950825434,1.1230344957947744,1.1056492301045742,1.4005515546679332,1.378870153979085,1.1230344957947744,1.378870153979085,709.3444780330174,809.3444780330174,1009.3444780330174,3,51,100.0
1009.3444780330174,1166.0041792623815,200.0,1209.3444780330174,1366.0041792623815,920.6764182788902,1166.0041792623815,288.66805975412717,200.0,1.09630751694486,1.0,1.3135391045355136,1.1715259718250073,1.09630751694486,1.380221877979112,709.3444780330174,1009.3444780330174,1609.3444780330174,3,51,300.0
1209.3444780330174,1766.0041792623815,200.0,1409.3444780330174,1966.0041792623815,1120.6764182788902,1766.0041792623815,288.66805975412717,200.0,1.0791201262986345,1.0,1.257583772662458,1.1132500151180476,1.0791201262986345,1.2510414776910712,709.3444780330174,1209.3444780330174,2209.3444780330174,3,51,500.0
1709.3444780330174,3266.0041792623815,200.0,1909.3444780330174,3466.0041792623815,1620.6764182788902,3266.0041792623815,288.66805975412717,200.0,1.0547105262679703,1.0,1.1781157894928118,1.0612369087798197,1.0547105262679703,1.135743947171177,709.3444780330174,1709.3444780330174,3709.3444780330174,3,51,1000.0
2709.3444780330174,6266.0041792623815,200.0,2909.3444780330174,6466.0041792623815,2620.67641827889,6266.0041792623815,288.66805975412717,200.0,1.0338340357991846,1.0,1.1101502107397554,1.0319182678910284,1.0338340357991846,1.0707532721152486,709.3444780330174,2709.3444780330174,6709.344478033017,3,51,2000.0
702.3564650095068,702.3564650095068,200.0,902.3564650095068,902.3564650095068,602.3564650095068,602.3564650095068,300.0,300.0,1.1660146537954428,1.1660146537954428,1.4980439613863283,1.4980439613863283,1.1660146537954428,1.4980439613863283,602.3564650095068,702.3564650095068,902.3564650095068,3,52,100.0
902.3564650095068,1101.9637208412557,200.0,1102.3564650095068,1301.9637208412557,801.9637208412557,1100.785488336502,300.39274416825106,201.17823250475362,1.1251836480370203,1.001070356138628,1.3745714879136186,1.1827587978187943,1.1251836480370203,1.3648040248785032,602.3564650095068,902.3564650095068,1502.3564650095068,3,52,300.0
1102.3564650095068,1700.785488336502,200.0,1302.3564650095068,1900.785488336502,1001.9637208412557,1700.785488336502,300.39274416825106,200.0,1.1001959872199372,1.0,1.2998040127800627,1.1175927248742081,1.1001959872199372,1.2361091268868785,602.3564650095068,1102.3564650095068,2102.356465009507,3,52,500.0
1602.3564650095068,3200.7854883365026,200.0,1802.3564650095068,3400.785488336502,1501.9637208412557,3200.7854883365026,300.39274416825106,199.99999999999955,1.0668409914135746,1.0,1.2,1.0624846621958233,1.0668409914135746,1.1254601341252977,602.3564650095068,1602.3564650095068,3602.356465009507,3,52,1000.0
2602.356465009507,6200.785488336502,200.0,2802.356465009507,6400.785488336502,2501.9637208412555,6200.785488336502,300.3927441682513,200.0,1.0401255794926136,1.0,1.120062789746307,1.032253978205857,1.0401255794926136,1.0647613076485791,602.3564650095068,2602.356465009507,6602.356465009507,3,52,2000.0
749.4590920046903,749.4590920046903,200.0,949.4590920046903,949.4590920046903,656.6792217183059,656.6792217183059,292.7798702863844,292.7798702863844,1.1412864412606372,1.1412864412606372,1.4458491461329919,1.4458491461329919,1.1412864412606372,1.4458491461329919,649.4590920046903,749.4590920046903,949.4590920046903,3,53,100.0
949.4590920046903,1178.339610859153,200.0,1149.4590920046903,1378.339610859153,856.6792217183059,1085.5597405727685,292.7798702863844,292.7798702863845,1.1083017632904517,1.0854673094614133,1.3417613767953118,1.2697040608118964,1.1083017632904517,1.4273365473070665,649.4590920046903,949.4590920046903,1549.4590920046903,3,53,300.0
1149.4590920046903,1778.339610859153,200.0,1349.4590920046903,1978.339610859153,1056.679221718306,1685.5597405727685,292.77987028638427,292.7798702863845,1.0878032503899446,1.0550439524942954,1.2770754494540772,1.1736988984958168,1.0878032503899446,1.275219762471477,649.4590920046903,1149.4590920046903,2149.4590920046903,3,53,500.0
1649.4590920046903,3278.3396108591533,200.0,1849.4590920046903,3478.3396108591533,1556.679221718306,3185.5597405727685,292.77987028638427,292.7798702863847,1.0596011490305441,1.0291251390155072,1.1880797701938912,1.0919084538134396,1.0596011490305441,1.1456256950775352,649.4590920046903,1649.4590920046903,3649.4590920046903,3,53,1000.0
2649.4590920046903,6278.339610859153,200.0,2849.4590920046903,6478.339610859153,2556.679221718306,6185.5597405727685,292.77987028638427,292.7798702863847,1.03628921043291,1.0149994299914067,1.114515684173164,1.047332801325313,1.03628921043291,1.074997149957033,649.4590920046903,2649.4590920046903,6649.45909200469,3,53,2000.0
818.2001679902896,828.4251469915034,200.0,1018.2001679902896,1028.4251469915034,728.4251469915034,738.6501259927172,289.7750209987862,289.7750209987862,1.1232453620932357,1.1215393023566225,1.3978102927879372,1.3923034882168872,1.1232453620932357,1.3784606976433775,718.2001679902896,818.2001679902896,1018.2001679902896,3,54,100.0
1018.2001679902896,1228.4251469915034,200.0,1218.2001679902896,1428.4251469915034,928.4251469915034,1259.1000839951448,289.7750209987862,169.3250629963586,1.0966960247572957,0.9756374116771486,1.3121145758899162,1.1344810195382462,1.0966960247572957,1.2852037646250603,718.2001679902896,1018.2001679902896,1618.2001679902896,3,54,300.0
1218.2001679902896,1769.3250629963586,200.0,1418.2001679902896,1969.3250629963586,1128.4251469915034,1859.1000839951448,289.7750209987862,110.2249790012138,1.079557798971545,0.9517104959697152,1.256795961851219,1.0592894271535633,1.079557798971545,1.1931580161211388,718.2001679902896,1218.2001679902896,2218.2001679902896,3,54,500.0
1718.2001679902896,3269.3250629963586,200.0,1918.2001679902896,3469.3250629963586,1628.4251469915034,3359.100083995145,289.7750209987862,110.2249790012138,1.0551299647789427,0.9732740856914236,1.1779480140884229,1.032813841875803,1.0551299647789427,1.1069036572343058,718.2001679902896,1718.2001679902896,3718.2001679902896,3,54,1000.0
2718.2001679902896,6269.325062996359,200.0,2918.2001679902896,6469.325062996359,2628.4251469915034,6359.100083995145,289.7750209987862,110.2249790012138,1.034155441368206,0.9858824330781119,1.1102466324104618,1.0173334241551935,1.034155441368206,1.0564702676875528,718.2001679902896,2718.2001679902896,6718.20016799029,3,54,2000.0
691.2848800071515,692.7374000059597,200.0,891.2848800071515,892.7374000059597,592.7374000059597,594.1899200047676,298.54748000119184,298.54748000119207,1.1662582452198917,1.1658518205768307,1.5036757930209737,1.5024445382695093,1.1662582452198917,1.5000000000000002,591.2848800071515,691.2848800071515,891.2848800071515,3,55,100.0
891.2848800071515,1195.6424400035758,200.0,1091.2848800071515,1395.6424400035758,792.7374000059597,1097.0949600023837,298.54748000119184,298.54748000119207,1.124312893526218,1.0898258433353645,1.376603248438824,1.272125468519647,1.124312893526218,1.3593033733414575,591.2848800071515,891.2848800071515,1491.2848800071515,3,55,300.0
1091.2848800071515,1795.6424400035758,200.0,1291.2848800071515,1995.6424400035758,992.7374000059597,1697.0949600023837,298.54748000119184,298.54748000119207,1.0992684268776418,1.0580683357877945,1.300731573122358,1.175916779577716,1.0992684268776418,1.2322733431511776,591.2848800071515,1091.2848800071515,2091.2848800071515,3,55,500.0
1591.2848800071515,3295.6424400035758,200.0,1791.2848800071515,3495.6424400035758,1492.7374000059597,3197.094960002384,298.54748000119184,298.5474800011916,1.0660179613646703,1.0308240703620257,1.2,1.0933808609804223,1.0660179613646703,1.1232962814481036,591.2848800071515,1591.2848800071515,3591.2848800071515,3,55,1000.0
2591.2848800071515,6295.642440003576,200.0,2791.2848800071515,6495.642440003576,2492.7374000059594,6197.094960002383,298.54748000119207,298.5474800011925,1.03953383938515,1.0159022058944138,1.119766919692575,1.0481753921681196,1.03953383938515,1.0636088235776553,591.2848800071515,2591.2848800071515,6591.2848800071515,3,55,2000.0
699.9455110286362,699.9545925238635,200.0,899.9455110286362,899.9545925238635,599.9545925238635,599.9636740190908,299.9909185047727,299.9909185047727,1.1666641438381782,1.1666616210860643,1.5000227054563973,1.500015136741807,1.1666641438381782,1.5,599.9455110286362,699.9455110286362,899.9455110286362,3,56,100.0
899.9455110286362,1099.9818370095454,200.0,1099.9455110286362,1299.9818370095454,799.9545925238635,1099.9818370095454,299.9909185047727,200.0,1.1249957428074768,1.0,1.375009933449221,1.1818211840149362,1.1249957428074768,1.3636093438655752,599.9455110286362,899.9455110286362,1499.9455110286362,3,56,300.0
1099.9455110286362,1699.9818370095454,200.0,1299.9455110286362,1899.9818370095454,999.9545925238635,1699.9818370095454,299.9909185047727,200.0,1.0999954590461931,1.0,1.3000045409538068,1.1176483157913157,1.0999954590461931,1.2352752631302644,599.9455110286362,1099.9455110286362,2099.9455110286362,3,56,500.0
1599.9455110286362,3199.9818370095454,200.0,1799.9455110286362,3399.9818370095454,1499.9545925238635,3199.9818370095454,299.9909185047727,200.0,1.066662630324379,1.0,1.2,1.0625003547479208,1.066662630324379,1.1249893575623748,599.9455110286362,1599.9455110286362,3599.9455110286362,3,56,1000.0
2599.9455110286362,6199.981837009545,200.0,2799.9455110286362,6399.981837009545,2499.9545925238635,6199.981837009545,299.9909185047727,200.0,1.0399970938687433,1.0,1.1199985469343716,1.0322581590168765,1.0399970938687433,1.06451045898741,599.9455110286362,2599.9455110286362,6599.945511028636,3,56,2000.0
758.6925360024907,758.6925360024907,200.0,958.6925360024907,958.6925360024907,664.5936022878491,670.4946685732076,294.0989337146416,288.19786742928306,1.1415886842586327,1.1315414895348317,1.4425244731550415,1.4298287233850187,1.1415886842586327,1.4298287233850187,658.6925360024907,758.6925360024907,958.6925360024907,3,57,100.0
958.6925360024907,1088.1978674292832,200.0,1158.6925360024907,1288.1978674292832,864.5936022878491,1182.2968011439245,294.0989337146416,105.90106628535864,1.108836028239905,0.9204100580974283,1.340158581946952,1.0895723190512692,1.108836028239905,1.3183597676102876,658.6925360024907,958.6925360024907,1558.6925360024907,3,57,300.0
1158.6925360024907,1688.1978674292832,200.0,1358.6925360024907,1888.1978674292832,1064.593602287849,1782.2968011439245,294.0989337146416,105.90106628535864,1.0883895352296122,0.9472035557409707,1.276254650678543,1.0594183113706923,1.0883895352296122,1.2111857770361174,658.6925360024907,1158.6925360024907,2158.6925360024907,3,57,500.0
1658.6925360024907,3188.197867429283,200.0,1858.6925360024907,3388.197867429283,1564.593602287849,3282.2968011439243,294.0989337146416,105.90106628535887,1.0601427320021277,0.9713313757360863,1.1879714535995745,1.0322643175499702,1.0601427320021277,1.1146744970556555,658.6925360024907,1658.6925360024907,3658.6925360024907,3,57,1000.0
2658.6925360024907,6188.197867429283,200.0,2858.6925360024907,6388.197867429283,2564.593602287849,6282.296801143924,294.0989337146416,105.90106628535887,1.0366915575359374,0.9850215714581477,1.114676623014375,1.0168570619372959,1.0366915575359374,1.0599137141674093,658.6925360024907,2658.6925360024907,6658.692536002491,3,57,2000.0
798.0437890160829,798.0437890160829,200.0,998.0437890160829,998.0437890160829,698.0437890160829,698.0437890160829,300.0,300.0,1.1432574883890214,1.1432574883890214,1.4297724651670642,1.4297724651670642,1.1432574883890214,1.4297724651670642,698.0437890160829,798.0437890160829,998.0437890160829,3,58,100.0
998.0437890160829,1161.766420881031,200.0,1198.0437890160829,1361.766420881031,736.2773681350518,1161.766420881031,461.7664208810311,200.0,1.355526914461693,1.0,1.627163676170923,1.1721516446036795,1.355526914461693,1.3755293321390705,698.0437890160829,998.0437890160829,1598.0437890160829,3,58,300.0
1198.0437890160829,1761.766420881031,200.0,1398.0437890160829,1961.766420881031,936.2773681350518,1761.766420881031,461.7664208810311,200.0,1.2795821300288794,1.0,1.4931940433429598,1.113522427053629,1.2795821300288794,1.2476363284963035,698.0437890160829,1198.0437890160829,2198.043789016083,3,58,500.0
1698.0437890160829,3261.766420881031,200.0,1898.0437890160829,3461.766420881031,1436.2773681350518,3261.766420881031,461.7664208810311,200.0,1.182253391084846,1.0,1.3215022607232307,1.0613164691130699,1.182253391084846,1.1337549388399215,698.0437890160829,1698.0437890160829,3698.043789016083,3,58,1000.0
2698.043789016083,6261.766420881031,200.0,2898.043789016083,6461.766420881031,2436.277368135052,6261.766420881031,461.7664208810311,200.0,1.107445245892265,1.0,1.189537704910221,1.0319398691291106,1.107445245892265,1.069673210211132,698.0437890160829,2698.043789016083,6698.043789016083,3,58,2000.0
763.5206869686954,768.7320174017389,200.0,963.5206869686954,968.7320174017389,668.7320174017389,673.9433478347823,294.7886695669565,294.7886695669565,1.141743878116146,1.1406478302241423,1.4408173407223943,1.4374086791034313,1.141743878116146,1.429676084887929,663.5206869686954,763.5206869686954,963.5206869686954,3,59,100.0
963.5206869686954,1184.3660087008693,200.0,1163.5206869686954,1384.3660087008693,868.7320174017389,1184.3660087008693,294.7886695669565,200.0,1.1091115184754634,1.0,1.3393321112402763,1.1688667173244696,1.1091115184754634,1.3201330293865159,663.5206869686954,963.5206869686954,1563.5206869686954,3,59,300.0
1163.5206869686954,1784.3660087008693,200.0,1363.5206869686954,1984.3660087008693,1068.7320174017389,1784.3660087008693,294.7886695669565,200.0,1.08869264513793,1.0,1.275830296806898,1.1120846278312668,1.08869264513793,1.212487055020665,663.5206869686954,1163.5206869686954,2163.5206869686954,3,59,500.0
1663.5206869686954,3284.3660087008693,200.0,1863.5206869686954,3484.3660087008693,1568.7320174017389,3284.3660087008693,294.7886695669565,200.0,1.0604237489357509,1.0,1.1879152502128498,1.0608945530035825,1.0604237489357509,1.1154422732616822,663.5206869686954,1663.5206869686954,3663.5206869686954,3,59,1000.0
2663.5206869686954,6284.366008700869,200.0,2863.5206869686954,6484.366008700869,2568.7320174017386,6284.366008700869,294.78866956695674,200.0,1.0369009569409404,1.0,1.1147603827763763,1.031825008238396,1.0369009569409404,1.0603330037974994,663.5206869686954,2663.5206869686954,6663.520686968695,3,59,2000.0
758.8017430040054,758.8017430040054,200.0,958.8017430040054,958.8017430040054,664.6872082891474,670.5726735742896,294.114534714858,288.22906942971576,1.1415922159192764,1.13157271822521,1.4424856248879614,1.429825253530532,1.1415922159192764,1.429825253530532,658.8017430040054,758.8017430040054,958.8017430040054,3,60,100.0
958.8017430040054,1088.2290694297158,200.0,1158.8017430040054,1288.2290694297158,864.6872082891474,1088.2290694297158,294.114534714858,200.0,1.10884228864802,1.0,1.340139800722607,1.1837848350300084,1.10884228864802,1.4324206059124043,658.8017430040054,958.8017430040054,1558.8017430040054,3,60,300.0
1158.8017430040054,1688.2290694297158,200.0,1358.8017430040054,1888.2290694297158,1064.6872082891473,1688.2290694297158,294.1145347148581,200.0,1.0883964172595737,1.0,1.2762450158365974,1.1184673357553072,1.0883964172595737,1.2787374545879897,658.8017430040054,1158.8017430040054,2158.8017430040054,3,60,500.0
1658.8017430040054,3188.2290694297158,200.0,1858.8017430040054,3388.2290694297158,1564.6872082891473,3188.2290694297158,294.1145347148581,200.0,1.0601491047004623,1.0,1.1879701790599078,1.0627307497813432,1.0601491047004623,1.1475968831996322,658.8017430040054,1658.8017430040054,3658.8017430040054,3,60,1000.0
2658.8017430040054,6188.229069429715,200.0,2858.8017430040054,6388.229069429715,2564.6872082891473,6188.229069429715,294.1145347148581,200.0,1.0366963013698813,1.0,1.1146785205479526,1.032319424144787,1.0366963013698813,1.0760431891409696,658.8017430040054,2658.8017430040054,6658.801743004005,3,60,2000.0
762.3816049541347,762.3816049541347,200.0,962.3816049541347,962.3816049541347,667.7556613892583,673.1297178243819,294.62594356487637,289.25188712975273,1.1417074373701424,1.1325924034645554,1.4412181889284328,1.4297119551706048,1.1417074373701424,1.4297119551706048,662.3816049541347,762.3816049541347,962.3816049541347,3,61,100.0
962.3816049541347,1183.8778306946292,200.0,1162.3816049541347,1383.8778306946292,867.7556613892583,1183.8778306946292,294.62594356487637,200.0,1.1090467602520533,1.0,1.3395263859105069,1.16893635036873,1.1090467602520533,1.3197152311209526,662.3816049541347,962.3816049541347,1562.3816049541347,3,61,300.0
1162.3816049541347,1783.8778306946292,200.0,1362.3816049541347,1983.8778306946292,1067.7556613892584,1783.8778306946292,294.62594356487625,200.0,1.0886213456754312,1.0,1.2759301160543959,1.1121153010361262,1.0886213456754312,1.212180322972072,662.3816049541347,1162.3816049541347,2162.3816049541347,3,61,500.0
1662.3816049541347,3283.877830694629,200.0,1862.3816049541347,3483.877830694629,1567.7556613892584,3283.877830694629,294.62594356487625,200.0,1.0603575837072876,1.0,1.1879284832585424,1.0609036055271566,1.0603575837072876,1.115261222790204,662.3816049541347,1662.3816049541347,3662.3816049541347,3,61,1000.0
2662.3816049541347,6283.87783069463,200.0,2862.3816049541347,6483.87783069463,2567.7556613892584,6283.87783069463,294.62594356487625,200.0,1.0368516152014557,1.0,1.1147406460805822,1.031827480639911,1.0368516152014557,1.0602341077368884,662.3816049541347,2662.3816049541347,6662.381604954135,3,61,2000.0
690.1086570229381,690.1086570229381,200.0,890.1086570229381,890.1086570229381,591.7572141857818,593.4057713486254,298.35144283715636,296.7028856743127,1.166202355424566,1.1629624960581986,1.5041788011789057,1.5,1.166202355424566,1.5,590.1086570229381,690.1086570229381,890.1086570229381,3,62,100.0
890.1086570229381,1195.054328511469,200.0,1090.1086570229381,1395.054328511469,791.7572141857818,1096.7028856743127,298.35144283715636,298.35144283715636,1.1242191938071544,1.089679204934967,1.3768218811166395,1.2720440027416484,1.1242191938071544,1.358716819739868,590.1086570229381,890.1086570229381,1490.1086570229381,3,62,300.0
1090.1086570229381,1795.054328511469,200.0,1290.1086570229381,1995.054328511469,991.7572141857818,1696.7028856743127,298.35144283715636,298.35144283715636,1.0991688705969247,1.0579662141601587,1.3008311294030752,1.1758418903841164,1.0991688705969247,1.2318648566406345,590.1086570229381,1090.1086570229381,2090.108657022938,3,62,500.0
1590.1086570229381,3295.054328511469,200.0,1790.1086570229381,3495.054328511469,1491.7572141857818,3196.7028856743127,298.35144283715636,298.35144283715636,1.0659299260643011,1.0307665261222456,1.2,1.0933309893059462,1.0659299260643011,1.123066104488982,590.1086570229381,1590.1086570229381,3590.108657022938,3,62,1000.0
2590.108657022938,6295.054328511469,200.0,2790.108657022938,6495.054328511469,2491.757214185782,6196.702885674313,298.35144283715636,298.35144283715636,1.0394707166000097,1.0158715763288453,1.1197353583000047,1.048146804573589,1.0394707166000097,1.0634863053153816,590.1086570229381,2590.108657022938,6590.108657022938,3,62,2000.0
1363.5641240049154,1363.5641240049154,200.0,1563.5641240049154,1563.5641240049154,1263.5641240049154,1263.5641240049154,300.0,300.0,1.079141214996708,1.079141214996708,1.237423644990124,1.237423644990124,1.079141214996708,1.237423644990124,1263.5641240049154,1363.5641240049154,1563.5641240049154,3,63,100.0
1563.5641240049154,1563.5641240049154,200.0,1763.5641240049154,1763.5641240049154,1423.1681102265914,1812.5740895591057,340.396013778324,-49.00996555419033,1.0986503370680296,0.86262080706739,1.2391818727052053,0.9729611242726571,1.0986503370680296,1.1936417586831913,1263.5641240049154,1563.5641240049154,2163.5641240049154,3,63,300.0
1763.5641240049154,2061.5840551132956,200.0,1963.5641240049154,2261.5840551132956,1623.1681102265914,2412.5740895591057,340.396013778324,-150.99003444581012,1.0864950542668836,0.8545163707242032,1.209710880612856,0.9374153792419269,1.0864950542668836,1.1454836292757966,1263.5641240049154,1763.5641240049154,2763.5641240049154,3,63,500.0
2263.5641240049154,3561.5840551132956,200.0,2463.5641240049154,3761.5840551132956,2123.168110226591,3912.5740895591057,340.39601377832423,-150.99003444581012,1.0661257170838634,0.9102917858137322,1.1603245697496822,0.9614090286881124,1.0661257170838634,1.0897082141862677,1263.5641240049154,2263.5641240049154,4263.564124004915,3,63,1000.0
3263.5641240049154,6561.584055113295,200.0,3463.5641240049154,6761.584055113295,3123.168110226591,6912.574089559106,340.39601377832423,-150.99003444581103,1.0449530761147976,0.9492244090409167,1.1089906152229596,0.9781571911577961,1.0449530761147976,1.050775590959083,1263.5641240049154,3263.5641240049154,7263.564124004915,3,63,2000.0
761.9746770011261,767.4068660009652,200.0,961.9746770011261,967.4068660009652,667.4068660009652,672.8390550008044,294.5678110001609,294.5678110001609,1.1416943933567865,1.1405504188517235,1.4413616730753485,1.437798324593106,1.1416943933567865,1.4297247905741381,661.9746770011261,761.9746770011261,961.9746770011261,3,64,100.0
961.9746770011261,1183.7034330004826,200.0,1161.974677001126,1383.7034330004826,867.4068660009652,1183.7034330004826,294.5678110001609,200.0,1.1090235905511678,1.0,1.3395958950131635,1.1689612401419118,1.1090235905511678,1.3195658924818623,661.9746770011261,961.9746770011261,1561.974677001126,3,64,300.0
1161.974677001126,1783.7034330004826,200.0,1361.974677001126,1983.7034330004826,1067.4068660009652,1783.7034330004826,294.5678110001609,200.0,1.0885958428902174,1.0,1.2759658199536956,1.1121262628639825,1.0885958428902174,1.2120707046935089,661.9746770011261,1161.974677001126,2161.974677001126,3,64,500.0
1661.974677001126,3283.7034330004826,200.0,1861.974677001126,3483.7034330004826,1567.4068660009652,3283.7034330004826,294.5678110001609,200.0,1.0603339267241048,1.0,1.187933214655179,1.0609068401214448,1.0603339267241048,1.1151965309044363,661.9746770011261,1661.974677001126,3661.974677001126,3,64,1000.0
2661.974677001126,6283.703433000483,200.0,2861.974677001126,6483.703433000483,2567.4068660009652,6283.703433000483,294.5678110001609,200.0,1.0368339791610284,1.0,1.1147335916644114,1.0318283639787404,1.0368339791610284,1.060198774183717,661.9746770011261,2661.974677001126,6661.974677001126,3,64,2000.0
694.2694369587116,694.2694369587116,200.0,894.2694369587116,894.2694369587116,594.2694369587116,596.179624639141,300.0,298.08981231957057,1.1682738397447616,1.1645306351738252,1.504821519234285,1.5,1.1682738397447616,1.5,594.2694369587116,694.2694369587116,894.2694369587116,3,65,100.0
894.2694369587116,1197.1347184793558,200.0,1094.2694369587116,1397.1347184793558,696.179624639141,1098.0898123195705,398.08981231957057,299.04490615978534,1.284538365256307,1.090197454751507,1.5718205449145644,1.2723319193063929,1.284538365256307,1.3607898190060281,594.2694369587116,894.2694369587116,1494.2694369587116,3,65,300.0
1094.2694369587116,1797.1347184793558,200.0,1294.2694369587116,1997.1347184793558,896.179624639141,1698.0898123195705,398.08981231957057,299.04490615978534,1.2210380674514154,1.0583272483240984,1.444207613490283,1.1761066487710055,1.2210380674514154,1.2333089932963937,594.2694369587116,1094.2694369587116,2094.2694369587116,3,65,500.0
1594.2694369587116,3297.134718479356,200.0,1794.2694369587116,3497.134718479356,1396.179624639141,3198.0898123195702,398.0898123195707,299.04490615978557,1.1418798905411396,1.030970020222149,1.2851279343246838,1.0935073508591957,1.1418798905411396,1.1238800808885954,594.2694369587116,1594.2694369587116,3594.2694369587116,3,65,1000.0
2594.2694369587116,6297.134718479356,200.0,2794.2694369587116,6497.134718479356,2396.179624639141,6198.089812319571,398.0898123195707,299.04490615978466,1.0826690162468111,1.0159799081908945,1.166135212997449,1.0482479143115013,1.0826690162468111,1.0639196327635778,594.2694369587116,2594.2694369587116,6594.269436958712,3,65,2000.0
701.2371010147035,701.2371010147035,200.0,901.2371010147035,901.2371010147035,601.2371010147035,601.2371010147035,300.0,300.0,1.1663237345653332,1.1663237345653332,1.4989712036959997,1.4989712036959997,1.1663237345653332,1.4989712036959997,601.2371010147035,701.2371010147035,901.2371010147035,3,66,100.0
901.2371010147035,1100.4123670049012,200.0,1101.2371010147035,1300.4123670049012,801.0309175122529,1200.6185505073518,300.2061835024506,99.79381649754941,1.125096524131252,0.9165378683678459,1.3747747770270784,1.0831186695019654,1.125096524131252,1.2503863948964622,601.2371010147035,901.2371010147035,1501.2371010147035,3,66,300.0
1101.2371010147035,1700.4123670049012,200.0,1301.2371010147035,1900.4123670049012,1001.0309175122529,1800.6185505073518,300.2061835024506,99.79381649754941,1.1001029855815858,0.9443490219101563,1.2998970144184143,1.0554219640075524,1.1001029855815858,1.1669529342695308,601.2371010147035,1101.2371010147035,2101.2371010147035,3,66,500.0
1601.2371010147035,3200.412367004901,200.0,1801.2371010147035,3400.412367004901,1501.030917512253,3300.6185505073518,300.2061835024506,99.79381649754941,1.0667582408419196,0.969640180478581,1.2,1.030234883240964,1.0667582408419196,1.091079458564257,601.2371010147035,1601.2371010147035,3601.2371010147035,3,66,1000.0
2601.2371010147035,6200.412367004901,200.0,2801.2371010147035,6400.412367004901,2501.030917512253,6300.618550507352,300.2061835024506,99.79381649754941,1.0400659515245516,0.9840958181011638,1.1200329757622758,1.0158387332446135,1.0400659515245516,1.0477125456965086,601.2371010147035,2601.2371010147035,6601.2371010147035,3,66,2000.0
744.2564729950391,744.2564729950391,200.0,944.2564729950391,944.2564729950391,644.2564729950391,644.2564729950391,300.0,300.0,1.155217687662674,1.155217687662674,1.4656530629880222,1.4656530629880222,1.155217687662674,1.4656530629880222,644.2564729950391,744.2564729950391,944.2564729950391,3,67,100.0
944.2564729950391,1084.0732779985826,200.0,1144.256472995039,1284.0732779985826,760.1831949964565,1084.0732779985826,384.0732779985826,200.0,1.2421433138882276,1.0,1.5052377907411818,1.184489373605113,1.2421433138882276,1.424494546942479,644.2564729950391,944.2564729950391,1544.256472995039,3,67,300.0
1144.256472995039,1684.0732779985826,200.0,1344.256472995039,1884.0732779985826,960.1831949964565,1684.0732779985826,384.0732779985826,200.0,1.1917064149401844,1.0,1.4000000000000001,1.1187596778672764,1.1917064149401844,1.2732560399885662,644.2564729950391,1144.256472995039,2144.256472995039,3,67,500.0
1644.256472995039,3184.073277998583,200.0,1844.256472995039,3384.073277998583,1460.1831949964565,3184.073277998583,384.0732779985826,200.0,1.1260617699404691,1.0,1.2630308849702345,1.0628126247539487,1.1260617699404691,1.1445265717269277,644.2564729950391,1644.256472995039,3644.256472995039,3,67,1000.0
2644.256472995039,6184.073277998583,200.0,2844.256472995039,6384.073277998583,2460.1831949964567,6184.073277998583,384.0732779985824,200.0,1.0748209638912063,1.0,1.1561157229184047,1.0323411432900627,1.0748209638912063,1.0744142532452963,644.2564729950391,2644.256472995039,6644.256472995039,3,67,2000.0
742.5015380373225,750.7156040319907,200.0,942.5015380373225,950.7156040319907,650.7156040319907,650.7156040319907,291.7859340053318,300.0,1.1410538389376312,1.153676966374213,1.4484077716860575,1.4610308991226393,1.1410538389376312,1.4484077716860575,642.5015380373225,742.5015380373225,942.5015380373225,3,68,100.0
942.5015380373225,1175.3578020159953,200.0,1142.5015380373225,1375.3578020159953,850.7156040319907,1175.3578020159953,291.7859340053318,200.0,1.1078926183677715,1.0,1.3429888115633521,1.1701609498460437,1.1078926183677715,1.312367634257071,642.5015380373225,942.5015380373225,1542.5015380373225,3,68,300.0
1142.5015380373225,1775.3578020159953,200.0,1342.5015380373225,1975.3578020159953,1050.7156040319906,1775.3578020159953,291.7859340053319,200.0,1.0873556399592,1.0,1.2777021040571204,1.1126533478338234,1.0873556399592,1.2067998549951,642.5015380373225,1142.5015380373225,2142.5015380373225,3,68,500.0
1642.5015380373225,3275.3578020159953,200.0,1842.5015380373225,3475.3578020159953,1550.7156040319906,3275.3578020159953,291.7859340053319,200.0,1.0591894050505979,1.0,1.1881621189898806,1.061062031109059,1.0591894050505979,1.1120927111521521,642.5015380373225,1642.5015380373225,3642.5015380373225,3,68,1000.0
2642.5015380373225,6275.357802015995,200.0,2842.5015380373225,6475.357802015995,2550.7156040319906,6275.357802015995,291.7859340053319,200.0,1.035984385660339,1.0,1.1143937542641356,1.0318706926855628,1.035984385660339,1.0585056259108254,642.5015380373225,2642.5015380373225,6642.5015380373225,3,68,2000.0
656.4225108662088,756.4225108662088,200.0,856.4225108662088,956.4225108662088,649.1595960105769,649.1595960105769,207.26291485563183,307.26291485563183,1.0111881806881793,1.1652335042335016,1.3192788277788239,1.473324151324146,1.1540453235453223,1.4621359706359667,649.1595960105769,749.1595960105769,949.1595960105769,3,69,100.0
856.4225108662088,1178.2112554331043,200.0,1056.4225108662088,1378.2112554331043,670.9483405774724,1178.2112554331043,385.47417028873633,200.0,1.2764358432261749,1.0,1.5745213855912752,1.1697488451903144,1.4146537648392623,1.3148402621914472,649.1595960105769,949.1595960105769,1549.159596010577,3,69,300.0
1056.4225108662088,1778.2112554331043,200.0,1256.4225108662088,1978.2112554331043,870.9483405774724,1778.2112554331043,385.47417028873633,200.0,1.2129565688887585,1.0,1.4425913137777517,1.1124725756790284,1.3194348533331377,1.208607576543049,649.1595960105769,1149.159596010577,2149.159596010577,3,69,500.0
1556.4225108662088,3278.2112554331043,200.0,1756.4225108662088,3478.2112554331043,1370.9483405774724,3278.2112554331043,385.47417028873633,200.0,1.135288956409992,1.0,1.2811733738459952,1.0610088808854317,1.2029334346149878,1.113155715624698,649.1595960105769,1649.159596010577,3649.159596010577,3,69,1000.0
2556.4225108662085,6278.211255433104,200.0,2756.4225108662085,6478.211255433104,2370.9483405774727,6278.211255433104,385.4741702887359,200.0,1.0782278412036432,1.0,1.1625822729629145,1.0318562074232405,1.117341761805465,1.059085036403714,649.1595960105769,2649.159596010577,6649.159596010577,3,69,2000.0
693.1493719690479,693.1493719690479,200.0,893.1493719690479,893.1493719690479,593.1493719690479,595.4329146460319,300.0,297.716457323016,1.1685915972026322,1.164109935677818,1.5057747916078967,1.5,1.1685915972026322,1.5,593.1493719690479,693.1493719690479,893.1493719690479,3,70,100.0
893.1493719690479,1097.716457323016,200.0,1093.149371969048,1297.716457323016,695.4329146460319,1097.716457323016,397.716457323016,200.0,1.2843070167647324,1.0,1.5718976610784228,1.1821964120750608,1.2843070167647324,1.3602322913244538,593.1493719690479,893.1493719690479,1493.149371969048,3,70,300.0
1093.149371969048,1697.716457323016,200.0,1293.149371969048,1897.716457323016,895.4329146460319,1697.716457323016,397.716457323016,200.0,1.2208054384522755,1.0,1.4441610876904551,1.1178053020204346,1.2208054384522755,1.2329204696934826,593.1493719690479,1093.149371969048,2093.149371969048,3,70,500.0
1593.149371969048,3197.7164573230157,200.0,1793.149371969048,3397.7164573230157,1395.4329146460318,3197.7164573230157,397.71645732301613,200.0,1.1416882569185844,1.0,1.2850129541511508,1.0625446322928302,1.1416882569185844,1.1236610312150912,593.1493719690479,1593.149371969048,3593.149371969048,3,70,1000.0
2593.149371969048,6197.716457323017,200.0,2793.149371969048,6397.716457323017,2395.432914646032,6197.716457323017,397.71645732301613,200.0,1.0825389248490944,1.0,1.1660311398792755,1.0322699499690222,1.0825389248490944,1.0638030018586606,593.1493719690479,2593.149371969048,6593.149371969048,3,70,2000.0
787.9340699524619,787.9340699524619,200.0,987.9340699524619,987.9340699524619,701.9423112084041,715.9505524643464,285.99175874405773,271.98351748811547,1.1225054500504772,1.1005425825014643,1.4074291493437954,1.3798914834997071,1.1225054500504772,1.3798914834997071,687.9340699524619,787.9340699524619,987.9340699524619,3,71,100.0
987.9340699524619,1243.967034976231,200.0,1187.9340699524619,1443.967034976231,901.9423112084041,1157.9752762321732,285.99175874405773,285.99175874405773,1.0953406417189229,1.0742604445095394,1.3170843136972827,1.246975703725402,1.0953406417189229,1.3713022225476965,687.9340699524619,987.9340699524619,1587.9340699524619,3,71,300.0
1187.9340699524619,1843.967034976231,200.0,1387.9340699524619,2043.967034976231,1101.9423112084041,1757.9752762321732,285.99175874405773,285.99175874405773,1.0780365340992832,1.0489152264577701,1.25953423862129,1.1626824692079953,1.0780365340992832,1.2445761322888507,687.9340699524619,1187.9340699524619,2187.934069952462,3,71,500.0
1687.9340699524619,3343.967034976231,200.0,1887.9340699524619,3543.967034976231,1601.9423112084041,3257.975276232173,285.99175874405773,285.99175874405773,1.0536796850563184,1.0263942330598366,1.1785281259774727,1.087782053114536,1.0536796850563184,1.1319711652991833,687.9340699524619,1687.9340699524619,3687.934069952462,3,71,1000.0
2687.934069952462,6343.967034976231,200.0,2887.934069952462,6543.967034976231,2601.942311208404,6257.975276232173,285.99175874405773,285.99175874405773,1.0330490642984782,1.0137411470880453,1.1099147192895435,1.045700365712574,1.0330490642984782,1.068705735440227,687.9340699524619,2687.934069952462,6687.934069952462,3,71,2000.0
800.3628599923104,800.3628599923104,200.0,1000.3628599923104,1000.3628599923104,700.3628599923104,700.3628599923104,300.0,300.0,1.1427831281645888,1.1427831281645888,1.4283493844937662,1.4283493844937662,1.1427831281645888,1.4283493844937662,700.3628599923104,800.3628599923104,1000.3628599923104,3,72,100.0
1000.3628599923104,1162.6360724971164,200.0,1200.3628599923104,1362.6360724971164,737.726787495194,1075.0907149980776,462.6360724971164,287.5453574990388,1.356007233231757,1.0814306702473897,1.6271103074186937,1.267461483470772,1.356007233231757,1.4885840214843378,700.3628599923104,1000.3628599923104,1600.3628599923104,3,72,300.0
1200.3628599923104,1762.6360724971164,200.0,1400.3628599923104,1962.6360724971164,937.726787495194,1675.0907149980776,462.6360724971164,287.5453574990388,1.2800773914101953,1.0522630546006813,1.493359130470065,1.1716595733738329,1.2800773914101953,1.3135783276040878,700.3628599923104,1200.3628599923104,2200.3628599923104,3,72,500.0
1700.3628599923104,3262.6360724971164,200.0,1900.3628599923104,3462.6360724971164,1437.726787495194,3175.0907149980776,462.6360724971164,287.5453574990388,1.1826745350934726,1.02757255315116,1.3217830233956485,1.0905628793976718,1.1826745350934726,1.1654353189069595,700.3628599923104,1700.3628599923104,3700.3628599923104,3,72,1000.0
2700.3628599923104,6262.636072497116,200.0,2900.3628599923104,6462.636072497116,2437.726787495194,6175.090714998078,462.6360724971164,287.5453574990388,1.1077381082426303,1.0141771775573123,1.1897817568688585,1.0465653657201581,1.1077381082426303,1.0850630653438742,700.3628599923104,2700.3628599923104,6700.36285999231,3,72,2000.0
802.311251021456,802.311251021456,200.0,1002.311251021456,1002.311251021456,702.311251021456,702.311251021456,300.0,300.0,1.1423870112497243,1.1423870112497243,1.427161033749173,1.427161033749173,1.1423870112497243,1.427161033749173,702.311251021456,802.311251021456,1002.311251021456,3,73,100.0
1002.311251021456,1163.366719133046,200.0,1202.311251021456,1363.366719133046,826.733438266092,1163.366719133046,375.577812755364,200.0,1.2123753614267778,1.0,1.454291305239889,1.1719148370937087,1.2123753614267778,1.377305388463851,702.311251021456,1002.311251021456,1602.311251021456,3,73,300.0
1202.311251021456,1763.366719133046,200.0,1402.311251021456,1963.366719133046,1026.733438266092,1763.366719133046,375.577812755364,200.0,1.1710062283077807,1.0,1.3657987543384438,1.1134194026857496,1.1710062283077807,1.248924133094797,702.311251021456,1202.311251021456,2202.311251021456,3,73,500.0
1702.311251021456,3263.366719133046,200.0,1902.311251021456,3463.366719133046,1526.733438266092,3263.366719133046,375.577812755364,200.0,1.115002271093746,1.0,1.2460009084374983,1.0612864005836073,1.115002271093746,1.1345066520764853,702.311251021456,1702.311251021456,3702.311251021456,3,73,1000.0
2702.311251021456,6263.366719133046,200.0,2902.311251021456,6463.366719133046,2526.733438266092,6263.366719133046,375.577812755364,200.0,1.0694880631634218,1.0,1.1486416442143952,1.0319317084514705,1.0694880631634218,1.0700812440931395,702.311251021456,2702.311251021456,6702.311251021456,3,73,2000.0
698.2514700153843,698.542891679487,200.0,898.2514700153843,898.542891679487,598.542891679487,598.8343133435894,299.7085783358973,299.7085783358975,1.1665855191365135,1.1665044505869662,1.500730327771377,1.5004866482391026,1.1665855191365135,1.5000000000000002,598.2514700153843,698.2514700153843,898.2514700153843,3,74,100.0
898.2514700153843,1199.1257350076921,200.0,1098.2514700153843,1399.1257350076921,798.542891679487,1099.4171566717946,299.7085783358973,299.7085783358975,1.1248631468325907,1.0906922160808732,1.375319324057288,1.2726067867115962,1.1248631468325907,1.362768864323492,598.2514700153843,898.2514700153843,1498.2514700153843,3,74,300.0
1098.2514700153843,1799.1257350076921,200.0,1298.2514700153843,1999.1257350076921,998.542891679487,1699.4171566717946,299.7085783358973,299.7085783358975,1.0998540765416633,1.0586722206166088,1.3001459234583366,1.1763596284521798,1.0998540765416633,1.2346888824664348,598.2514700153843,1098.2514700153843,2098.2514700153843,3,74,500.0
1598.2514700153843,3299.125735007692,200.0,1798.2514700153843,3499.125735007692,1498.542891679487,3199.417156671795,299.7085783358973,299.7085783358971,1.0665370199875621,1.0311646070059897,1.2,1.0936759927385242,1.0665370199875621,1.1246584280239587,598.2514700153843,1598.2514700153843,3598.2514700153843,3,74,1000.0
2598.2514700153843,6299.125735007692,200.0,2798.2514700153843,6499.125735007692,2498.5428916794867,6199.417156671794,299.7085783358975,299.708578335898,1.0399066906827743,1.0160835407290816,1.1199533453413872,1.0483446380138095,1.0399066906827743,1.064334162916326,598.2514700153843,2598.2514700153843,6598.251470015384,3,74,2000.0
693.6215840047225,693.6215840047225,200.0,893.6215840047225,893.6215840047225,593.6215840047225,595.747722669815,300.0,297.8738613349076,1.1684574865444994,1.1642874284039064,1.5053724596334983,1.5000000000000002,1.1684574865444994,1.5000000000000002,593.6215840047225,693.6215840047225,893.6215840047225,3,75,100.0
893.6215840047225,1097.8738613349074,200.0,1093.6215840047225,1297.8738613349074,695.747722669815,1097.8738613349074,397.8738613349076,200.0,1.2844046123149349,1.0,1.5718651292283552,1.1821702902707052,1.2844046123149349,1.3604673875636537,593.6215840047225,893.6215840047225,1493.6215840047225,3,75,300.0
1093.6215840047225,1697.8738613349074,200.0,1293.6215840047225,1897.8738613349074,895.747722669815,1697.8738613349074,397.8738613349076,200.0,1.2209035605975485,1.0,1.4441807121195098,1.1177943806984316,1.2209035605975485,1.2330842895235274,593.6215840047225,1093.6215840047225,2093.6215840047225,3,75,500.0
1593.6215840047225,3197.873861334908,200.0,1793.6215840047225,3397.8738613349074,1395.747722669815,3197.873861334908,397.8738613349076,199.99999999999955,1.1417690733941592,1.0,1.2850614440364956,1.062541553754879,1.1417690733941592,1.123753387353626,593.6215840047225,1593.6215840047225,3593.6215840047225,3,75,1000.0
2593.6215840047225,6197.873861334907,200.0,2793.6215840047225,6397.873861334907,2395.747722669815,6197.873861334907,397.87386133490736,200.0,1.0825937804145744,1.0,1.1660750243316595,1.0322691304267564,1.0825937804145744,1.0638521743946203,593.6215840047225,2593.6215840047225,6593.6215840047225,3,75,2000.0
762.3146390193142,762.3146390193142,200.0,962.3146390193142,962.3146390193142,667.698262016555,673.0818850137958,294.61637700275924,289.23275400551836,1.141705291724143,1.1325734000458048,1.4412417910344275,1.4297140666615773,1.141705291724143,1.4297140666615773,662.3146390193142,762.3146390193142,962.3146390193142,3,76,100.0
962.3146390193142,1089.2327540055185,200.0,1162.3146390193142,1289.2327540055185,867.698262016555,1183.8491310082775,294.61637700275924,105.38362299724099,1.1090429486200286,0.9200773354268759,1.3395378208065816,1.0890177812670152,1.1090429486200286,1.319690658292497,662.3146390193142,962.3146390193142,1562.3146390193142,3,76,300.0
1162.3146390193142,1689.2327540055185,200.0,1362.3146390193142,1889.2327540055185,1067.698262016555,1783.8491310082775,294.61637700275924,105.38362299724099,1.0886171499652513,0.9469594287106111,1.2759359900486484,1.0590765335281889,1.0886171499652513,1.212162285157556,662.3146390193142,1162.3146390193142,2162.314639019314,3,76,500.0
1662.3146390193142,3189.2327540055185,200.0,1862.3146390193142,3389.2327540055185,1567.698262016555,3283.8491310082773,294.61637700275924,105.38362299724122,1.0603536913290015,0.9711873556829002,1.1879292617341997,1.032091493486147,1.0603536913290015,1.1152505772683998,662.3146390193142,1662.3146390193142,3662.314639019314,3,76,1000.0
2662.314639019314,6189.2327540055185,200.0,2862.314639019314,6389.2327540055185,2567.698262016555,6283.849131008277,294.61637700275924,105.38362299724122,1.0368487132629252,0.9849429266950626,1.11473948530517,1.0167705526979023,1.0368487132629252,1.0602282932197498,662.3146390193142,2662.314639019314,6662.314639019314,3,76,2000.0
704.8497860319912,704.8497860319912,200.0,904.8497860319912,904.8497860319912,604.8497860319912,604.8497860319912,300.0,300.0,1.1653303056549495,1.1653303056549495,1.4959909169648489,1.4959909169648489,1.1653303056549495,1.4959909169648489,604.8497860319912,704.8497860319912,904.8497860319912,3,77,100.0
904.8497860319912,1101.616595343997,200.0,1104.8497860319912,1301.616595343997,804.0414883599927,1202.4248930159956,300.8082976719985,99.19170232800138,1.1253769850578452,0.9161624994147076,1.3741203681983607,1.0824930545800684,1.1253769850578452,1.2515125017558768,604.8497860319912,904.8497860319912,1504.8497860319912,3,77,300.0
1104.8497860319912,1701.616595343997,200.0,1304.8497860319912,1901.616595343997,1004.0414883599927,1802.4248930159956,300.8082976719985,99.19170232800138,1.1004025220478282,0.9440707360053621,1.2995974779521715,1.0550323637408403,1.1004025220478282,1.1677877919839137,604.8497860319912,1104.8497860319912,2104.8497860319912,3,77,500.0
1604.8497860319912,3201.616595343997,200.0,1804.8497860319912,3401.616595343997,1504.0414883599929,3302.4248930159956,300.8082976719984,99.19170232800116,1.0670249447586182,0.9694744616644607,1.2,1.0300360206640196,1.0670249447586182,1.0915766150066175,604.8497860319912,1604.8497860319912,3604.8497860319912,3,77,1000.0
2604.8497860319912,6201.616595343998,200.0,2804.8497860319912,6401.616595343998,2504.041488359993,6302.424893015996,300.8082976719984,99.19170232800207,1.0402582377890321,0.9840048395049169,1.120129118894516,1.0157386567887419,1.0402582377890321,1.0479854814852496,604.8497860319912,2604.8497860319912,6604.849786031991,3,77,2000.0
706.7574199987575,706.7574199987575,200.0,906.7574199987575,906.7574199987575,606.7574199987575,606.7574199987575,300.0,300.0,1.1648105102698287,1.1648105102698287,1.4944315308094862,1.4944315308094862,1.1648105102698287,1.4944315308094862,606.7574199987575,706.7574199987575,906.7574199987575,3,78,100.0
906.7574199987575,1102.2524733329192,200.0,1106.7574199987575,1302.2524733329192,805.631183332298,1203.3787099993788,301.1262366664596,98.87376333354041,1.1255242333696363,0.915964745074714,1.373776788804182,1.0821634640134123,1.1255242333696363,1.252105764775858,606.7574199987575,906.7574199987575,1506.7574199987575,3,78,300.0
1106.7574199987575,1702.2524733329192,200.0,1306.7574199987575,1902.2524733329192,1005.631183332298,1803.3787099993788,301.1262366664596,98.87376333354041,1.1005599650672764,0.9439240154573554,1.2994400349327238,1.0548269549736309,1.1005599650672764,1.1682279536279339,606.7574199987575,1106.7574199987575,2106.7574199987575,3,78,500.0
1606.7574199987575,3202.252473332919,200.0,1806.7574199987575,3402.252473332919,1505.631183332298,3303.3787099993788,301.1262366664596,98.87376333354041,1.0671653441997957,0.9693870289953892,1.2,1.0299311014611336,1.0671653441997957,1.0918389130138324,606.7574199987575,1606.7574199987575,3606.7574199987575,3,78,1000.0
2606.7574199987575,6202.252473332919,200.0,2806.7574199987575,6402.252473332919,2505.631183332298,6303.378709999379,301.1262366664596,98.87376333354041,1.040359585775896,0.9839568204102924,1.120179792887948,1.015685835784655,1.040359585775896,1.048129538769123,606.7574199987575,2606.7574199987575,6606.7574199987575,3,78,2000.0
861.3491360098124,861.3491360098124,200.0,1061.3491360098124,1061.3491360098124,761.3491360098124,761.3491360098124,300.0,300.0,1.1313457850942004,1.1313457850942004,1.3940373552826013,1.3940373552826013,1.1313457850942004,1.3940373552826013,761.3491360098124,861.3491360098124,1061.3491360098124,3,79,100.0
1061.3491360098124,1238.3773937821388,200.0,1261.3491360098124,1438.3773937821388,892.1604391187429,1153.7830453366041,369.1886968910694,284.5943484455347,1.1896393176301232,1.0733191121046983,1.413814243159836,1.2466619262571217,1.1896393176301232,1.43991467262819,761.3491360098124,1061.3491360098124,1661.3491360098124,3,79,300.0
1261.3491360098124,1838.3773937821388,200.0,1461.3491360098124,2038.3773937821388,1092.160439118743,1753.7830453366041,369.1886968910694,284.5943484455347,1.1549119440982376,1.0482353553767527,1.3380352223607048,1.162274546559385,1.1549119440982376,1.2894121322605163,761.3491360098124,1261.3491360098124,2261.3491360098124,3,79,500.0
1761.3491360098124,3338.377393782139,200.0,1961.3491360098124,3538.377393782139,1592.160439118743,3253.783045336604,369.1886968910694,284.5943484455347,1.1062635980232713,1.0259987673630475,1.2318790794069814,1.0874656805571048,1.1062635980232713,1.155992604178285,761.3491360098124,1761.3491360098124,3761.3491360098124,3,79,1000.0
2761.3491360098124,6338.377393782139,200.0,2961.3491360098124,6538.377393782139,2592.160439118743,6253.783045336604,369.1886968910694,284.5943484455347,1.0652693769790686,1.0135269080862368,1.1424250950363946,1.0455075506109466,1.0652693769790686,1.0811614485174212,761.3491360098124,2761.3491360098124,6761.349136009812,3,79,2000.0
803.0107319587842,803.0107319587842,200.0,1003.0107319587842,1003.0107319587842,703.0107319587842,703.0107319587842,300.0,300.0,1.1422453391591507,1.1422453391591507,1.426736017477452,1.426736017477452,1.1422453391591507,1.426736017477452,703.0107319587842,803.0107319587842,1003.0107319587842,3,80,100.0
1003.0107319587842,1163.629024484544,200.0,1203.0107319587842,1363.629024484544,827.2580489690881,1075.752682989696,375.75268298969604,287.876341494848,1.2124520676573838,1.0816882382766875,1.454214599009283,1.2676045768203819,1.2124520676573838,1.4901294296601242,703.0107319587842,1003.0107319587842,1603.0107319587842,3,80,300.0
1203.0107319587842,1763.629024484544,200.0,1403.0107319587842,1963.629024484544,1027.2580489690881,1675.752682989696,375.75268298969604,287.876341494848,1.171089127182867,1.0524399228996422,1.3657821745634267,1.1717892767930709,1.171089127182867,1.3146395373978526,703.0107319587842,1203.0107319587842,2203.010731958784,3,80,500.0
1703.0107319587842,3263.629024484544,200.0,1903.0107319587842,3463.629024484544,1527.2580489690881,3175.752682989696,375.75268298969604,287.876341494848,1.115077267465266,1.0276710280260615,1.2460309069861064,1.0906482242892532,1.115077267465266,1.1660261681563693,703.0107319587842,1703.0107319587842,3703.010731958784,3,80,1000.0
2703.010731958784,6263.629024484544,200.0,2903.010731958784,6463.629024484544,2527.258048969088,6175.752682989696,375.75268298969604,287.876341494848,1.069542832423222,1.0142292520451623,1.1486799826962553,1.046613968575485,1.069542832423222,1.085375512270974,703.0107319587842,2703.010731958784,6703.010731958784,3,80,2000.0
706.9697110215202,706.9697110215202,200.0,906.9697110215202,906.9697110215202,606.9697110215202,606.9697110215202,300.0,300.0,1.1647528668798013,1.1647528668798013,1.494258600639404,1.494258600639404,1.1647528668798013,1.494258600639404,606.9697110215202,706.9697110215202,906.9697110215202,3,81,100.0
906.9697110215202,1102.3232370071732,200.0,1106.9697110215202,1302.3232370071732,805.8080925179336,1102.3232370071732,301.1616185035866,200.0,1.1255405839714065,1.0,1.3737386374000509,1.181434985025811,1.1255405839714065,1.3670851347677013,606.9697110215202,906.9697110215202,1506.9697110215202,3,81,300.0
1106.9697110215202,1702.3232370071732,200.0,1306.9697110215202,1902.3232370071732,1005.8080925179336,1702.3232370071732,301.1616185035866,200.0,1.1005774553377665,1.0,1.2994225446622332,1.1174865005964536,1.1005774553377665,1.237702491053197,606.9697110215202,1106.9697110215202,2106.96971102152,3,81,500.0
1606.9697110215202,3202.3232370071737,200.0,1806.9697110215202,3402.3232370071732,1505.8080925179336,3202.3232370071737,301.1616185035866,199.99999999999955,1.0671809502195126,1.0,1.2,1.0624546571966031,1.0671809502195126,1.1263602841019011,606.9697110215202,1606.9697110215202,3606.96971102152,3,81,1000.0
2606.96971102152,6202.323237007173,200.0,2806.96971102152,6402.323237007173,2505.8080925179333,6202.323237007173,301.16161850358685,200.0,1.0403708563339884,1.0,1.1201854281669943,1.0322459814423517,1.0403708563339884,1.0652411134588984,606.9697110215202,2606.96971102152,6606.96971102152,3,81,2000.0
699.2172550177202,699.3477125147668,200.0,899.2172550177202,899.3477125147668,599.3477125147668,599.6086275088601,299.8695425029533,299.73908500590676,1.1666303890339662,1.1663403100457106,1.5003264986943037,1.4998912144596814,1.1666303890339662,1.4996736433790439,599.2172550177202,699.2172550177202,899.2172550177202,3,82,100.0
899.2172550177202,1199.60862750886,200.0,1099.2172550177202,1399.60862750886,799.3477125147668,1199.60862750886,299.8695425029533,200.0,1.1249387981467556,1.0,1.3751428043242366,1.1667210416911769,1.1249387981467556,1.2497553123897045,599.2172550177202,899.2172550177202,1499.2172550177202,3,82,300.0
1099.2172550177202,1799.60862750886,200.0,1299.2172550177202,1999.60862750886,999.3477125147668,1799.60862750886,299.8695425029533,200.0,1.0999347286758088,1.0,1.3000652713241911,1.1111352751608297,1.0999347286758088,1.1664854362937782,599.2172550177202,1099.2172550177202,2099.21725501772,3,82,500.0
1599.2172550177202,3299.60862750886,200.0,1799.2172550177202,3499.60862750886,1499.347712514767,3299.60862750886,299.8695425029532,200.0,1.0666086603323308,1.0,1.2,1.0606132491994955,1.0666086603323308,1.0908012620075669,599.2172550177202,1599.2172550177202,3599.21725501772,3,82,1000.0
2599.21725501772,6299.60862750886,200.0,2799.21725501772,6499.60862750886,2499.347712514767,6299.60862750886,299.8695425029532,200.0,1.039958242705841,1.0,1.1199791213529204,1.031748004015146,1.039958242705841,1.0475598795456185,599.2172550177202,2599.21725501772,6599.21725501772,3,82,2000.0
862.4876660411246,862.4876660411246,200.0,1062.4876660411246,1062.4876660411246,762.4876660411246,762.4876660411246,300.0,300.0,1.1311496624190724,1.1311496624190724,1.3934489872572176,1.3934489872572176,1.1311496624190724,1.3934489872572176,762.4876660411246,862.4876660411246,1062.4876660411246,3,83,100.0
1062.4876660411246,1238.8834071293886,200.0,1262.4876660411246,1438.8834071293886,808.325110694083,1154.1625553470415,454.1625553470416,284.72085178234715,1.3144311020213144,1.0734046095932064,1.5618562993262286,1.2466904254199578,1.3144311020213144,1.4404276575592392,762.4876660411246,1062.4876660411246,1662.4876660411246,3,83,300.0
1262.4876660411246,1838.8834071293886,200.0,1462.4876660411246,2038.8834071293886,1008.325110694083,1754.1625553470415,454.1625553470416,284.72085178234715,1.2520640938636232,1.0482970358272106,1.4504128187727248,1.1623115548296596,1.2520640938636232,1.289782214963263,762.4876660411246,1262.4876660411246,2262.4876660411246,3,83,500.0
1762.4876660411246,3338.8834071293886,200.0,1962.4876660411246,3538.8834071293886,1508.325110694083,3254.1625553470412,454.1625553470417,284.7208517823474,1.168506480164667,1.026034609624261,1.3011038880988002,1.0874943543660753,1.168506480164667,1.1562076577455649,762.4876660411246,1762.4876660411246,3762.4876660411246,3,83,1000.0
2762.4876660411246,6338.883407129389,200.0,2962.4876660411246,6538.883407129389,2508.325110694083,6254.162555347042,454.1625553470417,284.7208517823465,1.1013275967550762,1.0135463143198786,1.181062077404061,1.0455250162212242,1.1013275967550762,1.0812778859192724,762.4876660411246,2762.4876660411246,6762.487666041125,3,83,2000.0
825.5346649908461,825.5346649908461,200.0,1025.534664990846,1025.534664990846,734.8428318669903,744.1509987431346,290.69183312385576,281.3836662477115,1.1234166398458811,1.1093644520872348,1.3955836820035448,1.3781271095825531,1.1234166398458811,1.3781271095825531,725.5346649908461,825.5346649908461,1025.534664990846,3,84,100.0
1025.534664990846,1172.0754993715673,200.0,1225.534664990846,1372.0754993715673,934.8428318669903,1172.0754993715673,290.69183312385576,200.0,1.0970129202817265,1.0,1.3109526256336697,1.170637471824327,1.0970129202817265,1.386885627984213,725.5346649908461,1025.534664990846,1625.534664990846,3,84,300.0
1225.534664990846,1772.0754993715673,200.0,1425.534664990846,1972.0754993715673,1134.8428318669903,1772.0754993715673,290.69183312385576,200.0,1.0799157650532574,1.0,1.2561516229041365,1.1128620084589658,1.0799157650532574,1.2558915609295933,725.5346649908461,1225.534664990846,2225.534664990846,3,84,500.0
1725.534664990846,3272.0754993715673,200.0,1925.534664990846,3472.0754993715673,1634.8428318669903,3272.0754993715673,290.69183312385576,200.0,1.0554743436837202,1.0,1.1778102625265119,1.0611232839946425,1.0554743436837202,1.138584566800604,725.5346649908461,1725.534664990846,3725.534664990846,3,84,1000.0
2725.534664990846,6272.075499371567,200.0,2925.534664990846,6472.075499371567,2634.8428318669903,6272.075499371567,290.69183312385576,200.0,1.0344202060278462,1.0,1.110326061808354,1.031887371256937,1.0344202060278462,1.0722981038198143,725.5346649908461,2725.534664990846,6725.534664990846,3,84,2000.0
804.9848819733597,804.9848819733597,200.0,1004.9848819733597,1004.9848819733597,716.8617717266898,716.8617717266898,288.12311024666997,288.12311024666997,1.122929013266267,1.122929013266267,1.401922827538528,1.401922827538528,1.122929013266267,1.401922827538528,704.9848819733597,804.9848819733597,1004.9848819733597,3,85,100.0
1004.9848819733597,1252.4924409866799,200.0,1204.9848819733597,1452.4924409866799,916.8617717266898,1252.4924409866799,288.12311024666997,200.0,1.096113845035453,1.0,1.3142492348700057,1.1596816024234409,1.096113845035453,1.281432789094516,704.9848819733597,1004.9848819733597,1604.9848819733597,3,85,300.0
1204.9848819733597,1852.4924409866799,200.0,1404.9848819733597,2052.49244098668,1116.8617717266898,1852.4924409866799,288.12311024666997,200.0,1.0789024322234881,1.0,1.2579756219977214,1.1079626537603984,1.0789024322234881,1.1902800967970129,704.9848819733597,1204.9848819733597,2204.9848819733597,3,85,500.0
1704.9848819733597,3352.49244098668,200.0,1904.9848819733597,3552.49244098668,1616.8617717266898,3352.49244098668,288.12311024666997,200.0,1.0545025627964233,1.0,1.1781989748814308,1.0596571069198706,1.0545025627964233,1.1051433962019426,704.9848819733597,1704.9848819733597,3704.9848819733597,3,85,1000.0
2704.9848819733597,6352.49244098668,200.0,2904.9848819733597,6552.49244098668,2616.8617717266898,6352.49244098668,288.12311024666997,200.0,1.0336751108517754,1.0,1.1101025332555328,1.0314837053106254,1.0336751108517754,1.0554888406812382,704.9848819733597,2704.9848819733597,6704.98488197336,3,85,2000.0
732.1717832688591,741.861528516165,200.0,932.1717832688591,941.861528516165,722.4820380215533,741.861528516165,209.68974524730584,200.0,1.0134117455346576,1.0,1.2902352366039727,1.269592090049514,1.1384117455346576,1.3782653483415856,722.4820380215533,822.4820380215533,1022.4820380215533,3,86,100.0
932.1717832688591,1170.9307642580825,200.0,1132.1717832688591,1370.9307642580825,841.861528516165,1170.9307642580825,290.31025475269416,200.0,1.1072744764948124,1.0,1.3448432371822294,1.1708042918547132,1.2145489529896247,1.385634477756317,722.4820380215533,1022.4820380215533,1622.4820380215533,3,86,300.0
1132.1717832688591,1770.9307642580825,200.0,1332.1717832688591,1970.9307642580825,1041.861528516165,1770.9307642580825,290.31025475269416,200.0,1.0866816292576955,1.0,1.2786457190392262,1.1129349628096774,1.173363258515391,1.2549796315457,722.4820380215533,1222.4820380215533,2222.4820380215533,3,86,500.0
1632.1717832688591,3270.9307642580825,200.0,1832.1717832688591,3470.9307642580825,1541.861528516165,3270.9307642580825,290.31025475269416,200.0,1.0585722213586881,1.0,1.1882855557282623,1.0611446754500058,1.1171444427173765,1.1380497804165208,722.4820380215533,1722.4820380215533,3722.4820380215533,3,86,1000.0
2632.171783268859,6270.9307642580825,200.0,2832.171783268859,6470.9307642580825,2541.861528516165,6270.9307642580825,290.31025475269416,200.0,1.035529179595166,1.0,1.1142116718380664,1.0318931921780932,1.0710583591903322,1.0720070577620058,722.4820380215533,2722.4820380215533,6722.482038021553,3,86,2000.0
705.5404000217095,705.5404000217095,200.0,905.5404000217095,905.5404000217095,605.5404000217095,605.5404000217095,300.0,300.0,1.1651417477618584,1.1651417477618584,1.4954252432855752,1.4954252432855752,1.1651417477618584,1.4954252432855752,605.5404000217095,705.5404000217095,905.5404000217095,3,87,100.0
905.5404000217095,1104.6170000180914,200.0,1105.5404000217095,1304.6170000180914,804.6170000180913,1101.8468000072364,300.9234000036182,202.77020001085498,1.1254303600363267,1.0025141426292992,1.3739958265819043,1.1840275798863538,1.1254303600363267,1.366379064686508,605.5404000217095,905.5404000217095,1505.5404000217095,3,87,300.0
1105.5404000217095,1701.8468000072364,200.0,1305.5404000217095,1901.8468000072364,1004.6170000180913,1701.8468000072364,300.9234000036182,200.0,1.1004595781295765,1.0,1.2995404218704234,1.1175193912866597,1.1004595781295765,1.2372091307001056,605.5404000217095,1105.5404000217095,2105.5404000217095,3,87,500.0
1605.5404000217095,3201.846800007236,200.0,1805.5404000217095,3401.846800007236,1504.6170000180914,3201.846800007236,300.9234000036181,200.0,1.0670758073332978,1.0,1.2,1.0624639504924307,1.0670758073332978,1.1260814852270762,605.5404000217095,1605.5404000217095,3605.5404000217095,3,87,1000.0
2605.5404000217095,6201.846800007237,200.0,2805.5404000217095,6401.846800007237,2504.6170000180914,6201.846800007237,300.9234000036181,200.0,1.0402949432998694,1.0,1.1201474716499347,1.032248458636509,1.0402949432998694,1.065092481809451,605.5404000217095,2605.5404000217095,6605.5404000217095,3,87,2000.0
827.7184010017663,827.7184010017663,200.0,1027.7184010017663,1027.7184010017663,736.7536008765455,745.7888007513247,290.9648001252208,281.9296002504416,1.1234670587520663,1.1098563027064818,1.3949282362231392,1.3780287394587036,1.1234670587520663,1.3780287394587036,727.7184010017663,827.7184010017663,1027.7184010017663,3,88,100.0
1027.7184010017663,1172.8944003756624,200.0,1227.7184010017663,1372.8944003756624,936.7536008765455,1172.8944003756624,290.9648001252208,200.0,1.097106432299916,1.0,1.3106097482336414,1.1705183347588177,1.097106432299916,1.3877791559755337,727.7184010017663,1027.7184010017663,1627.7184010017663,3,88,300.0
1227.7184010017663,1772.8944003756624,200.0,1427.7184010017663,1972.8944003756624,1136.7536008765455,1772.8944003756624,290.9648001252208,200.0,1.0800215632086656,1.0,1.2559611862244018,1.1128098774284705,1.0800215632086656,1.2565431988107867,727.7184010017663,1227.7184010017663,2227.7184010017663,3,88,500.0
1727.7184010017663,3272.8944003756624,200.0,1927.7184010017663,3472.8944003756624,1636.7536008765455,3272.8944003756624,290.9648001252208,200.0,1.0555763555837028,1.0,1.177769457766519,1.061107990522714,1.0555763555837028,1.1389669035988144,727.7184010017663,1727.7184010017663,3727.7184010017663,3,88,1000.0
2727.7184010017663,6272.894400375662,200.0,2927.7184010017663,6472.894400375662,2636.7536008765455,6272.894400375662,290.9648001252208,200.0,1.0344987867258362,1.0,1.110349636017751,1.0318832084895329,1.0344987867258362,1.0725062421900273,727.7184010017663,2727.7184010017663,6727.718401001766,3,88,2000.0
861.2751360284165,861.2751360284165,200.0,1061.2751360284165,1061.2751360284165,761.2751360284165,761.2751360284165,300.0,300.0,1.1313585526012335,1.1313585526012335,1.3940756578037008,1.3940756578037008,1.1313585526012335,1.3940756578037008,761.2751360284165,861.2751360284165,1061.2751360284165,3,89,100.0
1061.2751360284165,1238.3445049015183,200.0,1261.2751360284165,1438.3445049015183,892.1028835776573,1153.7583786761388,369.1722524507592,284.58612622537953,1.1896331191894782,1.073313553156976,1.413822507747362,1.2466600732745474,1.1896331191894782,1.4398813189418562,761.2751360284165,1061.2751360284165,1661.2751360284165,3,89,300.0
1261.2751360284165,1838.3445049015183,200.0,1461.2751360284165,2038.3445049015183,1092.1028835776574,1753.7583786761388,369.17225245075906,284.58612622537953,1.1549050506089333,1.0482313454657484,1.3380379797564264,1.1622721406127823,1.1549050506089333,1.2893880727944902,761.2751360284165,1261.2751360284165,2261.2751360284165,3,89,500.0
1761.2751360284165,3338.344504901518,200.0,1961.2751360284165,3538.344504901518,1592.1028835776574,3253.758378676139,369.17225245075906,284.5861262253793,1.1062571107657362,1.0259964374674295,1.2318771332297207,1.0874638166406103,1.1062571107657362,1.155978624804578,761.2751360284165,1761.2751360284165,3761.2751360284165,3,89,1000.0
2761.2751360284165,6338.344504901519,200.0,2961.2751360284165,6538.344504901518,2592.1028835776574,6253.758378676139,369.17225245075906,284.5861262253793,1.0652644821787571,1.0135256466757332,1.1424219134161921,1.0455064153414932,1.0652644821787571,1.0811538800543992,761.2751360284165,2761.2751360284165,6761.2751360284165,3,89,2000.0
817.0455470331945,817.0455470331945,200.0,1017.0455470331945,1017.0455470331945,727.4148536540451,727.4148536540451,289.6306933791493,289.6306933791493,1.1232181236455439,1.1232181236455439,1.3981643926079301,1.3981643926079301,1.1232181236455439,1.3981643926079301,717.0455470331945,817.0455470331945,1017.0455470331945,3,90,100.0
1017.0455470331945,1168.892080137448,200.0,1217.0455470331945,1368.892080137448,927.4148536540451,1168.892080137448,289.6306933791493,200.0,1.096645738448119,1.0,1.312298959023564,1.1711021944613418,1.096645738448119,1.3834002082066028,717.0455470331945,1017.0455470331945,1617.0455470331945,3,90,300.0
1217.0455470331945,1768.892080137448,200.0,1417.0455470331945,1968.892080137448,1127.4148536540451,1768.892080137448,289.6306933791493,200.0,1.0795010754813534,1.0,1.2568980641335639,1.1130651226526265,1.0795010754813534,1.2533526335088367,717.0455470331945,1217.0455470331945,2217.0455470331945,3,90,500.0
1717.0455470331945,3268.892080137448,200.0,1917.0455470331945,3468.892080137448,1627.4148536540451,3268.892080137448,289.6306933791493,200.0,1.0550755040596447,1.0,1.1779697983761421,1.0611828090670985,1.0550755040596447,1.1370964399892036,717.0455470331945,1717.0455470331945,3717.0455470331945,3,90,1000.0
2717.0455470331945,6268.892080137448,200.0,2917.0455470331945,6468.892080137448,2627.414853654045,6268.892080137448,289.6306933791493,200.0,1.0341136433991367,1.0,1.110234093019741,1.0319035640498082,1.0341136433991367,1.07148846417626,717.0455470331945,2717.0455470331945,6717.045547033194,3,90,2000.0
769.5967770065181,769.5967770065181,200.0,969.5967770065181,969.5967770065181,673.9400945770154,678.283412147513,295.65668242950267,291.3133648590051,1.1419364765492097,1.1346242046077728,1.4386987579586958,1.429486199488025,1.1419364765492097,1.429486199488025,669.5967770065181,769.5967770065181,969.5967770065181,3,91,100.0
969.5967770065181,1091.313364859005,200.0,1169.596777006518,1291.313364859005,873.9400945770154,1186.9700472885077,295.65668242950267,104.34331757049745,1.109454507263224,0.9194110393535044,1.3383031448769949,1.0879072878113962,1.109454507263224,1.3223558425859825,669.5967770065181,969.5967770065181,1569.596777006518,3,91,300.0
1169.596777006518,1691.313364859005,200.0,1369.596777006518,1891.313364859005,1073.9400945770153,1786.9700472885077,295.6566824295028,104.34331757049745,1.0890707804956088,0.9464699016222186,1.275300907306148,1.0583911956044394,1.0890707804956088,1.2141203935111258,669.5967770065181,1169.596777006518,2169.596777006518,3,91,500.0
1669.596777006518,3191.313364859005,200.0,1869.596777006518,3391.313364859005,1573.9400945770153,3286.970047288508,295.6566824295028,104.34331757049722,1.0607753006350662,0.9708982190122444,1.187844939872987,1.0317445294813599,1.0607753006350662,1.116407123951022,669.5967770065181,1669.596777006518,3669.596777006518,3,91,1000.0
2669.596777006518,6191.313364859005,200.0,2869.596777006518,6391.313364859005,2573.9400945770153,6286.970047288508,295.6566824295028,104.34331757049677,1.0371635232036052,0.9847849311019449,1.114865409281442,1.0165967575454729,1.0371635232036052,1.0608602755922198,669.5967770065181,2669.596777006518,6669.596777006518,3,91,2000.0
799.7464059968479,799.7464059968479,200.0,999.7464059968479,999.7464059968479,699.7464059968479,699.7464059968479,300.0,300.0,1.1429089154913794,1.1429089154913794,1.4287267464741382,1.4287267464741382,1.1429089154913794,1.4287267464741382,699.7464059968479,799.7464059968479,999.7464059968479,3,92,100.0
999.7464059968479,1249.873202998424,200.0,1199.746405996848,1449.873202998424,824.8098044976359,1249.873202998424,374.936601499212,200.0,1.212093261434689,1.0,1.4545734052319774,1.1600162316627027,1.212093261434689,1.279926957517838,699.7464059968479,999.7464059968479,1599.746405996848,3,92,300.0
1199.746405996848,1849.873202998424,200.0,1399.746405996848,2049.873202998424,1024.809804497636,1849.873202998424,374.936601499212,200.0,1.1707015299145838,1.0,1.3658596940170833,1.108115518228938,1.1707015299145838,1.189133613282965,699.7464059968479,1199.746405996848,2199.746405996848,3,92,500.0
1699.746405996848,3349.873202998424,200.0,1899.746405996848,3549.873202998424,1524.809804497636,3349.873202998424,374.936601499212,200.0,1.1147268341161058,1.0,1.2458907336464422,1.0597037523154555,1.1147268341161058,1.1044437152681652,699.7464059968479,1699.746405996848,3699.746405996848,3,92,1000.0
2699.746405996848,6349.873202998424,200.0,2899.746405996848,6549.873202998424,2524.809804497636,6349.873202998424,374.936601499212,200.0,1.0692870414189553,1.0,1.1485009289932686,1.03149669191907,1.0692870414189553,1.055099242427898,699.7464059968479,2699.746405996848,6699.746405996848,3,92,2000.0
710.6394529924728,710.6394529924728,200.0,910.6394529924728,910.6394529924728,610.6394529924728,610.6394529924728,300.0,300.0,1.1637627564186106,1.1637627564186106,1.491288269255832,1.491288269255832,1.1637627564186106,1.491288269255832,610.6394529924728,710.6394529924728,910.6394529924728,3,93,100.0
910.6394529924728,1103.5464843308241,200.0,1110.6394529924728,1303.5464843308241,808.8662108270607,1103.5464843308241,301.77324216541206,200.0,1.125822096167609,1.0,1.3730817756089115,1.1812338699273528,1.125822096167609,1.3688951706538257,610.6394529924728,910.6394529924728,1510.6394529924728,3,93,300.0
1110.6394529924728,1703.5464843308241,200.0,1310.6394529924728,1903.5464843308241,1008.8662108270607,1703.5464843308241,301.77324216541206,200.0,1.1008788291977576,1.0,1.299121170802242,1.1174021383270694,1.1008788291977576,1.238967925093961,610.6394529924728,1110.6394529924728,2110.639452992473,3,93,500.0
1610.6394529924728,3203.5464843308246,200.0,1810.6394529924728,3403.546484330824,1508.8662108270607,3203.5464843308246,301.77324216541206,199.99999999999955,1.0674501433163028,1.0,1.2,1.062430809410208,1.0674501433163028,1.127075717693756,610.6394529924728,1610.6394529924728,3610.639452992473,3,93,1000.0
2610.639452992473,6203.546484330824,200.0,2810.639452992473,6403.546484330824,2508.8662108270605,6203.546484330824,301.7732421654123,200.0,1.040565432196507,1.0,1.1202827160982536,1.0322396230132502,1.040565432196507,1.0656226192049825,610.6394529924728,2610.639452992473,6610.639452992473,3,93,2000.0
710.6490119709633,710.6490119709633,200.0,910.6490119709633,910.6490119709633,610.6490119709633,610.6490119709633,300.0,300.0,1.1637601929089096,1.1637601929089096,1.4912805787267287,1.4912805787267287,1.1637601929089096,1.4912805787267287,610.6490119709633,710.6490119709633,910.6490119709633,3,94,100.0
910.6490119709633,1108.8741766424696,200.0,1110.6490119709633,1308.8741766424696,808.8741766424695,1205.3245059854817,301.77483532849385,103.54967065698793,1.1258228266736712,0.9199797823208169,1.3730800710947673,1.085910201064339,1.1258228266736712,1.2533131156541502,610.6490119709633,910.6490119709633,1510.6490119709633,3,94,300.0
1110.6490119709633,1703.5496706569877,200.0,1310.6490119709633,1903.5496706569877,1008.8741766424695,1805.3245059854817,301.77483532849385,98.22516467150604,1.10087961183346,0.9436251848401417,1.2991203881665399,1.0544085921095319,1.10087961183346,1.1691244454795746,610.6490119709633,1110.6490119709633,2110.6490119709633,3,94,500.0
1610.6490119709633,3203.5496706569875,200.0,1810.6490119709633,3403.5496706569875,1508.8741766424696,3305.3245059854817,301.77483532849374,98.22516467150581,1.067450843088164,0.9692088219646228,1.2,1.029717253024214,1.067450843088164,1.0923735341061314,610.6490119709633,1610.6490119709633,3610.6490119709633,3,94,1000.0
2610.6490119709633,6203.549670656988,200.0,2810.6490119709633,6403.549670656988,2508.8741766424696,6305.324505985482,301.77483532849374,98.22516467150672,1.0405659384101498,0.9838589060353863,1.1202829692050749,1.0155781299722582,1.0405659384101498,1.0484232818938415,610.6490119709633,2610.6490119709633,6610.649011970963,3,94,2000.0
698.676935012918,698.8974458440983,200.0,898.676935012918,898.8974458440983,598.676935012918,599.1179566752786,300.0,299.77948916881974,1.167034996926752,1.166543980291514,1.5011049907802556,1.5003680591254587,1.167034996926752,1.5,598.676935012918,698.676935012918,898.676935012918,3,95,100.0
898.676935012918,1099.5589783376392,200.0,1098.676935012918,1299.5589783376392,699.1179566752786,1099.5589783376392,399.55897833763936,200.0,1.2854439317889372,1.0,1.5715186894036877,1.181891107198605,1.2854439317889372,1.3629800352125563,598.676935012918,898.676935012918,1498.676935012918,3,95,300.0
1098.676935012918,1699.5589783376392,200.0,1298.676935012918,1899.5589783376392,899.1179566752786,1699.5589783376392,399.55897833763936,200.0,1.221949719562448,1.0,1.4443899439124896,1.1176775872736247,1.221949719562448,1.2348361908956293,598.676935012918,1098.676935012918,2098.676935012918,3,95,500.0
1598.676935012918,3199.558978337639,200.0,1798.676935012918,3399.558978337639,1399.1179566752785,3199.558978337639,399.5589783376395,200.0,1.14263198995162,1.0,1.285579193970972,1.0625086148916412,1.14263198995162,1.1247415532507685,598.676935012918,1598.676935012918,3598.676935012918,3,95,1000.0
2598.676935012918,6199.55897833764,200.0,2798.676935012918,6399.55897833764,2399.1179566752785,6199.55897833764,399.5589783376395,200.0,1.0831801445120233,1.0,1.1665441156096186,1.0322603592769801,1.0831801445120233,1.0643784433811934,598.676935012918,2598.676935012918,6598.676935012918,3,95,2000.0
758.0331499571912,758.0331499571912,200.0,958.0331499571912,958.0331499571912,658.0331499571912,670.0236785408508,300.0,288.0094714163404,1.151968027760464,1.1313527778719756,1.455904083281392,1.4298496913475582,1.151968027760464,1.4298496913475582,658.0331499571912,758.0331499571912,958.0331499571912,3,96,100.0
958.0331499571912,1088.0094714163404,200.0,1158.0331499571912,1288.0094714163404,770.0236785408508,1182.0142071245104,388.0094714163404,105.99526429182993,1.2441606364269306,0.9204707226515867,1.503892909048713,1.0896734266415333,1.2441606364269306,1.3181171093936537,658.0331499571912,958.0331499571912,1558.0331499571912,3,96,300.0
1158.0331499571912,1688.0094714163404,200.0,1358.0331499571912,1888.0094714163404,970.0236785408508,1782.0142071245104,388.0094714163404,105.99526429182993,1.1938194660352537,0.9472480436281944,1.4000000000000001,1.0594805944128054,1.1938194660352537,1.211007825487223,658.0331499571912,1158.0331499571912,2158.033149957191,3,96,500.0
1658.0331499571912,3188.0094714163406,200.0,1858.0331499571912,3388.0094714163406,1470.0236785408508,3282.0142071245104,388.0094714163404,105.99526429183015,1.1278955394806696,0.9713576085368226,1.2639477697403347,1.032295796910854,1.1278955394806696,1.1145695658527097,658.0331499571912,1658.0331499571912,3658.033149957191,3,96,1000.0
2658.033149957191,6188.009471416341,200.0,2858.033149957191,6388.009471416341,2470.023678540851,6282.01420712451,388.00947141634015,105.99526429183061,1.0761164652184247,0.9850358925324368,1.1570873489138185,1.0168728151190138,1.0761164652184247,1.059856429870253,658.0331499571912,2658.033149957191,6658.033149957191,3,96,2000.0
817.6160939852707,817.6160939852707,200.0,1017.6160939852707,1017.6160939852707,727.9140822371119,727.9140822371119,289.70201174815884,289.70201174815884,1.1232315927622611,1.1232315927622611,1.3979892940906051,1.3979892940906051,1.1232315927622611,1.3979892940906051,717.6160939852707,817.6160939852707,1017.6160939852707,3,97,100.0
1017.6160939852707,1169.1060352444765,200.0,1217.6160939852707,1369.1060352444765,927.9140822371119,1169.1060352444765,289.70201174815884,200.0,1.0966706007218856,1.0,1.312207797353086,1.1710708814861068,1.0966706007218856,1.3836350555208659,717.6160939852707,1017.6160939852707,1617.6160939852707,3,97,300.0
1217.6160939852707,1769.1060352444765,200.0,1417.6160939852707,1969.1060352444765,1127.9140822371119,1769.1060352444765,289.70201174815884,200.0,1.0795291176525106,1.0,1.2568475882254808,1.1130514485935614,1.0795291176525106,1.2535235592471503,717.6160939852707,1217.6160939852707,2217.6160939852707,3,97,500.0
1717.6160939852707,3269.1060352444765,200.0,1917.6160939852707,3469.1060352444765,1627.9140822371119,3269.1060352444765,289.70201174815884,200.0,1.0551024238483695,1.0,1.1779590304606522,1.0611788047997786,1.0551024238483695,1.1371965466722014,717.6160939852707,1717.6160939852707,3717.6160939852707,3,97,1000.0
2717.6160939852707,6269.1060352444765,200.0,2917.6160939852707,6469.1060352444765,2627.914082237112,6269.1060352444765,289.70201174815884,200.0,1.034134301556692,1.0,1.1102402904670077,1.0319024752294208,1.034134301556692,1.0715429051956216,717.6160939852707,2717.6160939852707,6717.616093985271,3,97,2000.0
740.3964909841307,740.3964909841307,200.0,940.3964909841307,940.3964909841307,640.3964909841307,640.3964909841307,300.0,300.0,1.1561532603751854,1.1561532603751854,1.4684597811255562,1.4684597811255562,1.1561532603751854,1.4684597811255562,640.3964909841307,740.3964909841307,940.3964909841307,3,98,100.0
940.3964909841307,1265.9408519909318,200.0,1140.3964909841307,1465.9408519909318,757.4260649886647,1082.970425995466,382.9704259954659,382.9704259954658,1.2415686948906415,1.168952375432856,1.5056208700729057,1.3536296253366655,1.2415686948906415,1.4223809385821398,640.3964909841307,940.3964909841307,1540.3964909841307,3,98,300.0
1140.3964909841307,1865.9408519909318,200.0,1340.3964909841307,2065.940851990932,957.4260649886647,1682.970425995466,382.9704259954659,382.97042599546603,1.1911065853399678,1.1087187410837835,1.4000000000000001,1.2275562422726125,1.1911065853399678,1.2717968527094587,640.3964909841307,1140.3964909841307,2140.3964909841307,3,98,500.0
1640.3964909841307,3365.940851990932,200.0,1840.3964909841307,3565.940851990932,1457.4260649886646,3182.970425995466,382.97042599546603,382.97042599546603,1.1255435389766335,1.057484174059909,1.262771769488317,1.120318562455915,1.1255435389766335,1.1437104351497722,640.3964909841307,1640.3964909841307,3640.3964909841307,3,98,1000.0
2640.3964909841307,6365.940851990932,200.0,2840.3964909841307,6565.940851990932,2457.4260649886646,6182.970425995466,382.97042599546603,382.97042599546603,1.0744561265147605,1.029592641301694,1.1558420948860704,1.0619395532583042,1.0744561265147605,1.0739816032542349,640.3964909841307,2640.3964909841307,6640.396490984131,3,98,2000.0
759.0622040093876,759.0622040093876,200.0,959.0622040093876,959.0622040093876,659.0622040093876,670.7587171495626,300.0,288.30348685982506,1.151730746190045,1.1316471699914346,1.4551922385701348,1.429816981112063,1.151730746190045,1.429816981112063,659.0622040093876,759.0622040093876,959.0622040093876,3,99,100.0
959.0622040093876,1182.4552302897375,200.0,1159.0622040093876,1382.4552302897375,770.7587171495626,1088.3034868598252,388.30348685982506,294.15174342991236,1.2443092535576026,1.0865123971086195,1.5037938309615984,1.270284665060344,1.2443092535576026,1.4325619855430978,659.0622040093876,959.0622040093876,1559.0622040093876,3,99,300.0
1159.0622040093876,1782.4552302897375,200.0,1359.0622040093876,1982.4552302897375,970.7587171495626,1688.3034868598252,388.30348685982506,294.15174342991236,1.1939755817107058,1.055767072782057,1.4000000000000001,1.1742291867068417,1.1939755817107058,1.278835363910285,659.0622040093876,1159.0622040093876,2159.0622040093876,3,99,500.0
1659.0622040093876,3282.4552302897373,200.0,1859.0622040093876,3482.4552302897373,1470.7587171495625,3188.303486859825,388.30348685982517,294.15174342991213,1.1280315286689384,1.0295303580157742,1.2640157643344692,1.0922596436136711,1.1280315286689384,1.147651790078872,659.0622040093876,1659.0622040093876,3659.0622040093876,3,99,1000.0
2659.0622040093876,6282.455230289737,200.0,2859.0622040093876,6482.455230289737,2470.7587171495625,6188.303486859825,388.30348685982517,294.15174342991213,1.07621281898261,1.0152144676856643,1.1571596142369576,1.0475335031732866,1.07621281898261,1.0760723384283215,659.0622040093876,2659.0622040093876,6659.062204009388,3,99,2000.0
702.6449710479937,702.6449710479937,200.0,902.6449710479937,902.6449710479937,602.6449710479937,602.6449710479937,300.0,300.0,1.165935177101206,1.165935177101206,1.497805531303618,1.497805531303618,1.165935177101206,1.497805531303618,602.6449710479937,702.6449710479937,902.6449710479937,3,100,100.0
902.6449710479937,1201.3224855239969,200.0,1102.6449710479937,1401.3224855239969,802.2041425399948,1100.881657015998,300.44082850799896,300.44082850799896,1.1252060706018996,1.091236717287351,1.3745191685955676,1.2729092873818615,1.1252060706018996,1.3649468691494036,602.6449710479937,902.6449710479937,1502.6449710479937,3,100,300.0
1102.6449710479937,1801.3224855239969,200.0,1302.6449710479937,2001.3224855239969,1002.2041425399948,1700.881657015998,300.44082850799896,300.44082850799896,1.100219929498037,1.0590522145345556,1.2997800705019629,1.176638290658674,1.100219929498037,1.236208858138222,602.6449710479937,1102.6449710479937,2102.6449710479937,3,100,500.0
1602.6449710479937,3301.322485523997,200.0,1802.6449710479937,3501.322485523997,1502.2041425399948,3200.881657015998,300.44082850799896,300.44082850799896,1.0668623029744606,1.0313791134039096,1.2,1.0938618982833883,1.0668623029744606,1.1255164536156383,602.6449710479937,1602.6449710479937,3602.6449710479937,3,100,1000.0
2602.6449710479937,6301.322485523997,200.0,2802.6449710479937,6501.322485523997,2502.204142539995,6200.881657015998,300.44082850799896,300.44082850799896,1.0401409408610607,1.016197830254405,1.1200704704305304,1.0484513082374447,1.0401409408610607,1.06479132101762,602.6449710479937,2602.6449710479937,6602.644971047994,3,100,2000.0
707.861265358224,721.0239417356206,200.0,907.861265358224,921.0239417356206,694.6985889808275,694.6985889808275,213.16267637739656,226.32535275479313,1.018947319868185,1.0378946397363702,1.3068419596045553,1.3257892794727402,1.143947319868185,1.4318419596045553,694.6985889808275,794.6985889808275,994.6985889808275,3,101,100.0
907.861265358224,1247.3492944904137,200.0,1107.861265358224,1447.3492944904137,734.1866181130172,1160.5119708678103,373.67464724520687,286.83732362260344,1.2365538174634398,1.0748267366494013,1.50896412169104,1.2471644677720226,1.3548307261951598,1.374133683247007,694.6985889808275,994.6985889808275,1594.6985889808275,3,101,300.0
1107.861265358224,1847.3492944904137,200.0,1307.861265358224,2047.3492944904137,934.1866181130172,1760.5119708678103,373.67464724520687,286.83732362260344,1.1859100139927243,1.0493250401357956,1.4,1.1629283574148108,1.2788650209890866,1.2466252006789782,694.6985889808275,1194.6985889808275,2194.6985889808275,3,101,500.0
1607.861265358224,3347.3492944904137,200.0,1807.861265358224,3547.3492944904137,1434.1866181130172,3260.5119708678103,373.67464724520687,286.83732362260344,1.1210962681228427,1.0266330332164035,1.2605481340614213,1.0879730932397895,1.181644402184264,1.1331651660820172,694.6985889808275,1694.6985889808275,3694.6985889808275,3,101,1000.0
2607.861265358224,6347.349294490414,200.0,2807.861265358224,6547.349294490414,2434.186618113017,6260.51197086781,373.67464724520687,286.83732362260344,1.0713481234153852,1.0138706425331803,1.153511092561539,1.0458169116131957,1.107022185123078,1.0693532126659016,694.6985889808275,2694.6985889808275,6694.6985889808275,3,101,2000.0
697.2087709815241,697.6739758179368,200.0,897.2087709815241,897.6739758179368,597.2087709815241,598.1391806543494,300.0,299.53479516358743,1.1674456318443684,1.166407415502691,1.5023368955331051,1.5007777534919278,1.1674456318443684,1.5,597.2087709815241,697.2087709815241,897.2087709815241,3,102,100.0
897.2087709815241,1198.604385490762,200.0,1097.2087709815241,1398.604385490762,698.1391806543494,1099.0695903271746,399.06959032717475,299.53479516358743,1.2851431288251027,1.0905627778619165,1.5716189570582992,1.2725348765899536,1.2851431288251027,1.3622511114476656,597.2087709815241,897.2087709815241,1497.2087709815241,3,102,300.0
1097.2087709815241,1798.604385490762,200.0,1297.2087709815241,1998.604385490762,898.1391806543494,1699.0695903271746,399.06959032717475,299.53479516358743,1.2216467053381863,1.0585819413932427,1.4443293410676374,1.176293423688378,1.2216467053381863,1.2343277655729707,597.2087709815241,1097.2087709815241,2097.208770981524,3,102,500.0
1597.2087709815241,3298.604385490762,200.0,1797.2087709815241,3498.604385490762,1398.1391806543493,3199.0695903271744,399.06959032717486,299.53479516358766,1.142381812255635,1.0311136698821886,1.2854290873533811,1.09363184723123,1.142381812255635,1.1244546795287536,597.2087709815241,1597.2087709815241,3597.208770981524,3,102,1000.0
2597.208770981524,6298.604385490762,200.0,2797.208770981524,6498.604385490762,2398.1391806543493,6199.069590327175,399.06959032717486,299.53479516358675,1.0830100237438502,1.0160564087421922,1.16640801899508,1.048319314826046,1.0830100237438502,1.0642256349687689,597.2087709815241,2597.208770981524,6597.208770981524,3,102,2000.0
807.891243044287,807.891243044287,200.0,1007.891243044287,1007.891243044287,707.891243044287,707.891243044287,300.0,300.0,1.1412646377287419,1.1412646377287419,1.4237939131862258,1.4237939131862258,1.1412646377287419,1.4237939131862258,707.891243044287,807.891243044287,1007.891243044287,3,103,100.0
1007.891243044287,1165.4592161416076,200.0,1207.891243044287,1365.4592161416076,830.9184322832152,1165.4592161416076,376.97281076107174,200.0,1.2129845769274634,1.0,1.4536820897392033,1.1716061765439756,1.2129845769274634,1.3796203425868505,707.891243044287,1007.891243044287,1607.891243044287,3,103,300.0
1207.891243044287,1765.4592161416076,200.0,1407.891243044287,1965.4592161416076,1030.9184322832152,1765.4592161416076,376.97281076107174,200.0,1.1716651921424308,1.0,1.3656669615715138,1.1132849732077628,1.1716651921424308,1.2506045015696312,707.891243044287,1207.891243044287,2207.891243044287,3,103,500.0
1707.891243044287,3265.4592161416076,200.0,1907.891243044287,3465.4592161416076,1530.9184322832152,3265.4592161416076,376.97281076107174,200.0,1.1155991116372765,1.0,1.2462396446549107,1.061247128431852,1.1155991116372765,1.135488455870365,707.891243044287,1707.891243044287,3707.891243044287,3,103,1000.0
2707.891243044287,6265.459216141608,200.0,2907.891243044287,6465.459216141608,2530.918432283215,6265.459216141608,376.97281076107174,200.0,1.0699243438680952,1.0,1.1489470407076665,1.0319210441087452,1.0699243438680952,1.0706144612294097,707.891243044287,2707.891243044287,6707.891243044287,3,103,2000.0
766.0712360171601,766.0712360171601,200.0,966.0712360171601,966.0712360171601,670.9182023004229,675.7651685836859,295.15303371673724,290.30606743347425,1.1418250889459842,1.1336352798750249,1.4399240215941764,1.429596080013886,1.1418250889459842,1.429596080013886,666.0712360171601,766.0712360171601,966.0712360171601,3,104,100.0
966.0712360171601,1090.3060674334743,200.0,1166.0712360171601,1290.3060674334743,870.9182023004229,1090.3060674334743,295.15303371673724,200.0,1.1092559938067688,1.0,1.3388986852463607,1.1834347308281885,1.1092559938067688,1.4363592781828805,666.0712360171601,966.0712360171601,1566.0712360171601,3,104,300.0
1166.0712360171601,1690.3060674334743,200.0,1366.0712360171601,1890.3060674334743,1070.9182023004228,1690.3060674334743,295.15303371673735,200.0,1.0888518222141903,1.0,1.275607448900134,1.1183217666038885,1.0888518222141903,1.2814668761770924,666.0712360171601,1166.0712360171601,2166.07123601716,3,104,500.0
1666.0712360171601,3190.3060674334743,200.0,1866.0712360171601,3390.3060674334743,1570.9182023004228,3190.3060674334743,295.15303371673735,200.0,1.0605716030137005,1.0,1.18788567939726,1.0626899099248164,1.0605716030137005,1.149128377819382,666.0712360171601,1666.0712360171601,3666.07123601716,3,104,1000.0
2666.07123601716,6190.306067433474,200.0,2866.07123601716,6390.306067433474,2570.9182023004228,6190.306067433474,295.15303371673735,200.0,1.0370113034446586,1.0,1.1148045213778635,1.0323085801931795,1.0370113034446586,1.076856485511538,666.0712360171601,2666.07123601716,6666.07123601716,3,104,2000.0
761.0213060048409,766.5896908612922,200.0,961.0213060048409,966.5896908612922,666.5896908612922,672.1580757177435,294.4316151435487,294.4316151435487,1.14166377974063,1.1404901890715406,1.4416984228530707,1.4380392437138376,1.14166377974063,1.4297549054642298,661.0213060048409,761.0213060048409,961.0213060048409,3,105,100.0
961.0213060048409,1183.294845430646,200.0,1161.0213060048409,1383.294845430646,866.5896908612922,1183.294845430646,294.4316151435487,200.0,1.1089692343901465,1.0,1.3397589634962273,1.1690195818669458,1.1089692343901465,1.3192158421316589,661.0213060048409,961.0213060048409,1561.0213060048409,3,105,300.0
1161.0213060048409,1783.294845430646,200.0,1361.0213060048409,1983.294845430646,1066.5896908612922,1783.294845430646,294.4316151435487,200.0,1.0885360283834107,1.0,1.276049560263225,1.1121519531739028,1.0885360283834107,1.2118138015943056,661.0213060048409,1161.0213060048409,2161.021306004841,3,105,500.0
1661.0213060048409,3283.294845430646,200.0,1861.0213060048409,3483.294845430646,1566.5896908612922,3283.294845430646,294.4316151435487,200.0,1.0602784607191122,1.0,1.1879443078561776,1.0609144196350015,1.0602784607191122,1.1150449406333018,661.0213060048409,1661.0213060048409,3661.021306004841,3,105,1000.0
2661.021306004841,6283.294845430646,200.0,2861.021306004841,6483.294845430646,2566.589690861292,6283.294845430646,294.4316151435487,200.0,1.0367926418000453,1.0,1.1147170567200182,1.0318304337007906,1.0367926418000453,1.0601159853017061,661.0213060048409,2661.021306004841,6661.021306004841,3,105,2000.0
741.7191090295091,741.7191090295091,200.0,941.7191090295091,941.7191090295091,641.7191090295091,641.7191090295091,300.0,300.0,1.155831419998125,1.155831419998125,1.467494259994375,1.467494259994375,1.155831419998125,1.467494259994375,641.7191090295091,741.7191090295091,941.7191090295091,3,106,100.0
941.7191090295091,1266.696633731148,200.0,1141.7191090295091,1466.696633731148,758.3707921639351,1175.022475298361,383.348316865574,291.67415843278695,1.2417660579232066,1.0780190680263448,1.5054892947178622,1.2482285782310039,1.2417660579232066,1.3120762721053796,641.7191090295091,941.7191090295091,1541.7191090295091,3,106,300.0
1141.7191090295091,1866.696633731148,200.0,1341.7191090295091,2066.696633731148,958.3707921639351,1775.022475298361,383.348316865574,291.6741584327867,1.1913125048934203,1.051646759243078,1.4,1.1643213888791801,1.1913125048934203,1.2065870369723124,641.7191090295091,1141.7191090295091,2141.719109029509,3,106,500.0
1641.7191090295091,3366.696633731148,200.0,1841.7191090295091,3566.696633731148,1458.3707921639352,3275.0224752983613,383.3483168655739,291.6741584327865,1.1257213308513407,1.0279919173453718,1.2628606654256702,1.089060200542964,1.1257213308513407,1.1119676693814875,641.7191090295091,1641.7191090295091,3641.719109029509,3,106,1000.0
2641.719109029509,6366.696633731148,200.0,2841.719109029509,6566.696633731148,2458.370792163935,6275.022475298361,383.3483168655739,291.6741584327865,1.074581229751833,1.014609375311987,1.1559359223138748,1.0464817711141214,1.074581229751833,1.0584375012479477,641.7191090295091,2641.719109029509,6641.719109029509,3,106,2000.0
700.7990739890374,700.7990739890374,200.0,900.7990739890374,900.7990739890374,600.7990739890374,600.7990739890374,300.0,300.0,1.1664449968873032,1.1664449968873032,1.4993349906619098,1.4993349906619098,1.1664449968873032,1.4993349906619098,600.7990739890374,700.7990739890374,900.7990739890374,3,107,100.0
900.7990739890374,1100.6658949908647,200.0,1100.7990739890374,1300.6658949908647,700.5327159926916,1100.2663579963457,400.26635799634585,200.39953699451894,1.2858772380281454,1.0003631275205456,1.5713742539906184,1.1821372938816916,1.2858772380281454,1.364032502749686,600.7990739890374,900.7990739890374,1500.7990739890374,3,107,300.0
1100.7990739890374,1700.2663579963457,200.0,1300.7990739890374,1900.2663579963457,900.5327159926916,1700.2663579963457,400.26635799634585,200.0,1.2223865434756411,1.0,1.4444773086951284,1.1176286286318615,1.2223865434756411,1.235570570522076,600.7990739890374,1100.7990739890374,2100.7990739890374,3,107,500.0
1600.7990739890374,3200.2663579963455,200.0,1800.7990739890374,3400.2663579963455,1400.5327159926915,3200.2663579963455,400.26635799634596,200.0,1.142992988103386,1.0,1.2857957928620318,1.0624947981283714,1.142992988103386,1.125156056148858,600.7990739890374,1600.7990739890374,3600.7990739890374,3,107,1000.0
2600.7990739890374,6200.266357996346,200.0,2800.7990739890374,6400.266357996346,2400.5327159926915,6200.266357996346,400.26635799634596,200.0,1.083425798224762,1.0,1.1667406385798096,1.0322566787380134,1.083425798224762,1.0645992757192009,600.7990739890374,2600.7990739890374,6600.799073989037,3,107,2000.0
753.9945009863004,753.9945009863004,200.0,953.9945009863004,953.9945009863004,653.9945009863004,653.9945009863004,300.0,300.0,1.1529064844569614,1.1529064844569614,1.4587194533708843,1.4587194533708843,1.1529064844569614,1.4587194533708843,653.9945009863004,753.9945009863004,953.9945009863004,3,108,100.0
953.9945009863004,1086.8555717103716,200.0,1153.9945009863004,1286.8555717103716,767.1389292759288,1086.8555717103716,386.8555717103716,200.0,1.243574618076985,1.0,1.5042835879486767,1.1840170904081233,1.243574618076985,1.4298077329086125,653.9945009863004,953.9945009863004,1553.9945009863004,3,108,300.0
1153.9945009863004,1686.8555717103716,200.0,1353.9945009863004,1886.8555717103716,967.1389292759288,1686.8555717103716,386.8555717103716,200.0,1.1932044777168316,1.0,1.4000000000000001,1.1185637960677404,1.1932044777168316,1.276928823729869,653.9945009863004,1153.9945009863004,2153.9945009863004,3,108,500.0
1653.9945009863004,3186.855571710372,200.0,1853.9945009863004,3386.855571710372,1467.1389292759288,3186.855571710372,386.8555717103716,200.0,1.127360516432203,1.0,1.2636802582161015,1.0627577860055517,1.127360516432203,1.1465830247918067,653.9945009863004,1653.9945009863004,3653.9945009863004,3,108,1000.0
2653.9945009863004,6186.855571710372,200.0,2853.9945009863004,6386.855571710372,2467.138929275929,6186.855571710372,386.85557171037135,200.0,1.0757377582158338,1.0,1.1568033186618754,1.0323265991393928,1.0757377582158338,1.0755050645455406,653.9945009863004,2653.9945009863004,6653.9945009863,3,108,2000.0
698.3467599726282,698.3467599726282,200.0,898.3467599726282,898.3467599726282,598.6222999771902,598.8978399817521,299.724459995438,299.4489199908761,1.1665899516259883,1.1660532287007517,1.5006904353661041,1.5,1.1665899516259883,1.5,598.3467599726282,698.3467599726282,898.3467599726282,3,109,100.0
898.3467599726282,1199.173379986314,200.0,1098.3467599726282,1399.173379986314,798.6222999771902,1099.448919990876,299.724459995438,299.7244599954381,1.1248706178105548,1.090704041072018,1.3753018917753719,1.272613356151121,1.1248706178105548,1.3628161642880714,598.3467599726282,898.3467599726282,1498.3467599726282,3,109,300.0
1098.3467599726282,1799.173379986314,200.0,1298.3467599726282,1999.173379986314,998.6222999771902,1699.448919990876,299.724459995438,299.7244599954381,1.0998620399301275,1.0586804691934921,1.3001379600698724,1.176365677408561,1.0998620399301275,1.2347218767739685,598.3467599726282,1098.3467599726282,2098.346759972628,3,109,500.0
1598.3467599726282,3299.173379986314,200.0,1798.3467599726282,3499.173379986314,1498.6222999771903,3199.4489199908758,299.7244599954379,299.72445999543834,1.0665440918615423,1.031169261485107,1.2,1.093680026620426,1.0665440918615423,1.1246770459404272,598.3467599726282,1598.3467599726282,3598.346759972628,3,109,1000.0
2598.346759972628,6299.173379986314,200.0,2798.346759972628,6499.173379986314,2498.6222999771903,6199.448919990877,299.7244599954379,299.7244599954374,1.03991177858148,1.0160860201096042,1.11995588929074,1.0483469521022972,1.03991177858148,1.0643440804384172,598.3467599726282,2598.346759972628,6598.346759972628,3,109,2000.0
750.4435419919901,750.4435419919901,200.0,950.4435419919901,950.4435419919901,657.5230359931343,664.6025299942786,292.9205059988558,285.84101199771146,1.1413190122814587,1.129161428257654,1.445490864903955,1.4300931746380385,1.1413190122814587,1.4300931746380385,650.4435419919901,750.4435419919901,950.4435419919901,3,110,100.0
950.4435419919901,1271.682023995423,200.0,1150.44354199199,1471.682023995423,857.5230359931343,1178.7615179965671,292.9205059988558,292.9205059988558,1.1083591951454,1.0788289272937788,1.3415890812304674,1.2484985313201487,1.1083591951454,1.3153157091751153,650.4435419919901,950.4435419919901,1550.44354199199,3,110,300.0
1150.44354199199,1871.682023995423,200.0,1350.44354199199,2071.682023995423,1057.5230359931343,1778.7615179965671,292.9205059988558,292.920505998856,1.0878661767510274,1.0522388780388687,1.276987352548562,1.1646766601566547,1.0878661767510274,1.2089555121554751,650.4435419919901,1150.44354199199,2150.44354199199,3,110,500.0
1650.44354199199,3371.682023995423,200.0,1850.44354199199,3571.682023995423,1557.5230359931343,3278.761517996567,292.9205059988558,292.92050599885624,1.0596591535736781,1.0283401233937972,1.1880681692852644,1.0893387653817044,1.0596591535736781,1.113360493575188,650.4435419919901,1650.44354199199,3650.44354199199,3,110,1000.0
2650.44354199199,6371.682023995423,200.0,2850.44354199199,6571.682023995423,2557.5230359931343,6278.761517996567,292.9205059988558,292.92050599885624,1.036332226412488,1.0147991774703533,1.1145328905649952,1.0466525930566513,1.036332226412488,1.059196709881413,650.4435419919901,2650.44354199199,6650.44354199199,3,110,2000.0
769.7578800376505,769.7578800376505,200.0,969.7578800376505,969.7578800376505,674.0781828894146,678.3984857411789,295.67969714823585,291.3593942964716,1.1419415426532689,1.1346692190750656,1.4386430308140434,1.4294811978805484,1.1419415426532689,1.4294811978805484,669.7578800376505,769.7578800376505,969.7578800376505,3,111,100.0
969.7578800376505,1187.0390914447073,200.0,1169.7578800376505,1387.0390914447073,874.0781828894146,1187.0390914447073,295.67969714823585,200.0,1.1094635457344906,1.0,1.3382760294631952,1.1684864478697043,1.1094635457344906,1.3224146461151067,669.7578800376505,969.7578800376505,1569.7578800376505,3,111,300.0
1169.7578800376505,1787.0390914447073,200.0,1369.7578800376505,1987.0390914447073,1074.0781828894146,1787.0390914447073,295.67969714823585,200.0,1.089080756571039,1.0,1.2752869408005456,1.1119169697839753,1.089080756571039,1.2141636354935803,669.7578800376505,1169.7578800376505,2169.7578800376505,3,111,500.0
1669.7578800376505,3287.039091444707,200.0,1869.7578800376505,3487.039091444707,1574.0781828894146,3287.039091444707,295.67969714823585,200.0,1.060784590110133,1.0,1.1878430819779735,1.0608450323942138,1.060784590110133,1.1164326854490594,669.7578800376505,1669.7578800376505,3669.7578800376505,3,111,1000.0
2669.7578800376505,6287.039091444707,200.0,2869.7578800376505,6487.039091444707,2574.0781828894146,6287.039091444707,295.67969714823585,200.0,1.0371704704947364,1.0,1.1148681881978946,1.0318114770865918,1.0371704704947364,1.0608742498696628,669.7578800376505,2669.7578800376505,6669.7578800376505,3,111,2000.0
608.945733984001,707.4547783200009,200.0,807.4547783200009,907.4547783200009,608.945733984001,608.945733984001,198.50904433599987,298.5090443359999,1.0,1.1617698242033963,1.3259880696384276,1.4902063150734588,1.1642182454350314,1.4926547363050942,608.945733984001,708.945733984001,908.945733984001,3,112,100.0
807.4547783200009,1107.454778320001,200.0,1007.4547783200009,1307.454778320001,705.9638226560006,1204.4728669920005,301.49095566400024,102.98191132800048,1.1437622614742036,0.9194518271596367,1.4270628975429944,1.0854995692723102,1.287524522948407,1.2527851604929698,608.945733984001,908.945733984001,1508.945733984001,3,112,300.0
1007.4547783200009,1702.9819113280003,200.0,1207.454778320001,1902.9819113280003,905.9638226560006,1804.4728669920005,301.49095566400035,98.50904433599976,1.112025395634961,0.9437558981791827,1.3327847626190237,1.0545915907841892,1.2240507912699221,1.1687323054624519,608.945733984001,1108.945733984001,2108.945733984001,3,112,500.0
1507.454778320001,3202.981911328,200.0,1707.454778320001,3402.981911328,1405.9638226560005,3304.4728669920005,301.49095566400047,98.50904433599953,1.0721860363890974,0.9692867940669806,1.2144372072778196,1.0298108195470435,1.1443720727781943,1.092139617799058,608.945733984001,1608.945733984001,3608.945733984001,3,112,1000.0
2507.454778320001,6202.981911328001,200.0,2707.454778320001,6402.981911328001,2405.9638226560005,6304.4728669920005,301.49095566400047,98.50904433600044,1.042183076365613,0.9839017539126276,1.125309845819368,1.0156252626372237,1.084366152731226,1.0482947382621175,608.945733984001,2608.945733984001,6608.945733984001,3,112,2000.0
651.9320130115375,651.9320130115375,200.0,851.9320130115375,851.9320130115375,551.9320130115375,551.9320130115375,300.0,300.0,1.1811817355082639,1.1811817355082639,1.5435452065247914,1.5435452065247914,1.1811817355082639,1.5435452065247914,551.9320130115375,651.9320130115375,851.9320130115375,3,113,100.0
851.9320130115375,1120.772805204615,200.0,1051.9320130115375,1320.772805204615,741.54561040923,1120.772805204615,310.3864026023075,200.0,1.1488598962124388,1.0,1.4185668396459354,1.178448298416276,1.1488598962124388,1.2954739856901365,551.9320130115375,851.9320130115375,1451.9320130115375,3,113,300.0
1051.9320130115375,1720.772805204615,200.0,1251.9320130115375,1920.772805204615,941.54561040923,1720.772805204615,310.3864026023075,200.0,1.117239570108908,1.0,1.3296562579346551,1.1162268484224553,1.117239570108908,1.192447955247378,551.9320130115375,1051.9320130115375,2051.9320130115375,3,113,500.0
1551.9320130115375,3220.772805204615,200.0,1751.9320130115375,3420.772805204615,1441.54561040923,3220.772805204615,310.3864026023075,200.0,1.0765750329404913,1.0,1.2153150065880982,1.0620968978863736,1.0765750329404913,1.102819797556594,551.9320130115375,1551.9320130115375,3551.9320130115375,3,113,1000.0
2551.9320130115375,6220.772805204615,200.0,2751.9320130115375,6420.772805204615,2441.54561040923,6220.772805204615,310.3864026023075,200.0,1.045211689731164,1.0,1.1271270138386984,1.0321503463094923,1.045211689731164,1.0532344160728484,551.9320130115375,2551.9320130115375,6551.9320130115375,3,113,2000.0
702.4455740116537,702.4455740116537,200.0,902.4455740116537,902.4455740116537,602.4455740116537,602.4455740116537,300.0,300.0,1.1659900982160185,1.1659900982160185,1.4979702946480553,1.4979702946480553,1.1659900982160185,1.4979702946480553,602.4455740116537,702.4455740116537,902.4455740116537,3,114,100.0
902.4455740116537,1100.8151913372178,200.0,1102.4455740116537,1300.8151913372178,701.6303826744357,1100.8151913372178,400.8151913372179,200.0,1.286212222697315,1.0,1.5712625924342285,1.1816835392297316,1.286212222697315,1.364848146932415,602.4455740116537,902.4455740116537,1502.4455740116537,3,114,300.0
1102.4455740116537,1700.8151913372178,200.0,1302.4455740116537,1900.8151913372178,901.6303826744357,1700.8151913372178,400.8151913372179,200.0,1.2227245168264578,1.0,1.4445449033652915,1.1175906712373351,1.2227245168264578,1.2361399314399735,602.4455740116537,1102.4455740116537,2102.4455740116537,3,114,500.0
1602.4455740116537,3200.8151913372176,200.0,1802.4455740116537,3400.8151913372176,1401.6303826744356,3200.8151913372176,400.81519133721804,200.0,1.1432725730117557,1.0,1.2859635438070534,1.0624840823491735,1.1432725730117557,1.1254775295247974,602.4455740116537,1602.4455740116537,3602.4455740116537,3,114,1000.0
2602.4455740116537,6200.8151913372185,200.0,2802.4455740116537,6400.8151913372185,2401.6303826744356,6200.8151913372185,400.81519133721804,200.0,1.0836161937265267,1.0,1.1668929549812215,1.0322538237036007,1.0836161937265267,1.0647705777839547,602.4455740116537,2602.4455740116537,6602.445574011654,3,114,2000.0
709.0363549883477,709.0363549883477,200.0,909.0363549883477,909.0363549883477,609.0363549883477,609.0363549883477,300.0,300.0,1.1641938107322234,1.1641938107322234,1.4925814321966702,1.4925814321966702,1.1641938107322234,1.4925814321966702,609.0363549883477,709.0363549883477,909.0363549883477,3,115,100.0
909.0363549883477,1103.012118329449,200.0,1109.0363549883477,1303.012118329449,807.5302958236232,1103.012118329449,301.50605916472455,200.0,1.125699382041383,1.0,1.3733681085701062,1.181321670611296,1.125699382041383,1.368104964498338,609.0363549883477,909.0363549883477,1509.0363549883477,3,115,300.0
1109.0363549883477,1703.012118329449,200.0,1309.0363549883477,1903.012118329449,1007.5302958236232,1703.012118329449,301.50605916472455,200.0,1.1007474014285066,1.0,1.2992525985714933,1.1174389764156158,1.1007474014285066,1.2384153537657638,609.0363549883477,1109.0363549883477,2109.0363549883477,3,115,500.0
1609.0363549883477,3203.0121183294495,200.0,1809.0363549883477,3403.012118329449,1507.5302958236232,3203.0121183294495,301.50605916472455,199.99999999999955,1.0673326827632792,1.0,1.2,1.0624412248881252,1.0673326827632792,1.1267632533562384,609.0363549883477,1609.0363549883477,3609.0363549883477,3,115,1000.0
2609.0363549883477,6203.012118329449,200.0,2809.0363549883477,6403.012118329449,2507.530295823623,6203.012118329449,301.5060591647248,200.0,1.040480491635051,1.0,1.1202402458175256,1.032242400334672,1.040480491635051,1.0654559799196792,609.0363549883477,2609.0363549883477,6609.036354988348,3,115,2000.0
763.4079540381208,768.635389175532,200.0,963.4079540381208,968.635389175532,668.635389175532,673.8628243129434,294.77256486258875,294.77256486258864,1.141740276385085,1.1406407379116317,1.4408569597640668,1.4374370483534726,1.141740276385085,1.4296796310441842,663.4079540381208,763.4079540381208,963.4079540381208,3,116,100.0
963.4079540381208,1184.317694587766,200.0,1163.4079540381208,1384.317694587766,868.635389175532,1184.317694587766,294.77256486258875,200.0,1.109105115959577,1.0,1.339351318787936,1.1688736062240592,1.109105115959577,1.3200916959889781,663.4079540381208,963.4079540381208,1563.4079540381208,3,116,300.0
1163.4079540381208,1784.317694587766,200.0,1363.4079540381208,1984.317694587766,1068.635389175532,1784.317694587766,294.77256486258875,200.0,1.0886855945653335,1.0,1.2758401676085331,1.1120876627557104,1.0886855945653335,1.2124567057762303,663.4079540381208,1163.4079540381208,2163.407954038121,3,116,500.0
1663.4079540381208,3284.317694587766,200.0,1863.4079540381208,3484.317694587766,1568.635389175532,3284.317694587766,294.77256486258875,200.0,1.060417204352632,1.0,1.1879165591294736,1.0608954487958278,1.060417204352632,1.1154243574167806,663.4079540381208,1663.4079540381208,3663.407954038121,3,116,1000.0
2663.407954038121,6284.317694587766,200.0,2863.407954038121,6484.317694587766,2568.635389175532,6284.317694587766,294.77256486258875,200.0,1.03689607534879,1.0,1.114758430139516,1.0318252529104703,1.03689607534879,1.060323216914517,663.4079540381208,2663.407954038121,6663.407954038121,3,116,2000.0
750.0220960006118,750.0220960006118,200.0,950.0220960006118,950.0220960006118,657.1617965719529,664.3014971432941,292.8602994286589,285.72059885731767,1.1413050787691241,1.1290386958721954,1.4456441335396366,1.4301068115697562,1.1413050787691241,1.4301068115697562,650.0220960006118,750.0220960006118,950.0220960006118,3,117,100.0
950.0220960006118,1178.5808982859764,200.0,1150.0220960006118,1378.5808982859764,857.1617965719529,1178.5808982859764,292.8602994286589,200.0,1.1083346222382229,1.0,1.3416627999519986,1.169695606208163,1.1083346222382229,1.3151596960843557,650.0220960006118,950.0220960006118,1550.0220960006118,3,117,300.0
1150.0220960006118,1778.5808982859764,200.0,1350.0220960006118,1978.5808982859764,1057.161796571953,1778.5808982859764,292.8602994286589,200.0,1.0878392500843068,1.0,1.2770250498819706,1.1124492004792925,1.0878392500843068,1.2088413285404078,650.0220960006118,1150.0220960006118,2150.022096000612,3,117,500.0
1650.0220960006118,3278.580898285976,200.0,1850.0220960006118,3478.580898285976,1557.161796571953,3278.580898285976,292.8602994286589,200.0,1.059634329350417,1.0,1.1880731341299167,1.061002002453122,1.059634329350417,1.1132932842708938,650.0220960006118,1650.0220960006118,3650.022096000612,3,117,1000.0
2650.022096000612,6278.580898285976,200.0,2850.022096000612,6478.580898285976,2557.161796571953,6278.580898285976,292.8602994286589,200.0,1.0363138146178879,1.0,1.1145255258471551,1.0318543319326505,1.0363138146178879,1.0591600560273162,650.0220960006118,2650.022096000612,6650.022096000612,3,117,2000.0
773.0930419871584,773.0930419871584,200.0,973.0930419871584,973.0930419871584,676.93689313185,680.7807442765417,296.1561488553084,292.3122977106167,1.1420459570617312,1.1355976920421214,1.4374944723209595,1.4293780342175422,1.1420459570617312,1.4293780342175422,673.0930419871584,773.0930419871584,973.0930419871584,3,118,100.0
973.0930419871584,1092.3122977106168,200.0,1173.0930419871584,1292.3122977106168,876.93689313185,1092.3122977106168,296.1561488553084,200.0,1.109650021122844,1.0,1.3377166032981356,1.1830978195697157,1.109650021122844,1.440149529840699,673.0930419871584,973.0930419871584,1573.0930419871584,3,118,300.0
1173.0930419871584,1692.3122977106168,200.0,1373.0930419871584,1892.3122977106168,1076.93689313185,1692.3122977106168,296.1561488553084,200.0,1.089286707019272,1.0,1.2749986101730195,1.1181814965657124,1.089286707019272,1.2840969393928936,673.0930419871584,1173.0930419871584,2173.0930419871584,3,118,500.0
1673.0930419871584,3192.312297710617,200.0,1873.0930419871584,3392.312297710617,1576.93689313185,3192.312297710617,296.1561488553084,200.0,1.0609765357599943,1.0,1.1878046928480013,1.0626505120264804,1.0609765357599943,1.150605799006988,673.0930419871584,1673.0930419871584,3673.0930419871584,3,118,1000.0
2673.0930419871584,6192.312297710617,200.0,2873.0930419871584,6392.312297710617,2576.93689313185,6192.312297710617,296.1561488553084,200.0,1.0373141263612575,1.0,1.114925650544503,1.0322981126248982,1.0373141263612575,1.0776415531326307,673.0930419871584,2673.0930419871584,6673.093041987158,3,118,2000.0
832.0400649914518,832.0400649914518,200.0,1032.0400649914518,1032.0400649914518,740.5350568675203,749.0300487435888,291.5050081239315,283.01001624786295,1.123566071957484,1.1108233459887258,1.3936410645527089,1.3778353308022548,1.123566071957484,1.3778353308022548,732.0400649914518,832.0400649914518,1032.0400649914518,3,119,100.0
1032.0400649914518,1174.5150243717944,200.0,1232.0400649914518,1374.5150243717944,940.5350568675203,1266.020032495726,291.5050081239315,108.49499187606853,1.0972903747242464,0.9277223063022579,1.3099352926777632,1.085697689682043,1.0972903747242464,1.289110774790968,732.0400649914518,1032.0400649914518,1632.0400649914518,3,119,300.0
1232.0400649914518,1774.5150243717944,200.0,1432.0400649914518,1974.5150243717944,1140.5350568675203,1866.020032495726,291.5050081239315,108.49499187606853,1.080229895234654,0.9509624727867754,1.2555861885776225,1.0581424582730556,1.080229895234654,1.1961501088528985,732.0400649914518,1232.0400649914518,2232.040064991452,3,119,500.0
1732.0400649914518,3274.5150243717944,200.0,1932.0400649914518,3474.5150243717944,1640.5350568675203,3366.020032495726,291.5050081239315,108.49499187606853,1.0557775390052642,0.972815073219845,1.1776889843978944,1.0322324260784703,1.0557775390052642,1.1087397071206202,732.0400649914518,1732.0400649914518,3732.040064991452,3,119,1000.0
2732.040064991452,6274.515024371794,200.0,2932.040064991452,6474.515024371794,2640.5350568675203,6366.020032495726,291.5050081239315,108.49499187606853,1.034653964500848,0.9856260257340004,1.1103961893502543,1.0170428291652005,1.034653964500848,1.0574958970639985,732.0400649914518,2732.040064991452,6732.040064991452,3,119,2000.0
