ar_optimistic_parallel_ms,ar_optimistic_serial_ms,ar_probe_ms,ar_verified_parallel_ms,ar_verified_serial_ms,dllm_incremental_parallel_ms,dllm_incremental_serial_ms,dllm_saved_vs_ar_verified_parallel_ms,dllm_saved_vs_ar_verified_serial_ms,dllm_vs_ar_optimistic_parallel_speedup,dllm_vs_ar_optimistic_serial_speedup,dllm_vs_ar_verified_parallel_speedup,dllm_vs_ar_verified_serial_speedup,dllm_vs_no_spec_parallel_speedup,dllm_vs_no_spec_serial_speedup,generation_ms,no_spec_parallel_ms,no_spec_serial_ms,num_calls,request_index,tool_latency_ms
1520.7050100085326,1520.7050100085326,100.0,1620.7050100085326,1620.7050100085326,1420.7050100085326,1420.7050100085326,200.0,200.0,1.0703875887643977,1.0703875887643977,1.1407751775287953,1.1407751775287953,1.0703875887643977,1.211162766293193,1420.7050100085326,1520.7050100085326,1720.7050100085326,3,0,100.0
1720.7050100085326,1720.7050100085326,100.0,1820.7050100085326,1820.7050100085326,1420.7050100085326,1547.1366733390216,400.0,273.5683366695109,1.211162766293193,1.1121868155932964,1.2815503550575904,1.176822346327747,1.211162766293193,1.5,1420.7050100085326,1720.7050100085326,2320.7050100085326,3,0,300.0
1920.7050100085326,1973.5683366695107,100.0,2020.7050100085326,2073.5683366695107,1447.1366733390216,1973.5683366695107,573.5683366695109,100.0,1.3272450663397484,1.0,1.396347039803849,1.0506696414519674,1.3272450663397484,1.479910756440975,1420.7050100085326,1920.7050100085326,2920.7050100085326,3,0,500.0
2420.7050100085326,3473.5683366695107,100.0,2520.7050100085326,3573.5683366695107,1947.1366733390216,3473.5683366695107,573.5683366695109,100.0,1.243212684119096,1.0,1.2945701472952769,1.028788839115191,1.243212684119096,1.2726696530885426,1420.7050100085326,2420.7050100085326,4420.705010008533,3,0,1000.0
3420.7050100085326,6473.56833666951,100.0,3520.7050100085326,6573.56833666951,2947.1366733390214,6473.56833666951,573.5683366695112,100.0,1.16068760602574,1.0,1.194618845423166,1.015447430968412,1.16068760602574,1.1463082837905594,1420.7050100085326,3420.7050100085326,7420.705010008533,3,0,2000.0
1035.738826985471,1035.738826985471,100.0,1135.738826985471,1135.738826985471,935.738826985471,935.738826985471,200.0,200.0,1.1068674261622284,1.1068674261622284,1.2137348523244567,1.2137348523244567,1.1068674261622284,1.320602278486685,935.738826985471,1035.738826985471,1235.738826985471,3,1,100.0
1235.738826985471,1301.030925850916,100.0,1335.738826985471,1401.030925850916,1102.0618517018322,1301.030925850916,233.67697528363874,100.0,1.12129716229376,1.0,1.2120361710395735,1.0768621237305307,1.12129716229376,1.4109878485669654,935.738826985471,1235.738826985471,1835.738826985471,3,1,300.0
1435.738826985471,1901.030925850916,100.0,1535.738826985471,2001.030925850916,1302.0618517018322,1901.030925850916,233.67697528363874,100.0,1.1026656107840953,1.0,1.179466877843181,1.0526030369312585,1.1026656107840953,1.2812725947081665,935.738826985471,1435.738826985471,2435.738826985471,3,1,500.0
1935.738826985471,3401.030925850916,100.0,2035.738826985471,3501.030925850916,1802.0618517018322,3401.030925850916,233.67697528363874,100.0,1.0741800150518679,1.0,1.1296720060207472,1.0294028493654408,1.0741800150518679,1.1572193587157031,935.738826985471,1935.738826985471,3935.738826985471,3,1,1000.0
2935.738826985471,6401.030925850916,100.0,3035.738826985471,6501.030925850916,2802.061851701832,6401.030925850916,233.67697528363897,100.0,1.0477066468759246,1.0,1.0833946528131473,1.0156224834965482,1.0477066468759246,1.0835346536094845,935.738826985471,2935.738826985471,6935.738826985471,3,1,2000.0
802.846078958828,802.846078958828,100.0,902.846078958828,902.846078958828,714.9903190889745,727.134559219121,187.8557598698535,175.711519739707,1.1228768523492703,1.1041231210644349,1.2627388859043789,1.241649248425774,1.1228768523492703,1.379175375787113,702.846078958828,802.846078958828,1002.846078958828,3,2,100.0
1002.846078958828,1127.134559219121,100.0,1102.846078958828,1227.134559219121,914.9903190889745,1163.5672796095605,187.8557598698535,63.5672796095605,1.096018239796601,0.9686887719954925,1.2053090136045321,1.0546313743292015,1.096018239796601,1.3775276316610323,702.846078958828,1002.846078958828,1602.846078958828,3,2,300.0
1202.846078958828,1675.711519739707,100.0,1302.846078958828,1775.711519739707,1114.9903190889745,1763.5672796095605,187.8557598698535,12.1442401301465,1.0787950876036645,0.9501829270220391,1.1684819649585343,1.0068861790931136,1.0787950876036645,1.2490853648898046,702.846078958828,1202.846078958828,2202.846078958828,3,2,500.0
1702.846078958828,3175.711519739707,100.0,1802.846078958828,3275.711519739707,1614.9903190889745,3263.5672796095605,187.8557598698535,12.1442401301465,1.0544001774075114,0.9730798379985094,1.1163200532222535,1.0037211551316936,1.0544001774075114,1.1346008100074532,702.846078958828,1702.846078958828,3702.846078958828,3,2,1000.0
2702.846078958828,6175.711519739707,100.0,2802.846078958828,6275.711519739707,2614.9903190889745,6263.5672796095605,187.8557598698535,12.1442401301465,1.0335969732769263,0.9859735265946836,1.071838032630002,1.0019388695910845,1.0335969732769263,1.070132367026582,702.846078958828,2702.846078958828,6702.846078958828,3,2,2000.0
692.181472980883,692.181472980883,100.0,792.181472980883,792.181472980883,593.4845608174026,594.7876486539219,198.69691216348042,197.39382432696107,1.16630072402818,1.163745539349002,1.3347971038872797,1.331872769674501,1.16630072402818,1.5000000000000002,592.181472980883,692.181472980883,892.181472980883,3,3,100.0
892.181472980883,1097.3938243269608,100.0,992.181472980883,1197.3938243269608,793.4845608174026,1097.3938243269608,198.69691216348042,100.0,1.1243841620079016,1.0,1.2504105586613987,1.0911249888446664,1.1243841620079016,1.359750200796007,592.181472980883,892.181472980883,1492.181472980883,3,3,300.0
1092.181472980883,1697.3938243269608,100.0,1192.181472980883,1797.3938243269608,993.4845608174026,1697.3938243269608,198.69691216348042,100.0,1.099344183146919,1.0,1.2,1.0589138469616215,1.099344183146919,1.2325845911513555,592.181472980883,1092.181472980883,2092.181472980883,3,3,500.0
1592.181472980883,3197.3938243269613,100.0,1692.181472980883,3297.393824326961,1493.4845608174026,3197.3938243269613,198.69691216348042,99.99999999999955,1.0660849899308382,1.0,1.1330424949654192,1.0312754716792039,1.0660849899308382,1.1234716992477531,592.181472980883,1592.181472980883,3592.181472980883,3,3,1000.0
2592.181472980883,6197.39382432696,100.0,2692.181472980883,6297.39382432696,2493.4845608174023,6197.39382432696,198.69691216348065,100.0,1.0395819223084046,1.0,1.0796864417313035,1.0161358149626485,1.0395819223084046,1.0637022044821876,592.181472980883,2592.181472980883,6592.181472980883,3,3,2000.0
691.3557130261324,691.3557130261324,100.0,791.3557130261324,791.3557130261324,592.7964275217771,594.2371420174215,198.55928550435533,197.1185710087109,1.1662616050443972,1.163434030190364,1.3349535798224104,1.331717015095182,1.1662616050443972,1.5000000000000002,591.3557130261324,691.3557130261324,891.3557130261324,3,4,100.0
891.3557130261324,1097.1185710087107,100.0,991.3557130261324,1197.1185710087107,792.7964275217771,1097.1185710087107,198.55928550435533,100.0,1.1243185287961557,1.0,1.2504543141358961,1.0911478509638737,1.1243185287961557,1.3593386826502745,591.3557130261324,891.3557130261324,1491.3557130261324,3,4,300.0
1091.3557130261324,1697.1185710087107,100.0,1191.3557130261324,1797.1185710087107,992.7964275217771,1697.1185710087107,198.55928550435533,100.0,1.09927441595492,1.0,1.2,1.0589234021171328,1.09927441595492,1.2322979364860172,591.3557130261324,1091.3557130261324,2091.3557130261324,3,4,500.0
1591.3557130261324,3197.118571008711,100.0,1691.3557130261324,3297.1185710087107,1492.796427521777,3197.118571008711,198.55928550435533,99.99999999999955,1.066023259224954,1.0,1.1330116296124768,1.0312781643154538,1.066023259224954,1.1233101410727588,591.3557130261324,1591.3557130261324,3591.3557130261324,3,4,1000.0
2591.3557130261324,6197.11857100871,100.0,2691.3557130261324,6297.11857100871,2492.796427521777,6197.11857100871,198.55928550435556,100.0,1.0395376391012958,1.0,1.079653229325972,1.0161365316564732,1.0395376391012958,1.0636162012232164,591.3557130261324,2591.3557130261324,6591.355713026132,3,4,2000.0
749.4513460202143,749.4513460202143,100.0,849.4513460202143,849.4513460202143,656.6725823030407,663.8938185858674,192.77876371717355,185.55752743434687,1.141286184648955,1.12887230614165,1.2935690767552255,1.2794988027296221,1.141286184648955,1.4301252993175944,649.4513460202143,749.4513460202143,949.4513460202143,3,5,100.0
949.4513460202143,1085.5575274343469,100.0,1049.4513460202143,1185.5575274343469,856.6725823030407,1178.3362911515203,192.77876371717355,7.221236282826567,1.108301310948637,0.9212629158467944,1.2250320223846964,1.0061283322401704,1.108301310948637,1.3149483366128225,649.4513460202143,949.4513460202143,1549.4513460202143,3,5,300.0
1149.4513460202143,1685.5575274343469,100.0,1249.4513460202143,1785.5575274343469,1056.6725823030406,1778.3362911515203,192.77876371717366,7.221236282826567,1.0878027548656182,0.9478283358559271,1.1824394490268766,1.004060669693779,1.0878027548656182,1.208686656576292,649.4513460202143,1149.4513460202143,2149.4513460202143,3,5,500.0
1649.4513460202143,3185.557527434347,100.0,1749.4513460202143,3285.557527434347,1556.6725823030406,3278.3362911515205,192.77876371717366,7.2212362828263394,1.059600692381895,0.9716994367028207,1.123840276952758,1.002202713706436,1.059600692381895,1.113202253188717,649.4513460202143,1649.4513460202143,3649.4513460202143,3,5,1000.0
2649.4513460202143,6185.557527434346,100.0,2749.4513460202143,6285.557527434346,2556.6725823030406,6278.3362911515205,192.77876371717366,7.221236282825885,1.0362888718560899,0.9852223966008425,1.075402210299263,1.0011501830975513,1.0362888718560899,1.0591104135966292,649.4513460202143,2649.4513460202143,6649.451346020214,3,5,2000.0
683.9562839828432,683.9562839828432,100.0,783.9562839828432,783.9562839828432,583.9562839828432,589.3041893218954,200.0,194.6520946609478,1.171245695513293,1.1606167008075452,1.3424913910265859,1.3303083504037727,1.171245695513293,1.5000000000000002,583.9562839828432,683.9562839828432,883.9562839828432,3,6,100.0
883.9562839828432,1191.9781419914216,100.0,983.9562839828432,1291.9781419914216,689.3041893218954,1094.6520946609476,294.6520946609478,197.326047330474,1.282389252345089,1.0889104838013572,1.4274630841150298,1.180263709623278,1.282389252345089,1.3556419352054287,583.9562839828432,883.9562839828432,1483.9562839828432,3,6,300.0
1083.9562839828432,1791.9781419914216,100.0,1183.9562839828432,1891.9781419914216,889.3041893218954,1694.6520946609476,294.6520946609478,197.326047330474,1.2188813422878084,1.0574312849446224,1.331328805372685,1.116440446952006,1.2188813422878084,1.2297251397784892,583.9562839828432,1083.9562839828432,2083.956283982843,3,6,500.0
1583.9562839828432,3291.9781419914216,100.0,1683.9562839828432,3391.9781419914216,1389.3041893218954,3194.652094660948,294.6520946609478,197.32604733047356,1.1401076136939854,1.0304653040289204,1.2120860909551885,1.0617676170936592,1.1401076136939854,1.1218612161156825,583.9562839828432,1583.9562839828432,3583.956283982843,3,6,1000.0
2583.956283982843,6291.978141991422,100.0,2683.956283982843,6391.978141991422,2389.3041893218956,6194.652094660947,294.65209466094757,197.32604733047447,1.0814681092222884,1.0157113015942183,1.1233212983000596,1.0318542582077443,1.0814681092222884,1.062845206376873,583.9562839828432,2583.956283982843,6583.956283982843,3,6,2000.0
684.3097110046074,684.3097110046074,100.0,784.3097110046074,784.3097110046074,586.9247591705061,586.9247591705061,197.38495183410123,197.38495183410123,1.1659240819414982,1.1659240819414982,1.3363036722340067,1.3363036722340067,1.1659240819414982,1.5066832625265152,584.3097110046074,684.3097110046074,884.3097110046074,3,7,100.0
884.3097110046074,1192.1548555023037,100.0,984.3097110046074,1292.1548555023037,786.9247591705061,1094.7699036682025,197.38495183410123,197.38495183410123,1.1237538286846562,1.088954721451327,1.2508307808768957,1.1802981166843656,1.1237538286846562,1.3558188858053086,584.3097110046074,884.3097110046074,1484.3097110046074,3,7,300.0
1084.3097110046074,1792.1548555023037,100.0,1184.3097110046074,1892.1548555023037,986.9247591705061,1694.7699036682025,197.38495183410123,197.38495183410123,1.0986751532264238,1.057462049345648,1.2,1.1164671094328948,1.0986751532264238,1.2298481973825917,584.3097110046074,1084.3097110046074,2084.3097110046074,3,7,500.0
1584.3097110046074,3292.1548555023037,100.0,1684.3097110046074,3392.1548555023037,1486.9247591705061,3194.7699036682025,197.38495183410123,197.38495183410123,1.0654942028730683,1.0304826183952356,1.132747101436534,1.0617837771688865,1.0654942028730683,1.1219304735809421,584.3097110046074,1584.3097110046074,3584.3097110046074,3,7,1000.0
2584.3097110046074,6292.154855502304,100.0,2684.3097110046074,6392.154855502304,2486.924759170506,6194.7699036682025,197.38495183410123,197.38495183410123,1.0391587849511712,1.0157205115522427,1.0793690887133784,1.031863161167168,1.0391587849511712,1.0628820462089708,584.3097110046074,2584.3097110046074,6584.309711004607,3,7,2000.0
696.3864870136604,696.3864870136604,100.0,796.3864870136604,796.3864870136604,596.9887391780503,598.1932435068302,199.39774783561006,198.19324350683019,1.166498530562676,1.1641497034155468,1.3340058777492958,1.3313197627324376,1.166498530562676,1.4984898220493281,596.3864870136604,696.3864870136604,896.3864870136604,3,8,100.0
896.3864870136604,1098.7954956712201,100.0,996.3864870136604,1198.7954956712201,796.9887391780503,1198.1932435068302,199.39774783561006,0.6022521643899381,1.1247166276629215,0.9170436418547177,1.2501889148913858,1.000502633584068,1.1247166276629215,1.2488690744358468,596.3864870136604,896.3864870136604,1496.3864870136604,3,8,300.0
1096.3864870136604,1698.7954956712201,100.0,1196.3864870136604,1798.7954956712201,996.9887391780503,1798.1932435068302,199.39774783561006,0.6022521643899381,1.0996979644098657,0.94472354503915,1.2,1.0003349207136467,1.0996979644098657,1.16582936488255,596.3864870136604,1096.3864870136604,2096.3864870136604,3,8,500.0
1596.3864870136604,3198.79549567122,100.0,1696.3864870136604,3298.79549567122,1496.9887391780503,3298.19324350683,199.39774783561006,0.6022521643899381,1.0663984606124601,0.9698629702697696,1.1331992303062302,1.00018260063008,1.0663984606124601,1.0904110891906909,596.3864870136604,1596.3864870136604,3596.3864870136604,3,8,1000.0
2596.3864870136604,6198.79549567122,100.0,2696.3864870136604,6298.79549567122,2496.9887391780503,6298.19324350683,199.39774783561006,0.6022521643899381,1.0398070468945444,0.9842180536556123,1.0798552851709082,1.0000956230050595,1.0398070468945444,1.0473458390331631,596.3864870136604,2596.3864870136604,6596.38648701366,3,8,2000.0
733.0716620432213,733.0716620432213,100.0,833.0716620432213,833.0716620432213,633.0716620432213,633.0716620432213,200.0,200.0,1.1579600004164659,1.1579600004164659,1.315920000832932,1.315920000832932,1.1579600004164659,1.4738800012493978,633.0716620432213,733.0716620432213,933.0716620432213,3,9,100.0
933.0716620432213,1171.316426589952,100.0,1033.0716620432213,1271.316426589952,661.7552354532693,1171.316426589952,371.316426589952,100.0,1.4099951342343575,1.0,1.5611084079079764,1.0853740268042937,1.4099951342343575,1.3088450116818096,633.0716620432213,933.0716620432213,1533.0716620432213,3,9,300.0
1133.0716620432213,1771.316426589952,100.0,1233.0716620432213,1871.316426589952,861.7552354532693,1771.316426589952,371.316426589952,100.0,1.3148416341761404,1.0,1.430883865062503,1.0564551869439358,1.3148416341761404,1.2042295944546182,633.0716620432213,1133.0716620432213,2133.0716620432213,3,9,500.0
1633.0716620432213,3271.3164265899522,100.0,1733.0716620432213,3371.3164265899522,1361.7552354532693,3271.3164265899522,371.316426589952,100.0,1.1992402302016063,1.0,1.2726748661747256,1.0305687334882003,1.1992402302016063,1.1105839938053212,633.0716620432213,1633.0716620432213,3633.0716620432213,3,9,1000.0
2633.0716620432213,6271.316426589952,100.0,2733.0716620432213,6371.316426589952,2361.755235453269,6271.316426589952,371.31642658995224,100.0,1.1148791468807229,1.0,1.1572205370886746,1.015945615433469,1.1148791468807229,1.0576840986558183,633.0716620432213,2633.0716620432213,6633.071662043221,3,9,2000.0
684.5371109899133,684.5371109899133,100.0,784.5371109899133,784.5371109899133,584.5371109899133,589.6914073266089,200.0,194.84570366330445,1.171075536727942,1.1608395552061568,1.342151073455884,1.3304197776030784,1.171075536727942,1.5,584.5371109899133,684.5371109899133,884.5371109899133,3,10,100.0
884.5371109899133,1094.8457036633044,100.0,984.5371109899133,1194.8457036633044,689.6914073266089,1094.8457036633044,294.84570366330445,100.0,1.2825114269852484,1.0,1.427503808995083,1.0913370712104953,1.2825114269852484,1.3559327182110859,584.5371109899133,884.5371109899133,1484.5371109899133,3,10,300.0
1084.5371109899133,1694.8457036633044,100.0,1184.5371109899133,1794.8457036633044,889.6914073266089,1694.8457036633044,294.84570366330445,100.0,1.2190036928071353,1.0,1.331402215684281,1.0590024211548321,1.2190036928071353,1.229927365355038,584.5371109899133,1084.5371109899133,2084.5371109899133,3,10,500.0
1584.5371109899133,3194.8457036633044,100.0,1684.5371109899133,3294.8457036633044,1389.691407326609,3194.8457036633044,294.84570366330445,100.0,1.1402078926559207,1.0,1.2121663141247365,1.0313004161313133,1.1402078926559207,1.1219750321211999,584.5371109899133,1584.5371109899133,3584.5371109899133,3,10,1000.0
2584.5371109899133,6194.845703663304,100.0,2684.5371109899133,6294.845703663304,2389.691407326609,6194.845703663304,294.84570366330445,100.0,1.0815359268003906,1.0,1.1233823341203515,1.0161424520938214,1.0815359268003906,1.0629057487414362,584.5371109899133,2584.5371109899133,6584.537110989913,3,10,2000.0
755.4191900067963,755.4191900067963,100.0,855.4191900067963,855.4191900067963,661.7878771486825,668.1565642905688,193.6313128581138,187.2626257162275,1.1414823632936961,1.1306020630192875,1.29258818353152,1.2802675835641277,1.1414823632936961,1.429933104108968,655.4191900067963,755.4191900067963,955.4191900067963,3,11,100.0
955.4191900067963,1087.2626257162274,100.0,1055.4191900067963,1187.2626257162274,861.7878771486825,1087.2626257162274,193.6313128581138,100.0,1.1086477488728468,1.0,1.2246855844604867,1.0919740986536033,1.1086477488728468,1.4305827802939273,655.4191900067963,955.4191900067963,1555.4191900067963,3,11,300.0
1155.4191900067963,1687.2626257162274,100.0,1255.4191900067963,1787.2626257162274,1061.7878771486826,1687.2626257162274,193.6313128581137,100.0,1.0881826915462158,1.0,1.1823634616907568,1.0592675962093043,1.0881826915462158,1.2774651421510868,655.4191900067963,1155.4191900067963,2155.4191900067963,3,11,500.0
1655.4191900067963,3187.2626257162274,100.0,1755.4191900067963,3287.2626257162274,1561.7878771486826,3187.2626257162274,193.6313128581137,100.0,1.0599513635802156,1.0,1.1239805454320861,1.0313748855187383,1.0599513635802156,1.1468835860946247,655.4191900067963,1655.4191900067963,3655.4191900067963,3,11,1000.0
2655.4191900067963,6187.262625716227,100.0,2755.4191900067963,6287.262625716227,2561.7878771486826,6187.262625716227,193.6313128581137,100.0,1.0365492060030852,1.0,1.0755844442021596,1.0161622362018978,1.0365492060030852,1.0756645697153313,655.4191900067963,2655.4191900067963,6655.419190006796,3,11,2000.0
689.1977150458843,689.1977150458843,100.0,789.1977150458843,789.1977150458843,590.9980958715703,594.5988575229421,198.19961917431397,194.59885752294213,1.166158943421797,1.1590969379205243,1.3353642263128116,1.3272775503364194,1.166158943421797,1.4954581627523145,589.1977150458843,689.1977150458843,889.1977150458843,3,12,100.0
889.1977150458843,1194.5988575229421,100.0,989.1977150458843,1294.5988575229421,790.9980958715703,1194.5988575229421,198.19961917431397,100.0,1.1241464672125558,1.0,1.2505690218582959,1.083710108519068,1.1241464672125558,1.246609023328389,589.1977150458843,889.1977150458843,1489.1977150458843,3,12,300.0
1089.1977150458843,1794.5988575229421,100.0,1189.1977150458843,1894.5988575229421,990.9980958715703,1794.5988575229421,198.19961917431397,100.0,1.0990916325504627,1.0,1.2,1.0557227592009217,1.0990916325504627,1.1641586119861753,589.1977150458843,1089.1977150458843,2089.1977150458843,3,12,500.0
1589.1977150458843,3294.598857522942,100.0,1689.1977150458843,3394.598857522942,1490.9980958715703,3294.598857522942,198.19961917431397,100.0,1.065861666387247,1.0,1.1329308331936234,1.030352708880372,1.065861666387247,1.0894187335888406,589.1977150458843,1589.1977150458843,3589.1977150458843,3,12,1000.0
2589.1977150458843,6294.598857522942,100.0,2689.1977150458843,6394.598857522942,2490.99809587157,6294.598857522942,198.1996191743142,100.0,1.0394217961615724,1.0,1.0795663471211794,1.0158866358704473,1.0394217961615724,1.0468018477731673,589.1977150458843,2589.1977150458843,6589.197715045884,3,12,2000.0
735.2326740161516,735.2326740161516,100.0,835.2326740161516,835.2326740161516,635.2326740161516,635.2326740161516,200.0,200.0,1.1574226328248622,1.1574226328248622,1.3148452656497243,1.3148452656497243,1.1574226328248622,1.4722678984745865,635.2326740161516,735.2326740161516,935.2326740161516,3,13,100.0
935.2326740161516,1081.4950497189004,100.0,1035.2326740161516,1181.4950497189004,753.7376242972512,1081.4950497189004,281.4950497189004,100.0,1.2407934059124588,1.0,1.3734655676520764,1.0924645933663697,1.2407934059124588,1.41954664925668,635.2326740161516,935.2326740161516,1535.2326740161516,3,13,300.0
1135.2326740161516,1681.4950497189004,100.0,1235.2326740161516,1781.4950497189004,953.7376242972512,1681.4950497189004,281.4950497189004,100.0,1.1902987206283622,1.0,1.295149360314181,1.0594708857553385,1.1902987206283622,1.2698417841748053,635.2326740161516,1135.2326740161516,2135.2326740161516,3,13,500.0
1635.2326740161516,3181.4950497189,100.0,1735.2326740161516,3281.4950497189,1453.7376242972512,3181.4950497189,281.4950497189004,100.0,1.1248471847226467,1.0,1.193635388541985,1.0314317635065424,1.1248471847226467,1.1426177370093162,635.2326740161516,1635.2326740161516,3635.2326740161516,3,13,1000.0
2635.2326740161516,6181.4950497189,100.0,2735.2326740161516,6281.4950497189,2453.7376242972514,6181.4950497189,281.4950497189002,100.0,1.0739667713131635,1.0,1.1147209248990182,1.0161773161986998,1.0739667713131635,1.0734025701950347,635.2326740161516,2635.2326740161516,6635.232674016152,3,13,2000.0
687.7881229971536,689.8234358309613,100.0,787.7881229971536,789.8234358309613,589.8234358309613,591.858748664769,197.96468716619222,197.96468716619233,1.166091547427539,1.16552038368479,1.3356338102898428,1.3344796163152102,1.166091547427539,1.5,587.7881229971536,687.7881229971536,887.7881229971536,3,14,100.0
887.7881229971536,1193.8940614985768,100.0,987.7881229971536,1293.8940614985768,789.8234358309613,1095.9293743323844,197.96468716619222,197.96468716619233,1.1240336545130811,1.089389598874353,1.2506442303246124,1.1806363546800522,1.1240336545130811,1.357558395497411,587.7881229971536,887.7881229971536,1487.7881229971536,3,14,300.0
1087.7881229971536,1793.8940614985768,100.0,1187.7881229971536,1893.8940614985768,989.8234358309613,1695.9293743323844,197.96468716619222,197.96468716619233,1.0989718808627222,1.0577646030836378,1.2,1.1167293226724861,1.0989718808627222,1.231058412334551,587.7881229971536,1087.7881229971536,2087.7881229971536,3,14,500.0
1587.7881229971536,3293.894061498577,100.0,1687.7881229971536,3393.894061498577,1489.8234358309614,3195.929374332384,197.9646871661921,197.96468716619256,1.0657559042300548,1.0306529574630092,1.1328779521150274,1.0619427602988087,1.0657559042300548,1.122611829852037,587.7881229971536,1587.7881229971536,3587.7881229971536,3,14,1000.0
2587.7881229971536,6293.894061498577,100.0,2687.7881229971536,6393.894061498577,2489.8234358309614,6195.929374332385,197.9646871661921,197.96468716619165,1.039346037858101,1.0158111368363922,1.0795095283935758,1.0319507656085125,1.039346037858101,1.0632445473455694,587.7881229971536,2587.7881229971536,6587.788122997154,3,14,2000.0
809.2929479549639,809.2929479549639,100.0,909.2929479549639,909.2929479549639,720.6313294605934,731.9697109662229,188.6616184943705,177.32323698874097,1.1230332555215652,1.1056372085214727,1.2618004668706082,1.2422548834085891,1.1230332555215652,1.3788725582957055,709.2929479549639,809.2929479549639,1009.2929479549639,3,15,100.0
1009.2929479549639,1165.9848554831115,100.0,1109.292947954964,1265.9848554831115,920.6313294605934,1165.9848554831115,188.6616184943705,100.0,1.0963052371314783,1.0,1.2049263504913623,1.0857644072560155,1.0963052371314783,1.3802005578264336,709.2929479549639,1009.2929479549639,1609.292947954964,3,15,300.0
1209.292947954964,1765.9848554831115,100.0,1309.292947954964,1865.9848554831115,1120.6313294605934,1765.9848554831115,188.6616184943705,100.0,1.0791175618274451,1.0,1.168352975269022,1.056625627161816,1.0791175618274451,1.2510259876212693,709.2929479549639,1209.292947954964,2209.292947954964,3,15,500.0
1709.292947954964,3265.9848554831115,100.0,1809.292947954964,3365.9848554831115,1620.6313294605934,3265.9848554831115,188.6616184943705,100.0,1.0547080738738281,1.0,1.1164124221621485,1.0306186355494316,1.0547080738738281,1.1357348891950931,709.2929479549639,1709.292947954964,3709.292947954964,3,15,1000.0
2709.292947954964,6265.9848554831115,100.0,2809.292947954964,6365.9848554831115,2620.6313294605934,6265.9848554831115,188.6616184943705,100.0,1.0338321600210052,1.0,1.0719909040136535,1.015959183162164,1.0338321600210052,1.0707483504502777,709.2929479549639,2709.292947954964,6709.292947954964,3,15,2000.0
749.2814550292678,749.2814550292678,100.0,849.2814550292678,849.2814550292678,656.5269614536581,663.7724678780485,192.75449357560967,185.50898715121934,1.1412805551355212,1.1288227386480414,1.2935972243223943,1.2794767727324627,1.1412805551355212,1.4301308068168843,649.2814550292678,749.2814550292678,949.2814550292678,3,16,100.0
949.2814550292678,1085.5089871512193,100.0,1049.2814550292678,1185.5089871512193,856.5269614536581,1178.2634807268291,192.75449357560967,7.245506424390214,1.108291388070483,0.9212786485426903,1.2250419452628503,1.0061493091680316,1.108291388070483,1.3148854058292385,649.2814550292678,949.2814550292678,1549.2814550292678,3,16,300.0
1149.2814550292678,1685.5089871512193,100.0,1249.2814550292678,1785.5089871512193,1056.5269614536583,1778.2634807268291,192.75449357560956,7.245506424390214,1.08779188507219,0.9478398479297915,1.1824416229855619,1.0040744841824165,1.08779188507219,1.2086406082808339,649.2814550292678,1149.2814550292678,2149.281455029268,3,16,500.0
1649.2814550292678,3185.508987151219,100.0,1749.2814550292678,3285.508987151219,1556.5269614536583,3278.263480726829,192.75449357560956,7.245506424389987,1.0595906758267684,0.9717062114985812,1.1238362703307072,1.0022101659817726,1.0595906758267684,1.113175154005675,649.2814550292678,1649.2814550292678,3649.281455029268,3,16,1000.0
2649.281455029268,6185.508987151219,100.0,2749.281455029268,6285.508987151219,2556.5269614536583,6278.26348072683,192.75449357560956,7.245506424389532,1.036281445482143,0.9852260909628354,1.0753970118375,1.0011540621776438,1.036281445482143,1.0590956361486576,649.2814550292678,2649.281455029268,6649.281455029268,3,16,2000.0
730.6043300428428,730.6043300428428,100.0,830.6043300428428,830.6043300428428,640.5179971795795,650.4316643163163,190.08633286326324,180.17266572652647,1.1406460603135966,1.123260705351419,1.296769698432017,1.2770047579339638,1.1406460603135966,1.430748810516509,630.6043300428428,730.6043300428428,930.6043300428428,3,17,100.0
930.6043300428428,1170.2589985897898,100.0,1030.6043300428428,1270.2589985897898,840.5179971795795,1170.2589985897898,190.08633286326324,100.0,1.107179540670818,1.0,1.2261537926625152,1.0854511694594993,1.107179540670818,1.3079192998193425,630.6043300428428,930.6043300428428,1530.6043300428428,3,17,300.0
1130.6043300428428,1770.2589985897898,100.0,1230.6043300428428,1870.2589985897898,1040.5179971795797,1770.2589985897898,190.08633286326312,100.0,1.0865783514628775,1.0,1.1826843297074243,1.056488909295002,1.0865783514628775,1.20355514743329,630.6043300428428,1130.6043300428428,2130.604330042843,3,17,500.0
1630.6043300428428,3270.25899858979,100.0,1730.6043300428428,3370.25899858979,1540.5179971795797,3270.25899858979,190.08633286326312,100.0,1.058477948993907,1.0,1.1233911795975626,1.0305786177923897,1.058477948993907,1.1101886216377486,630.6043300428428,1630.6043300428428,3630.604330042843,3,17,1000.0
2630.604330042843,6270.25899858979,100.0,2730.604330042843,6370.25899858979,2540.5179971795797,6270.25899858979,190.08633286326312,100.0,1.035459828650407,1.0,1.074821880055285,1.0159483045313584,1.035459828650407,1.0574689708246654,630.6043300428428,2630.604330042843,6630.604330042843,3,17,2000.0
750.5707009928301,750.5707009928301,100.0,850.5707009928301,850.5707009928301,657.6320294224257,664.6933578520216,192.93867157040438,185.87734314080853,1.1413232133052111,1.1291984373340573,1.293383933473945,1.2796437499262476,1.1413232133052111,1.430089062518438,650.5707009928301,750.5707009928301,950.5707009928301,3,18,100.0
950.5707009928301,1085.8773431408085,100.0,1050.57070099283,1185.8773431408085,857.6320294224257,1085.8773431408085,192.93867157040438,100.0,1.1083666052362737,1.0,1.2249667280970598,1.0920914324547544,1.1083666052362737,1.427942769768025,650.5707009928301,950.5707009928301,1550.57070099283,3,18,300.0
1150.57070099283,1685.8773431408085,100.0,1250.57070099283,1785.8773431408085,1057.6320294224256,1685.8773431408085,192.9386715704045,100.0,1.0878742974729674,1.0,1.1824251405054067,1.0593162962933584,1.0878742974729674,1.2756388889990613,650.5707009928301,1150.57070099283,2150.57070099283,3,18,500.0
1650.57070099283,3185.8773431408085,100.0,1750.57070099283,3285.8773431408085,1557.6320294224256,3185.8773431408085,192.9386715704045,100.0,1.059666641295805,1.0,1.123866656518322,1.0313885279404431,1.059666641295805,1.145860404466765,650.5707009928301,1650.57070099283,3650.57070099283,3,18,1000.0
2650.57070099283,6185.877343140808,100.0,2750.57070099283,6285.877343140808,2557.6320294224256,6185.877343140808,192.9386715704045,100.0,1.03633778061162,1.0,1.075436446428134,1.0161658556180206,1.03633778061162,1.0751216572968902,650.5707009928301,2650.57070099283,6650.57070099283,3,18,2000.0
751.0838909889571,751.0838909889571,100.0,851.0838909889571,851.0838909889571,658.0719065619633,665.0599221349694,193.01198442699388,186.02396885398775,1.1413401537119652,1.1293476963366464,1.2932992314401741,1.2797100872607317,1.1413401537119652,1.430072478184817,651.0838909889571,751.0838909889571,951.0838909889571,3,19,100.0
951.0838909889571,1086.0239688539878,100.0,1051.0838909889571,1186.0239688539878,858.0719065619633,1086.0239688539878,193.01198442699388,100.0,1.1083964918507412,1.0,1.224936841482592,1.09207899905333,1.1083964918507412,1.4282225213000757,651.0838909889571,951.0838909889571,1551.0838909889571,3,19,300.0
1151.0838909889571,1686.0239688539878,100.0,1251.0838909889571,1786.0239688539878,1058.0719065619633,1686.0239688539878,193.01198442699388,100.0,1.0879070541899383,1.0,1.1824185891620123,1.05931113782918,1.0879070541899383,1.275832331405749,651.0838909889571,1151.0838909889571,2151.083890988957,3,19,500.0
1651.0838909889571,3186.0239688539878,100.0,1751.0838909889571,3286.0239688539878,1558.0719065619633,3186.0239688539878,193.01198442699388,100.0,1.0596968496994685,1.0,1.1238787398797874,1.03138708339221,1.0596968496994685,1.1459687455842498,651.0838909889571,1651.0838909889571,3651.083890988957,3,19,1000.0
2651.083890988957,6186.023968853988,100.0,2751.083890988957,6286.023968853988,2558.0719065619633,6186.023968853988,193.01198442699388,100.0,1.0363601915131468,1.0,1.075452134059203,1.01616547244296,1.0363601915131468,1.0751791335559804,651.0838909889571,2651.083890988957,6651.083890988957,3,19,2000.0
798.2058929861523,798.2058929861523,100.0,898.2058929861523,898.2058929861523,710.9301563628833,710.9301563628833,187.27573662326904,187.27573662326904,1.1227627437690524,1.1227627437690524,1.2634235373856852,1.2634235373856852,1.1227627437690524,1.404084331002318,698.2058929861523,798.2058929861523,998.2058929861523,3,20,100.0
998.2058929861523,1161.8272098698071,100.0,1098.2058929861523,1261.8272098698071,910.9301563628833,1161.8272098698071,187.27573662326904,100.0,1.0958094712461153,1.0,1.2055873716718462,1.0860713186526298,1.0958094712461153,1.3755968868772193,698.2058929861523,998.2058929861523,1598.2058929861523,3,20,300.0
1198.2058929861523,1761.8272098698071,100.0,1298.2058929861523,1861.8272098698071,1110.9301563628833,1761.8272098698071,187.27573662326904,100.0,1.0785609573413728,1.0,1.168575617063451,1.056759255073254,1.0785609573413728,1.2476852898353137,698.2058929861523,1198.2058929861523,2198.2058929861523,3,20,500.0
1698.2058929861523,3261.827209869807,100.0,1798.2058929861523,3361.827209869807,1610.9301563628833,3261.827209869807,187.27573662326904,100.0,1.0541772318796974,1.0,1.1162531695639093,1.0306576631948543,1.0541772318796974,1.1337835069239497,698.2058929861523,1698.2058929861523,3698.2058929861523,3,20,1000.0
2698.2058929861523,6261.827209869807,100.0,2798.2058929861523,6361.827209869807,2610.9301563628833,6261.827209869807,187.27573662326904,100.0,1.0334270667526577,1.0,1.0717275933892274,1.015969779530547,1.0334270667526577,1.069688713611984,698.2058929861523,2698.2058929861523,6698.205892986152,3,20,2000.0
750.7429360062815,757.7796594339555,100.0,850.7429360062815,857.7796594339555,657.7796594339555,664.8163828616297,192.96327657232598,192.96327657232587,1.141328901310698,1.1398330109919608,1.293355493446511,1.2902504835120585,1.141328901310698,1.4300834945040195,650.7429360062815,750.7429360062815,950.7429360062815,3,21,100.0
950.7429360062815,1178.8898297169778,100.0,1050.7429360062815,1278.8898297169778,857.7796594339555,1178.8898297169778,192.96327657232598,100.0,1.1083766390936245,1.0,1.224956694239709,1.0848255684960888,1.1083766390936245,1.3154265113802672,650.7429360062815,950.7429360062815,1550.7429360062815,3,21,300.0
1150.7429360062815,1778.8898297169778,100.0,1250.7429360062815,1878.8898297169778,1057.7796594339557,1778.8898297169778,192.96327657232587,100.0,1.0878852942039676,1.0,1.1824229411592064,1.0562148359777346,1.0878852942039676,1.2090366137786428,650.7429360062815,1150.7429360062815,2150.7429360062815,3,21,500.0
1650.7429360062815,3278.889829716978,100.0,1750.7429360062815,3378.889829716978,1557.7796594339557,3278.889829716978,192.96327657232587,100.0,1.05967678163554,1.0,1.123870712654216,1.0304981274740272,1.05967678163554,1.113408234372242,650.7429360062815,1650.7429360062815,3650.7429360062815,3,21,1000.0
2650.7429360062815,6278.889829716978,100.0,2750.7429360062815,6378.889829716978,2557.7796594339557,6278.889829716978,192.96327657232587,100.0,1.0363453029386038,1.0,1.0754417120570225,1.015926382324263,1.0363453029386038,1.059222747392283,650.7429360062815,2650.7429360062815,6650.7429360062815,3,21,2000.0
804.8209700151347,804.8209700151347,100.0,904.8209700151347,904.8209700151347,716.7183487632428,728.615727511351,188.10262125189183,176.20524250378367,1.1229250254356125,1.1045890716140168,1.2624498473863248,1.2418356286456067,1.1229250254356125,1.3790821856771966,704.8209700151347,804.8209700151347,1004.8209700151347,3,22,100.0
1004.8209700151347,1128.615727511351,100.0,1104.8209700151347,1228.615727511351,916.7183487632428,1164.3078637556755,188.10262125189183,64.3078637556755,1.096106531925266,0.9693447606467301,1.2051912907663118,1.0552326972595027,1.096106531925266,1.3783476174750793,704.8209700151347,1004.8209700151347,1604.8209700151347,3,22,300.0
1204.8209700151347,1676.2052425037837,100.0,1304.8209700151347,1776.2052425037837,1116.7183487632428,1764.3078637556755,188.10262125189183,11.897378748108167,1.0788942183581607,0.9500639185134344,1.1684423126567358,1.006743368882788,1.0788942183581607,1.2496804074328278,704.8209700151347,1204.8209700151347,2204.8209700151347,3,22,500.0
1704.8209700151347,3176.2052425037837,100.0,1804.8209700151347,3276.2052425037837,1616.7183487632428,3264.3078637556755,188.10262125189183,11.897378748108167,1.0544947246496512,0.973010321045354,1.1163484173948954,1.0036446864832227,1.0544947246496512,1.1349483947732297,704.8209700151347,1704.8209700151347,3704.8209700151347,3,22,1000.0
2704.8209700151347,6176.205242503784,100.0,2804.8209700151347,6276.205242503784,2616.718348763243,6264.3078637556755,188.10262125189183,11.897378748108167,1.0336691265582834,0.9859357772369969,1.0718849322628843,1.0018992327655134,1.0336691265582834,1.0703211138150155,704.8209700151347,2704.8209700151347,6704.820970015135,3,22,2000.0
789.9805440334603,789.9805440334603,100.0,889.9805440334603,889.9805440334603,689.9805440334603,689.9805440334603,200.0,200.0,1.1449316228765294,1.1449316228765294,1.2898632457530586,1.2898632457530586,1.1449316228765294,1.434794868629588,689.9805440334603,789.9805440334603,989.9805440334603,3,23,100.0
989.9805440334603,1158.7427040125476,100.0,1089.9805440334603,1258.7427040125476,731.2378400209127,1072.495136008365,358.7427040125476,186.24756800418254,1.3538420604780899,1.0804176775338865,1.4905964713235955,1.1736581936374673,1.3538420604780899,1.4825060652033195,689.9805440334603,989.9805440334603,1589.9805440334603,3,23,300.0
1189.9805440334603,1758.7427040125476,100.0,1289.9805440334603,1858.7427040125476,931.2378400209127,1672.495136008365,358.7427040125476,186.24756800418254,1.2778481424323749,1.0515682025898287,1.3852320949549166,1.111359108911185,1.2778481424323749,1.3094092155389725,689.9805440334603,1189.9805440334603,2189.9805440334603,3,23,500.0
1689.9805440334603,3258.7427040125476,100.0,1789.9805440334603,3358.7427040125476,1431.2378400209127,3172.495136008365,358.7427040125476,186.24756800418254,1.180782464505527,1.0271860363236678,1.2506520537546058,1.0587069672354232,1.180782464505527,1.1631162179420063,689.9805440334603,1689.9805440334603,3689.9805440334603,3,23,1000.0
2689.9805440334603,6258.742704012548,100.0,2789.9805440334603,6358.742704012548,2431.2378400209127,6172.495136008365,358.7427040125476,186.24756800418254,1.1064242665827881,1.0139728855355497,1.1475555777008892,1.0301737893510314,1.1064242665827881,1.0838373132132986,689.9805440334603,2689.9805440334603,6689.98054403346,3,23,2000.0
586.9044883040867,686.9044883040867,100.0,686.9044883040867,786.9044883040867,584.285385964904,589.5235906432692,102.61910233918275,197.38089766081748,1.0044825737594951,1.1651857520316677,1.1756318141856568,1.334814247968333,1.1711492404261616,1.5000000000000002,584.285385964904,684.285385964904,884.285385964904,3,24,100.0
786.9044883040867,1094.7617953216345,100.0,886.9044883040867,1194.7617953216345,689.5235906432692,1094.7617953216345,197.38089766081748,100.0,1.1412292472400676,1.0,1.2862569175866445,1.0913440717673388,1.282458494480135,1.3558067081879028,584.285385964904,884.285385964904,1484.285385964904,3,24,300.0
986.9044883040867,1694.7617953216345,100.0,1086.9044883040867,1794.7617953216345,889.5235906432692,1694.7617953216345,197.38089766081748,100.0,1.1094753401541553,1.0,1.2218950680308311,1.059005342388558,1.2189506803083103,1.2298397283432656,584.285385964904,1084.285385964904,2084.285385964904,3,24,500.0
1486.9044883040867,3194.761795321635,100.0,1586.9044883040867,3294.7617953216345,1389.5235906432692,3194.761795321635,197.38089766081748,99.99999999999955,1.0700822197741426,1.0,1.1420493318644858,1.0313012382163949,1.1401644395482853,1.1219257070163047,584.285385964904,1584.285385964904,3584.285385964904,3,24,1000.0
2486.9044883040865,6194.761795321634,100.0,2586.904488304087,6294.761795321634,2389.5235906432695,6194.761795321634,197.38089766081748,100.0,1.0407532689956,1.0,1.08260261519648,1.0161426707440988,1.0815065379912001,1.0628795107081346,584.285385964904,2584.285385964904,6584.285385964904,3,24,2000.0
682.4931699899025,682.4931699899025,100.0,782.4931699899025,782.4931699899025,585.4109749915855,588.3287799932683,197.08219499831705,194.1643899966342,1.1658359667748157,1.160054026249934,1.3366561329007367,1.330027013124967,1.1658359667748157,1.5,582.4931699899025,682.4931699899025,882.4931699899025,3,25,100.0
882.4931699899025,1191.2465849949513,100.0,982.4931699899025,1291.2465849949513,785.4109749915855,1094.164389996634,197.08219499831705,197.08219499831716,1.1236068734580098,1.0887272478302972,1.2509287510279934,1.1801211927568978,1.1236068734580098,1.354908991321188,582.4931699899025,882.4931699899025,1482.4931699899025,3,25,300.0
1082.4931699899025,1791.2465849949513,100.0,1182.4931699899025,1891.2465849949513,985.4109749915855,1694.164389996634,197.08219499831705,197.08219499831716,1.0985194984246507,1.0573038812358169,1.2,1.1163300304043746,1.0985194984246507,1.229215524943267,582.4931699899025,1082.4931699899025,2082.4931699899025,3,25,500.0
1582.4931699899025,3291.2465849949513,100.0,1682.4931699899025,3391.2465849949513,1485.4109749915856,3194.164389996634,197.08219499831694,197.0821949983174,1.0653571278473062,1.0303936125837343,1.1326785639236532,1.061700705078152,1.0653571278473062,1.1215744503349365,582.4931699899025,1582.4931699899025,3582.4931699899025,3,25,1000.0
2582.4931699899025,6291.246584994951,100.0,2682.4931699899025,6391.246584994951,2485.4109749915856,6194.164389996635,197.08219499831694,197.08219499831648,1.0390608217213033,1.015673170566009,1.0792956162909775,1.0318173982138088,1.0390608217213033,1.0626926822640363,582.4931699899025,2582.4931699899025,6582.4931699899025,3,25,2000.0
696.0744780022651,696.0744780022651,100.0,796.0744780022651,796.0744780022651,596.7287316685542,597.3829853348434,199.34574633371085,198.6914926674217,1.166483933253764,1.1652064004000775,1.3340642669849438,1.3326032002000388,1.166483933253764,1.5,596.0744780022651,696.0744780022651,896.0744780022651,3,26,100.0
896.0744780022651,1098.6914926674217,100.0,996.0744780022651,1198.6914926674217,796.7287316685542,1098.6914926674217,199.34574633371085,100.0,1.1246920593985048,1.0,1.25020529373433,1.0910173608036395,1.1246920593985048,1.3616875055344884,596.0744780022651,896.0744780022651,1496.074478002265,3,26,300.0
1096.074478002265,1698.6914926674217,100.0,1196.074478002265,1798.6914926674217,996.7287316685542,1698.6914926674217,199.34574633371085,100.0,1.0996717995350682,1.0,1.2,1.058868841359164,1.0996717995350682,1.2339347592250791,596.0744780022651,1096.074478002265,2096.074478002265,3,26,500.0
1596.074478002265,3198.6914926674217,100.0,1696.074478002265,3298.6914926674217,1496.7287316685542,3198.6914926674217,199.34574633371085,100.0,1.0663752517284546,1.0,1.1331876258642273,1.0312627836192507,1.0663752517284546,1.1242329828449513,596.0744780022651,1596.074478002265,3596.074478002265,3,26,1000.0
2596.074478002265,6198.691492667422,100.0,2696.074478002265,6298.691492667422,2496.7287316685542,6198.691492667422,199.34574633371085,100.0,1.039790364517221,1.0,1.079842773387916,1.016132437001953,1.039790364517221,1.0641075597656242,596.0744780022651,2596.074478002265,6596.074478002265,3,26,2000.0
682.5202609994449,682.5202609994449,100.0,782.5202609994449,782.5202609994449,585.4335508328708,588.3468406662965,197.0867101665741,194.17342033314833,1.1658372842288474,1.1600644616813067,1.3366508630846103,1.3300322308406534,1.1658372842288474,1.5,582.5202609994449,682.5202609994449,882.5202609994449,3,27,100.0
882.5202609994449,1191.2601304997224,100.0,982.5202609994449,1291.2601304997224,785.4335508328708,1094.1734203331482,197.0867101665741,197.08671016657422,1.123609069237778,1.088730642110657,1.2509272871748145,1.1801238327527335,1.123609069237778,1.3549225684426285,582.5202609994449,882.5202609994449,1482.5202609994449,3,27,300.0
1082.5202609994449,1791.2601304997224,100.0,1182.5202609994449,1891.2601304997224,985.4335508328708,1694.1734203331482,197.0867101665741,197.08671016657422,1.0985218232974898,1.0573062409086094,1.2,1.1163320754541282,1.0985218232974898,1.2292249636344377,582.5202609994449,1082.5202609994449,2082.520260999445,3,27,500.0
1582.5202609994449,3291.2601304997224,100.0,1682.5202609994449,3391.2601304997224,1485.4335508328709,3194.173420333148,197.086710166574,197.08671016657445,1.065359174169816,1.0303949402210129,1.132679587084908,1.0617019442062787,1.065359174169816,1.1215797608840514,582.5202609994449,1582.5202609994449,3582.520260999445,3,27,1000.0
2582.520260999445,6291.260130499722,100.0,2682.520260999445,6391.260130499722,2485.433550832871,6194.173420333149,197.086710166574,197.08671016657354,1.0390622835738417,1.0156738766544497,1.0792967126803812,1.0318180807659683,1.0390622835738417,1.0626955066177997,582.5202609994449,2582.520260999445,6582.520260999445,3,27,2000.0
771.6177329653874,771.6177329653874,100.0,871.6177329653874,871.6177329653874,671.6177329653874,671.6177329653874,200.0,200.0,1.1488942222512066,1.1488942222512066,1.2977884445024135,1.2977884445024135,1.1488942222512066,1.4466826667536201,671.6177329653874,771.6177329653874,971.6177329653874,3,28,100.0
971.6177329653874,1235.8088664826937,100.0,1071.6177329653874,1335.8088664826937,803.7132997240406,1067.9044332413469,267.90443324134685,267.90443324134685,1.2089108557728208,1.157227957872332,1.3333333333333333,1.250869295886517,1.2089108557728208,1.4716838736169955,671.6177329653874,971.6177329653874,1571.6177329653874,3,28,300.0
1171.6177329653874,1835.8088664826937,100.0,1271.6177329653874,1935.8088664826937,1003.7132997240406,1667.9044332413469,267.90443324134685,267.90443324134685,1.1672832603568273,1.100667897929288,1.266913304142731,1.1606233714006688,1.1672832603568273,1.302003693787864,671.6177329653874,1171.6177329653874,2171.6177329653874,3,28,500.0
1671.6177329653874,3335.8088664826937,100.0,1771.6177329653874,3435.8088664826937,1503.7132997240406,3167.904433241347,267.90443324134685,267.90443324134685,1.1116598711151657,1.0530017356203987,1.178161909780616,1.084568344433052,1.1116598711151657,1.159005206861196,671.6177329653874,1671.6177329653874,3671.6177329653874,3,28,1000.0
2671.6177329653874,6335.808866482694,100.0,2771.6177329653874,6435.808866482694,2503.7132997240406,6167.904433241347,267.90443324134685,267.90443324134685,1.067062164529722,1.027222281904441,1.1070028398502638,1.0434352438727001,1.067062164529722,1.0816668457133227,671.6177329653874,2671.6177329653874,6671.617732965387,3,28,2000.0
694.9594400008209,695.7995333340175,100.0,794.9594400008209,795.7995333340175,595.7995333340175,596.6396266672139,199.1599066668034,199.15990666680364,1.166431662193351,1.1661973195121211,1.334273351226595,1.3338026804878793,1.166431662193351,1.5000000000000002,594.9594400008209,694.9594400008209,894.9594400008209,3,29,100.0
894.9594400008209,1098.3198133336068,100.0,994.9594400008209,1198.3198133336068,795.7995333340175,1098.3198133336068,199.1599066668034,100.0,1.1246041276895087,1.0,1.2502639148736607,1.09104816173395,1.1246041276895087,1.3611330887889006,594.9594400008209,894.9594400008209,1494.959440000821,3,29,300.0
1094.959440000821,1698.3198133336068,100.0,1194.959440000821,1798.3198133336068,995.7995333340175,1698.3198133336068,199.1599066668034,100.0,1.0995781814988486,1.0,1.2,1.0588817248759004,1.0995781814988486,1.2335482537229876,594.9594400008209,1094.959440000821,2094.959440000821,3,29,500.0
1594.959440000821,3198.3198133336073,100.0,1694.959440000821,3298.319813333607,1495.7995333340175,3198.3198133336073,199.1599066668034,99.99999999999955,1.0662922433501392,1.0,1.1331461216750696,1.031266416692635,1.0662922433501392,1.124014998441884,594.9594400008209,1594.959440000821,3594.959440000821,3,29,1000.0
2594.959440000821,6198.319813333606,100.0,2694.959440000821,6298.319813333606,2495.7995333340173,6198.319813333606,199.15990666680364,100.0,1.0397307176888284,1.0,1.0797980382666215,1.0161334043759542,1.0397307176888284,1.0639914748854968,594.9594400008209,2594.959440000821,6594.959440000821,3,29,2000.0
786.4245250471868,786.4245250471868,100.0,886.4245250471868,886.4245250471868,686.4245250471868,686.4245250471868,200.0,200.0,1.1456824404593144,1.1456824404593144,1.2913648809186289,1.2913648809186289,1.1456824404593144,1.4370473213779433,686.4245250471868,786.4245250471868,986.4245250471868,3,30,100.0
986.4245250471868,1157.409196892695,100.0,1086.4245250471868,1257.409196892695,814.8183937853901,1157.409196892695,271.6061312617967,100.0,1.2106065996676494,1.0,1.3333333333333333,1.0863998664158456,1.2106065996676494,1.3706686704289825,686.4245250471868,986.4245250471868,1586.4245250471868,3,30,300.0
1186.4245250471868,1757.409196892695,100.0,1286.4245250471868,1857.409196892695,1014.8183937853901,1757.409196892695,271.6061312617967,100.0,1.169100335895259,1.0,1.2676401343581036,1.0569019441669087,1.169100335895259,1.244118062493949,686.4245250471868,1186.4245250471868,2186.4245250471868,3,30,500.0
1686.4245250471868,3257.409196892695,100.0,1786.4245250471868,3357.409196892695,1514.81839378539,3257.409196892695,271.6061312617967,100.0,1.1132849534741711,1.0,1.17929946743192,1.0306992440788194,1.1132849534741711,1.1317044627256956,686.4245250471868,1686.4245250471868,3686.4245250471868,3,30,1000.0
2686.4245250471868,6257.409196892695,100.0,2786.4245250471868,6357.409196892695,2514.81839378539,6257.409196892695,271.6061312617967,100.0,1.0682379815917797,1.0,1.1080022843530128,1.0159810549148134,1.0682379815917797,1.0685611751853359,686.4245250471868,2686.4245250471868,6686.424525047187,3,30,2000.0
799.4349849992432,799.4349849992432,100.0,899.4349849992432,899.4349849992432,712.0056118743378,712.0056118743378,187.4293731249054,187.4293731249054,1.1227930955414096,1.1227930955414096,1.2632414267515422,1.2632414267515422,1.1227930955414096,1.4036897579616745,699.4349849992432,799.4349849992432,999.4349849992432,3,31,100.0
999.4349849992432,1162.2881193747162,100.0,1099.4349849992432,1262.2881193747162,912.0056118743378,1162.2881193747162,187.4293731249054,100.0,1.0958649508145264,1.0,1.2055133989139648,1.0860371867638101,1.0958649508145264,1.376108865209516,699.4349849992432,999.4349849992432,1599.4349849992432,3,31,300.0
1199.4349849992432,1762.2881193747162,100.0,1299.4349849992432,1862.2881193747162,1112.0056118743378,1762.2881193747162,187.4293731249054,100.0,1.0786231401993909,1.0,1.1685507439202436,1.0567444102360977,1.0786231401993909,1.2480564107642242,699.4349849992432,1199.4349849992432,2199.434984999243,3,31,500.0
1699.4349849992432,3262.288119374716,100.0,1799.4349849992432,3362.288119374716,1612.0056118743378,3262.288119374716,187.4293731249054,100.0,1.0542363950105906,1.0,1.1162709185031772,1.0306533317539002,1.0542363950105906,1.134000078971662,699.4349849992432,1699.4349849992432,3699.434984999243,3,31,1000.0
2699.434984999243,6262.288119374716,100.0,2799.434984999243,6362.288119374716,2612.005611874338,6262.288119374716,187.4293731249054,100.0,1.0334721230028934,1.0,1.0717568799518806,1.0159686041417693,1.0334721230028934,1.0698062524897332,699.4349849992432,2699.434984999243,6699.434984999243,3,31,2000.0
751.4535690075718,751.4535690075718,100.0,851.4535690075718,851.4535690075718,658.3887734350615,665.3239778625513,193.06479557251032,186.12959114502053,1.1413523427608832,1.1294551136150603,1.2932382861955845,1.2797578282733602,1.1413523427608832,1.43006054293166,651.4535690075718,751.4535690075718,951.4535690075718,3,32,100.0
951.4535690075718,1086.1295911450206,100.0,1051.4535690075718,1186.1295911450206,858.3887734350615,1179.1943867175307,193.06479557251032,6.935204427489907,1.1084180017873344,0.9210776470607444,1.224915331545999,1.0058813071921036,1.1084180017873344,1.3156894117570233,651.4535690075718,951.4535690075718,1551.4535690075718,3,32,300.0
1151.4535690075718,1686.1295911450206,100.0,1251.4535690075718,1786.1295911450206,1058.3887734350615,1779.1943867175307,193.06479557251032,6.935204427489907,1.0879306337221086,0.9476927331452484,1.1824138732555782,1.0038979464409648,1.0879306337221086,1.209229067419007,651.4535690075718,1151.4535690075718,2151.453569007572,3,32,500.0
1651.4535690075718,3186.1295911450206,100.0,1751.4535690075718,3286.1295911450206,1558.3887734350615,3279.1943867175305,193.06479557251032,6.9352044274901345,1.0597185998506478,0.9716196161016036,1.1238874399402592,1.0021149110450973,1.0597185998506478,1.113521535593586,651.4535690075718,1651.4535690075718,3651.453569007572,3,32,1000.0
2651.453569007572,6186.129591145021,100.0,2751.453569007572,6286.129591145021,2558.3887734350615,6279.1943867175305,193.06479557251032,6.9352044274901345,1.0363763305009954,0.9851788637457424,1.0754634313506968,1.0011044735996961,1.0363763305009954,1.0592845450170305,651.4535690075718,2651.453569007572,6651.453569007572,3,32,2000.0
788.1802720017731,788.1802720017731,100.0,888.1802720017731,888.1802720017731,702.1577380015515,716.1352040013298,186.02253400022164,172.04506800044328,1.1225116940889308,1.100602606320565,1.2649298354664156,1.240241042528226,1.1225116940889308,1.379879478735887,688.1802720017731,788.1802720017731,988.1802720017731,3,33,100.0
988.1802720017731,1244.0901360008866,100.0,1088.1802720017731,1344.0901360008866,902.1577380015515,1244.0901360008866,186.02253400022164,100.0,1.0953519882130343,1.0,1.2061973490492877,1.080380028027108,1.0953519882130343,1.276579747756027,688.1802720017731,988.1802720017731,1588.1802720017731,3,33,300.0
1188.1802720017731,1844.0901360008866,100.0,1288.1802720017731,1944.0901360008866,1102.1577380015515,1844.0901360008866,186.02253400022164,100.0,1.0780492038791099,1.0,1.168780318448356,1.0542272842567562,1.0780492038791099,1.1865907361486592,688.1802720017731,1188.1802720017731,2188.180272001773,3,33,500.0
1688.1802720017731,3344.0901360008866,100.0,1788.1802720017731,3444.0901360008866,1602.1577380015515,3344.0901360008866,186.02253400022164,100.0,1.053691675894236,1.0,1.1161075027682708,1.0299035001848327,1.053691675894236,1.1028949944550166,688.1802720017731,1688.1802720017731,3688.180272001773,3,33,1000.0
2688.180272001773,6344.090136000887,100.0,2788.180272001773,6444.090136000887,2602.1577380015515,6344.090136000887,186.02253400022164,100.0,1.0330581550626083,1.0,1.0714878007906954,1.015762701641411,1.0330581550626083,1.054237901515345,688.1802720017731,2688.180272001773,6688.180272001773,3,33,2000.0
693.3684750343673,693.3684750343673,100.0,793.3684750343673,793.3684750343673,594.4737291953061,595.5789833562449,198.89474583906122,197.78949167812243,1.1663567975878892,1.1641923143880142,1.334572809648443,1.332096157194007,1.1663567975878892,1.5,593.3684750343673,693.3684750343673,893.3684750343673,3,34,100.0
893.3684750343673,1097.7894916781224,100.0,993.3684750343673,1197.7894916781224,794.4737291953061,1097.7894916781224,198.89474583906122,100.0,1.1244783083503946,1.0,1.2503477944330703,1.0910921454049776,1.1244783083503946,1.3603413827104027,593.3684750343673,893.3684750343673,1493.3684750343673,3,34,300.0
1093.3684750343673,1697.7894916781224,100.0,1193.3684750343673,1797.7894916781224,994.4737291953061,1697.7894916781224,198.89474583906122,100.0,1.0994443019817963,1.0,1.2,1.0589001171759864,1.0994443019817963,1.2329964847204045,593.3684750343673,1093.3684750343673,2093.3684750343673,3,34,500.0
1593.3684750343673,3197.7894916781224,100.0,1693.3684750343673,3297.7894916781224,1494.473729195306,3197.7894916781224,198.89474583906122,100.0,1.0661736261448442,1.0,1.133086813072422,1.0312716019175867,1.0661736261448442,1.1237038849448013,593.3684750343673,1593.3684750343673,3593.3684750343673,3,34,1000.0
2593.3684750343673,6197.789491678122,100.0,2693.3684750343673,6297.789491678122,2494.473729195306,6197.789491678122,198.89474583906122,100.0,1.0396455351209346,1.0,1.079734151340701,1.0161347848509976,1.0396455351209346,1.0638258178802935,593.3684750343673,2593.3684750343673,6593.368475034367,3,34,2000.0
749.033416993916,749.033416993916,100.0,849.033416993916,849.033416993916,656.3143574233566,663.5952978527971,192.71905957055947,185.43811914111893,1.1412723316530327,1.1287503383727582,1.293638341734837,1.2794445948323372,1.1412723316530327,1.430138851291916,649.033416993916,749.033416993916,949.033416993916,3,35,100.0
949.033416993916,1085.438119141119,100.0,1049.033416993916,1185.438119141119,856.3143574233566,1085.438119141119,192.71905957055947,100.0,1.108276894772091,1.0,1.2250564385612424,1.092128697377173,1.108276894772091,1.4271043090136073,649.033416993916,949.033416993916,1549.033416993916,3,35,300.0
1149.033416993916,1685.438119141119,100.0,1249.033416993916,1785.438119141119,1056.3143574233566,1685.438119141119,192.71905957055947,100.0,1.0877760099718108,1.0,1.1824447980056378,1.0593317540788498,1.0877760099718108,1.2750592220431327,649.033416993916,1149.033416993916,2149.033416993916,3,35,500.0
1649.033416993916,3185.438119141119,100.0,1749.033416993916,3285.438119141119,1556.3143574233566,3185.438119141119,192.71905957055947,100.0,1.0595760484559595,1.0,1.1238304193823838,1.0313928559462844,1.0595760484559595,1.1455358040286763,649.033416993916,1649.033416993916,3649.033416993916,3,35,1000.0
2649.033416993916,6185.438119141119,100.0,2749.033416993916,6285.438119141119,2556.3143574233563,6185.438119141119,192.7190595705597,100.0,1.0362706015796963,1.0,1.0753894211057873,1.0161670035450756,1.0362706015796963,1.0749494682386653,649.033416993916,2649.033416993916,6649.033416993916,3,35,2000.0
719.5075967552839,731.006511504529,100.0,819.5075967552839,831.006511504529,708.0086820060387,731.006511504529,111.49891474924516,100.0,1.0162412058516919,1.0,1.1574824117033837,1.1367976870605214,1.1412412058516919,1.3789325623535071,708.0086820060387,808.0086820060387,1008.0086820060387,3,36,100.0
919.5075967552839,1165.5032557522645,100.0,1019.5075967552839,1265.5032557522645,831.006511504529,1165.5032557522645,188.50108525075484,100.0,1.106498666406987,1.0,1.2268346669263464,1.085799846123515,1.212997332813974,1.3796689748139424,708.0086820060387,1008.0086820060387,1608.0086820060387,3,36,300.0
1119.5075967552839,1765.5032557522645,100.0,1219.5075967552839,1865.5032557522645,1031.006511504529,1765.5032557522645,188.50108525075484,100.0,1.0858395017521343,1.0,1.1828320996495731,1.056641073684903,1.1716790035042686,1.250639824544094,708.0086820060387,1208.0086820060387,2208.0086820060387,3,36,500.0
1619.5075967552839,3265.5032557522645,100.0,1719.5075967552839,3365.5032557522645,1531.006511504529,3265.5032557522645,188.50108525075484,100.0,1.0578058189731567,1.0,1.1231223275892626,1.0306231512168447,1.1156116379463132,1.135509105824436,708.0086820060387,1708.0086820060387,3708.0086820060387,3,36,1000.0
2619.507596755284,6265.5032557522645,100.0,2719.507596755284,6365.5032557522645,2531.006511504529,6265.5032557522645,188.50108525075484,100.0,1.0349667552605963,1.0,1.0744767286824175,1.0159604098694213,1.069933510521193,1.0706256797245324,708.0086820060387,2708.0086820060387,6708.008682006039,3,36,2000.0
755.0873439991847,755.0873439991847,100.0,855.0873439991847,855.0873439991847,661.5034377135868,667.9195314279891,193.5839062855979,187.16781257119555,1.1414715343113866,1.130506458442432,1.2926423284430677,1.2802250926410808,1.1414715343113866,1.4299437268397297,655.0873439991847,755.0873439991847,955.0873439991847,3,37,100.0
955.0873439991847,1180.7517188567933,100.0,1055.0873439991847,1280.7517188567933,861.5034377135868,1087.1678125711956,193.5839062855979,193.58390628559778,1.1086285929792314,1.0860804608115358,1.224704740354102,1.1780625806311944,1.1086285929792314,1.4304023040576788,655.0873439991847,955.0873439991847,1555.0873439991847,3,37,300.0
1155.0873439991847,1780.7517188567933,100.0,1255.0873439991847,1880.7517188567933,1061.5034377135867,1687.1678125711956,193.583906285598,193.58390628559778,1.0881616610561073,1.0554680486364771,1.1823676677887789,1.1147389754849468,1.0881616610561073,1.2773402431823857,655.0873439991847,1155.0873439991847,2155.0873439991847,3,37,500.0
1655.0873439991847,3280.7517188567936,100.0,1755.0873439991847,3380.7517188567936,1561.5034377135867,3187.1678125711956,193.583906285598,193.583906285598,1.0599319245960976,1.029362716928953,1.1239727698384392,1.060738535800356,1.0599319245960976,1.1468135846447642,655.0873439991847,1655.0873439991847,3655.0873439991847,3,37,1000.0
2655.0873439991847,6280.751718856794,100.0,2755.0873439991847,6380.751718856794,2561.5034377135867,6187.167812571195,193.583906285598,193.58390628559846,1.0365347572475372,1.0151254837626116,1.075574330073276,1.031287967637191,1.0365347572475372,1.0756274188130572,655.0873439991847,2655.0873439991847,6655.087343999185,3,37,2000.0
639.9596020246722,739.9596020246722,100.0,739.9596020246722,839.9596020246722,629.9528690287843,649.9663350205602,110.00673299588789,189.993267004112,1.0158848915337357,1.1384583510794681,1.1746269259246145,1.2923124733807976,1.1587420343908788,1.430770824460266,629.9528690287843,729.9528690287843,929.9528690287843,3,38,100.0
839.9596020246722,1259.9730680164482,100.0,939.9596020246722,1359.9730680164482,749.9663350205602,1169.979801012336,189.993267004112,189.9932670041121,1.1199964089076677,1.0769186501563912,1.2533357273948882,1.162390211215372,1.2399928178153354,1.3076746006255648,629.9528690287843,929.9528690287843,1529.9528690287843,3,38,300.0
1039.9596020246722,1859.9730680164482,100.0,1139.9596020246722,1959.9730680164482,949.9663350205602,1769.979801012336,189.993267004112,189.9932670041121,1.0947331117814447,1.0508442339017885,1.2,1.1073420537880974,1.1894662235628894,1.2033769356071535,629.9528690287843,1129.9528690287843,2129.9528690287843,3,38,500.0
1539.9596020246722,3359.9730680164485,100.0,1639.9596020246722,3459.9730680164485,1449.96633502056,3269.979801012336,189.9932670041121,189.99326700411257,1.0620657630667238,1.027521046758837,1.131032881533362,1.0581022754162865,1.124131526133448,1.1100841870353468,629.9528690287843,1629.9528690287843,3629.9528690287843,3,38,1000.0
2539.959602024672,6359.973068016448,100.0,2639.959602024672,6459.973068016448,2449.96633502056,6269.979801012336,189.9932670041121,189.99326700411257,1.0367324504495108,1.0143530393813363,1.077549337837133,1.030302054078936,1.0734649008990214,1.0574121575253446,629.9528690287843,2629.9528690287843,6629.952869028784,3,38,2000.0
756.2245759996586,756.2245759996586,100.0,856.2245759996586,856.2245759996586,662.4782079997073,668.7318399997562,193.7463679999513,187.49273599990238,1.1415086064234625,1.1308338122496668,1.2924569678826883,1.2803705832220742,1.1415086064234625,1.4299073541944813,656.2245759996586,756.2245759996586,956.2245759996586,3,39,100.0
956.2245759996586,1087.4927359999024,100.0,1056.2245759996586,1187.4927359999024,862.4782079997073,1087.4927359999024,193.7463679999513,100.0,1.1086941874361922,1.0,1.2246391458971413,1.0919546372032125,1.1086941874361922,1.4310206629277185,656.2245759996586,956.2245759996586,1556.2245759996586,3,39,300.0
1156.2245759996586,1687.4927359999024,100.0,1256.2245759996586,1787.4927359999024,1062.4782079997071,1687.4927359999024,193.74636799995142,100.0,1.0882336854479535,1.0,1.1823532629104097,1.0592595143473291,1.0882336854479535,1.2777682119751557,656.2245759996586,1156.2245759996586,2156.2245759996586,3,39,500.0
1656.2245759996586,3187.4927359999024,100.0,1756.2245759996586,3287.4927359999024,1562.4782079997071,3187.4927359999024,193.74636799995142,100.0,1.0599985123120315,1.0,1.1239994049248128,1.031372620514735,1.0599985123120315,1.1470534613948593,656.2245759996586,1656.2245759996586,3656.2245759996586,3,39,1000.0
2656.2245759996586,6187.492735999902,100.0,2756.2245759996586,6287.492735999902,2562.478207999707,6187.492735999902,193.74636799995142,100.0,1.0365842596074721,1.0,1.0756089817252306,1.0161616351350495,1.0365842596074721,1.075754729742565,656.2245759996586,2656.2245759996586,6656.224575999659,3,39,2000.0
745.7464079721831,745.7464079721831,100.0,845.7464079721831,845.7464079721831,653.496921119014,668.997947412676,192.24948685316906,176.74846055950707,1.1411628484725007,1.1147215187375819,1.2941857576374975,1.264198808446386,1.1411628484725007,1.4136760981551904,645.7464079721831,745.7464079721831,945.7464079721831,3,40,100.0
945.7464079721831,1268.997947412676,100.0,1045.746407972183,1368.997947412676,853.496921119014,1268.997947412676,192.24948685316906,100.0,1.1080841471955416,1.0,1.2252491861377919,1.0788023339233033,1.1080841471955416,1.2180842460177037,645.7464079721831,945.7464079721831,1545.746407972183,3,40,300.0
1145.746407972183,1868.997947412676,100.0,1245.746407972183,1968.997947412676,1053.4969211190141,1868.997947412676,192.24948685316895,100.0,1.0875650274850186,1.0,1.182486994502996,1.0535046066468043,1.0875650274850186,1.1480731752234508,645.7464079721831,1145.746407972183,2145.746407972183,3,40,500.0
1645.746407972183,3368.997947412676,100.0,1745.746407972183,3468.997947412676,1553.4969211190141,3368.997947412676,192.24948685316895,100.0,1.0593818279258125,1.0,1.123752731170325,1.02968241642201,1.0593818279258125,1.082145630504775,645.7464079721831,1645.746407972183,3645.746407972183,3,40,1000.0
2645.746407972183,6368.997947412676,100.0,2745.746407972183,6468.997947412676,2553.496921119014,6368.997947412676,192.24948685316895,100.0,1.0361267272696544,1.0,1.0752887090887582,1.0157010570305842,1.0361267272696544,1.043452433623712,645.7464079721831,2645.746407972183,6645.746407972183,3,40,2000.0
685.8572850120254,685.8572850120254,100.0,785.8572850120254,785.8572850120254,585.8572850120254,590.5715233413503,200.0,195.28576167067513,1.1706900341743594,1.1613449987083104,1.3413800683487187,1.3306724993541552,1.1706900341743594,1.5,585.8572850120254,685.8572850120254,885.8572850120254,3,41,100.0
885.8572850120254,1095.2857616706751,100.0,985.8572850120254,1195.2857616706751,690.5715233413503,1095.2857616706751,295.28576167067513,100.0,1.2827886106941961,1.0,1.427596203564732,1.0913003742945282,1.2827886106941961,1.3565932626984931,585.8572850120254,885.8572850120254,1485.8572850120254,3,41,300.0
1085.8572850120254,1695.2857616706751,100.0,1185.8572850120254,1795.2857616706751,890.5715233413503,1695.2857616706751,295.28576167067513,100.0,1.2192813901549189,1.0,1.3315688340929515,1.0589871054549833,1.2192813901549189,1.2303868363504975,585.8572850120254,1085.8572850120254,2085.8572850120254,3,41,500.0
1585.8572850120254,3195.285761670675,100.0,1685.8572850120254,3295.285761670675,1390.5715233413503,3195.285761670675,295.28576167067513,100.0,1.1404356111086114,1.0,1.2123484888868892,1.0312961054061451,1.1404356111086114,1.1222336756312954,585.8572850120254,1585.8572850120254,3585.8572850120254,3,41,1000.0
2585.8572850120254,6195.285761670675,100.0,2685.8572850120254,6295.285761670675,2390.5715233413503,6195.285761670675,295.28576167067513,100.0,1.0816899890942064,1.0,1.1235209901847858,1.0161413054775754,1.0816899890942064,1.0630433426909471,585.8572850120254,2585.8572850120254,6585.857285012025,3,41,2000.0
795.4347300343215,795.4347300343215,100.0,895.4347300343215,895.4347300343215,695.4347300343215,695.4347300343215,200.0,200.0,1.1437949467882698,1.1437949467882698,1.2875898935765395,1.2875898935765395,1.1437949467882698,1.4313848403648093,695.4347300343215,795.4347300343215,995.4347300343215,3,42,100.0
995.4347300343215,1121.5760475257412,100.0,1095.4347300343215,1221.5760475257412,821.5760475257412,1160.7880237628706,273.8586825085804,60.78802376287058,1.211616055546134,0.9662195203306648,1.3333333333333333,1.0523678936364427,1.211616055546134,1.3744410670799976,695.4347300343215,995.4347300343215,1595.4347300343215,3,42,300.0
1195.4347300343215,1673.8586825085804,100.0,1295.4347300343215,1773.8586825085804,1021.5760475257412,1760.7880237628706,273.8586825085804,13.070658745709807,1.1701867256281766,0.950630433600679,1.2680746902512707,1.0074231869874815,1.1701867256281766,1.2468478319966048,695.4347300343215,1195.4347300343215,2195.4347300343215,3,42,500.0
1695.4347300343215,3173.8586825085804,100.0,1795.4347300343215,3273.8586825085804,1521.5760475257412,3260.7880237628706,273.8586825085804,13.070658745709807,1.1142622367060093,0.9733410020458871,1.1799835656942066,1.0040084355838093,1.1142622367060093,1.1332949897705644,695.4347300343215,1695.4347300343215,3695.4347300343215,3,42,1000.0
2695.4347300343215,6173.85868250858,100.0,2795.4347300343215,6273.85868250858,2521.576047525741,6260.788023762871,273.8586825085804,13.070658745709807,1.0689484192551626,0.9861152716040937,1.108606156366888,1.002087701850965,1.0689484192551626,1.0694236419795313,695.4347300343215,2695.4347300343215,6695.434730034322,3,42,2000.0
756.7796919844113,762.9540217009239,100.0,856.7796919844113,862.9540217009239,662.9540217009239,669.1283514174366,193.8256702834874,193.82567028348728,1.1415266628034948,1.1402207365518637,1.292366685982527,1.2896688951722042,1.1415266628034948,1.4298896317240681,656.7796919844113,756.7796919844113,956.7796919844113,3,43,100.0
956.7796919844113,1181.477010850462,100.0,1056.7796919844113,1281.477010850462,862.9540217009239,1181.477010850462,193.8256702834874,100.0,1.1087261521750051,1.0,1.2246071811583283,1.084639818702877,1.1087261521750051,1.317655508898811,656.7796919844113,956.7796919844113,1556.7796919844113,3,43,300.0
1156.7796919844113,1781.477010850462,100.0,1256.7796919844113,1881.477010850462,1062.954021700924,1781.477010850462,193.8256702834874,100.0,1.0882687946684175,1.0,1.1823462410663166,1.056133196999416,1.0882687946684175,1.2106693933450103,656.7796919844113,1156.7796919844113,2156.7796919844113,3,43,500.0
1656.7796919844113,3281.4770108504617,100.0,1756.7796919844113,3381.4770108504617,1562.954021700924,3281.4770108504617,193.8256702834874,100.0,1.0600309855445262,1.0,1.1240123942178106,1.0304740821493925,1.0600309855445262,1.1143700473576326,656.7796919844113,1656.7796919844113,3656.7796919844113,3,43,1000.0
2656.7796919844113,6281.477010850462,100.0,2756.7796919844113,6381.477010850462,2562.954021700924,6281.477010850462,193.8256702834874,100.0,1.0366084094716688,1.0,1.075625886630168,1.0159198226511477,1.0366084094716688,1.0597475212415266,656.7796919844113,2656.7796919844113,6656.779691984411,3,43,2000.0
685.2503390051425,687.7086158376187,100.0,785.2503390051425,787.7086158376187,585.2503390051425,590.166892670095,200.0,197.54172316752374,1.1708670518157893,1.1652782024525559,1.3417341036315789,1.3347217975474441,1.1708670518157893,1.5,585.2503390051425,685.2503390051425,885.2503390051425,3,44,100.0
885.2503390051425,1192.6251695025712,100.0,985.2503390051425,1292.6251695025712,690.166892670095,1095.0834463350475,295.0834463350475,197.54172316752374,1.2826612641187627,1.0890724113253376,1.4275537547062542,1.1803896532530405,1.2826612641187627,1.3562896453013509,585.2503390051425,885.2503390051425,1485.2503390051425,3,44,300.0
1085.2503390051425,1792.6251695025712,100.0,1185.2503390051425,1892.6251695025712,890.166892670095,1695.0834463350475,295.0834463350475,197.54172316752374,1.219153787836218,1.0575439063949443,1.3314922727017309,1.1165380522089519,1.219153787836218,1.2301756255797776,585.2503390051425,1085.2503390051425,2085.2503390051425,3,44,500.0
1585.2503390051425,3292.625169502571,100.0,1685.2503390051425,3392.625169502571,1390.166892670095,3195.0834463350475,295.0834463350475,197.54172316752374,1.1403309540485103,1.0305286934772893,1.2122647632388082,1.0618267805788033,1.1403309540485103,1.1221147739091573,585.2503390051425,1585.2503390051425,3585.2503390051425,3,44,1000.0
2585.2503390051425,6292.625169502571,100.0,2685.2503390051425,6392.625169502571,2390.166892670095,6195.0834463350475,295.0834463350475,197.54172316752374,1.0816191735118197,1.0157450216792847,1.1234572561606377,1.0318868542899753,1.0816191735118197,1.0629800867171393,585.2503390051425,2585.2503390051425,6585.250339005142,3,44,2000.0
792.0332839945331,792.0332839945331,100.0,892.0332839945331,892.0332839945331,692.0332839945331,692.0332839945331,200.0,200.0,1.1445017202392103,1.1445017202392103,1.2890034404784205,1.2890034404784205,1.1445017202392103,1.433505160717631,692.0332839945331,792.0332839945331,992.0332839945331,3,45,100.0
992.0332839945331,1159.51248149795,100.0,1092.0332839945331,1259.51248149795,819.0249629958998,1073.0083209986333,273.0083209986333,186.50416049931664,1.2112369327130013,1.08061835011569,1.3333333333333333,1.1738142723122034,1.2112369327130013,1.4837101006941409,692.0332839945331,992.0332839945331,1592.0332839945331,3,45,300.0
1192.0332839945331,1759.51248149795,100.0,1292.0332839945331,1859.51248149795,1019.0249629958998,1673.0083209986333,273.0083209986333,186.50416049931664,1.1697782952146674,1.051705756279611,1.267911318085867,1.1114783221089963,1.1697782952146674,1.3102345376776663,692.0332839945331,1192.0332839945331,2192.033283994533,3,45,500.0
1692.0332839945331,3259.51248149795,100.0,1792.0332839945331,3359.51248149795,1519.0249629958998,3173.0083209986333,273.0083209986333,186.50416049931664,1.113894323801906,1.0272625066649972,1.179726026661334,1.0587783395539974,1.113894323801906,1.163575039989983,692.0332839945331,1692.0332839945331,3692.033283994533,3,45,1000.0
2692.033283994533,6259.51248149795,100.0,2792.033283994533,6359.51248149795,2519.0249629959,6173.008320998633,273.0083209986333,186.50416049931664,1.0686806695209852,1.0140132907653885,1.1083785690928374,1.0302128477398755,1.0686806695209852,1.0840797445923311,692.0332839945331,2692.033283994533,6692.033283994533,3,45,2000.0
757.3115069768392,757.3115069768392,100.0,857.3115069768392,857.3115069768392,663.4098631230049,669.5082192691708,193.90164385383423,187.80328770766835,1.1415439369740326,1.1311459444120247,1.2922803151298374,1.2805093086275665,1.1415439369740326,1.4298726728431084,657.3115069768392,757.3115069768392,957.3115069768392,3,46,100.0
957.3115069768392,1087.8032877076685,100.0,1057.3115069768392,1187.8032877076685,863.4098631230049,1087.8032877076685,193.90164385383423,100.0,1.1087567421504618,1.0,1.2245765911828717,1.0919283855178727,1.1087567421504618,1.4316113258478627,657.3115069768392,957.3115069768392,1557.3115069768392,3,46,300.0
1157.3115069768392,1687.8032877076685,100.0,1257.3115069768392,1787.8032877076685,1063.409863123005,1687.8032877076685,193.90164385383423,100.0,1.088302400711298,1.0,1.1823395198577404,1.0592486107405428,1.088302400711298,1.2781770972296451,657.3115069768392,1157.3115069768392,2157.311506976839,3,46,500.0
1657.3115069768392,3187.8032877076685,100.0,1757.3115069768392,3287.8032877076685,1563.409863123005,3187.8032877076685,193.90164385383423,100.0,1.0600620771742222,1.0,1.124024830869689,1.0313695642342817,1.0600620771742222,1.1472826824288744,657.3115069768392,1657.3115069768392,3657.311506976839,3,46,1000.0
2657.311506976839,6187.8032877076685,100.0,2757.311506976839,6287.8032877076685,2563.409863123005,6187.8032877076685,193.90164385383423,100.0,1.0366315372366688,1.0,1.0756420760656682,1.0161608240195117,1.0366315372366688,1.0758763970732341,657.3115069768392,2657.311506976839,6657.311506976839,3,46,2000.0
694.7091180132702,694.7091180132702,100.0,794.7091180132702,794.7091180132702,595.5909316777252,596.4727453421801,199.11818633554503,198.23637267109007,1.166419905112286,1.164695492691346,1.334320379550856,1.332347746345673,1.166419905112286,1.5,594.7091180132702,694.7091180132702,894.7091180132702,3,47,100.0
894.7091180132702,1098.23637267109,100.0,994.7091180132702,1198.23637267109,795.5909316777252,1098.23637267109,199.11818633554503,100.0,1.1245843591084261,1.0,1.250277093927716,1.0910550792966214,1.1245843591084261,1.361008572660814,594.7091180132702,894.7091180132702,1494.7091180132702,3,47,300.0
1094.7091180132702,1698.23637267109,100.0,1194.7091180132702,1798.23637267109,995.5909316777252,1698.23637267109,199.11818633554503,100.0,1.0995571405702897,1.0,1.2,1.0588846179538092,1.0995571405702897,1.233461461385722,594.7091180132702,1094.7091180132702,2094.70911801327,3,47,500.0
1594.7091180132702,3198.23637267109,100.0,1694.7091180132702,3298.23637267109,1495.5909316777252,3198.23637267109,199.11818633554503,100.0,1.0662735940932433,1.0,1.1331367970466215,1.0312672324204988,1.0662735940932433,1.1239660547700718,594.7091180132702,1594.7091180132702,3594.70911801327,3,47,1000.0
2594.70911801327,6198.23637267109,100.0,2694.70911801327,6298.23637267109,2495.590931677725,6198.23637267109,199.11818633554503,100.0,1.0397173210871185,1.0,1.0797879908153387,1.0161336215638554,1.0397173210871185,1.063965412337336,594.7091180132702,2594.70911801327,6594.70911801327,3,47,2000.0
690.3527780319564,691.9606483599637,100.0,790.3527780319564,791.9606483599637,591.9606483599637,593.5685186879709,198.39212967199273,198.39212967199273,1.1662139703789258,1.1657637266367824,1.3351441184842967,1.3342362733632176,1.1662139703789258,1.5,590.3527780319564,690.3527780319564,890.3527780319564,3,48,100.0
890.3527780319564,1195.1763890159782,100.0,990.3527780319564,1295.1763890159782,791.9606483599637,1096.7842593439855,198.39212967199273,198.39212967199273,1.1242386599331022,1.0897096478489248,1.2505075600445985,1.1808852816602748,1.1242386599331022,1.358838591395699,590.3527780319564,890.3527780319564,1490.3527780319564,3,48,300.0
1090.3527780319564,1795.1763890159782,100.0,1190.3527780319564,1895.1763890159782,991.9606483599637,1696.7842593439855,198.39212967199273,198.39212967199273,1.0991895493381387,1.0579874130315385,1.2,1.1169224246273333,1.0991895493381387,1.2319496521261537,590.3527780319564,1090.3527780319564,2090.3527780319564,3,48,500.0
1590.3527780319564,3295.176389015978,100.0,1690.3527780319564,3395.176389015978,1491.9606483599637,3196.7842593439855,198.39212967199273,198.39212967199273,1.0659482069987236,1.0307784703907994,1.132974103499362,1.0620599056980795,1.0659482069987236,1.123113881563198,590.3527780319564,1590.3527780319564,3590.3527780319564,3,48,1000.0
2590.3527780319564,6295.176389015978,100.0,2690.3527780319564,6395.176389015978,2491.9606483599637,6196.7842593439855,198.39212967199273,198.39212967199273,1.0394838215991684,1.0158779337078954,1.0796128661993762,1.032015335917632,1.0394838215991684,1.063511734831581,590.3527780319564,2590.3527780319564,6590.352778031956,3,48,2000.0
694.3923000013456,694.3923000013456,100.0,794.3923000013456,794.3923000013456,595.326916667788,597.1961500006728,199.06538333355752,197.1961500006728,1.1664050130440167,1.162754147026171,1.3343799478239324,1.330203317620937,1.1664050130440167,1.4976524882157025,594.3923000013456,694.3923000013456,894.3923000013456,3,49,100.0
894.3923000013456,1098.130766667115,100.0,994.3923000013456,1198.130766667115,795.326916667788,1197.1961500006728,199.06538333355752,0.9346166664422526,1.1245593242947385,0.9172521701364458,1.2502937838035075,1.000780671293039,1.1245593242947385,1.2482434895906622,594.3923000013456,894.3923000013456,1494.3923000013456,3,49,300.0
1094.3923000013456,1698.130766667115,100.0,1194.3923000013456,1798.130766667115,995.326916667788,1797.1961500006728,199.06538333355752,0.9346166664422526,1.0995304976431404,0.9448778124004323,1.2,1.0005200415471855,1.0995304976431404,1.1653665627987027,594.3923000013456,1094.3923000013456,2094.3923000013456,3,49,500.0
1594.3923000013456,3198.1307666671155,100.0,1694.3923000013456,3298.130766667115,1495.326916667788,3297.196150000673,199.06538333355752,0.9346166664422526,1.0662499833510097,0.9699546587989504,1.1331249916755048,1.0002834580121787,1.0662499833510097,1.090136023603149,594.3923000013456,1594.3923000013456,3594.3923000013456,3,49,1000.0
2594.3923000013456,6198.130766667115,100.0,2694.3923000013456,6298.130766667115,2495.326916667788,6297.196150000673,199.06538333355775,0.9346166664417979,1.039700362574475,0.9842683345136791,1.0797752719308562,1.0001484179060298,1.039700362574475,1.0471949964589622,594.3923000013456,2594.3923000013456,6594.392300001346,3,49,2000.0
699.9964469810948,699.9970391509123,100.0,799.9964469810948,799.9970391509123,599.9970391509123,599.9976313207299,199.99940783018246,199.99940783018246,1.166666502174239,1.166666337682136,1.3333339913030442,1.333333662317864,1.166666502174239,1.5,599.9964469810948,699.9964469810948,899.9964469810948,3,50,100.0
899.9964469810948,1099.998815660365,100.0,999.9964469810948,1199.998815660365,799.9970391509123,1099.998815660365,199.99940783018246,100.0,1.1249997224193706,1.0,1.2500001850537528,1.090909188788505,1.1249997224193706,1.3636346018069103,599.9964469810948,899.9964469810948,1499.9964469810948,3,50,300.0
1099.9964469810948,1699.998815660365,100.0,1199.9964469810948,1799.998815660365,999.9970391509123,1699.998815660365,199.99940783018246,100.0,1.0999997039142146,1.0,1.2,1.0588235703924034,1.0999997039142146,1.235292888227896,599.9964469810948,1099.9964469810948,2099.996446981095,3,50,500.0
1599.9964469810948,3199.998815660365,100.0,1699.9964469810948,3299.998815660365,1499.9970391509123,3199.998815660365,199.99940783018246,100.0,1.0666664034795617,1.0,1.1333332017397808,1.031250011565821,1.0666664034795617,1.1249993060507382,599.9964469810948,1599.9964469810948,3599.996446981095,3,50,1000.0
2599.996446981095,6199.998815660365,100.0,2699.996446981095,6299.998815660365,2499.9970391509123,6199.998815660365,199.99940783018246,100.0,1.039999810505434,1.0,1.0799998578790755,1.0161290353390735,1.039999810505434,1.0645157593111776,599.9964469810948,2599.996446981095,6599.996446981095,3,50,2000.0
809.3444780330174,809.3444780330174,100.0,909.3444780330174,909.3444780330174,720.6764182788902,732.008358524763,188.66805975412717,177.33611950825434,1.1230344957947744,1.1056492301045742,1.2617930252313538,1.2422596920418296,1.1230344957947744,1.378870153979085,709.3444780330174,809.3444780330174,1009.3444780330174,3,51,100.0
1009.3444780330174,1166.0041792623815,100.0,1109.3444780330174,1266.0041792623815,920.6764182788902,1166.0041792623815,188.66805975412717,100.0,1.09630751694486,1.0,1.2049233107401867,1.0857629859125038,1.09630751694486,1.380221877979112,709.3444780330174,1009.3444780330174,1609.3444780330174,3,51,300.0
1209.3444780330174,1766.0041792623815,100.0,1309.3444780330174,1866.0041792623815,1120.6764182788902,1766.0041792623815,188.66805975412717,100.0,1.0791201262986345,1.0,1.168351949480546,1.0566250075590238,1.0791201262986345,1.2510414776910712,709.3444780330174,1209.3444780330174,2209.3444780330174,3,51,500.0
1709.3444780330174,3266.0041792623815,100.0,1809.3444780330174,3366.0041792623815,1620.6764182788902,3266.0041792623815,188.66805975412717,100.0,1.0547105262679703,1.0,1.116413157880391,1.0306184543899097,1.0547105262679703,1.135743947171177,709.3444780330174,1709.3444780330174,3709.3444780330174,3,51,1000.0
2709.3444780330174,6266.0041792623815,100.0,2809.3444780330174,6366.0041792623815,2620.67641827889,6266.0041792623815,188.66805975412717,100.0,1.0338340357991846,1.0,1.07199212326947,1.0159591339455143,1.0338340357991846,1.0707532721152486,709.3444780330174,2709.3444780330174,6709.344478033017,3,51,2000.0
702.3564650095068,702.3564650095068,100.0,802.3564650095068,802.3564650095068,602.3564650095068,602.3564650095068,200.0,200.0,1.1660146537954428,1.1660146537954428,1.3320293075908856,1.3320293075908856,1.1660146537954428,1.4980439613863283,602.3564650095068,702.3564650095068,902.3564650095068,3,52,100.0
902.3564650095068,1101.9637208412557,100.0,1002.3564650095068,1201.9637208412557,801.9637208412557,1100.785488336502,200.39274416825106,101.17823250475362,1.1251836480370203,1.001070356138628,1.2498775679753196,1.0919145769787113,1.1251836480370203,1.3648040248785032,602.3564650095068,902.3564650095068,1502.3564650095068,3,52,300.0
1102.3564650095068,1700.785488336502,100.0,1202.3564650095068,1800.785488336502,1001.9637208412557,1700.785488336502,200.39274416825106,100.0,1.1001959872199372,1.0,1.2,1.058796362437104,1.1001959872199372,1.2361091268868785,602.3564650095068,1102.3564650095068,2102.356465009507,3,52,500.0
1602.3564650095068,3200.7854883365026,100.0,1702.3564650095068,3300.785488336502,1501.9637208412557,3200.7854883365026,200.39274416825106,99.99999999999955,1.0668409914135746,1.0,1.1334204957067873,1.0312423310979115,1.0668409914135746,1.1254601341252977,602.3564650095068,1602.3564650095068,3602.356465009507,3,52,1000.0
2602.356465009507,6200.785488336502,100.0,2702.356465009507,6300.785488336502,2501.9637208412555,6200.785488336502,200.39274416825128,100.0,1.0401255794926136,1.0,1.0800941846194603,1.0161269891029285,1.0401255794926136,1.0647613076485791,602.3564650095068,2602.356465009507,6602.356465009507,3,52,2000.0
749.4590920046903,749.4590920046903,100.0,849.4590920046903,849.4590920046903,656.6792217183059,656.6792217183059,192.77987028638438,192.77987028638438,1.1412864412606372,1.1412864412606372,1.2935677936968146,1.2935677936968146,1.1412864412606372,1.4458491461329919,649.4590920046903,749.4590920046903,949.4590920046903,3,53,100.0
949.4590920046903,1178.339610859153,100.0,1049.4590920046903,1278.339610859153,856.6792217183059,1085.5597405727685,192.77987028638438,192.7798702863845,1.1083017632904517,1.0854673094614133,1.2250315700428818,1.1775856851366548,1.1083017632904517,1.4273365473070665,649.4590920046903,949.4590920046903,1549.4590920046903,3,53,300.0
1149.4590920046903,1778.339610859153,100.0,1249.4590920046903,1878.339610859153,1056.679221718306,1685.5597405727685,192.77987028638427,192.7798702863845,1.0878032503899446,1.0550439524942954,1.182439349922011,1.114371425495056,1.0878032503899446,1.275219762471477,649.4590920046903,1149.4590920046903,2149.4590920046903,3,53,500.0
1649.4590920046903,3278.3396108591533,100.0,1749.4590920046903,3378.3396108591533,1556.679221718306,3185.5597405727685,192.77987028638427,192.77987028638472,1.0596011490305441,1.0291251390155072,1.1238404596122176,1.0605167964144733,1.0596011490305441,1.1456256950775352,649.4590920046903,1649.4590920046903,3649.4590920046903,3,53,1000.0
2649.4590920046903,6278.339610859153,100.0,2749.4590920046903,6378.339610859153,2556.679221718306,6185.5597405727685,192.77987028638427,192.77987028638472,1.03628921043291,1.0149994299914067,1.075402447303037,1.0311661156583598,1.03628921043291,1.074997149957033,649.4590920046903,2649.4590920046903,6649.45909200469,3,53,2000.0
818.2001679902896,828.4251469915034,100.0,918.2001679902896,928.4251469915034,728.4251469915034,738.6501259927172,189.7750209987862,189.7750209987862,1.1232453620932357,1.1215393023566225,1.2605278274405864,1.2569213952867548,1.1232453620932357,1.3784606976433775,718.2001679902896,818.2001679902896,1018.2001679902896,3,54,100.0
1018.2001679902896,1228.4251469915034,100.0,1118.2001679902896,1328.4251469915034,928.4251469915034,1259.1000839951448,189.7750209987862,69.32506299635861,1.0966960247572957,0.9756374116771486,1.204405300323606,1.0550592156076974,1.0966960247572957,1.2852037646250603,718.2001679902896,1018.2001679902896,1618.2001679902896,3,54,300.0
1218.2001679902896,1769.3250629963586,100.0,1318.2001679902896,1869.3250629963586,1128.4251469915034,1859.1000839951448,189.7750209987862,10.224979001213796,1.079557798971545,0.9517104959697152,1.168176880411382,1.0054999615616393,1.079557798971545,1.1931580161211388,718.2001679902896,1218.2001679902896,2218.2001679902896,3,54,500.0
1718.2001679902896,3269.3250629963586,100.0,1818.2001679902896,3369.3250629963586,1628.4251469915034,3359.100083995145,189.7750209987862,10.224979001213796,1.0551299647789427,0.9732740856914236,1.1165389894336828,1.0030439637836133,1.0551299647789427,1.1069036572343058,718.2001679902896,1718.2001679902896,3718.2001679902896,3,54,1000.0
2718.2001679902896,6269.325062996359,100.0,2818.2001679902896,6369.325062996359,2628.4251469915034,6359.100083995145,189.7750209987862,10.224979001213796,1.034155441368206,0.9858824330781119,1.0722010368893338,1.0016079286166526,1.034155441368206,1.0564702676875528,718.2001679902896,2718.2001679902896,6718.20016799029,3,54,2000.0
691.2848800071515,692.7374000059597,100.0,791.2848800071515,792.7374000059597,592.7374000059597,594.1899200047676,198.54748000119184,198.54748000119207,1.1662582452198917,1.1658518205768307,1.3349670191204326,1.33414817942317,1.1662582452198917,1.5000000000000002,591.2848800071515,691.2848800071515,891.2848800071515,3,55,100.0
891.2848800071515,1195.6424400035758,100.0,991.2848800071515,1295.6424400035758,792.7374000059597,1097.0949600023837,198.54748000119184,198.54748000119207,1.124312893526218,1.0898258433353645,1.250458070982521,1.1809756559275058,1.124312893526218,1.3593033733414575,591.2848800071515,891.2848800071515,1491.2848800071515,3,55,300.0
1091.2848800071515,1795.6424400035758,100.0,1191.2848800071515,1895.6424400035758,992.7374000059597,1697.0949600023837,198.54748000119184,198.54748000119207,1.0992684268776418,1.0580683357877945,1.2,1.1169925576827553,1.0992684268776418,1.2322733431511776,591.2848800071515,1091.2848800071515,2091.2848800071515,3,55,500.0
1591.2848800071515,3295.6424400035758,100.0,1691.2848800071515,3395.6424400035758,1492.7374000059597,3197.094960002384,198.54748000119184,198.54748000119162,1.0660179613646703,1.0308240703620257,1.1330089806823351,1.0621024656712241,1.0660179613646703,1.1232962814481036,591.2848800071515,1591.2848800071515,3591.2848800071515,3,55,1000.0
2591.2848800071515,6295.642440003576,100.0,2691.2848800071515,6395.642440003576,2492.7374000059594,6197.094960002383,198.54748000119207,198.54748000119253,1.03953383938515,1.0159022058944138,1.0796503795388626,1.0320387990312667,1.03953383938515,1.0636088235776553,591.2848800071515,2591.2848800071515,6591.2848800071515,3,55,2000.0
699.9455110286362,699.9545925238635,100.0,799.9455110286362,799.9545925238635,599.9545925238635,599.9636740190908,199.9909185047727,199.9909185047727,1.1666641438381782,1.1666616210860643,1.3333434246472877,1.3333383789139357,1.1666641438381782,1.5,599.9455110286362,699.9455110286362,899.9455110286362,3,56,100.0
899.9455110286362,1099.9818370095454,100.0,999.9455110286362,1199.9818370095454,799.9545925238635,1099.9818370095454,199.9909185047727,100.0,1.1249957428074768,1.0,1.2500028381283488,1.090910592007468,1.1249957428074768,1.3636093438655752,599.9455110286362,899.9455110286362,1499.9455110286362,3,56,300.0
1099.9455110286362,1699.9818370095454,100.0,1199.9455110286362,1799.9818370095454,999.9545925238635,1699.9818370095454,199.9909185047727,100.0,1.0999954590461931,1.0,1.2,1.0588241578956579,1.0999954590461931,1.2352752631302644,599.9455110286362,1099.9455110286362,2099.9455110286362,3,56,500.0
1599.9455110286362,3199.9818370095454,100.0,1699.9455110286362,3299.9818370095454,1499.9545925238635,3199.9818370095454,199.9909185047727,100.0,1.066662630324379,1.0,1.1333313151621895,1.0312501773739604,1.066662630324379,1.1249893575623748,599.9455110286362,1599.9455110286362,3599.9455110286362,3,56,1000.0
2599.9455110286362,6199.981837009545,100.0,2699.9455110286362,6299.981837009545,2499.9545925238635,6199.981837009545,199.9909185047727,100.0,1.0399970938687433,1.0,1.0799978204015575,1.0161290795084383,1.0399970938687433,1.06451045898741,599.9455110286362,2599.9455110286362,6599.945511028636,3,56,2000.0
758.6925360024907,758.6925360024907,100.0,858.6925360024907,858.6925360024907,664.5936022878491,670.4946685732076,194.0989337146416,188.19786742928306,1.1415886842586327,1.1315414895348317,1.2920565787068372,1.2806851064599252,1.1415886842586327,1.4298287233850187,658.6925360024907,758.6925360024907,958.6925360024907,3,57,100.0
958.6925360024907,1088.1978674292832,100.0,1058.6925360024907,1188.1978674292832,864.5936022878491,1182.2968011439245,194.0989337146416,5.901066285358638,1.108836028239905,0.9204100580974283,1.2244973050934285,1.0049911885743488,1.108836028239905,1.3183597676102876,658.6925360024907,958.6925360024907,1558.6925360024907,3,57,300.0
1158.6925360024907,1688.1978674292832,100.0,1258.6925360024907,1788.1978674292832,1064.593602287849,1782.2968011439245,194.0989337146416,5.901066285358638,1.0883895352296122,0.9472035557409707,1.1823220929540776,1.0033109335558315,1.0883895352296122,1.2111857770361174,658.6925360024907,1158.6925360024907,2158.6925360024907,3,57,500.0
1658.6925360024907,3188.197867429283,100.0,1758.6925360024907,3288.197867429283,1564.593602287849,3282.2968011439243,194.0989337146416,5.901066285358866,1.0601427320021277,0.9713313757360863,1.124057092800851,1.0017978466430282,1.0601427320021277,1.1146744970556555,658.6925360024907,1658.6925360024907,3658.6925360024907,3,57,1000.0
2658.6925360024907,6188.197867429283,100.0,2758.6925360024907,6288.197867429283,2564.593602287849,6282.296801143924,194.0989337146416,5.901066285358866,1.0366915575359374,0.9850215714581477,1.075684090275156,1.0009393166977218,1.0366915575359374,1.0599137141674093,658.6925360024907,2658.6925360024907,6658.692536002491,3,57,2000.0
798.0437890160829,798.0437890160829,100.0,898.0437890160829,898.0437890160829,698.0437890160829,698.0437890160829,200.0,200.0,1.1432574883890214,1.1432574883890214,1.2865149767780428,1.2865149767780428,1.1432574883890214,1.4297724651670642,698.0437890160829,798.0437890160829,998.0437890160829,3,58,100.0
998.0437890160829,1161.766420881031,100.0,1098.0437890160829,1261.766420881031,736.2773681350518,1161.766420881031,361.7664208810311,100.0,1.355526914461693,1.0,1.491345295316308,1.0860758223018399,1.355526914461693,1.3755293321390705,698.0437890160829,998.0437890160829,1598.0437890160829,3,58,300.0
1198.0437890160829,1761.766420881031,100.0,1298.0437890160829,1861.766420881031,936.2773681350518,1761.766420881031,361.7664208810311,100.0,1.2795821300288794,1.0,1.3863880866859197,1.0567612135268145,1.2795821300288794,1.2476363284963035,698.0437890160829,1198.0437890160829,2198.043789016083,3,58,500.0
1698.0437890160829,3261.766420881031,100.0,1798.0437890160829,3361.766420881031,1436.2773681350518,3261.766420881031,361.7664208810311,100.0,1.182253391084846,1.0,1.2518778259040384,1.030658234556535,1.182253391084846,1.1337549388399215,698.0437890160829,1698.0437890160829,3698.043789016083,3,58,1000.0
2698.043789016083,6261.766420881031,100.0,2798.043789016083,6361.766420881031,2436.277368135052,6261.766420881031,361.7664208810311,100.0,1.107445245892265,1.0,1.148491475401243,1.0159699345645554,1.107445245892265,1.069673210211132,698.0437890160829,2698.043789016083,6698.043789016083,3,58,2000.0
763.5206869686954,768.7320174017389,100.0,863.5206869686954,868.7320174017389,668.7320174017389,673.9433478347823,194.78866956695651,194.78866956695651,1.141743878116146,1.1406478302241423,1.2912806094192701,1.2890282546637868,1.141743878116146,1.429676084887929,663.5206869686954,763.5206869686954,963.5206869686954,3,59,100.0
963.5206869686954,1184.3660087008693,100.0,1063.5206869686954,1284.3660087008693,868.7320174017389,1184.3660087008693,194.78866956695651,100.0,1.1091115184754634,1.0,1.2242218148578699,1.0844333586622348,1.1091115184754634,1.3201330293865159,663.5206869686954,963.5206869686954,1563.5206869686954,3,59,300.0
1163.5206869686954,1784.3660087008693,100.0,1263.5206869686954,1884.3660087008693,1068.7320174017389,1784.3660087008693,194.78866956695651,100.0,1.08869264513793,1.0,1.182261470972414,1.0560423139156334,1.08869264513793,1.212487055020665,663.5206869686954,1163.5206869686954,2163.5206869686954,3,59,500.0
1663.5206869686954,3284.3660087008693,100.0,1763.5206869686954,3384.3660087008693,1568.7320174017389,3284.3660087008693,194.78866956695651,100.0,1.0604237489357509,1.0,1.1241694995743003,1.0304472765017914,1.0604237489357509,1.1154422732616822,663.5206869686954,1663.5206869686954,3663.5206869686954,3,59,1000.0
2663.5206869686954,6284.366008700869,100.0,2763.5206869686954,6384.366008700869,2568.7320174017386,6284.366008700869,194.78866956695674,100.0,1.0369009569409404,1.0,1.0758306698586584,1.0159125041191979,1.0369009569409404,1.0603330037974994,663.5206869686954,2663.5206869686954,6663.520686968695,3,59,2000.0
758.8017430040054,758.8017430040054,100.0,858.8017430040054,858.8017430040054,664.6872082891474,670.5726735742896,194.114534714858,188.22906942971576,1.1415922159192764,1.13157271822521,1.292038920403619,1.280698985877871,1.1415922159192764,1.429825253530532,658.8017430040054,758.8017430040054,958.8017430040054,3,60,100.0
958.8017430040054,1088.2290694297158,100.0,1058.8017430040054,1188.2290694297158,864.6872082891474,1088.2290694297158,194.114534714858,100.0,1.10884228864802,1.0,1.2244910446853134,1.0918924175150042,1.10884228864802,1.4324206059124043,658.8017430040054,958.8017430040054,1558.8017430040054,3,60,300.0
1158.8017430040054,1688.2290694297158,100.0,1258.8017430040054,1788.2290694297158,1064.6872082891473,1688.2290694297158,194.1145347148581,100.0,1.0883964172595737,1.0,1.1823207165480856,1.0592336678776537,1.0883964172595737,1.2787374545879897,658.8017430040054,1158.8017430040054,2158.8017430040054,3,60,500.0
1658.8017430040054,3188.2290694297158,100.0,1758.8017430040054,3288.2290694297158,1564.6872082891473,3188.2290694297158,194.1145347148581,100.0,1.0601491047004623,1.0,1.1240596418801851,1.0313653748906715,1.0601491047004623,1.1475968831996322,658.8017430040054,1658.8017430040054,3658.8017430040054,3,60,1000.0
2658.8017430040054,6188.229069429715,100.0,2758.8017430040054,6288.229069429715,2564.6872082891473,6188.229069429715,194.1145347148581,100.0,1.0366963013698813,1.0,1.075687410958917,1.0161597120723935,1.0366963013698813,1.0760431891409696,658.8017430040054,2658.8017430040054,6658.801743004005,3,60,2000.0
762.3816049541347,762.3816049541347,100.0,862.3816049541347,862.3816049541347,667.7556613892583,673.1297178243819,194.62594356487637,189.25188712975273,1.1417074373701424,1.1325924034645554,1.2914628131492876,1.2811521793175802,1.1417074373701424,1.4297119551706048,662.3816049541347,762.3816049541347,962.3816049541347,3,61,100.0
962.3816049541347,1183.8778306946292,100.0,1062.3816049541347,1283.8778306946292,867.7556613892583,1183.8778306946292,194.62594356487637,100.0,1.1090467602520533,1.0,1.22428657308128,1.084468175184365,1.1090467602520533,1.3197152311209526,662.3816049541347,962.3816049541347,1562.3816049541347,3,61,300.0
1162.3816049541347,1783.8778306946292,100.0,1262.3816049541347,1883.8778306946292,1067.7556613892584,1783.8778306946292,194.62594356487625,100.0,1.0886213456754312,1.0,1.1822757308649137,1.056057650518063,1.0886213456754312,1.212180322972072,662.3816049541347,1162.3816049541347,2162.3816049541347,3,61,500.0
1662.3816049541347,3283.877830694629,100.0,1762.3816049541347,3383.877830694629,1567.7556613892584,3283.877830694629,194.62594356487625,100.0,1.0603575837072876,1.0,1.124143033482915,1.0304518027635783,1.0603575837072876,1.115261222790204,662.3816049541347,1662.3816049541347,3662.3816049541347,3,61,1000.0
2662.3816049541347,6283.87783069463,100.0,2762.3816049541347,6383.87783069463,2567.7556613892584,6283.87783069463,194.62594356487625,100.0,1.0368516152014557,1.0,1.0757961306410189,1.0159137403199556,1.0368516152014557,1.0602341077368884,662.3816049541347,2662.3816049541347,6662.381604954135,3,61,2000.0
690.1086570229381,690.1086570229381,100.0,790.1086570229381,790.1086570229381,591.7572141857818,593.4057713486254,198.35144283715636,196.7028856743127,1.166202355424566,1.1629624960581986,1.335190578301736,1.3314812480290994,1.166202355424566,1.5,590.1086570229381,690.1086570229381,890.1086570229381,3,62,100.0
890.1086570229381,1195.054328511469,100.0,990.1086570229381,1295.054328511469,791.7572141857818,1096.7028856743127,198.35144283715636,198.35144283715636,1.1242191938071544,1.089679204934967,1.250520537461897,1.1808616038383077,1.1242191938071544,1.358716819739868,590.1086570229381,890.1086570229381,1490.1086570229381,3,62,300.0
1090.1086570229381,1795.054328511469,100.0,1190.1086570229381,1895.054328511469,991.7572141857818,1696.7028856743127,198.35144283715636,198.35144283715636,1.0991688705969247,1.0579662141601587,1.2,1.1169040522721374,1.0991688705969247,1.2318648566406345,590.1086570229381,1090.1086570229381,2090.108657022938,3,62,500.0
1590.1086570229381,3295.054328511469,100.0,1690.1086570229381,3395.054328511469,1491.7572141857818,3196.7028856743127,198.35144283715636,198.35144283715636,1.0659299260643011,1.0307665261222456,1.1329649630321506,1.0620487577140958,1.0659299260643011,1.123066104488982,590.1086570229381,1590.1086570229381,3590.108657022938,3,62,1000.0
2590.108657022938,6295.054328511469,100.0,2690.108657022938,6395.054328511469,2491.757214185782,6196.702885674313,198.35144283715636,198.35144283715636,1.0394707166000097,1.0158715763288453,1.0796030374500072,1.0320091904512172,1.0394707166000097,1.0634863053153816,590.1086570229381,2590.108657022938,6590.108657022938,3,62,2000.0
1363.5641240049154,1363.5641240049154,100.0,1463.5641240049154,1463.5641240049154,1263.5641240049154,1263.5641240049154,200.0,200.0,1.079141214996708,1.079141214996708,1.158282429993416,1.158282429993416,1.079141214996708,1.237423644990124,1263.5641240049154,1363.5641240049154,1563.5641240049154,3,63,100.0
1563.5641240049154,1563.5641240049154,100.0,1663.5641240049154,1663.5641240049154,1423.1681102265914,1812.5740895591057,240.396013778324,-149.00996555419033,1.0986503370680296,0.86262080706739,1.1689161048866175,0.9177909656700235,1.0986503370680296,1.1936417586831913,1263.5641240049154,1563.5641240049154,2163.5641240049154,3,63,300.0
1763.5641240049154,2061.5840551132956,100.0,1863.5641240049154,2161.5840551132956,1623.1681102265914,2412.5740895591057,240.396013778324,-250.99003444581012,1.0864950542668836,0.8545163707242032,1.14810296743987,0.895965874983065,1.0864950542668836,1.1454836292757966,1263.5641240049154,1763.5641240049154,2763.5641240049154,3,63,500.0
2263.5641240049154,3561.5840551132956,100.0,2363.5641240049154,3661.5840551132956,2123.168110226591,3912.5740895591057,240.39601377832423,-250.99003444581012,1.0661257170838634,0.9102917858137322,1.1132251434167728,0.9358504072509223,1.0661257170838634,1.0897082141862677,1263.5641240049154,2263.5641240049154,4263.564124004915,3,63,1000.0
3263.5641240049154,6561.584055113295,100.0,3363.5641240049154,6661.584055113295,3123.168110226591,6912.574089559106,240.39601377832423,-250.99003444581103,1.0449530761147976,0.9492244090409167,1.0769718456688786,0.9636908000993564,1.0449530761147976,1.050775590959083,1263.5641240049154,3263.5641240049154,7263.564124004915,3,63,2000.0
761.9746770011261,767.4068660009652,100.0,861.9746770011261,867.4068660009652,667.4068660009652,672.8390550008044,194.56781100016087,194.56781100016087,1.1416943933567865,1.1405504188517235,1.2915280332160675,1.2891743717224147,1.1416943933567865,1.4297247905741381,661.9746770011261,761.9746770011261,961.9746770011261,3,64,100.0
961.9746770011261,1183.7034330004826,100.0,1061.974677001126,1283.7034330004826,867.4068660009652,1183.7034330004826,194.56781100016087,100.0,1.1090235905511678,1.0,1.2243097427821656,1.084480620070956,1.1090235905511678,1.3195658924818623,661.9746770011261,961.9746770011261,1561.974677001126,3,64,300.0
1161.974677001126,1783.7034330004826,100.0,1261.974677001126,1883.7034330004826,1067.4068660009652,1783.7034330004826,194.56781100016087,100.0,1.0885958428902174,1.0,1.1822808314219566,1.0560631314319913,1.0885958428902174,1.2120707046935089,661.9746770011261,1161.974677001126,2161.974677001126,3,64,500.0
1661.974677001126,3283.7034330004826,100.0,1761.974677001126,3383.7034330004826,1567.4068660009652,3283.7034330004826,194.56781100016087,100.0,1.0603339267241048,1.0,1.1241335706896418,1.0304534200607225,1.0603339267241048,1.1151965309044363,661.9746770011261,1661.974677001126,3661.974677001126,3,64,1000.0
2661.974677001126,6283.703433000483,100.0,2761.974677001126,6383.703433000483,2567.4068660009652,6283.703433000483,194.56781100016087,100.0,1.0368339791610284,1.0,1.07578378541272,1.0159141819893702,1.0368339791610284,1.060198774183717,661.9746770011261,2661.974677001126,6661.974677001126,3,64,2000.0
694.2694369587116,694.2694369587116,100.0,794.2694369587116,794.2694369587116,594.2694369587116,596.179624639141,200.0,198.08981231957057,1.1682738397447616,1.1645306351738252,1.3365476794895235,1.3322653175869126,1.1682738397447616,1.5,594.2694369587116,694.2694369587116,894.2694369587116,3,65,100.0
894.2694369587116,1197.1347184793558,100.0,994.2694369587116,1297.1347184793558,696.179624639141,1098.0898123195705,298.08981231957057,199.04490615978534,1.284538365256307,1.090197454751507,1.4281794550854356,1.18126468702895,1.284538365256307,1.3607898190060281,594.2694369587116,894.2694369587116,1494.2694369587116,3,65,300.0
1094.2694369587116,1797.1347184793558,100.0,1194.2694369587116,1897.1347184793558,896.179624639141,1698.0898123195705,298.08981231957057,199.04490615978534,1.2210380674514154,1.0583272483240984,1.3326228404708493,1.117216948547552,1.2210380674514154,1.2333089932963937,594.2694369587116,1094.2694369587116,2094.2694369587116,3,65,500.0
1594.2694369587116,3297.134718479356,100.0,1694.2694369587116,3397.134718479356,1396.179624639141,3198.0898123195702,298.0898123195707,199.04490615978557,1.1418798905411396,1.030970020222149,1.2135039124329117,1.0622386855406722,1.1418798905411396,1.1238800808885954,594.2694369587116,1594.2694369587116,3594.2694369587116,3,65,1000.0
2594.2694369587116,6297.134718479356,100.0,2694.2694369587116,6397.134718479356,2396.179624639141,6198.089812319571,298.0898123195707,199.04490615978466,1.0826690162468111,1.0159799081908945,1.12440211462213,1.032113911251198,1.0826690162468111,1.0639196327635778,594.2694369587116,2594.2694369587116,6594.269436958712,3,65,2000.0
701.2371010147035,701.2371010147035,100.0,801.2371010147035,801.2371010147035,601.2371010147035,601.2371010147035,200.0,200.0,1.1663237345653332,1.1663237345653332,1.3326474691306665,1.3326474691306665,1.1663237345653332,1.4989712036959997,601.2371010147035,701.2371010147035,901.2371010147035,3,66,100.0
901.2371010147035,1100.4123670049012,100.0,1001.2371010147035,1200.4123670049012,801.0309175122529,1200.6185505073518,200.20618350245059,-0.20618350245058537,1.125096524131252,0.9165378683678459,1.2499356505791652,0.9998282689349057,1.125096524131252,1.2503863948964622,601.2371010147035,901.2371010147035,1501.2371010147035,3,66,300.0
1101.2371010147035,1700.4123670049012,100.0,1201.2371010147035,1800.4123670049012,1001.0309175122529,1800.6185505073518,200.20618350245059,-0.20618350245058537,1.1001029855815858,0.9443490219101563,1.2,0.9998854929588543,1.1001029855815858,1.1669529342695308,601.2371010147035,1101.2371010147035,2101.2371010147035,3,66,500.0
1601.2371010147035,3200.412367004901,100.0,1701.2371010147035,3300.412367004901,1501.030917512253,3300.6185505073518,200.20618350245059,-0.20618350245058537,1.0667582408419196,0.969640180478581,1.1333791204209598,0.9999375318597725,1.0667582408419196,1.091079458564257,601.2371010147035,1601.2371010147035,3601.2371010147035,3,66,1000.0
2601.2371010147035,6200.412367004901,100.0,2701.2371010147035,6300.412367004901,2501.030917512253,6300.618550507352,200.20618350245059,-0.20618350245058537,1.0400659515245516,0.9840958181011638,1.0800494636434137,0.9999672756728887,1.0400659515245516,1.0477125456965086,601.2371010147035,2601.2371010147035,6601.2371010147035,3,66,2000.0
744.2564729950391,744.2564729950391,100.0,844.2564729950391,844.2564729950391,644.2564729950391,644.2564729950391,200.0,200.0,1.155217687662674,1.155217687662674,1.3104353753253482,1.3104353753253482,1.155217687662674,1.4656530629880222,644.2564729950391,744.2564729950391,944.2564729950391,3,67,100.0
944.2564729950391,1084.0732779985826,100.0,1044.256472995039,1184.0732779985826,760.1831949964565,1084.0732779985826,284.0732779985826,100.0,1.2421433138882276,1.0,1.3736905523147047,1.0922446868025564,1.2421433138882276,1.424494546942479,644.2564729950391,944.2564729950391,1544.256472995039,3,67,300.0
1144.256472995039,1684.0732779985826,100.0,1244.256472995039,1784.0732779985826,960.1831949964565,1684.0732779985826,284.0732779985826,100.0,1.1917064149401844,1.0,1.2958532074700921,1.0593798389336382,1.1917064149401844,1.2732560399885662,644.2564729950391,1144.256472995039,2144.256472995039,3,67,500.0
1644.256472995039,3184.073277998583,100.0,1744.256472995039,3284.073277998583,1460.1831949964565,3184.073277998583,284.0732779985826,100.0,1.1260617699404691,1.0,1.1945463274553518,1.0314063123769743,1.1260617699404691,1.1445265717269277,644.2564729950391,1644.256472995039,3644.256472995039,3,67,1000.0
2644.256472995039,6184.073277998583,100.0,2744.256472995039,6284.073277998583,2460.1831949964567,6184.073277998583,284.0732779985824,100.0,1.0748209638912063,1.0,1.1154683434048054,1.0161705716450313,1.0748209638912063,1.0744142532452963,644.2564729950391,2644.256472995039,6644.256472995039,3,67,2000.0
742.5015380373225,750.7156040319907,100.0,842.5015380373225,850.7156040319907,650.7156040319907,650.7156040319907,191.7859340053318,200.0,1.1410538389376312,1.153676966374213,1.2947308053118443,1.3073539327484263,1.1410538389376312,1.4484077716860575,642.5015380373225,742.5015380373225,942.5015380373225,3,68,100.0
942.5015380373225,1175.3578020159953,100.0,1042.5015380373225,1275.3578020159953,850.7156040319907,1175.3578020159953,191.7859340053318,100.0,1.1078926183677715,1.0,1.225440714965562,1.0850804749230218,1.1078926183677715,1.312367634257071,642.5015380373225,942.5015380373225,1542.5015380373225,3,68,300.0
1142.5015380373225,1775.3578020159953,100.0,1242.5015380373225,1875.3578020159953,1050.7156040319906,1775.3578020159953,191.7859340053319,100.0,1.0873556399592,1.0,1.1825288720081601,1.0563266739169117,1.0873556399592,1.2067998549951,642.5015380373225,1142.5015380373225,2142.5015380373225,3,68,500.0
1642.5015380373225,3275.3578020159953,100.0,1742.5015380373225,3375.3578020159953,1550.7156040319906,3275.3578020159953,191.7859340053319,100.0,1.0591894050505979,1.0,1.123675762020239,1.0305310155545295,1.0591894050505979,1.1120927111521521,642.5015380373225,1642.5015380373225,3642.5015380373225,3,68,1000.0
2642.5015380373225,6275.357802015995,100.0,2742.5015380373225,6375.357802015995,2550.7156040319906,6275.357802015995,191.7859340053319,100.0,1.035984385660339,1.0,1.0751890699622373,1.0159353463427814,1.035984385660339,1.0585056259108254,642.5015380373225,2642.5015380373225,6642.5015380373225,3,68,2000.0
656.4225108662088,756.4225108662088,100.0,756.4225108662088,856.4225108662088,649.1595960105769,649.1595960105769,107.26291485563183,207.26291485563183,1.0111881806881793,1.1652335042335016,1.1652335042335016,1.3192788277788239,1.1540453235453223,1.4621359706359667,649.1595960105769,749.1595960105769,949.1595960105769,3,69,100.0
856.4225108662088,1178.2112554331043,100.0,956.4225108662088,1278.2112554331043,670.9483405774724,1178.2112554331043,285.47417028873633,100.0,1.2764358432261749,1.0,1.425478614408725,1.0848744225951572,1.4146537648392623,1.3148402621914472,649.1595960105769,949.1595960105769,1549.159596010577,3,69,300.0
1056.4225108662088,1778.2112554331043,100.0,1156.4225108662088,1878.2112554331043,870.9483405774724,1778.2112554331043,285.47417028873633,100.0,1.2129565688887585,1.0,1.327773941333255,1.0562362878395142,1.3194348533331377,1.208607576543049,649.1595960105769,1149.159596010577,2149.159596010577,3,69,500.0
1556.4225108662088,3278.2112554331043,100.0,1656.4225108662088,3378.2112554331043,1370.9483405774724,3278.2112554331043,285.47417028873633,100.0,1.135288956409992,1.0,1.2082311651279936,1.030504440442716,1.2029334346149878,1.113155715624698,649.1595960105769,1649.159596010577,3649.159596010577,3,69,1000.0
2556.4225108662085,6278.211255433104,100.0,2656.4225108662085,6378.211255433104,2370.9483405774727,6278.211255433104,285.4741702887359,100.0,1.0782278412036432,1.0,1.1204050570832789,1.0159281037116203,1.117341761805465,1.059085036403714,649.1595960105769,2649.159596010577,6649.159596010577,3,69,2000.0
693.1493719690479,693.1493719690479,100.0,793.1493719690479,793.1493719690479,593.1493719690479,595.4329146460319,200.0,197.71645732301602,1.1685915972026322,1.164109935677818,1.3371831944052643,1.332054967838909,1.1685915972026322,1.5,593.1493719690479,693.1493719690479,893.1493719690479,3,70,100.0
893.1493719690479,1097.716457323016,100.0,993.1493719690479,1197.716457323016,695.4329146460319,1097.716457323016,297.716457323016,100.0,1.2843070167647324,1.0,1.4281023389215775,1.0910982060375303,1.2843070167647324,1.3602322913244538,593.1493719690479,893.1493719690479,1493.149371969048,3,70,300.0
1093.149371969048,1697.716457323016,100.0,1193.149371969048,1797.716457323016,895.4329146460319,1697.716457323016,297.716457323016,100.0,1.2208054384522755,1.0,1.3324832630713652,1.0589026510102173,1.2208054384522755,1.2329204696934826,593.1493719690479,1093.149371969048,2093.149371969048,3,70,500.0
1593.149371969048,3197.7164573230157,100.0,1693.149371969048,3297.7164573230157,1395.4329146460318,3197.7164573230157,297.71645732301613,100.0,1.1416882569185844,1.0,1.2133506055348675,1.0312723161464152,1.1416882569185844,1.1236610312150912,593.1493719690479,1593.149371969048,3593.149371969048,3,70,1000.0
2593.149371969048,6197.716457323017,100.0,2693.149371969048,6297.716457323017,2395.432914646032,6197.716457323017,297.71645732301613,100.0,1.0825389248490944,1.0,1.124285032364185,1.0161349749845112,1.0825389248490944,1.0638030018586606,593.1493719690479,2593.149371969048,6593.149371969048,3,70,2000.0
787.9340699524619,787.9340699524619,100.0,887.9340699524619,887.9340699524619,701.9423112084041,715.9505524643464,185.99175874405773,171.98351748811547,1.1225054500504772,1.1005425825014643,1.2649672996971364,1.2402170330005857,1.1225054500504772,1.3798914834997071,687.9340699524619,787.9340699524619,987.9340699524619,3,71,100.0
987.9340699524619,1243.967034976231,100.0,1087.9340699524619,1343.967034976231,901.9423112084041,1157.9752762321732,185.99175874405773,185.99175874405773,1.0953406417189229,1.0742604445095394,1.2062124777081027,1.1606180741174705,1.0953406417189229,1.3713022225476965,687.9340699524619,987.9340699524619,1587.9340699524619,3,71,300.0
1187.9340699524619,1843.967034976231,100.0,1287.9340699524619,1943.967034976231,1101.9423112084041,1757.9752762321732,185.99175874405773,185.99175874405773,1.0780365340992832,1.0489152264577701,1.1687853863602866,1.1057988478328828,1.0780365340992832,1.2445761322888507,687.9340699524619,1187.9340699524619,2187.934069952462,3,71,500.0
1687.9340699524619,3343.967034976231,100.0,1787.9340699524619,3443.967034976231,1601.9423112084041,3257.975276232173,185.99175874405773,185.99175874405773,1.0536796850563184,1.0263942330598366,1.1161039055168955,1.0570881430871863,1.0536796850563184,1.1319711652991833,687.9340699524619,1687.9340699524619,3687.934069952462,3,71,1000.0
2687.934069952462,6343.967034976231,100.0,2787.934069952462,6443.967034976231,2601.942311208404,6257.975276232173,185.99175874405773,185.99175874405773,1.0330490642984782,1.0137411470880453,1.071481891794011,1.0297207564003097,1.0330490642984782,1.068705735440227,687.9340699524619,2687.934069952462,6687.934069952462,3,71,2000.0
800.3628599923104,800.3628599923104,100.0,900.3628599923104,900.3628599923104,700.3628599923104,700.3628599923104,200.0,200.0,1.1427831281645888,1.1427831281645888,1.2855662563291776,1.2855662563291776,1.1427831281645888,1.4283493844937662,700.3628599923104,800.3628599923104,1000.3628599923104,3,72,100.0
1000.3628599923104,1162.6360724971164,100.0,1100.3628599923104,1262.6360724971164,737.726787495194,1075.0907149980776,362.6360724971164,187.5453574990388,1.356007233231757,1.0814306702473897,1.4915587703252253,1.1744460768590808,1.356007233231757,1.4885840214843378,700.3628599923104,1000.3628599923104,1600.3628599923104,3,72,300.0
1200.3628599923104,1762.6360724971164,100.0,1300.3628599923104,1862.6360724971164,937.726787495194,1675.0907149980776,362.6360724971164,187.5453574990388,1.2800773914101953,1.0522630546006813,1.38671826094013,1.111961313987257,1.2800773914101953,1.3135783276040878,700.3628599923104,1200.3628599923104,2200.3628599923104,3,72,500.0
1700.3628599923104,3262.6360724971164,100.0,1800.3628599923104,3362.6360724971164,1437.726787495194,3175.0907149980776,362.6360724971164,187.5453574990388,1.1826745350934726,1.02757255315116,1.2522287792445606,1.059067716274416,1.1826745350934726,1.1654353189069595,700.3628599923104,1700.3628599923104,3700.3628599923104,3,72,1000.0
2700.3628599923104,6262.636072497116,100.0,2800.3628599923104,6362.636072497116,2437.726787495194,6175.090714998078,362.6360724971164,187.5453574990388,1.1077381082426303,1.0141771775573123,1.1487599325557443,1.0303712716387352,1.1077381082426303,1.0850630653438742,700.3628599923104,2700.3628599923104,6700.36285999231,3,72,2000.0
802.311251021456,802.311251021456,100.0,902.311251021456,902.311251021456,702.311251021456,702.311251021456,200.0,200.0,1.1423870112497243,1.1423870112497243,1.2847740224994486,1.2847740224994486,1.1423870112497243,1.427161033749173,702.311251021456,802.311251021456,1002.311251021456,3,73,100.0
1002.311251021456,1163.366719133046,100.0,1102.311251021456,1263.366719133046,826.733438266092,1163.366719133046,275.577812755364,100.0,1.2123753614267778,1.0,1.3333333333333333,1.0859574185468543,1.2123753614267778,1.377305388463851,702.311251021456,1002.311251021456,1602.311251021456,3,73,300.0
1202.311251021456,1763.366719133046,100.0,1302.311251021456,1863.366719133046,1026.733438266092,1763.366719133046,275.577812755364,100.0,1.1710062283077807,1.0,1.2684024913231122,1.0567097013428748,1.1710062283077807,1.248924133094797,702.311251021456,1202.311251021456,2202.311251021456,3,73,500.0
1702.311251021456,3263.366719133046,100.0,1802.311251021456,3363.366719133046,1526.733438266092,3263.366719133046,275.577812755364,100.0,1.115002271093746,1.0,1.1805015897656221,1.0306432002918036,1.115002271093746,1.1345066520764853,702.311251021456,1702.311251021456,3702.311251021456,3,73,1000.0
2702.311251021456,6263.366719133046,100.0,2802.311251021456,6363.366719133046,2526.733438266092,6263.366719133046,275.577812755364,100.0,1.0694880631634218,1.0,1.1090648536889085,1.0159658542257353,1.0694880631634218,1.0700812440931395,702.311251021456,2702.311251021456,6702.311251021456,3,73,2000.0
698.2514700153843,698.542891679487,100.0,798.2514700153843,798.542891679487,598.542891679487,598.8343133435894,199.7085783358973,199.70857833589753,1.1665855191365135,1.1665044505869662,1.3336579234539452,1.3334955494130343,1.1665855191365135,1.5000000000000002,598.2514700153843,698.2514700153843,898.2514700153843,3,74,100.0
898.2514700153843,1199.1257350076921,100.0,998.2514700153843,1299.1257350076921,798.542891679487,1099.4171566717946,199.7085783358973,199.70857833589753,1.1248631468325907,1.0906922160808732,1.2500912354449394,1.1816495013962347,1.1248631468325907,1.362768864323492,598.2514700153843,898.2514700153843,1498.2514700153843,3,74,300.0
1098.2514700153843,1799.1257350076921,100.0,1198.2514700153843,1899.1257350076921,998.542891679487,1699.4171566717946,199.7085783358973,199.70857833589753,1.0998540765416633,1.0586722206166088,1.2,1.1175159245343942,1.0998540765416633,1.2346888824664348,598.2514700153843,1098.2514700153843,2098.2514700153843,3,74,500.0
1598.2514700153843,3299.125735007692,100.0,1698.2514700153843,3399.125735007692,1498.542891679487,3199.417156671795,199.7085783358973,199.70857833589707,1.0665370199875621,1.0311646070059897,1.1332685099937811,1.062420299872257,1.0665370199875621,1.1246584280239587,598.2514700153843,1598.2514700153843,3598.2514700153843,3,74,1000.0
2598.2514700153843,6299.125735007692,100.0,2698.2514700153843,6399.125735007692,2498.5428916794867,6199.417156671794,199.70857833589753,199.70857833589798,1.0399066906827743,1.0160835407290816,1.0799300180120808,1.0322140893714455,1.0399066906827743,1.064334162916326,598.2514700153843,2598.2514700153843,6598.251470015384,3,74,2000.0
693.6215840047225,693.6215840047225,100.0,793.6215840047225,793.6215840047225,593.6215840047225,595.747722669815,200.0,197.8738613349076,1.1684574865444994,1.1642874284039064,1.3369149730889989,1.3321437142019534,1.1684574865444994,1.5000000000000002,593.6215840047225,693.6215840047225,893.6215840047225,3,75,100.0
893.6215840047225,1097.8738613349074,100.0,993.6215840047225,1197.8738613349074,695.747722669815,1097.8738613349074,297.8738613349076,100.0,1.2844046123149349,1.0,1.428134870771645,1.0910851451353525,1.2844046123149349,1.3604673875636537,593.6215840047225,893.6215840047225,1493.6215840047225,3,75,300.0
1093.6215840047225,1697.8738613349074,100.0,1193.6215840047225,1797.8738613349074,895.747722669815,1697.8738613349074,297.8738613349076,100.0,1.2209035605975485,1.0,1.3325421363585293,1.0588971903492157,1.2209035605975485,1.2330842895235274,593.6215840047225,1093.6215840047225,2093.6215840047225,3,75,500.0
1593.6215840047225,3197.873861334908,100.0,1693.6215840047225,3297.8738613349074,1395.747722669815,3197.873861334908,297.8738613349076,99.99999999999955,1.1417690733941592,1.0,1.2134152587153273,1.0312707768774394,1.1417690733941592,1.123753387353626,593.6215840047225,1593.6215840047225,3593.6215840047225,3,75,1000.0
2593.6215840047225,6197.873861334907,100.0,2693.6215840047225,6297.873861334907,2395.747722669815,6197.873861334907,297.87386133490736,100.0,1.0825937804145744,1.0,1.124334402373117,1.0161345652133782,1.0825937804145744,1.0638521743946203,593.6215840047225,2593.6215840047225,6593.6215840047225,3,75,2000.0
762.3146390193142,762.3146390193142,100.0,862.3146390193142,862.3146390193142,667.698262016555,673.0818850137958,194.61637700275924,189.23275400551836,1.141705291724143,1.1325734000458048,1.2914735413792853,1.281143733353691,1.141705291724143,1.4297140666615773,662.3146390193142,762.3146390193142,962.3146390193142,3,76,100.0
962.3146390193142,1089.2327540055185,100.0,1062.3146390193142,1189.2327540055185,867.698262016555,1183.8491310082775,194.61637700275924,5.383622997240991,1.1090429486200286,0.9200773354268759,1.224290384713305,1.0045475583469456,1.1090429486200286,1.319690658292497,662.3146390193142,962.3146390193142,1562.3146390193142,3,76,300.0
1162.3146390193142,1689.2327540055185,100.0,1262.3146390193142,1789.2327540055185,1067.698262016555,1783.8491310082775,194.61637700275924,5.383622997240991,1.0886171499652513,0.9469594287106111,1.1822765700069497,1.0030179811194,1.0886171499652513,1.212162285157556,662.3146390193142,1162.3146390193142,2162.314639019314,3,76,500.0
1662.3146390193142,3189.2327540055185,100.0,1762.3146390193142,3289.2327540055185,1567.698262016555,3283.8491310082773,194.61637700275924,5.383622997241218,1.0603536913290015,0.9711873556829002,1.1241414765316007,1.0016394245845235,1.0603536913290015,1.1152505772683998,662.3146390193142,1662.3146390193142,3662.314639019314,3,76,1000.0
2662.314639019314,6189.2327540055185,100.0,2762.314639019314,6289.2327540055185,2567.698262016555,6283.849131008277,194.61637700275924,5.383622997241218,1.0368487132629252,0.9849429266950626,1.0757940992840476,1.0008567396964825,1.0368487132629252,1.0602282932197498,662.3146390193142,2662.314639019314,6662.314639019314,3,76,2000.0
704.8497860319912,704.8497860319912,100.0,804.8497860319912,804.8497860319912,604.8497860319912,604.8497860319912,200.0,200.0,1.1653303056549495,1.1653303056549495,1.3306606113098993,1.3306606113098993,1.1653303056549495,1.4959909169648489,604.8497860319912,704.8497860319912,904.8497860319912,3,77,100.0
904.8497860319912,1101.616595343997,100.0,1004.8497860319912,1201.616595343997,804.0414883599927,1202.4248930159956,200.8082976719985,-0.8082976719986164,1.1253769850578452,0.9161624994147076,1.249748676628103,0.9993277769973881,1.1253769850578452,1.2515125017558768,604.8497860319912,904.8497860319912,1504.8497860319912,3,77,300.0
1104.8497860319912,1701.616595343997,100.0,1204.8497860319912,1801.616595343997,1004.0414883599927,1802.4248930159956,200.8082976719985,-0.8082976719986164,1.1004025220478282,0.9440707360053621,1.2,0.9995515498731011,1.1004025220478282,1.1677877919839137,604.8497860319912,1104.8497860319912,2104.8497860319912,3,77,500.0
1604.8497860319912,3201.616595343997,100.0,1704.8497860319912,3301.616595343997,1504.0414883599929,3302.4248930159956,200.8082976719984,-0.8082976719988437,1.0670249447586182,0.9694744616644607,1.133512472379309,0.9997552411642402,1.0670249447586182,1.0915766150066175,604.8497860319912,1604.8497860319912,3604.8497860319912,3,77,1000.0
2604.8497860319912,6201.616595343998,100.0,2704.8497860319912,6301.616595343998,2504.041488359993,6302.424893015996,200.8082976719984,-0.8082976719979342,1.0402582377890321,0.9840048395049169,1.080193678341774,0.9998717481468293,1.0402582377890321,1.0479854814852496,604.8497860319912,2604.8497860319912,6604.849786031991,3,77,2000.0
706.7574199987575,706.7574199987575,100.0,806.7574199987575,806.7574199987575,606.7574199987575,606.7574199987575,200.0,200.0,1.1648105102698287,1.1648105102698287,1.3296210205396575,1.3296210205396575,1.1648105102698287,1.4944315308094862,606.7574199987575,706.7574199987575,906.7574199987575,3,78,100.0
906.7574199987575,1102.2524733329192,100.0,1006.7574199987575,1202.2524733329192,805.631183332298,1203.3787099993788,201.1262366664596,-1.1262366664595902,1.1255242333696363,0.915964745074714,1.2496505110869092,0.9990641045440631,1.1255242333696363,1.252105764775858,606.7574199987575,906.7574199987575,1506.7574199987575,3,78,300.0
1106.7574199987575,1702.2524733329192,100.0,1206.7574199987575,1802.2524733329192,1005.631183332298,1803.3787099993788,201.1262366664596,-1.1262366664595902,1.1005599650672764,0.9439240154573554,1.2,0.9993754852154931,1.1005599650672764,1.1682279536279339,606.7574199987575,1106.7574199987575,2106.7574199987575,3,78,500.0
1606.7574199987575,3202.252473332919,100.0,1706.7574199987575,3302.252473332919,1505.631183332298,3303.3787099993788,201.1262366664596,-1.1262366664595902,1.0671653441997957,0.9693870289953892,1.1335826720998978,0.9996590652282614,1.0671653441997957,1.0918389130138324,606.7574199987575,1606.7574199987575,3606.7574199987575,3,78,1000.0
2606.7574199987575,6202.252473332919,100.0,2706.7574199987575,6302.252473332919,2505.631183332298,6303.378709999379,201.1262366664596,-1.1262366664595902,1.040359585775896,0.9839568204102924,1.080269689331922,0.9998213280974737,1.040359585775896,1.048129538769123,606.7574199987575,2606.7574199987575,6606.7574199987575,3,78,2000.0
861.3491360098124,861.3491360098124,100.0,961.3491360098124,961.3491360098124,761.3491360098124,761.3491360098124,200.0,200.0,1.1313457850942004,1.1313457850942004,1.262691570188401,1.262691570188401,1.1313457850942004,1.3940373552826013,761.3491360098124,861.3491360098124,1061.3491360098124,3,79,100.0
1061.3491360098124,1238.3773937821388,100.0,1161.3491360098124,1338.3773937821388,892.1604391187429,1153.7830453366041,269.1886968910694,184.5943484455347,1.1896393176301232,1.0733191121046983,1.3017267803949795,1.15999051918091,1.1896393176301232,1.43991467262819,761.3491360098124,1061.3491360098124,1661.3491360098124,3,79,300.0
1261.3491360098124,1838.3773937821388,100.0,1361.3491360098124,1938.3773937821388,1092.160439118743,1753.7830453366041,269.1886968910694,184.5943484455347,1.1549119440982376,1.0482353553767527,1.2464735832294713,1.105254950968069,1.1549119440982376,1.2894121322605163,761.3491360098124,1261.3491360098124,2261.3491360098124,3,79,500.0
1761.3491360098124,3338.377393782139,100.0,1861.3491360098124,3438.377393782139,1592.160439118743,3253.783045336604,269.1886968910694,184.5943484455347,1.1062635980232713,1.0259987673630475,1.1690713387151264,1.056732223960076,1.1062635980232713,1.155992604178285,761.3491360098124,1761.3491360098124,3761.3491360098124,3,79,1000.0
2761.3491360098124,6338.377393782139,100.0,2861.3491360098124,6438.377393782139,2592.160439118743,6253.783045336604,269.1886968910694,184.5943484455347,1.0652693769790686,1.0135269080862368,1.1038472360077316,1.0295172293485917,1.0652693769790686,1.0811614485174212,761.3491360098124,2761.3491360098124,6761.349136009812,3,79,2000.0
803.0107319587842,803.0107319587842,100.0,903.0107319587842,903.0107319587842,703.0107319587842,703.0107319587842,200.0,200.0,1.1422453391591507,1.1422453391591507,1.2844906783183012,1.2844906783183012,1.1422453391591507,1.426736017477452,703.0107319587842,803.0107319587842,1003.0107319587842,3,80,100.0
1003.0107319587842,1163.629024484544,100.0,1103.0107319587842,1263.629024484544,827.2580489690881,1075.752682989696,275.75268298969604,187.87634149484802,1.2124520676573838,1.0816882382766875,1.3333333333333333,1.1746464075485346,1.2124520676573838,1.4901294296601242,703.0107319587842,1003.0107319587842,1603.0107319587842,3,80,300.0
1203.0107319587842,1763.629024484544,100.0,1303.0107319587842,1863.629024484544,1027.2580489690881,1675.752682989696,275.75268298969604,187.87634149484802,1.171089127182867,1.0524399228996422,1.2684356508731467,1.1121145998463564,1.171089127182867,1.3146395373978526,703.0107319587842,1203.0107319587842,2203.010731958784,3,80,500.0
1703.0107319587842,3263.629024484544,100.0,1803.0107319587842,3363.629024484544,1527.2580489690881,3175.752682989696,275.75268298969604,187.87634149484802,1.115077267465266,1.0276710280260615,1.180554087225686,1.0591596261576575,1.115077267465266,1.1660261681563693,703.0107319587842,1703.0107319587842,3703.010731958784,3,80,1000.0
2703.010731958784,6263.629024484544,100.0,2803.010731958784,6363.629024484544,2527.258048969088,6175.752682989696,275.75268298969604,187.87634149484802,1.069542832423222,1.0142292520451623,1.1091114075597386,1.0304216103103236,1.069542832423222,1.085375512270974,703.0107319587842,2703.010731958784,6703.010731958784,3,80,2000.0
706.9697110215202,706.9697110215202,100.0,806.9697110215202,806.9697110215202,606.9697110215202,606.9697110215202,200.0,200.0,1.1647528668798013,1.1647528668798013,1.3295057337596026,1.3295057337596026,1.1647528668798013,1.494258600639404,606.9697110215202,706.9697110215202,906.9697110215202,3,81,100.0
906.9697110215202,1102.3232370071732,100.0,1006.9697110215202,1202.3232370071732,805.8080925179336,1102.3232370071732,201.16161850358662,100.0,1.1255405839714065,1.0,1.2496396106857288,1.0907174925129055,1.1255405839714065,1.3670851347677013,606.9697110215202,906.9697110215202,1506.9697110215202,3,81,300.0
1106.9697110215202,1702.3232370071732,100.0,1206.9697110215202,1802.3232370071732,1005.8080925179336,1702.3232370071732,201.16161850358662,100.0,1.1005774553377665,1.0,1.2,1.0587432502982268,1.1005774553377665,1.237702491053197,606.9697110215202,1106.9697110215202,2106.96971102152,3,81,500.0
1606.9697110215202,3202.3232370071737,100.0,1706.9697110215202,3302.3232370071732,1505.8080925179336,3202.3232370071737,201.16161850358662,99.99999999999955,1.0671809502195126,1.0,1.1335904751097563,1.0312273285983016,1.0671809502195126,1.1263602841019011,606.9697110215202,1606.9697110215202,3606.96971102152,3,81,1000.0
2606.96971102152,6202.323237007173,100.0,2706.96971102152,6302.323237007173,2505.8080925179333,6202.323237007173,201.16161850358685,100.0,1.0403708563339884,1.0,1.0802781422504912,1.016122990721176,1.0403708563339884,1.0652411134588984,606.9697110215202,2606.96971102152,6606.96971102152,3,81,2000.0
699.2172550177202,699.3477125147668,100.0,799.2172550177202,799.3477125147668,599.3477125147668,599.6086275088601,199.86954250295332,199.73908500590676,1.1666303890339662,1.1663403100457106,1.333478443864135,1.333115762252696,1.1666303890339662,1.4996736433790439,599.2172550177202,699.2172550177202,899.2172550177202,3,82,100.0
899.2172550177202,1199.60862750886,100.0,999.2172550177202,1299.60862750886,799.3477125147668,1199.60862750886,199.86954250295332,100.0,1.1249387981467556,1.0,1.2500408012354962,1.0833605208455883,1.1249387981467556,1.2497553123897045,599.2172550177202,899.2172550177202,1499.2172550177202,3,82,300.0
1099.2172550177202,1799.60862750886,100.0,1199.2172550177202,1899.60862750886,999.3477125147668,1799.60862750886,199.86954250295332,100.0,1.0999347286758088,1.0,1.2,1.0555676375804148,1.0999347286758088,1.1664854362937782,599.2172550177202,1099.2172550177202,2099.21725501772,3,82,500.0
1599.2172550177202,3299.60862750886,100.0,1699.2172550177202,3399.60862750886,1499.347712514767,3299.60862750886,199.8695425029532,100.0,1.0666086603323308,1.0,1.1333043301661654,1.0303066245997479,1.0666086603323308,1.0908012620075669,599.2172550177202,1599.2172550177202,3599.21725501772,3,82,1000.0
2599.21725501772,6299.60862750886,100.0,2699.21725501772,6399.60862750886,2499.347712514767,6299.60862750886,199.8695425029532,100.0,1.039958242705841,1.0,1.0799686820293806,1.015874002007573,1.039958242705841,1.0475598795456185,599.2172550177202,2599.21725501772,6599.21725501772,3,82,2000.0
862.4876660411246,862.4876660411246,100.0,962.4876660411246,962.4876660411246,762.4876660411246,762.4876660411246,200.0,200.0,1.1311496624190724,1.1311496624190724,1.262299324838145,1.262299324838145,1.1311496624190724,1.3934489872572176,762.4876660411246,862.4876660411246,1062.4876660411246,3,83,100.0
1062.4876660411246,1238.8834071293886,100.0,1162.4876660411246,1338.8834071293886,808.325110694083,1154.1625553470415,354.1625553470416,184.72085178234715,1.3144311020213144,1.0734046095932064,1.4381437006737716,1.160047517506582,1.3144311020213144,1.4404276575592392,762.4876660411246,1062.4876660411246,1662.4876660411246,3,83,300.0
1262.4876660411246,1838.8834071293886,100.0,1362.4876660411246,1938.8834071293886,1008.325110694083,1754.1625553470415,354.1625553470416,184.72085178234715,1.2520640938636232,1.0482970358272106,1.3512384563181739,1.105304295328435,1.2520640938636232,1.289782214963263,762.4876660411246,1262.4876660411246,2262.4876660411246,3,83,500.0
1762.4876660411246,3338.8834071293886,100.0,1862.4876660411246,3438.8834071293886,1508.325110694083,3254.1625553470412,354.1625553470417,184.72085178234738,1.168506480164667,1.026034609624261,1.2348051841317336,1.056764481995168,1.168506480164667,1.1562076577455649,762.4876660411246,1762.4876660411246,3762.4876660411246,3,83,1000.0
2762.4876660411246,6338.883407129389,100.0,2862.4876660411246,6438.883407129389,2508.325110694083,6254.162555347042,354.1625553470417,184.72085178234647,1.1013275967550762,1.0135463143198786,1.1411948370795686,1.0295356652705514,1.1013275967550762,1.0812778859192724,762.4876660411246,2762.4876660411246,6762.487666041125,3,83,2000.0
825.5346649908461,825.5346649908461,100.0,925.5346649908461,925.5346649908461,734.8428318669903,744.1509987431346,190.69183312385576,181.38366624771152,1.1234166398458811,1.1093644520872348,1.259500160924713,1.243745780834894,1.1234166398458811,1.3781271095825531,725.5346649908461,825.5346649908461,1025.534664990846,3,84,100.0
1025.534664990846,1172.0754993715673,100.0,1125.534664990846,1272.0754993715673,934.8428318669903,1172.0754993715673,190.69183312385576,100.0,1.0970129202817265,1.0,1.203982772957698,1.0853187359121637,1.0970129202817265,1.386885627984213,725.5346649908461,1025.534664990846,1625.534664990846,3,84,300.0
1225.534664990846,1772.0754993715673,100.0,1325.534664990846,1872.0754993715673,1134.8428318669903,1772.0754993715673,190.69183312385576,100.0,1.0799157650532574,1.0,1.168033693978697,1.0564310042294829,1.0799157650532574,1.2558915609295933,725.5346649908461,1225.534664990846,2225.534664990846,3,84,500.0
1725.534664990846,3272.0754993715673,100.0,1825.534664990846,3372.0754993715673,1634.8428318669903,3272.0754993715673,190.69183312385576,100.0,1.0554743436837202,1.0,1.116642303105116,1.0305616419973211,1.0554743436837202,1.138584566800604,725.5346649908461,1725.534664990846,3725.534664990846,3,84,1000.0
2725.534664990846,6272.075499371567,100.0,2825.534664990846,6372.075499371567,2634.8428318669903,6272.075499371567,190.69183312385576,100.0,1.0344202060278462,1.0,1.0723731339181002,1.0159436856284685,1.0344202060278462,1.0722981038198143,725.5346649908461,2725.534664990846,6725.534664990846,3,84,2000.0
804.9848819733597,804.9848819733597,100.0,904.9848819733597,904.9848819733597,716.8617717266898,716.8617717266898,188.12311024666997,188.12311024666997,1.122929013266267,1.122929013266267,1.2624259204023975,1.2624259204023975,1.122929013266267,1.401922827538528,704.9848819733597,804.9848819733597,1004.9848819733597,3,85,100.0
1004.9848819733597,1252.4924409866799,100.0,1104.9848819733597,1352.4924409866799,916.8617717266898,1252.4924409866799,188.12311024666997,100.0,1.096113845035453,1.0,1.2051815399527293,1.0798408012117204,1.096113845035453,1.281432789094516,704.9848819733597,1004.9848819733597,1604.9848819733597,3,85,300.0
1204.9848819733597,1852.4924409866799,100.0,1304.9848819733597,1952.4924409866799,1116.8617717266898,1852.4924409866799,188.12311024666997,100.0,1.0789024322234881,1.0,1.1684390271106047,1.0539813268801992,1.0789024322234881,1.1902800967970129,704.9848819733597,1204.9848819733597,2204.9848819733597,3,85,500.0
1704.9848819733597,3352.49244098668,100.0,1804.9848819733597,3452.49244098668,1616.8617717266898,3352.49244098668,188.12311024666997,100.0,1.0545025627964233,1.0,1.116350768838927,1.0298285534599352,1.0545025627964233,1.1051433962019426,704.9848819733597,1704.9848819733597,3704.9848819733597,3,85,1000.0
2704.9848819733597,6352.49244098668,100.0,2804.9848819733597,6452.49244098668,2616.8617717266898,6352.49244098668,188.12311024666997,100.0,1.0336751108517754,1.0,1.071888822053654,1.0157418526553128,1.0336751108517754,1.0554888406812382,704.9848819733597,2704.9848819733597,6704.98488197336,3,85,2000.0
732.1717832688591,741.861528516165,100.0,832.1717832688591,841.861528516165,722.4820380215533,741.861528516165,109.68974524730584,100.0,1.0134117455346576,1.0,1.151823491069315,1.134796045024757,1.1384117455346576,1.3782653483415856,722.4820380215533,822.4820380215533,1022.4820380215533,3,86,100.0
932.1717832688591,1170.9307642580825,100.0,1032.1717832688591,1270.9307642580825,841.861528516165,1170.9307642580825,190.31025475269416,100.0,1.1072744764948124,1.0,1.226058856838521,1.0854021459273566,1.2145489529896247,1.385634477756317,722.4820380215533,1022.4820380215533,1622.4820380215533,3,86,300.0
1132.1717832688591,1770.9307642580825,100.0,1232.1717832688591,1870.9307642580825,1041.861528516165,1770.9307642580825,190.31025475269416,100.0,1.0866816292576955,1.0,1.1826636741484609,1.0564674814048387,1.173363258515391,1.2549796315457,722.4820380215533,1222.4820380215533,2222.4820380215533,3,86,500.0
1632.1717832688591,3270.9307642580825,100.0,1732.1717832688591,3370.9307642580825,1541.861528516165,3270.9307642580825,190.31025475269416,100.0,1.0585722213586881,1.0,1.1234288885434753,1.030572337725003,1.1171444427173765,1.1380497804165208,722.4820380215533,1722.4820380215533,3722.4820380215533,3,86,1000.0
2632.171783268859,6270.9307642580825,100.0,2732.171783268859,6370.9307642580825,2541.861528516165,6270.9307642580825,190.31025475269416,100.0,1.035529179595166,1.0,1.0748704257166162,1.0159465960890466,1.0710583591903322,1.0720070577620058,722.4820380215533,2722.4820380215533,6722.482038021553,3,86,2000.0
705.5404000217095,705.5404000217095,100.0,805.5404000217095,805.5404000217095,605.5404000217095,605.5404000217095,200.0,200.0,1.1651417477618584,1.1651417477618584,1.3302834955237168,1.3302834955237168,1.1651417477618584,1.4954252432855752,605.5404000217095,705.5404000217095,905.5404000217095,3,87,100.0
905.5404000217095,1104.6170000180914,100.0,1005.5404000217095,1204.6170000180914,804.6170000180913,1101.8468000072364,200.9234000036182,102.77020001085498,1.1254303600363267,1.0025141426292992,1.2497130933091154,1.0932708612578264,1.1254303600363267,1.366379064686508,605.5404000217095,905.5404000217095,1505.5404000217095,3,87,300.0
1105.5404000217095,1701.8468000072364,100.0,1205.5404000217095,1801.8468000072364,1004.6170000180913,1701.8468000072364,200.9234000036182,100.0,1.1004595781295765,1.0,1.2,1.0587596956433298,1.1004595781295765,1.2372091307001056,605.5404000217095,1105.5404000217095,2105.5404000217095,3,87,500.0
1605.5404000217095,3201.846800007236,100.0,1705.5404000217095,3301.846800007236,1504.6170000180914,3201.846800007236,200.9234000036181,100.0,1.0670758073332978,1.0,1.1335379036666489,1.0312319752462153,1.0670758073332978,1.1260814852270762,605.5404000217095,1605.5404000217095,3605.5404000217095,3,87,1000.0
2605.5404000217095,6201.846800007237,100.0,2705.5404000217095,6301.846800007237,2504.6170000180914,6201.846800007237,200.9234000036181,100.0,1.0402949432998694,1.0,1.080221207474902,1.0161242293182546,1.0402949432998694,1.065092481809451,605.5404000217095,2605.5404000217095,6605.5404000217095,3,87,2000.0
827.7184010017663,827.7184010017663,100.0,927.7184010017663,927.7184010017663,736.7536008765455,745.7888007513247,190.9648001252208,181.92960025044158,1.1234670587520663,1.1098563027064818,1.2591976474876028,1.2439425210825927,1.1234670587520663,1.3780287394587036,727.7184010017663,827.7184010017663,1027.7184010017663,3,88,100.0
1027.7184010017663,1172.8944003756624,100.0,1127.7184010017663,1272.8944003756624,936.7536008765455,1172.8944003756624,190.9648001252208,100.0,1.097106432299916,1.0,1.2038580902667786,1.085259167379409,1.097106432299916,1.3877791559755337,727.7184010017663,1027.7184010017663,1627.7184010017663,3,88,300.0
1227.7184010017663,1772.8944003756624,100.0,1327.7184010017663,1872.8944003756624,1136.7536008765455,1772.8944003756624,190.9648001252208,100.0,1.0800215632086656,1.0,1.1679913747165338,1.0564049387142351,1.0800215632086656,1.2565431988107867,727.7184010017663,1227.7184010017663,2227.7184010017663,3,88,500.0
1727.7184010017663,3272.8944003756624,100.0,1827.7184010017663,3372.8944003756624,1636.7536008765455,3272.8944003756624,190.9648001252208,100.0,1.0555763555837028,1.0,1.1166729066751109,1.030553995261357,1.0555763555837028,1.1389669035988144,727.7184010017663,1727.7184010017663,3727.7184010017663,3,88,1000.0
2727.7184010017663,6272.894400375662,100.0,2827.7184010017663,6372.894400375662,2636.7536008765455,6272.894400375662,190.9648001252208,100.0,1.0344987867258362,1.0,1.0724242113717937,1.0159416042447664,1.0344987867258362,1.0725062421900273,727.7184010017663,2727.7184010017663,6727.718401001766,3,88,2000.0
861.2751360284165,861.2751360284165,100.0,961.2751360284165,961.2751360284165,761.2751360284165,761.2751360284165,200.0,200.0,1.1313585526012335,1.1313585526012335,1.2627171052024673,1.2627171052024673,1.1313585526012335,1.3940756578037008,761.2751360284165,861.2751360284165,1061.2751360284165,3,89,100.0
1061.2751360284165,1238.3445049015183,100.0,1161.2751360284165,1338.3445049015183,892.1028835776573,1153.7583786761388,269.1722524507592,184.58612622537953,1.1896331191894782,1.073313553156976,1.3017278134684203,1.1599868132157618,1.1896331191894782,1.4398813189418562,761.2751360284165,1061.2751360284165,1661.2751360284165,3,89,300.0
1261.2751360284165,1838.3445049015183,100.0,1361.2751360284165,1938.3445049015183,1092.1028835776574,1753.7583786761388,269.17225245075906,184.58612622537953,1.1549050506089333,1.0482313454657484,1.24647151518268,1.1052517430392652,1.1549050506089333,1.2893880727944902,761.2751360284165,1261.2751360284165,2261.2751360284165,3,89,500.0
1761.2751360284165,3338.344504901518,100.0,1861.2751360284165,3438.344504901518,1592.1028835776574,3253.758378676139,269.17225245075906,184.5861262253793,1.1062571107657362,1.0259964374674295,1.1690671219977284,1.05673012705402,1.1062571107657362,1.155978624804578,761.2751360284165,1761.2751360284165,3761.2751360284165,3,89,1000.0
2761.2751360284165,6338.344504901519,100.0,2861.2751360284165,6438.344504901519,2592.1028835776574,6253.758378676139,269.17225245075906,184.5861262253802,1.0652644821787571,1.0135256466757332,1.1038431977974748,1.0295160310086133,1.0652644821787571,1.0811538800543992,761.2751360284165,2761.2751360284165,6761.2751360284165,3,89,2000.0
817.0455470331945,817.0455470331945,100.0,917.0455470331945,917.0455470331945,727.4148536540451,727.4148536540451,189.6306933791493,189.6306933791493,1.1232181236455439,1.1232181236455439,1.260691258126737,1.260691258126737,1.1232181236455439,1.3981643926079301,717.0455470331945,817.0455470331945,1017.0455470331945,3,90,100.0
1017.0455470331945,1168.892080137448,100.0,1117.0455470331945,1268.892080137448,927.4148536540451,1168.892080137448,189.6306933791493,100.0,1.096645738448119,1.0,1.2044723487358415,1.085551097230671,1.096645738448119,1.3834002082066028,717.0455470331945,1017.0455470331945,1617.0455470331945,3,90,300.0
1217.0455470331945,1768.892080137448,100.0,1317.0455470331945,1868.892080137448,1127.4148536540451,1768.892080137448,189.6306933791493,100.0,1.0795010754813534,1.0,1.1681995698074585,1.0565325613263132,1.0795010754813534,1.2533526335088367,717.0455470331945,1217.0455470331945,2217.0455470331945,3,90,500.0
1717.0455470331945,3268.892080137448,100.0,1817.0455470331945,3368.892080137448,1627.4148536540451,3268.892080137448,189.6306933791493,100.0,1.0550755040596447,1.0,1.1165226512178934,1.0305914045335494,1.0550755040596447,1.1370964399892036,717.0455470331945,1717.0455470331945,3717.0455470331945,3,90,1000.0
2717.0455470331945,6268.892080137448,100.0,2817.0455470331945,6368.892080137448,2627.414853654045,6268.892080137448,189.6306933791493,100.0,1.0341136433991367,1.0,1.0721738682094388,1.015951782024904,1.0341136433991367,1.07148846417626,717.0455470331945,2717.0455470331945,6717.045547033194,3,90,2000.0
769.5967770065181,769.5967770065181,100.0,869.5967770065181,869.5967770065181,673.9400945770154,678.283412147513,195.65668242950267,191.3133648590051,1.1419364765492097,1.1346242046077728,1.2903176172539528,1.282055202047899,1.1419364765492097,1.429486199488025,669.5967770065181,769.5967770065181,969.5967770065181,3,91,100.0
969.5967770065181,1091.313364859005,100.0,1069.596777006518,1191.313364859005,873.9400945770154,1186.9700472885077,195.65668242950267,4.343317570497447,1.109454507263224,0.9194110393535044,1.2238788260701094,1.0036591635824503,1.109454507263224,1.3223558425859825,669.5967770065181,969.5967770065181,1569.596777006518,3,91,300.0
1169.596777006518,1691.313364859005,100.0,1269.596777006518,1791.313364859005,1073.9400945770153,1786.9700472885077,195.65668242950278,4.343317570497447,1.0890707804956088,0.9464699016222186,1.1821858439008786,1.002430548613329,1.0890707804956088,1.2141203935111258,669.5967770065181,1169.596777006518,2169.596777006518,3,91,500.0
1669.596777006518,3191.313364859005,100.0,1769.596777006518,3291.313364859005,1573.9400945770153,3286.970047288508,195.65668242950278,4.34331757049722,1.0607753006350662,0.9708982190122444,1.1243101202540267,1.0013213742468021,1.0607753006350662,1.116407123951022,669.5967770065181,1669.596777006518,3669.596777006518,3,91,1000.0
2669.596777006518,6191.313364859005,100.0,2769.596777006518,6291.313364859005,2573.9400945770153,6286.970047288508,195.65668242950278,4.343317570496765,1.0371635232036052,0.9847849311019449,1.0760144662425237,1.0006908443237088,1.0371635232036052,1.0608602755922198,669.5967770065181,2669.596777006518,6669.596777006518,3,91,2000.0
799.7464059968479,799.7464059968479,100.0,899.7464059968479,899.7464059968479,699.7464059968479,699.7464059968479,200.0,200.0,1.1429089154913794,1.1429089154913794,1.2858178309827588,1.2858178309827588,1.1429089154913794,1.4287267464741382,699.7464059968479,799.7464059968479,999.7464059968479,3,92,100.0
999.7464059968479,1249.873202998424,100.0,1099.746405996848,1349.873202998424,824.8098044976359,1249.873202998424,274.936601499212,100.0,1.212093261434689,1.0,1.3333333333333333,1.0800081158313513,1.212093261434689,1.279926957517838,699.7464059968479,999.7464059968479,1599.746405996848,3,92,300.0
1199.746405996848,1849.873202998424,100.0,1299.746405996848,1949.873202998424,1024.809804497636,1849.873202998424,274.936601499212,100.0,1.1707015299145838,1.0,1.2682806119658334,1.054057759114469,1.1707015299145838,1.189133613282965,699.7464059968479,1199.746405996848,2199.746405996848,3,92,500.0
1699.746405996848,3349.873202998424,100.0,1799.746405996848,3449.873202998424,1524.809804497636,3349.873202998424,274.936601499212,100.0,1.1147268341161058,1.0,1.180308783881274,1.0298518761577278,1.1147268341161058,1.1044437152681652,699.7464059968479,1699.746405996848,3699.746405996848,3,92,1000.0
2699.746405996848,6349.873202998424,100.0,2799.746405996848,6449.873202998424,2524.809804497636,6349.873202998424,274.936601499212,100.0,1.0692870414189553,1.0,1.108893985206112,1.0157483459595351,1.0692870414189553,1.055099242427898,699.7464059968479,2699.746405996848,6699.746405996848,3,92,2000.0
710.6394529924728,710.6394529924728,100.0,810.6394529924728,810.6394529924728,610.6394529924728,610.6394529924728,200.0,200.0,1.1637627564186106,1.1637627564186106,1.3275255128372214,1.3275255128372214,1.1637627564186106,1.491288269255832,610.6394529924728,710.6394529924728,910.6394529924728,3,93,100.0
910.6394529924728,1103.5464843308241,100.0,1010.6394529924728,1203.5464843308241,808.8662108270607,1103.5464843308241,201.77324216541206,100.0,1.125822096167609,1.0,1.2494519358882603,1.0906169349636763,1.125822096167609,1.3688951706538257,610.6394529924728,910.6394529924728,1510.6394529924728,3,93,300.0
1110.6394529924728,1703.5464843308241,100.0,1210.6394529924728,1803.5464843308241,1008.8662108270607,1703.5464843308241,201.77324216541206,100.0,1.1008788291977576,1.0,1.2,1.0587010691635346,1.1008788291977576,1.238967925093961,610.6394529924728,1110.6394529924728,2110.639452992473,3,93,500.0
1610.6394529924728,3203.5464843308246,100.0,1710.6394529924728,3303.546484330824,1508.8662108270607,3203.5464843308246,201.77324216541206,99.99999999999955,1.0674501433163028,1.0,1.1337250716581513,1.0312154047051039,1.0674501433163028,1.127075717693756,610.6394529924728,1610.6394529924728,3610.639452992473,3,93,1000.0
2610.639452992473,6203.546484330824,100.0,2710.639452992473,6303.546484330824,2508.8662108270605,6203.546484330824,201.77324216541228,100.0,1.040565432196507,1.0,1.0804240741473803,1.0161198115066252,1.040565432196507,1.0656226192049825,610.6394529924728,2610.639452992473,6610.639452992473,3,93,2000.0
710.6490119709633,710.6490119709633,100.0,810.6490119709633,810.6490119709633,610.6490119709633,610.6490119709633,200.0,200.0,1.1637601929089096,1.1637601929089096,1.3275203858178193,1.3275203858178193,1.1637601929089096,1.4912805787267287,610.6490119709633,710.6490119709633,910.6490119709633,3,94,100.0
910.6490119709633,1108.8741766424696,100.0,1010.6490119709633,1208.8741766424696,808.8741766424695,1205.3245059854817,201.77483532849385,3.549670656987928,1.1258228266736712,0.9199797823208169,1.2494514488842192,1.002944991692578,1.1258228266736712,1.2533131156541502,610.6490119709633,910.6490119709633,1510.6490119709633,3,94,300.0
1110.6490119709633,1703.5496706569877,100.0,1210.6490119709633,1803.5496706569877,1008.8741766424695,1805.3245059854817,201.77483532849385,-1.774835328493964,1.10087961183346,0.9436251848401417,1.2,0.9990168884748367,1.10087961183346,1.1691244454795746,610.6490119709633,1110.6490119709633,2110.6490119709633,3,94,500.0
1610.6490119709633,3203.5496706569875,100.0,1710.6490119709633,3303.5496706569875,1508.8741766424696,3305.3245059854817,201.77483532849374,-1.7748353284941913,1.067450843088164,0.9692088219646228,1.133725421544082,0.9994630374944184,1.067450843088164,1.0923735341061314,610.6490119709633,1610.6490119709633,3610.6490119709633,3,94,1000.0
2610.6490119709633,6203.549670656988,100.0,2710.6490119709633,6303.549670656988,2508.8741766424696,6305.324505985482,201.77483532849374,-1.7748353284932818,1.0405659384101498,0.9838589060353863,1.0804244538076124,0.9997185180038223,1.0405659384101498,1.0484232818938415,610.6490119709633,2610.6490119709633,6610.649011970963,3,94,2000.0
698.676935012918,698.8974458440983,100.0,798.676935012918,798.8974458440983,598.676935012918,599.1179566752786,200.0,199.77948916881974,1.167034996926752,1.166543980291514,1.3340699938535039,1.3334560197084864,1.167034996926752,1.5,598.676935012918,698.676935012918,898.676935012918,3,95,100.0
898.676935012918,1099.5589783376392,100.0,998.676935012918,1199.5589783376392,699.1179566752786,1099.5589783376392,299.55897833763936,100.0,1.2854439317889372,1.0,1.4284813105963123,1.0909455535993025,1.2854439317889372,1.3629800352125563,598.676935012918,898.676935012918,1498.676935012918,3,95,300.0
1098.676935012918,1699.5589783376392,100.0,1198.676935012918,1799.5589783376392,899.1179566752786,1699.5589783376392,299.55897833763936,100.0,1.221949719562448,1.0,1.3331698317374687,1.0588387936368124,1.221949719562448,1.2348361908956293,598.676935012918,1098.676935012918,2098.676935012918,3,95,500.0
1598.676935012918,3199.558978337639,100.0,1698.676935012918,3299.558978337639,1399.1179566752785,3199.558978337639,299.5589783376395,100.0,1.14263198995162,1.0,1.214105591961296,1.0312543074458205,1.14263198995162,1.1247415532507685,598.676935012918,1598.676935012918,3598.676935012918,3,95,1000.0
2598.676935012918,6199.55897833764,100.0,2698.676935012918,6299.55897833764,2399.1179566752785,6199.55897833764,299.5589783376395,100.0,1.0831801445120233,1.0,1.1248621300608208,1.01613017963849,1.0831801445120233,1.0643784433811934,598.676935012918,2598.676935012918,6598.676935012918,3,95,2000.0
758.0331499571912,758.0331499571912,100.0,858.0331499571912,858.0331499571912,658.0331499571912,670.0236785408508,200.0,188.00947141634038,1.151968027760464,1.1313527778719756,1.303936055520928,1.280601234609767,1.151968027760464,1.4298496913475582,658.0331499571912,758.0331499571912,958.0331499571912,3,96,100.0
958.0331499571912,1088.0094714163404,100.0,1058.0331499571912,1188.0094714163404,770.0236785408508,1182.0142071245104,288.0094714163404,5.995264291829926,1.2441606364269306,0.9204707226515867,1.374026772737822,1.00507207464656,1.2441606364269306,1.3181171093936537,658.0331499571912,958.0331499571912,1558.0331499571912,3,96,300.0
1158.0331499571912,1688.0094714163404,100.0,1258.0331499571912,1788.0094714163404,970.0236785408508,1782.0142071245104,288.0094714163404,5.995264291829926,1.1938194660352537,0.9472480436281944,1.296909733017627,1.0033643190205,1.1938194660352537,1.211007825487223,658.0331499571912,1158.0331499571912,2158.033149957191,3,96,500.0
1658.0331499571912,3188.0094714163406,100.0,1758.0331499571912,3288.0094714163406,1470.0236785408508,3282.0142071245104,288.0094714163404,5.9952642918301535,1.1278955394806696,0.9713576085368226,1.195921654610502,1.0018267027238383,1.1278955394806696,1.1145695658527097,658.0331499571912,1658.0331499571912,3658.033149957191,3,96,1000.0
2658.033149957191,6188.009471416341,100.0,2758.033149957191,6288.009471416341,2470.023678540851,6282.01420712451,288.00947141634015,5.995264291830608,1.0761164652184247,0.9850358925324368,1.1166019070661215,1.0009543538257255,1.0761164652184247,1.059856429870253,658.0331499571912,2658.033149957191,6658.033149957191,3,96,2000.0
817.6160939852707,817.6160939852707,100.0,917.6160939852707,917.6160939852707,727.9140822371119,727.9140822371119,189.70201174815884,189.70201174815884,1.1232315927622611,1.1232315927622611,1.2606104434264331,1.2606104434264331,1.1232315927622611,1.3979892940906051,717.6160939852707,817.6160939852707,1017.6160939852707,3,97,100.0
1017.6160939852707,1169.1060352444765,100.0,1117.6160939852707,1269.1060352444765,927.9140822371119,1169.1060352444765,189.70201174815884,100.0,1.0966706007218856,1.0,1.2044391990374859,1.0855354407430533,1.0966706007218856,1.3836350555208659,717.6160939852707,1017.6160939852707,1617.6160939852707,3,97,300.0
1217.6160939852707,1769.1060352444765,100.0,1317.6160939852707,1869.1060352444765,1127.9140822371119,1769.1060352444765,189.70201174815884,100.0,1.0795291176525106,1.0,1.1681883529389958,1.0565257242967807,1.0795291176525106,1.2535235592471503,717.6160939852707,1217.6160939852707,2217.6160939852707,3,97,500.0
1717.6160939852707,3269.1060352444765,100.0,1817.6160939852707,3369.1060352444765,1627.9140822371119,3269.1060352444765,189.70201174815884,100.0,1.0551024238483695,1.0,1.1165307271545108,1.0305894023998894,1.0551024238483695,1.1371965466722014,717.6160939852707,1717.6160939852707,3717.6160939852707,3,97,1000.0
2717.6160939852707,6269.1060352444765,100.0,2817.6160939852707,6369.1060352444765,2627.914082237112,6269.1060352444765,189.70201174815884,100.0,1.034134301556692,1.0,1.0721872960118497,1.0159512376147104,1.034134301556692,1.0715429051956216,717.6160939852707,2717.6160939852707,6717.616093985271,3,97,2000.0
740.3964909841307,740.3964909841307,100.0,840.3964909841307,840.3964909841307,640.3964909841307,640.3964909841307,200.0,200.0,1.1561532603751854,1.1561532603751854,1.3123065207503708,1.3123065207503708,1.1561532603751854,1.4684597811255562,640.3964909841307,740.3964909841307,940.3964909841307,3,98,100.0
940.3964909841307,1265.9408519909318,100.0,1040.3964909841307,1365.9408519909318,757.4260649886647,1082.970425995466,282.9704259954659,282.9704259954658,1.2415686948906415,1.168952375432856,1.3735947824817736,1.2612910003847608,1.2415686948906415,1.4223809385821398,640.3964909841307,940.3964909841307,1540.3964909841307,3,98,300.0
1140.3964909841307,1865.9408519909318,100.0,1240.3964909841307,1965.9408519909318,957.4260649886647,1682.970425995466,282.9704259954659,282.9704259954658,1.1911065853399678,1.1087187410837835,1.295553292669984,1.168137491678198,1.1911065853399678,1.2717968527094587,640.3964909841307,1140.3964909841307,2140.3964909841307,3,98,500.0
1640.3964909841307,3365.940851990932,100.0,1740.3964909841307,3465.940851990932,1457.4260649886646,3182.970425995466,282.97042599546603,282.97042599546603,1.1255435389766335,1.057484174059909,1.1941576542324752,1.088901368257912,1.1255435389766335,1.1437104351497722,640.3964909841307,1640.3964909841307,3640.3964909841307,3,98,1000.0
2640.3964909841307,6365.940851990932,100.0,2740.3964909841307,6465.940851990932,2457.4260649886646,6182.970425995466,282.97042599546603,282.97042599546603,1.0744561265147605,1.029592641301694,1.1151491107004154,1.0457660972799991,1.0744561265147605,1.0739816032542349,640.3964909841307,2640.3964909841307,6640.396490984131,3,98,2000.0
759.0622040093876,759.0622040093876,100.0,859.0622040093876,859.0622040093876,659.0622040093876,670.7587171495626,200.0,188.30348685982506,1.151730746190045,1.1316471699914346,1.3034614923800898,1.2807320755517486,1.151730746190045,1.429816981112063,659.0622040093876,759.0622040093876,959.0622040093876,3,99,100.0
959.0622040093876,1182.4552302897375,100.0,1059.0622040093876,1282.4552302897375,770.7587171495626,1088.3034868598252,288.30348685982506,194.15174342991236,1.2443092535576026,1.0865123971086195,1.3740515422596005,1.1783985310844818,1.2443092535576026,1.4325619855430978,659.0622040093876,959.0622040093876,1559.0622040093876,3,99,300.0
1159.0622040093876,1782.4552302897375,100.0,1259.0622040093876,1882.4552302897375,970.7587171495626,1688.3034868598252,288.30348685982506,194.15174342991236,1.1939755817107058,1.055767072782057,1.2969877908553529,1.1149981297444493,1.1939755817107058,1.278835363910285,659.0622040093876,1159.0622040093876,2159.0622040093876,3,99,500.0
1659.0622040093876,3282.4552302897373,100.0,1759.0622040093876,3382.4552302897373,1470.7587171495625,3188.303486859825,288.30348685982517,194.15174342991213,1.1280315286689384,1.0295303580157742,1.1960236465017038,1.0608950008147227,1.1280315286689384,1.147651790078872,659.0622040093876,1659.0622040093876,3659.0622040093876,3,99,1000.0
2659.0622040093876,6282.455230289737,100.0,2759.0622040093876,6382.455230289737,2470.7587171495625,6188.303486859825,288.30348685982517,194.15174342991213,1.07621281898261,1.0152144676856643,1.1166862166097837,1.0313739854294754,1.07621281898261,1.0760723384283215,659.0622040093876,2659.0622040093876,6659.062204009388,3,99,2000.0
702.6449710479937,702.6449710479937,100.0,802.6449710479937,802.6449710479937,602.6449710479937,602.6449710479937,200.0,200.0,1.165935177101206,1.165935177101206,1.331870354202412,1.331870354202412,1.165935177101206,1.497805531303618,602.6449710479937,702.6449710479937,902.6449710479937,3,100,100.0
902.6449710479937,1201.3224855239969,100.0,1002.6449710479937,1301.3224855239969,802.2041425399948,1100.881657015998,200.44082850799896,200.44082850799896,1.1252060706018996,1.091236717287351,1.2498626195987335,1.1820730023346062,1.1252060706018996,1.3649468691494036,602.6449710479937,902.6449710479937,1502.6449710479937,3,100,300.0
1102.6449710479937,1801.3224855239969,100.0,1202.6449710479937,1901.3224855239969,1002.2041425399948,1700.881657015998,200.44082850799896,200.44082850799896,1.100219929498037,1.0590522145345556,1.2,1.1178452525966147,1.100219929498037,1.236208858138222,602.6449710479937,1102.6449710479937,2102.6449710479937,3,100,500.0
1602.6449710479937,3301.322485523997,100.0,1702.6449710479937,3401.322485523997,1502.2041425399948,3200.881657015998,200.44082850799896,200.44082850799896,1.0668623029744606,1.0313791134039096,1.1334311514872304,1.0626205058436489,1.0668623029744606,1.1255164536156383,602.6449710479937,1602.6449710479937,3602.6449710479937,3,100,1000.0
2602.6449710479937,6301.322485523997,100.0,2702.6449710479937,6401.322485523997,2502.204142539995,6200.881657015998,200.44082850799896,200.44082850799896,1.0401409408610607,1.016197830254405,1.0801057056457954,1.0323245692459249,1.0401409408610607,1.06479132101762,602.6449710479937,2602.6449710479937,6602.644971047994,3,100,2000.0
707.861265358224,721.0239417356206,100.0,807.861265358224,821.0239417356206,694.6985889808275,694.6985889808275,113.16267637739656,126.32535275479313,1.018947319868185,1.0378946397363702,1.1628946397363702,1.1818419596045553,1.143947319868185,1.4318419596045553,694.6985889808275,794.6985889808275,994.6985889808275,3,101,100.0
907.861265358224,1247.3492944904137,100.0,1007.861265358224,1347.3492944904137,734.1866181130172,1160.5119708678103,273.67464724520687,186.83732362260344,1.2365538174634398,1.0748267366494013,1.37275896957724,1.160995602210712,1.3548307261951598,1.374133683247007,694.6985889808275,994.6985889808275,1594.6985889808275,3,101,300.0
1107.861265358224,1847.3492944904137,100.0,1207.861265358224,1947.3492944904137,934.1866181130172,1760.5119708678103,273.67464724520687,186.83732362260344,1.1859100139927243,1.0493250401357956,1.2929550069963622,1.1061266987753031,1.2788650209890866,1.2466252006789782,694.6985889808275,1194.6985889808275,2194.6985889808275,3,101,500.0
1607.861265358224,3347.3492944904137,100.0,1707.861265358224,3447.3492944904137,1434.1866181130172,3260.5119708678103,273.67464724520687,186.83732362260344,1.1210962681228427,1.0266330332164035,1.1908222010921319,1.0573030632280964,1.181644402184264,1.1331651660820172,694.6985889808275,1694.6985889808275,3694.6985889808275,3,101,1000.0
2607.861265358224,6347.349294490414,100.0,2707.861265358224,6447.349294490414,2434.186618113017,6260.51197086781,273.67464724520687,186.83732362260344,1.0713481234153852,1.0138706425331803,1.1124296079884621,1.0298437770731879,1.107022185123078,1.0693532126659016,694.6985889808275,2694.6985889808275,6694.6985889808275,3,101,2000.0
697.2087709815241,697.6739758179368,100.0,797.2087709815241,797.6739758179368,597.2087709815241,598.1391806543494,200.0,199.53479516358743,1.1674456318443684,1.166407415502691,1.3348912636887367,1.3335925844973093,1.1674456318443684,1.5,597.2087709815241,697.2087709815241,897.2087709815241,3,102,100.0
897.2087709815241,1198.604385490762,100.0,997.2087709815241,1298.604385490762,698.1391806543494,1099.0695903271746,299.06959032717475,199.53479516358743,1.2851431288251027,1.0905627778619165,1.428381042941701,1.1815488272259351,1.2851431288251027,1.3622511114476656,597.2087709815241,897.2087709815241,1497.2087709815241,3,102,300.0
1097.2087709815241,1798.604385490762,100.0,1197.2087709815241,1898.604385490762,898.1391806543494,1699.0695903271746,299.06959032717475,199.53479516358743,1.2216467053381863,1.0585819413932427,1.3329880232029119,1.1174376825408103,1.2216467053381863,1.2343277655729707,597.2087709815241,1097.2087709815241,2097.208770981524,3,102,500.0
1597.2087709815241,3298.604385490762,100.0,1697.2087709815241,3398.604385490762,1398.1391806543493,3199.0695903271744,299.06959032717486,199.53479516358766,1.142381812255635,1.0311136698821886,1.213905449804508,1.0623727585567093,1.142381812255635,1.1244546795287536,597.2087709815241,1597.2087709815241,3597.208770981524,3,102,1000.0
2597.208770981524,6298.604385490762,100.0,2697.208770981524,6398.604385490762,2398.1391806543493,6199.069590327175,299.06959032717486,199.53479516358675,1.0830100237438502,1.0160564087421922,1.124709021369465,1.0321878617841191,1.0830100237438502,1.0642256349687689,597.2087709815241,2597.208770981524,6597.208770981524,3,102,2000.0
807.891243044287,807.891243044287,100.0,907.891243044287,907.891243044287,707.891243044287,707.891243044287,200.0,200.0,1.1412646377287419,1.1412646377287419,1.2825292754574837,1.2825292754574837,1.1412646377287419,1.4237939131862258,707.891243044287,807.891243044287,1007.891243044287,3,103,100.0
1007.891243044287,1165.4592161416076,100.0,1107.891243044287,1265.4592161416076,830.9184322832152,1165.4592161416076,276.97281076107174,100.0,1.2129845769274634,1.0,1.3333333333333333,1.0858030882719878,1.2129845769274634,1.3796203425868505,707.891243044287,1007.891243044287,1607.891243044287,3,103,300.0
1207.891243044287,1765.4592161416076,100.0,1307.891243044287,1865.4592161416076,1030.9184322832152,1765.4592161416076,276.97281076107174,100.0,1.1716651921424308,1.0,1.2686660768569724,1.0566424866038815,1.1716651921424308,1.2506045015696312,707.891243044287,1207.891243044287,2207.891243044287,3,103,500.0
1707.891243044287,3265.4592161416076,100.0,1807.891243044287,3365.4592161416076,1530.9184322832152,3265.4592161416076,276.97281076107174,100.0,1.1155991116372765,1.0,1.1809193781460936,1.030623564215926,1.1155991116372765,1.135488455870365,707.891243044287,1707.891243044287,3707.891243044287,3,103,1000.0
2707.891243044287,6265.459216141608,100.0,2807.891243044287,6365.459216141608,2530.918432283215,6265.459216141608,276.97281076107174,100.0,1.0699243438680952,1.0,1.1094356922878807,1.0159605220543726,1.0699243438680952,1.0706144612294097,707.891243044287,2707.891243044287,6707.891243044287,3,103,2000.0
766.0712360171601,766.0712360171601,100.0,866.0712360171601,866.0712360171601,670.9182023004229,675.7651685836859,195.15303371673724,190.30606743347425,1.1418250889459842,1.1336352798750249,1.2908745552700802,1.2816156799444554,1.1418250889459842,1.429596080013886,666.0712360171601,766.0712360171601,966.0712360171601,3,104,100.0
966.0712360171601,1090.3060674334743,100.0,1066.0712360171601,1190.3060674334743,870.9182023004229,1090.3060674334743,195.15303371673724,100.0,1.1092559938067688,1.0,1.2240773395265647,1.0917173654140941,1.1092559938067688,1.4363592781828805,666.0712360171601,966.0712360171601,1566.0712360171601,3,104,300.0
1166.0712360171601,1690.3060674334743,100.0,1266.0712360171601,1790.3060674334743,1070.9182023004228,1690.3060674334743,195.15303371673735,100.0,1.0888518222141903,1.0,1.1822296355571622,1.0591608833019441,1.0888518222141903,1.2814668761770924,666.0712360171601,1166.0712360171601,2166.07123601716,3,104,500.0
1666.0712360171601,3190.3060674334743,100.0,1766.0712360171601,3290.3060674334743,1570.9182023004228,3190.3060674334743,195.15303371673735,100.0,1.0605716030137005,1.0,1.1242286412054803,1.0313449549624083,1.0605716030137005,1.149128377819382,666.0712360171601,1666.0712360171601,3666.07123601716,3,104,1000.0
2666.07123601716,6190.306067433474,100.0,2766.07123601716,6290.306067433474,2570.9182023004228,6190.306067433474,195.15303371673735,100.0,1.0370113034446586,1.0,1.0759079124112612,1.0161542900965896,1.0370113034446586,1.076856485511538,666.0712360171601,2666.07123601716,6666.07123601716,3,104,2000.0
761.0213060048409,766.5896908612922,100.0,861.0213060048409,866.5896908612922,666.5896908612922,672.1580757177435,194.4316151435487,194.4316151435487,1.14166377974063,1.1404901890715406,1.2916811012968503,1.2892647163926891,1.14166377974063,1.4297549054642298,661.0213060048409,761.0213060048409,961.0213060048409,3,105,100.0
961.0213060048409,1183.294845430646,100.0,1061.0213060048409,1283.294845430646,866.5896908612922,1183.294845430646,194.4316151435487,100.0,1.1089692343901465,1.0,1.224364098943187,1.0845097909334729,1.1089692343901465,1.3192158421316589,661.0213060048409,961.0213060048409,1561.0213060048409,3,105,300.0
1161.0213060048409,1783.294845430646,100.0,1261.0213060048409,1883.294845430646,1066.5896908612922,1783.294845430646,194.4316151435487,100.0,1.0885360283834107,1.0,1.182292794323318,1.0560759765869514,1.0885360283834107,1.2118138015943056,661.0213060048409,1161.0213060048409,2161.021306004841,3,105,500.0
1661.0213060048409,3283.294845430646,100.0,1761.0213060048409,3383.294845430646,1566.5896908612922,3283.294845430646,194.4316151435487,100.0,1.0602784607191122,1.0,1.124111384287645,1.0304572098175009,1.0602784607191122,1.1150449406333018,661.0213060048409,1661.0213060048409,3661.021306004841,3,105,1000.0
2661.021306004841,6283.294845430646,100.0,2761.021306004841,6383.294845430646,2566.589690861292,6283.294845430646,194.4316151435487,100.0,1.0367926418000453,1.0,1.0757548492600317,1.0159152168503953,1.0367926418000453,1.0601159853017061,661.0213060048409,2661.021306004841,6661.021306004841,3,105,2000.0
741.7191090295091,741.7191090295091,100.0,841.7191090295091,841.7191090295091,641.7191090295091,641.7191090295091,200.0,200.0,1.155831419998125,1.155831419998125,1.31166283999625,1.31166283999625,1.155831419998125,1.467494259994375,641.7191090295091,741.7191090295091,941.7191090295091,3,106,100.0
941.7191090295091,1266.696633731148,100.0,1041.7191090295091,1366.696633731148,758.3707921639351,1175.022475298361,283.348316865574,191.67415843278695,1.2417660579232066,1.0780190680263448,1.3736276763205344,1.1631238231286742,1.2417660579232066,1.3120762721053796,641.7191090295091,941.7191090295091,1541.7191090295091,3,106,300.0
1141.7191090295091,1866.696633731148,100.0,1241.7191090295091,1966.696633731148,958.3707921639351,1775.022475298361,283.348316865574,191.67415843278695,1.1913125048934203,1.051646759243078,1.2956562524467101,1.107984074061129,1.1913125048934203,1.2065870369723124,641.7191090295091,1141.7191090295091,2141.719109029509,3,106,500.0
1641.7191090295091,3366.696633731148,100.0,1741.7191090295091,3466.696633731148,1458.3707921639352,3275.0224752983613,283.3483168655739,191.6741584327865,1.1257213308513407,1.0279919173453718,1.1942909981385055,1.0585260589441678,1.1257213308513407,1.1119676693814875,641.7191090295091,1641.7191090295091,3641.719109029509,3,106,1000.0
2641.719109029509,6366.696633731148,100.0,2741.719109029509,6466.696633731148,2458.370792163935,6275.022475298361,283.3483168655739,191.6741584327865,1.074581229751833,1.014609375311987,1.1152585760328537,1.0305455732130542,1.074581229751833,1.0584375012479477,641.7191090295091,2641.719109029509,6641.719109029509,3,106,2000.0
700.7990739890374,700.7990739890374,100.0,800.7990739890374,800.7990739890374,600.7990739890374,600.7990739890374,200.0,200.0,1.1664449968873032,1.1664449968873032,1.3328899937746064,1.3328899937746064,1.1664449968873032,1.4993349906619098,600.7990739890374,700.7990739890374,900.7990739890374,3,107,100.0
900.7990739890374,1100.6658949908647,100.0,1000.7990739890374,1200.6658949908647,700.5327159926916,1100.2663579963457,300.26635799634585,100.39953699451894,1.2858772380281454,1.0003631275205456,1.4286257460093819,1.0912502107011186,1.2858772380281454,1.364032502749686,600.7990739890374,900.7990739890374,1500.7990739890374,3,107,300.0
1100.7990739890374,1700.2663579963457,100.0,1200.7990739890374,1800.2663579963457,900.5327159926916,1700.2663579963457,300.26635799634585,100.0,1.2223865434756411,1.0,1.3334319260853846,1.0588143143159308,1.2223865434756411,1.235570570522076,600.7990739890374,1100.7990739890374,2100.7990739890374,3,107,500.0
1600.7990739890374,3200.2663579963455,100.0,1700.7990739890374,3300.2663579963455,1400.5327159926915,3200.2663579963455,300.26635799634596,100.0,1.142992988103386,1.0,1.2143943904827088,1.0312473990641857,1.142992988103386,1.125156056148858,600.7990739890374,1600.7990739890374,3600.7990739890374,3,107,1000.0
2600.7990739890374,6200.266357996346,100.0,2700.7990739890374,6300.266357996346,2400.5327159926915,6200.266357996346,300.26635799634596,100.0,1.083425798224762,1.0,1.1250832184022856,1.0161283393690066,1.083425798224762,1.0645992757192009,600.7990739890374,2600.7990739890374,6600.799073989037,3,107,2000.0
753.9945009863004,753.9945009863004,100.0,853.9945009863004,853.9945009863004,653.9945009863004,653.9945009863004,200.0,200.0,1.1529064844569614,1.1529064844569614,1.3058129689139228,1.3058129689139228,1.1529064844569614,1.4587194533708843,653.9945009863004,753.9945009863004,953.9945009863004,3,108,100.0
953.9945009863004,1086.8555717103716,100.0,1053.9945009863004,1186.8555717103716,767.1389292759288,1086.8555717103716,286.8555717103716,100.0,1.243574618076985,1.0,1.3739291030128309,1.0920085452040618,1.243574618076985,1.4298077329086125,653.9945009863004,953.9945009863004,1553.9945009863004,3,108,300.0
1153.9945009863004,1686.8555717103716,100.0,1253.9945009863004,1786.8555717103716,967.1389292759288,1686.8555717103716,286.8555717103716,100.0,1.1932044777168316,1.0,1.2966022388584157,1.05928189803387,1.1932044777168316,1.276928823729869,653.9945009863004,1153.9945009863004,2153.9945009863004,3,108,500.0
1653.9945009863004,3186.855571710372,100.0,1753.9945009863004,3286.855571710372,1467.1389292759288,3186.855571710372,286.8555717103716,100.0,1.127360516432203,1.0,1.1955203873241522,1.0313788930027759,1.127360516432203,1.1465830247918067,653.9945009863004,1653.9945009863004,3653.9945009863004,3,108,1000.0
2653.9945009863004,6186.855571710372,100.0,2753.9945009863004,6286.855571710372,2467.138929275929,6186.855571710372,286.85557171037135,100.0,1.0757377582158338,1.0,1.1162705384388545,1.0161632995696963,1.0757377582158338,1.0755050645455406,653.9945009863004,2653.9945009863004,6653.9945009863,3,108,2000.0
698.3467599726282,698.3467599726282,100.0,798.3467599726282,798.3467599726282,598.6222999771902,598.8978399817521,199.724459995438,199.4489199908761,1.1665899516259883,1.1660532287007517,1.3336401934960462,1.333026614350376,1.1665899516259883,1.5,598.3467599726282,698.3467599726282,898.3467599726282,3,109,100.0
898.3467599726282,1199.173379986314,100.0,998.3467599726282,1299.173379986314,798.6222999771902,1099.448919990876,199.724459995438,199.7244599954381,1.1248706178105548,1.090704041072018,1.2500862547929634,1.1816586986115696,1.1248706178105548,1.3628161642880714,598.3467599726282,898.3467599726282,1498.3467599726282,3,109,300.0
1098.3467599726282,1799.173379986314,100.0,1198.3467599726282,1899.173379986314,998.6222999771902,1699.448919990876,199.724459995438,199.7244599954381,1.0998620399301275,1.0586804691934921,1.2,1.1175230733010266,1.0998620399301275,1.2347218767739685,598.3467599726282,1098.3467599726282,2098.346759972628,3,109,500.0
1598.3467599726282,3299.173379986314,100.0,1698.3467599726282,3399.173379986314,1498.6222999771903,3199.4489199908758,199.72445999543788,199.72445999543834,1.0665440918615423,1.031169261485107,1.133272045930771,1.0624246440527665,1.0665440918615423,1.1246770459404272,598.3467599726282,1598.3467599726282,3598.346759972628,3,109,1000.0
2598.346759972628,6299.173379986314,100.0,2698.346759972628,6399.173379986314,2498.6222999771903,6199.448919990877,199.72445999543788,199.72445999543743,1.03991177858148,1.0160860201096042,1.07993383393611,1.0322164861059508,1.03991177858148,1.0643440804384172,598.3467599726282,2598.346759972628,6598.346759972628,3,109,2000.0
750.4435419919901,750.4435419919901,100.0,850.4435419919901,850.4435419919901,657.5230359931343,664.6025299942786,192.9205059988558,185.84101199771146,1.1413190122814587,1.129161428257654,1.2934049385927069,1.2796273014478463,1.1413190122814587,1.4300931746380385,650.4435419919901,750.4435419919901,950.4435419919901,3,110,100.0
950.4435419919901,1271.682023995423,100.0,1050.44354199199,1371.682023995423,857.5230359931343,1178.7615179965671,192.9205059988558,192.9205059988558,1.1083591951454,1.0788289272937788,1.2249741381879335,1.1636637293069636,1.1083591951454,1.3153157091751153,650.4435419919901,950.4435419919901,1550.44354199199,3,110,300.0
1150.44354199199,1871.682023995423,100.0,1250.44354199199,1971.682023995423,1057.5230359931343,1778.7615179965671,192.9205059988558,192.9205059988558,1.0878661767510274,1.0522388780388687,1.1824267646497946,1.1084577690977617,1.0878661767510274,1.2089555121554751,650.4435419919901,1150.44354199199,2150.44354199199,3,110,500.0
1650.44354199199,3371.682023995423,100.0,1750.44354199199,3471.682023995423,1557.5230359931343,3278.761517996567,192.9205059988558,192.92050599885624,1.0596591535736781,1.0283401233937972,1.1238636614294713,1.0588394443877507,1.0596591535736781,1.113360493575188,650.4435419919901,1650.44354199199,3650.44354199199,3,110,1000.0
2650.44354199199,6371.682023995423,100.0,2750.44354199199,6471.682023995423,2557.5230359931343,6278.761517996567,192.9205059988558,192.92050599885624,1.036332226412488,1.0147991774703533,1.0754325584887414,1.0307258852635024,1.036332226412488,1.059196709881413,650.4435419919901,2650.44354199199,6650.44354199199,3,110,2000.0
769.7578800376505,769.7578800376505,100.0,869.7578800376505,869.7578800376505,674.0781828894146,678.3984857411789,195.67969714823585,191.35939429647158,1.1419415426532689,1.1346692190750656,1.2902922867336561,1.2820752084778069,1.1419415426532689,1.4294811978805484,669.7578800376505,769.7578800376505,969.7578800376505,3,111,100.0
969.7578800376505,1187.0390914447073,100.0,1069.7578800376505,1287.0390914447073,874.0781828894146,1187.0390914447073,195.67969714823585,100.0,1.1094635457344906,1.0,1.223869787598843,1.0842432239348523,1.1094635457344906,1.3224146461151067,669.7578800376505,969.7578800376505,1569.7578800376505,3,111,300.0
1169.7578800376505,1787.0390914447073,100.0,1269.7578800376505,1887.0390914447073,1074.0781828894146,1787.0390914447073,195.67969714823585,100.0,1.089080756571039,1.0,1.1821838486857923,1.0559584848919876,1.089080756571039,1.2141636354935803,669.7578800376505,1169.7578800376505,2169.7578800376505,3,111,500.0
1669.7578800376505,3287.039091444707,100.0,1769.7578800376505,3387.039091444707,1574.0781828894146,3287.039091444707,195.67969714823585,100.0,1.060784590110133,1.0,1.1243138360440532,1.0304225161971068,1.060784590110133,1.1164326854490594,669.7578800376505,1669.7578800376505,3669.7578800376505,3,111,1000.0
2669.7578800376505,6287.039091444707,100.0,2769.7578800376505,6387.039091444707,2574.0781828894146,6287.039091444707,195.67969714823585,100.0,1.0371704704947364,1.0,1.0760193293463156,1.015905738543296,1.0371704704947364,1.0608742498696628,669.7578800376505,2669.7578800376505,6669.7578800376505,3,111,2000.0
608.945733984001,707.4547783200009,100.0,707.4547783200009,807.4547783200009,608.945733984001,608.945733984001,98.50904433599987,198.50904433599987,1.0,1.1617698242033963,1.1617698242033963,1.3259880696384276,1.1642182454350314,1.4926547363050942,608.945733984001,708.945733984001,908.945733984001,3,112,100.0
807.4547783200009,1107.454778320001,100.0,907.4547783200009,1207.454778320001,705.9638226560006,1204.4728669920005,201.49095566400024,2.9819113280004785,1.1437622614742036,0.9194518271596367,1.2854125795085989,1.0024756982159735,1.287524522948407,1.2527851604929698,608.945733984001,908.945733984001,1508.945733984001,3,112,300.0
1007.4547783200009,1702.9819113280003,100.0,1107.454778320001,1802.9819113280003,905.9638226560006,1804.4728669920005,201.49095566400035,-1.4909556640002393,1.112025395634961,0.9437558981791827,1.2224050791269925,0.9991737444816858,1.2240507912699221,1.1687323054624519,608.945733984001,1108.945733984001,2108.945733984001,3,112,500.0
1507.454778320001,3202.981911328,100.0,1607.454778320001,3302.981911328,1405.9638226560005,3304.4728669920005,201.49095566400047,-1.4909556640004666,1.0721860363890974,0.9692867940669806,1.1433116218334585,0.999548806807012,1.1443720727781943,1.092139617799058,608.945733984001,1608.945733984001,3608.945733984001,3,112,1000.0
2507.454778320001,6202.981911328001,100.0,2607.454778320001,6302.981911328001,2405.9638226560005,6304.4728669920005,201.49095566400047,-1.4909556639995571,1.042183076365613,0.9839017539126276,1.0837464610924905,0.9997635082749257,1.084366152731226,1.0482947382621175,608.945733984001,2608.945733984001,6608.945733984001,3,112,2000.0
651.9320130115375,651.9320130115375,100.0,751.9320130115375,751.9320130115375,551.9320130115375,551.9320130115375,200.0,200.0,1.1811817355082639,1.1811817355082639,1.3623634710165275,1.3623634710165275,1.1811817355082639,1.5435452065247914,551.9320130115375,651.9320130115375,851.9320130115375,3,113,100.0
851.9320130115375,1120.772805204615,100.0,951.9320130115375,1220.772805204615,741.54561040923,1120.772805204615,210.3864026023075,100.0,1.1488598962124388,1.0,1.283713367929187,1.089224149208138,1.1488598962124388,1.2954739856901365,551.9320130115375,851.9320130115375,1451.9320130115375,3,113,300.0
1051.9320130115375,1720.772805204615,100.0,1151.9320130115375,1820.772805204615,941.54561040923,1720.772805204615,210.3864026023075,100.0,1.117239570108908,1.0,1.2234479140217815,1.0581134242112276,1.117239570108908,1.192447955247378,551.9320130115375,1051.9320130115375,2051.9320130115375,3,113,500.0
1551.9320130115375,3220.772805204615,100.0,1651.9320130115375,3320.772805204615,1441.54561040923,3220.772805204615,210.3864026023075,100.0,1.0765750329404913,1.0,1.1459450197642949,1.0310484489431868,1.0765750329404913,1.102819797556594,551.9320130115375,1551.9320130115375,3551.9320130115375,3,113,1000.0
2551.9320130115375,6220.772805204615,100.0,2651.9320130115375,6320.772805204615,2441.54561040923,6220.772805204615,210.3864026023075,100.0,1.045211689731164,1.0,1.0861693517849311,1.0160751731547462,1.045211689731164,1.0532344160728484,551.9320130115375,2551.9320130115375,6551.9320130115375,3,113,2000.0
702.4455740116537,702.4455740116537,100.0,802.4455740116537,802.4455740116537,602.4455740116537,602.4455740116537,200.0,200.0,1.1659900982160185,1.1659900982160185,1.3319801964320368,1.3319801964320368,1.1659900982160185,1.4979702946480553,602.4455740116537,702.4455740116537,902.4455740116537,3,114,100.0
902.4455740116537,1100.8151913372178,100.0,1002.4455740116537,1200.8151913372178,701.6303826744357,1100.8151913372178,300.8151913372179,100.0,1.286212222697315,1.0,1.4287374075657717,1.0908417696148658,1.286212222697315,1.364848146932415,602.4455740116537,902.4455740116537,1502.4455740116537,3,114,300.0
1102.4455740116537,1700.8151913372178,100.0,1202.4455740116537,1800.8151913372178,901.6303826744357,1700.8151913372178,300.8151913372179,100.0,1.2227245168264578,1.0,1.3336347100958748,1.0587953356186675,1.2227245168264578,1.2361399314399735,602.4455740116537,1102.4455740116537,2102.4455740116537,3,114,500.0
1602.4455740116537,3200.8151913372176,100.0,1702.4455740116537,3300.8151913372176,1401.6303826744356,3200.8151913372176,300.81519133721804,100.0,1.1432725730117557,1.0,1.2146180584094046,1.0312420411745866,1.1432725730117557,1.1254775295247974,602.4455740116537,1602.4455740116537,3602.4455740116537,3,114,1000.0
2602.4455740116537,6200.8151913372185,100.0,2702.4455740116537,6300.8151913372185,2401.6303826744356,6200.8151913372185,300.81519133721804,100.0,1.0836161937265267,1.0,1.125254574353874,1.0161269118518004,1.0836161937265267,1.0647705777839547,602.4455740116537,2602.4455740116537,6602.445574011654,3,114,2000.0
709.0363549883477,709.0363549883477,100.0,809.0363549883477,809.0363549883477,609.0363549883477,609.0363549883477,200.0,200.0,1.1641938107322234,1.1641938107322234,1.3283876214644468,1.3283876214644468,1.1641938107322234,1.4925814321966702,609.0363549883477,709.0363549883477,909.0363549883477,3,115,100.0
909.0363549883477,1103.012118329449,100.0,1009.0363549883477,1203.012118329449,807.5302958236232,1103.012118329449,201.50605916472455,100.0,1.125699382041383,1.0,1.2495337453057445,1.090660835305648,1.125699382041383,1.368104964498338,609.0363549883477,909.0363549883477,1509.0363549883477,3,115,300.0
1109.0363549883477,1703.012118329449,100.0,1209.0363549883477,1803.012118329449,1007.5302958236232,1703.012118329449,201.50605916472455,100.0,1.1007474014285066,1.0,1.2,1.058719488207808,1.1007474014285066,1.2384153537657638,609.0363549883477,1109.0363549883477,2109.0363549883477,3,115,500.0
1609.0363549883477,3203.0121183294495,100.0,1709.0363549883477,3303.012118329449,1507.5302958236232,3203.0121183294495,201.50605916472455,99.99999999999955,1.0673326827632792,1.0,1.1336663413816397,1.0312206124440626,1.0673326827632792,1.1267632533562384,609.0363549883477,1609.0363549883477,3609.0363549883477,3,115,1000.0
2609.0363549883477,6203.012118329449,100.0,2709.0363549883477,6303.012118329449,2507.530295823623,6203.012118329449,201.50605916472477,100.0,1.040480491635051,1.0,1.0803603687262882,1.016121200167336,1.040480491635051,1.0654559799196792,609.0363549883477,2609.0363549883477,6609.036354988348,3,115,2000.0
763.4079540381208,768.635389175532,100.0,863.4079540381208,868.635389175532,668.635389175532,673.8628243129434,194.77256486258875,194.77256486258864,1.141740276385085,1.1406407379116317,1.291298618074576,1.2890388931325523,1.141740276385085,1.4296796310441842,663.4079540381208,763.4079540381208,963.4079540381208,3,116,100.0
963.4079540381208,1184.317694587766,100.0,1063.4079540381208,1284.317694587766,868.635389175532,1184.317694587766,194.77256486258875,100.0,1.109105115959577,1.0,1.2242282173737564,1.0844368031120295,1.109105115959577,1.3200916959889781,663.4079540381208,963.4079540381208,1563.4079540381208,3,116,300.0
1163.4079540381208,1784.317694587766,100.0,1263.4079540381208,1884.317694587766,1068.635389175532,1784.317694587766,194.77256486258875,100.0,1.0886855945653335,1.0,1.1822628810869333,1.056043831377855,1.0886855945653335,1.2124567057762303,663.4079540381208,1163.4079540381208,2163.407954038121,3,116,500.0
1663.4079540381208,3284.317694587766,100.0,1763.4079540381208,3384.317694587766,1568.635389175532,3284.317694587766,194.77256486258875,100.0,1.060417204352632,1.0,1.1241668817410528,1.0304477243979138,1.060417204352632,1.1154243574167806,663.4079540381208,1663.4079540381208,3663.407954038121,3,116,1000.0
2663.407954038121,6284.317694587766,100.0,2763.407954038121,6384.317694587766,2568.635389175532,6284.317694587766,194.77256486258875,100.0,1.03689607534879,1.0,1.075827252744153,1.0159126264552352,1.03689607534879,1.060323216914517,663.4079540381208,2663.407954038121,6663.407954038121,3,116,2000.0
750.0220960006118,750.0220960006118,100.0,850.0220960006118,850.0220960006118,657.1617965719529,664.3014971432941,192.8602994286589,185.72059885731767,1.1413050787691241,1.1290386958721954,1.2934746061543803,1.2795727537209758,1.1413050787691241,1.4301068115697562,650.0220960006118,750.0220960006118,950.0220960006118,3,117,100.0
950.0220960006118,1178.5808982859764,100.0,1050.0220960006118,1278.5808982859764,857.1617965719529,1178.5808982859764,192.8602994286589,100.0,1.1083346222382229,1.0,1.2249987110951108,1.0848478031040816,1.1083346222382229,1.3151596960843557,650.0220960006118,950.0220960006118,1550.0220960006118,3,117,300.0
1150.0220960006118,1778.5808982859764,100.0,1250.0220960006118,1878.5808982859764,1057.161796571953,1778.5808982859764,192.8602994286589,100.0,1.0878392500843068,1.0,1.1824321499831387,1.0562246002396463,1.0878392500843068,1.2088413285404078,650.0220960006118,1150.0220960006118,2150.022096000612,3,117,500.0
1650.0220960006118,3278.580898285976,100.0,1750.0220960006118,3378.580898285976,1557.161796571953,3278.580898285976,192.8602994286589,100.0,1.059634329350417,1.0,1.123853731740167,1.030501001226561,1.059634329350417,1.1132932842708938,650.0220960006118,1650.0220960006118,3650.022096000612,3,117,1000.0
2650.022096000612,6278.580898285976,100.0,2750.022096000612,6378.580898285976,2557.161796571953,6278.580898285976,192.8602994286589,100.0,1.0363138146178879,1.0,1.0754196702325214,1.0159271659663252,1.0363138146178879,1.0591600560273162,650.0220960006118,2650.022096000612,6650.022096000612,3,117,2000.0
773.0930419871584,773.0930419871584,100.0,873.0930419871584,873.0930419871584,676.93689313185,680.7807442765417,196.1561488553084,192.3122977106167,1.1420459570617312,1.1355976920421214,1.2897702146913452,1.2824878631298318,1.1420459570617312,1.4293780342175422,673.0930419871584,773.0930419871584,973.0930419871584,3,118,100.0
973.0930419871584,1092.3122977106168,100.0,1073.0930419871584,1192.3122977106168,876.93689313185,1092.3122977106168,196.1561488553084,100.0,1.109650021122844,1.0,1.2236833122104898,1.0915489097848579,1.109650021122844,1.440149529840699,673.0930419871584,973.0930419871584,1573.0930419871584,3,118,300.0
1173.0930419871584,1692.3122977106168,100.0,1273.0930419871584,1792.3122977106168,1076.93689313185,1692.3122977106168,196.1561488553084,100.0,1.089286707019272,1.0,1.1821426585961456,1.0590907482828562,1.089286707019272,1.2840969393928936,673.0930419871584,1173.0930419871584,2173.0930419871584,3,118,500.0
1673.0930419871584,3192.312297710617,100.0,1773.0930419871584,3292.312297710617,1576.93689313185,3192.312297710617,196.1561488553084,100.0,1.0609765357599943,1.0,1.1243906143039977,1.0313252560132402,1.0609765357599943,1.150605799006988,673.0930419871584,1673.0930419871584,3673.0930419871584,3,118,1000.0
2673.0930419871584,6192.312297710617,100.0,2773.0930419871584,6292.312297710617,2576.93689313185,6192.312297710617,196.1561488553084,100.0,1.0373141263612575,1.0,1.0761198884528804,1.0161490563124491,1.0373141263612575,1.0776415531326307,673.0930419871584,2673.0930419871584,6673.093041987158,3,118,2000.0
832.0400649914518,832.0400649914518,100.0,932.0400649914518,932.0400649914518,740.5350568675203,749.0300487435888,191.50500812393147,183.01001624786295,1.123566071957484,1.1108233459887258,1.2586035682550964,1.2443293383954903,1.123566071957484,1.3778353308022548,732.0400649914518,832.0400649914518,1032.0400649914518,3,119,100.0
1032.0400649914518,1174.5150243717944,100.0,1132.0400649914518,1274.5150243717944,940.5350568675203,1266.020032495726,191.50500812393147,8.494991876068525,1.0972903747242464,0.9277223063022579,1.2036128337010048,1.0067099979921503,1.0972903747242464,1.289110774790968,732.0400649914518,1032.0400649914518,1632.0400649914518,3,119,300.0
1232.0400649914518,1774.5150243717944,100.0,1332.0400649914518,1874.5150243717944,1140.5350568675203,1866.020032495726,191.50500812393147,8.494991876068525,1.080229895234654,0.9509624727867754,1.1679080419061383,1.0045524655299154,1.080229895234654,1.1961501088528985,732.0400649914518,1232.0400649914518,2232.040064991452,3,119,500.0
1732.0400649914518,3274.5150243717944,100.0,1832.0400649914518,3374.5150243717944,1640.5350568675203,3366.020032495726,191.50500812393147,8.494991876068525,1.0557775390052642,0.972815073219845,1.1167332617015793,1.0025237496491577,1.0557775390052642,1.1087397071206202,732.0400649914518,1732.0400649914518,3732.040064991452,3,119,1000.0
2732.040064991452,6274.515024371794,100.0,2832.040064991452,6374.515024371794,2640.5350568675203,6366.020032495726,191.50500812393147,8.494991876068525,1.034653964500848,0.9856260257340004,1.0725250769255512,1.0013344274496003,1.034653964500848,1.0574958970639985,732.0400649914518,2732.040064991452,6732.040064991452,3,119,2000.0
