ar_parallel_ms,ar_serial_ms,bias_strength,dllm_parallel_ms,dllm_serial_ms,dllm_vs_ar_parallel_speedup,dllm_vs_ar_serial_speedup,dllm_vs_no_spec_parallel_speedup,dllm_vs_no_spec_serial_speedup,generation_ms,no_spec_parallel_ms,no_spec_serial_ms,num_calls,prompt_format,request_index,tool_latency_ms
2136.743337032385,2136.743337032385,0.0,2136.743337032385,2136.743337032385,1.0,1.0,1.0468001927357755,1.0468001927357755,2136.743337032385,2236.743337032385,2236.743337032385,1,action_list,0,100.0
2136.743337032385,2136.743337032385,0.0,2136.743337032385,2136.743337032385,1.0,1.0,1.1404005782073268,1.1404005782073268,2136.743337032385,2436.743337032385,2436.743337032385,1,action_list,0,300.0
2136.743337032385,2136.743337032385,0.0,2136.743337032385,2136.743337032385,1.0,1.0,1.234000963678878,1.234000963678878,2136.743337032385,2636.743337032385,2636.743337032385,1,action_list,0,500.0
2136.743337032385,2136.743337032385,0.0,2136.743337032385,2136.743337032385,1.0,1.0,1.4680019273577563,1.4680019273577563,2136.743337032385,3136.743337032385,3136.743337032385,1,action_list,0,1000.0
2769.2276013316587,2769.2276013316587,0.0,2256.409200443886,2256.409200443886,1.2272718976623964,1.2272718976623964,1.8333302914287866,1.8333302914287866,2136.743337032385,4136.743337032385,4136.743337032385,1,action_list,0,2000.0
909.0063350391574,909.0063350391574,0.0,809.0063350391574,809.0063350391574,1.1236084263730268,1.1236084263730268,1.1236084263730268,1.1236084263730268,809.0063350391574,909.0063350391574,909.0063350391574,1,action_list,1,100.0
1109.0063350391574,1109.0063350391574,0.0,809.0063350391574,809.0063350391574,1.3708252791190807,1.3708252791190807,1.3708252791190807,1.3708252791190807,809.0063350391574,1109.0063350391574,1109.0063350391574,1,action_list,1,300.0
1309.0063350391574,1309.0063350391574,0.0,846.7170007310674,846.7170007310674,1.545978566520978,1.545978566520978,1.545978566520978,1.545978566520978,809.0063350391574,1309.0063350391574,1309.0063350391574,1,action_list,1,500.0
1809.0063350391574,1809.0063350391574,0.0,1346.7170007310674,1346.7170007310674,1.3432713287625653,1.3432713287625653,1.3432713287625653,1.3432713287625653,809.0063350391574,1809.0063350391574,1809.0063350391574,1,action_list,1,1000.0
2809.0063350391574,2809.0063350391574,0.0,2346.7170007310674,2346.7170007310674,1.1969940705095987,1.1969940705095987,1.1969940705095987,1.1969940705095987,809.0063350391574,2809.0063350391574,2809.0063350391574,1,action_list,1,2000.0
1326.5392920002341,1326.5392920002341,0.0,1326.5392920002341,1326.5392920002341,1.0,1.0,1.0753841221312141,1.0753841221312141,1326.5392920002341,1426.5392920002341,1426.5392920002341,1,action_list,2,100.0
1326.5392920002341,1326.5392920002341,0.0,1326.5392920002341,1326.5392920002341,1.0,1.0,1.2261523663936424,1.2261523663936424,1326.5392920002341,1626.5392920002341,1626.5392920002341,1,action_list,2,300.0
1326.5392920002341,1326.5392920002341,0.0,1326.5392920002341,1326.5392920002341,1.0,1.0,1.3769206106560707,1.3769206106560707,1326.5392920002341,1826.5392920002341,1826.5392920002341,1,action_list,2,500.0
1461.4049711305163,1461.4049711305163,0.0,1326.5392920002341,1326.5392920002341,1.1016673082686632,1.1016673082686632,1.7538412213121415,1.7538412213121415,1326.5392920002341,2326.539292000234,2326.539292000234,1,action_list,2,1000.0
2461.404971130516,2461.404971130516,0.0,2230.702485565258,2230.702485565258,1.1034214499952908,1.1034214499952908,1.491251887477631,1.491251887477631,1326.5392920002341,3326.539292000234,3326.539292000234,1,action_list,2,2000.0
815.66038596211,815.66038596211,0.0,715.66038596211,715.66038596211,1.1397310818951691,1.1397310818951691,1.1397310818951691,1.1397310818951691,715.66038596211,815.66038596211,815.66038596211,1,action_list,3,100.0
1015.66038596211,1015.66038596211,0.0,715.66038596211,715.66038596211,1.4191932456855076,1.4191932456855076,1.4191932456855076,1.4191932456855076,715.66038596211,1015.66038596211,1015.66038596211,1,action_list,3,300.0
1215.66038596211,1215.66038596211,0.0,857.830192981055,857.830192981055,1.4171340620893227,1.4171340620893227,1.4171340620893227,1.4171340620893227,715.66038596211,1215.66038596211,1215.66038596211,1,action_list,3,500.0
1715.66038596211,1715.66038596211,0.0,1357.830192981055,1357.830192981055,1.2635308854014027,1.2635308854014027,1.2635308854014027,1.2635308854014027,715.66038596211,1715.66038596211,1715.66038596211,1,action_list,3,1000.0
2715.66038596211,2715.66038596211,0.0,2357.830192981055,2357.830192981055,1.1517624950457703,1.1517624950457703,1.1517624950457703,1.1517624950457703,715.66038596211,2715.66038596211,2715.66038596211,1,action_list,3,2000.0
759.9186700186692,759.9186700186692,0.0,659.9186700186692,659.9186700186692,1.1515338246107978,1.1515338246107978,1.1515338246107978,1.1515338246107978,659.9186700186692,759.9186700186692,759.9186700186692,1,action_list,4,100.0
959.9186700186692,959.9186700186692,0.0,666.6214833437052,666.6214833437052,1.439975599351847,1.439975599351847,1.439975599351847,1.439975599351847,659.9186700186692,959.9186700186692,959.9186700186692,1,action_list,4,300.0
1159.9186700186692,1159.9186700186692,0.0,866.6214833437052,866.6214833437052,1.3384374750823496,1.3384374750823496,1.3384374750823496,1.3384374750823496,659.9186700186692,1159.9186700186692,1159.9186700186692,1,action_list,4,500.0
1659.9186700186692,1659.9186700186692,0.0,1366.6214833437052,1366.6214833437052,1.214614792939853,1.214614792939853,1.214614792939853,1.214614792939853,659.9186700186692,1659.9186700186692,1659.9186700186692,1,action_list,4,1000.0
2659.918670018669,2659.918670018669,0.0,2366.621483343705,2366.621483343705,1.123930754765471,1.123930754765471,1.123930754765471,1.123930754765471,659.9186700186692,2659.918670018669,2659.918670018669,1,action_list,4,2000.0
706.8912540213205,706.8912540213205,0.0,606.8912540213205,606.8912540213205,1.1647741656143342,1.1647741656143342,1.1647741656143342,1.1647741656143342,606.8912540213205,706.8912540213205,706.8912540213205,1,action_list,5,100.0
906.8912540213205,906.8912540213205,0.0,606.8912540213205,606.8912540213205,1.4943224968430024,1.4943224968430024,1.4943224968430024,1.4943224968430024,606.8912540213205,906.8912540213205,906.8912540213205,1,action_list,5,300.0
1106.8912540213205,1106.8912540213205,0.0,727.5842202579952,727.5842202579952,1.5213238869155605,1.5213238869155605,1.5213238869155605,1.5213238869155605,606.8912540213205,1106.8912540213205,1106.8912540213205,1,action_list,5,500.0
1606.8912540213205,1606.8912540213205,0.0,1227.5842202579952,1227.5842202579952,1.3089865668716467,1.3089865668716467,1.3089865668716467,1.3089865668716467,606.8912540213205,1606.8912540213205,1606.8912540213205,1,action_list,5,1000.0
2606.8912540213205,2606.8912540213205,0.0,2227.584220257995,2227.584220257995,1.1702773032390195,1.1702773032390195,1.1702773032390195,1.1702773032390195,606.8912540213205,2606.8912540213205,2606.8912540213205,1,action_list,5,2000.0
705.5217930115759,705.5217930115759,0.0,605.5217930115759,605.5217930115759,1.1651468223837953,1.1651468223837953,1.1651468223837953,1.1651468223837953,605.5217930115759,705.5217930115759,705.5217930115759,1,action_list,6,100.0
905.5217930115759,905.5217930115759,0.0,605.5217930115759,605.5217930115759,1.495440467151386,1.495440467151386,1.495440467151386,1.495440467151386,605.5217930115759,905.5217930115759,905.5217930115759,1,action_list,6,300.0
1105.521793011576,1105.521793011576,0.0,727.070672379341,727.070672379341,1.520514903171314,1.520514903171314,1.520514903171314,1.520514903171314,605.5217930115759,1105.521793011576,1105.521793011576,1,action_list,6,500.0
1605.521793011576,1605.521793011576,0.0,1227.070672379341,1227.070672379341,1.3084183569463057,1.3084183569463057,1.3084183569463057,1.3084183569463057,605.5217930115759,1605.521793011576,1605.521793011576,1,action_list,6,1000.0
2605.521793011576,2605.521793011576,0.0,2227.070672379341,2227.070672379341,1.1699322456740486,1.1699322456740486,1.1699322456740486,1.1699322456740486,605.5217930115759,2605.521793011576,2605.521793011576,1,action_list,6,2000.0
1405.1005230285227,1405.1005230285227,0.0,1405.1005230285227,1405.1005230285227,1.0,1.0,1.071169285300999,1.071169285300999,1405.1005230285227,1505.1005230285227,1505.1005230285227,1,action_list,7,100.0
1405.1005230285227,1405.1005230285227,0.0,1405.1005230285227,1405.1005230285227,1.0,1.0,1.2135078559029973,1.2135078559029973,1405.1005230285227,1705.1005230285227,1705.1005230285227,1,action_list,7,300.0
1405.1005230285227,1405.1005230285227,0.0,1405.1005230285227,1405.1005230285227,1.0,1.0,1.3558464265049954,1.3558464265049954,1405.1005230285227,1905.1005230285227,1905.1005230285227,1,action_list,7,500.0
1562.040209211409,1562.040209211409,0.0,1405.1005230285227,1405.1005230285227,1.111692853009991,1.111692853009991,1.711692853009991,1.711692853009991,1405.1005230285227,2405.1005230285227,2405.1005230285227,1,action_list,7,1000.0
2562.040209211409,2562.040209211409,0.0,2281.0201046057045,2281.0201046057045,1.1231993107111529,1.1231993107111529,1.4927972428446115,1.4927972428446115,1405.1005230285227,3405.1005230285227,3405.1005230285227,1,action_list,7,2000.0
1428.169984021224,1428.169984021224,0.0,1428.169984021224,1428.169984021224,1.0,1.0,1.0700196763122238,1.0700196763122238,1428.169984021224,1528.169984021224,1528.169984021224,1,action_list,8,100.0
1428.169984021224,1428.169984021224,0.0,1428.169984021224,1428.169984021224,1.0,1.0,1.2100590289366715,1.2100590289366715,1428.169984021224,1728.169984021224,1728.169984021224,1,action_list,8,300.0
1428.169984021224,1428.169984021224,0.0,1428.169984021224,1428.169984021224,1.0,1.0,1.3500983815611192,1.3500983815611192,1428.169984021224,1928.169984021224,1928.169984021224,1,action_list,8,500.0
1510.0607085790086,1510.0607085790086,0.0,1428.169984021224,1428.169984021224,1.0573396202650955,1.0573396202650955,1.7001967631222383,1.7001967631222383,1428.169984021224,2428.169984021224,2428.169984021224,1,action_list,8,1000.0
2510.060708579009,2510.060708579009,0.0,2204.0242834316036,2204.0242834316036,1.1388534724630688,1.1388534724630688,1.5554138898522751,1.5554138898522751,1428.169984021224,3428.169984021224,3428.169984021224,1,action_list,8,2000.0
569.8504509869963,569.8504509869963,0.0,469.8504509869963,469.8504509869963,1.212833678865124,1.212833678865124,1.212833678865124,1.212833678865124,469.8504509869963,569.8504509869963,569.8504509869963,1,action_list,9,100.0
769.8504509869963,769.8504509869963,0.0,534.9252254934981,534.9252254934981,1.4391739523533718,1.4391739523533718,1.4391739523533718,1.4391739523533718,469.8504509869963,769.8504509869963,769.8504509869963,1,action_list,9,300.0
969.8504509869963,969.8504509869963,0.0,734.9252254934981,734.9252254934981,1.319658677297064,1.319658677297064,1.319658677297064,1.319658677297064,469.8504509869963,969.8504509869963,969.8504509869963,1,action_list,9,500.0
1469.8504509869963,1469.8504509869963,0.0,1234.9252254934981,1234.9252254934981,1.1902343726111984,1.1902343726111984,1.1902343726111984,1.1902343726111984,469.8504509869963,1469.8504509869963,1469.8504509869963,1,action_list,9,1000.0
2469.8504509869963,2469.8504509869963,0.0,2234.925225493498,2234.925225493498,1.1051154744748222,1.1051154744748222,1.1051154744748222,1.1051154744748222,469.8504509869963,2469.8504509869963,2469.8504509869963,1,action_list,9,2000.0
1990.9053629962727,1990.9053629962727,0.0,1990.9053629962727,1990.9053629962727,1.0,1.0,1.0502284045533445,1.0502284045533445,1990.9053629962727,2090.9053629962727,2090.9053629962727,1,action_list,10,100.0
1990.9053629962727,1990.9053629962727,0.0,1990.9053629962727,1990.9053629962727,1.0,1.0,1.1506852136600336,1.1506852136600336,1990.9053629962727,2290.9053629962727,2290.9053629962727,1,action_list,10,300.0
1990.9053629962727,1990.9053629962727,0.0,1990.9053629962727,1990.9053629962727,1.0,1.0,1.2511420227667225,1.2511420227667225,1990.9053629962727,2490.9053629962727,2490.9053629962727,1,action_list,10,500.0
1990.9053629962727,1990.9053629962727,0.0,1990.9053629962727,1990.9053629962727,1.0,1.0,1.5022840455334452,1.5022840455334452,1990.9053629962727,2990.9053629962727,2990.9053629962727,1,action_list,10,1000.0
2474.025086427684,2474.025086427684,0.0,2237.012543213842,2237.012543213842,1.1059504757507232,1.1059504757507232,1.7840335205553524,1.7840335205553524,1990.9053629962727,3990.9053629962727,3990.9053629962727,1,action_list,10,2000.0
1812.6639350084588,1812.6639350084588,0.0,1812.6639350084588,1812.6639350084588,1.0,1.0,1.055167424070548,1.055167424070548,1812.6639350084588,1912.6639350084588,1912.6639350084588,1,action_list,11,100.0
1812.6639350084588,1812.6639350084588,0.0,1812.6639350084588,1812.6639350084588,1.0,1.0,1.1655022722116442,1.1655022722116442,1812.6639350084588,2112.663935008459,2112.663935008459,1,action_list,11,300.0
1812.6639350084588,1812.6639350084588,0.0,1812.6639350084588,1812.6639350084588,1.0,1.0,1.2758371203527403,1.2758371203527403,1812.6639350084588,2312.663935008459,2312.663935008459,1,action_list,11,500.0
1812.6639350084588,1812.6639350084588,0.0,1812.6639350084588,1812.6639350084588,1.0,1.0,1.5516742407054804,1.5516742407054804,1812.6639350084588,2812.663935008459,2812.663935008459,1,action_list,11,1000.0
2477.016825002226,2477.016825002226,0.0,2190.80673000089,2190.80673000089,1.1306414167356604,1.1306414167356604,1.7403013615020753,1.7403013615020753,1812.6639350084588,3812.663935008459,3812.663935008459,1,action_list,11,2000.0
1170.512312965002,1170.512312965002,0.0,1170.512312965002,1170.512312965002,1.0,1.0,1.085432676694098,1.085432676694098,1170.512312965002,1270.512312965002,1270.512312965002,1,action_list,12,100.0
1170.512312965002,1170.512312965002,0.0,1170.512312965002,1170.512312965002,1.0,1.0,1.2562980300822943,1.2562980300822943,1170.512312965002,1470.512312965002,1470.512312965002,1,action_list,12,300.0
1170.512312965002,1170.512312965002,0.0,1170.512312965002,1170.512312965002,1.0,1.0,1.4271633834704907,1.4271633834704907,1170.512312965002,1670.512312965002,1670.512312965002,1,action_list,12,500.0
1409.6793095377507,1409.6793095377507,0.0,1175.5768469447503,1175.5768469447503,1.1991383746638238,1.1991383746638238,1.8463380923212513,1.8463380923212513,1170.512312965002,2170.512312965002,2170.512312965002,1,action_list,12,1000.0
2409.6793095377507,2409.6793095377507,0.0,2175.5768469447503,2175.5768469447503,1.1076047775199298,1.1076047775199298,1.457320304459702,1.457320304459702,1170.512312965002,3170.512312965002,3170.512312965002,1,action_list,12,2000.0
734.174979000818,734.174979000818,0.0,634.174979000818,634.174979000818,1.1576851867564315,1.1576851867564315,1.1576851867564315,1.1576851867564315,634.174979000818,734.174979000818,734.174979000818,1,action_list,13,100.0
934.174979000818,934.174979000818,0.0,634.174979000818,634.174979000818,1.4730555602692945,1.4730555602692945,1.4730555602692945,1.4730555602692945,634.174979000818,934.174979000818,934.174979000818,1,action_list,13,300.0
1134.174979000818,1134.174979000818,0.0,781.8555462225858,781.8555462225858,1.4506195990811974,1.4506195990811974,1.4506195990811974,1.4506195990811974,634.174979000818,1134.174979000818,1134.174979000818,1,action_list,13,500.0
1634.174979000818,1634.174979000818,0.0,1281.8555462225859,1281.8555462225859,1.2748511201722055,1.2748511201722055,1.2748511201722055,1.2748511201722055,634.174979000818,1634.174979000818,1634.174979000818,1,action_list,13,1000.0
2634.174979000818,2634.174979000818,0.0,2281.855546222586,2281.855546222586,1.1544004103859538,1.1544004103859538,1.1544004103859538,1.1544004103859538,634.174979000818,2634.174979000818,2634.174979000818,1,action_list,13,2000.0
626.2001280207187,626.2001280207187,0.0,526.2001280207187,526.2001280207187,1.1900417629622138,1.1900417629622138,1.1900417629622138,1.1900417629622138,526.2001280207187,626.2001280207187,626.2001280207187,1,action_list,14,100.0
826.2001280207187,826.2001280207187,0.0,526.2001280207187,526.2001280207187,1.5701252888866415,1.5701252888866415,1.5701252888866415,1.5701252888866415,526.2001280207187,826.2001280207187,826.2001280207187,1,action_list,14,300.0
1026.2001280207187,1026.2001280207187,0.0,725.514340580308,725.514340580308,1.4144449952566132,1.4144449952566132,1.4144449952566132,1.4144449952566132,526.2001280207187,1026.2001280207187,1026.2001280207187,1,action_list,14,500.0
1526.2001280207187,1526.2001280207187,0.0,1225.514340580308,1225.514340580308,1.2453547685929398,1.2453547685929398,1.2453547685929398,1.2453547685929398,526.2001280207187,1526.2001280207187,1526.2001280207187,1,action_list,14,1000.0
2526.2001280207187,2526.2001280207187,0.0,2225.514340580308,2225.514340580308,1.1351084474980315,1.1351084474980315,1.1351084474980315,1.1351084474980315,526.2001280207187,2526.2001280207187,2526.2001280207187,1,action_list,14,2000.0
569.0966599737294,569.0966599737294,0.0,469.0966599737294,469.0966599737294,1.2131756811178325,1.2131756811178325,1.2131756811178325,1.2131756811178325,469.0966599737294,569.0966599737294,569.0966599737294,1,action_list,15,100.0
769.0966599737294,769.0966599737294,0.0,469.0966599737294,469.0966599737294,1.6395270433534972,1.6395270433534972,1.6395270433534972,1.6395270433534972,469.0966599737294,769.0966599737294,769.0966599737294,1,action_list,15,300.0
969.0966599737294,969.0966599737294,0.0,656.3655533245765,656.3655533245765,1.4764587432492906,1.4764587432492906,1.4764587432492906,1.4764587432492906,469.0966599737294,969.0966599737294,969.0966599737294,1,action_list,15,500.0
1469.0966599737294,1469.0966599737294,0.0,1156.3655533245765,1156.3655533245765,1.2704431187439336,1.2704431187439336,1.2704431187439336,1.2704431187439336,469.0966599737294,1469.0966599737294,1469.0966599737294,1,action_list,15,1000.0
2469.0966599737294,2469.0966599737294,0.0,2156.3655533245765,2156.3655533245765,1.145026944140802,1.145026944140802,1.145026944140802,1.145026944140802,469.0966599737294,2469.0966599737294,2469.0966599737294,1,action_list,15,2000.0
573.0913090170361,573.0913090170361,0.0,473.0913090170361,473.0913090170361,1.2113756860335791,1.2113756860335791,1.2113756860335791,1.2113756860335791,473.0913090170361,573.0913090170361,573.0913090170361,1,action_list,16,100.0
773.0913090170361,773.0913090170361,0.0,536.545654508518,536.545654508518,1.4408677109223755,1.4408677109223755,1.4408677109223755,1.4408677109223755,473.0913090170361,773.0913090170361,773.0913090170361,1,action_list,16,300.0
973.0913090170361,973.0913090170361,0.0,736.545654508518,736.545654508518,1.3211554546016027,1.3211554546016027,1.3211554546016027,1.3211554546016027,473.0913090170361,973.0913090170361,973.0913090170361,1,action_list,16,500.0
1473.091309017036,1473.091309017036,0.0,1236.545654508518,1236.545654508518,1.191295528512076,1.191295528512076,1.191295528512076,1.191295528512076,473.0913090170361,1473.091309017036,1473.091309017036,1,action_list,16,1000.0
2473.091309017036,2473.091309017036,0.0,2236.545654508518,2236.545654508518,1.1057638389950502,1.1057638389950502,1.1057638389950502,1.1057638389950502,473.0913090170361,2473.091309017036,2473.091309017036,1,action_list,16,2000.0
1166.2246320047416,1166.2246320047416,0.0,1166.2246320047416,1166.2246320047416,1.0,1.0,1.0857467740396634,1.0857467740396634,1166.2246320047416,1266.2246320047416,1266.2246320047416,1,action_list,17,100.0
1166.2246320047416,1166.2246320047416,0.0,1166.2246320047416,1166.2246320047416,1.0,1.0,1.2572403221189898,1.2572403221189898,1166.2246320047416,1466.2246320047416,1466.2246320047416,1,action_list,17,300.0
1166.2246320047416,1166.2246320047416,0.0,1166.2246320047416,1166.2246320047416,1.0,1.0,1.4287338701983163,1.4287338701983163,1166.2246320047416,1666.2246320047416,1666.2246320047416,1,action_list,17,500.0
1466.4898528018966,1466.4898528018966,0.0,1233.2449264009483,1233.2449264009483,1.1891310650526175,1.1891310650526175,1.7565242602104703,1.7565242602104703,1166.2246320047416,2166.2246320047416,2166.2246320047416,1,action_list,17,1000.0
2466.4898528018966,2466.4898528018966,0.0,2233.2449264009483,2233.2449264009483,1.1044421611098614,1.1044421611098614,1.4177686444394455,1.4177686444394455,1166.2246320047416,3166.2246320047416,3166.2246320047416,1,action_list,17,2000.0
790.5560150044039,790.5560150044039,0.0,690.5560150044039,690.5560150044039,1.1448108449238,1.1448108449238,1.1448108449238,1.1448108449238,690.5560150044039,790.5560150044039,790.5560150044039,1,action_list,18,100.0
990.5560150044039,990.5560150044039,0.0,690.5560150044039,690.5560150044039,1.4344325347713998,1.4344325347713998,1.4344325347713998,1.4344325347713998,690.5560150044039,990.5560150044039,990.5560150044039,1,action_list,18,300.0
1190.556015004404,1190.556015004404,0.0,845.278007502202,845.278007502202,1.4084786359490165,1.4084786359490165,1.4084786359490165,1.4084786359490165,690.5560150044039,1190.556015004404,1190.556015004404,1,action_list,18,500.0
1690.556015004404,1690.556015004404,0.0,1345.278007502202,1345.278007502202,1.256659222537418,1.256659222537418,1.256659222537418,1.256659222537418,690.5560150044039,1690.556015004404,1690.556015004404,1,action_list,18,1000.0
2690.556015004404,2690.556015004404,0.0,2345.278007502202,2345.278007502202,1.1472226347570345,1.1472226347570345,1.1472226347570345,1.1472226347570345,690.5560150044039,2690.556015004404,2690.556015004404,1,action_list,18,2000.0
762.9014019854367,762.9014019854367,0.0,662.9014019854367,662.9014019854367,1.150851996542009,1.150851996542009,1.150851996542009,1.150851996542009,662.9014019854367,762.9014019854367,762.9014019854367,1,action_list,19,100.0
962.9014019854367,962.9014019854367,0.0,662.9014019854367,662.9014019854367,1.452555989626027,1.452555989626027,1.452555989626027,1.452555989626027,662.9014019854367,962.9014019854367,962.9014019854367,1,action_list,19,300.0
1162.9014019854367,1162.9014019854367,0.0,794.6228453268607,794.6228453268607,1.4634633383930562,1.4634633383930562,1.4634633383930562,1.4634633383930562,662.9014019854367,1162.9014019854367,1162.9014019854367,1,action_list,19,500.0
1662.9014019854367,1662.9014019854367,0.0,1294.6228453268607,1294.6228453268607,1.2844678340011795,1.2844678340011795,1.2844678340011795,1.2844678340011795,662.9014019854367,1662.9014019854367,1662.9014019854367,1,action_list,19,1000.0
2662.9014019854367,2662.9014019854367,0.0,2294.622845326861,2294.622845326861,1.16049633490253,1.16049633490253,1.16049633490253,1.16049633490253,662.9014019854367,2662.9014019854367,2662.9014019854367,1,action_list,19,2000.0
707.6314590172842,707.6314590172842,0.0,607.6314590172842,607.6314590172842,1.1645734408842638,1.1645734408842638,1.1645734408842638,1.1645734408842638,607.6314590172842,707.6314590172842,707.6314590172842,1,action_list,20,100.0
907.6314590172842,907.6314590172842,0.0,607.6314590172842,607.6314590172842,1.4937203226527915,1.4937203226527915,1.4937203226527915,1.4937203226527915,607.6314590172842,907.6314590172842,907.6314590172842,1,action_list,20,300.0
1107.6314590172842,1107.6314590172842,0.0,727.8617971314816,727.8617971314816,1.5217606740489509,1.5217606740489509,1.5217606740489509,1.5217606740489509,607.6314590172842,1107.6314590172842,1107.6314590172842,1,action_list,20,500.0
1607.6314590172842,1607.6314590172842,0.0,1227.8617971314816,1227.8617971314816,1.3092934911510536,1.3092934911510536,1.3092934911510536,1.3092934911510536,607.6314590172842,1607.6314590172842,1607.6314590172842,1,action_list,20,1000.0
2607.631459017284,2607.631459017284,0.0,2227.8617971314816,2227.8617971314816,1.1704637434758212,1.1704637434758212,1.1704637434758212,1.1704637434758212,607.6314590172842,2607.631459017284,2607.631459017284,1,action_list,20,2000.0
681.4746689866297,681.4746689866297,0.0,581.4746689866297,581.4746689866297,1.1719765371280506,1.1719765371280506,1.1719765371280506,1.1719765371280506,581.4746689866297,681.4746689866297,681.4746689866297,1,action_list,21,100.0
881.4746689866297,881.4746689866297,0.0,581.4746689866297,581.4746689866297,1.5159296113841516,1.5159296113841516,1.5159296113841516,1.5159296113841516,581.4746689866297,881.4746689866297,881.4746689866297,1,action_list,21,300.0
1081.4746689866297,1081.4746689866297,0.0,718.0530008699861,718.0530008699861,1.5061209516238012,1.5061209516238012,1.5061209516238012,1.5061209516238012,581.4746689866297,1081.4746689866297,1081.4746689866297,1,action_list,21,500.0
1581.4746689866297,1581.4746689866297,0.0,1218.0530008699861,1218.0530008699861,1.2983627706323715,1.2983627706323715,1.2983627706323715,1.2983627706323715,581.4746689866297,1581.4746689866297,1581.4746689866297,1,action_list,21,1000.0
2581.4746689866297,2581.4746689866297,0.0,2218.053000869986,2218.053000869986,1.1638471524233636,1.1638471524233636,1.1638471524233636,1.1638471524233636,581.4746689866297,2581.4746689866297,2581.4746689866297,1,action_list,21,2000.0
1240.5356419621967,1240.5356419621967,0.0,1240.5356419621967,1240.5356419621967,1.0,1.0,1.0806103400961755,1.0806103400961755,1240.5356419621967,1340.5356419621967,1340.5356419621967,1,action_list,22,100.0
1240.5356419621967,1240.5356419621967,0.0,1240.5356419621967,1240.5356419621967,1.0,1.0,1.2418310202885263,1.2418310202885263,1240.5356419621967,1540.5356419621967,1540.5356419621967,1,action_list,22,300.0
1240.5356419621967,1240.5356419621967,0.0,1240.5356419621967,1240.5356419621967,1.0,1.0,1.4030517004808771,1.4030517004808771,1240.5356419621967,1740.5356419621967,1740.5356419621967,1,action_list,22,500.0
1413.5118806540654,1413.5118806540654,0.0,1240.5356419621967,1240.5356419621967,1.1394367342950875,1.1394367342950875,1.8061034009617545,1.8061034009617545,1240.5356419621967,2240.5356419621967,2240.5356419621967,1,action_list,22,1000.0
2413.5118806540654,2413.5118806540654,0.0,2236.2925032308945,2236.2925032308945,1.0792469577066204,1.0792469577066204,1.449066093670849,1.449066093670849,1240.5356419621967,3240.5356419621967,3240.5356419621967,1,action_list,22,2000.0
791.5478750015609,791.5478750015609,0.0,691.5478750015609,691.5478750015609,1.1446031484078731,1.1446031484078731,1.1446031484078731,1.1446031484078731,691.5478750015609,791.5478750015609,791.5478750015609,1,action_list,23,100.0
991.5478750015609,991.5478750015609,0.0,691.5478750015609,691.5478750015609,1.4338094452236194,1.4338094452236194,1.4338094452236194,1.4338094452236194,691.5478750015609,991.5478750015609,991.5478750015609,1,action_list,23,300.0
1191.547875001561,1191.547875001561,0.0,845.7739375007804,845.7739375007804,1.4088254818096253,1.4088254818096253,1.4088254818096253,1.4088254818096253,691.5478750015609,1191.547875001561,1191.547875001561,1,action_list,23,500.0
1691.547875001561,1691.547875001561,0.0,1345.7739375007804,1345.7739375007804,1.2569331504092827,1.2569331504092827,1.2569331504092827,1.2569331504092827,691.5478750015609,1691.547875001561,1691.547875001561,1,action_list,23,1000.0
2691.547875001561,2691.547875001561,0.0,2345.7739375007804,2345.7739375007804,1.1474029240299144,1.1474029240299144,1.1474029240299144,1.1474029240299144,691.5478750015609,2691.547875001561,2691.547875001561,1,action_list,23,2000.0
685.3633980150335,685.3633980150335,0.0,585.3633980150335,585.3633980150335,1.1708340499920218,1.1708340499920218,1.1708340499920218,1.1708340499920218,585.3633980150335,685.3633980150335,685.3633980150335,1,action_list,24,100.0
885.3633980150335,885.3633980150335,0.0,585.3633980150335,585.3633980150335,1.5125021499760656,1.5125021499760656,1.5125021499760656,1.5125021499760656,585.3633980150335,885.3633980150335,885.3633980150335,1,action_list,24,300.0
1085.3633980150335,1085.3633980150335,0.0,719.5112742556375,719.5112742556375,1.5084730939593465,1.5084730939593465,1.5084730939593465,1.5084730939593465,585.3633980150335,1085.3633980150335,1085.3633980150335,1,action_list,24,500.0
1585.3633980150335,1585.3633980150335,0.0,1219.5112742556375,1219.5112742556375,1.2999989680150386,1.2999989680150386,1.2999989680150386,1.2999989680150386,585.3633980150335,1585.3633980150335,1585.3633980150335,1,action_list,24,1000.0
2585.3633980150335,2585.3633980150335,0.0,2219.5112742556375,2219.5112742556375,1.1648345417313064,1.1648345417313064,1.1648345417313064,1.1648345417313064,585.3633980150335,2585.3633980150335,2585.3633980150335,1,action_list,24,2000.0
708.8806340121664,708.8806340121664,0.0,608.8806340121664,608.8806340121664,1.1642358032329894,1.1642358032329894,1.1642358032329894,1.1642358032329894,608.8806340121664,708.8806340121664,708.8806340121664,1,action_list,25,100.0
908.8806340121664,908.8806340121664,0.0,608.8806340121664,608.8806340121664,1.4927074096989683,1.4927074096989683,1.4927074096989683,1.4927074096989683,608.8806340121664,908.8806340121664,908.8806340121664,1,action_list,25,300.0
1108.8806340121664,1108.8806340121664,0.0,728.3302377545624,728.3302377545624,1.5224970439657133,1.5224970439657133,1.5224970439657133,1.5224970439657133,608.8806340121664,1108.8806340121664,1108.8806340121664,1,action_list,25,500.0
1608.8806340121664,1608.8806340121664,0.0,1228.3302377545624,1228.3302377545624,1.309811144072514,1.309811144072514,1.309811144072514,1.309811144072514,608.8806340121664,1608.8806340121664,1608.8806340121664,1,action_list,25,1000.0
2608.8806340121664,2608.8806340121664,0.0,2228.3302377545624,2228.3302377545624,1.1707782759529737,1.1707782759529737,1.1707782759529737,1.1707782759529737,608.8806340121664,2608.8806340121664,2608.8806340121664,1,action_list,25,2000.0
764.4702089834027,764.4702089834027,0.0,664.4702089834027,664.4702089834027,1.1504958366049152,1.1504958366049152,1.1504958366049152,1.1504958366049152,664.4702089834027,764.4702089834027,764.4702089834027,1,action_list,26,100.0
964.4702089834027,964.4702089834027,0.0,664.4702089834027,664.4702089834027,1.4514875098147455,1.4514875098147455,1.4514875098147455,1.4514875098147455,664.4702089834027,964.4702089834027,964.4702089834027,1,action_list,26,300.0
1164.4702089834027,1164.4702089834027,0.0,795.3200928815122,795.3200928815122,1.464152885619208,1.464152885619208,1.464152885619208,1.464152885619208,664.4702089834027,1164.4702089834027,1164.4702089834027,1,action_list,26,500.0
1664.4702089834027,1664.4702089834027,0.0,1295.3200928815122,1295.3200928815122,1.2849875626345728,1.2849875626345728,1.2849875626345728,1.2849875626345728,664.4702089834027,1664.4702089834027,1664.4702089834027,1,action_list,26,1000.0
2664.4702089834027,2664.4702089834027,0.0,2295.320092881512,2295.320092881512,1.1608272925622607,1.1608272925622607,1.1608272925622607,1.1608272925622607,664.4702089834027,2664.4702089834027,2664.4702089834027,1,action_list,26,2000.0
1152.3584669921547,1152.3584669921547,0.0,1152.3584669921547,1152.3584669921547,1.0,1.0,1.0867785527371674,1.0867785527371674,1152.3584669921547,1252.3584669921547,1252.3584669921547,1,action_list,27,100.0
1152.3584669921547,1152.3584669921547,0.0,1152.3584669921547,1152.3584669921547,1.0,1.0,1.260335658211502,1.260335658211502,1152.3584669921547,1452.3584669921547,1452.3584669921547,1,action_list,27,300.0
1152.3584669921547,1152.3584669921547,0.0,1152.3584669921547,1152.3584669921547,1.0,1.0,1.4338927636858367,1.4338927636858367,1152.3584669921547,1652.3584669921547,1652.3584669921547,1,action_list,27,500.0
1485.2035650493283,1485.2035650493283,0.0,1242.601782524664,1242.601782524664,1.195236950354084,1.195236950354084,1.7321385638278153,1.7321385638278153,1152.3584669921547,2152.3584669921547,2152.3584669921547,1,action_list,27,1000.0
2485.203565049328,2485.203565049328,0.0,2242.601782524664,2242.601782524664,1.1081787165314518,1.1081787165314518,1.4056701869929442,1.4056701869929442,1152.3584669921547,3152.3584669921547,3152.3584669921547,1,action_list,27,2000.0
766.1709840409458,766.1709840409458,0.0,666.1709840409458,666.1709840409458,1.1501116115766663,1.1501116115766663,1.1501116115766663,1.1501116115766663,666.1709840409458,766.1709840409458,766.1709840409458,1,action_list,28,100.0
966.1709840409458,966.1709840409458,0.0,666.1709840409458,666.1709840409458,1.450334834729999,1.450334834729999,1.450334834729999,1.450334834729999,666.1709840409458,966.1709840409458,966.1709840409458,1,action_list,28,300.0
1166.1709840409458,1166.1709840409458,0.0,796.075992907087,796.075992907087,1.4648990729922111,1.4648990729922111,1.4648990729922111,1.4648990729922111,666.1709840409458,1166.1709840409458,1166.1709840409458,1,action_list,28,500.0
1666.1709840409458,1666.1709840409458,0.0,1296.0759929070869,1296.0759929070869,1.2855503791129863,1.2855503791129863,1.2855503791129863,1.2855503791129863,666.1709840409458,1666.1709840409458,1666.1709840409458,1,action_list,28,1000.0
2666.1709840409458,2666.1709840409458,0.0,2296.075992907087,2296.075992907087,1.1611858633064134,1.1611858633064134,1.1611858633064134,1.1611858633064134,666.1709840409458,2666.1709840409458,2666.1709840409458,1,action_list,28,2000.0
630.6675379979424,630.6675379979424,0.0,530.6675379979424,530.6675379979424,1.18844190164198,1.18844190164198,1.18844190164198,1.18844190164198,530.6675379979424,630.6675379979424,630.6675379979424,1,action_list,29,100.0
830.6675379979424,830.6675379979424,0.0,530.6675379979424,530.6675379979424,1.5653257049259404,1.5653257049259404,1.5653257049259404,1.5653257049259404,530.6675379979424,830.6675379979424,830.6675379979424,1,action_list,29,300.0
1030.6675379979424,1030.6675379979424,0.0,727.4289448562611,727.4289448562611,1.4168635236278657,1.4168635236278657,1.4168635236278657,1.4168635236278657,530.6675379979424,1030.6675379979424,1030.6675379979424,1,action_list,29,500.0
1530.6675379979424,1530.6675379979424,0.0,1227.428944856261,1227.428944856261,1.2470518512802322,1.2470518512802322,1.2470518512802322,1.2470518512802322,530.6675379979424,1530.6675379979424,1530.6675379979424,1,action_list,29,1000.0
2530.6675379979424,2530.6675379979424,0.0,2227.428944856261,2227.428944856261,1.1361383912344059,1.1361383912344059,1.1361383912344059,1.1361383912344059,530.6675379979424,2530.6675379979424,2530.6675379979424,1,action_list,29,2000.0
681.5975610166788,681.5975610166788,0.0,581.5975610166788,581.5975610166788,1.1719401983481361,1.1719401983481361,1.1719401983481361,1.1719401983481361,581.5975610166788,681.5975610166788,681.5975610166788,1,action_list,30,100.0
881.5975610166788,881.5975610166788,0.0,581.5975610166788,581.5975610166788,1.5158205950444086,1.5158205950444086,1.5158205950444086,1.5158205950444086,581.5975610166788,881.5975610166788,881.5975610166788,1,action_list,30,300.0
1081.5975610166788,1081.5975610166788,0.0,718.0990853812546,718.0990853812546,1.5061954304571143,1.5061954304571143,1.5061954304571143,1.5061954304571143,581.5975610166788,1081.5975610166788,1081.5975610166788,1,action_list,30,500.0
1581.5975610166788,1581.5975610166788,0.0,1218.0990853812546,1218.0990853812546,1.298414537863028,1.298414537863028,1.298414537863028,1.298414537863028,581.5975610166788,1581.5975610166788,1581.5975610166788,1,action_list,30,1000.0
2581.597561016679,2581.597561016679,0.0,2218.0990853812546,2218.0990853812546,1.163878375871989,1.163878375871989,1.163878375871989,1.163878375871989,581.5975610166788,2581.597561016679,2581.597561016679,1,action_list,30,2000.0
765.4436230310239,765.4436230310239,0.0,665.4436230310239,665.4436230310239,1.1502756905904528,1.1502756905904528,1.1502756905904528,1.1502756905904528,665.4436230310239,765.4436230310239,765.4436230310239,1,action_list,31,100.0
965.4436230310239,965.4436230310239,0.0,665.4436230310239,665.4436230310239,1.450827071771358,1.450827071771358,1.450827071771358,1.450827071771358,665.4436230310239,965.4436230310239,965.4436230310239,1,action_list,31,300.0
1165.443623031024,1165.443623031024,0.0,795.7527213471217,795.7527213471217,1.4645801286837652,1.4645801286837652,1.4645801286837652,1.4645801286837652,665.4436230310239,1165.443623031024,1165.443623031024,1,action_list,31,500.0
1665.443623031024,1665.443623031024,0.0,1295.7527213471217,1295.7527213471217,1.2853097628840442,1.2853097628840442,1.2853097628840442,1.2853097628840442,665.4436230310239,1665.443623031024,1665.443623031024,1,action_list,31,1000.0
2665.443623031024,2665.443623031024,0.0,2295.7527213471217,2295.7527213471217,1.1610325442484815,1.1610325442484815,1.1610325442484815,1.1610325442484815,665.4436230310239,2665.443623031024,2665.443623031024,1,action_list,31,2000.0
737.1847820119001,737.1847820119001,0.0,637.1847820119001,637.1847820119001,1.1569403457569274,1.1569403457569274,1.1569403457569274,1.1569403457569274,637.1847820119001,737.1847820119001,737.1847820119001,1,action_list,32,100.0
937.1847820119001,937.1847820119001,0.0,637.1847820119001,637.1847820119001,1.4708210372707822,1.4708210372707822,1.4708210372707822,1.4708210372707822,637.1847820119001,937.1847820119001,937.1847820119001,1,action_list,32,300.0
1137.1847820119,1137.1847820119,0.0,783.1932364497334,783.1932364497334,1.4519849369062912,1.4519849369062912,1.4519849369062912,1.4519849369062912,637.1847820119001,1137.1847820119,1137.1847820119,1,action_list,32,500.0
1637.1847820119,1637.1847820119,0.0,1283.1932364497334,1283.1932364497334,1.2758676834531724,1.2758676834531724,1.2758676834531724,1.2758676834531724,637.1847820119001,1637.1847820119,1637.1847820119,1,action_list,32,1000.0
2637.1847820119,2637.1847820119,0.0,2283.1932364497334,2283.1932364497334,1.1550423064990365,1.1550423064990365,1.1550423064990365,1.1550423064990365,637.1847820119001,2637.1847820119,2637.1847820119,1,action_list,32,2000.0
740.7515240134671,740.7515240134671,0.0,640.7515240134671,640.7515240134671,1.1560667376546079,1.1560667376546079,1.1560667376546079,1.1560667376546079,640.7515240134671,740.7515240134671,740.7515240134671,1,action_list,33,100.0
940.7515240134671,940.7515240134671,0.0,640.7515240134671,640.7515240134671,1.4682002129638239,1.4682002129638239,1.4682002129638239,1.4682002129638239,640.7515240134671,940.7515240134671,940.7515240134671,1,action_list,33,300.0
1140.7515240134671,1140.7515240134671,0.0,784.7784551170964,784.7784551170964,1.4535968929514713,1.4535968929514713,1.4535968929514713,1.4535968929514713,640.7515240134671,1140.7515240134671,1140.7515240134671,1,action_list,33,500.0
1640.7515240134671,1640.7515240134671,0.0,1284.7784551170964,1284.7784551170964,1.2770696126468954,1.2770696126468954,1.2770696126468954,1.2770696126468954,640.7515240134671,1640.7515240134671,1640.7515240134671,1,action_list,33,1000.0
2640.751524013467,2640.751524013467,0.0,2284.7784551170967,2284.7784551170967,1.1558020070169677,1.1558020070169677,1.1558020070169677,1.1558020070169677,640.7515240134671,2640.751524013467,2640.751524013467,1,action_list,33,2000.0
707.7549019828439,707.7549019828439,0.0,607.7549019828439,607.7549019828439,1.1645400138670092,1.1645400138670092,1.1645400138670092,1.1645400138670092,607.7549019828439,707.7549019828439,707.7549019828439,1,action_list,34,100.0
907.7549019828439,907.7549019828439,0.0,607.7549019828439,607.7549019828439,1.493620041601028,1.493620041601028,1.493620041601028,1.493620041601028,607.7549019828439,907.7549019828439,907.7549019828439,1,action_list,34,300.0
1107.7549019828439,1107.7549019828439,0.0,803.8774509914219,803.8774509914219,1.3780146471538042,1.3780146471538042,1.3780146471538042,1.3780146471538042,607.7549019828439,1107.7549019828439,1107.7549019828439,1,action_list,34,500.0
1607.7549019828439,1607.7549019828439,0.0,1303.877450991422,1303.877450991422,1.2330567575659541,1.2330567575659541,1.2330567575659541,1.2330567575659541,607.7549019828439,1607.7549019828439,1607.7549019828439,1,action_list,34,1000.0
2607.754901982844,2607.754901982844,0.0,2303.877450991422,2303.877450991422,1.1318982703965679,1.1318982703965679,1.1318982703965679,1.1318982703965679,607.7549019828439,2607.754901982844,2607.754901982844,1,action_list,34,2000.0
575.2675810013898,575.2675810013898,0.0,475.2675810013898,475.2675810013898,1.2104077871023724,1.2104077871023724,1.2104077871023724,1.2104077871023724,475.2675810013898,575.2675810013898,575.2675810013898,1,action_list,35,100.0
775.2675810013898,775.2675810013898,0.0,537.6337905006949,537.6337905006949,1.4419993584841237,1.4419993584841237,1.4419993584841237,1.4419993584841237,475.2675810013898,775.2675810013898,775.2675810013898,1,action_list,35,300.0
975.2675810013898,975.2675810013898,0.0,737.6337905006949,737.6337905006949,1.3221568664030325,1.3221568664030325,1.3221568664030325,1.3221568664030325,475.2675810013898,975.2675810013898,975.2675810013898,1,action_list,35,500.0
1475.2675810013898,1475.2675810013898,0.0,1237.6337905006949,1237.6337905006949,1.1920065469483976,1.1920065469483976,1.1920065469483976,1.1920065469483976,475.2675810013898,1475.2675810013898,1475.2675810013898,1,action_list,35,1000.0
2475.2675810013898,2475.2675810013898,0.0,2237.633790500695,2237.633790500695,1.1061986959213383,1.1061986959213383,1.1061986959213383,1.1061986959213383,475.2675810013898,2475.2675810013898,2475.2675810013898,1,action_list,35,2000.0
711.6647109738551,711.6647109738551,0.0,611.6647109738551,611.6647109738551,1.1634882611435702,1.1634882611435702,1.1634882611435702,1.1634882611435702,611.6647109738551,711.6647109738551,711.6647109738551,1,action_list,36,100.0
911.6647109738551,911.6647109738551,0.0,611.6647109738551,611.6647109738551,1.4904647834307105,1.4904647834307105,1.4904647834307105,1.4904647834307105,611.6647109738551,911.6647109738551,911.6647109738551,1,action_list,36,300.0
1111.664710973855,1111.664710973855,0.0,729.3742666151957,729.3742666151957,1.5241348123409306,1.5241348123409306,1.5241348123409306,1.5241348123409306,611.6647109738551,1111.664710973855,1111.664710973855,1,action_list,36,500.0
1611.664710973855,1611.664710973855,0.0,1229.3742666151957,1229.3742666151957,1.3109634346025558,1.3109634346025558,1.3109634346025558,1.3109634346025558,611.6647109738551,1611.664710973855,1611.664710973855,1,action_list,36,1000.0
2611.664710973855,2611.664710973855,0.0,2229.3742666151957,2229.3742666151957,1.1714788091364676,1.1714788091364676,1.1714788091364676,1.1714788091364676,611.6647109738551,2611.664710973855,2611.664710973855,1,action_list,36,2000.0
1709.7116420045495,1709.7116420045495,0.0,1709.7116420045495,1709.7116420045495,1.0,1.0,1.0584893952542518,1.0584893952542518,1709.7116420045495,1809.7116420045495,1809.7116420045495,1,action_list,37,100.0
1709.7116420045495,1709.7116420045495,0.0,1709.7116420045495,1709.7116420045495,1.0,1.0,1.1754681857627556,1.1754681857627556,1709.7116420045495,2009.7116420045495,2009.7116420045495,1,action_list,37,300.0
1709.7116420045495,1709.7116420045495,0.0,1709.7116420045495,1709.7116420045495,1.0,1.0,1.2924469762712592,1.2924469762712592,1709.7116420045495,2209.7116420045495,2209.7116420045495,1,action_list,37,500.0
1709.7116420045495,1709.7116420045495,0.0,1709.7116420045495,1709.7116420045495,1.0,1.0,1.5848939525425183,1.5848939525425183,1709.7116420045495,2709.7116420045495,2709.7116420045495,1,action_list,37,1000.0
2390.7912324581825,2390.7912324581825,0.0,2195.3956162290915,2195.3956162290915,1.0890024626015748,1.0890024626015748,1.689769085162206,1.689769085162206,1709.7116420045495,3709.7116420045495,3709.7116420045495,1,action_list,37,2000.0
797.7639410179108,797.7639410179108,0.0,697.7639410179108,697.7639410179108,1.1433149438105359,1.1433149438105359,1.1433149438105359,1.1433149438105359,697.7639410179108,797.7639410179108,797.7639410179108,1,action_list,38,100.0
997.7639410179108,997.7639410179108,0.0,697.7639410179108,697.7639410179108,1.4299448314316079,1.4299448314316079,1.4299448314316079,1.4299448314316079,697.7639410179108,997.7639410179108,997.7639410179108,1,action_list,38,300.0
1197.7639410179108,1197.7639410179108,0.0,848.8819705089554,848.8819705089554,1.410989964010874,1.410989964010874,1.410989964010874,1.410989964010874,697.7639410179108,1197.7639410179108,1197.7639410179108,1,action_list,38,500.0
1697.7639410179108,1697.7639410179108,0.0,1348.8819705089554,1348.8819705089554,1.258645291535268,1.258645291535268,1.258645291535268,1.258645291535268,697.7639410179108,1697.7639410179108,1697.7639410179108,1,action_list,38,1000.0
2697.763941017911,2697.763941017911,0.0,2348.8819705089554,2348.8819705089554,1.148531077716672,1.148531077716672,1.148531077716672,1.148531077716672,697.7639410179108,2697.763941017911,2697.763941017911,1,action_list,38,2000.0
767.3640430090018,767.3640430090018,0.0,667.3640430090018,667.3640430090018,1.1498432542891004,1.1498432542891004,1.1498432542891004,1.1498432542891004,667.3640430090018,767.3640430090018,767.3640430090018,1,action_list,39,100.0
967.3640430090018,967.3640430090018,0.0,670.7578016716677,670.7578016716677,1.4421957383099082,1.4421957383099082,1.4421957383099082,1.4421957383099082,667.3640430090018,967.3640430090018,967.3640430090018,1,action_list,39,300.0
1167.3640430090018,1167.3640430090018,0.0,870.7578016716677,870.7578016716677,1.3406300130391182,1.3406300130391182,1.3406300130391182,1.3406300130391182,667.3640430090018,1167.3640430090018,1167.3640430090018,1,action_list,39,500.0
1667.3640430090018,1667.3640430090018,0.0,1370.7578016716677,1370.7578016716677,1.2163812169995434,1.2163812169995434,1.2163812169995434,1.2163812169995434,667.3640430090018,1667.3640430090018,1667.3640430090018,1,action_list,39,1000.0
2667.3640430090018,2667.3640430090018,0.0,2370.7578016716675,2370.7578016716675,1.1251103090869052,1.1251103090869052,1.1251103090869052,1.1251103090869052,667.3640430090018,2667.3640430090018,2667.3640430090018,1,action_list,39,2000.0
712.623116991017,712.623116991017,0.0,612.623116991017,612.623116991017,1.1632324951940498,1.1632324951940498,1.1632324951940498,1.1632324951940498,612.623116991017,712.623116991017,712.623116991017,1,action_list,40,100.0
912.623116991017,912.623116991017,0.0,682.8894481193856,682.8894481193856,1.3364141436132841,1.3364141436132841,1.3364141436132841,1.3364141436132841,612.623116991017,912.623116991017,912.623116991017,1,action_list,40,300.0
1112.623116991017,1112.623116991017,0.0,882.8894481193856,882.8894481193856,1.260206608382261,1.260206608382261,1.260206608382261,1.260206608382261,612.623116991017,1112.623116991017,1112.623116991017,1,action_list,40,500.0
1612.623116991017,1612.623116991017,0.0,1382.8894481193856,1382.8894481193856,1.1661258383192163,1.1661258383192163,1.1661258383192163,1.1661258383192163,612.623116991017,1612.623116991017,1612.623116991017,1,action_list,40,1000.0
2612.623116991017,2612.623116991017,0.0,2382.8894481193856,2382.8894481193856,1.0964097050549033,1.0964097050549033,1.0964097050549033,1.0964097050549033,612.623116991017,2612.623116991017,2612.623116991017,1,action_list,40,2000.0
712.8596229827963,712.8596229827963,0.0,612.8596229827963,612.8596229827963,1.1631695028517275,1.1631695028517275,1.1631695028517275,1.1631695028517275,612.8596229827963,712.8596229827963,712.8596229827963,1,action_list,41,100.0
912.8596229827963,912.8596229827963,0.0,612.8596229827963,612.8596229827963,1.4895085085551825,1.4895085085551825,1.4895085085551825,1.4895085085551825,612.8596229827963,912.8596229827963,912.8596229827963,1,action_list,41,300.0
1112.8596229827963,1112.8596229827963,0.0,729.8223586185486,729.8223586185486,1.5248362972727822,1.5248362972727822,1.5248362972727822,1.5248362972727822,612.8596229827963,1112.8596229827963,1112.8596229827963,1,action_list,41,500.0
1612.8596229827963,1612.8596229827963,0.0,1229.8223586185486,1229.8223586185486,1.3114573919395245,1.3114573919395245,1.3114573919395245,1.3114573919395245,612.8596229827963,1612.8596229827963,1612.8596229827963,1,action_list,41,1000.0
2612.8596229827963,2612.8596229827963,0.0,2229.8223586185486,2229.8223586185486,1.1717792733056782,1.1717792733056782,1.1717792733056782,1.1717792733056782,612.8596229827963,2612.8596229827963,2612.8596229827963,1,action_list,41,2000.0
1485.3010050137527,1485.3010050137527,0.0,1485.3010050137527,1485.3010050137527,1.0,1.0,1.0673264204780324,1.0673264204780324,1485.3010050137527,1585.3010050137527,1585.3010050137527,1,action_list,42,100.0
1485.3010050137527,1485.3010050137527,0.0,1485.3010050137527,1485.3010050137527,1.0,1.0,1.2019792614340972,1.2019792614340972,1485.3010050137527,1785.3010050137527,1785.3010050137527,1,action_list,42,300.0
1485.3010050137527,1485.3010050137527,0.0,1485.3010050137527,1485.3010050137527,1.0,1.0,1.336632102390162,1.336632102390162,1485.3010050137527,1985.3010050137527,1985.3010050137527,1,action_list,42,500.0
1571.2696173129818,1571.2696173129818,0.0,1485.3010050137527,1485.3010050137527,1.0578795893957085,1.0578795893957085,1.673264204780324,1.673264204780324,1485.3010050137527,2485.3010050137527,2485.3010050137527,1,action_list,42,1000.0
2571.2696173129816,2571.2696173129816,0.0,2228.5078469251926,2228.5078469251926,1.1538077466770953,1.1538077466770953,1.5639617378160162,1.5639617378160162,1485.3010050137527,3485.3010050137527,3485.3010050137527,1,action_list,42,2000.0
861.6566350334324,861.6566350334324,0.0,761.6566350334324,761.6566350334324,1.1312927576553056,1.1312927576553056,1.1312927576553056,1.1312927576553056,761.6566350334324,861.6566350334324,861.6566350334324,1,action_list,43,100.0
1061.6566350334324,1061.6566350334324,0.0,761.6566350334324,761.6566350334324,1.393878272965917,1.393878272965917,1.393878272965917,1.393878272965917,761.6566350334324,1061.6566350334324,1061.6566350334324,1,action_list,43,300.0
1261.6566350334324,1261.6566350334324,0.0,915.4490736545995,915.4490736545995,1.3781833106201358,1.3781833106201358,1.3781833106201358,1.3781833106201358,761.6566350334324,1261.6566350334324,1261.6566350334324,1,action_list,43,500.0
1761.6566350334324,1761.6566350334324,0.0,1415.4490736545995,1415.4490736545995,1.2445920293585322,1.2445920293585322,1.2445920293585322,1.2445920293585322,761.6566350334324,1761.6566350334324,1761.6566350334324,1,action_list,43,1000.0
2761.6566350334324,2761.6566350334324,0.0,2415.4490736545995,2415.4490736545995,1.1433305157020004,1.1433305157020004,1.1433305157020004,1.1433305157020004,761.6566350334324,2761.6566350334324,2761.6566350334324,1,action_list,43,2000.0
577.3500860319473,577.3500860319473,0.0,477.3500860319473,477.3500860319473,1.2094898543567192,1.2094898543567192,1.2094898543567192,1.2094898543567192,477.3500860319473,577.3500860319473,577.3500860319473,1,action_list,44,100.0
777.3500860319473,777.3500860319473,0.0,538.6750430159736,538.6750430159736,1.4430779671537448,1.4430779671537448,1.4430779671537448,1.4430779671537448,477.3500860319473,777.3500860319473,777.3500860319473,1,action_list,44,300.0
977.3500860319473,977.3500860319473,0.0,738.6750430159736,738.6750430159736,1.323112368926768,1.323112368926768,1.323112368926768,1.323112368926768,477.3500860319473,977.3500860319473,977.3500860319473,1,action_list,44,500.0
1477.3500860319473,1477.3500860319473,0.0,1238.6750430159736,1238.6750430159736,1.1926857607745438,1.1926857607745438,1.1926857607745438,1.1926857607745438,477.3500860319473,1477.3500860319473,1477.3500860319473,1,action_list,44,1000.0
2477.3500860319473,2477.3500860319473,0.0,2238.6750430159736,2238.6750430159736,1.1066144207756152,1.1066144207756152,1.1066144207756152,1.1066144207756152,477.3500860319473,2477.3500860319473,2477.3500860319473,1,action_list,44,2000.0
522.1647519734688,522.1647519734688,0.0,422.1647519734688,422.1647519734688,1.2368743471181236,1.2368743471181236,1.2368743471181236,1.2368743471181236,422.1647519734688,522.1647519734688,522.1647519734688,1,action_list,45,100.0
722.1647519734688,722.1647519734688,0.0,468.8659007893875,468.8659007893875,1.5402373061415315,1.5402373061415315,1.5402373061415315,1.5402373061415315,422.1647519734688,722.1647519734688,722.1647519734688,1,action_list,45,300.0
922.1647519734688,922.1647519734688,0.0,668.8659007893875,668.8659007893875,1.378699005114689,1.378699005114689,1.378699005114689,1.378699005114689,422.1647519734688,922.1647519734688,922.1647519734688,1,action_list,45,500.0
1422.1647519734688,1422.1647519734688,0.0,1168.8659007893875,1168.8659007893875,1.2167047999372873,1.2167047999372873,1.2167047999372873,1.2167047999372873,422.1647519734688,1422.1647519734688,1422.1647519734688,1,action_list,45,1000.0
2422.164751973469,2422.164751973469,0.0,2168.8659007893875,2168.8659007893875,1.116788618001643,1.116788618001643,1.116788618001643,1.116788618001643,422.1647519734688,2422.164751973469,2422.164751973469,1,action_list,45,2000.0
740.5200579902157,740.5200579902157,0.0,640.5200579902157,640.5200579902157,1.1561231358058854,1.1561231358058854,1.1561231358058854,1.1561231358058854,640.5200579902157,740.5200579902157,740.5200579902157,1,action_list,46,100.0
940.5200579902157,940.5200579902157,0.0,640.5200579902157,640.5200579902157,1.468369407417656,1.468369407417656,1.468369407417656,1.468369407417656,640.5200579902157,940.5200579902157,940.5200579902157,1,action_list,46,300.0
1140.5200579902157,1140.5200579902157,0.0,784.6755813289847,784.6755813289847,1.4534924816426,1.4534924816426,1.4534924816426,1.4534924816426,640.5200579902157,1140.5200579902157,1140.5200579902157,1,action_list,46,500.0
1640.5200579902157,1640.5200579902157,0.0,1284.6755813289847,1284.6755813289847,1.2769917026780515,1.2769917026780515,1.2769917026780515,1.2769917026780515,640.5200579902157,1640.5200579902157,1640.5200579902157,1,action_list,46,1000.0
2640.5200579902157,2640.5200579902157,0.0,2284.6755813289847,2284.6755813289847,1.1557527377494174,1.1557527377494174,1.1557527377494174,1.1557527377494174,640.5200579902157,2640.5200579902157,2640.5200579902157,1,action_list,46,2000.0
688.7604019953869,688.7604019953869,0.0,588.7604019953869,588.7604019953869,1.1698483791727277,1.1698483791727277,1.1698483791727277,1.1698483791727277,588.7604019953869,688.7604019953869,688.7604019953869,1,action_list,47,100.0
888.7604019953869,888.7604019953869,0.0,588.7604019953869,588.7604019953869,1.5095451375181828,1.5095451375181828,1.5095451375181828,1.5095451375181828,588.7604019953869,888.7604019953869,888.7604019953869,1,action_list,47,300.0
1088.760401995387,1088.760401995387,0.0,720.7851507482701,720.7851507482701,1.51052002231887,1.51052002231887,1.51052002231887,1.51052002231887,588.7604019953869,1088.760401995387,1088.760401995387,1,action_list,47,500.0
1588.760401995387,1588.760401995387,0.0,1220.78515074827,1220.78515074827,1.301425071415367,1.301425071415367,1.301425071415367,1.301425071415367,588.7604019953869,1588.760401995387,1588.760401995387,1,action_list,47,1000.0
2588.760401995387,2588.760401995387,0.0,2220.78515074827,2220.78515074827,1.1656960157190943,1.1656960157190943,1.1656960157190943,1.1656960157190943,588.7604019953869,2588.760401995387,2588.760401995387,1,action_list,47,2000.0
940.1942719938233,940.1942719938233,0.0,840.1942719938233,840.1942719938233,1.1190200925349025,1.1190200925349025,1.1190200925349025,1.1190200925349025,840.1942719938233,940.1942719938233,940.1942719938233,1,action_list,48,100.0
1140.1942719938233,1140.1942719938233,0.0,860.1295146625489,860.1295146625489,1.3256076585642467,1.3256076585642467,1.3256076585642467,1.3256076585642467,840.1942719938233,1140.1942719938233,1140.1942719938233,1,action_list,48,300.0
1340.1942719938233,1340.1942719938233,0.0,1060.129514662549,1060.129514662549,1.2641797567728525,1.2641797567728525,1.2641797567728525,1.2641797567728525,840.1942719938233,1340.1942719938233,1340.1942719938233,1,action_list,48,500.0
1840.1942719938233,1840.1942719938233,0.0,1560.129514662549,1560.129514662549,1.1795137869639314,1.1795137869639314,1.1795137869639314,1.1795137869639314,840.1942719938233,1840.1942719938233,1840.1942719938233,1,action_list,48,1000.0
2840.1942719938233,2840.1942719938233,0.0,2560.129514662549,2560.129514662549,1.1093947613694028,1.1093947613694028,1.1093947613694028,1.1093947613694028,840.1942719938233,2840.1942719938233,2840.1942719938233,1,action_list,48,2000.0
713.1527260295115,713.1527260295115,0.0,613.1527260295115,613.1527260295115,1.1630915035598928,1.1630915035598928,1.1630915035598928,1.1630915035598928,613.1527260295115,713.1527260295115,713.1527260295115,1,action_list,49,100.0
913.1527260295115,913.1527260295115,0.0,613.1527260295115,613.1527260295115,1.489274510679678,1.489274510679678,1.489274510679678,1.489274510679678,613.1527260295115,913.1527260295115,913.1527260295115,1,action_list,49,300.0
1113.1527260295115,1113.1527260295115,0.0,806.5763630147558,806.5763630147558,1.3800958930520348,1.3800958930520348,1.3800958930520348,1.3800958930520348,613.1527260295115,1113.1527260295115,1113.1527260295115,1,action_list,49,500.0
1613.1527260295115,1613.1527260295115,0.0,1306.5763630147558,1306.5763630147558,1.2346409836370915,1.2346409836370915,1.2346409836370915,1.2346409836370915,613.1527260295115,1613.1527260295115,1613.1527260295115,1,action_list,49,1000.0
2613.1527260295115,2613.1527260295115,0.0,2306.5763630147558,2306.5763630147558,1.1329140313455968,1.1329140313455968,1.1329140313455968,1.1329140313455968,613.1527260295115,2613.1527260295115,2613.1527260295115,1,action_list,49,2000.0
747.6675890153274,747.6675890153274,0.0,647.6675890153274,647.6675890153274,1.154400191851554,1.154400191851554,1.154400191851554,1.154400191851554,647.6675890153274,747.6675890153274,747.6675890153274,1,action_list,50,100.0
947.6675890153274,947.6675890153274,0.0,647.6675890153274,647.6675890153274,1.4632005755546622,1.4632005755546622,1.4632005755546622,1.4632005755546622,647.6675890153274,947.6675890153274,947.6675890153274,1,action_list,50,300.0
1147.6675890153274,1147.6675890153274,0.0,787.8522617845899,787.8522617845899,1.456704060753355,1.456704060753355,1.456704060753355,1.456704060753355,647.6675890153274,1147.6675890153274,1147.6675890153274,1,action_list,50,500.0
1647.6675890153274,1647.6675890153274,0.0,1287.85226178459,1287.85226178459,1.2793917733483946,1.2793917733483946,1.2793917733483946,1.2793917733483946,647.6675890153274,1647.6675890153274,1647.6675890153274,1,action_list,50,1000.0
2647.6675890153274,2647.6675890153274,0.0,2287.85226178459,2287.85226178459,1.1572720989204395,1.1572720989204395,1.1572720989204395,1.1572720989204395,647.6675890153274,2647.6675890153274,2647.6675890153274,1,action_list,50,2000.0
929.1071850107983,929.1071850107983,0.0,829.1071850107983,829.1071850107983,1.1206116673548037,1.1206116673548037,1.1206116673548037,1.1206116673548037,829.1071850107983,929.1071850107983,929.1071850107983,1,action_list,51,100.0
1129.1071850107983,1129.1071850107983,0.0,829.1071850107983,829.1071850107983,1.3618350020644108,1.3618350020644108,1.3618350020644108,1.3618350020644108,829.1071850107983,1129.1071850107983,1129.1071850107983,1,action_list,51,300.0
1329.1071850107983,1329.1071850107983,0.0,983.6458579229657,983.6458579229657,1.3512049832825987,1.3512049832825987,1.3512049832825987,1.3512049832825987,829.1071850107983,1329.1071850107983,1329.1071850107983,1,action_list,51,500.0
1829.1071850107983,1829.1071850107983,0.0,1483.6458579229657,1483.6458579229657,1.23284621814768,1.23284621814768,1.23284621814768,1.23284621814768,829.1071850107983,1829.1071850107983,1829.1071850107983,1,action_list,51,1000.0
2829.1071850107983,2829.1071850107983,0.0,2483.6458579229657,2483.6458579229657,1.1390944389216329,1.1390944389216329,1.1390944389216329,1.1390944389216329,829.1071850107983,2829.1071850107983,2829.1071850107983,1,action_list,51,2000.0
801.5224740025587,801.5224740025587,0.0,701.5224740025587,701.5224740025587,1.1425471081909135,1.1425471081909135,1.1425471081909135,1.1425471081909135,701.5224740025587,801.5224740025587,801.5224740025587,1,action_list,52,100.0
1001.5224740025587,1001.5224740025587,0.0,701.5224740025587,701.5224740025587,1.4276413245727404,1.4276413245727404,1.4276413245727404,1.4276413245727404,701.5224740025587,1001.5224740025587,1001.5224740025587,1,action_list,52,300.0
1201.5224740025587,1201.5224740025587,0.0,850.7612370012794,850.7612370012794,1.4122910421231991,1.4122910421231991,1.4122910421231991,1.4122910421231991,701.5224740025587,1201.5224740025587,1201.5224740025587,1,action_list,52,500.0
1701.5224740025587,1701.5224740025587,0.0,1350.7612370012794,1350.7612370012794,1.259676712207094,1.259676712207094,1.259676712207094,1.259676712207094,701.5224740025587,1701.5224740025587,1701.5224740025587,1,action_list,52,1000.0
2701.5224740025587,2701.5224740025587,0.0,2350.7612370012794,2350.7612370012794,1.1492117665887345,1.1492117665887345,1.1492117665887345,1.1492117665887345,701.5224740025587,2701.5224740025587,2701.5224740025587,1,action_list,52,2000.0
772.3247019690461,772.3247019690461,0.0,672.3247019690461,672.3247019690461,1.1487376556403903,1.1487376556403903,1.1487376556403903,1.1487376556403903,672.3247019690461,772.3247019690461,772.3247019690461,1,action_list,53,100.0
972.3247019690461,972.3247019690461,0.0,672.3247019690461,672.3247019690461,1.4462129669211707,1.4462129669211707,1.4462129669211707,1.4462129669211707,672.3247019690461,972.3247019690461,972.3247019690461,1,action_list,53,300.0
1172.3247019690461,1172.3247019690461,0.0,798.8109786529094,798.8109786529094,1.4675871179762938,1.4675871179762938,1.4675871179762938,1.4675871179762938,672.3247019690461,1172.3247019690461,1172.3247019690461,1,action_list,53,500.0
1672.3247019690461,1672.3247019690461,0.0,1298.8109786529094,1298.8109786529094,1.287581279689778,1.287581279689778,1.287581279689778,1.287581279689778,672.3247019690461,1672.3247019690461,1672.3247019690461,1,action_list,53,1000.0
2672.324701969046,2672.324701969046,0.0,2298.8109786529094,2298.8109786529094,1.1624812682663512,1.1624812682663512,1.1624812682663512,1.1624812682663512,672.3247019690461,2672.324701969046,2672.324701969046,1,action_list,53,2000.0
520.9640700137243,520.9640700137243,0.0,420.96407001372427,420.96407001372427,1.2375499647671588,1.2375499647671588,1.2375499647671588,1.2375499647671588,420.96407001372427,520.9640700137243,520.9640700137243,1,action_list,54,100.0
720.9640700137243,720.9640700137243,0.0,468.3856280054897,468.3856280054897,1.5392531856363325,1.5392531856363325,1.5392531856363325,1.5392531856363325,420.96407001372427,720.9640700137243,720.9640700137243,1,action_list,54,300.0
920.9640700137243,920.9640700137243,0.0,668.3856280054897,668.3856280054897,1.3778932870862988,1.3778932870862988,1.3778932870862988,1.3778932870862988,420.96407001372427,920.9640700137243,920.9640700137243,1,action_list,54,500.0
1420.9640700137243,1420.9640700137243,0.0,1168.3856280054897,1168.3856280054897,1.2161772927996404,1.2161772927996404,1.2161772927996404,1.2161772927996404,420.96407001372427,1420.9640700137243,1420.9640700137243,1,action_list,54,1000.0
2420.9640700137243,2420.9640700137243,0.0,2168.3856280054897,2168.3856280054897,1.1164822523937126,1.1164822523937126,1.1164822523937126,1.1164822523937126,420.96407001372427,2420.9640700137243,2420.9640700137243,1,action_list,54,2000.0
690.1707099983469,690.1707099983469,0.0,590.1707099983469,590.1707099983469,1.1694424991038272,1.1694424991038272,1.1694424991038272,1.1694424991038272,590.1707099983469,690.1707099983469,690.1707099983469,1,action_list,55,100.0
890.1707099983469,890.1707099983469,0.0,590.1707099983469,590.1707099983469,1.5083274973114817,1.5083274973114817,1.5083274973114817,1.5083274973114817,590.1707099983469,890.1707099983469,890.1707099983469,1,action_list,55,300.0
1090.1707099983469,1090.1707099983469,0.0,721.3140162493801,721.3140162493801,1.5113677059360535,1.5113677059360535,1.5113677059360535,1.5113677059360535,590.1707099983469,1090.1707099983469,1090.1707099983469,1,action_list,55,500.0
1590.1707099983469,1590.1707099983469,0.0,1221.31401624938,1221.31401624938,1.3020162618633617,1.3020162618633617,1.3020162618633617,1.3020162618633617,590.1707099983469,1590.1707099983469,1590.1707099983469,1,action_list,55,1000.0
2590.170709998347,2590.170709998347,0.0,2221.31401624938,2221.31401624938,1.166053376987991,1.166053376987991,1.166053376987991,1.166053376987991,590.1707099983469,2590.170709998347,2590.170709998347,1,action_list,55,2000.0
579.726716002915,579.726716002915,0.0,479.72671600291505,479.72671600291505,1.2084520137489954,1.2084520137489954,1.2084520137489954,1.2084520137489954,479.72671600291505,579.726716002915,579.726716002915,1,action_list,56,100.0
779.726716002915,779.726716002915,0.0,539.8633580014575,539.8633580014575,1.4443038306756317,1.4443038306756317,1.4443038306756317,1.4443038306756317,479.72671600291505,779.726716002915,779.726716002915,1,action_list,56,300.0
979.726716002915,979.726716002915,0.0,739.8633580014575,739.8633580014575,1.3241995368568922,1.3241995368568922,1.3241995368568922,1.3241995368568922,479.72671600291505,979.726716002915,979.726716002915,1,action_list,56,500.0
1479.726716002915,1479.726716002915,0.0,1239.8633580014575,1239.8633580014575,1.1934595102383658,1.1934595102383658,1.1934595102383658,1.1934595102383658,479.72671600291505,1479.726716002915,1479.726716002915,1,action_list,56,1000.0
2479.726716002915,2479.726716002915,0.0,2239.8633580014575,2239.8633580014575,1.1070883887379086,1.1070883887379086,1.1070883887379086,1.1070883887379086,479.72671600291505,2479.726716002915,2479.726716002915,1,action_list,56,2000.0
634.4058339833282,634.4058339833282,0.0,534.4058339833282,534.4058339833282,1.1871237056950237,1.1871237056950237,1.1871237056950237,1.1871237056950237,534.4058339833282,634.4058339833282,634.4058339833282,1,action_list,57,100.0
834.4058339833282,834.4058339833282,0.0,534.4058339833282,534.4058339833282,1.561371117085071,1.561371117085071,1.561371117085071,1.561371117085071,534.4058339833282,834.4058339833282,834.4058339833282,1,action_list,57,300.0
1034.4058339833282,1034.4058339833282,0.0,652.6873811380938,652.6873811380938,1.5848411718633664,1.5848411718633664,1.5848411718633664,1.5848411718633664,534.4058339833282,1034.4058339833282,1034.4058339833282,1,action_list,57,500.0
1534.4058339833282,1534.4058339833282,0.0,1152.6873811380938,1152.6873811380938,1.331155228287785,1.331155228287785,1.331155228287785,1.331155228287785,534.4058339833282,1534.4058339833282,1534.4058339833282,1,action_list,57,1000.0
2534.405833983328,2534.405833983328,0.0,2152.6873811380938,2152.6873811380938,1.1773218239628578,1.1773218239628578,1.1773218239628578,1.1773218239628578,534.4058339833282,2534.405833983328,2534.405833983328,1,action_list,57,2000.0
802.7012259932235,802.7012259932235,0.0,702.7012259932235,702.7012259932235,1.1423079913638352,1.1423079913638352,1.1423079913638352,1.1423079913638352,702.7012259932235,802.7012259932235,802.7012259932235,1,action_list,58,100.0
1002.7012259932235,1002.7012259932235,0.0,702.7012259932235,702.7012259932235,1.4269239740915054,1.4269239740915054,1.4269239740915054,1.4269239740915054,702.7012259932235,1002.7012259932235,1002.7012259932235,1,action_list,58,300.0
1202.7012259932235,1202.7012259932235,0.0,851.3506129966117,851.3506129966117,1.412697903346679,1.412697903346679,1.412697903346679,1.412697903346679,702.7012259932235,1202.7012259932235,1202.7012259932235,1,action_list,58,500.0
1702.7012259932235,1702.7012259932235,0.0,1351.3506129966117,1351.3506129966117,1.2599995956767236,1.2599995956767236,1.2599995956767236,1.2599995956767236,702.7012259932235,1702.7012259932235,1702.7012259932235,1,action_list,58,1000.0
2702.7012259932235,2702.7012259932235,0.0,2351.3506129966117,2351.3506129966117,1.1494250202647758,1.1494250202647758,1.1494250202647758,1.1494250202647758,702.7012259932235,2702.7012259932235,2702.7012259932235,1,action_list,58,2000.0
691.4867100073025,691.4867100073025,0.0,591.4867100073025,591.4867100073025,1.1690655061358275,1.1690655061358275,1.1690655061358275,1.1690655061358275,591.4867100073025,691.4867100073025,691.4867100073025,1,action_list,59,100.0
891.4867100073025,891.4867100073025,0.0,595.7433550036512,595.7433550036512,1.4964274507129647,1.4964274507129647,1.4964274507129647,1.4964274507129647,591.4867100073025,891.4867100073025,891.4867100073025,1,action_list,59,300.0
1091.4867100073025,1091.4867100073025,0.0,795.7433550036512,795.7433550036512,1.371656707082768,1.371656707082768,1.371656707082768,1.371656707082768,591.4867100073025,1091.4867100073025,1091.4867100073025,1,action_list,59,500.0
1591.4867100073025,1591.4867100073025,0.0,1295.7433550036512,1295.7433550036512,1.22824223165923,1.22824223165923,1.22824223165923,1.22824223165923,591.4867100073025,1591.4867100073025,1591.4867100073025,1,action_list,59,1000.0
2591.4867100073025,2591.4867100073025,0.0,2295.7433550036512,2295.7433550036512,1.128822481118836,1.128822481118836,1.128822481118836,1.128822481118836,591.4867100073025,2591.4867100073025,2591.4867100073025,1,action_list,59,2000.0
772.8323890129104,772.8323890129104,0.0,672.8323890129104,672.8323890129104,1.1486254253406358,1.1486254253406358,1.1486254253406358,1.1486254253406358,672.8323890129104,772.8323890129104,772.8323890129104,1,action_list,60,100.0
972.8323890129104,972.8323890129104,0.0,673.7957716738392,673.7957716738392,1.443808984725752,1.443808984725752,1.443808984725752,1.443808984725752,672.8323890129104,972.8323890129104,972.8323890129104,1,action_list,60,300.0
1172.8323890129104,1172.8323890129104,0.0,873.7957716738392,873.7957716738392,1.3422271279320086,1.3422271279320086,1.3422271279320086,1.3422271279320086,672.8323890129104,1172.8323890129104,1172.8323890129104,1,action_list,60,500.0
1672.8323890129104,1672.8323890129104,0.0,1373.7957716738392,1373.7957716738392,1.2176718137476312,1.2176718137476312,1.2176718137476312,1.2176718137476312,672.8323890129104,1672.8323890129104,1672.8323890129104,1,action_list,60,1000.0
2672.8323890129104,2672.8323890129104,0.0,2373.795771673839,2373.795771673839,1.1259740289823714,1.1259740289823714,1.1259740289823714,1.1259740289823714,672.8323890129104,2672.8323890129104,2672.8323890129104,1,action_list,60,2000.0
717.5658339634538,717.5658339634538,0.0,617.5658339634538,617.5658339634538,1.1619260563010967,1.1619260563010967,1.1619260563010967,1.1619260563010967,617.5658339634538,717.5658339634538,717.5658339634538,1,action_list,61,100.0
917.5658339634538,917.5658339634538,0.0,617.5658339634538,617.5658339634538,1.4857781689032903,1.4857781689032903,1.4857781689032903,1.4857781689032903,617.5658339634538,917.5658339634538,917.5658339634538,1,action_list,61,300.0
1117.5658339634538,1117.5658339634538,0.0,731.5871877362952,731.5871877362952,1.5275907679868868,1.5275907679868868,1.5275907679868868,1.5275907679868868,617.5658339634538,1117.5658339634538,1117.5658339634538,1,action_list,61,500.0
1617.5658339634538,1617.5658339634538,0.0,1231.5871877362952,1231.5871877362952,1.3133993679624114,1.3133993679624114,1.3133993679624114,1.3133993679624114,617.5658339634538,1617.5658339634538,1617.5658339634538,1,action_list,61,1000.0
2617.5658339634538,2617.5658339634538,0.0,2231.587187736295,2231.587187736295,1.1729614905249086,1.1729614905249086,1.1729614905249086,1.1729614905249086,617.5658339634538,2617.5658339634538,2617.5658339634538,1,action_list,61,2000.0
1271.6047510039061,1271.6047510039061,0.0,1271.6047510039061,1271.6047510039061,1.0,1.0,1.0786407882803615,1.0786407882803615,1271.6047510039061,1371.6047510039061,1371.6047510039061,1,action_list,62,100.0
1271.6047510039061,1271.6047510039061,0.0,1271.6047510039061,1271.6047510039061,1.0,1.0,1.2359223648410846,1.2359223648410846,1271.6047510039061,1571.6047510039061,1571.6047510039061,1,action_list,62,300.0
1271.6047510039061,1271.6047510039061,0.0,1271.6047510039061,1271.6047510039061,1.0,1.0,1.3932039414018076,1.3932039414018076,1271.6047510039061,1771.6047510039061,1771.6047510039061,1,action_list,62,500.0
1423.8682503346354,1423.8682503346354,0.0,1302.763035953311,1302.763035953311,1.0929602783001164,1.0929602783001164,1.7436822264009317,1.7436822264009317,1271.6047510039061,2271.604751003906,2271.604751003906,1,action_list,62,1000.0
2423.8682503346354,2423.8682503346354,0.0,2302.763035953311,2302.763035953311,1.0525912621014384,1.0525912621014384,1.4207300968115066,1.4207300968115066,1271.6047510039061,3271.604751003906,3271.604751003906,1,action_list,62,2000.0
819.6060880087316,819.6060880087316,0.0,719.6060880087316,719.6060880087316,1.1389649165930718,1.1389649165930718,1.1389649165930718,1.1389649165930718,719.6060880087316,819.6060880087316,819.6060880087316,1,action_list,63,100.0
1019.6060880087316,1019.6060880087316,0.0,719.6060880087316,719.6060880087316,1.416894749779215,1.416894749779215,1.416894749779215,1.416894749779215,719.6060880087316,1019.6060880087316,1019.6060880087316,1,action_list,63,300.0
1219.6060880087316,1219.6060880087316,0.0,859.8030440043658,859.8030440043658,1.4184714703133092,1.4184714703133092,1.4184714703133092,1.4184714703133092,719.6060880087316,1219.6060880087316,1219.6060880087316,1,action_list,63,500.0
1719.6060880087316,1719.6060880087316,0.0,1359.8030440043658,1359.8030440043658,1.2645993812050995,1.2645993812050995,1.2645993812050995,1.2645993812050995,719.6060880087316,1719.6060880087316,1719.6060880087316,1,action_list,63,1000.0
2719.6060880087316,2719.6060880087316,0.0,2359.803044004366,2359.803044004366,1.1524716416137057,1.1524716416137057,1.1524716416137057,1.1524716416137057,719.6060880087316,2719.6060880087316,2719.6060880087316,1,action_list,63,2000.0
693.1284240214154,693.1284240214154,0.0,593.1284240214154,593.1284240214154,1.1685975514746016,1.1685975514746016,1.1685975514746016,1.1685975514746016,593.1284240214154,693.1284240214154,693.1284240214154,1,action_list,64,100.0
893.1284240214154,893.1284240214154,0.0,593.1284240214154,593.1284240214154,1.5057926544238052,1.5057926544238052,1.5057926544238052,1.5057926544238052,593.1284240214154,893.1284240214154,893.1284240214154,1,action_list,64,300.0
1093.1284240214154,1093.1284240214154,0.0,722.4231590080308,722.4231590080308,1.5131414467974769,1.5131414467974769,1.5131414467974769,1.5131414467974769,593.1284240214154,1093.1284240214154,1093.1284240214154,1,action_list,64,500.0
1593.1284240214154,1593.1284240214154,0.0,1222.4231590080308,1222.4231590080308,1.3032544518497209,1.3032544518497209,1.3032544518497209,1.3032544518497209,593.1284240214154,1593.1284240214154,1593.1284240214154,1,action_list,64,1000.0
2593.1284240214154,2593.1284240214154,0.0,2222.423159008031,2222.423159008031,1.1668022867341103,1.1668022867341103,1.1668022867341103,1.1668022867341103,593.1284240214154,2593.1284240214154,2593.1284240214154,1,action_list,64,2000.0
775.66785402596,775.66785402596,0.0,675.66785402596,675.66785402596,1.1480017132739866,1.1480017132739866,1.1480017132739866,1.1480017132739866,675.66785402596,775.66785402596,775.66785402596,1,action_list,65,100.0
975.66785402596,975.66785402596,0.0,675.66785402596,675.66785402596,1.44400513982196,1.44400513982196,1.44400513982196,1.44400513982196,675.66785402596,975.66785402596,975.66785402596,1,action_list,65,300.0
1175.66785402596,1175.66785402596,0.0,800.2968240115378,800.2968240115378,1.4690397596892257,1.4690397596892257,1.4690397596892257,1.4690397596892257,675.66785402596,1175.66785402596,1175.66785402596,1,action_list,65,500.0
1675.66785402596,1675.66785402596,0.0,1300.2968240115379,1300.2968240115379,1.2886810327324858,1.2886810327324858,1.2886810327324858,1.2886810327324858,675.66785402596,1675.66785402596,1675.66785402596,1,action_list,65,1000.0
2675.66785402596,2675.66785402596,0.0,2300.296824011538,2300.296824011538,1.1631837361579296,1.1631837361579296,1.1631837361579296,1.1631837361579296,675.66785402596,2675.66785402596,2675.66785402596,1,action_list,65,2000.0
1781.849686987698,1781.849686987698,0.0,1781.849686987698,1781.849686987698,1.0,1.0,1.0561214566695885,1.0561214566695885,1781.849686987698,1881.849686987698,1881.849686987698,1,action_list,66,100.0
1781.849686987698,1781.849686987698,0.0,1781.849686987698,1781.849686987698,1.0,1.0,1.1683643700087656,1.1683643700087656,1781.849686987698,2081.849686987698,2081.849686987698,1,action_list,66,300.0
1781.849686987698,1781.849686987698,0.0,1781.849686987698,1781.849686987698,1.0,1.0,1.2806072833479427,1.2806072833479427,1781.849686987698,2281.849686987698,2281.849686987698,1,action_list,66,500.0
1781.849686987698,1781.849686987698,0.0,1781.849686987698,1781.849686987698,1.0,1.0,1.5612145666958854,1.5612145666958854,1781.849686987698,2781.849686987698,2781.849686987698,1,action_list,66,1000.0
2433.4228968348457,2433.4228968348457,0.0,2192.6323985932645,2192.6323985932645,1.1098179970322732,1.1098179970322732,1.724798780413002,1.724798780413002,1781.849686987698,3781.849686987698,3781.849686987698,1,action_list,66,2000.0
692.0084529789165,692.0084529789165,0.0,592.0084529789165,592.0084529789165,1.1689165070140668,1.1689165070140668,1.1689165070140668,1.1689165070140668,592.0084529789165,692.0084529789165,692.0084529789165,1,action_list,67,100.0
892.0084529789165,892.0084529789165,0.0,592.0084529789165,592.0084529789165,1.5067495210422006,1.5067495210422006,1.5067495210422006,1.5067495210422006,592.0084529789165,892.0084529789165,892.0084529789165,1,action_list,67,300.0
1092.0084529789165,1092.0084529789165,0.0,722.0031698670937,722.0031698670937,1.5124704413415988,1.5124704413415988,1.5124704413415988,1.5124704413415988,592.0084529789165,1092.0084529789165,1092.0084529789165,1,action_list,67,500.0
1592.0084529789165,1592.0084529789165,0.0,1222.0031698670937,1222.0031698670937,1.3027858619647157,1.3027858619647157,1.3027858619647157,1.3027858619647157,592.0084529789165,1592.0084529789165,1592.0084529789165,1,action_list,67,1000.0
2592.0084529789165,2592.0084529789165,0.0,2222.0031698670937,2222.0031698670937,1.166518791750398,1.166518791750398,1.166518791750398,1.166518791750398,592.0084529789165,2592.0084529789165,2592.0084529789165,1,action_list,67,2000.0
749.7625880292617,749.7625880292617,0.0,649.7625880292617,649.7625880292617,1.1539023665602253,1.1539023665602253,1.1539023665602253,1.1539023665602253,649.7625880292617,749.7625880292617,749.7625880292617,1,action_list,68,100.0
949.7625880292617,949.7625880292617,0.0,649.7625880292617,649.7625880292617,1.4617070996806756,1.4617070996806756,1.4617070996806756,1.4617070996806756,649.7625880292617,949.7625880292617,949.7625880292617,1,action_list,68,300.0
1149.7625880292617,1149.7625880292617,0.0,788.7833724574496,788.7833724574496,1.4576404982361426,1.4576404982361426,1.4576404982361426,1.4576404982361426,649.7625880292617,1149.7625880292617,1149.7625880292617,1,action_list,68,500.0
1649.7625880292617,1649.7625880292617,0.0,1288.7833724574496,1288.7833724574496,1.2800930111966744,1.2800930111966744,1.2800930111966744,1.2800930111966744,649.7625880292617,1649.7625880292617,1649.7625880292617,1,action_list,68,1000.0
2649.7625880292617,2649.7625880292617,0.0,2288.78337245745,2288.78337245745,1.1577166366707003,1.1577166366707003,1.1577166366707003,1.1577166366707003,649.7625880292617,2649.7625880292617,2649.7625880292617,1,action_list,68,2000.0
719.4336740300059,719.4336740300059,0.0,619.4336740300059,619.4336740300059,1.161437784532127,1.161437784532127,1.161437784532127,1.161437784532127,619.4336740300059,719.4336740300059,719.4336740300059,1,action_list,69,100.0
919.4336740300059,919.4336740300059,0.0,619.4336740300059,619.4336740300059,1.4843133535963815,1.4843133535963815,1.4843133535963815,1.4843133535963815,619.4336740300059,919.4336740300059,919.4336740300059,1,action_list,69,300.0
1119.433674030006,1119.433674030006,0.0,732.2876277612522,732.2876277612522,1.5286803048309523,1.5286803048309523,1.5286803048309523,1.5286803048309523,619.4336740300059,1119.433674030006,1119.433674030006,1,action_list,69,500.0
1619.433674030006,1619.433674030006,0.0,1232.2876277612522,1232.2876277612522,1.3141685735919446,1.3141685735919446,1.3141685735919446,1.3141685735919446,619.4336740300059,1619.433674030006,1619.433674030006,1,action_list,69,1000.0
2619.433674030006,2619.433674030006,0.0,2232.287627761252,2232.287627761252,1.1734301805260732,1.1734301805260732,1.1734301805260732,1.1734301805260732,619.4336740300059,2619.433674030006,2619.433674030006,1,action_list,69,2000.0
776.5699130482972,776.5699130482972,0.0,676.5699130482972,676.5699130482972,1.147804385136561,1.147804385136561,1.147804385136561,1.147804385136561,676.5699130482972,776.5699130482972,776.5699130482972,1,action_list,70,100.0
976.5699130482972,976.5699130482972,0.0,676.5699130482972,676.5699130482972,1.4434131554096825,1.4434131554096825,1.4434131554096825,1.4434131554096825,676.5699130482972,976.5699130482972,976.5699130482972,1,action_list,70,300.0
1176.5699130482972,1176.5699130482972,0.0,800.6977391325765,800.6977391325765,1.469430792102543,1.469430792102543,1.469430792102543,1.469430792102543,676.5699130482972,1176.5699130482972,1176.5699130482972,1,action_list,70,500.0
1676.5699130482972,1676.5699130482972,0.0,1300.6977391325765,1300.6977391325765,1.2889773408589043,1.2889773408589043,1.2889773408589043,1.2889773408589043,676.5699130482972,1676.5699130482972,1676.5699130482972,1,action_list,70,1000.0
2676.569913048297,2676.569913048297,0.0,2300.6977391325763,2300.6977391325763,1.163373122649929,1.163373122649929,1.163373122649929,1.163373122649929,676.5699130482972,2676.569913048297,2676.569913048297,1,action_list,70,2000.0
982.1774210082367,982.1774210082367,0.0,882.1774210082367,882.1774210082367,1.1133558824093575,1.1133558824093575,1.1133558824093575,1.1133558824093575,882.1774210082367,982.1774210082367,982.1774210082367,1,action_list,71,100.0
1182.1774210082367,1182.1774210082367,0.0,882.1774210082367,882.1774210082367,1.3400676472280726,1.3400676472280726,1.3400676472280726,1.3400676472280726,882.1774210082367,1182.1774210082367,1182.1774210082367,1,action_list,71,300.0
1382.1774210082367,1382.1774210082367,0.0,1042.8784129281457,1042.8784129281457,1.3253485774314024,1.3253485774314024,1.3253485774314024,1.3253485774314024,882.1774210082367,1382.1774210082367,1382.1774210082367,1,action_list,71,500.0
1882.1774210082367,1882.1774210082367,0.0,1542.8784129281457,1542.8784129281457,1.2199129920005516,1.2199129920005516,1.2199129920005516,1.2199129920005516,882.1774210082367,1882.1774210082367,1882.1774210082367,1,action_list,71,1000.0
2882.1774210082367,2882.1774210082367,0.0,2542.8784129281457,2542.8784129281457,1.1334310780865788,1.1334310780865788,1.1334310780865788,1.1334310780865788,882.1774210082367,2882.1774210082367,2882.1774210082367,1,action_list,71,2000.0
806.3911909935996,806.3911909935996,0.0,706.3911909935996,706.3911909935996,1.141564619257697,1.141564619257697,1.141564619257697,1.141564619257697,706.3911909935996,806.3911909935996,806.3911909935996,1,action_list,72,100.0
1006.3911909935996,1006.3911909935996,0.0,706.3911909935996,706.3911909935996,1.4246938577730908,1.4246938577730908,1.4246938577730908,1.4246938577730908,706.3911909935996,1006.3911909935996,1006.3911909935996,1,action_list,72,300.0
1206.3911909935996,1206.3911909935996,0.0,853.1955954967998,853.1955954967998,1.4139679076649951,1.4139679076649951,1.4139679076649951,1.4139679076649951,706.3911909935996,1206.3911909935996,1206.3911909935996,1,action_list,72,500.0
1706.3911909935996,1706.3911909935996,0.0,1353.1955954967998,1353.1955954967998,1.2610085317098085,1.2610085317098085,1.2610085317098085,1.2610085317098085,706.3911909935996,1706.3911909935996,1706.3911909935996,1,action_list,72,1000.0
2706.3911909935996,2706.3911909935996,0.0,2353.1955954968,2353.1955954968,1.1500918989363629,1.1500918989363629,1.1500918989363629,1.1500918989363629,706.3911909935996,2706.3911909935996,2706.3911909935996,1,action_list,72,2000.0
720.2652510255575,720.2652510255575,0.0,620.2652510255575,620.2652510255575,1.1612213481807312,1.1612213481807312,1.1612213481807312,1.1612213481807312,620.2652510255575,720.2652510255575,720.2652510255575,1,action_list,73,100.0
920.2652510255575,920.2652510255575,0.0,620.2652510255575,620.2652510255575,1.4836640445421934,1.4836640445421934,1.4836640445421934,1.4836640445421934,620.2652510255575,920.2652510255575,920.2652510255575,1,action_list,73,300.0
1120.2652510255575,1120.2652510255575,0.0,732.5994691345841,732.5994691345841,1.5291647048951877,1.5291647048951877,1.5291647048951877,1.5291647048951877,620.2652510255575,1120.2652510255575,1120.2652510255575,1,action_list,73,500.0
1620.2652510255575,1620.2652510255575,0.0,1232.599469134584,1232.599469134584,1.3145107487050567,1.3145107487050567,1.3145107487050567,1.3145107487050567,620.2652510255575,1620.2652510255575,1620.2652510255575,1,action_list,73,1000.0
2620.2652510255575,2620.2652510255575,0.0,2232.599469134584,2232.599469134584,1.1736387503671866,1.1736387503671866,1.1736387503671866,1.1736387503671866,620.2652510255575,2620.2652510255575,2620.2652510255575,1,action_list,73,2000.0
583.2002620096318,583.2002620096318,0.0,483.20026200963184,483.20026200963184,1.206953530165939,1.206953530165939,1.206953530165939,1.206953530165939,483.20026200963184,583.2002620096318,583.2002620096318,1,action_list,74,100.0
783.2002620096318,783.2002620096318,0.0,541.6001310048159,541.6001310048159,1.4460858060661503,1.4460858060661503,1.4460858060661503,1.4460858060661503,483.20026200963184,783.2002620096318,783.2002620096318,1,action_list,74,300.0
983.2002620096318,983.2002620096318,0.0,741.6001310048159,741.6001310048159,1.3257822118740255,1.3257822118740255,1.3257822118740255,1.3257822118740255,483.20026200963184,983.2002620096318,983.2002620096318,1,action_list,74,500.0
1483.2002620096318,1483.2002620096318,0.0,1241.600131004816,1241.600131004816,1.1945877138473648,1.1945877138473648,1.1945877138473648,1.1945877138473648,483.20026200963184,1483.2002620096318,1483.2002620096318,1,action_list,74,1000.0
2483.200262009632,2483.200262009632,0.0,2241.600131004816,2241.600131004816,1.1077802091742905,1.1077802091742905,1.1077802091742905,1.1077802091742905,483.20026200963184,2483.200262009632,2483.200262009632,1,action_list,74,2000.0
691.4625040022656,691.4625040022656,0.0,591.4625040022656,591.4625040022656,1.1690724252565923,1.1690724252565923,1.1690724252565923,1.1690724252565923,591.4625040022656,691.4625040022656,691.4625040022656,1,action_list,75,100.0
891.4625040022656,891.4625040022656,0.0,591.4625040022656,591.4625040022656,1.507217275769777,1.507217275769777,1.507217275769777,1.507217275769777,591.4625040022656,891.4625040022656,891.4625040022656,1,action_list,75,300.0
1091.4625040022656,1091.4625040022656,0.0,721.7984390008496,721.7984390008496,1.5121430651929977,1.5121430651929977,1.5121430651929977,1.5121430651929977,591.4625040022656,1091.4625040022656,1091.4625040022656,1,action_list,75,500.0
1591.4625040022656,1591.4625040022656,0.0,1221.7984390008496,1221.7984390008496,1.3025573230423475,1.3025573230423475,1.3025573230423475,1.3025573230423475,591.4625040022656,1591.4625040022656,1591.4625040022656,1,action_list,75,1000.0
2591.4625040022656,2591.4625040022656,0.0,2221.7984390008496,2221.7984390008496,1.1663805584306988,1.1663805584306988,1.1663805584306988,1.1663805584306988,591.4625040022656,2591.4625040022656,2591.4625040022656,1,action_list,75,2000.0
889.9957679910585,889.9957679910585,0.0,789.9957679910585,789.9957679910585,1.126582956582537,1.126582956582537,1.126582956582537,1.126582956582537,789.9957679910585,889.9957679910585,889.9957679910585,1,action_list,76,100.0
1089.9957679910585,1089.9957679910585,0.0,802.7245796306736,802.7245796306736,1.3578701782030342,1.3578701782030342,1.3578701782030342,1.3578701782030342,789.9957679910585,1089.9957679910585,1089.9957679910585,1,action_list,76,300.0
1289.9957679910585,1289.9957679910585,0.0,1002.7245796306736,1002.7245796306736,1.2864906218477197,1.2864906218477197,1.2864906218477197,1.2864906218477197,789.9957679910585,1289.9957679910585,1289.9957679910585,1,action_list,76,500.0
1789.9957679910585,1789.9957679910585,0.0,1502.7245796306736,1502.7245796306736,1.191166892625785,1.191166892625785,1.191166892625785,1.191166892625785,789.9957679910585,1789.9957679910585,1789.9957679910585,1,action_list,76,1000.0
2789.9957679910585,2789.9957679910585,0.0,2502.7245796306734,2502.7245796306734,1.114783380759691,1.114783380759691,1.114783380759691,1.114783380759691,789.9957679910585,2789.9957679910585,2789.9957679910585,1,action_list,76,2000.0
638.5375309851952,638.5375309851952,0.0,538.5375309851952,538.5375309851952,1.1856880797463847,1.1856880797463847,1.1856880797463847,1.1856880797463847,538.5375309851952,638.5375309851952,638.5375309851952,1,action_list,77,100.0
838.5375309851952,838.5375309851952,0.0,538.5375309851952,538.5375309851952,1.5570642392391538,1.5570642392391538,1.5570642392391538,1.5570642392391538,538.5375309851952,838.5375309851952,838.5375309851952,1,action_list,77,300.0
1038.5375309851952,1038.5375309851952,0.0,653.86786599577,653.86786599577,1.5882987756304785,1.5882987756304785,1.5882987756304785,1.5882987756304785,538.5375309851952,1038.5375309851952,1038.5375309851952,1,action_list,77,500.0
1538.5375309851952,1538.5375309851952,0.0,1153.86786599577,1153.86786599577,1.3333741031582167,1.3333741031582167,1.3333741031582167,1.3333741031582167,538.5375309851952,1538.5375309851952,1538.5375309851952,1,action_list,77,1000.0
2538.537530985195,2538.537530985195,0.0,2153.86786599577,2153.86786599577,1.1785948298233169,1.1785948298233169,1.1785948298233169,1.1785948298233169,538.5375309851952,2538.537530985195,2538.537530985195,1,action_list,77,2000.0
721.0440489812754,721.0440489812754,0.0,621.0440489812754,621.0440489812754,1.1610191743468667,1.1610191743468667,1.1610191743468667,1.1610191743468667,621.0440489812754,721.0440489812754,721.0440489812754,1,action_list,78,100.0
921.0440489812754,921.0440489812754,0.0,621.0440489812754,621.0440489812754,1.4830575230406,1.4830575230406,1.4830575230406,1.4830575230406,621.0440489812754,921.0440489812754,921.0440489812754,1,action_list,78,300.0
1121.0440489812754,1121.0440489812754,0.0,732.8915183679783,732.8915183679783,1.5296179869534379,1.5296179869534379,1.5296179869534379,1.5296179869534379,621.0440489812754,1121.0440489812754,1121.0440489812754,1,action_list,78,500.0
1621.0440489812754,1621.0440489812754,0.0,1232.8915183679783,1232.8915183679783,1.3148310494723074,1.3148310494723074,1.3148310494723074,1.3148310494723074,621.0440489812754,1621.0440489812754,1621.0440489812754,1,action_list,78,1000.0
2621.0440489812754,2621.0440489812754,0.0,2232.8915183679783,2232.8915183679783,1.1738340297413992,1.1738340297413992,1.1738340297413992,1.1738340297413992,621.0440489812754,2621.0440489812754,2621.0440489812754,1,action_list,78,2000.0
777.328192978166,777.328192978166,0.0,677.328192978166,677.328192978166,1.147638915723125,1.147638915723125,1.147638915723125,1.147638915723125,677.328192978166,777.328192978166,777.328192978166,1,action_list,79,100.0
977.328192978166,977.328192978166,0.0,677.328192978166,677.328192978166,1.442916747169375,1.442916747169375,1.442916747169375,1.442916747169375,677.328192978166,977.328192978166,977.328192978166,1,action_list,79,300.0
1177.328192978166,1177.328192978166,0.0,876.2934405434256,876.2934405434256,1.3435319021081071,1.3435319021081071,1.3435319021081071,1.3435319021081071,677.328192978166,1177.328192978166,1177.328192978166,1,action_list,79,500.0
1677.328192978166,1677.328192978166,0.0,1376.2934405434257,1376.2934405434257,1.2187286108955642,1.2187286108955642,1.2187286108955642,1.2187286108955642,677.328192978166,1677.328192978166,1677.328192978166,1,action_list,79,1000.0
2677.328192978166,2677.328192978166,0.0,2376.2934405434257,2376.2934405434257,1.126682482600254,1.126682482600254,1.126682482600254,1.126682482600254,677.328192978166,2677.328192978166,2677.328192978166,1,action_list,79,2000.0
720.6209920346737,720.6209920346737,0.0,620.6209920346737,620.6209920346737,1.1611289358295072,1.1611289358295072,1.1611289358295072,1.1611289358295072,620.6209920346737,720.6209920346737,720.6209920346737,1,action_list,80,100.0
920.6209920346737,920.6209920346737,0.0,620.6209920346737,620.6209920346737,1.4833868074885215,1.4833868074885215,1.4833868074885215,1.4833868074885215,620.6209920346737,920.6209920346737,920.6209920346737,1,action_list,80,300.0
1120.6209920346737,1120.6209920346737,0.0,732.7328720130026,732.7328720130026,1.5293718008802366,1.5293718008802366,1.5293718008802366,1.5293718008802366,620.6209920346737,1120.6209920346737,1120.6209920346737,1,action_list,80,500.0
1620.6209920346737,1620.6209920346737,0.0,1232.7328720130026,1232.7328720130026,1.314657075209056,1.314657075209056,1.314657075209056,1.314657075209056,620.6209920346737,1620.6209920346737,1620.6209920346737,1,action_list,80,1000.0
2620.6209920346737,2620.6209920346737,0.0,2232.7328720130026,2232.7328720130026,1.1737279568388117,1.1737279568388117,1.1737279568388117,1.1737279568388117,620.6209920346737,2620.6209920346737,2620.6209920346737,1,action_list,80,2000.0
936.9282860076055,936.9282860076055,0.0,836.9282860076055,836.9282860076055,1.1194845504350552,1.1194845504350552,1.1194845504350552,1.1194845504350552,836.9282860076055,936.9282860076055,936.9282860076055,1,action_list,81,100.0
1136.9282860076055,1136.9282860076055,0.0,836.9282860076055,836.9282860076055,1.3584536513051655,1.3584536513051655,1.3584536513051655,1.3584536513051655,836.9282860076055,1136.9282860076055,1136.9282860076055,1,action_list,81,300.0
1336.9282860076055,1336.9282860076055,0.0,988.2081668377699,988.2081668377699,1.3528812358288105,1.3528812358288105,1.3528812358288105,1.3528812358288105,836.9282860076055,1336.9282860076055,1336.9282860076055,1,action_list,81,500.0
1836.9282860076055,1836.9282860076055,0.0,1488.20816683777,1488.20816683777,1.2343221378167921,1.2343221378167921,1.2343221378167921,1.2343221378167921,836.9282860076055,1836.9282860076055,1836.9282860076055,1,action_list,81,1000.0
2836.9282860076055,2836.9282860076055,0.0,2488.20816683777,2488.20816683777,1.140149093559571,1.140149093559571,1.140149093559571,1.140149093559571,836.9282860076055,2836.9282860076055,2836.9282860076055,1,action_list,81,2000.0
928.1398820108734,928.1398820108734,0.0,828.1398820108734,828.1398820108734,1.1207525469697002,1.1207525469697002,1.1207525469697002,1.1207525469697002,828.1398820108734,928.1398820108734,928.1398820108734,1,action_list,82,100.0
1128.1398820108734,1128.1398820108734,0.0,828.1398820108734,828.1398820108734,1.3622576409091007,1.3622576409091007,1.3622576409091007,1.3622576409091007,828.1398820108734,1128.1398820108734,1128.1398820108734,1,action_list,82,300.0
1328.1398820108734,1328.1398820108734,0.0,983.0815978396762,983.0815978396762,1.3509965855626467,1.3509965855626467,1.3509965855626467,1.3509965855626467,828.1398820108734,1328.1398820108734,1328.1398820108734,1,action_list,82,500.0
1828.1398820108734,1828.1398820108734,0.0,1483.0815978396763,1483.0815978396763,1.2326630474505411,1.2326630474505411,1.2326630474505411,1.2326630474505411,828.1398820108734,1828.1398820108734,1828.1398820108734,1,action_list,82,1000.0
2828.1398820108734,2828.1398820108734,0.0,2483.0815978396763,2483.0815978396763,1.1389637313857925,1.1389637313857925,1.1389637313857925,1.1389637313857925,828.1398820108734,2828.1398820108734,2828.1398820108734,1,action_list,82,2000.0
2013.6274989927188,2013.6274989927188,0.0,2013.6274989927188,2013.6274989927188,1.0,1.0,1.0496616181741774,1.0496616181741774,2013.6274989927188,2113.6274989927188,2113.6274989927188,1,action_list,83,100.0
2013.6274989927188,2013.6274989927188,0.0,2013.6274989927188,2013.6274989927188,1.0,1.0,1.1489848545225319,1.1489848545225319,2013.6274989927188,2313.6274989927188,2313.6274989927188,1,action_list,83,300.0
2013.6274989927188,2013.6274989927188,0.0,2013.6274989927188,2013.6274989927188,1.0,1.0,1.2483080908708866,1.2483080908708866,2013.6274989927188,2513.6274989927188,2513.6274989927188,1,action_list,83,500.0
2013.6274989927188,2013.6274989927188,0.0,2013.6274989927188,2013.6274989927188,1.0,1.0,1.4966161817417731,1.4966161817417731,2013.6274989927188,3013.6274989927188,3013.6274989927188,1,action_list,83,1000.0
2479.4351188077903,2479.4351188077903,0.0,2191.774047523116,2191.774047523116,1.1312457694303637,1.1312457694303637,1.831223206392304,1.831223206392304,2013.6274989927188,4013.6274989927188,4013.6274989927188,1,action_list,83,2000.0
778.3113490091637,778.3113490091637,0.0,678.3113490091637,678.3113490091637,1.1474249253621864,1.1474249253621864,1.1474249253621864,1.1474249253621864,678.3113490091637,778.3113490091637,778.3113490091637,1,action_list,84,100.0
978.3113490091637,978.3113490091637,0.0,678.3113490091637,678.3113490091637,1.4422747760865595,1.4422747760865595,1.4422747760865595,1.4422747760865595,678.3113490091637,978.3113490091637,978.3113490091637,1,action_list,84,300.0
1178.3113490091637,1178.3113490091637,0.0,801.4717106707394,801.4717106707394,1.4701845783465681,1.4701845783465681,1.4701845783465681,1.4701845783465681,678.3113490091637,1178.3113490091637,1178.3113490091637,1,action_list,84,500.0
1678.3113490091637,1678.3113490091637,0.0,1301.4717106707394,1301.4717106707394,1.2895488509267807,1.2895488509267807,1.2895488509267807,1.2895488509267807,678.3113490091637,1678.3113490091637,1678.3113490091637,1,action_list,84,1000.0
2678.3113490091637,2678.3113490091637,0.0,2301.4717106707394,2301.4717106707394,1.1637385489429277,1.1637385489429277,1.1637385489429277,1.1637385489429277,678.3113490091637,2678.3113490091637,2678.3113490091637,1,action_list,84,2000.0
939.0761750051752,939.0761750051752,0.0,839.0761750051752,839.0761750051752,1.1191786907778465,1.1191786907778465,1.1191786907778465,1.1191786907778465,839.0761750051752,939.0761750051752,939.0761750051752,1,action_list,85,100.0
1139.0761750051752,1139.0761750051752,0.0,859.3841166701168,859.3841166701168,1.325456397098413,1.325456397098413,1.325456397098413,1.325456397098413,839.0761750051752,1139.0761750051752,1139.0761750051752,1,action_list,85,300.0
1339.0761750051752,1339.0761750051752,0.0,1059.3841166701168,1059.3841166701168,1.2640138302376984,1.2640138302376984,1.2640138302376984,1.2640138302376984,839.0761750051752,1339.0761750051752,1339.0761750051752,1,action_list,85,500.0
1839.0761750051752,1839.0761750051752,0.0,1559.3841166701168,1559.3841166701168,1.1793605920087915,1.1793605920087915,1.1793605920087915,1.1793605920087915,839.0761750051752,1839.0761750051752,1839.0761750051752,1,action_list,85,1000.0
2839.076175005175,2839.076175005175,0.0,2559.384116670117,2559.384116670117,1.109281001047608,1.109281001047608,1.109281001047608,1.109281001047608,839.0761750051752,2839.076175005175,2839.076175005175,1,action_list,85,2000.0
781.4265929860994,781.4265929860994,0.0,681.4265929860994,681.4265929860994,1.1467509501820101,1.1467509501820101,1.1467509501820101,1.1467509501820101,681.4265929860994,781.4265929860994,781.4265929860994,1,action_list,86,100.0
981.4265929860994,981.4265929860994,0.0,681.4265929860994,681.4265929860994,1.4402528505460306,1.4402528505460306,1.4402528505460306,1.4402528505460306,681.4265929860994,981.4265929860994,981.4265929860994,1,action_list,86,300.0
1181.4265929860994,1181.4265929860994,0.0,802.8562635493774,802.8562635493774,1.4715293965112586,1.4715293965112586,1.4715293965112586,1.4715293965112586,681.4265929860994,1181.4265929860994,1181.4265929860994,1,action_list,86,500.0
1681.4265929860994,1681.4265929860994,0.0,1302.8562635493774,1302.8562635493774,1.2905695279119902,1.2905695279119902,1.2905695279119902,1.2905695279119902,681.4265929860994,1681.4265929860994,1681.4265929860994,1,action_list,86,1000.0
2681.4265929860994,2681.4265929860994,0.0,2302.8562635493777,2302.8562635493777,1.164391645031824,1.164391645031824,1.164391645031824,1.164391645031824,681.4265929860994,2681.4265929860994,2681.4265929860994,1,action_list,86,2000.0
1226.9655169802718,1226.9655169802718,0.0,1226.9655169802718,1226.9655169802718,1.0,1.0,1.0815018829918819,1.0815018829918819,1226.9655169802718,1326.9655169802718,1326.9655169802718,1,action_list,87,100.0
1226.9655169802718,1226.9655169802718,0.0,1226.9655169802718,1226.9655169802718,1.0,1.0,1.2445056489756456,1.2445056489756456,1226.9655169802718,1526.9655169802718,1526.9655169802718,1,action_list,87,300.0
1226.9655169802718,1226.9655169802718,0.0,1226.9655169802718,1226.9655169802718,1.0,1.0,1.4075094149594096,1.4075094149594096,1226.9655169802718,1726.9655169802718,1726.9655169802718,1,action_list,87,500.0
1552.1344826411223,1552.1344826411223,0.0,1306.741379245068,1306.741379245068,1.1877901069742072,1.1877901069742072,1.704212901153277,1.704212901153277,1226.9655169802718,2226.965516980272,2226.965516980272,1,action_list,87,1000.0
2552.1344826411223,2552.1344826411223,0.0,2306.741379245068,2306.741379245068,1.1063808477205037,1.1063808477205037,1.398928178951889,1.398928178951889,1226.9655169802718,3226.965516980272,3226.965516980272,1,action_list,87,2000.0
781.1916650040075,781.1916650040075,0.0,681.1916650040075,681.1916650040075,1.1468015613482465,1.1468015613482465,1.1468015613482465,1.1468015613482465,681.1916650040075,781.1916650040075,781.1916650040075,1,action_list,88,100.0
981.1916650040075,981.1916650040075,0.0,681.1916650040075,681.1916650040075,1.4404046840447395,1.4404046840447395,1.4404046840447395,1.4404046840447395,681.1916650040075,981.1916650040075,981.1916650040075,1,action_list,88,300.0
1181.1916650040075,1181.1916650040075,0.0,802.7518511128922,802.7518511128922,1.4714281422913777,1.4714281422913777,1.4714281422913777,1.4714281422913777,681.1916650040075,1181.1916650040075,1181.1916650040075,1,action_list,88,500.0
1681.1916650040075,1681.1916650040075,0.0,1302.7518511128922,1302.7518511128922,1.2904926318606482,1.2904926318606482,1.2904926318606482,1.2904926318606482,681.1916650040075,1681.1916650040075,1681.1916650040075,1,action_list,88,1000.0
2681.1916650040075,2681.1916650040075,0.0,2302.7518511128924,2302.7518511128924,1.1643424208770996,1.1643424208770996,1.1643424208770996,1.1643424208770996,681.1916650040075,2681.1916650040075,2681.1916650040075,1,action_list,88,2000.0
585.6764620053582,585.6764620053582,0.0,485.6764620053582,485.6764620053582,1.2058983867307467,1.2058983867307467,1.2058983867307467,1.2058983867307467,485.6764620053582,585.6764620053582,585.6764620053582,1,action_list,89,100.0
785.6764620053582,785.6764620053582,0.0,542.8382310026791,542.8382310026791,1.4473491680092823,1.4473491680092823,1.4473491680092823,1.4473491680092823,485.6764620053582,785.6764620053582,785.6764620053582,1,action_list,89,300.0
985.6764620053582,985.6764620053582,0.0,742.8382310026791,742.8382310026791,1.3269059411157358,1.3269059411157358,1.3269059411157358,1.3269059411157358,485.6764620053582,985.6764620053582,985.6764620053582,1,action_list,89,500.0
1485.6764620053582,1485.6764620053582,0.0,1242.838231002679,1242.838231002679,1.1953900555559556,1.1953900555559556,1.1953900555559556,1.1953900555559556,485.6764620053582,1485.6764620053582,1485.6764620053582,1,action_list,89,1000.0
2485.676462005358,2485.676462005358,0.0,2242.838231002679,2242.838231002679,1.108272735699764,1.108272735699764,1.108272735699764,1.108272735699764,485.6764620053582,2485.676462005358,2485.676462005358,1,action_list,89,2000.0
755.2939849789254,755.2939849789254,0.0,655.2939849789254,655.2939849789254,1.1526032624932703,1.1526032624932703,1.1526032624932703,1.1526032624932703,655.2939849789254,755.2939849789254,755.2939849789254,1,action_list,90,100.0
955.2939849789254,955.2939849789254,0.0,655.2939849789254,655.2939849789254,1.4578097874798106,1.4578097874798106,1.4578097874798106,1.4578097874798106,655.2939849789254,955.2939849789254,955.2939849789254,1,action_list,90,300.0
1155.2939849789254,1155.2939849789254,0.0,791.2417711017447,791.2417711017447,1.460102369684383,1.460102369684383,1.460102369684383,1.460102369684383,655.2939849789254,1155.2939849789254,1155.2939849789254,1,action_list,90,500.0
1655.2939849789254,1655.2939849789254,0.0,1291.2417711017447,1291.2417711017447,1.2819396196938047,1.2819396196938047,1.2819396196938047,1.2819396196938047,655.2939849789254,1655.2939849789254,1655.2939849789254,1,action_list,90,1000.0
2655.2939849789254,2655.2939849789254,0.0,2291.2417711017447,2291.2417711017447,1.1588886072472946,1.1588886072472946,1.1588886072472946,1.1588886072472946,655.2939849789254,2655.2939849789254,2655.2939849789254,1,action_list,90,2000.0
780.4040789720602,780.4040789720602,0.0,680.4040789720602,680.4040789720602,1.1469714881061235,1.1469714881061235,1.1469714881061235,1.1469714881061235,680.4040789720602,780.4040789720602,780.4040789720602,1,action_list,91,100.0
980.4040789720602,980.4040789720602,0.0,680.4040789720602,680.4040789720602,1.4409144643183702,1.4409144643183702,1.4409144643183702,1.4409144643183702,680.4040789720602,980.4040789720602,980.4040789720602,1,action_list,91,300.0
1180.4040789720602,1180.4040789720602,0.0,802.4018128764712,802.4018128764712,1.4710884995891478,1.4710884995891478,1.4710884995891478,1.4710884995891478,680.4040789720602,1180.4040789720602,1180.4040789720602,1,action_list,91,500.0
1680.4040789720602,1680.4040789720602,0.0,1302.4018128764712,1302.4018128764712,1.2902347511792365,1.2902347511792365,1.2902347511792365,1.2902347511792365,680.4040789720602,1680.4040789720602,1680.4040789720602,1,action_list,91,1000.0
2680.4040789720602,2680.4040789720602,0.0,2302.401812876471,2302.401812876471,1.1641773664273387,1.1641773664273387,1.1641773664273387,1.1641773664273387,680.4040789720602,2680.4040789720602,2680.4040789720602,1,action_list,91,2000.0
2532.3813220020384,2532.3813220020384,0.0,2532.3813220020384,2532.3813220020384,1.0,1.0,1.0394885237587135,1.0394885237587135,2532.3813220020384,2632.3813220020384,2632.3813220020384,1,action_list,92,100.0
2532.3813220020384,2532.3813220020384,0.0,2532.3813220020384,2532.3813220020384,1.0,1.0,1.1184655712761407,1.1184655712761407,2532.3813220020384,2832.3813220020384,2832.3813220020384,1,action_list,92,300.0
2532.3813220020384,2532.3813220020384,0.0,2532.3813220020384,2532.3813220020384,1.0,1.0,1.1974426187935678,1.1974426187935678,2532.3813220020384,3032.3813220020384,3032.3813220020384,1,action_list,92,500.0
2532.3813220020384,2532.3813220020384,0.0,2532.3813220020384,2532.3813220020384,1.0,1.0,1.394885237587136,1.394885237587136,2532.3813220020384,3532.3813220020384,3532.3813220020384,1,action_list,92,1000.0
3529.980382042898,3529.980382042898,0.0,2532.3813220020384,2532.3813220020384,1.393937141840938,1.393937141840938,1.7897704751742716,1.7897704751742716,2532.3813220020384,4532.381322002038,4532.381322002038,1,action_list,92,2000.0
755.2604419994168,755.2604419994168,0.0,655.2604419994168,655.2604419994168,1.1526110743002689,1.1526110743002689,1.1526110743002689,1.1526110743002689,655.2604419994168,755.2604419994168,755.2604419994168,1,action_list,93,100.0
955.2604419994168,955.2604419994168,0.0,655.2604419994168,655.2604419994168,1.4578332229008066,1.4578332229008066,1.4578332229008066,1.4578332229008066,655.2604419994168,955.2604419994168,955.2604419994168,1,action_list,93,300.0
1155.2604419994168,1155.2604419994168,0.0,791.2268631108518,791.2268631108518,1.4600874867383813,1.4600874867383813,1.4600874867383813,1.4600874867383813,655.2604419994168,1155.2604419994168,1155.2604419994168,1,action_list,93,500.0
1655.2604419994168,1655.2604419994168,0.0,1291.2268631108518,1291.2268631108518,1.281928442854362,1.281928442854362,1.281928442854362,1.281928442854362,655.2604419994168,1655.2604419994168,1655.2604419994168,1,action_list,93,1000.0
2655.260441999417,2655.260441999417,0.0,2291.226863110852,2291.226863110852,1.158881507872297,1.158881507872297,1.158881507872297,1.158881507872297,655.2604419994168,2655.260441999417,2655.260441999417,1,action_list,93,2000.0
725.1320830197074,725.1320830197074,0.0,625.1320830197074,625.1320830197074,1.1599661938912955,1.1599661938912955,1.1599661938912955,1.1599661938912955,625.1320830197074,725.1320830197074,725.1320830197074,1,action_list,94,100.0
925.1320830197074,925.1320830197074,0.0,625.1320830197074,625.1320830197074,1.4798985816738868,1.4798985816738868,1.4798985816738868,1.4798985816738868,625.1320830197074,925.1320830197074,925.1320830197074,1,action_list,94,300.0
1125.1320830197074,1125.1320830197074,0.0,734.4245311323903,734.4245311323903,1.5319914236591405,1.5319914236591405,1.5319914236591405,1.5319914236591405,625.1320830197074,1125.1320830197074,1125.1320830197074,1,action_list,94,500.0
1625.1320830197074,1625.1320830197074,0.0,1234.4245311323903,1234.4245311323903,1.3165098732515501,1.3165098732515501,1.3165098732515501,1.3165098732515501,625.1320830197074,1625.1320830197074,1625.1320830197074,1,action_list,94,1000.0
2625.1320830197074,2625.1320830197074,0.0,2234.4245311323903,2234.4245311323903,1.1748582449053713,1.1748582449053713,1.1748582449053713,1.1748582449053713,625.1320830197074,2625.1320830197074,2625.1320830197074,1,action_list,94,2000.0
838.4801570442505,838.4801570442505,0.0,738.4801570442505,738.4801570442505,1.135413252537817,1.135413252537817,1.135413252537817,1.135413252537817,738.4801570442505,838.4801570442505,838.4801570442505,1,action_list,95,100.0
1038.4801570442505,1038.4801570442505,0.0,738.4801570442505,738.4801570442505,1.4062397576134515,1.4062397576134515,1.4062397576134515,1.4062397576134515,738.4801570442505,1038.4801570442505,1038.4801570442505,1,action_list,95,300.0
1238.4801570442505,1238.4801570442505,0.0,869.2400785221253,869.2400785221253,1.424784921502819,1.424784921502819,1.424784921502819,1.424784921502819,738.4801570442505,1238.4801570442505,1238.4801570442505,1,action_list,95,500.0
1738.4801570442505,1738.4801570442505,0.0,1369.2400785221253,1369.2400785221253,1.2696678868184026,1.2696678868184026,1.2696678868184026,1.2696678868184026,738.4801570442505,1738.4801570442505,1738.4801570442505,1,action_list,95,1000.0
2738.4801570442505,2738.4801570442505,0.0,2369.2400785221253,2369.2400785221253,1.1558474727273937,1.1558474727273937,1.1558474727273937,1.1558474727273937,738.4801570442505,2738.4801570442505,2738.4801570442505,1,action_list,95,2000.0
782.0109109976329,782.0109109976329,0.0,682.0109109976329,682.0109109976329,1.1466252201943834,1.1466252201943834,1.1466252201943834,1.1466252201943834,682.0109109976329,782.0109109976329,782.0109109976329,1,action_list,96,100.0
982.0109109976329,982.0109109976329,0.0,682.0109109976329,682.0109109976329,1.4398756605831504,1.4398756605831504,1.4398756605831504,1.4398756605831504,682.0109109976329,982.0109109976329,982.0109109976329,1,action_list,96,300.0
1182.010910997633,1182.010910997633,0.0,803.1159604433924,803.1159604433924,1.471781124042232,1.471781124042232,1.471781124042232,1.471781124042232,682.0109109976329,1182.010910997633,1182.010910997633,1,action_list,96,500.0
1682.010910997633,1682.010910997633,0.0,1303.1159604433924,1303.1159604433924,1.2907607320113856,1.2907607320113856,1.2907607320113856,1.2907607320113856,682.0109109976329,1682.010910997633,1682.010910997633,1,action_list,96,1000.0
2682.010910997633,2682.010910997633,0.0,2303.1159604433924,2303.1159604433924,1.1645140570695782,1.1645140570695782,1.1645140570695782,1.1645140570695782,682.0109109976329,2682.010910997633,2682.010910997633,1,action_list,96,2000.0
642.2744210227393,642.2744210227393,0.0,542.2744210227393,542.2744210227393,1.1844084768213816,1.1844084768213816,1.1844084768213816,1.1844084768213816,542.2744210227393,642.2744210227393,642.2744210227393,1,action_list,97,100.0
842.2744210227393,842.2744210227393,0.0,542.2744210227393,542.2744210227393,1.553225430464145,1.553225430464145,1.553225430464145,1.553225430464145,542.2744210227393,842.2744210227393,842.2744210227393,1,action_list,97,300.0
1042.2744210227393,1042.2744210227393,0.0,654.9355488636397,654.9355488636397,1.5914152512123678,1.5914152512123678,1.5914152512123678,1.5914152512123678,542.2744210227393,1042.2744210227393,1042.2744210227393,1,action_list,97,500.0
1542.2744210227393,1542.2744210227393,0.0,1154.9355488636397,1154.9355488636397,1.3353770455331544,1.3353770455331544,1.3353770455331544,1.3353770455331544,542.2744210227393,1542.2744210227393,1542.2744210227393,1,action_list,97,1000.0
2542.2744210227393,2542.2744210227393,0.0,2154.9355488636397,2154.9355488636397,1.1797449916139509,1.1797449916139509,1.1797449916139509,1.1797449916139509,542.2744210227393,2542.2744210227393,2542.2744210227393,1,action_list,97,2000.0
753.7782759987749,753.7782759987749,0.0,653.7782759987749,653.7782759987749,1.1529570554286626,1.1529570554286626,1.1529570554286626,1.1529570554286626,653.7782759987749,753.7782759987749,753.7782759987749,1,action_list,98,100.0
953.7782759987749,953.7782759987749,0.0,663.2101533326527,663.2101533326527,1.4381237549003252,1.4381237549003252,1.4381237549003252,1.4381237549003252,653.7782759987749,953.7782759987749,953.7782759987749,1,action_list,98,300.0
1153.778275998775,1153.778275998775,0.0,863.2101533326527,863.2101533326527,1.3366134208967615,1.3366134208967615,1.3366134208967615,1.3366134208967615,653.7782759987749,1153.778275998775,1153.778275998775,1,action_list,98,500.0
1653.778275998775,1653.778275998775,0.0,1363.2101533326527,1363.2101533326527,1.2131499108598682,1.2131499108598682,1.2131499108598682,1.2131499108598682,653.7782759987749,1653.778275998775,1653.778275998775,1,action_list,98,1000.0
2653.778275998775,2653.778275998775,0.0,2363.2101533326527,2363.2101533326527,1.1229548384668018,1.1229548384668018,1.1229548384668018,1.1229548384668018,653.7782759987749,2653.778275998775,2653.778275998775,1,action_list,98,2000.0
665.3257319936529,665.3257319936529,0.0,565.3257319936529,565.3257319936529,1.1768891708632196,1.1768891708632196,1.1768891708632196,1.1768891708632196,565.3257319936529,665.3257319936529,665.3257319936529,1,action_list,99,100.0
865.3257319936529,865.3257319936529,0.0,623.0432754249446,623.0432754249446,1.3888693869674789,1.3888693869674789,1.3888693869674789,1.3888693869674789,565.3257319936529,865.3257319936529,865.3257319936529,1,action_list,99,300.0
1065.3257319936529,1065.3257319936529,0.0,823.0432754249446,823.0432754249446,1.2943738972214016,1.2943738972214016,1.2943738972214016,1.2943738972214016,565.3257319936529,1065.3257319936529,1065.3257319936529,1,action_list,99,500.0
1565.3257319936529,1565.3257319936529,0.0,1323.0432754249446,1323.0432754249446,1.1831251184817748,1.1831251184817748,1.1831251184817748,1.1831251184817748,565.3257319936529,1565.3257319936529,1565.3257319936529,1,action_list,99,1000.0
2565.325731993653,2565.325731993653,0.0,2323.0432754249446,2323.0432754249446,1.1042952833172635,1.1042952833172635,1.1042952833172635,1.1042952833172635,565.3257319936529,2565.325731993653,2565.325731993653,1,action_list,99,2000.0
1349.7266169870272,1349.7266169870272,0.0,1349.7266169870272,1349.7266169870272,1.0,1.0,1.0740890775520366,1.0740890775520366,1349.7266169870272,1449.7266169870272,1449.7266169870272,1,action_list,100,100.0
1349.7266169870272,1349.7266169870272,0.0,1349.7266169870272,1349.7266169870272,1.0,1.0,1.2222672326561101,1.2222672326561101,1349.7266169870272,1649.7266169870272,1649.7266169870272,1,action_list,100,300.0
1349.7266169870272,1349.7266169870272,0.0,1349.7266169870272,1349.7266169870272,1.0,1.0,1.3704453877601834,1.3704453877601834,1349.7266169870272,1849.7266169870272,1849.7266169870272,1,action_list,100,500.0
1467.2130597262785,1467.2130597262785,0.0,1349.7266169870272,1349.7266169870272,1.0870446216742131,1.0870446216742131,1.740890775520367,1.740890775520367,1349.7266169870272,2349.7266169870272,2349.7266169870272,1,action_list,100,1000.0
2467.2130597262785,2467.2130597262785,0.0,2155.7376865754263,2155.7376865754263,1.1444866762271328,1.1444866762271328,1.5538655922040099,1.5538655922040099,1349.7266169870272,3349.7266169870272,3349.7266169870272,1,action_list,100,2000.0
724.7896460117772,724.7896460117772,0.0,624.7896460117772,624.7896460117772,1.1600538687513957,1.1600538687513957,1.1600538687513957,1.1600538687513957,624.7896460117772,724.7896460117772,724.7896460117772,1,action_list,101,100.0
924.7896460117772,924.7896460117772,0.0,624.7896460117772,624.7896460117772,1.4801616062541871,1.4801616062541871,1.4801616062541871,1.4801616062541871,624.7896460117772,924.7896460117772,924.7896460117772,1,action_list,101,300.0
1124.7896460117772,1124.7896460117772,0.0,734.2961172544165,734.2961172544165,1.531792991385332,1.531792991385332,1.531792991385332,1.531792991385332,624.7896460117772,1124.7896460117772,1124.7896460117772,1,action_list,101,500.0
1624.7896460117772,1624.7896460117772,0.0,1234.2961172544165,1234.2961172544165,1.316369405443792,1.316369405443792,1.316369405443792,1.316369405443792,624.7896460117772,1624.7896460117772,1624.7896460117772,1,action_list,101,1000.0
2624.789646011777,2624.789646011777,0.0,2234.2961172544165,2234.2961172544165,1.1747725047462434,1.1747725047462434,1.1747725047462434,1.1747725047462434,624.7896460117772,2624.789646011777,2624.789646011777,1,action_list,101,2000.0
1278.221357963048,1278.221357963048,0.0,1278.221357963048,1278.221357963048,1.0,1.0,1.0782337107552,1.0782337107552,1278.221357963048,1378.221357963048,1378.221357963048,1,action_list,102,100.0
1278.221357963048,1278.221357963048,0.0,1278.221357963048,1278.221357963048,1.0,1.0,1.2347011322655999,1.2347011322655999,1278.221357963048,1578.221357963048,1578.221357963048,1,action_list,102,300.0
1278.221357963048,1278.221357963048,0.0,1278.221357963048,1278.221357963048,1.0,1.0,1.391168553776,1.391168553776,1278.221357963048,1778.221357963048,1778.221357963048,1,action_list,102,500.0
1426.0737859876826,1426.0737859876826,0.0,1278.221357963048,1278.221357963048,1.1156704408853328,1.1156704408853328,1.7823371075519996,1.7823371075519996,1278.221357963048,2278.221357963048,2278.221357963048,1,action_list,102,1000.0
2426.0737859876826,2426.0737859876826,0.0,2243.4707348501042,2243.4707348501042,1.08139310591443,1.08139310591443,1.4612276001817692,1.4612276001817692,1278.221357963048,3278.221357963048,3278.221357963048,1,action_list,102,2000.0
2115.973056992516,2115.973056992516,0.0,2115.973056992516,2115.973056992516,1.0,1.0,1.0472595809618352,1.0472595809618352,2115.973056992516,2215.973056992516,2215.973056992516,1,action_list,103,100.0
2115.973056992516,2115.973056992516,0.0,2115.973056992516,2115.973056992516,1.0,1.0,1.141778742885506,1.141778742885506,2115.973056992516,2415.973056992516,2415.973056992516,1,action_list,103,300.0
2115.973056992516,2115.973056992516,0.0,2115.973056992516,2115.973056992516,1.0,1.0,1.2362979048091767,1.2362979048091767,2115.973056992516,2615.973056992516,2615.973056992516,1,action_list,103,500.0
2115.973056992516,2115.973056992516,0.0,2115.973056992516,2115.973056992516,1.0,1.0,1.4725958096183533,1.4725958096183533,2115.973056992516,3115.973056992516,3115.973056992516,1,action_list,103,1000.0
2480.902967498299,2480.902967498299,0.0,2240.4514837491497,2240.4514837491497,1.1073227809185942,1.1073227809185942,1.8371176911650355,1.8371176911650355,2115.973056992516,4115.973056992516,4115.973056992516,1,action_list,103,2000.0
780.4750839946792,780.4750839946792,0.0,680.4750839946792,680.4750839946792,1.1469561521826153,1.1469561521826153,1.1469561521826153,1.1469561521826153,680.4750839946792,780.4750839946792,780.4750839946792,1,action_list,104,100.0
980.4750839946792,980.4750839946792,0.0,680.4750839946792,680.4750839946792,1.440868456547846,1.440868456547846,1.440868456547846,1.440868456547846,680.4750839946792,980.4750839946792,980.4750839946792,1,action_list,104,300.0
1180.4750839946792,1180.4750839946792,0.0,802.4333706643018,802.4333706643018,1.4711191323180042,1.4711191323180042,1.4711191323180042,1.4711191323180042,680.4750839946792,1180.4750839946792,1180.4750839946792,1,action_list,104,500.0
1680.4750839946792,1680.4750839946792,0.0,1302.433370664302,1302.433370664302,1.2902580061639224,1.2902580061639224,1.2902580061639224,1.2902580061639224,680.4750839946792,1680.4750839946792,1680.4750839946792,1,action_list,104,1000.0
2680.475083994679,2680.475083994679,0.0,2302.433370664302,2302.433370664302,1.164192249012315,1.164192249012315,1.164192249012315,1.164192249012315,680.4750839946792,2680.475083994679,2680.475083994679,1,action_list,104,2000.0
954.7411849722266,954.7411849722266,0.0,854.7411849722266,854.7411849722266,1.116994479449647,1.116994479449647,1.116994479449647,1.116994479449647,854.7411849722266,954.7411849722266,954.7411849722266,1,action_list,105,100.0
1154.7411849722266,1154.7411849722266,0.0,869.827456648151,869.827456648151,1.3275520060288513,1.3275520060288513,1.3275520060288513,1.3275520060288513,854.7411849722266,1154.7411849722266,1154.7411849722266,1,action_list,105,300.0
1354.7411849722266,1354.7411849722266,0.0,1069.827456648151,1069.827456648151,1.26631745759894,1.26631745759894,1.26631745759894,1.26631745759894,854.7411849722266,1354.7411849722266,1354.7411849722266,1,action_list,105,500.0
1854.7411849722266,1854.7411849722266,0.0,1569.827456648151,1569.827456648151,1.1814936585020719,1.1814936585020719,1.1814936585020719,1.1814936585020719,854.7411849722266,1854.7411849722266,1854.7411849722266,1,action_list,105,1000.0
2854.7411849722266,2854.7411849722266,0.0,2569.827456648151,2569.827456648151,1.110868816342904,1.110868816342904,1.110868816342904,1.110868816342904,854.7411849722266,2854.7411849722266,2854.7411849722266,1,action_list,105,2000.0
586.8580210022628,586.8580210022628,0.0,486.85802100226283,486.85802100226283,1.2053986905548697,1.2053986905548697,1.2053986905548697,1.2053986905548697,486.85802100226283,586.8580210022628,586.8580210022628,1,action_list,106,100.0
786.8580210022628,786.8580210022628,0.0,543.4290105011314,543.4290105011314,1.447949972852295,1.447949972852295,1.447949972852295,1.447949972852295,486.85802100226283,786.8580210022628,786.8580210022628,1,action_list,106,300.0
986.8580210022628,986.8580210022628,0.0,743.4290105011314,743.4290105011314,1.32744082765487,1.32744082765487,1.32744082765487,1.32744082765487,486.85802100226283,986.8580210022628,986.8580210022628,1,action_list,106,500.0
1486.8580210022628,1486.8580210022628,0.0,1243.4290105011314,1243.4290105011314,1.1957723428079128,1.1957723428079128,1.1957723428079128,1.1957723428079128,486.85802100226283,1486.8580210022628,1486.8580210022628,1,action_list,106,1000.0
2486.858021002263,2486.858021002263,0.0,2243.4290105011314,2243.4290105011314,1.1085075611314996,1.1085075611314996,1.1085075611314996,1.1085075611314996,486.85802100226283,2486.858021002263,2486.858021002263,1,action_list,106,2000.0
1357.3999399668537,1357.3999399668537,0.0,1357.3999399668537,1357.3999399668537,1.0,1.0,1.0736702552104445,1.0736702552104445,1357.3999399668537,1457.3999399668537,1457.3999399668537,1,action_list,107,100.0
1357.3999399668537,1357.3999399668537,0.0,1357.3999399668537,1357.3999399668537,1.0,1.0,1.2210107656313332,1.2210107656313332,1357.3999399668537,1657.3999399668537,1657.3999399668537,1,action_list,107,300.0
1357.3999399668537,1357.3999399668537,0.0,1357.3999399668537,1357.3999399668537,1.0,1.0,1.3683512760522218,1.3683512760522218,1357.3999399668537,1857.3999399668537,1857.3999399668537,1,action_list,107,500.0
1531.1564982478994,1531.1564982478994,0.0,1357.3999399668537,1357.3999399668537,1.1280068999305308,1.1280068999305308,1.736702552104444,1.736702552104444,1357.3999399668537,2357.3999399668537,2357.3999399668537,1,action_list,107,1000.0
2531.1564982478994,2531.1564982478994,0.0,2295.0869434710553,2295.0869434710553,1.102858654417604,1.102858654417604,1.4628639448792176,1.4628639448792176,1357.3999399668537,3357.3999399668537,3357.3999399668537,1,action_list,107,2000.0
756.6958999610506,756.6958999610506,0.0,656.6958999610506,656.6958999610506,1.1522774849149067,1.1522774849149067,1.1522774849149067,1.1522774849149067,656.6958999610506,756.6958999610506,756.6958999610506,1,action_list,108,100.0
956.6958999610506,956.6958999610506,0.0,656.6958999610506,656.6958999610506,1.4568324547447202,1.4568324547447202,1.4568324547447202,1.4568324547447202,656.6958999610506,956.6958999610506,956.6958999610506,1,action_list,108,300.0
1156.6958999610506,1156.6958999610506,0.0,791.8648444271336,791.8648444271336,1.4607238951210801,1.4607238951210801,1.4607238951210801,1.4607238951210801,656.6958999610506,1156.6958999610506,1156.6958999610506,1,action_list,108,500.0
1656.6958999610506,1656.6958999610506,0.0,1291.8648444271334,1291.8648444271334,1.2824065203939337,1.2824065203939337,1.2824065203939337,1.2824065203939337,656.6958999610506,1656.6958999610506,1656.6958999610506,1,action_list,108,1000.0
2656.6958999610506,2656.6958999610506,0.0,2291.8648444271334,2291.8648444271334,1.1591852400987062,1.1591852400987062,1.1591852400987062,1.1591852400987062,656.6958999610506,2656.6958999610506,2656.6958999610506,1,action_list,108,2000.0
666.4691379643045,666.4691379643045,0.0,566.4691379643045,566.4691379643045,1.1765321238141333,1.1765321238141333,1.1765321238141333,1.1765321238141333,566.4691379643045,666.4691379643045,666.4691379643045,1,action_list,109,100.0
866.4691379643045,866.4691379643045,0.0,566.4691379643045,566.4691379643045,1.5295963714424001,1.5295963714424001,1.5295963714424001,1.5295963714424001,566.4691379643045,866.4691379643045,866.4691379643045,1,action_list,109,300.0
1066.4691379643045,1066.4691379643045,0.0,742.7724876989877,742.7724876989877,1.4357951534635953,1.4357951534635953,1.4357951534635953,1.4357951534635953,566.4691379643045,1066.4691379643045,1066.4691379643045,1,action_list,109,500.0
1566.4691379643045,1566.4691379643045,0.0,1242.7724876989876,1242.7724876989876,1.2604633217015018,1.2604633217015018,1.2604633217015018,1.2604633217015018,566.4691379643045,1566.4691379643045,1566.4691379643045,1,action_list,109,1000.0
2566.4691379643045,2566.4691379643045,0.0,2242.772487698988,2242.772487698988,1.1443287948468723,1.1443287948468723,1.1443287948468723,1.1443287948468723,566.4691379643045,2566.4691379643045,2566.4691379643045,1,action_list,109,2000.0
696.5035209665075,696.5035209665075,0.0,596.5035209665075,596.5035209665075,1.1676436039102858,1.1676436039102858,1.1676436039102858,1.1676436039102858,596.5035209665075,696.5035209665075,696.5035209665075,1,action_list,110,100.0
896.5035209665075,896.5035209665075,0.0,596.5035209665075,596.5035209665075,1.502930811730857,1.502930811730857,1.502930811730857,1.502930811730857,596.5035209665075,896.5035209665075,896.5035209665075,1,action_list,110,300.0
1096.5035209665075,1096.5035209665075,0.0,723.6888203624403,723.6888203624403,1.5151588502049167,1.5151588502049167,1.5151588502049167,1.5151588502049167,596.5035209665075,1096.5035209665075,1096.5035209665075,1,action_list,110,500.0
1596.5035209665075,1596.5035209665075,0.0,1223.6888203624403,1223.6888203624403,1.3046646291118722,1.3046646291118722,1.3046646291118722,1.3046646291118722,596.5035209665075,1596.5035209665075,1596.5035209665075,1,action_list,110,1000.0
2596.5035209665075,2596.5035209665075,0.0,2223.6888203624403,2223.6888203624403,1.1676559675032687,1.1676559675032687,1.1676559675032687,1.1676559675032687,596.5035209665075,2596.5035209665075,2596.5035209665075,1,action_list,110,2000.0
945.0958419707604,945.0958419707604,0.0,845.0958419707604,845.0958419707604,1.1183297740133242,1.1183297740133242,1.1183297740133242,1.1183297740133242,845.0958419707604,945.0958419707604,945.0958419707604,1,action_list,111,100.0
1145.0958419707604,1145.0958419707604,0.0,845.0958419707604,845.0958419707604,1.3549893220399725,1.3549893220399725,1.3549893220399725,1.3549893220399725,845.0958419707604,1145.0958419707604,1145.0958419707604,1,action_list,111,300.0
1345.0958419707604,1345.0958419707604,0.0,992.9725744829436,992.9725744829436,1.3546153000964531,1.3546153000964531,1.3546153000964531,1.3546153000964531,845.0958419707604,1345.0958419707604,1345.0958419707604,1,action_list,111,500.0
1845.0958419707604,1845.0958419707604,0.0,1492.9725744829436,1492.9725744829436,1.2358538083727133,1.2358538083727133,1.2358538083727133,1.2358538083727133,845.0958419707604,1845.0958419707604,1845.0958419707604,1,action_list,111,1000.0
2845.0958419707604,2845.0958419707604,0.0,2492.9725744829434,2492.9725744829434,1.1412463462663038,1.1412463462663038,1.1412463462663038,1.1412463462663038,845.0958419707604,2845.0958419707604,2845.0958419707604,1,action_list,111,2000.0
1421.3756850222126,1421.3756850222126,0.0,1421.3756850222126,1421.3756850222126,1.0,1.0,1.0703543764352752,1.0703543764352752,1421.3756850222126,1521.3756850222126,1521.3756850222126,1,action_list,112,100.0
1421.3756850222126,1421.3756850222126,0.0,1421.3756850222126,1421.3756850222126,1.0,1.0,1.2110631293058258,1.2110631293058258,1421.3756850222126,1721.3756850222126,1721.3756850222126,1,action_list,112,300.0
1421.3756850222126,1421.3756850222126,0.0,1421.3756850222126,1421.3756850222126,1.0,1.0,1.3517718821763764,1.3517718821763764,1421.3756850222126,1921.3756850222126,1921.3756850222126,1,action_list,112,500.0
1473.791895007404,1473.791895007404,0.0,1421.3756850222126,1421.3756850222126,1.036877097686086,1.036877097686086,1.7035437643527527,1.7035437643527527,1421.3756850222126,2421.3756850222126,2421.3756850222126,1,action_list,112,1000.0
2473.791895007404,2473.791895007404,0.0,2236.8959475037022,2236.8959475037022,1.1059038744149317,1.1059038744149317,1.5295193720746592,1.5295193720746592,1421.3756850222126,3421.3756850222126,3421.3756850222126,1,action_list,112,2000.0
726.6090180142783,726.6090180142783,0.0,626.6090180142783,626.6090180142783,1.1595891490947572,1.1595891490947572,1.1595891490947572,1.1595891490947572,626.6090180142783,726.6090180142783,726.6090180142783,1,action_list,113,100.0
926.6090180142783,926.6090180142783,0.0,626.6090180142783,626.6090180142783,1.4787674472842713,1.4787674472842713,1.4787674472842713,1.4787674472842713,626.6090180142783,926.6090180142783,926.6090180142783,1,action_list,113,300.0
1126.6090180142783,1126.6090180142783,0.0,734.9783817553543,734.9783817553543,1.5328464700194169,1.5328464700194169,1.5328464700194169,1.5328464700194169,626.6090180142783,1126.6090180142783,1126.6090180142783,1,action_list,113,500.0
1626.6090180142783,1626.6090180142783,0.0,1234.9783817553543,1234.9783817553543,1.3171153779244897,1.3171153779244897,1.3171153779244897,1.3171153779244897,626.6090180142783,1626.6090180142783,1626.6090180142783,1,action_list,113,1000.0
2626.6090180142783,2626.6090180142783,0.0,2234.9783817553543,2234.9783817553543,1.175227930371003,1.175227930371003,1.175227930371003,1.175227930371003,626.6090180142783,2626.6090180142783,2626.6090180142783,1,action_list,113,2000.0
701.4008190250024,701.4008190250024,0.0,601.4008190250024,601.4008190250024,1.166278456624188,1.166278456624188,1.166278456624188,1.166278456624188,601.4008190250024,701.4008190250024,701.4008190250024,1,action_list,114,100.0
901.4008190250024,901.4008190250024,0.0,601.4008190250024,601.4008190250024,1.498835369872564,1.498835369872564,1.498835369872564,1.498835369872564,601.4008190250024,901.4008190250024,901.4008190250024,1,action_list,114,300.0
1101.4008190250024,1101.4008190250024,0.0,725.5253071343759,725.5253071343759,1.5180736056957553,1.5180736056957553,1.5180736056957553,1.5180736056957553,601.4008190250024,1101.4008190250024,1101.4008190250024,1,action_list,114,500.0
1601.4008190250024,1601.4008190250024,0.0,1225.525307134376,1225.525307134376,1.3067056303957767,1.3067056303957767,1.3067056303957767,1.3067056303957767,601.4008190250024,1601.4008190250024,1601.4008190250024,1,action_list,114,1000.0
2601.4008190250024,2601.4008190250024,0.0,2225.525307134376,2225.525307134376,1.1688929398761185,1.1688929398761185,1.1688929398761185,1.1688929398761185,601.4008190250024,2601.4008190250024,2601.4008190250024,1,action_list,114,2000.0
784.8404080374166,784.8404080374166,0.0,684.8404080374166,684.8404080374166,1.1460194212058474,1.1460194212058474,1.1460194212058474,1.1460194212058474,684.8404080374166,784.8404080374166,784.8404080374166,1,action_list,115,100.0
984.8404080374166,984.8404080374166,0.0,684.8404080374166,684.8404080374166,1.4380582636175425,1.4380582636175425,1.4380582636175425,1.4380582636175425,684.8404080374166,984.8404080374166,984.8404080374166,1,action_list,115,300.0
1184.8404080374166,1184.8404080374166,0.0,804.3735146832962,804.3735146832962,1.472997788227675,1.472997788227675,1.472997788227675,1.472997788227675,684.8404080374166,1184.8404080374166,1184.8404080374166,1,action_list,115,500.0
1684.8404080374166,1684.8404080374166,0.0,1304.3735146832962,1304.3735146832962,1.2916855402775471,1.2916855402775471,1.2916855402775471,1.2916855402775471,684.8404080374166,1684.8404080374166,1684.8404080374166,1,action_list,115,1000.0
2684.8404080374166,2684.8404080374166,0.0,2304.3735146832964,2304.3735146832964,1.165106433887481,1.165106433887481,1.165106433887481,1.165106433887481,684.8404080374166,2684.8404080374166,2684.8404080374166,1,action_list,115,2000.0
839.6781760035083,839.6781760035083,0.0,739.6781760035083,739.6781760035083,1.1351939306095273,1.1351939306095273,1.1351939306095273,1.1351939306095273,739.6781760035083,839.6781760035083,839.6781760035083,1,action_list,116,100.0
1039.6781760035083,1039.6781760035083,0.0,743.806905602105,743.806905602105,1.397779676651292,1.397779676651292,1.397779676651292,1.397779676651292,739.6781760035083,1039.6781760035083,1039.6781760035083,1,action_list,116,300.0
1239.6781760035083,1239.6781760035083,0.0,943.806905602105,943.806905602105,1.3134870794494253,1.3134870794494253,1.3134870794494253,1.3134870794494253,739.6781760035083,1239.6781760035083,1239.6781760035083,1,action_list,116,500.0
1739.6781760035083,1739.6781760035083,0.0,1443.806905602105,1443.806905602105,1.2049244045401053,1.2049244045401053,1.2049244045401053,1.2049244045401053,739.6781760035083,1739.6781760035083,1739.6781760035083,1,action_list,116,1000.0
2739.6781760035083,2739.6781760035083,0.0,2443.806905602105,2443.806905602105,1.121069823365814,1.121069823365814,1.121069823365814,1.121069823365814,739.6781760035083,2739.6781760035083,2739.6781760035083,1,action_list,116,2000.0
1507.883590995334,1507.883590995334,0.0,1507.883590995334,1507.883590995334,1.0,1.0,1.06631811672809,1.06631811672809,1507.883590995334,1607.883590995334,1607.883590995334,1,action_list,117,100.0
1507.883590995334,1507.883590995334,0.0,1507.883590995334,1507.883590995334,1.0,1.0,1.1989543501842699,1.1989543501842699,1507.883590995334,1807.883590995334,1807.883590995334,1,action_list,117,300.0
1507.883590995334,1507.883590995334,0.0,1507.883590995334,1507.883590995334,1.0,1.0,1.3315905836404498,1.3315905836404498,1507.883590995334,2007.883590995334,2007.883590995334,1,action_list,117,500.0
1637.9507500364875,1637.9507500364875,0.0,1507.883590995334,1507.883590995334,1.0862580903578225,1.0862580903578225,1.6631811672808994,1.6631811672808994,1507.883590995334,2507.883590995334,2507.883590995334,1,action_list,117,1000.0
2637.9507500364875,2637.9507500364875,0.0,2231.982090922359,2231.982090922359,1.181887059383332,1.181887059383332,1.571645043776186,1.571645043776186,1507.883590995334,3507.883590995334,3507.883590995334,1,action_list,117,2000.0
784.3280210159719,784.3280210159719,0.0,684.3280210159719,684.3280210159719,1.1461287524826724,1.1461287524826724,1.1461287524826724,1.1461287524826724,684.3280210159719,784.3280210159719,784.3280210159719,1,action_list,118,100.0
984.3280210159719,984.3280210159719,0.0,684.3280210159719,684.3280210159719,1.4383862574480173,1.4383862574480173,1.4383862574480173,1.4383862574480173,684.3280210159719,984.3280210159719,984.3280210159719,1,action_list,118,300.0
1184.328021015972,1184.328021015972,0.0,804.1457871182097,804.1457871182097,1.4727777475029853,1.4727777475029853,1.4727777475029853,1.4727777475029853,684.3280210159719,1184.328021015972,1184.328021015972,1,action_list,118,500.0
1684.328021015972,1684.328021015972,0.0,1304.1457871182097,1304.1457871182097,1.2915182011497783,1.2915182011497783,1.2915182011497783,1.2915182011497783,684.3280210159719,1684.328021015972,1684.328021015972,1,action_list,118,1000.0
2684.328021015972,2684.328021015972,0.0,2304.1457871182097,2304.1457871182097,1.1649992096955182,1.1649992096955182,1.1649992096955182,1.1649992096955182,684.3280210159719,2684.328021015972,2684.328021015972,1,action_list,118,2000.0
529.9755060346797,529.9755060346797,0.0,429.9755060346797,429.9755060346797,1.2325713874313913,1.2325713874313913,1.2325713874313913,1.2325713874313913,429.9755060346797,529.9755060346797,529.9755060346797,1,action_list,119,100.0
729.9755060346797,729.9755060346797,0.0,471.9902024138719,471.9902024138719,1.5465903789981417,1.5465903789981417,1.5465903789981417,1.5465903789981417,429.9755060346797,729.9755060346797,729.9755060346797,1,action_list,119,300.0
929.9755060346797,929.9755060346797,0.0,671.9902024138719,671.9902024138719,1.3839122991586674,1.3839122991586674,1.3839122991586674,1.3839122991586674,429.9755060346797,929.9755060346797,929.9755060346797,1,action_list,119,500.0
1429.9755060346797,1429.9755060346797,0.0,1171.9902024138719,1171.9902024138719,1.2201258193877835,1.2201258193877835,1.2201258193877835,1.2201258193877835,429.9755060346797,1429.9755060346797,1429.9755060346797,1,action_list,119,1000.0
2429.9755060346797,2429.9755060346797,0.0,2171.990202413872,2171.990202413872,1.1187782998901616,1.1187782998901616,1.1187782998901616,1.1187782998901616,429.9755060346797,2429.9755060346797,2429.9755060346797,1,action_list,119,2000.0
