policy,request_id,arrival_ms,first_start_ms,completion_ms,latency_ms,first_wait_ms,deadline_ms,service_class,slo_miss,canvas
arrival_dense,0,0.0,0.0,3291.245305998018,3291.245305998018,0.0,20000.0,interactive_short,False,32
arrival_dense,1,23426.633179283737,23426.633179283737,26717.878485281755,3291.245305998018,0.0,43426.63317928374,interactive_short,False,32
arrival_dense,2,31314.193591454783,31314.193591454783,34605.4388974528,3291.2453059980144,0.0,51314.19359145478,interactive_short,False,32
arrival_dense,3,49307.777464750834,49307.777464750834,52599.02277074885,3291.245305998018,0.0,69307.77746475083,interactive_short,False,32
arrival_dense,4,58042.71395176844,58042.71395176844,63534.75371273604,5492.0397609676,0.0,78042.71395176844,interactive_short,False,32
arrival_dense,5,59645.50230345718,59674.02684256746,72477.07334477824,12831.571041321062,28.524539110279875,79645.50230345718,interactive_short,False,32
arrival_dense,6,61008.8041511719,61019.72631622417,77283.57014700092,16274.765995829024,10.922165052274067,161008.8041511719,interactive_long,False,256
arrival_dense,7,64694.231462389835,64764.32266214184,78027.67778140047,13333.44631901064,70.09119975200883,84694.23146238984,interactive_short,False,32
arrival_dense,8,87618.7464539721,87618.7464539721,90909.99175997011,3291.245305998018,0.0,107618.7464539721,interactive_short,False,32
arrival_dense,9,103521.09644092273,103521.09644092273,106812.34174692075,3291.245305998018,0.0,123521.09644092273,interactive_short,False,32
arrival_dense,10,123232.53578001732,123232.53578001732,126523.78108601534,3291.245305998018,0.0,143232.53578001732,interactive_short,False,32
arrival_dense,11,146151.4244538608,146151.4244538608,149528.29575015273,3376.871296291938,0.0,166151.4244538608,interactive_short,False,32
arrival_dense,12,148509.61667575076,148526.84497905936,151951.88089489163,3442.2642191408668,17.228303308598697,168509.61667575076,interactive_short,False,32
arrival_dense,13,151380.169221488,151388.5648361516,154939.36392522807,3559.194703740068,8.395614663604647,171380.169221488,interactive_short,False,32
arrival_dense,14,152464.86289361454,152467.03233409132,155969.66680362745,3504.80391001291,2.169440476776799,172464.86289361454,interactive_short,False,32
arrival_dense,15,167611.425337719,167611.425337719,170902.67064371702,3291.245305998018,0.0,187611.425337719,interactive_short,False,32
arrival_dense,16,189164.69515790572,189164.69515790572,192455.94046390374,3291.245305998018,0.0,209164.69515790572,interactive_short,False,32
arrival_dense,17,194379.81013739476,194379.81013739476,197671.05544339278,3291.245305998018,0.0,214379.81013739476,interactive_short,False,32
arrival_dense,18,204073.07373168544,204073.07373168544,215982.84269544776,11909.768963762326,0.0,304073.0737316854,interactive_long,False,256
arrival_dense,19,205751.9757076024,205810.95411399976,216669.71128104735,10917.735573444952,58.97840639736387,225751.9757076024,interactive_short,False,32
arrival_dense,20,232327.59274872325,232327.59274872325,240654.93624731273,8327.343498589471,0.0,332327.5927487232,interactive_long,False,256
arrival_dense,21,252323.2326383261,252323.2326383261,255614.4779443241,3291.245305998018,0.0,272323.2326383261,interactive_short,False,32
arrival_dense,22,289706.4647876418,289706.4647876418,292997.7100936398,3291.245305998018,0.0,309706.4647876418,interactive_short,False,32
arrival_dense,23,306354.47640524525,306354.47640524525,309645.72171124327,3291.245305998018,0.0,326354.47640524525,interactive_short,False,32
arrival_dense,24,327675.83075189835,327675.83075189835,340372.9459717426,12697.115219844272,0.0,427675.83075189835,interactive_long,False,256
arrival_dense,25,327926.81791174674,327965.47748228407,340487.42406934255,12560.606157595816,38.65957053733291,347926.81791174674,interactive_short,False,32
arrival_dense,26,341266.28406705445,341266.28406705445,344557.5293730525,3291.245305998018,0.0,361266.28406705445,interactive_short,False,32
arrival_dense,27,345303.7319732829,345303.7319732829,348594.9772792809,3291.245305998018,0.0,365303.7319732829,interactive_short,False,32
arrival_dense,28,372013.57207213715,372013.57207213715,380340.9155707266,8327.343498589471,0.0,472013.57207213715,interactive_long,False,256
arrival_dense,29,388220.33731611405,388220.33731611405,391511.58262211207,3291.245305998018,0.0,408220.33731611405,interactive_short,False,32
arrival_dense,30,408176.0503259419,408176.0503259419,416503.39382453135,8327.343498589471,0.0,508176.0503259419,interactive_long,False,256
arrival_dense,31,424822.8780803353,424822.8780803353,428130.1782595134,3307.300179178128,0.0,444822.8780803353,interactive_short,False,32
arrival_dense,32,427926.3235830694,427942.4062399334,431249.7064191115,3323.3828360421467,16.082656864018645,447926.3235830694,interactive_short,False,32
arrival_dense,33,443408.5527798298,443408.5527798298,455633.26024602493,12224.707466195105,0.0,543408.5527798298,interactive_long,False,256
arrival_dense,34,444552.5163461954,444567.1397013727,456091.17263642466,11538.656290229235,14.62335517728934,464552.5163461954,interactive_short,False,32
arrival_dense,35,465122.80490767374,465122.80490767374,468414.05021367176,3291.245305998018,0.0,485122.80490767374,interactive_short,False,32
arrival_dense,36,484683.9528997038,484683.9528997038,496160.68142262107,11476.728522917256,0.0,584683.9528997038,interactive_long,False,256
arrival_dense,37,487199.8167778764,487218.36179057887,497162.36477662047,9962.547998744063,18.54501270246692,507199.8167778764,interactive_short,False,32
arrival_dense,38,504159.9436579162,504159.9436579162,513628.9392278245,9468.995569908293,0.0,604159.9436579163,interactive_long,False,256
arrival_dense,39,510327.4220864302,510387.3483612092,516288.2284287777,5960.806342347525,59.92627477901988,530327.4220864302,interactive_short,False,32
arrival_dense,40,513968.6030904206,513972.3735206243,517461.628929177,3493.02583875641,3.770430203701835,533968.6030904206,interactive_short,False,32
arrival_dense,41,529832.9239242688,529832.9239242688,533455.394445992,3622.470521723153,0.0,549832.9239242688,interactive_short,False,32
arrival_dense,42,532415.392785721,532437.3006446672,537057.168588302,4641.775802580989,21.907858946244232,552415.392785721,interactive_short,False,32
arrival_dense,43,532654.8821332838,532656.3680008439,537276.2359444787,4621.353811194887,1.4858675601426512,552654.8821332838,interactive_short,False,32
arrival_dense,44,534800.80665138,534801.0939196487,539012.1380938544,4211.331442474388,0.2872682686429471,554800.80665138,interactive_short,False,32
arrival_dense,45,538779.6748792193,538793.0707376777,542103.0467290526,3323.371849833289,13.395858458476141,558779.6748792193,interactive_short,False,32
arrival_dense,46,558756.6641642567,558756.6641642567,562047.9094702547,3291.245305998018,0.0,578756.6641642567,interactive_short,False,32
arrival_dense,47,592835.592843646,592835.592843646,596126.838149644,3291.245305998018,0.0,612835.592843646,interactive_short,False,32
arrival_dense,48,596108.4880131491,596126.838149644,599418.083455642,3309.595442492864,18.350136494846083,616108.4880131491,interactive_short,False,32
arrival_dense,49,606366.2448322171,606366.2448322171,609657.4901382151,3291.245305998018,0.0,626366.2448322171,interactive_short,False,32
arrival_dense,50,611469.1422453179,611469.1422453179,614760.387551316,3291.245305998018,0.0,631469.1422453179,interactive_short,False,32
arrival_dense,51,651181.3999550084,651181.3999550084,654472.6452610064,3291.245305998018,0.0,671181.3999550084,interactive_short,False,32
arrival_dense,52,658864.7577106205,658864.7577106205,662156.0030166185,3291.245305998018,0.0,678864.7577106205,interactive_short,False,32
arrival_dense,53,686872.523083273,686872.523083273,699057.863236664,12185.340153391007,0.0,786872.523083273,interactive_long,False,256
arrival_dense,54,688098.0617716468,688103.5216874123,699544.3951514637,11446.333379816846,5.459915765444748,708098.0617716468,interactive_short,False,32
arrival_dense,55,723298.077376727,723298.077376727,726712.4100437725,3414.332667045528,0.0,743298.077376727,interactive_short,False,32
arrival_dense,56,725265.1363422534,725272.8245603258,728687.1572273714,3422.020885117934,7.688218072406016,745265.1363422534,interactive_short,False,32
arrival_dense,57,758108.4348615361,758108.4348615361,761418.410852911,3309.975991374813,0.0,778108.4348615361,interactive_short,False,32
arrival_dense,58,761193.6297414154,761199.3434967343,764710.0054028605,3516.375661445083,5.713755318894982,781193.6297414154,interactive_short,False,32
arrival_dense,59,762341.0350851904,762362.8551581104,765854.7863788598,3513.7512936693383,21.820072919945233,782341.0350851904,interactive_short,False,32
arrival_dense,60,768042.6124554221,768042.6124554221,776369.9559540115,8327.343498589471,0.0,868042.6124554221,interactive_long,False,256
arrival_dense,61,781082.2036817967,781082.2036817967,784373.4489877947,3291.245305998018,0.0,801082.2036817967,interactive_short,False,32
arrival_dense,62,784846.2774256257,784846.2774256257,788137.5227316237,3291.245305998018,0.0,804846.2774256257,interactive_short,False,32
arrival_dense,63,794165.623373246,794165.623373246,797456.8686792441,3291.245305998018,0.0,814165.623373246,interactive_short,False,32
arrival_dense,64,801328.2065399077,801328.2065399077,811505.8137402898,10177.607200382045,0.0,901328.2065399077,interactive_long,False,256
arrival_dense,65,806192.7149346475,806252.200956465,817295.8890385372,11103.174103889614,59.48602181742899,906192.7149346475,interactive_long,False,256
arrival_dense,66,814786.8117488315,814836.7511397256,820163.5423468803,5376.730598048773,49.939390894025564,834786.8117488315,interactive_short,False,32
arrival_dense,67,817726.7982985554,817753.8014289369,821251.0842740797,3524.2859755242243,27.003130381461233,837726.7982985554,interactive_short,False,32
arrival_dense,68,830063.742575083,830063.742575083,833660.0304715032,3596.287896420108,0.0,850063.742575083,interactive_short,False,32
arrival_dense,69,830080.6696755257,830092.362099483,833688.6499959031,3607.9803203773918,11.692423957283609,850080.6696755257,interactive_short,False,32
arrival_dense,70,856060.3256333817,856060.3256333817,859351.5709393797,3291.245305998018,0.0,876060.3256333817,interactive_short,False,32
arrival_dense,71,863792.0177881971,863792.0177881971,872119.3612867866,8327.343498589471,0.0,963792.0177881971,interactive_long,False,256
arrival_dense,72,876501.3380655749,876501.3380655749,884828.6815641643,8327.343498589471,0.0,976501.3380655749,interactive_long,False,256
arrival_dense,73,890047.3602258987,890047.3602258987,893338.6055318967,3291.245305998018,0.0,910047.3602258987,interactive_short,False,32
arrival_dense,74,901153.0502197776,901153.0502197776,904444.2955257756,3291.245305998018,0.0,921153.0502197776,interactive_short,False,32
arrival_dense,75,905682.1002433572,905682.1002433572,916374.5384684037,10692.438225046499,0.0,925682.1002433572,interactive_short,False,32
arrival_dense,76,906407.5255748781,906426.2078777568,918729.6499695601,12322.124394682003,18.682302878703922,1006407.5255748781,interactive_long,False,256
arrival_dense,77,917321.0432239831,917388.3020247538,921709.5707291185,4388.5275051353965,67.25880077062175,937321.0432239831,interactive_short,False,32
arrival_dense,78,921328.8049483133,921334.0266899585,924657.3817423168,3328.5767940034857,5.2217416452476755,941328.8049483133,interactive_short,False,32
arrival_dense,79,925096.351872601,925096.351872601,928387.597178599,3291.245305998018,0.0,945096.351872601,interactive_short,False,32
arrival_dense,80,943936.1047351673,943936.1047351673,947227.3500411654,3291.245305998018,0.0,963936.1047351673,interactive_short,False,32
arrival_dense,81,956656.9890213045,956656.9890213045,959948.2343273025,3291.245305998018,0.0,976656.9890213045,interactive_short,False,32
arrival_dense,82,960228.34335237,960228.34335237,963519.588658368,3291.245305998018,0.0,980228.34335237,interactive_short,False,32
arrival_dense,83,963928.6183221564,963928.6183221564,973909.3889585179,9980.770636361558,0.0,1063928.6183221564,interactive_long,False,256
arrival_dense,84,969177.7439365004,969214.6711516958,976153.8113471244,6976.067410624004,36.92721519537736,989177.7439365004,interactive_short,False,32
arrival_dense,85,974326.0868650073,974338.6818245177,977785.1242379234,3459.037372916122,12.594959510373883,994326.0868650073,interactive_short,False,32
arrival_dense,86,977830.959600833,977830.959600833,992564.3715205282,14733.411919695209,0.0,1077830.959600833,interactive_long,False,256
arrival_dense,87,979192.4540431228,979206.7815701652,993158.9829158649,13966.528872742085,14.327527042361908,999192.4540431228,interactive_short,False,32
arrival_dense,88,984647.4241699039,984683.952344791,994561.3396114641,9913.91544156021,36.528174887178466,1004647.4241699039,interactive_short,False,32
arrival_dense,89,1012842.3275609529,1012842.3275609529,1016133.5728669509,3291.245305998018,0.0,1032842.3275609529,interactive_short,False,32
arrival_dense,90,1024153.2054733564,1024153.2054733564,1027444.4507793544,3291.245305998018,0.0,1044153.2054733564,interactive_short,False,32
arrival_dense,91,1047463.6217134104,1047463.6217134104,1050754.8670194084,3291.245305998018,0.0,1067463.6217134104,interactive_short,False,32
arrival_dense,92,1057022.1245524148,1057022.1245524148,1067908.3433832705,10886.218830855796,0.0,1157022.1245524148,interactive_long,False,256
arrival_dense,93,1060602.4528435422,1060642.7086822363,1069835.6344455876,9233.181602045428,40.25583869405091,1080602.4528435422,interactive_short,False,32
arrival_dense,94,1068541.7948415927,1068566.5924444702,1075453.4603526834,6911.665511090774,24.797602877486497,1088541.7948415927,interactive_short,False,32
arrival_dense,95,1068545.8550627239,1068566.5924444702,1075453.4603526834,6907.605289959582,20.737381746293977,1088545.8550627239,interactive_short,False,32
arrival_dense,96,1071927.3835795277,1071932.4219975644,1084819.0338490142,12891.650269486476,5.038418036652729,1171927.3835795277,interactive_long,False,256
arrival_dense,97,1077546.610672685,1077553.39914798,1086333.169540014,8786.5588673288,6.788475294830278,1097546.610672685,interactive_short,False,32
arrival_dense,98,1086221.2540038133,1086221.3905446134,1094588.101356007,8366.847352193668,0.13654080010019243,1186221.2540038133,interactive_long,False,256
arrival_dense,99,1096854.8336152665,1096854.8336152665,1106284.4618723707,9429.628257104196,0.0,1196854.8336152665,interactive_long,False,256
arrival_dense,100,1103109.4981955176,1103154.650001156,1108774.3604951692,5664.862299651606,45.151805638335645,1123109.4981955176,interactive_short,False,32
arrival_dense,101,1108946.3255584924,1108946.3255584924,1112317.845230391,3371.519671898568,0.0,1128946.3255584924,interactive_short,False,32
arrival_dense,102,1111350.5121758431,1111378.985132491,1114750.5048043896,3399.9926285464317,28.47295664786361,1131350.5121758431,interactive_short,False,32
arrival_dense,103,1117759.5930439369,1117759.5930439369,1121050.838349935,3291.245305998018,0.0,1137759.5930439369,interactive_short,False,32
arrival_dense,104,1140904.2292688703,1140904.2292688703,1144195.4745748683,3291.245305998018,0.0,1160904.2292688703,interactive_short,False,32
arrival_dense,105,1156801.7959256177,1156801.7959256177,1160556.6624404558,3754.866514838068,0.0,1176801.7959256177,interactive_short,False,32
arrival_dense,106,1158661.3742804858,1158662.0650116166,1162590.8593192392,3929.485038753366,0.6907311307732016,1178661.3742804858,interactive_short,False,32
arrival_dense,107,1159547.4520958702,1159569.62977292,1163420.8255268387,3873.373430968495,22.177677049767226,1179547.4520958702,interactive_short,False,32
arrival_dense,108,1166792.8401140096,1166792.8401140096,1170084.0854200076,3291.245305998018,0.0,1186792.8401140096,interactive_short,False,32
arrival_dense,109,1176815.1629936125,1176815.1629936125,1187425.8106348396,10610.647641227115,0.0,1276815.1629936125,interactive_long,False,256
arrival_dense,110,1180897.676686071,1180942.628901609,1191553.276542836,10655.59985676501,44.95221553789452,1280897.676686071,interactive_long,False,256
arrival_dense,111,1197958.4569977403,1197958.4569977403,1201249.7023037383,3291.245305998018,0.0,1217958.4569977403,interactive_short,False,32
arrival_dense,112,1211867.0300547273,1211867.0300547273,1215158.2753607254,3291.245305998018,0.0,1231867.0300547273,interactive_short,False,32
arrival_dense,113,1223038.7344802031,1223038.7344802031,1228959.516714001,5920.782233797945,0.0,1243038.7344802031,interactive_short,False,32
arrival_dense,114,1225583.02148327,1225585.8721518016,1248684.6176739028,23101.596190632787,2.850668531609699,1325583.02148327,interactive_long,False,256
arrival_dense,115,1227803.5870654054,1227821.4520598121,1252698.2560138395,24894.66894843406,17.864994406700134,1327803.5870654054,interactive_long,False,256
arrival_dense,116,1228050.8734219973,1228156.7890460137,1252792.2591250334,24741.385703036096,105.91562401643023,1248050.8734219973,interactive_short,True,32
arrival_dense,117,1230859.1634278696,1230971.538631212,1253292.98451058,22433.82108271052,112.3752033424098,1250859.1634278696,interactive_short,True,32
arrival_dense,118,1237305.330961801,1237393.3599751107,1254208.8092913795,16903.478329578415,88.02901330962777,1257305.330961801,interactive_short,False,32
arrival_dense,119,1256259.0590576427,1256259.0590576427,1269103.9177197036,12844.858662060928,0.0,1276259.0590576427,interactive_short,False,32
arrival_dense,120,1257015.223388105,1257031.7862164422,1272121.9505955179,15106.727207412943,16.56282833730802,1357015.223388105,interactive_long,False,256
arrival_dense,121,1262367.1069003937,1262397.1779956676,1278078.9055294474,15711.798629053636,30.071095273829997,1282367.1069003937,interactive_short,False,32
arrival_dense,122,1272303.290582293,1272322.2872663178,1286350.5511890864,14047.260606793454,18.99668402480893,1372303.290582293,interactive_long,False,256
arrival_dense,123,1274465.407365101,1274557.8671743283,1286971.1062966264,12505.698931525461,92.4598092273809,1294465.407365101,interactive_short,False,32
arrival_dense,124,1286384.3429123939,1286407.7902378864,1289747.2001634247,3362.8572510308586,23.447325492510572,1306384.3429123939,interactive_short,False,32
arrival_dense,125,1293203.9857217902,1293203.9857217902,1296540.719835132,3336.734113341663,0.0,1313203.9857217902,interactive_short,False,32
arrival_dense,126,1296000.9189262525,1296008.6991129885,1299345.4332263302,3344.514300077688,7.780186736024916,1316000.9189262525,interactive_short,False,32
arrival_dense,127,1306673.7416540766,1306673.7416540766,1319488.9588123332,12815.217158256564,0.0,1406673.7416540766,interactive_long,False,256
arrival_dense,128,1306729.344131123,1306746.153336673,1319561.3704949296,12832.026363806566,16.809205550001934,1406729.344131123,interactive_long,False,256
arrival_dense,129,1320630.9414162247,1320630.9414162247,1328958.2849148142,8327.343498589471,0.0,1420630.9414162247,interactive_long,False,256
arrival_dense,130,1335329.7095173548,1335329.7095173548,1338821.6407381042,3491.931220749393,0.0,1355329.7095173548,interactive_short,False,32
arrival_dense,131,1336456.7760269714,1336474.4904933542,1339966.4217141035,3509.6456871321425,17.71446638274938,1356456.7760269714,interactive_short,False,32
arrival_dense,132,1341993.1712354422,1341993.1712354422,1353784.8382607922,11791.667025350034,0.0,1441993.1712354422,interactive_long,False,256
arrival_dense,133,1343927.643598714,1343948.2866655458,1355739.9536908958,11812.310092181899,20.643066831864417,1443927.643598714,interactive_long,False,256
arrival_dense,134,1375620.4183009027,1375620.4183009027,1378911.6636069007,3291.245305998018,0.0,1395620.4183009027,interactive_short,False,32
arrival_dense,135,1382917.6534418222,1382917.6534418222,1387147.642501223,4229.989059400745,0.0,1402917.6534418222,interactive_short,False,32
arrival_dense,136,1383432.8854409142,1383461.4244054218,1389271.443413833,5838.55797291873,28.538964507635683,1403432.8854409142,interactive_short,False,32
arrival_dense,137,1386299.0222702122,1386309.3000357186,1395860.906530108,9561.884259895887,10.277765506412834,1486299.0222702122,interactive_long,False,256
arrival_dense,138,1405159.9224856629,1405159.9224856629,1414668.2853683752,9508.36288271239,0.0,1505159.9224856629,interactive_long,False,256
arrival_dense,139,1411256.475851284,1411314.9155063594,1417100.9449423738,5844.469091089675,58.439655075315386,1431256.475851284,interactive_short,False,32
arrival_dense,140,1427421.9370976132,1427421.9370976132,1430713.1824036113,3291.245305998018,0.0,1447421.9370976132,interactive_short,False,32
arrival_dense,141,1438435.4293819347,1438435.4293819347,1441726.6746879327,3291.245305998018,0.0,1458435.4293819347,interactive_short,False,32
arrival_dense,142,1482574.6924548466,1482574.6924548466,1485865.9377608446,3291.245305998018,0.0,1502574.6924548466,interactive_short,False,32
arrival_dense,143,1491624.5491721297,1491624.5491721297,1499951.8926707192,8327.343498589471,0.0,1591624.5491721297,interactive_long,False,256
arrival_dense,144,1521589.7967356164,1521589.7967356164,1524881.0420416144,3291.245305998018,0.0,1541589.7967356164,interactive_short,False,32
arrival_dense,145,1543793.0230108015,1543793.0230108015,1547084.2683167995,3291.245305998018,0.0,1563793.0230108015,interactive_short,False,32
arrival_dense,146,1553277.348995475,1553277.348995475,1556568.5943014731,3291.245305998018,0.0,1573277.348995475,interactive_short,False,32
arrival_dense,147,1565981.1093592993,1565981.1093592993,1569272.3546652973,3291.245305998018,0.0,1585981.1093592993,interactive_short,False,32
arrival_dense,148,1573008.6040086353,1573008.6040086353,1576299.8493146333,3291.245305998018,0.0,1593008.6040086353,interactive_short,False,32
arrival_dense,149,1590761.7091726514,1590761.7091726514,1594052.9544786494,3291.245305998018,0.0,1610761.7091726514,interactive_short,False,32
arrival_dense,150,1598699.6076142674,1598699.6076142674,1607026.9511128569,8327.343498589471,0.0,1698699.6076142674,interactive_long,False,256
arrival_dense,151,1621450.0951572098,1621450.0951572098,1624741.3404632078,3291.245305998018,0.0,1641450.0951572098,interactive_short,False,32
arrival_dense,152,1635062.4232611004,1635062.4232611004,1638353.6685670984,3291.245305998018,0.0,1655062.4232611004,interactive_short,False,32
arrival_dense,153,1641499.794143587,1641499.794143587,1644817.7975715518,3318.003427964868,0.0,1661499.794143587,interactive_short,False,32
arrival_dense,154,1644499.926014144,1644504.844205585,1647865.660628697,3365.73461455293,4.918191441101953,1664499.926014144,interactive_short,False,32
arrival_dense,155,1647340.0107979605,1647364.9352431502,1650698.9935442952,3358.9827463347465,24.92444518976845,1667340.0107979605,interactive_short,False,32
arrival_dense,156,1657491.773265088,1657491.773265088,1660783.018571086,3291.245305998018,0.0,1677491.773265088,interactive_short,False,32
arrival_dense,157,1672008.155859967,1672008.155859967,1675299.401165965,3291.245305998018,0.0,1692008.155859967,interactive_short,False,32
arrival_dense,158,1679374.9637757977,1679374.9637757977,1682666.2090817958,3291.245305998018,0.0,1699374.9637757977,interactive_short,False,32
arrival_dense,159,1689229.9903256071,1689229.9903256071,1692526.5872559985,3296.596930391388,0.0,1709229.9903256071,interactive_short,False,32
arrival_dense,160,1692440.27565149,1692463.9965828052,1695993.3891743082,3553.113522818079,23.720931315096095,1712440.27565149,interactive_short,False,32
arrival_dense,161,1693246.7742378819,1693270.694890398,1696810.7907306878,3564.0164928059094,23.920652516186237,1713246.7742378819,interactive_short,False,32
arrival_dense,162,1696611.6907180622,1696623.0187111078,1700346.1162452886,3734.4255272264127,11.327993045561016,1716611.6907180622,interactive_short,False,32
arrival_dense,163,1699782.3204271824,1699787.221268286,1710830.9093503582,11048.58892317582,4.900841103633866,1799782.3204271824,interactive_long,False,256
arrival_dense,164,1703634.6750944718,1703677.0536447244,1718266.6695573102,14631.994462838396,42.378550252644345,1803634.6750944718,interactive_long,False,256
arrival_dense,165,1711403.2727223018,1711410.2028111296,1721650.7815602901,10247.508837988367,6.93008882785216,1731403.2727223018,interactive_short,False,32
arrival_dense,166,1712892.613208049,1712975.108746737,1722088.9162726435,9196.303064594511,82.49553868803196,1732892.613208049,interactive_short,False,32
arrival_dense,167,1715522.6571375756,1715657.8046363513,1722546.8286630432,7024.171525467653,135.14749877573922,1735522.6571375756,interactive_short,False,32
arrival_dense,168,1727362.7189214122,1727362.7189214122,1730653.9642274103,3291.245305998018,0.0,1747362.7189214122,interactive_short,False,32
arrival_dense,169,1739618.7407301571,1739618.7407301571,1752936.6357960212,13317.895065864082,0.0,1759618.7407301571,interactive_short,False,32
arrival_dense,170,1740282.5840404085,1740305.6093157567,1756737.1216396415,16454.53759923298,23.02527534822002,1840282.5840404085,interactive_long,False,256
arrival_dense,171,1745518.3053659645,1745559.2220995815,1758208.0024596849,12689.697093720315,40.91673361696303,1765518.3053659645,interactive_short,False,32
arrival_dense,172,1753340.5189043852,1753383.7517776233,1762579.5292402036,9239.010335818399,43.23287323815748,1773340.5189043852,interactive_short,False,32
arrival_dense,173,1758715.1967585753,1758723.1538988845,1774875.2187342672,16160.021975691896,7.957140309270471,1858715.1967585753,interactive_long,False,256
arrival_dense,174,1761032.4291454793,1761070.5128022956,1777222.5776376782,16190.148492198903,38.08365681627765,1861032.4291454793,interactive_long,False,256
arrival_dense,175,1766482.1756504597,1766491.794079222,1778481.8367112775,11999.661060817773,9.618428762303665,1786482.1756504597,interactive_short,False,32
arrival_dense,176,1790003.9716818081,1790003.9716818081,1793295.2169878061,3291.245305998018,0.0,1810003.9716818081,interactive_short,False,32
arrival_dense,177,1798776.581046547,1798776.581046547,1802067.826352545,3291.245305998018,0.0,1818776.581046547,interactive_short,False,32
arrival_dense,178,1810668.1778865645,1810668.1778865645,1813959.4231925625,3291.245305998018,0.0,1830668.1778865645,interactive_short,False,32
arrival_dense,179,1830098.5629096644,1830098.5629096644,1833389.8082156624,3291.245305998018,0.0,1850098.5629096644,interactive_short,False,32
arrival_dense,180,1844605.5937308539,1844605.5937308539,1847896.839036852,3291.245305998018,0.0,1864605.5937308539,interactive_short,False,32
arrival_dense,181,1849392.0992573614,1849392.0992573614,1866077.138647548,16685.039390186546,0.0,1869392.0992573614,interactive_short,False,32
arrival_dense,182,1849451.2345984792,1849477.9578305613,1866412.4756337495,16961.241035270272,26.723232082091272,1949451.2345984792,interactive_long,False,256
arrival_dense,183,1853786.158936347,1853837.338651182,1867528.6370853488,13742.47814900172,51.179714834783226,1873786.158936347,interactive_short,False,32
arrival_dense,184,1867789.0827168743,1867789.0827168743,1871080.3280228723,3291.245305998018,0.0,1887789.0827168743,interactive_short,False,32
arrival_dense,185,1886992.8289909393,1886992.8289909393,1890284.0742969373,3291.245305998018,0.0,1906992.8289909393,interactive_short,False,32
arrival_dense,186,1917660.8888909416,1917660.8888909416,1927562.924901695,9902.036010753363,0.0,2017660.8888909416,interactive_long,False,256
arrival_dense,187,1923091.3004292771,1923091.765085674,1929709.3892316937,6618.088802416576,0.4646563967689872,1943091.3004292771,interactive_short,False,32
arrival_dense,188,1936855.3613047856,1936855.3613047856,1940146.6066107836,3291.245305998018,0.0,1956855.3613047856,interactive_short,False,32
arrival_dense,189,1944754.8568502546,1944754.8568502546,1948046.1021562526,3291.245305998018,0.0,1964754.8568502546,interactive_short,False,32
arrival_dense,190,1953999.4112999411,1953999.4112999411,1957362.9035352496,3363.492235308513,0.0,1973999.4112999411,interactive_short,False,32
arrival_dense,191,1956490.9336163844,1956517.9294471396,1959964.3718605454,3473.438244160963,26.995830755215138,1976490.9336163844,interactive_short,False,32
arrival_dense,192,1958968.1350163277,1958994.2164260487,1962368.411910144,3400.27689381619,26.08140972093679,1978968.1350163277,interactive_short,False,32
arrival_dense,193,1964692.237487852,1964692.237487852,1981594.9858464994,16902.74835864734,0.0,2064692.237487852,interactive_long,False,256
arrival_dense,194,1964986.7812102488,1965054.2959008343,1982433.328312004,17446.54710175516,67.51469058543444,1984986.7812102488,interactive_short,False,32
arrival_dense,195,1969083.4636549556,1969190.1187306538,1987016.2671234263,17932.803468470694,106.65507569815964,2069083.4636549556,interactive_long,False,256
arrival_dense,196,1980451.0262849675,1980591.5762615153,1997488.8295323504,17037.803247382864,140.54997654771432,2000451.0262849675,interactive_short,False,32
arrival_dense,197,1985631.4870567264,1985674.9191786193,2005466.0775042856,19834.590447559254,43.43212189292535,2005631.4870567264,interactive_short,False,32
arrival_dense,198,1987435.2583154247,1987454.4018357797,2011136.7980374573,23701.539722032612,19.14352035499178,2087435.2583154247,interactive_long,False,256
arrival_dense,199,1993734.9194169492,1993825.8045736142,2021382.1324990024,27647.213082053233,90.88515666499734,2093734.9194169492,interactive_long,False,256
arrival_dense,200,1995100.3104985717,1995230.577992592,2023489.8339361115,28389.523437539814,130.26749402028508,2095100.3104985717,interactive_long,False,256
arrival_dense,201,2004835.7215531904,2004914.0604612334,2037124.5197314634,32288.79817827302,78.33890804299153,2104835.7215531906,interactive_long,False,256
arrival_dense,202,2005109.0887368093,2005164.9772989843,2037469.766749137,32360.678012327757,55.8885621749796,2105109.0887368093,interactive_long,False,256
arrival_dense,203,2010118.1759345557,2010233.4974215534,2044769.2751228092,34651.099188253516,115.32148699765094,2030118.1759345557,interactive_short,True,32
arrival_dense,204,2018428.300771056,2018664.3031699853,2058973.723849955,40545.42307889904,236.00239892932586,2038428.300771056,interactive_short,True,32
arrival_dense,205,2018703.0615744942,2018965.4033752866,2059368.2918701535,40665.230295659276,262.3418007923756,2038703.0615744942,interactive_short,True,32
arrival_dense,206,2028996.2463434378,2029010.004366632,2073770.0246073985,44773.77826396073,13.758023194270208,2048996.2463434378,interactive_short,True,32
arrival_dense,207,2030454.5938929035,2030515.5053931386,2075742.864708391,45288.270815487485,60.91150023508817,2050454.5938929035,interactive_short,True,32
arrival_dense,208,2036647.95752224,2036729.951711265,2082006.632029042,45358.67450680211,81.99418902490288,2056647.95752224,interactive_short,True,32
arrival_dense,209,2037163.887057034,2037469.766749137,2082697.1260643895,45533.23900735541,305.87969210301526,2137163.8870570343,interactive_long,False,256
arrival_dense,210,2041929.8016986141,2041957.977978895,2086611.4287333065,44681.62703469233,28.176280280807987,2061929.8016986141,interactive_short,True,32
arrival_dense,211,2044308.0634048074,2044325.386100086,2088116.929759812,43808.86635500472,17.322695278562605,2144308.0634048074,interactive_long,False,256
arrival_dense,212,2048265.871999859,2048320.3873045957,2090123.7489297804,41857.87692992133,54.51530473656021,2068265.871999859,interactive_short,True,32
arrival_dense,213,2062588.405101049,2062820.7620468903,2095992.1461883122,33403.74108726322,232.35694584134035,2082588.405101049,interactive_short,True,32
arrival_dense,214,2067354.679734857,2067555.5782892723,2097333.4941331185,29978.814398261486,200.89855441520922,2167354.679734857,interactive_long,False,256
arrival_dense,215,2081298.3411819541,2081612.0640088436,2100373.3551474325,19075.0139654784,313.72282688948326,2181298.3411819544,interactive_long,False,256
arrival_dense,216,2099131.748357021,2099143.7861980293,2103972.2497686585,4840.501411637757,12.03784100851044,2119131.748357021,interactive_short,False,32
arrival_dense,217,2102038.9021301824,2102061.907087018,2107262.3586604446,5223.45653026225,23.004956835415214,2122038.9021301824,interactive_short,False,32
arrival_dense,218,2102893.4596363497,2102906.881175128,2108107.3327485546,5213.87311220495,13.421538778115064,2122893.4596363497,interactive_short,False,32
arrival_dense,219,2103089.195699495,2103094.8873975156,2108221.8108461536,5132.615146658849,5.691698020789772,2123089.195699495,interactive_short,False,32
arrival_dense,220,2110841.8621698665,2110841.8621698665,2119169.205668456,8327.343498589471,0.0,2210841.8621698665,interactive_long,False,256
arrival_dense,221,2203760.4590271604,2203760.4590271604,2207051.704333132,3291.245305971708,0.0,2223760.4590271604,interactive_short,False,32
arrival_dense,222,2208067.6781100826,2208067.6781100826,2211358.923416054,3291.2453059712425,0.0,2228067.6781100826,interactive_short,False,32
arrival_dense,223,2218570.0171527625,2218570.0171527625,2221861.262458734,3291.245305971708,0.0,2238570.0171527625,interactive_short,False,32
arrival_dense,224,2233767.499845296,2233767.499845296,2237058.7451512674,3291.2453059712425,0.0,2253767.499845296,interactive_short,False,32
arrival_dense,225,2244315.9801847567,2244315.9801847567,2247607.2254907284,3291.245305971708,0.0,2264315.9801847567,interactive_short,False,32
arrival_dense,226,2258349.7019512826,2258349.7019512826,2261640.9472572543,3291.245305971708,0.0,2278349.7019512826,interactive_short,False,32
arrival_dense,227,2288229.671181172,2288229.671181172,2311142.8948548175,22913.223673645407,0.0,2388229.671181172,interactive_long,False,256
arrival_dense,228,2290453.118415326,2290474.4333416615,2320737.7364643407,30284.618049014825,21.314926335588098,2310453.118415326,interactive_short,True,32
arrival_dense,229,2290659.0239682924,2290697.991332462,2321339.9368749433,30680.91290665092,38.96736416965723,2390659.0239682924,interactive_long,False,256
arrival_dense,230,2292312.280211594,2292374.676263471,2322123.2961348924,29811.01592329843,62.39605187717825,2312312.280211594,interactive_short,True,32
arrival_dense,231,2293661.557881172,2293779.449682449,2322561.977320464,28900.419439292047,117.89180127717555,2313661.557881172,interactive_short,True,32
arrival_dense,232,2304731.798909608,2304819.79054349,2324630.0457667294,19898.246857121587,87.99163388228044,2324731.798909608,interactive_short,False,32
arrival_dense,233,2313032.231628119,2313150.229556825,2325537.6105280328,12505.378899913747,117.99792870599777,2333032.231628119,interactive_short,False,32
arrival_dense,234,2315490.783581674,2315559.0311992355,2325766.566723231,10275.783141557127,68.24761756137013,2335490.783581674,interactive_short,False,32
arrival_dense,235,2327512.693217354,2327512.693217354,2330803.938523325,3291.2453059712425,0.0,2347512.693217354,interactive_short,False,32
arrival_dense,236,2342075.488966492,2342075.488966492,2354185.9707931285,12110.481826636475,0.0,2442075.488966492,interactive_long,False,256
arrival_dense,237,2343912.183334668,2343958.192713999,2354999.649544642,11087.466209973674,46.0093793310225,2363912.183334668,interactive_short,False,32
arrival_dense,238,2353257.9395440663,2353347.628327624,2357403.6895942213,4145.75005015498,89.6887835576199,2373257.9395440663,interactive_short,False,32
arrival_dense,239,2367038.2515746723,2367038.2515746723,2370522.155358822,3483.903784149792,0.0,2387038.2515746723,interactive_short,False,32
arrival_dense,240,2368254.651017437,2368268.891123862,2371752.7949080113,3498.143890574109,14.240106424782425,2388254.651017437,interactive_short,False,32
arrival_dense,241,2385363.8868182665,2385363.8868182665,2388655.1321242377,3291.2453059712425,0.0,2405363.8868182665,interactive_short,False,32
arrival_dense,242,2418808.496413073,2418808.496413073,2434011.417073326,15202.920660253149,0.0,2438808.496413073,interactive_short,False,32
arrival_dense,243,2419952.4949973198,2419953.2773890635,2441774.586362032,21822.091364712454,0.782391743734479,2519952.4949973198,interactive_long,False,256
arrival_dense,244,2420212.633709351,2420288.6143752644,2441915.591028823,21702.957319471985,75.98066591331735,2440212.633709351,interactive_short,True,32
arrival_dense,245,2423951.6766913966,2423977.3212234844,2442604.0884339497,18652.411742553115,25.644532087724656,2443951.6766913966,interactive_short,False,32
arrival_dense,246,2435263.463948195,2435352.7650181334,2444264.0208491357,9000.556900940835,89.30106993857771,2455263.463948195,interactive_short,False,32
arrival_dense,247,2467005.557416152,2467005.557416152,2470296.8027221235,3291.2453059712425,0.0,2487005.557416152,interactive_short,False,32
arrival_dense,248,2472058.209225313,2472058.209225313,2475349.454531284,3291.2453059712425,0.0,2492058.209225313,interactive_short,False,32
arrival_dense,249,2484611.386192407,2484611.386192407,2488135.4271595106,3524.0409671035595,0.0,2504611.386192407,interactive_short,False,32
arrival_dense,250,2485401.7801473024,2485412.7328756005,2488936.7738427036,3534.993695401121,10.952728298027068,2505401.7801473024,interactive_short,False,32
arrival_dense,251,2497133.449498489,2497133.449498489,2505460.7929970785,8327.343498589471,0.0,2597133.449498489,interactive_long,False,256
arrival_dense,252,2507001.7187459227,2507001.7187459227,2510499.0015910566,3497.2828451339155,0.0,2527001.7187459227,interactive_short,False,32
arrival_dense,253,2508076.471864627,2508089.260673113,2511586.543518247,3510.0716536198743,12.788808485958725,2528076.471864627,interactive_short,False,32
arrival_dense,254,2522881.682083911,2522881.682083911,2531209.0255825003,8327.343498589471,0.0,2622881.682083911,interactive_long,False,256
arrival_dense,255,2541872.4503389997,2541872.4503389997,2550199.793837589,8327.343498589471,0.0,2641872.4503389997,interactive_long,False,256
arrival_dense,256,2551045.653326384,2551045.653326384,2554521.5296739424,3475.876347558573,0.0,2571045.653326384,interactive_short,False,32
arrival_dense,257,2552335.9836102542,2552362.1514487723,2555838.027796331,3502.044186076615,26.167838518042117,2572335.9836102542,interactive_short,False,32
arrival_dense,258,2593590.839000741,2593590.839000741,2596882.0843067123,3291.2453059712425,0.0,2613590.839000741,interactive_short,False,32
arrival_dense,259,2608852.62804345,2608852.62804345,2619719.87804526,10867.250001810025,0.0,2708852.62804345,interactive_long,False,256
arrival_dense,260,2613117.530476296,2613124.9173166393,2627767.9657140933,14650.435237797443,7.386840343475342,2713117.530476296,interactive_long,False,256
arrival_dense,261,2618710.3041599616,2618713.8670866545,2634843.05584822,16132.751688258257,3.5629266928881407,2718710.3041599616,interactive_long,False,256
arrival_dense,262,2623339.7243912434,2623408.5848934697,2641382.1270791553,18042.402687911876,68.86050222627819,2643339.7243912434,interactive_short,False,32
arrival_dense,263,2630391.128309451,2630450.6616037004,2646971.07684917,16579.948539718986,59.53329424932599,2650391.128309451,interactive_short,False,32
arrival_dense,264,2634564.9543341934,2634642.373931223,2648781.368914081,14216.414579887409,77.41959702968597,2734564.9543341934,interactive_long,False,256
arrival_dense,265,2653507.9025949105,2653507.9025949105,2656799.147900882,3291.245305971708,0.0,2673507.9025949105,interactive_short,False,32
arrival_dense,266,2670786.22808828,2670786.22808828,2680397.593190293,9611.365102012642,0.0,2690786.22808828,interactive_short,False,32
arrival_dense,267,2671901.5664096936,2671902.3895398704,2683221.6488115536,11320.08240186004,0.8231301768682897,2771901.5664096936,interactive_long,False,256
arrival_dense,268,2704289.180605472,2704289.180605472,2707580.4259114433,3291.2453059712425,0.0,2724289.180605472,interactive_short,False,32
arrival_dense,269,2714383.803025898,2714383.803025898,2717675.0483318698,3291.245305971708,0.0,2734383.803025898,interactive_short,False,32
arrival_dense,270,2732027.6185667664,2732027.6185667664,2740354.962065356,8327.343498589471,0.0,2832027.6185667664,interactive_long,False,256
arrival_dense,271,2744313.984733368,2744313.984733368,2747605.2300393395,3291.245305971708,0.0,2764313.984733368,interactive_short,False,32
arrival_dense,272,2750031.9059663718,2750031.9059663718,2753323.1512723435,3291.245305971708,0.0,2770031.9059663718,interactive_short,False,32
arrival_dense,273,2763266.8032899266,2763266.8032899266,2771594.146788516,8327.343498589471,0.0,2863266.8032899266,interactive_long,False,256
arrival_dense,274,2796927.1516027655,2796927.1516027655,2800229.1001575245,3301.948554758914,0.0,2816927.1516027655,interactive_short,False,32
arrival_dense,275,2800075.3878325033,2800103.918811138,2803405.8673658967,3330.4795333934017,28.530978634487838,2820075.3878325033,interactive_short,False,32
arrival_dense,276,2816588.3682683394,2816588.3682683394,2819879.613574311,3291.245305971708,0.0,2836588.3682683394,interactive_short,False,32
arrival_dense,277,2824314.0154116726,2824314.0154116726,2827605.2607176444,3291.245305971708,0.0,2844314.0154116726,interactive_short,False,32
arrival_dense,278,2830920.766988486,2830920.766988486,2834212.0122944573,3291.2453059712425,0.0,2850920.766988486,interactive_short,False,32
arrival_dense,279,2836640.235657547,2836640.235657547,2839931.480963519,3291.245305971708,0.0,2856640.235657547,interactive_short,False,32
arrival_dense,280,2849771.649208321,2849771.649208321,2853076.273575277,3304.6243669562973,0.0,2869771.649208321,interactive_short,False,32
arrival_dense,281,2852896.801844222,2852919.7968922937,2856224.4212592496,3327.619415027555,22.99504807172343,2872896.801844222,interactive_short,False,32
arrival_dense,282,2871982.8695737086,2871982.8695737086,2875274.11487968,3291.2453059712425,0.0,2891982.8695737086,interactive_short,False,32
arrival_dense,283,2889745.5318249194,2889745.5318249194,2893258.869543235,3513.3377183154225,0.0,2909745.5318249194,interactive_short,False,32
arrival_dense,284,2890652.0342455218,2890661.3566057114,2894174.694324027,3522.660078505054,9.322360189631581,2910652.0342455218,interactive_short,False,32
arrival_dense,285,2911991.533941764,2911991.533941764,2924428.58316746,12437.049225695897,0.0,3011991.533941764,interactive_long,False,256
arrival_dense,286,2914786.8667730093,2914815.5895630247,2928787.9639880713,14001.097215062007,28.72279001539573,3014786.8667730093,interactive_long,False,256
arrival_dense,287,2921036.3043556632,2921075.2133054417,2930390.6573544573,9354.352998794056,38.90894977841526,2941036.3043556632,interactive_short,False,32
arrival_dense,288,2930460.8986099325,2930460.8986099325,2933752.1439159038,3291.2453059712425,0.0,2950460.8986099325,interactive_short,False,32
arrival_dense,289,2935224.9683456426,2935224.9683456426,2938794.4981200937,3569.5297744511627,0.0,2955224.9683456426,interactive_short,False,32
arrival_dense,290,2935516.167308423,2935539.7831140403,2939109.312888491,3593.145580067765,23.615805617067963,2955516.167308423,interactive_short,False,32
arrival_dense,291,2954551.0921914987,2954551.0921914987,2969936.2092545643,15385.117063065525,0.0,3054551.0921914987,interactive_long,False,256
arrival_dense,292,2956558.0640704455,2956578.619304199,2970812.478679271,14254.414608825464,20.555233753286302,2976558.0640704455,interactive_short,False,32
arrival_dense,293,2958942.15701873,2959037.7572030053,2971442.108216066,12499.951197335962,95.60018427530304,2978942.15701873,interactive_short,False,32
arrival_dense,294,2974928.7371095177,2974928.7371095177,2978219.982415489,3291.2453059712425,0.0,2994928.7371095177,interactive_short,False,32
arrival_dense,295,2979089.0268548145,2979089.0268548145,2982380.272160786,3291.245305971708,0.0,2999089.0268548145,interactive_short,False,32
arrival_dense,296,3000318.3628110494,3000318.3628110494,3003609.6081170207,3291.2453059712425,0.0,3020318.3628110494,interactive_short,False,32
arrival_dense,297,3012397.6272521545,3012397.6272521545,3015694.22418252,3296.596930365544,0.0,3032397.6272521545,interactive_short,False,32
arrival_dense,298,3015630.9764162414,3015631.6335093267,3028158.9317207523,12527.955304510891,0.6570930853486061,3035630.9764162414,interactive_short,False,32
arrival_dense,299,3015733.006299756,3015751.4632313196,3028448.578451138,12715.572151381988,18.45693156355992,3115733.006299756,interactive_long,False,256
exact_bucket,0,0.0,0.0,3291.245305998018,3291.245305998018,0.0,20000.0,interactive_short,False,32
exact_bucket,1,23426.633179283737,23426.633179283737,26717.878485281755,3291.245305998018,0.0,43426.63317928374,interactive_short,False,32
exact_bucket,2,31314.193591454783,31314.193591454783,34605.4388974528,3291.2453059980144,0.0,51314.19359145478,interactive_short,False,32
exact_bucket,3,49307.777464750834,49307.777464750834,52599.02277074885,3291.245305998018,0.0,69307.77746475083,interactive_short,False,32
exact_bucket,4,58042.71395176844,58042.71395176844,61489.15636517419,3446.442413405748,0.0,78042.71395176844,interactive_short,False,32
exact_bucket,5,59645.50230345718,59674.02684256746,63120.46925597321,3474.966952516028,28.524539110279875,79645.50230345718,interactive_short,False,32
exact_bucket,6,61008.8041511719,63120.46925597321,71447.81275456268,10439.00860339078,2111.665104801308,161008.8041511719,interactive_long,False,256
exact_bucket,7,64694.231462389835,71447.81275456268,74739.0580605607,10044.826598170861,6753.581292172843,84694.23146238984,interactive_short,False,32
exact_bucket,8,87618.7464539721,87618.7464539721,90909.99175997011,3291.245305998018,0.0,107618.7464539721,interactive_short,False,32
exact_bucket,9,103521.09644092273,103521.09644092273,106812.34174692075,3291.245305998018,0.0,123521.09644092273,interactive_short,False,32
exact_bucket,10,123232.53578001732,123232.53578001732,126523.78108601534,3291.245305998018,0.0,143232.53578001732,interactive_short,False,32
exact_bucket,11,146151.4244538608,146151.4244538608,149528.29575015273,3376.871296291938,0.0,166151.4244538608,interactive_short,False,32
exact_bucket,12,148509.61667575076,148526.84497905936,151951.88089489163,3442.2642191408668,17.228303308598697,168509.61667575076,interactive_short,False,32
exact_bucket,13,151380.169221488,151388.5648361516,154939.36392522807,3559.194703740068,8.395614663604647,171380.169221488,interactive_short,False,32
exact_bucket,14,152464.86289361454,152467.03233409132,155969.66680362745,3504.80391001291,2.169440476776799,172464.86289361454,interactive_short,False,32
exact_bucket,15,167611.425337719,167611.425337719,170902.67064371702,3291.245305998018,0.0,187611.425337719,interactive_short,False,32
exact_bucket,16,189164.69515790572,189164.69515790572,192455.94046390374,3291.245305998018,0.0,209164.69515790572,interactive_short,False,32
exact_bucket,17,194379.81013739476,194379.81013739476,197671.05544339278,3291.245305998018,0.0,214379.81013739476,interactive_short,False,32
exact_bucket,18,204073.07373168544,204073.07373168544,212400.4172302749,8327.343498589471,0.0,304073.0737316854,interactive_long,False,256
exact_bucket,19,205751.9757076024,212400.4172302749,215691.66253627292,9939.686828670528,6648.4415226725105,225751.9757076024,interactive_short,False,32
exact_bucket,20,232327.59274872325,232327.59274872325,240654.93624731273,8327.343498589471,0.0,332327.5927487232,interactive_long,False,256
exact_bucket,21,252323.2326383261,252323.2326383261,255614.4779443241,3291.245305998018,0.0,272323.2326383261,interactive_short,False,32
exact_bucket,22,289706.4647876418,289706.4647876418,292997.7100936398,3291.245305998018,0.0,309706.4647876418,interactive_short,False,32
exact_bucket,23,306354.47640524525,306354.47640524525,309645.72171124327,3291.245305998018,0.0,326354.47640524525,interactive_short,False,32
exact_bucket,24,327675.83075189835,327675.83075189835,336003.1742504878,8327.343498589471,0.0,427675.83075189835,interactive_long,False,256
exact_bucket,25,327926.81791174674,336003.1742504878,339294.41955648584,11367.601644739101,8076.356338741083,347926.81791174674,interactive_short,False,32
exact_bucket,26,341266.28406705445,341266.28406705445,344557.5293730525,3291.245305998018,0.0,361266.28406705445,interactive_short,False,32
exact_bucket,27,345303.7319732829,345303.7319732829,348594.9772792809,3291.245305998018,0.0,365303.7319732829,interactive_short,False,32
exact_bucket,28,372013.57207213715,372013.57207213715,380340.9155707266,8327.343498589471,0.0,472013.57207213715,interactive_long,False,256
exact_bucket,29,388220.33731611405,388220.33731611405,391511.58262211207,3291.245305998018,0.0,408220.33731611405,interactive_short,False,32
exact_bucket,30,408176.0503259419,408176.0503259419,416503.39382453135,8327.343498589471,0.0,508176.0503259419,interactive_long,False,256
exact_bucket,31,424822.8780803353,424822.8780803353,428130.1782595134,3307.300179178128,0.0,444822.8780803353,interactive_short,False,32
exact_bucket,32,427926.3235830694,427942.4062399334,431249.7064191115,3323.3828360421467,16.082656864018645,447926.3235830694,interactive_short,False,32
exact_bucket,33,443408.5527798298,443408.5527798298,451735.8962784193,8327.343498589471,0.0,543408.5527798298,interactive_long,False,256
exact_bucket,34,444552.5163461954,451735.8962784193,455027.1415844173,10474.625238221895,7183.379932223877,464552.5163461954,interactive_short,False,32
exact_bucket,35,465122.80490767374,465122.80490767374,468414.05021367176,3291.245305998018,0.0,485122.80490767374,interactive_short,False,32
exact_bucket,36,484683.9528997038,484683.9528997038,493011.2963982933,8327.343498589471,0.0,584683.9528997038,interactive_long,False,256
exact_bucket,37,487199.8167778764,493011.2963982933,496302.5417042913,9102.7249264149,5811.4796204168815,507199.8167778764,interactive_short,False,32
exact_bucket,38,504159.9436579162,504159.9436579162,512487.2871565057,8327.343498589471,0.0,604159.9436579163,interactive_long,False,256
exact_bucket,39,510327.4220864302,512487.2871565057,515947.10863089486,5619.686544464668,2159.865070075495,530327.4220864302,interactive_short,False,32
exact_bucket,40,513968.6030904206,513975.5024253048,517435.32389969396,3466.7208092733636,6.899334884190466,533968.6030904206,interactive_short,False,32
exact_bucket,41,529832.9239242688,529832.9239242688,533455.394445992,3622.470521723153,0.0,549832.9239242688,interactive_short,False,32
exact_bucket,42,532415.392785721,532437.3006446672,537057.168588302,4641.775802580989,21.907858946244232,552415.392785721,interactive_short,False,32
exact_bucket,43,532654.8821332838,532656.3680008439,537276.2359444787,4621.353811194887,1.4858675601426512,552654.8821332838,interactive_short,False,32
exact_bucket,44,534800.80665138,534801.0939196487,539012.1380938544,4211.331442474388,0.2872682686429471,554800.80665138,interactive_short,False,32
exact_bucket,45,538779.6748792193,538793.0707376777,542103.0467290526,3323.371849833289,13.395858458476141,558779.6748792193,interactive_short,False,32
exact_bucket,46,558756.6641642567,558756.6641642567,562047.9094702547,3291.245305998018,0.0,578756.6641642567,interactive_short,False,32
exact_bucket,47,592835.592843646,592835.592843646,596126.838149644,3291.245305998018,0.0,612835.592843646,interactive_short,False,32
exact_bucket,48,596108.4880131491,596126.838149644,599418.083455642,3309.595442492864,18.350136494846083,616108.4880131491,interactive_short,False,32
exact_bucket,49,606366.2448322171,606366.2448322171,609657.4901382151,3291.245305998018,0.0,626366.2448322171,interactive_short,False,32
exact_bucket,50,611469.1422453179,611469.1422453179,614760.387551316,3291.245305998018,0.0,631469.1422453179,interactive_short,False,32
exact_bucket,51,651181.3999550084,651181.3999550084,654472.6452610064,3291.245305998018,0.0,671181.3999550084,interactive_short,False,32
exact_bucket,52,658864.7577106205,658864.7577106205,662156.0030166185,3291.245305998018,0.0,678864.7577106205,interactive_short,False,32
exact_bucket,53,686872.523083273,686872.523083273,695199.8665818624,8327.343498589471,0.0,786872.523083273,interactive_long,False,256
exact_bucket,54,688098.0617716468,695199.8665818624,698491.1118878605,10393.05011621362,7101.804810215603,708098.0617716468,interactive_short,False,32
exact_bucket,55,723298.077376727,723298.077376727,726712.4100437725,3414.332667045528,0.0,743298.077376727,interactive_short,False,32
exact_bucket,56,725265.1363422534,725272.8245603258,728687.1572273714,3422.020885117934,7.688218072406016,745265.1363422534,interactive_short,False,32
exact_bucket,57,758108.4348615361,758108.4348615361,761418.410852911,3309.975991374813,0.0,778108.4348615361,interactive_short,False,32
exact_bucket,58,761193.6297414154,761199.3434967343,764710.0054028605,3516.375661445083,5.713755318894982,781193.6297414154,interactive_short,False,32
exact_bucket,59,762341.0350851904,762362.8551581104,765854.7863788598,3513.7512936693383,21.820072919945233,782341.0350851904,interactive_short,False,32
exact_bucket,60,768042.6124554221,768042.6124554221,776369.9559540115,8327.343498589471,0.0,868042.6124554221,interactive_long,False,256
exact_bucket,61,781082.2036817967,781082.2036817967,784373.4489877947,3291.245305998018,0.0,801082.2036817967,interactive_short,False,32
exact_bucket,62,784846.2774256257,784846.2774256257,788137.5227316237,3291.245305998018,0.0,804846.2774256257,interactive_short,False,32
exact_bucket,63,794165.623373246,794165.623373246,797456.8686792441,3291.245305998018,0.0,814165.623373246,interactive_short,False,32
exact_bucket,64,801328.2065399077,801328.2065399077,811505.8137402898,10177.607200382045,0.0,901328.2065399077,interactive_long,False,256
exact_bucket,65,806192.7149346475,806252.200956465,816429.808156847,10237.093222199474,59.48602181742899,906192.7149346475,interactive_long,False,256
exact_bucket,66,814786.8117488315,816429.808156847,819905.6845044163,5118.872755584773,1642.9964080154896,834786.8117488315,interactive_short,False,32
exact_bucket,67,817726.7982985554,817746.3062792462,821222.1826268155,3495.3843282600865,19.50798069080338,837726.7982985554,interactive_short,False,32
exact_bucket,68,830063.742575083,830063.742575083,833660.0304715032,3596.287896420108,0.0,850063.742575083,interactive_short,False,32
exact_bucket,69,830080.6696755257,830092.362099483,833688.6499959031,3607.9803203773918,11.692423957283609,850080.6696755257,interactive_short,False,32
exact_bucket,70,856060.3256333817,856060.3256333817,859351.5709393797,3291.245305998018,0.0,876060.3256333817,interactive_short,False,32
exact_bucket,71,863792.0177881971,863792.0177881971,872119.3612867866,8327.343498589471,0.0,963792.0177881971,interactive_long,False,256
exact_bucket,72,876501.3380655749,876501.3380655749,884828.6815641643,8327.343498589471,0.0,976501.3380655749,interactive_long,False,256
exact_bucket,73,890047.3602258987,890047.3602258987,893338.6055318967,3291.245305998018,0.0,910047.3602258987,interactive_short,False,32
exact_bucket,74,901153.0502197776,901153.0502197776,904444.2955257756,3291.245305998018,0.0,921153.0502197776,interactive_short,False,32
exact_bucket,75,905682.1002433572,905682.1002433572,908973.3455493553,3291.245305998018,0.0,925682.1002433572,interactive_short,False,32
exact_bucket,76,906407.5255748781,908973.3455493553,917300.6890479447,10893.163473066641,2565.81997447717,1006407.5255748781,interactive_long,False,256
exact_bucket,77,917321.0432239831,917321.0432239831,920612.2885299812,3291.245305998018,0.0,937321.0432239831,interactive_short,False,32
exact_bucket,78,921328.8049483133,921328.8049483133,924620.0502543113,3291.245305998018,0.0,941328.8049483133,interactive_short,False,32
exact_bucket,79,925096.351872601,925096.351872601,928387.597178599,3291.245305998018,0.0,945096.351872601,interactive_short,False,32
exact_bucket,80,943936.1047351673,943936.1047351673,947227.3500411654,3291.245305998018,0.0,963936.1047351673,interactive_short,False,32
exact_bucket,81,956656.9890213045,956656.9890213045,959948.2343273025,3291.245305998018,0.0,976656.9890213045,interactive_short,False,32
exact_bucket,82,960228.34335237,960228.34335237,963519.588658368,3291.245305998018,0.0,980228.34335237,interactive_short,False,32
exact_bucket,83,963928.6183221564,963928.6183221564,972255.9618207458,8327.343498589471,0.0,1063928.6183221564,interactive_long,False,256
exact_bucket,84,969177.7439365004,972255.9618207458,975659.5912390046,6481.847302504233,3078.217884245445,989177.7439365004,interactive_short,False,32
exact_bucket,85,974326.0868650073,974345.1871019446,977748.8165202034,3422.7296551960753,19.100236937287264,994326.0868650073,interactive_short,False,32
exact_bucket,86,977830.959600833,977830.959600833,986158.3030994225,8327.343498589471,0.0,1077830.959600833,interactive_long,False,256
exact_bucket,87,979192.4540431228,986158.3030994225,989757.2668080393,10564.812764916453,6965.849056299659,999192.4540431228,interactive_short,False,32
exact_bucket,88,984647.4241699039,986158.3030994225,989757.2668080393,5109.842638135422,1510.8789295186289,1004647.4241699039,interactive_short,False,32
exact_bucket,89,1012842.3275609529,1012842.3275609529,1016133.5728669509,3291.245305998018,0.0,1032842.3275609529,interactive_short,False,32
exact_bucket,90,1024153.2054733564,1024153.2054733564,1027444.4507793544,3291.245305998018,0.0,1044153.2054733564,interactive_short,False,32
exact_bucket,91,1047463.6217134104,1047463.6217134104,1050754.8670194084,3291.245305998018,0.0,1067463.6217134104,interactive_short,False,32
exact_bucket,92,1057022.1245524148,1057022.1245524148,1065349.4680510042,8327.343498589471,0.0,1157022.1245524148,interactive_long,False,256
exact_bucket,93,1060602.4528435422,1065349.4680510042,1068695.8594505931,8093.406607050914,4747.015207462013,1080602.4528435422,interactive_short,False,32
exact_bucket,94,1068541.7948415927,1068554.8547838023,1072200.93714942,3659.142307827249,13.05994220962748,1088541.7948415927,interactive_short,False,32
exact_bucket,95,1068545.8550627239,1068554.8547838023,1072200.93714942,3655.0820866960566,8.999721078434959,1088545.8550627239,interactive_short,False,32
exact_bucket,96,1071927.3835795277,1072200.93714942,1080528.2806480094,8600.89706848166,273.55356989218853,1171927.3835795277,interactive_long,False,256
exact_bucket,97,1077546.610672685,1080528.2806480094,1083819.5259540074,6272.915281322319,2981.669975324301,1097546.610672685,interactive_short,False,32
exact_bucket,98,1086221.2540038133,1086221.2540038133,1094548.5975024027,8327.343498589471,0.0,1186221.2540038133,interactive_long,False,256
exact_bucket,99,1096854.8336152665,1096854.8336152665,1105182.177113856,8327.343498589471,0.0,1196854.8336152665,interactive_long,False,256
exact_bucket,100,1103109.4981955176,1105182.177113856,1108473.422419854,5363.924224336399,2072.6789183383808,1123109.4981955176,interactive_short,False,32
exact_bucket,101,1108946.3255584924,1108946.3255584924,1112317.845230391,3371.519671898568,0.0,1128946.3255584924,interactive_short,False,32
exact_bucket,102,1111350.5121758431,1111378.985132491,1114750.5048043896,3399.9926285464317,28.47295664786361,1131350.5121758431,interactive_short,False,32
exact_bucket,103,1117759.5930439369,1117759.5930439369,1121050.838349935,3291.245305998018,0.0,1137759.5930439369,interactive_short,False,32
exact_bucket,104,1140904.2292688703,1140904.2292688703,1144195.4745748683,3291.245305998018,0.0,1160904.2292688703,interactive_short,False,32
exact_bucket,105,1156801.7959256177,1156801.7959256177,1160556.6624404558,3754.866514838068,0.0,1176801.7959256177,interactive_short,False,32
exact_bucket,106,1158661.3742804858,1158662.0650116166,1162590.8593192392,3929.485038753366,0.6907311307732016,1178661.3742804858,interactive_short,False,32
exact_bucket,107,1159547.4520958702,1159569.62977292,1163420.8255268387,3873.373430968495,22.177677049767226,1179547.4520958702,interactive_short,False,32
exact_bucket,108,1166792.8401140096,1166792.8401140096,1170084.0854200076,3291.245305998018,0.0,1186792.8401140096,interactive_short,False,32
exact_bucket,109,1176815.1629936125,1176815.1629936125,1187425.8106348396,10610.647641227115,0.0,1276815.1629936125,interactive_long,False,256
exact_bucket,110,1180897.676686071,1180942.628901609,1191553.276542836,10655.59985676501,44.95221553789452,1280897.676686071,interactive_long,False,256
exact_bucket,111,1197958.4569977403,1197958.4569977403,1201249.7023037383,3291.245305998018,0.0,1217958.4569977403,interactive_short,False,32
exact_bucket,112,1211867.0300547273,1211867.0300547273,1215158.2753607254,3291.245305998018,0.0,1231867.0300547273,interactive_short,False,32
exact_bucket,113,1223038.7344802031,1223038.7344802031,1226329.9797862011,3291.245305998018,0.0,1243038.7344802031,interactive_short,False,32
exact_bucket,114,1225583.02148327,1226329.9797862011,1238357.8506883758,12774.82920510578,746.9583029311616,1325583.02148327,interactive_long,False,256
exact_bucket,115,1227803.5870654054,1227850.6251207262,1239878.4960229008,12074.908957495354,47.03805532073602,1327803.5870654054,interactive_long,False,256
exact_bucket,116,1228050.8734219973,1239878.4960229008,1245283.6749165494,17232.801494552055,11827.622600903502,1248050.8734219973,interactive_short,False,32
exact_bucket,117,1230859.1634278696,1239878.4960229008,1245283.6749165494,14424.511488679796,9019.332595031243,1250859.1634278696,interactive_short,False,32
exact_bucket,118,1237305.330961801,1239878.4960229008,1245283.6749165494,7978.343954748241,2573.1650610996876,1257305.330961801,interactive_short,False,32
exact_bucket,119,1256259.0590576427,1256259.0590576427,1259550.3043636407,3291.245305998018,0.0,1276259.0590576427,interactive_short,False,32
exact_bucket,120,1257015.223388105,1259550.3043636407,1267877.6478622302,10862.424474125262,2535.0809755357914,1357015.223388105,interactive_long,False,256
exact_bucket,121,1262367.1069003937,1267877.6478622302,1271168.8931682282,8801.786267834483,5510.540961836465,1282367.1069003937,interactive_short,False,32
exact_bucket,122,1272303.290582293,1272303.290582293,1280630.6340808824,8327.343498589471,0.0,1372303.290582293,interactive_long,False,256
exact_bucket,123,1274465.407365101,1280630.6340808824,1283921.8793868804,9456.472021779511,6165.226715781493,1294465.407365101,interactive_short,False,32
exact_bucket,124,1286384.3429123939,1286384.3429123939,1289675.5882183919,3291.245305998018,0.0,1306384.3429123939,interactive_short,False,32
exact_bucket,125,1293203.9857217902,1293203.9857217902,1296540.719835132,3336.734113341663,0.0,1313203.9857217902,interactive_short,False,32
exact_bucket,126,1296000.9189262525,1296008.6991129885,1299345.4332263302,3344.514300077688,7.780186736024916,1316000.9189262525,interactive_short,False,32
exact_bucket,127,1306673.7416540766,1306673.7416540766,1319488.9588123332,12815.217158256564,0.0,1406673.7416540766,interactive_long,False,256
exact_bucket,128,1306729.344131123,1306746.153336673,1319561.3704949296,12832.026363806566,16.809205550001934,1406729.344131123,interactive_long,False,256
exact_bucket,129,1320630.9414162247,1320630.9414162247,1328958.2849148142,8327.343498589471,0.0,1420630.9414162247,interactive_long,False,256
exact_bucket,130,1335329.7095173548,1335329.7095173548,1338821.6407381042,3491.931220749393,0.0,1355329.7095173548,interactive_short,False,32
exact_bucket,131,1336456.7760269714,1336474.4904933542,1339966.4217141035,3509.6456871321425,17.71446638274938,1356456.7760269714,interactive_short,False,32
exact_bucket,132,1341993.1712354422,1341993.1712354422,1353784.8382607922,11791.667025350034,0.0,1441993.1712354422,interactive_long,False,256
exact_bucket,133,1343927.643598714,1343948.2866655458,1355739.9536908958,11812.310092181899,20.643066831864417,1443927.643598714,interactive_long,False,256
exact_bucket,134,1375620.4183009027,1375620.4183009027,1378911.6636069007,3291.245305998018,0.0,1395620.4183009027,interactive_short,False,32
exact_bucket,135,1382917.6534418222,1382917.6534418222,1386465.776718702,3548.123276879778,0.0,1402917.6534418222,interactive_short,False,32
exact_bucket,136,1383432.8854409142,1383461.4244054218,1387009.5476823016,3576.662241387414,28.538964507635683,1403432.8854409142,interactive_short,False,32
exact_bucket,137,1386299.0222702122,1387009.5476823016,1395336.891180891,9037.868910678895,710.5254120894242,1486299.0222702122,interactive_long,False,256
exact_bucket,138,1405159.9224856629,1405159.9224856629,1413487.2659842523,8327.343498589471,0.0,1505159.9224856629,interactive_long,False,256
exact_bucket,139,1411256.475851284,1413487.2659842523,1416778.5112902503,5522.035438966239,2230.790132968221,1431256.475851284,interactive_short,False,32
exact_bucket,140,1427421.9370976132,1427421.9370976132,1430713.1824036113,3291.245305998018,0.0,1447421.9370976132,interactive_short,False,32
exact_bucket,141,1438435.4293819347,1438435.4293819347,1441726.6746879327,3291.245305998018,0.0,1458435.4293819347,interactive_short,False,32
exact_bucket,142,1482574.6924548466,1482574.6924548466,1485865.9377608446,3291.245305998018,0.0,1502574.6924548466,interactive_short,False,32
exact_bucket,143,1491624.5491721297,1491624.5491721297,1499951.8926707192,8327.343498589471,0.0,1591624.5491721297,interactive_long,False,256
exact_bucket,144,1521589.7967356164,1521589.7967356164,1524881.0420416144,3291.245305998018,0.0,1541589.7967356164,interactive_short,False,32
exact_bucket,145,1543793.0230108015,1543793.0230108015,1547084.2683167995,3291.245305998018,0.0,1563793.0230108015,interactive_short,False,32
exact_bucket,146,1553277.348995475,1553277.348995475,1556568.5943014731,3291.245305998018,0.0,1573277.348995475,interactive_short,False,32
exact_bucket,147,1565981.1093592993,1565981.1093592993,1569272.3546652973,3291.245305998018,0.0,1585981.1093592993,interactive_short,False,32
exact_bucket,148,1573008.6040086353,1573008.6040086353,1576299.8493146333,3291.245305998018,0.0,1593008.6040086353,interactive_short,False,32
exact_bucket,149,1590761.7091726514,1590761.7091726514,1594052.9544786494,3291.245305998018,0.0,1610761.7091726514,interactive_short,False,32
exact_bucket,150,1598699.6076142674,1598699.6076142674,1607026.9511128569,8327.343498589471,0.0,1698699.6076142674,interactive_long,False,256
exact_bucket,151,1621450.0951572098,1621450.0951572098,1624741.3404632078,3291.245305998018,0.0,1641450.0951572098,interactive_short,False,32
exact_bucket,152,1635062.4232611004,1635062.4232611004,1638353.6685670984,3291.245305998018,0.0,1655062.4232611004,interactive_short,False,32
exact_bucket,153,1641499.794143587,1641499.794143587,1644817.7975715518,3318.003427964868,0.0,1661499.794143587,interactive_short,False,32
exact_bucket,154,1644499.926014144,1644504.844205585,1647865.660628697,3365.73461455293,4.918191441101953,1664499.926014144,interactive_short,False,32
exact_bucket,155,1647340.0107979605,1647364.9352431502,1650698.9935442952,3358.9827463347465,24.92444518976845,1667340.0107979605,interactive_short,False,32
exact_bucket,156,1657491.773265088,1657491.773265088,1660783.018571086,3291.245305998018,0.0,1677491.773265088,interactive_short,False,32
exact_bucket,157,1672008.155859967,1672008.155859967,1675299.401165965,3291.245305998018,0.0,1692008.155859967,interactive_short,False,32
exact_bucket,158,1679374.9637757977,1679374.9637757977,1682666.2090817958,3291.245305998018,0.0,1699374.9637757977,interactive_short,False,32
exact_bucket,159,1689229.9903256071,1689229.9903256071,1692526.5872559985,3296.596930391388,0.0,1709229.9903256071,interactive_short,False,32
exact_bucket,160,1692440.27565149,1692463.9965828052,1695993.3891743082,3553.113522818079,23.720931315096095,1712440.27565149,interactive_short,False,32
exact_bucket,161,1693246.7742378819,1693270.694890398,1696810.7907306878,3564.0164928059094,23.920652516186237,1713246.7742378819,interactive_short,False,32
exact_bucket,162,1696611.6907180622,1696623.0187111078,1699930.318890286,3318.628172223689,11.327993045561016,1716611.6907180622,interactive_short,False,32
exact_bucket,163,1699782.3204271824,1699930.318890286,1710737.8030955335,10955.48266835115,147.9984631035477,1799782.3204271824,interactive_long,False,256
exact_bucket,164,1703634.6750944718,1703695.7263853003,1714503.2105905479,10868.535496076103,61.051290828501806,1803634.6750944718,interactive_long,False,256
exact_bucket,165,1711403.2727223018,1714503.2105905479,1719390.0842571873,7986.81153488555,3099.93786824611,1731403.2727223018,interactive_short,False,32
exact_bucket,166,1712892.613208049,1714503.2105905479,1719390.0842571873,6497.471049138345,1610.597382498905,1732892.613208049,interactive_short,False,32
exact_bucket,167,1715522.6571375756,1715535.956698238,1720334.5285623868,4811.871424811194,13.299560662359,1735522.6571375756,interactive_short,False,32
exact_bucket,168,1727362.7189214122,1727362.7189214122,1730653.9642274103,3291.245305998018,0.0,1747362.7189214122,interactive_short,False,32
exact_bucket,169,1739618.7407301571,1739618.7407301571,1742909.9860361551,3291.245305998018,0.0,1759618.7407301571,interactive_short,False,32
exact_bucket,170,1740282.5840404085,1742909.9860361551,1751237.3295347446,10954.745494336123,2627.4019957466517,1840282.5840404085,interactive_long,False,256
exact_bucket,171,1745518.3053659645,1751237.3295347446,1754638.2831408067,9119.977774842177,5719.0241687800735,1765518.3053659645,interactive_short,False,32
exact_bucket,172,1753340.5189043852,1753355.1743403433,1756756.1279464054,3415.609042020282,14.655435958178714,1773340.5189043852,interactive_short,False,32
exact_bucket,173,1758715.1967585753,1758715.1967585753,1770270.6599071007,11555.46314852545,0.0,1858715.1967585753,interactive_long,False,256
exact_bucket,174,1761032.4291454793,1761104.7822842575,1772660.245432783,11627.816287303576,72.35313877812587,1861032.4291454793,interactive_long,False,256
exact_bucket,175,1766482.1756504597,1772660.245432783,1775951.490738781,9469.315088321222,6178.069782323204,1786482.1756504597,interactive_short,False,32
exact_bucket,176,1790003.9716818081,1790003.9716818081,1793295.2169878061,3291.245305998018,0.0,1810003.9716818081,interactive_short,False,32
exact_bucket,177,1798776.581046547,1798776.581046547,1802067.826352545,3291.245305998018,0.0,1818776.581046547,interactive_short,False,32
exact_bucket,178,1810668.1778865645,1810668.1778865645,1813959.4231925625,3291.245305998018,0.0,1830668.1778865645,interactive_short,False,32
exact_bucket,179,1830098.5629096644,1830098.5629096644,1833389.8082156624,3291.245305998018,0.0,1850098.5629096644,interactive_short,False,32
exact_bucket,180,1844605.5937308539,1844605.5937308539,1847896.839036852,3291.245305998018,0.0,1864605.5937308539,interactive_short,False,32
exact_bucket,181,1849392.0992573614,1849392.0992573614,1852683.3445633594,3291.245305998018,0.0,1869392.0992573614,interactive_short,False,32
exact_bucket,182,1849451.2345984792,1852683.3445633594,1861010.6880619489,11559.453463469632,3232.109964880161,1949451.2345984792,interactive_long,False,256
exact_bucket,183,1853786.158936347,1861010.6880619489,1864301.933367947,10515.77443159977,7224.529125601752,1873786.158936347,interactive_short,False,32
exact_bucket,184,1867789.0827168743,1867789.0827168743,1871080.3280228723,3291.245305998018,0.0,1887789.0827168743,interactive_short,False,32
exact_bucket,185,1886992.8289909393,1886992.8289909393,1890284.0742969373,3291.245305998018,0.0,1906992.8289909393,interactive_short,False,32
exact_bucket,186,1917660.8888909416,1917660.8888909416,1925988.232389531,8327.343498589471,0.0,2017660.8888909416,interactive_long,False,256
exact_bucket,187,1923091.3004292771,1925988.232389531,1929279.477695529,6188.177266251994,2896.9319602539763,1943091.3004292771,interactive_short,False,32
exact_bucket,188,1936855.3613047856,1936855.3613047856,1940146.6066107836,3291.245305998018,0.0,1956855.3613047856,interactive_short,False,32
exact_bucket,189,1944754.8568502546,1944754.8568502546,1948046.1021562526,3291.245305998018,0.0,1964754.8568502546,interactive_short,False,32
exact_bucket,190,1953999.4112999411,1953999.4112999411,1957362.9035352496,3363.492235308513,0.0,1973999.4112999411,interactive_short,False,32
exact_bucket,191,1956490.9336163844,1956517.9294471396,1959964.3718605454,3473.438244160963,26.995830755215138,1976490.9336163844,interactive_short,False,32
exact_bucket,192,1958968.1350163277,1958994.2164260487,1962368.411910144,3400.27689381619,26.08140972093679,1978968.1350163277,interactive_short,False,32
exact_bucket,193,1964692.237487852,1964692.237487852,1975145.4158778628,10453.178390010726,0.0,2064692.237487852,interactive_long,False,256
exact_bucket,194,1964986.7812102488,1975145.4158778628,1978436.6611838609,13449.879973612027,10158.63466761401,1984986.7812102488,interactive_short,False,32
exact_bucket,195,1969083.4636549556,1969109.3501262343,1982853.773822243,13770.310167287476,25.886471278732643,2069083.4636549556,interactive_long,False,256
exact_bucket,196,1980451.0262849675,1982853.773822243,1986190.5079355848,5739.4816506172065,2402.7475372755434,2000451.0262849675,interactive_short,False,32
exact_bucket,197,1985631.4870567264,1985658.4872134414,1988995.221326783,3363.7342700567096,27.000156715046614,2005631.4870567264,interactive_short,False,32
exact_bucket,198,1987435.2583154247,1988995.221326783,2001319.4745676871,13884.216252262471,1559.963011358399,2087435.2583154247,interactive_long,False,256
exact_bucket,199,1993734.9194169492,1993774.3923781475,2011653.5607506046,17918.641333655454,39.47296119830571,2093734.9194169492,interactive_long,False,256
exact_bucket,200,1995100.3104985717,1995115.7403229538,2013665.5826678155,18565.272169243777,15.429824382066727,2095100.3104985717,interactive_long,False,256
exact_bucket,201,2004835.7215531904,2004896.402420504,2021378.333350452,16542.611797261517,60.68086731364019,2104835.7215531906,interactive_long,False,256
exact_bucket,202,2005109.0887368093,2005231.7394067058,2021523.1567156448,16414.067978835432,122.6506698965095,2105109.0887368093,interactive_long,False,256
exact_bucket,203,2010118.1759345557,2021523.1567156448,2026928.3356092933,16810.159674737602,11404.980781089049,2030118.1759345557,interactive_short,False,32
exact_bucket,204,2018428.300771056,2021523.1567156448,2026928.3356092933,8500.034838237334,3094.8559445887804,2038428.300771056,interactive_short,False,32
exact_bucket,205,2018703.0615744942,2021523.1567156448,2026928.3356092933,8225.274034799077,2820.095141150523,2038703.0615744942,interactive_short,False,32
exact_bucket,206,2028996.2463434378,2028996.2463434378,2032458.7436300237,3462.497286585858,0.0,2048996.2463434378,interactive_short,False,32
exact_bucket,207,2030454.5938929035,2030455.842087837,2033918.3393744228,3463.7454815192614,1.2481949334032834,2050454.5938929035,interactive_short,False,32
exact_bucket,208,2036647.95752224,2036647.95752224,2039939.202828238,3291.245305998018,0.0,2056647.95752224,interactive_short,False,32
exact_bucket,209,2037163.887057034,2039939.202828238,2050392.3812182487,13228.49416121468,2775.315771203954,2137163.8870570343,interactive_long,False,256
exact_bucket,210,2041929.8016986141,2050392.3812182487,2053991.3449268655,12061.543228251394,8462.5795196346,2061929.8016986141,interactive_short,False,32
exact_bucket,211,2044308.0634048074,2044356.3154666203,2058408.4575652478,14100.394160440424,48.252061812905595,2144308.0634048074,interactive_long,False,256
exact_bucket,212,2048265.871999859,2050392.3812182487,2053991.3449268655,5725.472927006427,2126.509218389634,2068265.871999859,interactive_short,False,32
exact_bucket,213,2062588.405101049,2062588.405101049,2065879.650407047,3291.245305998018,0.0,2082588.405101049,interactive_short,False,32
exact_bucket,214,2067354.679734857,2067354.679734857,2075682.0232334465,8327.343498589471,0.0,2167354.679734857,interactive_long,False,256
exact_bucket,215,2081298.3411819541,2081298.3411819541,2089625.6846805436,8327.343498589471,0.0,2181298.3411819544,interactive_long,False,256
exact_bucket,216,2099131.748357021,2099131.748357021,2102457.7792215524,3326.03086453164,0.0,2119131.748357021,interactive_short,False,32
exact_bucket,217,2102038.9021301824,2102050.9398457957,2106863.588079284,4824.685949101578,12.03771561337635,2122038.9021301824,interactive_short,False,32
exact_bucket,218,2102893.4596363497,2102915.6916119484,2107771.1528405873,4877.693204237614,22.23197559872642,2122893.4596363497,interactive_short,False,32
exact_bucket,219,2103089.195699495,2103103.4636315284,2107942.869986986,4853.674287491012,14.26793203363195,2123089.195699495,interactive_short,False,32
exact_bucket,220,2110841.8621698665,2110841.8621698665,2119169.205668456,8327.343498589471,0.0,2210841.8621698665,interactive_long,False,256
exact_bucket,221,2203760.4590271604,2203760.4590271604,2207051.704333132,3291.245305971708,0.0,2223760.4590271604,interactive_short,False,32
exact_bucket,222,2208067.6781100826,2208067.6781100826,2211358.923416054,3291.2453059712425,0.0,2228067.6781100826,interactive_short,False,32
exact_bucket,223,2218570.0171527625,2218570.0171527625,2221861.262458734,3291.245305971708,0.0,2238570.0171527625,interactive_short,False,32
exact_bucket,224,2233767.499845296,2233767.499845296,2237058.7451512674,3291.2453059712425,0.0,2253767.499845296,interactive_short,False,32
exact_bucket,225,2244315.9801847567,2244315.9801847567,2247607.2254907284,3291.245305971708,0.0,2264315.9801847567,interactive_short,False,32
exact_bucket,226,2258349.7019512826,2258349.7019512826,2261640.9472572543,3291.245305971708,0.0,2278349.7019512826,interactive_short,False,32
exact_bucket,227,2288229.671181172,2288229.671181172,2299745.7670168746,11516.095835702494,0.0,2388229.671181172,interactive_long,False,256
exact_bucket,228,2290453.118415326,2299745.7670168746,2305276.283392115,14823.16497678915,9292.648601548746,2310453.118415326,interactive_short,False,32
exact_bucket,229,2290659.0239682924,2290691.6683894508,2307738.2806003937,17079.256632101256,32.644421158358455,2390659.0239682924,interactive_long,False,256
exact_bucket,230,2292312.280211594,2299745.7670168746,2305276.283392115,12964.003180521075,7433.4868052806705,2312312.280211594,interactive_short,False,32
exact_bucket,231,2293661.557881172,2299745.7670168746,2305276.283392115,11614.725510943215,6084.209135702811,2313661.557881172,interactive_short,False,32
exact_bucket,232,2304731.798909608,2304774.9334657476,2310800.5697111674,6068.770801559556,43.134556139819324,2324731.798909608,interactive_short,False,32
exact_bucket,233,2313032.231628119,2313032.231628119,2316401.075487801,3368.8438596818596,0.0,2333032.231628119,interactive_short,False,32
exact_bucket,234,2315490.783581674,2315493.5107264975,2318862.3545861794,3371.5710045052692,2.727144823409617,2335490.783581674,interactive_short,False,32
exact_bucket,235,2327512.693217354,2327512.693217354,2330803.938523325,3291.2453059712425,0.0,2347512.693217354,interactive_short,False,32
exact_bucket,236,2342075.488966492,2342075.488966492,2350402.8324650815,8327.343498589471,0.0,2442075.488966492,interactive_long,False,256
exact_bucket,237,2343912.183334668,2350402.8324650815,2353734.2149540065,9822.031619338319,6490.649130413309,2363912.183334668,interactive_short,False,32
exact_bucket,238,2353257.9395440663,2353264.7849050565,2356596.1673939815,3338.227849915158,6.845360990148038,2373257.9395440663,interactive_short,False,32
exact_bucket,239,2367038.2515746723,2367038.2515746723,2370522.155358822,3483.903784149792,0.0,2387038.2515746723,interactive_short,False,32
exact_bucket,240,2368254.651017437,2368268.891123862,2371752.7949080113,3498.143890574109,14.240106424782425,2388254.651017437,interactive_short,False,32
exact_bucket,241,2385363.8868182665,2385363.8868182665,2388655.1321242377,3291.2453059712425,0.0,2405363.8868182665,interactive_short,False,32
exact_bucket,242,2418808.496413073,2418808.496413073,2422273.6695118444,3465.173098771367,0.0,2438808.496413073,interactive_short,False,32
exact_bucket,243,2419952.4949973198,2422273.6695118444,2430601.013010434,10648.51801311411,2321.1745145246387,2519952.4949973198,interactive_long,False,256
exact_bucket,244,2420212.633709351,2420239.472633061,2432165.7798402673,11953.146130916197,26.838923709932715,2440212.633709351,interactive_short,False,32
exact_bucket,245,2423951.6766913966,2430601.013010434,2434026.048926251,10074.372234854382,6649.336319037247,2443951.6766913966,interactive_short,False,32
exact_bucket,246,2435263.463948195,2435263.463948195,2438554.709254166,3291.2453059712425,0.0,2455263.463948195,interactive_short,False,32
exact_bucket,247,2467005.557416152,2467005.557416152,2470296.8027221235,3291.2453059712425,0.0,2487005.557416152,interactive_short,False,32
exact_bucket,248,2472058.209225313,2472058.209225313,2475349.454531284,3291.2453059712425,0.0,2492058.209225313,interactive_short,False,32
exact_bucket,249,2484611.386192407,2484611.386192407,2488135.4271595106,3524.0409671035595,0.0,2504611.386192407,interactive_short,False,32
exact_bucket,250,2485401.7801473024,2485412.7328756005,2488936.7738427036,3534.993695401121,10.952728298027068,2505401.7801473024,interactive_short,False,32
exact_bucket,251,2497133.449498489,2497133.449498489,2505460.7929970785,8327.343498589471,0.0,2597133.449498489,interactive_long,False,256
exact_bucket,252,2507001.7187459227,2507001.7187459227,2510499.0015910566,3497.2828451339155,0.0,2527001.7187459227,interactive_short,False,32
exact_bucket,253,2508076.471864627,2508089.260673113,2511586.543518247,3510.0716536198743,12.788808485958725,2528076.471864627,interactive_short,False,32
exact_bucket,254,2522881.682083911,2522881.682083911,2531209.0255825003,8327.343498589471,0.0,2622881.682083911,interactive_long,False,256
exact_bucket,255,2541872.4503389997,2541872.4503389997,2550199.793837589,8327.343498589471,0.0,2641872.4503389997,interactive_long,False,256
exact_bucket,256,2551045.653326384,2551045.653326384,2554521.5296739424,3475.876347558573,0.0,2571045.653326384,interactive_short,False,32
exact_bucket,257,2552335.9836102542,2552362.1514487723,2555838.027796331,3502.044186076615,26.167838518042117,2572335.9836102542,interactive_short,False,32
exact_bucket,258,2593590.839000741,2593590.839000741,2596882.0843067123,3291.2453059712425,0.0,2613590.839000741,interactive_short,False,32
exact_bucket,259,2608852.62804345,2608852.62804345,2619719.87804526,10867.250001810025,0.0,2708852.62804345,interactive_long,False,256
exact_bucket,260,2613117.530476296,2613124.9173166393,2626314.8387738774,13197.308297581505,7.386840343475342,2713117.530476296,interactive_long,False,256
exact_bucket,261,2618710.3041599616,2618713.8670866545,2629935.422903699,11225.118743737228,3.5629266928881407,2718710.3041599616,interactive_long,False,256
exact_bucket,262,2623339.7243912434,2629935.422903699,2633491.573617165,10151.849225921556,6595.6985124554485,2643339.7243912434,interactive_short,False,32
exact_bucket,263,2630391.128309451,2630393.335294095,2633949.486007561,3558.3576981099322,2.2069846438243985,2650391.128309451,interactive_short,False,32
exact_bucket,264,2634564.9543341934,2634564.9543341934,2642892.297832783,8327.343498589471,0.0,2734564.9543341934,interactive_long,False,256
exact_bucket,265,2653507.9025949105,2653507.9025949105,2656799.147900882,3291.245305971708,0.0,2673507.9025949105,interactive_short,False,32
exact_bucket,266,2670786.22808828,2670786.22808828,2674077.4733942514,3291.2453059712425,0.0,2690786.22808828,interactive_short,False,32
exact_bucket,267,2671901.5664096936,2674077.4733942514,2682404.816892841,10503.250483147334,2175.9069845578633,2771901.5664096936,interactive_long,False,256
exact_bucket,268,2704289.180605472,2704289.180605472,2707580.4259114433,3291.2453059712425,0.0,2724289.180605472,interactive_short,False,32
exact_bucket,269,2714383.803025898,2714383.803025898,2717675.0483318698,3291.245305971708,0.0,2734383.803025898,interactive_short,False,32
exact_bucket,270,2732027.6185667664,2732027.6185667664,2740354.962065356,8327.343498589471,0.0,2832027.6185667664,interactive_long,False,256
exact_bucket,271,2744313.984733368,2744313.984733368,2747605.2300393395,3291.245305971708,0.0,2764313.984733368,interactive_short,False,32
exact_bucket,272,2750031.9059663718,2750031.9059663718,2753323.1512723435,3291.245305971708,0.0,2770031.9059663718,interactive_short,False,32
exact_bucket,273,2763266.8032899266,2763266.8032899266,2771594.146788516,8327.343498589471,0.0,2863266.8032899266,interactive_long,False,256
exact_bucket,274,2796927.1516027655,2796927.1516027655,2800229.1001575245,3301.948554758914,0.0,2816927.1516027655,interactive_short,False,32
exact_bucket,275,2800075.3878325033,2800103.918811138,2803405.8673658967,3330.4795333934017,28.530978634487838,2820075.3878325033,interactive_short,False,32
exact_bucket,276,2816588.3682683394,2816588.3682683394,2819879.613574311,3291.245305971708,0.0,2836588.3682683394,interactive_short,False,32
exact_bucket,277,2824314.0154116726,2824314.0154116726,2827605.2607176444,3291.245305971708,0.0,2844314.0154116726,interactive_short,False,32
exact_bucket,278,2830920.766988486,2830920.766988486,2834212.0122944573,3291.2453059712425,0.0,2850920.766988486,interactive_short,False,32
exact_bucket,279,2836640.235657547,2836640.235657547,2839931.480963519,3291.245305971708,0.0,2856640.235657547,interactive_short,False,32
exact_bucket,280,2849771.649208321,2849771.649208321,2853076.273575277,3304.6243669562973,0.0,2869771.649208321,interactive_short,False,32
exact_bucket,281,2852896.801844222,2852919.7968922937,2856224.4212592496,3327.619415027555,22.99504807172343,2872896.801844222,interactive_short,False,32
exact_bucket,282,2871982.8695737086,2871982.8695737086,2875274.11487968,3291.2453059712425,0.0,2891982.8695737086,interactive_short,False,32
exact_bucket,283,2889745.5318249194,2889745.5318249194,2893258.869543235,3513.3377183154225,0.0,2909745.5318249194,interactive_short,False,32
exact_bucket,284,2890652.0342455218,2890661.3566057114,2894174.694324027,3522.660078505054,9.322360189631581,2910652.0342455218,interactive_short,False,32
exact_bucket,285,2911991.533941764,2911991.533941764,2923310.7932134476,11319.259271683637,0.0,3011991.533941764,interactive_long,False,256
exact_bucket,286,2914786.8667730093,2914815.5895630247,2926134.8488347083,11347.982061699033,28.72279001539573,3014786.8667730093,interactive_long,False,256
exact_bucket,287,2921036.3043556632,2926134.8488347083,2929426.0941406796,8389.789785016328,5098.544479045086,2941036.3043556632,interactive_short,False,32
exact_bucket,288,2930460.8986099325,2930460.8986099325,2933752.1439159038,3291.2453059712425,0.0,2950460.8986099325,interactive_short,False,32
exact_bucket,289,2935224.9683456426,2935224.9683456426,2938794.4981200937,3569.5297744511627,0.0,2955224.9683456426,interactive_short,False,32
exact_bucket,290,2935516.167308423,2935539.7831140403,2939109.312888491,3593.145580067765,23.615805617067963,2955516.167308423,interactive_short,False,32
exact_bucket,291,2954551.0921914987,2954551.0921914987,2962878.435690088,8327.343498589471,0.0,3054551.0921914987,interactive_long,False,256
exact_bucket,292,2956558.0640704455,2962878.435690088,2966477.399398705,9919.335328259505,6320.371619642712,2976558.0640704455,interactive_short,False,32
exact_bucket,293,2958942.15701873,2962878.435690088,2966477.399398705,7535.2423799750395,3936.2786713582464,2978942.15701873,interactive_short,False,32
exact_bucket,294,2974928.7371095177,2974928.7371095177,2978219.982415489,3291.2453059712425,0.0,2994928.7371095177,interactive_short,False,32
exact_bucket,295,2979089.0268548145,2979089.0268548145,2982380.272160786,3291.245305971708,0.0,2999089.0268548145,interactive_short,False,32
exact_bucket,296,3000318.3628110494,3000318.3628110494,3003609.6081170207,3291.2453059712425,0.0,3020318.3628110494,interactive_short,False,32
exact_bucket,297,3012397.6272521545,3012397.6272521545,3015694.22418252,3296.596930365544,0.0,3032397.6272521545,interactive_short,False,32
exact_bucket,298,3015630.9764162414,3015631.6335093267,3018928.230439692,3297.2540234504268,0.6570930853486061,3035630.9764162414,interactive_short,False,32
exact_bucket,299,3015733.006299756,3018928.230439692,3027255.5739382813,11522.567638525274,3195.2241399358027,3115733.006299756,interactive_long,False,256
exact_bucket_wait,0,0.0,2000.0,5291.245305998018,5291.245305998018,2000.0,20000.0,interactive_short,False,32
exact_bucket_wait,1,23426.633179283737,25426.633179283737,28717.878485281755,5291.245305998018,2000.0,43426.63317928374,interactive_short,False,32
exact_bucket_wait,2,31314.193591454783,49307.777464750834,52906.74117336763,21592.547581912844,17993.58387329605,51314.19359145478,interactive_short,True,32
exact_bucket_wait,3,49307.777464750834,49307.777464750834,52906.74117336763,3598.963708616793,0.0,69307.77746475083,interactive_short,False,32
exact_bucket_wait,4,58042.71395176844,60042.71395176844,63641.677660385234,5598.963708616793,2000.0,78042.71395176844,interactive_short,False,32
exact_bucket_wait,5,59645.50230345718,60042.71395176844,63641.677660385234,3996.1753569280554,397.21164831126225,79645.50230345718,interactive_short,False,32
exact_bucket_wait,6,61008.8041511719,63641.677660385234,71969.0211589747,10960.217007802807,2632.8735092133356,161008.8041511719,interactive_long,False,256
exact_bucket_wait,7,64694.231462389835,71969.0211589747,75260.26646497272,10566.035002582888,7274.78969658487,84694.23146238984,interactive_short,False,32
exact_bucket_wait,8,87618.7464539721,89618.7464539721,92909.99175997011,5291.245305998018,2000.0,107618.7464539721,interactive_short,False,32
exact_bucket_wait,9,103521.09644092273,105521.09644092273,108812.34174692075,5291.245305998018,2000.0,123521.09644092273,interactive_short,False,32
exact_bucket_wait,10,123232.53578001732,125232.53578001732,128523.78108601534,5291.245305998018,2000.0,143232.53578001732,interactive_short,False,32
exact_bucket_wait,11,146151.4244538608,148151.4244538608,151872.66479392344,5721.24034006265,2000.0,166151.4244538608,interactive_short,False,32
exact_bucket_wait,12,148509.61667575076,148523.47827106057,152279.50416968012,3769.88749392936,13.861595309805125,168509.61667575076,interactive_short,False,32
exact_bucket_wait,13,151380.169221488,151402.649237954,156259.34018838144,4879.1709668934345,22.480016465997323,171380.169221488,interactive_short,False,32
exact_bucket_wait,14,152464.86289361454,153380.169221488,156917.58924958104,4452.726355966501,915.3063278734626,172464.86289361454,interactive_short,False,32
exact_bucket_wait,15,167611.425337719,169611.425337719,172902.67064371702,5291.245305998018,2000.0,187611.425337719,interactive_short,False,32
exact_bucket_wait,16,189164.69515790572,191164.69515790572,194461.2920882971,5296.596930391388,2000.0,209164.69515790572,interactive_short,False,32
exact_bucket_wait,17,194379.81013739476,194398.70141510377,199613.8163945928,5234.0062571980525,18.891277709015412,214379.81013739476,interactive_short,False,32
exact_bucket_wait,18,204073.07373168544,206073.07373168544,214400.4172302749,10327.343498589471,2000.0,304073.0737316854,interactive_long,False,256
exact_bucket_wait,19,205751.9757076024,214400.4172302749,217691.66253627292,11939.686828670528,8648.44152267251,225751.9757076024,interactive_short,False,32
exact_bucket_wait,20,232327.59274872325,234327.59274872325,242654.93624731273,10327.343498589471,2000.0,332327.5927487232,interactive_long,False,256
exact_bucket_wait,21,252323.2326383261,254323.2326383261,257614.4779443241,5291.245305998018,2000.0,272323.2326383261,interactive_short,False,32
exact_bucket_wait,22,289706.4647876418,291706.4647876418,294997.7100936398,5291.245305998018,2000.0,309706.4647876418,interactive_short,False,32
exact_bucket_wait,23,306354.47640524525,308354.47640524525,311645.72171124327,5291.245305998018,2000.0,326354.47640524525,interactive_short,False,32
exact_bucket_wait,24,327675.83075189835,329675.83075189835,338003.1742504878,10327.343498589471,2000.0,427675.83075189835,interactive_long,False,256
exact_bucket_wait,25,327926.81791174674,338003.1742504878,341294.41955648584,13367.601644739101,10076.356338741083,347926.81791174674,interactive_short,False,32
exact_bucket_wait,26,341266.28406705445,343266.28406705445,346672.5892975099,5406.305230455473,2000.0,361266.28406705445,interactive_short,False,32
exact_bucket_wait,27,345303.7319732829,345326.8898238532,349364.33773008164,4060.605756798759,23.15785057033645,365303.7319732829,interactive_short,False,32
exact_bucket_wait,28,372013.57207213715,374013.57207213715,382340.9155707266,10327.343498589471,2000.0,472013.57207213715,interactive_long,False,256
exact_bucket_wait,29,388220.33731611405,390220.33731611405,393511.58262211207,5291.245305998018,2000.0,408220.33731611405,interactive_short,False,32
exact_bucket_wait,30,408176.0503259419,410176.0503259419,418503.39382453135,10327.343498589471,2000.0,508176.0503259419,interactive_long,False,256
exact_bucket_wait,31,424822.8780803353,426822.8780803353,430317.48511328135,5494.607032946078,2000.0,444822.8780803353,interactive_short,False,32
exact_bucket_wait,32,427926.3235830694,427939.0395319346,431433.6465648807,3507.322981811303,12.715948865225073,447926.3235830694,interactive_short,False,32
exact_bucket_wait,33,443408.5527798298,445408.5527798298,453735.8962784193,10327.343498589471,2000.0,543408.5527798298,interactive_long,False,256
exact_bucket_wait,34,444552.5163461954,453735.8962784193,457027.1415844173,12474.625238221895,9183.379932223877,464552.5163461954,interactive_short,False,32
exact_bucket_wait,35,465122.80490767374,467122.80490767374,470414.05021367176,5291.245305998018,2000.0,485122.80490767374,interactive_short,False,32
exact_bucket_wait,36,484683.9528997038,486683.9528997038,495011.2963982933,10327.343498589471,2000.0,584683.9528997038,interactive_long,False,256
exact_bucket_wait,37,487199.8167778764,495011.2963982933,498302.5417042913,11102.7249264149,7811.4796204168815,507199.8167778764,interactive_short,False,32
exact_bucket_wait,38,504159.9436579162,506159.9436579162,514487.2871565057,10327.343498589471,2000.0,604159.9436579163,interactive_long,False,256
exact_bucket_wait,39,510327.4220864302,514487.2871565057,518086.2508651225,7758.828778692288,4159.865070075495,530327.4220864302,interactive_short,False,32
exact_bucket_wait,40,513968.6030904206,514487.2871565057,518086.2508651225,4117.64777470188,518.6840660850867,533968.6030904206,interactive_short,False,32
exact_bucket_wait,41,529832.9239242688,531832.9239242688,537353.1178187382,7520.193894469412,2000.0,549832.9239242688,interactive_short,False,32
exact_bucket_wait,42,532415.392785721,532433.9339366684,538340.150486274,5924.7577005530475,18.54115094745066,552415.392785721,interactive_short,False,32
exact_bucket_wait,43,532654.8821332838,532684.2966294418,538590.5131790474,5935.631045763614,29.414496158016846,552654.8821332838,interactive_short,False,32
exact_bucket_wait,44,534800.80665138,534846.3681869012,540011.3679771173,5210.561325737275,45.561535521177575,554800.80665138,interactive_short,False,32
exact_bucket_wait,45,538779.6748792193,538790.8498498473,542954.758733618,4175.08385439869,11.174970627995208,558779.6748792193,interactive_short,False,32
exact_bucket_wait,46,558756.6641642567,560756.6641642567,564047.9094702547,5291.245305998018,2000.0,578756.6641642567,interactive_short,False,32
exact_bucket_wait,47,592835.592843646,594835.592843646,598314.1450034119,5478.552159765968,2000.0,612835.592843646,interactive_short,False,32
exact_bucket_wait,48,596108.4880131491,596123.4714416452,599602.0236014111,3493.5355882620206,14.983428496052511,616108.4880131491,interactive_short,False,32
exact_bucket_wait,49,606366.2448322171,608366.2448322171,611673.5450113952,5307.300179178128,2000.0,626366.2448322171,interactive_short,False,32
exact_bucket_wait,50,611469.1422453179,611485.7729918152,616588.670404916,5119.528159598121,16.630746497306973,631469.1422453179,interactive_short,False,32
exact_bucket_wait,51,651181.3999550084,653181.3999550084,656472.6452610064,5291.245305998018,2000.0,671181.3999550084,interactive_short,False,32
exact_bucket_wait,52,658864.7577106205,660864.7577106205,664156.0030166185,5291.245305998018,2000.0,678864.7577106205,interactive_short,False,32
exact_bucket_wait,53,686872.523083273,688872.523083273,697199.8665818624,10327.343498589471,2000.0,786872.523083273,interactive_long,False,256
exact_bucket_wait,54,688098.0617716468,697199.8665818624,700491.1118878605,12393.05011621362,9101.804810215603,708098.0617716468,interactive_short,False,32
exact_bucket_wait,55,723298.077376727,725298.077376727,728897.0410853438,5598.963708616793,2000.0,743298.077376727,interactive_short,False,32
exact_bucket_wait,56,725265.1363422534,725298.077376727,728897.0410853438,3631.9047430903884,32.94103447359521,745265.1363422534,interactive_short,False,32
exact_bucket_wait,57,758108.4348615361,760108.4348615361,764233.96646669,6125.53160515381,2000.0,778108.4348615361,interactive_short,False,32
exact_bucket_wait,58,761193.6297414154,761195.9767887355,765423.1892573633,4229.559515947942,2.34704732010141,781193.6297414154,interactive_short,False,32
exact_bucket_wait,59,762341.0350851904,762353.9042428122,766482.1116601627,4141.076574972249,12.869157621753402,782341.0350851904,interactive_short,False,32
exact_bucket_wait,60,768042.6124554221,770042.6124554221,778369.9559540115,10327.343498589471,2000.0,868042.6124554221,interactive_long,False,256
exact_bucket_wait,61,781082.2036817967,783082.2036817967,786515.267034219,5433.063352422323,2000.0,801082.2036817967,interactive_short,False,32
exact_bucket_wait,62,784846.2774256257,784856.6141945956,788620.6879384246,3774.4105127989314,10.336768969893456,804846.2774256257,interactive_short,False,32
exact_bucket_wait,63,794165.623373246,796165.623373246,799456.8686792441,5291.245305998018,2000.0,814165.623373246,interactive_short,False,32
exact_bucket_wait,64,801328.2065399077,803328.2065399077,814608.0984988045,13279.89195889677,2000.0,901328.2065399077,interactive_long,False,256
exact_bucket_wait,65,806192.7149346475,806224.6738437649,817504.5658026617,11311.850868014153,31.958909117383882,906192.7149346475,interactive_long,False,256
exact_bucket_wait,66,814786.8117488315,817504.5658026617,821082.123013705,6295.311264873482,2717.754053830169,834786.8117488315,interactive_short,False,32
exact_bucket_wait,67,817726.7982985554,817733.5219978616,821311.0792089049,3584.280910349451,6.72369930613786,837726.7982985554,interactive_short,False,32
exact_bucket_wait,68,830063.742575083,832063.742575083,835662.7062836998,5598.963708616793,2000.0,850063.742575083,interactive_short,False,32
exact_bucket_wait,69,830080.6696755257,832063.742575083,835662.7062836998,5582.036608174094,1983.0728995573008,850080.6696755257,interactive_short,False,32
exact_bucket_wait,70,856060.3256333817,858060.3256333817,861351.5709393797,5291.245305998018,2000.0,876060.3256333817,interactive_short,False,32
exact_bucket_wait,71,863792.0177881971,865792.0177881971,874119.3612867866,10327.343498589471,2000.0,963792.0177881971,interactive_long,False,256
exact_bucket_wait,72,876501.3380655749,878501.3380655749,886828.6815641643,10327.343498589471,2000.0,976501.3380655749,interactive_long,False,256
exact_bucket_wait,73,890047.3602258987,892047.3602258987,895338.6055318967,5291.245305998018,2000.0,910047.3602258987,interactive_short,False,32
exact_bucket_wait,74,901153.0502197776,903153.0502197776,906513.8666428895,5360.816423111828,2000.0,921153.0502197776,interactive_short,False,32
exact_bucket_wait,75,905682.1002433572,905700.1878913761,910229.2379149557,4547.137671598466,18.087648018845357,925682.1002433572,interactive_short,False,32
exact_bucket_wait,76,906407.5255748781,910229.2379149557,918556.5814135452,12149.05583866709,3821.712340077618,1006407.5255748781,interactive_long,False,256
exact_bucket_wait,77,917321.0432239831,919321.0432239831,922730.0242666353,5408.981042652158,2000.0,937321.0432239831,interactive_short,False,32
exact_bucket_wait,78,921328.8049483133,921353.0294563819,925384.8734904822,4056.0685421689413,24.224508068640716,941328.8049483133,interactive_short,False,32
exact_bucket_wait,79,925096.351872601,925103.2154611122,930130.0214589991,5033.669586398173,6.863588511245325,945096.351872601,interactive_short,False,32
exact_bucket_wait,80,943936.1047351673,945936.1047351673,949227.3500411654,5291.245305998018,2000.0,963936.1047351673,interactive_short,False,32
exact_bucket_wait,81,956656.9890213045,958656.9890213045,962108.7830591036,5451.794037799118,2000.0,976656.9890213045,interactive_short,False,32
exact_bucket_wait,82,960228.34335237,960231.0628633036,963802.417194369,3574.073841999052,2.71951093361713,980228.34335237,interactive_short,False,32
exact_bucket_wait,83,963928.6183221564,965928.6183221564,974255.9618207458,10327.343498589471,2000.0,1063928.6183221564,interactive_long,False,256
exact_bucket_wait,84,969177.7439365004,974255.9618207458,977846.8980927726,8669.154156272183,5078.217884245445,989177.7439365004,interactive_short,False,32
exact_bucket_wait,85,974326.0868650073,974341.8203939458,977932.7566659725,3606.669800965232,15.733528938493691,994326.0868650073,interactive_short,False,32
exact_bucket_wait,86,977830.959600833,979830.959600833,988158.3030994225,10327.343498589471,2000.0,1077830.959600833,interactive_long,False,256
exact_bucket_wait,87,979192.4540431228,988158.3030994225,991757.2668080393,12564.812764916453,8965.84905629966,999192.4540431228,interactive_short,False,32
exact_bucket_wait,88,984647.4241699039,988158.3030994225,991757.2668080393,7109.842638135422,3510.878929518629,1004647.4241699039,interactive_short,False,32
exact_bucket_wait,89,1012842.3275609529,1014842.3275609529,1018133.5728669509,5291.245305998018,2000.0,1032842.3275609529,interactive_short,False,32
exact_bucket_wait,90,1024153.2054733564,1026153.2054733564,1029444.4507793544,5291.245305998018,2000.0,1044153.2054733564,interactive_short,False,32
exact_bucket_wait,91,1047463.6217134104,1049463.6217134104,1052754.8670194084,5291.245305998018,2000.0,1067463.6217134104,interactive_short,False,32
exact_bucket_wait,92,1057022.1245524148,1059022.1245524148,1067349.4680510042,10327.343498589471,2000.0,1157022.1245524148,interactive_long,False,256
exact_bucket_wait,93,1060602.4528435422,1067349.4680510042,1071982.6016343804,11380.148790838197,6747.015207462013,1080602.4528435422,interactive_short,False,32
exact_bucket_wait,94,1068541.7948415927,1068551.4880758035,1073297.0057714405,4755.210929847788,9.693234210833907,1088541.7948415927,interactive_short,False,32
exact_bucket_wait,95,1068545.8550627239,1068551.4880758035,1073297.0057714405,4751.150708716596,5.633013079641387,1088545.8550627239,interactive_short,False,32
exact_bucket_wait,96,1071927.3835795277,1073927.3835795277,1082254.7270781172,10327.343498589471,2000.0,1171927.3835795277,interactive_long,False,256
exact_bucket_wait,97,1077546.610672685,1082254.7270781172,1085545.9723841152,7999.3617114301305,4708.1164054321125,1097546.610672685,interactive_short,False,32
exact_bucket_wait,98,1086221.2540038133,1088221.2540038133,1096548.5975024027,10327.343498589471,2000.0,1186221.2540038133,interactive_long,False,256
exact_bucket_wait,99,1096854.8336152665,1098854.8336152665,1107182.177113856,10327.343498589471,2000.0,1196854.8336152665,interactive_long,False,256
exact_bucket_wait,100,1103109.4981955176,1107182.177113856,1110615.2404662783,7505.742270760704,4072.6789183383808,1123109.4981955176,interactive_short,False,32
exact_bucket_wait,101,1108946.3255584924,1108956.587626655,1112846.4992445356,3900.1736860431265,10.262068162439391,1128946.3255584924,interactive_short,False,32
exact_bucket_wait,102,1111350.5121758431,1111375.6184244922,1115296.639835042,3946.127659198828,25.10624864907004,1131350.5121758431,interactive_short,False,32
exact_bucket_wait,103,1117759.5930439369,1119759.5930439369,1123050.838349935,5291.245305998018,2000.0,1137759.5930439369,interactive_short,False,32
exact_bucket_wait,104,1140904.2292688703,1142904.2292688703,1146195.4745748683,5291.245305998018,2000.0,1160904.2292688703,interactive_short,False,32
exact_bucket_wait,105,1156801.7959256177,1158801.7959256177,1163830.0255632596,7028.229637641925,2000.0,1176801.7959256177,interactive_short,False,32
exact_bucket_wait,106,1158661.3742804858,1158801.7959256177,1163830.0255632596,5168.651282773819,140.42164513189346,1178661.3742804858,interactive_short,False,32
exact_bucket_wait,107,1159547.4520958702,1159552.8840039377,1164516.8941488592,4969.442052989034,5.4319080675486475,1179547.4520958702,interactive_short,False,32
exact_bucket_wait,108,1166792.8401140096,1168792.8401140096,1172084.0854200076,5291.245305998018,2000.0,1186792.8401140096,interactive_short,False,32
exact_bucket_wait,109,1176815.1629936125,1178815.1629936125,1190528.0953933543,13712.93239974184,2000.0,1276815.1629936125,interactive_long,False,256
exact_bucket_wait,110,1180897.676686071,1180915.101788909,1192628.0341886508,11730.357502579689,17.42510283784941,1280897.676686071,interactive_long,False,256
exact_bucket_wait,111,1197958.4569977403,1199958.4569977403,1203249.7023037383,5291.245305998018,2000.0,1217958.4569977403,interactive_short,False,32
exact_bucket_wait,112,1211867.0300547273,1213867.0300547273,1217158.2753607254,5291.245305998018,2000.0,1231867.0300547273,interactive_short,False,32
exact_bucket_wait,113,1223038.7344802031,1225038.7344802031,1228354.0620959713,5315.327615768183,2000.0,1243038.7344802031,interactive_short,False,32
exact_bucket_wait,114,1225583.02148327,1228354.0620959713,1241208.646567032,15625.625083761988,2771.0406127013266,1325583.02148327,interactive_long,False,256
exact_bucket_wait,115,1227803.5870654054,1228354.0620959713,1241208.646567032,13405.059501626529,550.4750305658672,1327803.5870654054,interactive_long,False,256
exact_bucket_wait,116,1228050.8734219973,1228072.4040666013,1246190.811460308,18139.938038310735,21.53064460400492,1248050.8734219973,interactive_short,False,32
exact_bucket_wait,117,1230859.1634278696,1241208.646567032,1246472.469489678,15613.306061808486,10349.483139162418,1250859.1634278696,interactive_short,False,32
exact_bucket_wait,118,1237305.330961801,1241208.646567032,1246472.469489678,9167.13852787693,3903.3156052308623,1257305.330961801,interactive_short,False,32
exact_bucket_wait,119,1256259.0590576427,1258259.0590576427,1261550.3043636407,5291.245305998018,2000.0,1276259.0590576427,interactive_short,False,32
exact_bucket_wait,120,1257015.223388105,1261550.3043636407,1269877.6478622302,12862.424474125262,4535.080975535791,1357015.223388105,interactive_long,False,256
exact_bucket_wait,121,1262367.1069003937,1269877.6478622302,1273168.8931682282,10801.786267834483,7510.540961836465,1282367.1069003937,interactive_short,False,32
exact_bucket_wait,122,1272303.290582293,1274303.290582293,1282630.6340808824,10327.343498589471,2000.0,1372303.290582293,interactive_long,False,256
exact_bucket_wait,123,1274465.407365101,1282630.6340808824,1285921.8793868804,11456.472021779511,8165.226715781493,1294465.407365101,interactive_short,False,32
exact_bucket_wait,124,1286384.3429123939,1288384.3429123939,1291675.5882183919,5291.245305998018,2000.0,1306384.3429123939,interactive_short,False,32
exact_bucket_wait,125,1293203.9857217902,1295203.9857217902,1298728.0266888998,5524.040967109613,2000.0,1313203.9857217902,interactive_short,False,32
exact_bucket_wait,126,1296000.9189262525,1296005.3324049897,1299529.3733720994,3528.4544458468445,4.413478737231344,1316000.9189262525,interactive_short,False,32
exact_bucket_wait,127,1306673.7416540766,1308673.7416540766,1321975.44210674,15301.70045266347,2000.0,1406673.7416540766,interactive_long,False,256
exact_bucket_wait,128,1306729.344131123,1308673.7416540766,1321975.44210674,15246.097975617042,1944.3975229535718,1406729.344131123,interactive_long,False,256
exact_bucket_wait,129,1320630.9414162247,1320634.094161933,1330378.9914540427,9748.05003781803,3.1527457083575428,1420630.9414162247,interactive_long,False,256
exact_bucket_wait,130,1335329.7095173548,1337329.7095173548,1340928.6732259716,5598.963708616793,2000.0,1355329.7095173548,interactive_short,False,32
exact_bucket_wait,131,1336456.7760269714,1337329.7095173548,1340928.6732259716,4471.897199000232,872.9334903834388,1356456.7760269714,interactive_short,False,32
exact_bucket_wait,132,1341993.1712354422,1343993.1712354422,1356847.7557065028,14854.584471060662,2000.0,1441993.1712354422,interactive_long,False,256
exact_bucket_wait,133,1343927.643598714,1343993.1712354422,1356847.7557065028,12920.112107788911,65.52763672824949,1443927.643598714,interactive_long,False,256
exact_bucket_wait,134,1375620.4183009027,1377620.4183009027,1380911.6636069007,5291.245305998018,2000.0,1395620.4183009027,interactive_short,False,32
exact_bucket_wait,135,1382917.6534418222,1384917.6534418222,1388516.617150439,5598.963708616793,2000.0,1402917.6534418222,interactive_short,False,32
exact_bucket_wait,136,1383432.8854409142,1384917.6534418222,1388516.617150439,5083.731709524756,1484.7680009079631,1403432.8854409142,interactive_short,False,32
exact_bucket_wait,137,1386299.0222702122,1388516.617150439,1396843.9606490284,10544.938378816238,2217.5948802267667,1486299.0222702122,interactive_long,False,256
exact_bucket_wait,138,1405159.9224856629,1407159.9224856629,1415487.2659842523,10327.343498589471,2000.0,1505159.9224856629,interactive_long,False,256
exact_bucket_wait,139,1411256.475851284,1415487.2659842523,1418778.5112902503,7522.035438966239,4230.790132968221,1431256.475851284,interactive_short,False,32
exact_bucket_wait,140,1427421.9370976132,1429421.9370976132,1432713.1824036113,5291.245305998018,2000.0,1447421.9370976132,interactive_short,False,32
exact_bucket_wait,141,1438435.4293819347,1440435.4293819347,1443726.6746879327,5291.245305998018,2000.0,1458435.4293819347,interactive_short,False,32
exact_bucket_wait,142,1482574.6924548466,1484574.6924548466,1487865.9377608446,5291.245305998018,2000.0,1502574.6924548466,interactive_short,False,32
exact_bucket_wait,143,1491624.5491721297,1493624.5491721297,1501951.8926707192,10327.343498589471,2000.0,1591624.5491721297,interactive_long,False,256
exact_bucket_wait,144,1521589.7967356164,1523589.7967356164,1526881.0420416144,5291.245305998018,2000.0,1541589.7967356164,interactive_short,False,32
exact_bucket_wait,145,1543793.0230108015,1545793.0230108015,1549084.2683167995,5291.245305998018,2000.0,1563793.0230108015,interactive_short,False,32
exact_bucket_wait,146,1553277.348995475,1555277.348995475,1558568.5943014731,5291.245305998018,2000.0,1573277.348995475,interactive_short,False,32
exact_bucket_wait,147,1565981.1093592993,1567981.1093592993,1571272.3546652973,5291.245305998018,2000.0,1585981.1093592993,interactive_short,False,32
exact_bucket_wait,148,1573008.6040086353,1575008.6040086353,1578299.8493146333,5291.245305998018,2000.0,1593008.6040086353,interactive_short,False,32
exact_bucket_wait,149,1590761.7091726514,1592761.7091726514,1596052.9544786494,5291.245305998018,2000.0,1610761.7091726514,interactive_short,False,32
exact_bucket_wait,150,1598699.6076142674,1600699.6076142674,1609026.9511128569,10327.343498589471,2000.0,1698699.6076142674,interactive_long,False,256
exact_bucket_wait,151,1621450.0951572098,1623450.0951572098,1626741.3404632078,5291.245305998018,2000.0,1641450.0951572098,interactive_short,False,32
exact_bucket_wait,152,1635062.4232611004,1637062.4232611004,1640353.6685670984,5291.245305998018,2000.0,1655062.4232611004,interactive_short,False,32
exact_bucket_wait,153,1641499.794143587,1643499.794143587,1647005.1044253197,5505.310281732818,2000.0,1661499.794143587,interactive_short,False,32
exact_bucket_wait,154,1644499.926014144,1644501.4774975863,1648068.3314598429,3568.4054456988815,1.5514834423083812,1664499.926014144,interactive_short,False,32
exact_bucket_wait,155,1647340.0107979605,1647348.5387181195,1651973.0070427589,4632.996244798414,8.527920159045607,1667340.0107979605,interactive_short,False,32
exact_bucket_wait,156,1657491.773265088,1659491.773265088,1662783.018571086,5291.245305998018,2000.0,1677491.773265088,interactive_short,False,32
exact_bucket_wait,157,1672008.155859967,1674008.155859967,1677299.401165965,5291.245305998018,2000.0,1692008.155859967,interactive_short,False,32
exact_bucket_wait,158,1679374.9637757977,1681374.9637757977,1684666.2090817958,5291.245305998018,2000.0,1699374.9637757977,interactive_short,False,32
exact_bucket_wait,159,1689229.9903256071,1691229.9903256071,1695436.3801837792,6206.389858172042,2000.0,1709229.9903256071,interactive_short,False,32
exact_bucket_wait,160,1692440.27565149,1692460.6298748064,1696860.6107524373,4420.335100947181,20.354223316302523,1712440.27565149,interactive_short,False,32
exact_bucket_wait,161,1693246.7742378819,1693274.3086263197,1697674.2895039506,4427.515266068745,27.534388437867165,1713246.7742378819,interactive_short,False,32
exact_bucket_wait,162,1696611.6907180622,1696625.6029744525,1701015.7307676608,4404.040049598552,13.912256390322,1716611.6907180622,interactive_short,False,32
exact_bucket_wait,163,1699782.3204271824,1701782.3204271824,1713613.3547653365,13831.034338154132,2000.0,1799782.3204271824,interactive_long,False,256
exact_bucket_wait,164,1703634.6750944718,1703665.0241746895,1715496.0585128437,11861.383418371901,30.34908021776937,1803634.6750944718,interactive_long,False,256
exact_bucket_wait,165,1711403.2727223018,1715496.0585128437,1720885.531187492,9482.258465190185,4092.7857905419078,1731403.2727223018,interactive_short,False,32
exact_bucket_wait,166,1712892.613208049,1715496.0585128437,1720885.531187492,7992.91797944298,2603.4453047947027,1732892.613208049,interactive_short,False,32
exact_bucket_wait,167,1715522.6571375756,1715527.3538494403,1720914.150711892,5391.493574316381,4.696711864788085,1735522.6571375756,interactive_short,False,32
exact_bucket_wait,168,1727362.7189214122,1729362.7189214122,1732653.9642274103,5291.245305998018,2000.0,1747362.7189214122,interactive_short,False,32
exact_bucket_wait,169,1739618.7407301571,1741618.7407301571,1744909.9860361551,5291.245305998018,2000.0,1759618.7407301571,interactive_short,False,32
exact_bucket_wait,170,1740282.5840404085,1744909.9860361551,1753237.3295347446,12954.745494336123,4627.401995746652,1840282.5840404085,interactive_long,False,256
exact_bucket_wait,171,1745518.3053659645,1753237.3295347446,1756825.5899945747,11307.284628610127,7719.0241687800735,1765518.3053659645,interactive_short,False,32
exact_bucket_wait,172,1753340.5189043852,1753351.8076323445,1756940.0680921746,3599.5491877894383,11.288727959385142,1773340.5189043852,interactive_short,False,32
exact_bucket_wait,173,1758715.1967585753,1760715.1967585753,1773372.9446656154,14657.747907040175,2000.0,1858715.1967585753,interactive_long,False,256
exact_bucket_wait,174,1761032.4291454793,1761077.2551715574,1773735.0030785976,12702.573933118256,44.82602607808076,1861032.4291454793,interactive_long,False,256
exact_bucket_wait,175,1766482.1756504597,1773735.0030785976,1777026.2483845956,10544.072734135902,7252.8274281378835,1786482.1756504597,interactive_short,False,32
exact_bucket_wait,176,1790003.9716818081,1792003.9716818081,1795295.2169878061,5291.245305998018,2000.0,1810003.9716818081,interactive_short,False,32
exact_bucket_wait,177,1798776.581046547,1800776.581046547,1804067.826352545,5291.245305998018,2000.0,1818776.581046547,interactive_short,False,32
exact_bucket_wait,178,1810668.1778865645,1812668.1778865645,1815959.4231925625,5291.245305998018,2000.0,1830668.1778865645,interactive_short,False,32
exact_bucket_wait,179,1830098.5629096644,1832098.5629096644,1835389.8082156624,5291.245305998018,2000.0,1850098.5629096644,interactive_short,False,32
exact_bucket_wait,180,1844605.5937308539,1846605.5937308539,1849942.3278441955,5336.734113341663,2000.0,1864605.5937308539,interactive_short,False,32
exact_bucket_wait,181,1849392.0992573614,1849410.3071220522,1854234.2740193133,4842.174761951901,18.207864690804854,1869392.0992573614,interactive_short,False,32
exact_bucket_wait,182,1849451.2345984792,1854234.2740193133,1862561.6175179027,13110.382919423515,4783.039420834044,1949451.2345984792,interactive_long,False,256
exact_bucket_wait,183,1853786.158936347,1853796.13930696,1865452.189482301,11666.030545953894,9.980370612815022,1873786.158936347,interactive_short,False,32
exact_bucket_wait,184,1867789.0827168743,1869789.0827168743,1873080.3280228723,5291.245305998018,2000.0,1887789.0827168743,interactive_short,False,32
exact_bucket_wait,185,1886992.8289909393,1888992.8289909393,1892284.0742969373,5291.245305998018,2000.0,1906992.8289909393,interactive_short,False,32
exact_bucket_wait,186,1917660.8888909416,1919660.8888909416,1927988.232389531,10327.343498589471,2000.0,2017660.8888909416,interactive_long,False,256
exact_bucket_wait,187,1923091.3004292771,1927988.232389531,1931279.477695529,8188.177266251994,4896.931960253976,1943091.3004292771,interactive_short,False,32
exact_bucket_wait,188,1936855.3613047856,1938855.3613047856,1942146.6066107836,5291.245305998018,2000.0,1956855.3613047856,interactive_short,False,32
exact_bucket_wait,189,1944754.8568502546,1946754.8568502546,1950046.1021562526,5291.245305998018,2000.0,1964754.8568502546,interactive_short,False,32
exact_bucket_wait,190,1953999.4112999411,1955999.4112999411,1959832.9223310226,5833.511031081434,2000.0,1973999.4112999411,interactive_short,False,32
exact_bucket_wait,191,1956490.9336163844,1956514.5627391408,1960396.2383897626,3905.304773378186,23.629122756421566,1976490.9336163844,interactive_short,False,32
exact_bucket_wait,192,1958968.1350163277,1958986.8943302776,1963229.0774439264,4260.9424275986385,18.759313949849457,1978968.1350163277,interactive_short,False,32
exact_bucket_wait,193,1964692.237487852,1966692.237487852,1978208.3333235735,13516.095835721353,2000.0,2064692.237487852,interactive_long,False,256
exact_bucket_wait,194,1964986.7812102488,1978208.3333235735,1981595.9078686521,16609.126658403315,13221.552113324637,1984986.7812102488,interactive_short,False,32
exact_bucket_wait,195,1969083.4636549556,1969154.2346961307,1984057.9050769308,14974.441421975149,70.77104117511772,2069083.4636549556,interactive_long,False,256
exact_bucket_wait,196,1980451.0262849675,1980469.275751172,1986383.0669972498,5932.040712282294,18.249466204550117,2000451.0262849675,interactive_short,False,32
exact_bucket_wait,197,1985631.4870567264,1985631.9789189298,1990235.8637771248,4604.376720398432,0.4918622034601867,2005631.4870567264,interactive_short,False,32
exact_bucket_wait,198,1987435.2583154247,1990235.8637771248,2004179.4827966052,16744.224481180543,2800.605461700121,2087435.2583154247,interactive_long,False,256
exact_bucket_wait,199,1993734.9194169492,1993784.0362243499,2013413.4523520805,19678.53293513134,49.116807400714606,2093734.9194169492,interactive_long,False,256
exact_bucket_wait,200,1995100.3104985717,1995125.3841691562,2015425.4742692914,20325.163770719664,25.07367058447562,2095100.3104985717,interactive_long,False,256
exact_bucket_wait,201,2004835.7215531904,2004850.1567690084,2022132.213993323,17296.492440132657,14.435215817997232,2104835.7215531906,interactive_long,False,256
exact_bucket_wait,202,2005109.0887368093,2005185.4937552102,2022277.037358516,17167.94862170657,76.40501840086654,2105109.0887368093,interactive_long,False,256
exact_bucket_wait,203,2010118.1759345557,2022277.037358516,2027682.2162521644,17564.040317608742,12158.861423960188,2030118.1759345557,interactive_short,False,32
exact_bucket_wait,204,2018428.300771056,2022277.037358516,2027682.2162521644,9253.915481108474,3848.73658745992,2038428.300771056,interactive_short,False,32
exact_bucket_wait,205,2018703.0615744942,2022277.037358516,2027682.2162521644,8979.154677670216,3573.9757840216625,2038703.0615744942,interactive_short,False,32
exact_bucket_wait,206,2028996.2463434378,2030996.2463434378,2034595.2100520546,5598.963708616793,2000.0,2048996.2463434378,interactive_short,False,32
exact_bucket_wait,207,2030454.5938929035,2030996.2463434378,2034595.2100520546,4140.616159151075,541.6524505342823,2050454.5938929035,interactive_short,False,32
exact_bucket_wait,208,2036647.95752224,2038647.95752224,2041939.202828238,5291.245305998018,2000.0,2056647.95752224,interactive_short,False,32
exact_bucket_wait,209,2037163.887057034,2041939.202828238,2053494.6659767635,16330.778919729404,4775.315771203954,2137163.8870570343,interactive_long,False,256
exact_bucket_wait,210,2041929.8016986141,2053494.6659767635,2057093.6296853803,15163.827986766119,11564.864278149325,2061929.8016986141,interactive_short,False,32
exact_bucket_wait,211,2044308.0634048074,2044328.7883539202,2059483.2152110625,15175.151806255104,20.724949112860486,2144308.0634048074,interactive_long,False,256
exact_bucket_wait,212,2048265.871999859,2053494.6659767635,2057093.6296853803,8827.757685521152,5228.793976904359,2068265.871999859,interactive_short,False,32
exact_bucket_wait,213,2062588.405101049,2064588.405101049,2067879.650407047,5291.245305998018,2000.0,2082588.405101049,interactive_short,False,32
exact_bucket_wait,214,2067354.679734857,2069354.679734857,2077682.0232334465,10327.343498589471,2000.0,2167354.679734857,interactive_long,False,256
exact_bucket_wait,215,2081298.3411819541,2083298.3411819541,2091625.6846805436,10327.343498589471,2000.0,2181298.3411819544,interactive_long,False,256
exact_bucket_wait,216,2099131.748357021,2101131.748357021,2106307.9545655,7176.206208479125,2000.0,2119131.748357021,interactive_short,False,32
exact_bucket_wait,217,2102038.9021301824,2102047.5731378132,2107812.004344602,5773.102214419749,8.671007630880922,2122038.9021301824,interactive_short,False,32
exact_bucket_wait,218,2102893.4596363497,2102923.84256252,2108688.273769309,5794.814132959116,30.38292617024854,2122893.4596363497,interactive_short,False,32
exact_bucket_wait,219,2103089.195699495,2103111.8487849077,2108802.751866908,5713.556167413015,22.653085412923247,2123089.195699495,interactive_short,False,32
exact_bucket_wait,220,2110841.8621698665,2112841.8621698665,2121169.205668456,10327.343498589471,2000.0,2210841.8621698665,interactive_long,False,256
exact_bucket_wait,221,2203760.4590271604,2205760.4590271604,2209142.6819478273,5382.222920666914,2000.0,2223760.4590271604,interactive_short,False,32
exact_bucket_wait,222,2208067.6781100826,2208078.6405035406,2212385.8595864624,4318.181476379745,10.962393458001316,2228067.6781100826,interactive_short,False,32
exact_bucket_wait,223,2218570.0171527625,2220570.0171527625,2223861.262458734,5291.245305971708,2000.0,2238570.0171527625,interactive_short,False,32
exact_bucket_wait,224,2233767.499845296,2235767.499845296,2239058.7451512674,5291.2453059712425,2000.0,2253767.499845296,interactive_short,False,32
exact_bucket_wait,225,2244315.9801847567,2246315.9801847567,2249607.2254907284,5291.245305971708,2000.0,2264315.9801847567,interactive_short,False,32
exact_bucket_wait,226,2258349.7019512826,2260349.7019512826,2263640.9472572543,5291.245305971708,2000.0,2278349.7019512826,interactive_short,False,32
exact_bucket_wait,227,2288229.671181172,2290229.671181172,2302848.051775383,14618.3805942107,2000.0,2388229.671181172,interactive_long,False,256
exact_bucket_wait,228,2290453.118415326,2302848.051775383,2309412.602373756,18959.483958430123,12394.933360056952,2310453.118415326,interactive_short,False,32
exact_bucket_wait,229,2290659.0239682924,2290664.1412767507,2309847.0724693346,19188.048501042183,5.117308458313346,2390659.0239682924,interactive_long,False,256
exact_bucket_wait,230,2292312.280211594,2302848.051775383,2309412.602373756,17100.322162162047,10535.771563788876,2312312.280211594,interactive_short,False,32
exact_bucket_wait,231,2293661.557881172,2302848.051775383,2309412.602373756,15751.044492584188,9186.493894211017,2313661.557881172,interactive_short,False,32
exact_bucket_wait,232,2304731.798909608,2304775.1155548575,2311020.472969725,6288.674060116988,43.31664524972439,2324731.798909608,interactive_short,False,32
exact_bucket_wait,233,2313032.231628119,2315032.231628119,2318585.706529388,5553.47490126919,2000.0,2333032.231628119,interactive_short,False,32
exact_bucket_wait,234,2315490.783581674,2315518.7635429148,2319072.238444184,3581.454862509854,27.979961240664124,2335490.783581674,interactive_short,False,32
exact_bucket_wait,235,2327512.693217354,2329512.693217354,2332803.938523325,5291.2453059712425,2000.0,2347512.693217354,interactive_short,False,32
exact_bucket_wait,236,2342075.488966492,2344075.488966492,2352402.8324650815,10327.343498589471,2000.0,2442075.488966492,interactive_long,False,256
exact_bucket_wait,237,2343912.183334668,2352402.8324650815,2355921.5218077907,12009.338473122567,8490.649130413309,2363912.183334668,interactive_short,False,32
exact_bucket_wait,238,2353257.9395440663,2353261.418197074,2356780.107539783,3522.167995716911,3.4786530076526105,2373257.9395440663,interactive_short,False,32
exact_bucket_wait,239,2367038.2515746723,2369038.2515746723,2372637.215283289,5598.963708616793,2000.0,2387038.2515746723,interactive_short,False,32
exact_bucket_wait,240,2368254.651017437,2369038.2515746723,2372637.215283289,4382.564265851863,783.6005572350696,2388254.651017437,interactive_short,False,32
exact_bucket_wait,241,2385363.8868182665,2387363.8868182665,2390655.1321242377,5291.2453059712425,2000.0,2405363.8868182665,interactive_short,False,32
exact_bucket_wait,242,2418808.496413073,2420808.496413073,2424627.3471876937,5818.85077462066,2000.0,2438808.496413073,interactive_short,False,32
exact_bucket_wait,243,2419952.4949973198,2424627.3471876937,2432954.690686283,13002.195688963402,4674.852190373931,2519952.4949973198,interactive_long,False,256
exact_bucket_wait,244,2420212.633709351,2420808.496413073,2424627.3471876937,4414.71347834263,595.8627037219703,2440212.633709351,interactive_short,False,32
exact_bucket_wait,245,2423951.6766913966,2423969.3254093365,2435898.7788945967,11947.102203200106,17.648717939853668,2443951.6766913966,interactive_short,False,32
exact_bucket_wait,246,2435263.463948195,2435272.8721626634,2439982.318766171,4718.854817976244,9.408214468508959,2455263.463948195,interactive_short,False,32
exact_bucket_wait,247,2467005.557416152,2469005.557416152,2472318.209219699,5312.651803546585,2000.0,2487005.557416152,interactive_short,False,32
exact_bucket_wait,248,2472058.209225313,2472067.8465269255,2477120.498336086,5062.289110773243,9.637301612645388,2492058.209225313,interactive_short,False,32
exact_bucket_wait,249,2484611.386192407,2486611.386192407,2490210.349901024,5598.963708616793,2000.0,2504611.386192407,interactive_short,False,32
exact_bucket_wait,250,2485401.7801473024,2486611.386192407,2490210.349901024,4808.569753721356,1209.6060451045632,2505401.7801473024,interactive_short,False,32
exact_bucket_wait,251,2497133.449498489,2499133.449498489,2507460.7929970785,10327.343498589471,2000.0,2597133.449498489,interactive_long,False,256
exact_bucket_wait,252,2507001.7187459227,2509001.7187459227,2512600.6824545395,5598.963708616793,2000.0,2527001.7187459227,interactive_short,False,32
exact_bucket_wait,253,2508076.471864627,2509001.7187459227,2512600.6824545395,4524.210589912254,925.2468812954612,2528076.471864627,interactive_short,False,32
exact_bucket_wait,254,2522881.682083911,2524881.682083911,2533209.0255825003,10327.343498589471,2000.0,2622881.682083911,interactive_long,False,256
exact_bucket_wait,255,2541872.4503389997,2543872.4503389997,2552199.793837589,10327.343498589471,2000.0,2641872.4503389997,interactive_long,False,256
exact_bucket_wait,256,2551045.653326384,2553045.653326384,2556644.6170350006,5598.963708616793,2000.0,2571045.653326384,interactive_short,False,32
exact_bucket_wait,257,2552335.9836102542,2553045.653326384,2556644.6170350006,4308.633424746338,709.6697161295451,2572335.9836102542,interactive_short,False,32
exact_bucket_wait,258,2593590.839000741,2595590.839000741,2598882.0843067123,5291.2453059712425,2000.0,2613590.839000741,interactive_short,False,32
exact_bucket_wait,259,2608852.62804345,2610852.62804345,2624291.811928881,15439.183885430917,2000.0,2708852.62804345,interactive_long,False,256
exact_bucket_wait,260,2613117.530476296,2613169.8018865357,2627868.7397816908,14751.209305394907,52.271410239860415,2713117.530476296,interactive_long,False,256
exact_bucket_wait,261,2618710.3041599616,2618758.751656551,2631489.3239115123,12779.01975155063,48.447496589273214,2718710.3041599616,interactive_long,False,256
exact_bucket_wait,262,2623339.7243912434,2631489.3239115123,2635088.287620129,11748.563228885643,8149.59952026885,2643339.7243912434,interactive_short,False,32
exact_bucket_wait,263,2630391.128309451,2631489.3239115123,2635088.287620129,4697.15931067802,1098.195602061227,2650391.128309451,interactive_short,False,32
exact_bucket_wait,264,2634564.9543341934,2636564.9543341934,2644892.297832783,10327.343498589471,2000.0,2734564.9543341934,interactive_long,False,256
exact_bucket_wait,265,2653507.9025949105,2655507.9025949105,2658799.147900882,5291.245305971708,2000.0,2673507.9025949105,interactive_short,False,32
exact_bucket_wait,266,2670786.22808828,2672786.22808828,2676077.4733942514,5291.2453059712425,2000.0,2690786.22808828,interactive_short,False,32
exact_bucket_wait,267,2671901.5664096936,2676077.4733942514,2684404.816892841,12503.250483147334,4175.906984557863,2771901.5664096936,interactive_long,False,256
exact_bucket_wait,268,2704289.180605472,2706289.180605472,2709580.4259114433,5291.2453059712425,2000.0,2724289.180605472,interactive_short,False,32
exact_bucket_wait,269,2714383.803025898,2716383.803025898,2719675.0483318698,5291.245305971708,2000.0,2734383.803025898,interactive_short,False,32
exact_bucket_wait,270,2732027.6185667664,2734027.6185667664,2742354.962065356,10327.343498589471,2000.0,2832027.6185667664,interactive_long,False,256
exact_bucket_wait,271,2744313.984733368,2746313.984733368,2749605.2300393395,5291.245305971708,2000.0,2764313.984733368,interactive_short,False,32
exact_bucket_wait,272,2750031.9059663718,2752031.9059663718,2755323.1512723435,5291.245305971708,2000.0,2770031.9059663718,interactive_short,False,32
exact_bucket_wait,273,2763266.8032899266,2765266.8032899266,2773594.146788516,10327.343498589471,2000.0,2863266.8032899266,interactive_long,False,256
exact_bucket_wait,274,2796927.1516027655,2798927.1516027655,2802416.4070113087,5489.255408543162,2000.0,2816927.1516027655,interactive_short,False,32
exact_bucket_wait,275,2800075.3878325033,2800100.5521031553,2803589.8075116985,3514.4196791951545,25.16427065199241,2820075.3878325033,interactive_short,False,32
exact_bucket_wait,276,2816588.3682683394,2818588.3682683394,2821879.613574311,5291.245305971708,2000.0,2836588.3682683394,interactive_short,False,32
exact_bucket_wait,277,2824314.0154116726,2826314.0154116726,2829605.2607176444,5291.245305971708,2000.0,2844314.0154116726,interactive_short,False,32
exact_bucket_wait,278,2830920.766988486,2832920.766988486,2836212.0122944573,5291.2453059712425,2000.0,2850920.766988486,interactive_short,False,32
exact_bucket_wait,279,2836640.235657547,2838640.235657547,2841931.480963519,5291.245305971708,2000.0,2856640.235657547,interactive_short,False,32
exact_bucket_wait,280,2849771.649208321,2851771.649208321,2855263.5804290613,5491.9312207405455,2000.0,2869771.649208321,interactive_short,False,32
exact_bucket_wait,281,2852896.801844222,2852916.4301843112,2856408.3614050513,3511.559560829308,19.628340089228004,2872896.801844222,interactive_short,False,32
exact_bucket_wait,282,2871982.8695737086,2873982.8695737086,2877274.11487968,5291.2453059712425,2000.0,2891982.8695737086,interactive_short,False,32
exact_bucket_wait,283,2889745.5318249194,2891745.5318249194,2895344.495533536,5598.963708616793,2000.0,2909745.5318249194,interactive_short,False,32
exact_bucket_wait,284,2890652.0342455218,2891745.5318249194,2895344.495533536,4692.461288014427,1093.4975793976337,2910652.0342455218,interactive_short,False,32
exact_bucket_wait,285,2911991.533941764,2913991.533941764,2926413.0779719558,14421.544030191842,2000.0,3011991.533941764,interactive_long,False,256
exact_bucket_wait,286,2914786.8667730093,2914788.0624503247,2927209.6064805165,12422.739707507193,1.195677315350622,3014786.8667730093,interactive_long,False,256
exact_bucket_wait,287,2921036.3043556632,2927209.6064805165,2930503.5275986847,9467.223243021406,6173.302124853246,2941036.3043556632,interactive_short,False,32
exact_bucket_wait,288,2930460.8986099325,2930472.232262088,2935894.662950854,5433.764340921305,11.333652155473828,2950460.8986099325,interactive_short,False,32
exact_bucket_wait,289,2935224.9683456426,2935236.9924767083,2940291.911332116,5066.942986473441,12.024131065700203,2955224.9683456426,interactive_short,False,32
exact_bucket_wait,290,2935516.167308423,2935518.6505060783,2940549.487051714,5033.319743291009,2.4831976550631225,2955516.167308423,interactive_short,False,32
exact_bucket_wait,291,2954551.0921914987,2956551.0921914987,2964878.435690088,10327.343498589471,2000.0,3054551.0921914987,interactive_long,False,256
exact_bucket_wait,292,2956558.0640704455,2964878.435690088,2968477.399398705,11919.335328259505,8320.371619642712,2976558.0640704455,interactive_short,False,32
exact_bucket_wait,293,2958942.15701873,2964878.435690088,2968477.399398705,9535.24237997504,5936.278671358246,2978942.15701873,interactive_short,False,32
exact_bucket_wait,294,2974928.7371095177,2976928.7371095177,2980324.3390911687,5395.601981651038,2000.0,2994928.7371095177,interactive_short,False,32
exact_bucket_wait,295,2979089.0268548145,2979103.8209638987,2983264.110709196,4175.083854381461,14.794109084177762,2999089.0268548145,interactive_short,False,32
exact_bucket_wait,296,3000318.3628110494,3002318.3628110494,3005609.6081170207,5291.2453059712425,2000.0,3020318.3628110494,interactive_short,False,32
exact_bucket_wait,297,3012397.6272521545,3014397.6272521545,3017878.8552241074,5481.227971952874,2000.0,3032397.6272521545,interactive_short,False,32
exact_bucket_wait,298,3015630.9764162414,3015656.886325744,3019138.1142976964,3507.1378814550117,25.909909502603114,3035630.9764162414,interactive_short,False,32
exact_bucket_wait,299,3015733.006299756,3019138.1142976964,3027465.457796286,11732.451496529859,3405.1079979403876,3115733.006299756,interactive_long,False,256
split_oldest,0,0.0,0.0,3291.245305998018,3291.245305998018,0.0,20000.0,interactive_short,False,32
split_oldest,1,23426.633179283737,23426.633179283737,26717.878485281755,3291.245305998018,0.0,43426.63317928374,interactive_short,False,32
split_oldest,2,31314.193591454783,31314.193591454783,34605.4388974528,3291.2453059980144,0.0,51314.19359145478,interactive_short,False,32
split_oldest,3,49307.777464750834,49307.777464750834,52599.02277074885,3291.245305998018,0.0,69307.77746475083,interactive_short,False,32
split_oldest,4,58042.71395176844,58042.71395176844,62502.91992152421,4460.205969755771,0.0,78042.71395176844,interactive_short,False,32
split_oldest,5,59645.50230345718,59674.02684256746,68358.02795940041,8712.525655943231,28.524539110279875,79645.50230345718,interactive_short,False,32
split_oldest,6,61008.8041511719,61051.02165282084,72774.7815428426,11765.977391670698,42.217501648941834,161008.8041511719,interactive_long,False,256
split_oldest,7,64694.231462389835,64696.98695104531,73805.08442124198,9110.852958852141,2.7554886554789846,84694.23146238984,interactive_short,False,32
split_oldest,8,87618.7464539721,87618.7464539721,90909.99175997011,3291.245305998018,0.0,107618.7464539721,interactive_short,False,32
split_oldest,9,103521.09644092273,103521.09644092273,106812.34174692075,3291.245305998018,0.0,123521.09644092273,interactive_short,False,32
split_oldest,10,123232.53578001732,123232.53578001732,126523.78108601534,3291.245305998018,0.0,143232.53578001732,interactive_short,False,32
split_oldest,11,146151.4244538608,146151.4244538608,149528.29575015273,3376.871296291938,0.0,166151.4244538608,interactive_short,False,32
split_oldest,12,148509.61667575076,148526.84497905936,151951.88089489163,3442.2642191408668,17.228303308598697,168509.61667575076,interactive_short,False,32
split_oldest,13,151380.169221488,151388.5648361516,154939.36392522807,3559.194703740068,8.395614663604647,171380.169221488,interactive_short,False,32
split_oldest,14,152464.86289361454,152467.03233409132,155969.66680362745,3504.80391001291,2.169440476776799,172464.86289361454,interactive_short,False,32
split_oldest,15,167611.425337719,167611.425337719,170902.67064371702,3291.245305998018,0.0,187611.425337719,interactive_short,False,32
split_oldest,16,189164.69515790572,189164.69515790572,192455.94046390374,3291.245305998018,0.0,209164.69515790572,interactive_short,False,32
split_oldest,17,194379.81013739476,194379.81013739476,197671.05544339278,3291.245305998018,0.0,214379.81013739476,interactive_short,False,32
split_oldest,18,204073.07373168544,204073.07373168544,215004.79395067334,10931.720218987903,0.0,304073.0737316854,interactive_long,False,256
split_oldest,19,205751.9757076024,205810.95411399976,215691.66253627292,9939.686828670528,58.97840639736387,225751.9757076024,interactive_short,False,32
split_oldest,20,232327.59274872325,232327.59274872325,240654.93624731273,8327.343498589471,0.0,332327.5927487232,interactive_long,False,256
split_oldest,21,252323.2326383261,252323.2326383261,255614.4779443241,3291.245305998018,0.0,272323.2326383261,interactive_short,False,32
split_oldest,22,289706.4647876418,289706.4647876418,292997.7100936398,3291.245305998018,0.0,309706.4647876418,interactive_short,False,32
split_oldest,23,306354.47640524525,306354.47640524525,309645.72171124327,3291.245305998018,0.0,326354.47640524525,interactive_short,False,32
split_oldest,24,327675.83075189835,327675.83075189835,339179.9414588859,11504.110706987558,0.0,427675.83075189835,interactive_long,False,256
split_oldest,25,327926.81791174674,327965.47748228407,339294.41955648584,11367.601644739101,38.65957053733291,347926.81791174674,interactive_short,False,32
split_oldest,26,341266.28406705445,341266.28406705445,344557.5293730525,3291.245305998018,0.0,361266.28406705445,interactive_short,False,32
split_oldest,27,345303.7319732829,345303.7319732829,348594.9772792809,3291.245305998018,0.0,365303.7319732829,interactive_short,False,32
split_oldest,28,372013.57207213715,372013.57207213715,380340.9155707266,8327.343498589471,0.0,472013.57207213715,interactive_long,False,256
split_oldest,29,388220.33731611405,388220.33731611405,391511.58262211207,3291.245305998018,0.0,408220.33731611405,interactive_short,False,32
split_oldest,30,408176.0503259419,408176.0503259419,416503.39382453135,8327.343498589471,0.0,508176.0503259419,interactive_long,False,256
split_oldest,31,424822.8780803353,424822.8780803353,428130.1782595134,3307.300179178128,0.0,444822.8780803353,interactive_short,False,32
split_oldest,32,427926.3235830694,427942.4062399334,431249.7064191115,3323.3828360421467,16.082656864018645,447926.3235830694,interactive_short,False,32
split_oldest,33,443408.5527798298,443408.5527798298,454569.2291940176,11160.676414187765,0.0,543408.5527798298,interactive_long,False,256
split_oldest,34,444552.5163461954,444567.1397013727,455027.1415844173,10474.625238221895,14.62335517728934,464552.5163461954,interactive_short,False,32
split_oldest,35,465122.80490767374,465122.80490767374,468414.05021367176,3291.245305998018,0.0,485122.80490767374,interactive_short,False,32
split_oldest,36,484683.9528997038,484683.9528997038,495300.8583502919,10616.905450588092,0.0,584683.9528997038,interactive_long,False,256
split_oldest,37,487199.8167778764,487218.36179057887,496302.5417042913,9102.7249264149,18.54501270246692,507199.8167778764,interactive_short,False,32
split_oldest,38,504159.9436579162,504159.9436579162,513317.2533641052,9157.309706188971,0.0,604159.9436579163,interactive_long,False,256
split_oldest,39,510327.4220864302,510387.3483612092,515947.10863089486,5619.686544464668,59.92627477901988,530327.4220864302,interactive_short,False,32
split_oldest,40,513968.6030904206,513975.5024253048,517435.32389969396,3466.7208092733636,6.899334884190466,533968.6030904206,interactive_short,False,32
split_oldest,41,529832.9239242688,529832.9239242688,533455.394445992,3622.470521723153,0.0,549832.9239242688,interactive_short,False,32
split_oldest,42,532415.392785721,532437.3006446672,537057.168588302,4641.775802580989,21.907858946244232,552415.392785721,interactive_short,False,32
split_oldest,43,532654.8821332838,532656.3680008439,537276.2359444787,4621.353811194887,1.4858675601426512,552654.8821332838,interactive_short,False,32
split_oldest,44,534800.80665138,534801.0939196487,539012.1380938544,4211.331442474388,0.2872682686429471,554800.80665138,interactive_short,False,32
split_oldest,45,538779.6748792193,538793.0707376777,542103.0467290526,3323.371849833289,13.395858458476141,558779.6748792193,interactive_short,False,32
split_oldest,46,558756.6641642567,558756.6641642567,562047.9094702547,3291.245305998018,0.0,578756.6641642567,interactive_short,False,32
split_oldest,47,592835.592843646,592835.592843646,596126.838149644,3291.245305998018,0.0,612835.592843646,interactive_short,False,32
split_oldest,48,596108.4880131491,596126.838149644,599418.083455642,3309.595442492864,18.350136494846083,616108.4880131491,interactive_short,False,32
split_oldest,49,606366.2448322171,606366.2448322171,609657.4901382151,3291.245305998018,0.0,626366.2448322171,interactive_short,False,32
split_oldest,50,611469.1422453179,611469.1422453179,614760.387551316,3291.245305998018,0.0,631469.1422453179,interactive_short,False,32
split_oldest,51,651181.3999550084,651181.3999550084,654472.6452610064,3291.245305998018,0.0,671181.3999550084,interactive_short,False,32
split_oldest,52,658864.7577106205,658864.7577106205,662156.0030166185,3291.245305998018,0.0,678864.7577106205,interactive_short,False,32
split_oldest,53,686872.523083273,686872.523083273,698004.5799730608,11132.056889787782,0.0,786872.523083273,interactive_long,False,256
split_oldest,54,688098.0617716468,688103.5216874123,698491.1118878605,10393.05011621362,5.459915765444748,708098.0617716468,interactive_short,False,32
split_oldest,55,723298.077376727,723298.077376727,726712.4100437725,3414.332667045528,0.0,743298.077376727,interactive_short,False,32
split_oldest,56,725265.1363422534,725272.8245603258,728687.1572273714,3422.020885117934,7.688218072406016,745265.1363422534,interactive_short,False,32
split_oldest,57,758108.4348615361,758108.4348615361,761418.410852911,3309.975991374813,0.0,778108.4348615361,interactive_short,False,32
split_oldest,58,761193.6297414154,761199.3434967343,764710.0054028605,3516.375661445083,5.713755318894982,781193.6297414154,interactive_short,False,32
split_oldest,59,762341.0350851904,762362.8551581104,765854.7863788598,3513.7512936693383,21.820072919945233,782341.0350851904,interactive_short,False,32
split_oldest,60,768042.6124554221,768042.6124554221,776369.9559540115,8327.343498589471,0.0,868042.6124554221,interactive_long,False,256
split_oldest,61,781082.2036817967,781082.2036817967,784373.4489877947,3291.245305998018,0.0,801082.2036817967,interactive_short,False,32
split_oldest,62,784846.2774256257,784846.2774256257,788137.5227316237,3291.245305998018,0.0,804846.2774256257,interactive_short,False,32
split_oldest,63,794165.623373246,794165.623373246,797456.8686792441,3291.245305998018,0.0,814165.623373246,interactive_short,False,32
split_oldest,64,801328.2065399077,801328.2065399077,811505.8137402898,10177.607200382045,0.0,901328.2065399077,interactive_long,False,256
split_oldest,65,806192.7149346475,806252.200956465,817059.4376936466,10866.722758999094,59.48602181742899,906192.7149346475,interactive_long,False,256
split_oldest,66,814786.8117488315,814836.7511397256,819905.6845044163,5118.872755584773,49.939390894025564,834786.8117488315,interactive_short,False,32
split_oldest,67,817726.7982985554,817746.3062792462,821222.1826268155,3495.3843282600865,19.50798069080338,837726.7982985554,interactive_short,False,32
split_oldest,68,830063.742575083,830063.742575083,833660.0304715032,3596.287896420108,0.0,850063.742575083,interactive_short,False,32
split_oldest,69,830080.6696755257,830092.362099483,833688.6499959031,3607.9803203773918,11.692423957283609,850080.6696755257,interactive_short,False,32
split_oldest,70,856060.3256333817,856060.3256333817,859351.5709393797,3291.245305998018,0.0,876060.3256333817,interactive_short,False,32
split_oldest,71,863792.0177881971,863792.0177881971,872119.3612867866,8327.343498589471,0.0,963792.0177881971,interactive_long,False,256
split_oldest,72,876501.3380655749,876501.3380655749,884828.6815641643,8327.343498589471,0.0,976501.3380655749,interactive_long,False,256
split_oldest,73,890047.3602258987,890047.3602258987,893338.6055318967,3291.245305998018,0.0,910047.3602258987,interactive_short,False,32
split_oldest,74,901153.0502197776,901153.0502197776,904444.2955257756,3291.245305998018,0.0,921153.0502197776,interactive_short,False,32
split_oldest,75,905682.1002433572,905682.1002433572,915345.5736178411,9663.473374483874,0.0,925682.1002433572,interactive_short,False,32
split_oldest,76,906407.5255748781,906454.8274021568,917300.6890479447,10893.163473066641,47.30182727868669,1006407.5255748781,interactive_long,False,256
split_oldest,77,917321.0432239831,917321.0432239831,920612.2885299812,3291.245305998018,0.0,937321.0432239831,interactive_short,False,32
split_oldest,78,921328.8049483133,921328.8049483133,924620.0502543113,3291.245305998018,0.0,941328.8049483133,interactive_short,False,32
split_oldest,79,925096.351872601,925096.351872601,928387.597178599,3291.245305998018,0.0,945096.351872601,interactive_short,False,32
split_oldest,80,943936.1047351673,943936.1047351673,947227.3500411654,3291.245305998018,0.0,963936.1047351673,interactive_short,False,32
split_oldest,81,956656.9890213045,956656.9890213045,959948.2343273025,3291.245305998018,0.0,976656.9890213045,interactive_short,False,32
split_oldest,82,960228.34335237,960228.34335237,963519.588658368,3291.245305998018,0.0,980228.34335237,interactive_short,False,32
split_oldest,83,963928.6183221564,963928.6183221564,973457.9818455451,9529.363523388747,0.0,1063928.6183221564,interactive_long,False,256
split_oldest,84,969177.7439365004,969214.6711516958,975659.5912390046,6481.847302504233,36.92721519537736,989177.7439365004,interactive_short,False,32
split_oldest,85,974326.0868650073,974345.1871019446,977748.8165202034,3422.7296551960753,19.100236937287264,994326.0868650073,interactive_short,False,32
split_oldest,86,977830.959600833,977830.959600833,989018.1615540816,11187.201953248587,0.0,1077830.959600833,interactive_long,False,256
split_oldest,87,979192.4540431228,979206.7815701652,989612.7729494183,10420.318906295463,14.327527042361908,999192.4540431228,interactive_short,False,32
split_oldest,88,984647.4241699039,984662.4667479715,991158.2272670174,6510.803097113501,15.04257806763053,1004647.4241699039,interactive_short,False,32
split_oldest,89,1012842.3275609529,1012842.3275609529,1016133.5728669509,3291.245305998018,0.0,1032842.3275609529,interactive_short,False,32
split_oldest,90,1024153.2054733564,1024153.2054733564,1027444.4507793544,3291.245305998018,0.0,1044153.2054733564,interactive_short,False,32
split_oldest,91,1047463.6217134104,1047463.6217134104,1050754.8670194084,3291.245305998018,0.0,1067463.6217134104,interactive_short,False,32
split_oldest,92,1057022.1245524148,1057022.1245524148,1067209.737137003,10187.61258458835,0.0,1157022.1245524148,interactive_long,False,256
split_oldest,93,1060602.4528435422,1060642.7086822363,1068695.8594505931,8093.406607050914,40.25583869405091,1080602.4528435422,interactive_short,False,32
split_oldest,94,1068541.7948415927,1068554.8547838023,1072707.818927595,4166.02408600226,13.05994220962748,1088541.7948415927,interactive_short,False,32
split_oldest,95,1068545.8550627239,1068554.8547838023,1072707.818927595,4161.963864871068,8.999721078434959,1088545.8550627239,interactive_short,False,32
split_oldest,96,1071927.3835795277,1071981.8697932432,1081701.6811484087,9774.297568880953,54.48621371551417,1171927.3835795277,interactive_long,False,256
split_oldest,97,1077546.610672685,1077559.4016615557,1083819.5259540074,6272.915281322319,12.790988870663568,1097546.610672685,interactive_short,False,32
split_oldest,98,1086221.2540038133,1086221.2540038133,1094548.5975024027,8327.343498589471,0.0,1186221.2540038133,interactive_long,False,256
split_oldest,99,1096854.8336152665,1096854.8336152665,1105983.5237970555,9128.690181788988,0.0,1196854.8336152665,interactive_long,False,256
split_oldest,100,1103109.4981955176,1103154.650001156,1108473.422419854,5363.924224336399,45.151805638335645,1123109.4981955176,interactive_short,False,32
split_oldest,101,1108946.3255584924,1108946.3255584924,1112317.845230391,3371.519671898568,0.0,1128946.3255584924,interactive_short,False,32
split_oldest,102,1111350.5121758431,1111378.985132491,1114750.5048043896,3399.9926285464317,28.47295664786361,1131350.5121758431,interactive_short,False,32
split_oldest,103,1117759.5930439369,1117759.5930439369,1121050.838349935,3291.245305998018,0.0,1137759.5930439369,interactive_short,False,32
split_oldest,104,1140904.2292688703,1140904.2292688703,1144195.4745748683,3291.245305998018,0.0,1160904.2292688703,interactive_short,False,32
split_oldest,105,1156801.7959256177,1156801.7959256177,1160556.6624404558,3754.866514838068,0.0,1176801.7959256177,interactive_short,False,32
split_oldest,106,1158661.3742804858,1158662.0650116166,1162590.8593192392,3929.485038753366,0.6907311307732016,1178661.3742804858,interactive_short,False,32
split_oldest,107,1159547.4520958702,1159569.62977292,1163420.8255268387,3873.373430968495,22.177677049767226,1179547.4520958702,interactive_short,False,32
split_oldest,108,1166792.8401140096,1166792.8401140096,1170084.0854200076,3291.245305998018,0.0,1186792.8401140096,interactive_short,False,32
split_oldest,109,1176815.1629936125,1176815.1629936125,1187425.8106348396,10610.647641227115,0.0,1276815.1629936125,interactive_long,False,256
split_oldest,110,1180897.676686071,1180942.628901609,1191553.276542836,10655.59985676501,44.95221553789452,1280897.676686071,interactive_long,False,256
split_oldest,111,1197958.4569977403,1197958.4569977403,1201249.7023037383,3291.245305998018,0.0,1217958.4569977403,interactive_short,False,32
split_oldest,112,1211867.0300547273,1211867.0300547273,1215158.2753607254,3291.245305998018,0.0,1231867.0300547273,interactive_short,False,32
split_oldest,113,1223038.7344802031,1223038.7344802031,1228263.7254139176,5224.9909337144345,0.0,1243038.7344802031,interactive_short,False,32
split_oldest,114,1225583.02148327,1225614.4916762016,1241469.3170315353,15886.295548265334,31.470192931592464,1325583.02148327,interactive_long,False,256
split_oldest,115,1227803.5870654054,1227837.1782301227,1244096.4082717896,16292.821206384106,33.59116471721791,1327803.5870654054,interactive_long,False,256
split_oldest,116,1228050.8734219973,1228089.3557453237,1244190.4113829834,16139.537960986141,38.482323326403275,1248050.8734219973,interactive_short,False,32
split_oldest,117,1230859.1634278696,1230902.6777657273,1244816.3181149168,13957.154687047238,43.51433785771951,1250859.1634278696,interactive_short,False,32
split_oldest,118,1237305.330961801,1237341.022705601,1246104.196712916,8798.865751114907,35.69174379995093,1257305.330961801,interactive_short,False,32
split_oldest,119,1256259.0590576427,1256259.0590576427,1265943.7741764141,9684.715118771419,0.0,1276259.0590576427,interactive_short,False,32
split_oldest,120,1257015.223388105,1257060.4057408422,1268744.0284479137,11728.805059808772,45.182352737290785,1357015.223388105,interactive_long,False,256
split_oldest,121,1262367.1069003937,1262386.4401872521,1270260.8632411128,7893.756340719061,19.333286858396605,1282367.1069003937,interactive_short,False,32
split_oldest,122,1272303.290582293,1272303.290582293,1283063.293654881,10760.003072588006,0.0,1372303.290582293,interactive_long,False,256
split_oldest,123,1274465.407365101,1274475.6410601859,1283921.8793868804,9456.472021779511,10.233695084927604,1294465.407365101,interactive_short,False,32
split_oldest,124,1286384.3429123939,1286384.3429123939,1289675.5882183919,3291.245305998018,0.0,1306384.3429123939,interactive_short,False,32
split_oldest,125,1293203.9857217902,1293203.9857217902,1296540.719835132,3336.734113341663,0.0,1313203.9857217902,interactive_short,False,32
split_oldest,126,1296000.9189262525,1296008.6991129885,1299345.4332263302,3344.514300077688,7.780186736024916,1316000.9189262525,interactive_short,False,32
split_oldest,127,1306673.7416540766,1306673.7416540766,1319488.9588123332,12815.217158256564,0.0,1406673.7416540766,interactive_long,False,256
split_oldest,128,1306729.344131123,1306746.153336673,1319561.3704949296,12832.026363806566,16.809205550001934,1406729.344131123,interactive_long,False,256
split_oldest,129,1320630.9414162247,1320630.9414162247,1328958.2849148142,8327.343498589471,0.0,1420630.9414162247,interactive_long,False,256
split_oldest,130,1335329.7095173548,1335329.7095173548,1338821.6407381042,3491.931220749393,0.0,1355329.7095173548,interactive_short,False,32
split_oldest,131,1336456.7760269714,1336474.4904933542,1339966.4217141035,3509.6456871321425,17.71446638274938,1356456.7760269714,interactive_short,False,32
split_oldest,132,1341993.1712354422,1341993.1712354422,1353784.8382607922,11791.667025350034,0.0,1441993.1712354422,interactive_long,False,256
split_oldest,133,1343927.643598714,1343948.2866655458,1355739.9536908958,11812.310092181899,20.643066831864417,1443927.643598714,interactive_long,False,256
split_oldest,134,1375620.4183009027,1375620.4183009027,1378911.6636069007,3291.245305998018,0.0,1395620.4183009027,interactive_short,False,32
split_oldest,135,1382917.6534418222,1382917.6534418222,1386755.4234490877,3837.770007265499,0.0,1402917.6534418222,interactive_short,False,32
split_oldest,136,1383432.8854409142,1383461.4244054218,1388675.0163820195,5242.130941105308,28.538964507635683,1403432.8854409142,interactive_short,False,32
split_oldest,137,1386299.0222702122,1386340.5953723153,1395336.891180891,9037.868910678895,41.5731021030806,1486299.0222702122,interactive_long,False,256
split_oldest,138,1405159.9224856629,1405159.9224856629,1414345.8517162518,9185.929230588954,0.0,1505159.9224856629,interactive_long,False,256
split_oldest,139,1411256.475851284,1411314.9155063594,1416778.5112902503,5522.035438966239,58.439655075315386,1431256.475851284,interactive_short,False,32
split_oldest,140,1427421.9370976132,1427421.9370976132,1430713.1824036113,3291.245305998018,0.0,1447421.9370976132,interactive_short,False,32
split_oldest,141,1438435.4293819347,1438435.4293819347,1441726.6746879327,3291.245305998018,0.0,1458435.4293819347,interactive_short,False,32
split_oldest,142,1482574.6924548466,1482574.6924548466,1485865.9377608446,3291.245305998018,0.0,1502574.6924548466,interactive_short,False,32
split_oldest,143,1491624.5491721297,1491624.5491721297,1499951.8926707192,8327.343498589471,0.0,1591624.5491721297,interactive_long,False,256
split_oldest,144,1521589.7967356164,1521589.7967356164,1524881.0420416144,3291.245305998018,0.0,1541589.7967356164,interactive_short,False,32
split_oldest,145,1543793.0230108015,1543793.0230108015,1547084.2683167995,3291.245305998018,0.0,1563793.0230108015,interactive_short,False,32
split_oldest,146,1553277.348995475,1553277.348995475,1556568.5943014731,3291.245305998018,0.0,1573277.348995475,interactive_short,False,32
split_oldest,147,1565981.1093592993,1565981.1093592993,1569272.3546652973,3291.245305998018,0.0,1585981.1093592993,interactive_short,False,32
split_oldest,148,1573008.6040086353,1573008.6040086353,1576299.8493146333,3291.245305998018,0.0,1593008.6040086353,interactive_short,False,32
split_oldest,149,1590761.7091726514,1590761.7091726514,1594052.9544786494,3291.245305998018,0.0,1610761.7091726514,interactive_short,False,32
split_oldest,150,1598699.6076142674,1598699.6076142674,1607026.9511128569,8327.343498589471,0.0,1698699.6076142674,interactive_long,False,256
split_oldest,151,1621450.0951572098,1621450.0951572098,1624741.3404632078,3291.245305998018,0.0,1641450.0951572098,interactive_short,False,32
split_oldest,152,1635062.4232611004,1635062.4232611004,1638353.6685670984,3291.245305998018,0.0,1655062.4232611004,interactive_short,False,32
split_oldest,153,1641499.794143587,1641499.794143587,1644817.7975715518,3318.003427964868,0.0,1661499.794143587,interactive_short,False,32
split_oldest,154,1644499.926014144,1644504.844205585,1647865.660628697,3365.73461455293,4.918191441101953,1664499.926014144,interactive_short,False,32
split_oldest,155,1647340.0107979605,1647364.9352431502,1650698.9935442952,3358.9827463347465,24.92444518976845,1667340.0107979605,interactive_short,False,32
split_oldest,156,1657491.773265088,1657491.773265088,1660783.018571086,3291.245305998018,0.0,1677491.773265088,interactive_short,False,32
split_oldest,157,1672008.155859967,1672008.155859967,1675299.401165965,3291.245305998018,0.0,1692008.155859967,interactive_short,False,32
split_oldest,158,1679374.9637757977,1679374.9637757977,1682666.2090817958,3291.245305998018,0.0,1699374.9637757977,interactive_short,False,32
split_oldest,159,1689229.9903256071,1689229.9903256071,1692526.5872559985,3296.596930391388,0.0,1709229.9903256071,interactive_short,False,32
split_oldest,160,1692440.27565149,1692463.9965828052,1695993.3891743082,3553.113522818079,23.720931315096095,1712440.27565149,interactive_short,False,32
split_oldest,161,1693246.7742378819,1693270.694890398,1696810.7907306878,3564.0164928059094,23.920652516186237,1713246.7742378819,interactive_short,False,32
split_oldest,162,1696611.6907180622,1696623.0187111078,1700219.9656206716,3608.2749026094098,11.327993045561016,1716611.6907180622,interactive_short,False,32
split_oldest,163,1699782.3204271824,1699815.840792686,1710737.8030955335,10955.48266835115,33.52036550361663,1799782.3204271824,interactive_long,False,256
split_oldest,164,1703634.6750944718,1703695.7263853003,1715808.8899826582,12174.214888186427,61.051290828501806,1803634.6750944718,interactive_long,False,256
split_oldest,165,1711403.2727223018,1711461.9199214978,1719240.003541235,7836.730818933342,58.64719919604249,1731403.2727223018,interactive_short,False,32
split_oldest,166,1712892.613208049,1712977.388026444,1719709.4335901851,6816.820382136153,84.77481839503162,1732892.613208049,interactive_short,False,32
split_oldest,167,1715522.6571375756,1715570.0635062715,1720424.9217001847,4902.26456260914,47.40636869589798,1735522.6571375756,interactive_short,False,32
split_oldest,168,1727362.7189214122,1727362.7189214122,1730653.9642274103,3291.245305998018,0.0,1747362.7189214122,interactive_short,False,32
split_oldest,169,1739618.7407301571,1739618.7407301571,1749531.3941455046,9912.65341534745,0.0,1759618.7407301571,interactive_short,False,32
split_oldest,170,1740282.5840404085,1740334.2288401567,1752028.554796015,11745.970755606424,51.644799748202786,1840282.5840404085,interactive_long,False,256
split_oldest,171,1745518.3053659645,1745559.2320795702,1753532.8249379941,8014.519572029589,40.92671360564418,1765518.3053659645,interactive_short,False,32
split_oldest,172,1753340.5189043852,1753345.0529184141,1756652.3530975922,3311.8341932070907,4.534014028962702,1773340.5189043852,interactive_short,False,32
split_oldest,173,1758715.1967585753,1758715.1967585753,1771215.1042123002,12499.907453724882,0.0,1858715.1967585753,interactive_long,False,256
split_oldest,174,1761032.4291454793,1761104.7822842575,1774549.1340431818,13516.704897702439,72.35313877812587,1861032.4291454793,interactive_long,False,256
split_oldest,175,1766482.1756504597,1766581.9530588833,1775951.490738781,9469.315088321222,99.77740842360072,1786482.1756504597,interactive_short,False,32
split_oldest,176,1790003.9716818081,1790003.9716818081,1793295.2169878061,3291.245305998018,0.0,1810003.9716818081,interactive_short,False,32
split_oldest,177,1798776.581046547,1798776.581046547,1802067.826352545,3291.245305998018,0.0,1818776.581046547,interactive_short,False,32
split_oldest,178,1810668.1778865645,1810668.1778865645,1813959.4231925625,3291.245305998018,0.0,1830668.1778865645,interactive_short,False,32
split_oldest,179,1830098.5629096644,1830098.5629096644,1833389.8082156624,3291.245305998018,0.0,1850098.5629096644,interactive_short,False,32
split_oldest,180,1844605.5937308539,1844605.5937308539,1847896.839036852,3291.245305998018,0.0,1864605.5937308539,interactive_short,False,32
split_oldest,181,1849392.0992573614,1849392.0992573614,1860905.6723731344,11513.573115773033,0.0,1869392.0992573614,interactive_short,False,32
split_oldest,182,1849451.2345984792,1849506.5773549613,1861281.17767672,11829.943078240845,55.34275648207404,1949451.2345984792,interactive_long,False,256
split_oldest,183,1853786.158936347,1853822.299731407,1862511.8172259193,8725.658289572224,36.140795059967786,1873786.158936347,interactive_short,False,32
split_oldest,184,1867789.0827168743,1867789.0827168743,1871080.3280228723,3291.245305998018,0.0,1887789.0827168743,interactive_short,False,32
split_oldest,185,1886992.8289909393,1886992.8289909393,1890284.0742969373,3291.245305998018,0.0,1906992.8289909393,interactive_short,False,32
split_oldest,186,1917660.8888909416,1917660.8888909416,1927133.0133655304,9472.124474588782,0.0,2017660.8888909416,interactive_long,False,256
split_oldest,187,1923091.3004292771,1923091.765085674,1929279.477695529,6188.177266251994,0.4646563967689872,1943091.3004292771,interactive_short,False,32
split_oldest,188,1936855.3613047856,1936855.3613047856,1940146.6066107836,3291.245305998018,0.0,1956855.3613047856,interactive_short,False,32
split_oldest,189,1944754.8568502546,1944754.8568502546,1948046.1021562526,3291.245305998018,0.0,1964754.8568502546,interactive_short,False,32
split_oldest,190,1953999.4112999411,1953999.4112999411,1957362.9035352496,3363.492235308513,0.0,1973999.4112999411,interactive_short,False,32
split_oldest,191,1956490.9336163844,1956517.9294471396,1959964.3718605454,3473.438244160963,26.995830755215138,1976490.9336163844,interactive_short,False,32
split_oldest,192,1958968.1350163277,1958994.2164260487,1962368.411910144,3400.27689381619,26.08140972093679,1978968.1350163277,interactive_short,False,32
split_oldest,193,1964692.237487852,1964692.237487852,1978923.4405667265,14231.203078874387,0.0,2064692.237487852,interactive_long,False,256
split_oldest,194,1964986.7812102488,1965054.2959008343,1979356.1849191121,14369.403708863305,67.51469058543444,1984986.7812102488,interactive_short,False,32
split_oldest,195,1969083.4636549556,1969124.1637050908,1983040.5520155653,13957.08836060972,40.7000501351431,2069083.4636549556,interactive_long,False,256
split_oldest,196,1980451.0262849675,1980514.771840655,1985616.3092115638,5165.2829265962355,63.74555568746291,2000451.0262849675,interactive_short,False,32
split_oldest,197,1985631.4870567264,1985631.4870567264,1992543.316492546,6911.829435819527,0.0,2005631.4870567264,interactive_short,False,32
split_oldest,198,1987435.2583154247,1987491.7561427252,2001151.7287931242,13716.470477699535,56.49782730056904,2087435.2583154247,interactive_long,False,256
split_oldest,199,1993734.9194169492,1993774.3150966852,2011797.9306422418,18063.011225292692,39.39567973604426,2093734.9194169492,interactive_long,False,256
split_oldest,200,1995100.3104985717,1995115.6630414915,2014153.38685225,19053.076353678247,15.352542919805273,2095100.3104985717,interactive_long,False,256
split_oldest,201,2004835.7215531904,2004840.4356413416,2024507.9894659691,19672.26791277877,4.714088151231408,2104835.7215531906,interactive_long,False,256
split_oldest,202,2005109.0887368093,2005175.7726275432,2024746.815942356,19637.727205546573,66.68389073386788,2105109.0887368093,interactive_long,False,256
split_oldest,203,2010118.1759345557,2010192.820552464,2025921.8548322795,15803.678897723788,74.64461790840141,2030118.1759345557,interactive_short,False,32
split_oldest,204,2018428.300771056,2018505.7409660658,2027486.621662113,9058.320891056908,77.44019500981085,2038428.300771056,interactive_short,False,32
split_oldest,205,2018703.0615744942,2018791.8896300602,2027543.8607109128,8840.799136418616,88.82805556594394,2038703.0615744942,interactive_short,False,32
split_oldest,206,2028996.2463434378,2028996.2463434378,2032458.7436300237,3462.497286585858,0.0,2048996.2463434378,interactive_short,False,32
split_oldest,207,2030454.5938929035,2030455.842087837,2033918.3393744228,3463.7454815192614,1.2481949334032834,2050454.5938929035,interactive_short,False,32
split_oldest,208,2036647.95752224,2036647.95752224,2047933.610292639,11285.652770398883,0.0,2056647.95752224,interactive_short,False,32
split_oldest,209,2037163.887057034,2037220.3480102397,2050758.4499715928,13594.562914558686,56.46095320559107,2137163.8870570343,interactive_long,False,256
split_oldest,210,2041929.8016986141,2041940.195214671,2055560.268191072,13630.466492457781,10.393516056938097,2061929.8016986141,interactive_short,False,32
split_oldest,211,2044308.0634048074,2044356.751992709,2057956.3976345859,13648.334229778498,48.688587901648134,2144308.0634048074,interactive_long,False,256
split_oldest,212,2048265.871999859,2048326.1863276404,2058757.7443177854,10491.87231792626,60.31432778132148,2068265.871999859,interactive_short,False,32
split_oldest,213,2062588.405101049,2062588.405101049,2065879.650407047,3291.245305998018,0.0,2082588.405101049,interactive_short,False,32
split_oldest,214,2067354.679734857,2067354.679734857,2075682.0232334465,8327.343498589471,0.0,2167354.679734857,interactive_long,False,256
split_oldest,215,2081298.3411819541,2081298.3411819541,2089625.6846805436,8327.343498589471,0.0,2181298.3411819544,interactive_long,False,256
split_oldest,216,2099131.748357021,2099131.748357021,2102457.7792215524,3326.03086453164,0.0,2119131.748357021,interactive_short,False,32
split_oldest,217,2102038.9021301824,2102050.9398457957,2106863.588079284,4824.685949101578,12.03771561337635,2122038.9021301824,interactive_short,False,32
split_oldest,218,2102893.4596363497,2102915.6916119484,2107771.1528405873,4877.693204237614,22.23197559872642,2122893.4596363497,interactive_short,False,32
split_oldest,219,2103089.195699495,2103103.4636315284,2107942.869986986,4853.674287491012,14.26793203363195,2123089.195699495,interactive_short,False,32
split_oldest,220,2110841.8621698665,2110841.8621698665,2119169.205668456,8327.343498589471,0.0,2210841.8621698665,interactive_long,False,256
split_oldest,221,2203760.4590271604,2203760.4590271604,2207051.704333132,3291.245305971708,0.0,2223760.4590271604,interactive_short,False,32
split_oldest,222,2208067.6781100826,2208067.6781100826,2211358.923416054,3291.2453059712425,0.0,2228067.6781100826,interactive_short,False,32
split_oldest,223,2218570.0171527625,2218570.0171527625,2221861.262458734,3291.245305971708,0.0,2238570.0171527625,interactive_short,False,32
split_oldest,224,2233767.499845296,2233767.499845296,2237058.7451512674,3291.2453059712425,0.0,2253767.499845296,interactive_short,False,32
split_oldest,225,2244315.9801847567,2244315.9801847567,2247607.2254907284,3291.245305971708,0.0,2264315.9801847567,interactive_short,False,32
split_oldest,226,2258349.7019512826,2258349.7019512826,2261640.9472572543,3291.245305971708,0.0,2278349.7019512826,interactive_short,False,32
split_oldest,227,2288229.671181172,2288229.671181172,2303318.8543730862,15089.183191914111,0.0,2388229.671181172,interactive_long,False,256
split_oldest,228,2290453.118415326,2290474.4333416615,2307245.929593265,16792.811177939177,21.314926335588098,2310453.118415326,interactive_short,False,32
split_oldest,229,2290659.0239682924,2290705.1152800536,2307557.1677522482,16898.143783955835,46.091311761178076,2390659.0239682924,interactive_long,False,256
split_oldest,230,2292312.280211594,2292361.2779932544,2308121.1864194116,15808.906207817607,48.99778166040778,2312312.280211594,interactive_short,False,32
split_oldest,231,2293661.557881172,2293792.021313224,2308434.1397853782,14772.581904206425,130.46343205217272,2313661.557881172,interactive_short,False,32
split_oldest,232,2304731.798909608,2304751.8132314067,2310494.7455421602,5762.946632552426,20.014321798924357,2324731.798909608,interactive_short,False,32
split_oldest,233,2313032.231628119,2313032.231628119,2316401.075487801,3368.8438596818596,0.0,2333032.231628119,interactive_short,False,32
split_oldest,234,2315490.783581674,2315493.5107264975,2318862.3545861794,3371.5710045052692,2.727144823409617,2335490.783581674,interactive_short,False,32
split_oldest,235,2327512.693217354,2327512.693217354,2330803.938523325,3291.2453059712425,0.0,2347512.693217354,interactive_short,False,32
split_oldest,236,2342075.488966492,2342075.488966492,2352949.970136659,10874.481170167215,0.0,2442075.488966492,interactive_long,False,256
split_oldest,237,2343912.183334668,2343958.192713999,2353734.2149540065,9822.031619338319,46.0093793310225,2363912.183334668,interactive_short,False,32
split_oldest,238,2353257.9395440663,2353264.7849050565,2356596.1673939815,3338.227849915158,6.845360990148038,2373257.9395440663,interactive_short,False,32
split_oldest,239,2367038.2515746723,2367038.2515746723,2370522.155358822,3483.903784149792,0.0,2387038.2515746723,interactive_short,False,32
split_oldest,240,2368254.651017437,2368268.891123862,2371752.7949080113,3498.143890574109,14.240106424782425,2388254.651017437,interactive_short,False,32
split_oldest,241,2385363.8868182665,2385363.8868182665,2388655.1321242377,3291.2453059712425,0.0,2405363.8868182665,interactive_short,False,32
split_oldest,242,2418808.496413073,2418808.496413073,2428216.2885933686,9407.792180295568,0.0,2438808.496413073,interactive_short,False,32
split_oldest,243,2419952.4949973198,2419981.8969134632,2432436.981043689,12484.486046369188,29.401916143484414,2519952.4949973198,interactive_long,False,256
split_oldest,244,2420212.633709351,2420256.371010052,2432530.867053479,12318.23334412789,43.73730070097372,2440212.633709351,interactive_short,False,32
split_oldest,245,2423951.6766913966,2423989.8237010036,2433561.16993187,9609.493240473326,38.14700960693881,2443951.6766913966,interactive_short,False,32
split_oldest,246,2435263.463948195,2435263.463948195,2438554.709254166,3291.2453059712425,0.0,2455263.463948195,interactive_short,False,32
split_oldest,247,2467005.557416152,2467005.557416152,2470296.8027221235,3291.2453059712425,0.0,2487005.557416152,interactive_short,False,32
split_oldest,248,2472058.209225313,2472058.209225313,2475349.454531284,3291.2453059712425,0.0,2492058.209225313,interactive_short,False,32
split_oldest,249,2484611.386192407,2484611.386192407,2488135.4271595106,3524.0409671035595,0.0,2504611.386192407,interactive_short,False,32
split_oldest,250,2485401.7801473024,2485412.7328756005,2488936.7738427036,3534.993695401121,10.952728298027068,2505401.7801473024,interactive_short,False,32
split_oldest,251,2497133.449498489,2497133.449498489,2505460.7929970785,8327.343498589471,0.0,2597133.449498489,interactive_long,False,256
split_oldest,252,2507001.7187459227,2507001.7187459227,2510499.0015910566,3497.2828451339155,0.0,2527001.7187459227,interactive_short,False,32
split_oldest,253,2508076.471864627,2508089.260673113,2511586.543518247,3510.0716536198743,12.788808485958725,2528076.471864627,interactive_short,False,32
split_oldest,254,2522881.682083911,2522881.682083911,2531209.0255825003,8327.343498589471,0.0,2622881.682083911,interactive_long,False,256
split_oldest,255,2541872.4503389997,2541872.4503389997,2550199.793837589,8327.343498589471,0.0,2641872.4503389997,interactive_long,False,256
split_oldest,256,2551045.653326384,2551045.653326384,2554521.5296739424,3475.876347558573,0.0,2571045.653326384,interactive_short,False,32
split_oldest,257,2552335.9836102542,2552362.1514487723,2555838.027796331,3502.044186076615,26.167838518042117,2572335.9836102542,interactive_short,False,32
split_oldest,258,2593590.839000741,2593590.839000741,2596882.0843067123,3291.2453059712425,0.0,2613590.839000741,interactive_short,False,32
split_oldest,259,2608852.62804345,2608852.62804345,2619719.87804526,10867.250001810025,0.0,2708852.62804345,interactive_long,False,256
split_oldest,260,2613117.530476296,2613124.9173166393,2627058.946408271,13941.415931975003,7.386840343475342,2713117.530476296,interactive_long,False,256
split_oldest,261,2618710.3041599616,2618713.8670866545,2632155.9955654275,13445.691405465826,3.5629266928881407,2718710.3041599616,interactive_long,False,256
split_oldest,262,2623339.7243912434,2623408.5848934697,2633376.5136926975,10036.78930145409,68.86050222627819,2643339.7243912434,interactive_short,False,32
split_oldest,263,2630391.128309451,2630392.976239145,2636223.6525538256,5832.524244374596,1.8479296937584877,2650391.128309451,interactive_short,False,32
split_oldest,264,2634564.9543341934,2634607.1532418868,2643392.409130872,8827.454796678852,42.19890769338235,2734564.9543341934,interactive_long,False,256
split_oldest,265,2653507.9025949105,2653507.9025949105,2656799.147900882,3291.245305971708,0.0,2673507.9025949105,interactive_short,False,32
split_oldest,266,2670786.22808828,2670786.22808828,2679508.3495889837,8722.121500703506,0.0,2690786.22808828,interactive_short,False,32
split_oldest,267,2671901.5664096936,2671931.00906427,2682404.816892841,10503.250483147334,29.442654576618224,2771901.5664096936,interactive_long,False,256
split_oldest,268,2704289.180605472,2704289.180605472,2707580.4259114433,3291.2453059712425,0.0,2724289.180605472,interactive_short,False,32
split_oldest,269,2714383.803025898,2714383.803025898,2717675.0483318698,3291.245305971708,0.0,2734383.803025898,interactive_short,False,32
split_oldest,270,2732027.6185667664,2732027.6185667664,2740354.962065356,8327.343498589471,0.0,2832027.6185667664,interactive_long,False,256
split_oldest,271,2744313.984733368,2744313.984733368,2747605.2300393395,3291.245305971708,0.0,2764313.984733368,interactive_short,False,32
split_oldest,272,2750031.9059663718,2750031.9059663718,2753323.1512723435,3291.245305971708,0.0,2770031.9059663718,interactive_short,False,32
split_oldest,273,2763266.8032899266,2763266.8032899266,2771594.146788516,8327.343498589471,0.0,2863266.8032899266,interactive_long,False,256
split_oldest,274,2796927.1516027655,2796927.1516027655,2800229.1001575245,3301.948554758914,0.0,2816927.1516027655,interactive_short,False,32
split_oldest,275,2800075.3878325033,2800103.918811138,2803405.8673658967,3330.4795333934017,28.530978634487838,2820075.3878325033,interactive_short,False,32
split_oldest,276,2816588.3682683394,2816588.3682683394,2819879.613574311,3291.245305971708,0.0,2836588.3682683394,interactive_short,False,32
split_oldest,277,2824314.0154116726,2824314.0154116726,2827605.2607176444,3291.245305971708,0.0,2844314.0154116726,interactive_short,False,32
split_oldest,278,2830920.766988486,2830920.766988486,2834212.0122944573,3291.2453059712425,0.0,2850920.766988486,interactive_short,False,32
split_oldest,279,2836640.235657547,2836640.235657547,2839931.480963519,3291.245305971708,0.0,2856640.235657547,interactive_short,False,32
split_oldest,280,2849771.649208321,2849771.649208321,2853076.273575277,3304.6243669562973,0.0,2869771.649208321,interactive_short,False,32
split_oldest,281,2852896.801844222,2852919.7968922937,2856224.4212592496,3327.619415027555,22.99504807172343,2872896.801844222,interactive_short,False,32
split_oldest,282,2871982.8695737086,2871982.8695737086,2875274.11487968,3291.2453059712425,0.0,2891982.8695737086,interactive_short,False,32
split_oldest,283,2889745.5318249194,2889745.5318249194,2893258.869543235,3513.3377183154225,0.0,2909745.5318249194,interactive_short,False,32
split_oldest,284,2890652.0342455218,2890661.3566057114,2894174.694324027,3522.660078505054,9.322360189631581,2910652.0342455218,interactive_short,False,32
split_oldest,285,2911991.533941764,2911991.533941764,2923883.1837014426,11891.649759678636,0.0,3011991.533941764,interactive_long,False,256
split_oldest,286,2914786.8667730093,2914815.5895630247,2927823.4007742936,13036.534001284279,28.72279001539573,3014786.8667730093,interactive_long,False,256
split_oldest,287,2921036.3043556632,2921075.2133054417,2929426.0941406796,8389.789785016328,38.90894977841526,2941036.3043556632,interactive_short,False,32
split_oldest,288,2930460.8986099325,2930460.8986099325,2933752.1439159038,3291.2453059712425,0.0,2950460.8986099325,interactive_short,False,32
split_oldest,289,2935224.9683456426,2935224.9683456426,2938794.4981200937,3569.5297744511627,0.0,2955224.9683456426,interactive_short,False,32
split_oldest,290,2935516.167308423,2935539.7831140403,2939109.312888491,3593.145580067765,23.615805617067963,2955516.167308423,interactive_short,False,32
split_oldest,291,2954551.0921914987,2954551.0921914987,2965536.9104812723,10985.818289773539,0.0,3054551.0921914987,interactive_long,False,256
split_oldest,292,2956558.0640704455,2956578.619304199,2966413.179905979,9855.115835533477,20.555233753286302,2976558.0640704455,interactive_short,False,32
split_oldest,293,2958942.15701873,2959003.368272107,2967100.048491573,8157.89147284301,61.211253377143294,2978942.15701873,interactive_short,False,32
split_oldest,294,2974928.7371095177,2974928.7371095177,2978219.982415489,3291.2453059712425,0.0,2994928.7371095177,interactive_short,False,32
split_oldest,295,2979089.0268548145,2979089.0268548145,2982380.272160786,3291.245305971708,0.0,2999089.0268548145,interactive_short,False,32
split_oldest,296,3000318.3628110494,3000318.3628110494,3003609.6081170207,3291.2453059712425,0.0,3020318.3628110494,interactive_short,False,32
split_oldest,297,3012397.6272521545,3012397.6272521545,3015694.22418252,3296.596930365544,0.0,3032397.6272521545,interactive_short,False,32
split_oldest,298,3015630.9764162414,3015631.6335093267,3026893.515525299,11262.539109057747,0.6570930853486061,3035630.9764162414,interactive_short,False,32
split_oldest,299,3015733.006299756,3015780.0827557193,3027255.5739382813,11522.567638525274,47.076455963309854,3115733.006299756,interactive_long,False,256
canvas_aware,0,0.0,0.0,3291.245305998018,3291.245305998018,0.0,20000.0,interactive_short,False,32
canvas_aware,1,23426.633179283737,23426.633179283737,26717.878485281755,3291.245305998018,0.0,43426.63317928374,interactive_short,False,32
canvas_aware,2,31314.193591454783,31314.193591454783,34605.4388974528,3291.2453059980144,0.0,51314.19359145478,interactive_short,False,32
canvas_aware,3,49307.777464750834,49307.777464750834,52599.02277074885,3291.245305998018,0.0,69307.77746475083,interactive_short,False,32
canvas_aware,4,58042.71395176844,58042.71395176844,61489.15636517419,3446.442413405748,0.0,78042.71395176844,interactive_short,False,32
canvas_aware,5,59645.50230345718,59674.02684256746,63120.46925597321,3474.966952516028,28.524539110279875,79645.50230345718,interactive_short,False,32
canvas_aware,6,61008.8041511719,63120.46925597321,74109.42852376107,13100.624372589176,2111.665104801308,161008.8041511719,interactive_long,False,256
canvas_aware,7,64694.231462389835,64713.52627309467,74739.0580605607,10044.826598170861,19.29481070483598,84694.23146238984,interactive_short,False,32
canvas_aware,8,87618.7464539721,87618.7464539721,90909.99175997011,3291.245305998018,0.0,107618.7464539721,interactive_short,False,32
canvas_aware,9,103521.09644092273,103521.09644092273,106812.34174692075,3291.245305998018,0.0,123521.09644092273,interactive_short,False,32
canvas_aware,10,123232.53578001732,123232.53578001732,126523.78108601534,3291.245305998018,0.0,143232.53578001732,interactive_short,False,32
canvas_aware,11,146151.4244538608,146151.4244538608,149528.29575015273,3376.871296291938,0.0,166151.4244538608,interactive_short,False,32
canvas_aware,12,148509.61667575076,148526.84497905936,151951.88089489163,3442.2642191408668,17.228303308598697,168509.61667575076,interactive_short,False,32
canvas_aware,13,151380.169221488,151388.5648361516,154939.36392522807,3559.194703740068,8.395614663604647,171380.169221488,interactive_short,False,32
canvas_aware,14,152464.86289361454,152467.03233409132,155969.66680362745,3504.80391001291,2.169440476776799,172464.86289361454,interactive_short,False,32
canvas_aware,15,167611.425337719,167611.425337719,170902.67064371702,3291.245305998018,0.0,187611.425337719,interactive_short,False,32
canvas_aware,16,189164.69515790572,189164.69515790572,192455.94046390374,3291.245305998018,0.0,209164.69515790572,interactive_short,False,32
canvas_aware,17,194379.81013739476,194379.81013739476,197671.05544339278,3291.245305998018,0.0,214379.81013739476,interactive_short,False,32
canvas_aware,18,204073.07373168544,204073.07373168544,215004.79395067334,10931.720218987903,0.0,304073.0737316854,interactive_long,False,256
canvas_aware,19,205751.9757076024,205810.95411399976,215691.66253627292,9939.686828670528,58.97840639736387,225751.9757076024,interactive_short,False,32
canvas_aware,20,232327.59274872325,232327.59274872325,240654.93624731273,8327.343498589471,0.0,332327.5927487232,interactive_long,False,256
canvas_aware,21,252323.2326383261,252323.2326383261,255614.4779443241,3291.245305998018,0.0,272323.2326383261,interactive_short,False,32
canvas_aware,22,289706.4647876418,289706.4647876418,292997.7100936398,3291.245305998018,0.0,309706.4647876418,interactive_short,False,32
canvas_aware,23,306354.47640524525,306354.47640524525,309645.72171124327,3291.245305998018,0.0,326354.47640524525,interactive_short,False,32
canvas_aware,24,327675.83075189835,327675.83075189835,339179.9414588859,11504.110706987558,0.0,427675.83075189835,interactive_long,False,256
canvas_aware,25,327926.81791174674,327965.47748228407,339294.41955648584,11367.601644739101,38.65957053733291,347926.81791174674,interactive_short,False,32
canvas_aware,26,341266.28406705445,341266.28406705445,344557.5293730525,3291.245305998018,0.0,361266.28406705445,interactive_short,False,32
canvas_aware,27,345303.7319732829,345303.7319732829,348594.9772792809,3291.245305998018,0.0,365303.7319732829,interactive_short,False,32
canvas_aware,28,372013.57207213715,372013.57207213715,380340.9155707266,8327.343498589471,0.0,472013.57207213715,interactive_long,False,256
canvas_aware,29,388220.33731611405,388220.33731611405,391511.58262211207,3291.245305998018,0.0,408220.33731611405,interactive_short,False,32
canvas_aware,30,408176.0503259419,408176.0503259419,416503.39382453135,8327.343498589471,0.0,508176.0503259419,interactive_long,False,256
canvas_aware,31,424822.8780803353,424822.8780803353,428130.1782595134,3307.300179178128,0.0,444822.8780803353,interactive_short,False,32
canvas_aware,32,427926.3235830694,427942.4062399334,431249.7064191115,3323.3828360421467,16.082656864018645,447926.3235830694,interactive_short,False,32
canvas_aware,33,443408.5527798298,443408.5527798298,454569.2291940176,11160.676414187765,0.0,543408.5527798298,interactive_long,False,256
canvas_aware,34,444552.5163461954,444567.1397013727,455027.1415844173,10474.625238221895,14.62335517728934,464552.5163461954,interactive_short,False,32
canvas_aware,35,465122.80490767374,465122.80490767374,468414.05021367176,3291.245305998018,0.0,485122.80490767374,interactive_short,False,32
canvas_aware,36,484683.9528997038,484683.9528997038,495300.8583502919,10616.905450588092,0.0,584683.9528997038,interactive_long,False,256
canvas_aware,37,487199.8167778764,487218.36179057887,496302.5417042913,9102.7249264149,18.54501270246692,507199.8167778764,interactive_short,False,32
canvas_aware,38,504159.9436579162,504159.9436579162,513317.2533641052,9157.309706188971,0.0,604159.9436579163,interactive_long,False,256
canvas_aware,39,510327.4220864302,510387.3483612092,515947.10863089486,5619.686544464668,59.92627477901988,530327.4220864302,interactive_short,False,32
canvas_aware,40,513968.6030904206,513975.5024253048,517435.32389969396,3466.7208092733636,6.899334884190466,533968.6030904206,interactive_short,False,32
canvas_aware,41,529832.9239242688,529832.9239242688,533188.3887229873,3355.464798718458,0.0,549832.9239242688,interactive_short,False,32
canvas_aware,42,532415.392785721,532437.3006446672,536036.264353284,3620.8715675630374,21.907858946244232,552415.392785721,interactive_short,False,32
canvas_aware,43,532654.8821332838,533188.3887229873,536787.352431604,4132.470298320288,533.5065897034947,552654.8821332838,interactive_short,False,32
canvas_aware,44,534800.80665138,536036.264353284,539447.9212081329,4647.114556752844,1235.4577019040007,554800.80665138,interactive_short,False,32
canvas_aware,45,538779.6748792193,538790.7191396029,542138.1565017313,3358.4816225119866,11.044260383583605,558779.6748792193,interactive_short,False,32
canvas_aware,46,558756.6641642567,558756.6641642567,562047.9094702547,3291.245305998018,0.0,578756.6641642567,interactive_short,False,32
canvas_aware,47,592835.592843646,592835.592843646,596126.838149644,3291.245305998018,0.0,612835.592843646,interactive_short,False,32
canvas_aware,48,596108.4880131491,596126.838149644,599418.083455642,3309.595442492864,18.350136494846083,616108.4880131491,interactive_short,False,32
canvas_aware,49,606366.2448322171,606366.2448322171,609657.4901382151,3291.245305998018,0.0,626366.2448322171,interactive_short,False,32
canvas_aware,50,611469.1422453179,611469.1422453179,614760.387551316,3291.245305998018,0.0,631469.1422453179,interactive_short,False,32
canvas_aware,51,651181.3999550084,651181.3999550084,654472.6452610064,3291.245305998018,0.0,671181.3999550084,interactive_short,False,32
canvas_aware,52,658864.7577106205,658864.7577106205,662156.0030166185,3291.245305998018,0.0,678864.7577106205,interactive_short,False,32
canvas_aware,53,686872.523083273,686872.523083273,698004.5799730608,11132.056889787782,0.0,786872.523083273,interactive_long,False,256
canvas_aware,54,688098.0617716468,688103.5216874123,698491.1118878605,10393.05011621362,5.459915765444748,708098.0617716468,interactive_short,False,32
canvas_aware,55,723298.077376727,723298.077376727,726712.4100437725,3414.332667045528,0.0,743298.077376727,interactive_short,False,32
canvas_aware,56,725265.1363422534,725272.8245603258,728687.1572273714,3422.020885117934,7.688218072406016,745265.1363422534,interactive_short,False,32
canvas_aware,57,758108.4348615361,758108.4348615361,761418.410852911,3309.975991374813,0.0,778108.4348615361,interactive_short,False,32
canvas_aware,58,761193.6297414154,761199.3434967343,764710.0054028605,3516.375661445083,5.713755318894982,781193.6297414154,interactive_short,False,32
canvas_aware,59,762341.0350851904,762362.8551581104,765854.7863788598,3513.7512936693383,21.820072919945233,782341.0350851904,interactive_short,False,32
canvas_aware,60,768042.6124554221,768042.6124554221,776369.9559540115,8327.343498589471,0.0,868042.6124554221,interactive_long,False,256
canvas_aware,61,781082.2036817967,781082.2036817967,784373.4489877947,3291.245305998018,0.0,801082.2036817967,interactive_short,False,32
canvas_aware,62,784846.2774256257,784846.2774256257,788137.5227316237,3291.245305998018,0.0,804846.2774256257,interactive_short,False,32
canvas_aware,63,794165.623373246,794165.623373246,797456.8686792441,3291.245305998018,0.0,814165.623373246,interactive_short,False,32
canvas_aware,64,801328.2065399077,801328.2065399077,811505.8137402898,10177.607200382045,0.0,901328.2065399077,interactive_long,False,256
canvas_aware,65,806192.7149346475,806252.200956465,817059.4376936466,10866.722758999094,59.48602181742899,906192.7149346475,interactive_long,False,256
canvas_aware,66,814786.8117488315,814836.7511397256,819905.6845044163,5118.872755584773,49.939390894025564,834786.8117488315,interactive_short,False,32
canvas_aware,67,817726.7982985554,817746.3062792462,821222.1826268155,3495.3843282600865,19.50798069080338,837726.7982985554,interactive_short,False,32
canvas_aware,68,830063.742575083,830063.742575083,833660.0304715032,3596.287896420108,0.0,850063.742575083,interactive_short,False,32
canvas_aware,69,830080.6696755257,830092.362099483,833688.6499959031,3607.9803203773918,11.692423957283609,850080.6696755257,interactive_short,False,32
canvas_aware,70,856060.3256333817,856060.3256333817,859351.5709393797,3291.245305998018,0.0,876060.3256333817,interactive_short,False,32
canvas_aware,71,863792.0177881971,863792.0177881971,872119.3612867866,8327.343498589471,0.0,963792.0177881971,interactive_long,False,256
canvas_aware,72,876501.3380655749,876501.3380655749,884828.6815641643,8327.343498589471,0.0,976501.3380655749,interactive_long,False,256
canvas_aware,73,890047.3602258987,890047.3602258987,893338.6055318967,3291.245305998018,0.0,910047.3602258987,interactive_short,False,32
canvas_aware,74,901153.0502197776,901153.0502197776,904444.2955257756,3291.245305998018,0.0,921153.0502197776,interactive_short,False,32
canvas_aware,75,905682.1002433572,905682.1002433572,908973.3455493553,3291.245305998018,0.0,925682.1002433572,interactive_short,False,32
canvas_aware,76,906407.5255748781,908973.3455493553,917300.6890479447,10893.163473066641,2565.81997447717,1006407.5255748781,interactive_long,False,256
canvas_aware,77,917321.0432239831,917321.0432239831,920612.2885299812,3291.245305998018,0.0,937321.0432239831,interactive_short,False,32
canvas_aware,78,921328.8049483133,921328.8049483133,924620.0502543113,3291.245305998018,0.0,941328.8049483133,interactive_short,False,32
canvas_aware,79,925096.351872601,925096.351872601,928387.597178599,3291.245305998018,0.0,945096.351872601,interactive_short,False,32
canvas_aware,80,943936.1047351673,943936.1047351673,947227.3500411654,3291.245305998018,0.0,963936.1047351673,interactive_short,False,32
canvas_aware,81,956656.9890213045,956656.9890213045,959948.2343273025,3291.245305998018,0.0,976656.9890213045,interactive_short,False,32
canvas_aware,82,960228.34335237,960228.34335237,963519.588658368,3291.245305998018,0.0,980228.34335237,interactive_short,False,32
canvas_aware,83,963928.6183221564,963928.6183221564,973457.9818455451,9529.363523388747,0.0,1063928.6183221564,interactive_long,False,256
canvas_aware,84,969177.7439365004,969214.6711516958,975659.5912390046,6481.847302504233,36.92721519537736,989177.7439365004,interactive_short,False,32
canvas_aware,85,974326.0868650073,974345.1871019446,977748.8165202034,3422.7296551960753,19.100236937287264,994326.0868650073,interactive_short,False,32
canvas_aware,86,977830.959600833,977830.959600833,989018.1615540816,11187.201953248587,0.0,1077830.959600833,interactive_long,False,256
canvas_aware,87,979192.4540431228,979206.7815701652,989612.7729494183,10420.318906295463,14.327527042361908,999192.4540431228,interactive_short,False,32
canvas_aware,88,984647.4241699039,984662.4667479715,991158.2272670174,6510.803097113501,15.04257806763053,1004647.4241699039,interactive_short,False,32
canvas_aware,89,1012842.3275609529,1012842.3275609529,1016133.5728669509,3291.245305998018,0.0,1032842.3275609529,interactive_short,False,32
canvas_aware,90,1024153.2054733564,1024153.2054733564,1027444.4507793544,3291.245305998018,0.0,1044153.2054733564,interactive_short,False,32
canvas_aware,91,1047463.6217134104,1047463.6217134104,1050754.8670194084,3291.245305998018,0.0,1067463.6217134104,interactive_short,False,32
canvas_aware,92,1057022.1245524148,1057022.1245524148,1067209.737137003,10187.61258458835,0.0,1157022.1245524148,interactive_long,False,256
canvas_aware,93,1060602.4528435422,1060642.7086822363,1068648.7407935923,8046.287950050086,40.25583869405091,1080602.4528435422,interactive_short,False,32
canvas_aware,94,1068541.7948415927,1068554.8547838023,1072153.818492419,3612.0236508264206,13.05994220962748,1088541.7948415927,interactive_short,False,32
canvas_aware,95,1068545.8550627239,1068648.7407935923,1072239.677065619,3693.8220028951764,102.88573086843826,1088545.8550627239,interactive_short,False,32
canvas_aware,96,1071927.3835795277,1072239.677065619,1081740.4210646078,9813.037485080073,312.2934860913083,1171927.3835795277,interactive_long,False,256
canvas_aware,97,1077546.610672685,1077598.1415777549,1083858.2658702065,6311.655197521439,51.53090506978333,1097546.610672685,interactive_short,False,32
canvas_aware,98,1086221.2540038133,1086221.2540038133,1094548.5975024027,8327.343498589471,0.0,1186221.2540038133,interactive_long,False,256
canvas_aware,99,1096854.8336152665,1096854.8336152665,1105983.5237970555,9128.690181788988,0.0,1196854.8336152665,interactive_long,False,256
canvas_aware,100,1103109.4981955176,1103154.650001156,1108473.422419854,5363.924224336399,45.151805638335645,1123109.4981955176,interactive_short,False,32
canvas_aware,101,1108946.3255584924,1108946.3255584924,1112317.845230391,3371.519671898568,0.0,1128946.3255584924,interactive_short,False,32
canvas_aware,102,1111350.5121758431,1111378.985132491,1114750.5048043896,3399.9926285464317,28.47295664786361,1131350.5121758431,interactive_short,False,32
canvas_aware,103,1117759.5930439369,1117759.5930439369,1121050.838349935,3291.245305998018,0.0,1137759.5930439369,interactive_short,False,32
canvas_aware,104,1140904.2292688703,1140904.2292688703,1144195.4745748683,3291.245305998018,0.0,1160904.2292688703,interactive_short,False,32
canvas_aware,105,1156801.7959256177,1156801.7959256177,1160226.83184145,3425.035915832268,0.0,1176801.7959256177,interactive_short,False,32
canvas_aware,106,1158661.3742804858,1158662.0650116166,1162261.0287202334,3599.6544397475664,0.6907311307732016,1178661.3742804858,interactive_short,False,32
canvas_aware,107,1159547.4520958702,1160226.83184145,1163692.0049402325,4144.552844362333,679.3797455797903,1179547.4520958702,interactive_short,False,32
canvas_aware,108,1166792.8401140096,1166792.8401140096,1170084.0854200076,3291.245305998018,0.0,1186792.8401140096,interactive_short,False,32
canvas_aware,109,1176815.1629936125,1176815.1629936125,1187425.8106348396,10610.647641227115,0.0,1276815.1629936125,interactive_long,False,256
canvas_aware,110,1180897.676686071,1180942.628901609,1191553.276542836,10655.59985676501,44.95221553789452,1280897.676686071,interactive_long,False,256
canvas_aware,111,1197958.4569977403,1197958.4569977403,1201249.7023037383,3291.245305998018,0.0,1217958.4569977403,interactive_short,False,32
canvas_aware,112,1211867.0300547273,1211867.0300547273,1215158.2753607254,3291.245305998018,0.0,1231867.0300547273,interactive_short,False,32
canvas_aware,113,1223038.7344802031,1223038.7344802031,1226329.9797862011,3291.245305998018,0.0,1243038.7344802031,interactive_short,False,32
canvas_aware,114,1225583.02148327,1226329.9797862011,1241607.573324343,16024.551841072971,746.9583029311616,1325583.02148327,interactive_long,False,256
canvas_aware,115,1227803.5870654054,1227850.6251207262,1244115.2513264038,16311.664260998368,47.03805532073602,1327803.5870654054,interactive_long,False,256
canvas_aware,116,1228050.8734219973,1228074.1831115272,1244177.8419995971,16126.968577599851,23.309689529938623,1248050.8734219973,interactive_short,False,32
canvas_aware,117,1230859.1634278696,1230882.1535075374,1244803.7487315305,13944.585303660948,22.990079667884856,1250859.1634278696,interactive_short,False,32
canvas_aware,118,1237305.330961801,1237320.4984474112,1246148.8663783297,8843.535416528583,15.167485610116273,1257305.330961801,interactive_short,False,32
canvas_aware,119,1256259.0590576427,1256259.0590576427,1259550.3043636407,3291.245305998018,0.0,1276259.0590576427,interactive_short,False,32
canvas_aware,120,1257015.223388105,1259550.3043636407,1270052.731716629,13037.508328523953,2535.0809755357914,1357015.223388105,interactive_long,False,256
canvas_aware,121,1262367.1069003937,1262374.3599849015,1271168.8931682282,8801.786267834483,7.253084507770836,1282367.1069003937,interactive_short,False,32
canvas_aware,122,1272303.290582293,1272303.290582293,1283063.293654881,10760.003072588006,0.0,1372303.290582293,interactive_long,False,256
canvas_aware,123,1274465.407365101,1274475.6410601859,1283921.8793868804,9456.472021779511,10.233695084927604,1294465.407365101,interactive_short,False,32
canvas_aware,124,1286384.3429123939,1286384.3429123939,1289675.5882183919,3291.245305998018,0.0,1306384.3429123939,interactive_short,False,32
canvas_aware,125,1293203.9857217902,1293203.9857217902,1296540.719835132,3336.734113341663,0.0,1313203.9857217902,interactive_short,False,32
canvas_aware,126,1296000.9189262525,1296008.6991129885,1299345.4332263302,3344.514300077688,7.780186736024916,1316000.9189262525,interactive_short,False,32
canvas_aware,127,1306673.7416540766,1306673.7416540766,1319488.9588123332,12815.217158256564,0.0,1406673.7416540766,interactive_long,False,256
canvas_aware,128,1306729.344131123,1306746.153336673,1319561.3704949296,12832.026363806566,16.809205550001934,1406729.344131123,interactive_long,False,256
canvas_aware,129,1320630.9414162247,1320630.9414162247,1328958.2849148142,8327.343498589471,0.0,1420630.9414162247,interactive_long,False,256
canvas_aware,130,1335329.7095173548,1335329.7095173548,1338821.6407381042,3491.931220749393,0.0,1355329.7095173548,interactive_short,False,32
canvas_aware,131,1336456.7760269714,1336474.4904933542,1339966.4217141035,3509.6456871321425,17.71446638274938,1356456.7760269714,interactive_short,False,32
canvas_aware,132,1341993.1712354422,1341993.1712354422,1353784.8382607922,11791.667025350034,0.0,1441993.1712354422,interactive_long,False,256
canvas_aware,133,1343927.643598714,1343948.2866655458,1355739.9536908958,11812.310092181899,20.643066831864417,1443927.643598714,interactive_long,False,256
canvas_aware,134,1375620.4183009027,1375620.4183009027,1378911.6636069007,3291.245305998018,0.0,1395620.4183009027,interactive_short,False,32
canvas_aware,135,1382917.6534418222,1382917.6534418222,1386465.776718702,3548.123276879778,0.0,1402917.6534418222,interactive_short,False,32
canvas_aware,136,1383432.8854409142,1383461.4244054218,1387009.5476823016,3576.662241387414,28.538964507635683,1403432.8854409142,interactive_short,False,32
canvas_aware,137,1386299.0222702122,1387009.5476823016,1395336.891180891,9037.868910678895,710.5254120894242,1486299.0222702122,interactive_long,False,256
canvas_aware,138,1405159.9224856629,1405159.9224856629,1414345.8517162518,9185.929230588954,0.0,1505159.9224856629,interactive_long,False,256
canvas_aware,139,1411256.475851284,1411314.9155063594,1416778.5112902503,5522.035438966239,58.439655075315386,1431256.475851284,interactive_short,False,32
canvas_aware,140,1427421.9370976132,1427421.9370976132,1430713.1824036113,3291.245305998018,0.0,1447421.9370976132,interactive_short,False,32
canvas_aware,141,1438435.4293819347,1438435.4293819347,1441726.6746879327,3291.245305998018,0.0,1458435.4293819347,interactive_short,False,32
canvas_aware,142,1482574.6924548466,1482574.6924548466,1485865.9377608446,3291.245305998018,0.0,1502574.6924548466,interactive_short,False,32
canvas_aware,143,1491624.5491721297,1491624.5491721297,1499951.8926707192,8327.343498589471,0.0,1591624.5491721297,interactive_long,False,256
canvas_aware,144,1521589.7967356164,1521589.7967356164,1524881.0420416144,3291.245305998018,0.0,1541589.7967356164,interactive_short,False,32
canvas_aware,145,1543793.0230108015,1543793.0230108015,1547084.2683167995,3291.245305998018,0.0,1563793.0230108015,interactive_short,False,32
canvas_aware,146,1553277.348995475,1553277.348995475,1556568.5943014731,3291.245305998018,0.0,1573277.348995475,interactive_short,False,32
canvas_aware,147,1565981.1093592993,1565981.1093592993,1569272.3546652973,3291.245305998018,0.0,1585981.1093592993,interactive_short,False,32
canvas_aware,148,1573008.6040086353,1573008.6040086353,1576299.8493146333,3291.245305998018,0.0,1593008.6040086353,interactive_short,False,32
canvas_aware,149,1590761.7091726514,1590761.7091726514,1594052.9544786494,3291.245305998018,0.0,1610761.7091726514,interactive_short,False,32
canvas_aware,150,1598699.6076142674,1598699.6076142674,1607026.9511128569,8327.343498589471,0.0,1698699.6076142674,interactive_long,False,256
canvas_aware,151,1621450.0951572098,1621450.0951572098,1624741.3404632078,3291.245305998018,0.0,1641450.0951572098,interactive_short,False,32
canvas_aware,152,1635062.4232611004,1635062.4232611004,1638353.6685670984,3291.245305998018,0.0,1655062.4232611004,interactive_short,False,32
canvas_aware,153,1641499.794143587,1641499.794143587,1644817.7975715518,3318.003427964868,0.0,1661499.794143587,interactive_short,False,32
canvas_aware,154,1644499.926014144,1644504.844205585,1647865.660628697,3365.73461455293,4.918191441101953,1664499.926014144,interactive_short,False,32
canvas_aware,155,1647340.0107979605,1647364.9352431502,1650698.9935442952,3358.9827463347465,24.92444518976845,1667340.0107979605,interactive_short,False,32
canvas_aware,156,1657491.773265088,1657491.773265088,1660783.018571086,3291.245305998018,0.0,1677491.773265088,interactive_short,False,32
canvas_aware,157,1672008.155859967,1672008.155859967,1675299.401165965,3291.245305998018,0.0,1692008.155859967,interactive_short,False,32
canvas_aware,158,1679374.9637757977,1679374.9637757977,1682666.2090817958,3291.245305998018,0.0,1699374.9637757977,interactive_short,False,32
canvas_aware,159,1689229.9903256071,1689229.9903256071,1692526.5872559985,3296.596930391388,0.0,1709229.9903256071,interactive_short,False,32
canvas_aware,160,1692440.27565149,1692463.9965828052,1695993.3891743082,3553.113522818079,23.720931315096095,1712440.27565149,interactive_short,False,32
canvas_aware,161,1693246.7742378819,1693270.694890398,1696810.7907306878,3564.0164928059094,23.920652516186237,1713246.7742378819,interactive_short,False,32
canvas_aware,162,1696611.6907180622,1696623.0187111078,1699930.318890286,3318.628172223689,11.327993045561016,1716611.6907180622,interactive_short,False,32
canvas_aware,163,1699782.3204271824,1699930.318890286,1710737.8030955335,10955.48266835115,147.9984631035477,1799782.3204271824,interactive_long,False,256
canvas_aware,164,1703634.6750944718,1703695.7263853003,1715808.8899826582,12174.214888186427,61.051290828501806,1803634.6750944718,interactive_long,False,256
canvas_aware,165,1711403.2727223018,1711461.9199214978,1718093.449554215,6690.176831913181,58.64719919604249,1731403.2727223018,interactive_short,False,32
canvas_aware,166,1712892.613208049,1712977.388026444,1718562.879603165,5670.266395115992,84.77481839503162,1732892.613208049,interactive_short,False,32
canvas_aware,167,1715522.6571375756,1715570.0635062715,1721367.5929943633,5844.935856787721,47.40636869589798,1735522.6571375756,interactive_short,False,32
canvas_aware,168,1727362.7189214122,1727362.7189214122,1730653.9642274103,3291.245305998018,0.0,1747362.7189214122,interactive_short,False,32
canvas_aware,169,1739618.7407301571,1739618.7407301571,1742909.9860361551,3291.245305998018,0.0,1759618.7407301571,interactive_short,False,32
canvas_aware,170,1740282.5840404085,1742909.9860361551,1753472.32825014,13189.744209731463,2627.4019957466517,1840282.5840404085,interactive_long,False,256
canvas_aware,171,1745518.3053659645,1745589.218292223,1754630.2557042167,9111.950338252122,70.91292625851929,1765518.3053659645,interactive_short,False,32
canvas_aware,172,1753340.5189043852,1753368.6212309469,1756833.9590830153,3493.440178630175,28.102326561696827,1773340.5189043852,interactive_short,False,32
canvas_aware,173,1758715.1967585753,1758715.1967585753,1771215.1042123002,12499.907453724882,0.0,1858715.1967585753,interactive_long,False,256
canvas_aware,174,1761032.4291454793,1761104.7822842575,1774549.1340431818,13516.704897702439,72.35313877812587,1861032.4291454793,interactive_long,False,256
canvas_aware,175,1766482.1756504597,1766581.9530588833,1775951.490738781,9469.315088321222,99.77740842360072,1786482.1756504597,interactive_short,False,32
canvas_aware,176,1790003.9716818081,1790003.9716818081,1793295.2169878061,3291.245305998018,0.0,1810003.9716818081,interactive_short,False,32
canvas_aware,177,1798776.581046547,1798776.581046547,1802067.826352545,3291.245305998018,0.0,1818776.581046547,interactive_short,False,32
canvas_aware,178,1810668.1778865645,1810668.1778865645,1813959.4231925625,3291.245305998018,0.0,1830668.1778865645,interactive_short,False,32
canvas_aware,179,1830098.5629096644,1830098.5629096644,1833389.8082156624,3291.245305998018,0.0,1850098.5629096644,interactive_short,False,32
canvas_aware,180,1844605.5937308539,1844605.5937308539,1847896.839036852,3291.245305998018,0.0,1864605.5937308539,interactive_short,False,32
canvas_aware,181,1849392.0992573614,1849392.0992573614,1852683.3445633594,3291.245305998018,0.0,1869392.0992573614,interactive_short,False,32
canvas_aware,182,1849451.2345984792,1852683.3445633594,1863844.0209775472,14392.786379067926,3232.109964880161,1949451.2345984792,interactive_long,False,256
canvas_aware,183,1853786.158936347,1853841.9314849023,1864301.933367947,10515.77443159977,55.77254855516367,1873786.158936347,interactive_short,False,32
canvas_aware,184,1867789.0827168743,1867789.0827168743,1871080.3280228723,3291.245305998018,0.0,1887789.0827168743,interactive_short,False,32
canvas_aware,185,1886992.8289909393,1886992.8289909393,1890284.0742969373,3291.245305998018,0.0,1906992.8289909393,interactive_short,False,32
canvas_aware,186,1917660.8888909416,1917660.8888909416,1927133.0133655304,9472.124474588782,0.0,2017660.8888909416,interactive_long,False,256
canvas_aware,187,1923091.3004292771,1923091.765085674,1929279.477695529,6188.177266251994,0.4646563967689872,1943091.3004292771,interactive_short,False,32
canvas_aware,188,1936855.3613047856,1936855.3613047856,1940146.6066107836,3291.245305998018,0.0,1956855.3613047856,interactive_short,False,32
canvas_aware,189,1944754.8568502546,1944754.8568502546,1948046.1021562526,3291.245305998018,0.0,1964754.8568502546,interactive_short,False,32
canvas_aware,190,1953999.4112999411,1953999.4112999411,1957362.9035352496,3363.492235308513,0.0,1973999.4112999411,interactive_short,False,32
canvas_aware,191,1956490.9336163844,1956517.9294471396,1959964.3718605454,3473.438244160963,26.995830755215138,1976490.9336163844,interactive_short,False,32
canvas_aware,192,1958968.1350163277,1958994.2164260487,1962368.411910144,3400.27689381619,26.08140972093679,1978968.1350163277,interactive_short,False,32
canvas_aware,193,1964692.237487852,1964692.237487852,1978923.4405667265,14231.203078874387,0.0,2064692.237487852,interactive_long,False,256
canvas_aware,194,1964986.7812102488,1965054.2959008343,1979066.5381887264,14079.756978477584,67.51469058543444,1984986.7812102488,interactive_short,False,32
canvas_aware,195,1969083.4636549556,1969124.1637050908,1983040.5520155653,13957.08836060972,40.7000501351431,2069083.4636549556,interactive_long,False,256
canvas_aware,196,1980451.0262849675,1980514.771840655,1985616.3092115638,5165.2829265962355,63.74555568746291,2000451.0262849675,interactive_short,False,32
canvas_aware,197,1985631.4870567264,1985631.4870567264,1988922.7323627244,3291.245305998018,0.0,2005631.4870567264,interactive_short,False,32
canvas_aware,198,1987435.2583154247,1988922.7323627244,1999139.7068759105,11704.44856048585,1487.4740472997073,2087435.2583154247,interactive_long,False,256
canvas_aware,199,1993734.9194169492,1993774.3150966852,2007784.6375484979,14049.718131548725,39.39567973604426,2093734.9194169492,interactive_long,False,256
canvas_aware,200,1995100.3104985717,1999139.7068759105,2015550.4082108235,20450.097712251823,4039.396377338795,2095100.3104985717,interactive_long,False,256
canvas_aware,201,2004835.7215531904,2005175.772627539,2023707.1228715503,18871.401318359887,340.05107434862293,2104835.7215531906,interactive_long,False,256
canvas_aware,202,2005109.0887368093,2005175.772627539,2026214.8008736111,21105.712136801798,66.68389072967693,2105109.0887368093,interactive_long,False,256
canvas_aware,203,2010118.1759345557,2010131.996451909,2026621.6402493678,16503.464314812096,13.820517353247851,2030118.1759345557,interactive_short,False,32
canvas_aware,204,2018428.300771056,2018498.7771266343,2028123.8164060079,9695.51563495188,70.47635557828471,2038428.300771056,interactive_short,False,32
canvas_aware,205,2018703.0615744942,2018784.9257906287,2028553.1092720076,9850.047697513364,81.8642161344178,2038703.0615744942,interactive_short,False,32
canvas_aware,206,2028996.2463434378,2028996.2463434378,2032458.7436300237,3462.497286585858,0.0,2048996.2463434378,interactive_short,False,32
canvas_aware,207,2030454.5938929035,2030455.842087837,2033918.3393744228,3463.7454815192614,1.2481949334032834,2050454.5938929035,interactive_short,False,32
canvas_aware,208,2036647.95752224,2036647.95752224,2039939.202828238,3291.245305998018,0.0,2056647.95752224,interactive_short,False,32
canvas_aware,209,2037163.887057034,2039939.202828238,2053330.239083168,16166.35202613403,2775.315771203954,2137163.8870570343,interactive_long,False,256
canvas_aware,210,2041929.8016986141,2041966.729940938,2054131.5857663676,12201.78406775347,36.92824232392013,2061929.8016986141,interactive_short,False,32
canvas_aware,211,2044308.0634048074,2044420.098433252,2059385.208530181,15077.145125373732,112.03502844460309,2144308.0634048074,interactive_long,False,256
canvas_aware,212,2048265.871999859,2048322.6374632663,2060186.5552133806,11920.683213521494,56.7654634071514,2068265.871999859,interactive_short,False,32
canvas_aware,213,2062588.405101049,2062588.405101049,2065879.650407047,3291.245305998018,0.0,2082588.405101049,interactive_short,False,32
canvas_aware,214,2067354.679734857,2067354.679734857,2075682.0232334465,8327.343498589471,0.0,2167354.679734857,interactive_long,False,256
canvas_aware,215,2081298.3411819541,2081298.3411819541,2089625.6846805436,8327.343498589471,0.0,2181298.3411819544,interactive_long,False,256
canvas_aware,216,2099131.748357021,2099131.748357021,2102457.7792215524,3326.03086453164,0.0,2119131.748357021,interactive_short,False,32
canvas_aware,217,2102038.9021301824,2102050.9398457957,2105607.090559262,3568.188429079484,12.03771561337635,2122038.9021301824,interactive_short,False,32
canvas_aware,218,2102893.4596363497,2102915.6916119484,2106514.655320565,3621.1956842155196,22.23197559872642,2122893.4596363497,interactive_short,False,32
canvas_aware,219,2103089.195699495,2105607.090559262,2108975.9344189437,5886.738719448913,2517.8948597670533,2123089.195699495,interactive_short,False,32
canvas_aware,220,2110841.8621698665,2110841.8621698665,2119169.205668456,8327.343498589471,0.0,2210841.8621698665,interactive_long,False,256
canvas_aware,221,2203760.4590271604,2203760.4590271604,2207051.704333132,3291.245305971708,0.0,2223760.4590271604,interactive_short,False,32
canvas_aware,222,2208067.6781100826,2208067.6781100826,2211358.923416054,3291.2453059712425,0.0,2228067.6781100826,interactive_short,False,32
canvas_aware,223,2218570.0171527625,2218570.0171527625,2221861.262458734,3291.245305971708,0.0,2238570.0171527625,interactive_short,False,32
canvas_aware,224,2233767.499845296,2233767.499845296,2237058.7451512674,3291.2453059712425,0.0,2253767.499845296,interactive_short,False,32
canvas_aware,225,2244315.9801847567,2244315.9801847567,2247607.2254907284,3291.245305971708,0.0,2264315.9801847567,interactive_short,False,32
canvas_aware,226,2258349.7019512826,2258349.7019512826,2261640.9472572543,3291.245305971708,0.0,2278349.7019512826,interactive_short,False,32
canvas_aware,227,2288229.671181172,2288229.671181172,2303318.8543730862,15089.183191914111,0.0,2388229.671181172,interactive_long,False,256
canvas_aware,228,2290453.118415326,2290474.4333416615,2304206.0596294785,13752.941214152612,21.314926335588098,2310453.118415326,interactive_short,False,32
canvas_aware,229,2290659.0239682924,2290705.1152800536,2308052.459175858,17393.43520756578,46.091311761178076,2390659.0239682924,interactive_long,False,256
canvas_aware,230,2292312.280211594,2292361.2779932544,2308428.003215018,16115.723003424238,48.99778166040778,2312312.280211594,interactive_short,False,32
canvas_aware,231,2293661.557881172,2293792.021313224,2308740.956580985,15079.398699813057,130.46343205217272,2313661.557881172,interactive_short,False,32
canvas_aware,232,2304731.798909608,2304828.301744637,2310973.279484166,6241.480574558023,96.5028350292705,2324731.798909608,interactive_short,False,32
canvas_aware,233,2313032.231628119,2313032.231628119,2316401.075487801,3368.8438596818596,0.0,2333032.231628119,interactive_short,False,32
canvas_aware,234,2315490.783581674,2315493.5107264975,2318862.3545861794,3371.5710045052692,2.727144823409617,2335490.783581674,interactive_short,False,32
canvas_aware,235,2327512.693217354,2327512.693217354,2330803.938523325,3291.2453059712425,0.0,2347512.693217354,interactive_short,False,32
canvas_aware,236,2342075.488966492,2342075.488966492,2352949.970136659,10874.481170167215,0.0,2442075.488966492,interactive_long,False,256
canvas_aware,237,2343912.183334668,2343958.192713999,2353734.2149540065,9822.031619338319,46.0093793310225,2363912.183334668,interactive_short,False,32
canvas_aware,238,2353257.9395440663,2353264.7849050565,2356596.1673939815,3338.227849915158,6.845360990148038,2373257.9395440663,interactive_short,False,32
canvas_aware,239,2367038.2515746723,2367038.2515746723,2370522.155358822,3483.903784149792,0.0,2387038.2515746723,interactive_short,False,32
canvas_aware,240,2368254.651017437,2368268.891123862,2371752.7949080113,3498.143890574109,14.240106424782425,2388254.651017437,interactive_short,False,32
canvas_aware,241,2385363.8868182665,2385363.8868182665,2388655.1321242377,3291.2453059712425,0.0,2405363.8868182665,interactive_short,False,32
canvas_aware,242,2418808.496413073,2418808.496413073,2422099.7417190447,3291.245305971708,0.0,2438808.496413073,interactive_short,False,32
canvas_aware,243,2419952.4949973198,2422128.3612434445,2433975.2084945096,14022.713497189805,2175.8662461247295,2519952.4949973198,interactive_long,False,256
canvas_aware,244,2420212.633709351,2422099.7417190447,2433902.796811913,13690.163102562074,1887.1080096936785,2440212.633709351,interactive_short,False,32
canvas_aware,245,2423951.6766913966,2424019.334651972,2434518.979458105,10567.302766708191,67.65796057553962,2443951.6766913966,interactive_short,False,32
canvas_aware,246,2435263.463948195,2435263.463948195,2438554.709254166,3291.2453059712425,0.0,2455263.463948195,interactive_short,False,32
canvas_aware,247,2467005.557416152,2467005.557416152,2470296.8027221235,3291.2453059712425,0.0,2487005.557416152,interactive_short,False,32
canvas_aware,248,2472058.209225313,2472058.209225313,2475349.454531284,3291.2453059712425,0.0,2492058.209225313,interactive_short,False,32
canvas_aware,249,2484611.386192407,2484611.386192407,2488135.4271595106,3524.0409671035595,0.0,2504611.386192407,interactive_short,False,32
canvas_aware,250,2485401.7801473024,2485412.7328756005,2488936.7738427036,3534.993695401121,10.952728298027068,2505401.7801473024,interactive_short,False,32
canvas_aware,251,2497133.449498489,2497133.449498489,2505460.7929970785,8327.343498589471,0.0,2597133.449498489,interactive_long,False,256
canvas_aware,252,2507001.7187459227,2507001.7187459227,2510499.0015910566,3497.2828451339155,0.0,2527001.7187459227,interactive_short,False,32
canvas_aware,253,2508076.471864627,2508089.260673113,2511586.543518247,3510.0716536198743,12.788808485958725,2528076.471864627,interactive_short,False,32
canvas_aware,254,2522881.682083911,2522881.682083911,2531209.0255825003,8327.343498589471,0.0,2622881.682083911,interactive_long,False,256
canvas_aware,255,2541872.4503389997,2541872.4503389997,2550199.793837589,8327.343498589471,0.0,2641872.4503389997,interactive_long,False,256
canvas_aware,256,2551045.653326384,2551045.653326384,2554521.5296739424,3475.876347558573,0.0,2571045.653326384,interactive_short,False,32
canvas_aware,257,2552335.9836102542,2552362.1514487723,2555838.027796331,3502.044186076615,26.167838518042117,2572335.9836102542,interactive_short,False,32
canvas_aware,258,2593590.839000741,2593590.839000741,2596882.0843067123,3291.2453059712425,0.0,2613590.839000741,interactive_short,False,32
canvas_aware,259,2608852.62804345,2608852.62804345,2619384.5410590563,10531.913015606347,0.0,2708852.62804345,interactive_long,False,256
canvas_aware,260,2613117.530476296,2613124.9173166393,2626637.750848868,13520.220372572076,7.386840343475342,2713117.530476296,interactive_long,False,256
canvas_aware,261,2618710.3041599616,2619384.5410590563,2632343.6630601985,13633.358900236897,674.2368990946561,2718710.3041599616,interactive_long,False,256
canvas_aware,262,2623339.7243912434,2623408.584893467,2633470.2951776786,10130.570786435157,68.86050222348422,2643339.7243912434,interactive_short,False,32
canvas_aware,263,2630391.128309451,2630476.936714723,2635216.0861660633,4824.95785661228,85.80840527173132,2650391.128309451,interactive_short,False,32
canvas_aware,264,2634564.9543341934,2635216.0861660633,2643543.429664653,8978.47533045942,651.1318318699487,2734564.9543341934,interactive_long,False,256
canvas_aware,265,2653507.9025949105,2653507.9025949105,2656799.147900882,3291.245305971708,0.0,2673507.9025949105,interactive_short,False,32
canvas_aware,266,2670786.22808828,2670786.22808828,2674077.4733942514,3291.2453059712425,0.0,2690786.22808828,interactive_short,False,32
canvas_aware,267,2671901.5664096936,2674077.4733942514,2682404.816892841,10503.250483147334,2175.9069845578633,2771901.5664096936,interactive_long,False,256
canvas_aware,268,2704289.180605472,2704289.180605472,2707580.4259114433,3291.2453059712425,0.0,2724289.180605472,interactive_short,False,32
canvas_aware,269,2714383.803025898,2714383.803025898,2717675.0483318698,3291.245305971708,0.0,2734383.803025898,interactive_short,False,32
canvas_aware,270,2732027.6185667664,2732027.6185667664,2740354.962065356,8327.343498589471,0.0,2832027.6185667664,interactive_long,False,256
canvas_aware,271,2744313.984733368,2744313.984733368,2747605.2300393395,3291.245305971708,0.0,2764313.984733368,interactive_short,False,32
canvas_aware,272,2750031.9059663718,2750031.9059663718,2753323.1512723435,3291.245305971708,0.0,2770031.9059663718,interactive_short,False,32
canvas_aware,273,2763266.8032899266,2763266.8032899266,2771594.146788516,8327.343498589471,0.0,2863266.8032899266,interactive_long,False,256
canvas_aware,274,2796927.1516027655,2796927.1516027655,2800229.1001575245,3301.948554758914,0.0,2816927.1516027655,interactive_short,False,32
canvas_aware,275,2800075.3878325033,2800103.918811138,2803405.8673658967,3330.4795333934017,28.530978634487838,2820075.3878325033,interactive_short,False,32
canvas_aware,276,2816588.3682683394,2816588.3682683394,2819879.613574311,3291.245305971708,0.0,2836588.3682683394,interactive_short,False,32
canvas_aware,277,2824314.0154116726,2824314.0154116726,2827605.2607176444,3291.245305971708,0.0,2844314.0154116726,interactive_short,False,32
canvas_aware,278,2830920.766988486,2830920.766988486,2834212.0122944573,3291.2453059712425,0.0,2850920.766988486,interactive_short,False,32
canvas_aware,279,2836640.235657547,2836640.235657547,2839931.480963519,3291.245305971708,0.0,2856640.235657547,interactive_short,False,32
canvas_aware,280,2849771.649208321,2849771.649208321,2853076.273575277,3304.6243669562973,0.0,2869771.649208321,interactive_short,False,32
canvas_aware,281,2852896.801844222,2852919.7968922937,2856224.4212592496,3327.619415027555,22.99504807172343,2872896.801844222,interactive_short,False,32
canvas_aware,282,2871982.8695737086,2871982.8695737086,2875274.11487968,3291.2453059712425,0.0,2891982.8695737086,interactive_short,False,32
canvas_aware,283,2889745.5318249194,2889745.5318249194,2893258.869543235,3513.3377183154225,0.0,2909745.5318249194,interactive_short,False,32
canvas_aware,284,2890652.0342455218,2890661.3566057114,2894174.694324027,3522.660078505054,9.322360189631581,2910652.0342455218,interactive_short,False,32
canvas_aware,285,2911991.533941764,2911991.533941764,2923883.1837014426,11891.649759678636,0.0,3011991.533941764,interactive_long,False,256
canvas_aware,286,2914786.8667730093,2914815.5895630247,2927823.4007742936,13036.534001284279,28.72279001539573,3014786.8667730093,interactive_long,False,256
canvas_aware,287,2921036.3043556632,2921075.2133054417,2929426.0941406796,8389.789785016328,38.90894977841526,2941036.3043556632,interactive_short,False,32
canvas_aware,288,2930460.8986099325,2930460.8986099325,2933752.1439159038,3291.2453059712425,0.0,2950460.8986099325,interactive_short,False,32
canvas_aware,289,2935224.9683456426,2935224.9683456426,2938794.4981200937,3569.5297744511627,0.0,2955224.9683456426,interactive_short,False,32
canvas_aware,290,2935516.167308423,2935539.7831140403,2939109.312888491,3593.145580067765,23.615805617067963,2955516.167308423,interactive_short,False,32
canvas_aware,291,2954551.0921914987,2954551.0921914987,2965536.9104812723,10985.818289773539,0.0,3054551.0921914987,interactive_long,False,256
canvas_aware,292,2956558.0640704455,2956578.619304199,2966413.179905979,9855.115835533477,20.555233753286302,2976558.0640704455,interactive_short,False,32
canvas_aware,293,2958942.15701873,2959003.368272107,2967100.048491573,8157.89147284301,61.211253377143294,2978942.15701873,interactive_short,False,32
canvas_aware,294,2974928.7371095177,2974928.7371095177,2978219.982415489,3291.2453059712425,0.0,2994928.7371095177,interactive_short,False,32
canvas_aware,295,2979089.0268548145,2979089.0268548145,2982380.272160786,3291.245305971708,0.0,2999089.0268548145,interactive_short,False,32
canvas_aware,296,3000318.3628110494,3000318.3628110494,3003609.6081170207,3291.2453059712425,0.0,3020318.3628110494,interactive_short,False,32
canvas_aware,297,3012397.6272521545,3012397.6272521545,3015694.22418252,3296.596930365544,0.0,3032397.6272521545,interactive_short,False,32
canvas_aware,298,3015630.9764162414,3015631.6335093267,3018928.230439692,3297.2540234504268,0.6570930853486061,3035630.9764162414,interactive_short,False,32
canvas_aware,299,3015733.006299756,3018928.230439692,3027255.5739382813,11522.567638525274,3195.2241399358027,3115733.006299756,interactive_long,False,256
