policy,request_id,arrival_ms,first_start_ms,completion_ms,latency_ms,first_wait_ms,deadline_ms,service_class,slo_miss,canvas
arrival_dense,0,0.0,0.0,25463.180649795686,25463.180649795686,0.0,20000.0,interactive_short,True,32
arrival_dense,1,1171.331658964187,1173.4005003992934,57617.38866539963,56446.05700643545,2.0688414351063784,21171.331658964187,interactive_short,True,32
arrival_dense,2,1565.7096795727393,1580.2398761559743,67812.62535327405,66246.91567370131,14.53019658323501,21565.70967957274,interactive_short,True,32
arrival_dense,3,2465.3888732375417,2473.2694324979093,82713.35589709051,80247.96702385298,7.8805592603675905,22465.38887323754,interactive_short,True,32
arrival_dense,4,2902.135697588422,2911.950618069386,88203.0987290229,85300.96303143447,9.814920480964247,22902.135697588423,interactive_short,True,32
arrival_dense,5,2982.2751151728585,2990.2865440642927,88987.34770501324,86005.07258984038,8.011428891434207,22982.27511517286,interactive_short,True,32
arrival_dense,6,3050.4402075585945,3084.2896552581806,89771.59668100358,86721.15647344498,33.84944769958611,103050.4402075586,interactive_long,False,256
arrival_dense,7,3234.7115731194913,3429.536672931863,90555.84565699392,87321.13408387442,194.82509981237172,23234.71157311949,interactive_short,True,32
arrival_dense,8,4380.9373226986045,4613.240733527346,92908.59258496494,88527.65526226633,232.3034108287411,24380.937322698606,interactive_short,True,32
arrival_dense,9,5176.054822046136,5501.0187789739575,94477.09053694562,89301.03571489948,324.9639569278215,25176.054822046135,interactive_short,True,32
arrival_dense,10,6161.626789000866,6487.438829470193,96045.5884889263,89883.96169992544,325.81204046932726,26161.626789000868,interactive_short,True,32
arrival_dense,11,7307.571222693039,7572.500885016052,97614.08644090698,90306.51521821394,264.92966232301296,27307.57122269304,interactive_short,True,32
arrival_dense,12,7425.480833787537,7572.500885016052,97614.08644090698,90188.60560711943,147.0200512285146,27425.480833787537,interactive_short,True,32
arrival_dense,13,7569.008461074401,7572.500885016052,97614.08644090698,90045.07797983258,3.4924239416513956,27569.0084610744,interactive_short,True,32
arrival_dense,14,7623.243144680727,8258.7187390076,98398.33541689732,90775.09227221659,635.4755943268729,27623.243144680728,interactive_short,True,32
arrival_dense,15,8380.57126688595,8993.952153998544,99182.58439288766,90802.01312600171,613.380887112593,28380.57126688595,interactive_short,True,32
arrival_dense,16,9458.234757895287,25463.180649795686,115651.8128886848,106193.57813078951,16004.9458919004,29458.234757895287,interactive_short,True,32
arrival_dense,17,9718.990506869739,57617.38866539963,147806.02090428874,138087.030397419,47898.39815852989,29718.99050686974,interactive_short,True,32
arrival_dense,18,10203.653686584274,67812.62535327405,158001.25759216317,147797.6039055789,57608.97166668978,110203.65368658428,interactive_long,True,256
arrival_dense,19,10287.598785380122,82713.35589709051,172901.98813597963,162614.3893505995,72425.7571117104,30287.59878538012,interactive_short,True,32
arrival_dense,20,11616.379637436165,88203.0987290229,178391.730967912,166775.35133047585,76586.71909158672,111616.37963743617,interactive_long,True,256
arrival_dense,21,12616.161631916308,88987.34770501324,179175.97994390235,166559.81831198605,76371.18607309693,32616.161631916308,interactive_short,True,32
arrival_dense,22,14485.323239382093,89771.59668100358,179960.2289198927,165474.9056805106,75286.27344162148,34485.323239382094,interactive_short,True,32
arrival_dense,23,15317.723820262268,90555.84565699392,180744.47789588303,165426.75407562076,75238.12183673165,35317.72382026227,interactive_short,True,32
arrival_dense,24,16383.791537594923,92908.59258496494,183097.22482385405,166713.43328625913,76524.80104737001,116383.79153759492,interactive_long,True,256
arrival_dense,25,16396.340895587342,94477.09053694562,184665.72277583473,168269.38188024738,78080.74964135827,36396.340895587346,interactive_short,True,32
arrival_dense,26,17063.31420335273,96045.5884889263,186234.2207278154,169170.90652446268,78982.27428557357,37063.314203352726,interactive_short,True,32
arrival_dense,27,17265.18659866415,97614.08644090698,187802.7186797961,170537.53208113194,80348.89984224283,37265.18659866415,interactive_short,True,32
arrival_dense,28,18600.678603606862,97614.08644090698,187802.7186797961,169202.04007618924,79013.40783730011,118600.67860360687,interactive_long,True,256
arrival_dense,29,19411.01686580571,97614.08644090698,187802.7186797961,168391.70181399037,78203.06957510127,39411.01686580571,interactive_short,True,32
arrival_dense,30,20408.802516297103,98398.33541689732,188586.96765578643,168178.16513948934,77989.53290060021,120408.8025162971,interactive_long,True,256
arrival_dense,31,21241.14390401677,99182.58439288766,189371.21663177677,168130.07272776,77941.44048887088,41241.143904016775,interactive_short,True,32
arrival_dense,32,21396.316179153477,115651.8128886848,205840.4451275739,184444.12894842043,94255.49670953132,41396.31617915348,interactive_short,True,32
arrival_dense,33,22170.4276389915,147806.02090428874,237994.65314317786,215824.22550418635,125635.59326529724,122170.4276389915,interactive_long,True,256
arrival_dense,34,22227.625817309778,158001.25759216317,248189.88983105228,225962.2640137425,135773.6317748534,42227.625817309774,interactive_short,True,32
arrival_dense,35,23256.140245383693,172901.98813597963,263090.62037486874,239834.48012948505,149645.84789059593,43256.14024538369,interactive_short,True,32
arrival_dense,36,24234.197644985197,178391.730967912,268580.3632068011,244346.16556181593,154157.5333229268,124234.1976449852,interactive_long,True,256
arrival_dense,37,24359.990838893827,179175.97994390235,269364.61218279146,245004.62134389763,154815.9891050085,44359.99083889383,interactive_short,True,32
arrival_dense,38,25207.997182895815,179960.2289198927,270148.8611587818,244940.863975886,154752.23173699688,125207.99718289581,interactive_long,True,256
arrival_dense,39,25516.371104321515,180744.47789588303,270933.11013477214,245416.73903045064,155228.10679156153,45516.371104321515,interactive_short,True,32
arrival_dense,40,25698.430154521036,183097.22482385405,273285.85706274316,247587.4269082221,157398.794669333,45698.43015452103,interactive_short,True,32
arrival_dense,41,26491.646196213445,184665.72277583473,274854.35501472384,248362.7088185104,158174.0765796213,46491.64619621345,interactive_short,True,32
arrival_dense,42,26620.769639286056,186234.2207278154,276422.8529667045,249802.08332741846,159613.45108852934,46620.76963928605,interactive_short,True,32
arrival_dense,43,26632.7441066642,187802.7186797961,277991.3509186852,251358.606812021,161169.97457313188,46632.7441066642,interactive_short,True,32
arrival_dense,44,26740.040332569013,187802.7186797961,277991.3509186852,251251.3105861162,161062.67834722708,46740.04033256901,interactive_short,True,32
arrival_dense,45,26938.983743960976,187802.7186797961,277991.3509186852,251052.36717472423,160863.73493583512,46938.98374396098,interactive_short,True,32
arrival_dense,46,27937.833208212847,188586.96765578643,278775.59989467554,250837.76668646268,160649.13444757357,47937.83320821285,interactive_short,True,32
arrival_dense,47,29641.779642182315,189371.21663177677,279559.8488706659,249918.06922848357,159729.43698959445,49641.779642182315,interactive_short,True,32
arrival_dense,48,29805.424400657474,205840.4451275739,296029.077366463,266223.65296580555,176035.02072691644,49805.42440065747,interactive_short,True,32
arrival_dense,49,30318.31224161087,237994.65314317786,328183.28538206697,297864.9731404561,207676.340901567,50318.31224161087,interactive_short,True,32
arrival_dense,50,30573.45711226591,248189.88983105228,338378.5220699414,307805.06495767547,217616.43271878635,50573.45711226591,interactive_short,True,32
arrival_dense,51,32559.069997750434,263090.62037486874,353279.25261375785,320720.1826160074,230531.5503771183,52559.069997750434,interactive_short,True,32
arrival_dense,52,32943.237885531045,268580.3632068011,358768.99544569023,325825.7575601592,235637.12532127008,52943.237885531045,interactive_short,True,32
arrival_dense,53,34343.62615416367,269364.61218279146,359553.2444216806,325209.6182675169,235020.98602862778,134343.62615416368,interactive_long,True,256
arrival_dense,54,34404.90308858237,270148.8611587818,360337.4933976709,325932.5903090885,235743.95807019944,54404.90308858237,interactive_short,True,32
arrival_dense,55,36164.90386883638,270933.11013477214,361121.74237366125,324956.8385048249,234768.20626593576,56164.90386883638,interactive_short,True,32
arrival_dense,56,36263.2568171127,273285.85706274316,363474.4893016323,327211.2324845196,237022.60024563046,56263.2568171127,interactive_short,True,32
arrival_dense,57,37905.42174307683,274854.35501472384,365042.98725361296,327137.56551053614,236948.93327164702,57905.42174307683,interactive_short,True,32
arrival_dense,58,38059.6814870708,276422.8529667045,366611.48520559364,328551.80371852283,238363.17147963372,58059.6814870708,interactive_short,True,32
arrival_dense,59,38117.05175425955,277991.3509186852,368179.9831575743,330062.93140331475,239874.29916442564,58117.05175425955,interactive_short,True,32
arrival_dense,60,38402.130622771125,277991.3509186852,368179.9831575743,329777.8525348032,239589.22029591407,138402.13062277113,interactive_long,True,256
arrival_dense,61,39054.110184089855,277991.3509186852,368179.9831575743,329125.87297348445,238937.24073459534,59054.110184089855,interactive_short,True,32
arrival_dense,62,39242.3138712813,278775.59989467554,368964.23213356466,329721.9182622834,239533.28602339423,59242.3138712813,interactive_short,True,32
arrival_dense,63,39708.28116866232,279559.8488706659,369748.481109555,330040.1999408927,239851.56770200358,59708.28116866232,interactive_short,True,32
arrival_dense,64,40066.41032699541,296029.077366463,386217.70960535214,346151.2992783567,255962.6670394676,140066.41032699542,interactive_long,True,256
arrival_dense,65,40309.6357467324,328183.28538206697,418371.9176209561,378062.28187422367,287873.64963533456,140309.6357467324,interactive_long,True,256
arrival_dense,66,40739.3405874416,338378.5220699414,428567.1543088305,387827.8137213889,297639.1814824998,60739.3405874416,interactive_short,True,32
arrival_dense,67,40886.3399149278,353279.25261375785,443467.88485264697,402581.5449377192,312392.91269883007,60886.3399149278,interactive_short,True,32
arrival_dense,68,41503.18712875418,358768.99544569023,448957.62768457935,407454.4405558252,317265.8083169361,61503.18712875418,interactive_short,True,32
arrival_dense,69,41504.033483776315,359553.2444216806,449741.8766605697,408237.84317679337,318049.21093790425,61504.033483776315,interactive_short,True,32
arrival_dense,70,42803.01628166911,360337.4933976709,450526.12563656,407723.10935489094,317534.4771160018,62803.01628166911,interactive_short,True,32
arrival_dense,71,43189.600889409885,361121.74237366125,451310.37461255037,408120.7737231405,317932.14148425136,143189.6008894099,interactive_long,True,256
arrival_dense,72,43825.06690327878,363474.4893016323,453663.1215405214,409838.05463724263,319649.4223983535,143825.06690327878,interactive_long,True,256
arrival_dense,73,44502.36801129497,365042.98725361296,455231.61949250207,410729.2514812071,320540.619242318,64502.36801129497,interactive_short,True,32
arrival_dense,74,45057.65251098892,366611.48520559364,456800.11744448275,411742.4649334938,321553.8326946047,65057.65251098892,interactive_short,True,32
arrival_dense,75,45284.1050121679,368179.9831575743,458368.6153964634,413084.51038429554,322895.87814540643,65284.1050121679,interactive_short,True,32
arrival_dense,76,45320.37627874394,368179.9831575743,458368.6153964634,413048.23911771947,322859.60687883035,145320.37627874393,interactive_long,True,256
arrival_dense,77,45866.05216119919,368179.9831575743,458368.6153964634,412502.5632352642,322313.9309963751,65866.05216119919,interactive_short,True,32
arrival_dense,78,46066.4402474157,368964.23213356466,459152.86437245377,413086.4241250381,322897.791886149,66066.44024741571,interactive_short,True,32
arrival_dense,79,46254.81759363009,369748.481109555,459937.1133484441,413682.295754814,323493.6635159249,66254.81759363008,interactive_short,True,32
arrival_dense,80,47196.80523675841,386217.70960535214,476406.34184424125,429209.5366074828,339020.9043685937,67196.8052367584,interactive_short,True,32
arrival_dense,81,47832.84945106527,418371.9176209561,508560.5498598452,460727.7004087799,370539.0681698908,67832.84945106527,interactive_short,True,32
arrival_dense,82,48011.41716761854,428567.1543088305,518755.7865477196,470744.3693801011,380555.737141212,68011.41716761855,interactive_short,True,32
arrival_dense,83,48196.43091610786,443467.88485264697,533656.5170915361,485460.08617542824,395271.4539365391,148196.43091610787,interactive_long,True,256
arrival_dense,84,48458.88719682506,448957.62768457935,539146.2599234685,490687.3727266434,400498.7404877543,68458.88719682506,interactive_short,True,32
arrival_dense,85,48716.304343250406,449741.8766605697,539930.5088994588,491214.2045562084,401025.5723173193,68716.3043432504,interactive_short,True,32
arrival_dense,86,48891.547980041694,450526.12563656,540714.7578754491,491823.20989540743,401634.5776565183,148891.5479800417,interactive_long,True,256
arrival_dense,87,48959.622702156186,451310.37461255037,541499.0068514395,492539.3841492833,402350.7519103942,68959.6227021562,interactive_short,True,32
arrival_dense,88,49232.371208495235,453663.1215405214,543851.7537794105,494619.3825709153,404430.75033202616,69232.37120849523,interactive_short,True,32
arrival_dense,89,50642.116378047685,455231.61949250207,545420.2517313912,494778.1353533435,404589.5031144544,70642.11637804768,interactive_short,True,32
arrival_dense,90,51207.66027366786,456800.11744448275,546988.7496833719,495781.08940970397,405592.45717081486,71207.66027366786,interactive_short,True,32
arrival_dense,91,52373.181085670556,458368.6153964634,548557.2476353525,496184.066549682,405995.4343107929,72373.18108567056,interactive_short,True,32
arrival_dense,92,52851.106227620774,458368.6153964634,548557.2476353525,495706.14140773175,405517.50916884263,152851.10622762077,interactive_long,True,256
arrival_dense,93,53030.12264217715,458368.6153964634,548557.2476353525,495527.1249931754,405338.4927542863,73030.12264217716,interactive_short,True,32
arrival_dense,94,53427.089742079675,459152.86437245377,549341.4966113429,495914.4068692632,405725.7746303741,73427.08974207967,interactive_short,True,32
arrival_dense,95,53427.29275313623,459937.1133484441,550125.7455873332,496698.45283419697,406509.82059530786,73427.29275313622,interactive_short,True,32
arrival_dense,96,53596.36917897643,476406.34184424125,566594.9740831304,512998.60490415397,422809.97266526485,153596.36917897643,interactive_long,True,256
arrival_dense,97,53877.3305336343,508560.5498598452,598749.1820987343,544871.8515651,454683.2193262109,73877.33053363429,interactive_short,True,32
arrival_dense,98,54311.06270019071,518755.7865477196,608944.4187866087,554633.356086418,464444.7238475289,154311.0627001907,interactive_long,True,256
arrival_dense,99,54842.74168076337,533656.5170915361,623845.1493304252,569002.4076496619,478813.7754107727,154842.74168076337,interactive_long,True,256
arrival_dense,100,55155.47490977593,539146.2599234685,629334.8921623576,574179.4172525817,483990.7850136925,75155.47490977592,interactive_short,True,32
arrival_dense,101,55447.31627792467,539930.5088994588,630119.1411383479,574671.8248604232,484483.1926215341,75447.31627792466,interactive_short,True,32
arrival_dense,102,55567.52560879221,540714.7578754491,630903.3901143383,575335.864505546,485147.23226665694,75567.5256087922,interactive_short,True,32
arrival_dense,103,55887.9796521969,541499.0068514395,631687.6390903286,575799.6594381317,485611.0271992426,75887.9796521969,interactive_short,True,32
arrival_dense,104,57045.21146344357,543851.7537794105,634040.3860182996,576995.174554856,486806.5423159669,77045.21146344357,interactive_short,True,32
arrival_dense,105,57840.08979628094,545420.2517313912,635608.8839702803,577768.7941739993,487580.1619351102,77840.08979628094,interactive_short,True,32
arrival_dense,106,57933.06871402434,546988.7496833719,637177.381922261,579244.3132082366,489055.68096934754,77933.06871402434,interactive_short,True,32
arrival_dense,107,57977.372604793556,548557.2476353525,638745.8798742417,580768.5072694481,490579.87503055896,77977.37260479355,interactive_short,True,32
arrival_dense,108,58339.64200570052,548557.2476353525,638745.8798742417,580406.2378685412,490217.60562965204,78339.64200570053,interactive_short,True,32
arrival_dense,109,58840.75814968067,548557.2476353525,638745.8798742417,579905.121724561,489716.48948567186,158840.75814968068,interactive_long,True,256
arrival_dense,110,59044.8838343036,549341.4966113429,639530.128850232,580485.2450159284,490296.6127770393,159044.8838343036,interactive_long,True,256
arrival_dense,111,59897.922849887065,550125.7455873332,640314.3778262223,580416.4549763353,490227.8227374462,79897.92284988707,interactive_short,True,32
arrival_dense,112,60593.35150273642,566594.9740831304,656783.6063220195,596190.254819283,506001.6225803939,80593.35150273642,interactive_short,True,32
arrival_dense,113,61151.936724010215,598749.1820987343,688937.8143376234,627785.8776136131,537597.245374724,81151.93672401021,interactive_short,True,32
arrival_dense,114,61279.15107416356,608944.4187866087,699133.0510254978,637853.8999513343,547665.2677124452,161279.15107416356,interactive_long,True,256
arrival_dense,115,61390.17935327033,623845.1493304252,714033.7815693143,652643.602216044,562454.9699771549,161390.17935327033,interactive_long,True,256
arrival_dense,116,61402.54367109993,629334.8921623576,719523.5244012467,658120.9807301468,567932.3484912576,81402.54367109993,interactive_short,True,32
arrival_dense,117,61542.95817139354,630119.1411383479,720307.773377237,658764.8152058435,568576.1829669544,81542.95817139355,interactive_short,True,32
arrival_dense,118,61865.26654809012,630903.3901143383,721092.0223532274,659226.7558051372,569038.1235662481,81865.26654809012,interactive_short,True,32
arrival_dense,119,62812.9529528822,631687.6390903286,721876.2713292177,659063.3183763355,568874.6861374464,82812.9529528822,interactive_short,True,32
arrival_dense,120,62850.76116940531,634040.3860182996,724229.0182571887,661378.2570877834,571189.6248488943,162850.7611694053,interactive_long,True,256
arrival_dense,121,63118.35534501975,635608.8839702803,725797.5162091694,662679.1608641497,572490.5286252606,83118.35534501975,interactive_short,True,32
arrival_dense,122,63615.16452911471,637177.381922261,727366.0141611501,663750.8496320354,573562.2173931462,163615.1645291147,interactive_long,True,256
arrival_dense,123,63723.27036825511,638745.8798742417,728934.5121131308,665211.2417448757,575022.6095059866,83723.27036825511,interactive_short,True,32
arrival_dense,124,64319.217145619754,638745.8798742417,728934.5121131308,664615.294967511,574426.6627286219,84319.21714561975,interactive_short,True,32
arrival_dense,125,64660.19928608958,638745.8798742417,728934.5121131308,664274.3128270411,574085.680588152,84660.19928608957,interactive_short,True,32
arrival_dense,126,64800.04594631269,639530.128850232,729718.7610891211,664918.7151428084,574730.0829039193,84800.04594631269,interactive_short,True,32
arrival_dense,127,65333.687082703895,640314.3778262223,730503.0100651114,665169.3229824075,574980.6907435184,165333.6870827039,interactive_long,True,256
arrival_dense,128,65336.46720655622,656783.6063220195,746972.2385609086,681635.7713543524,591447.1391154632,165336.46720655623,interactive_long,True,256
arrival_dense,129,66031.5470708113,688937.8143376234,779126.4465765125,713094.8995057013,622906.2672668122,166031.5470708113,interactive_long,True,256
arrival_dense,130,66766.48547586781,699133.0510254978,789321.683264387,722555.1977885191,632366.56554963,86766.48547586781,interactive_short,True,32
arrival_dense,131,66822.83880134864,714033.7815693143,804222.4138082034,737399.5750068547,647210.9427679656,86822.83880134864,interactive_short,True,32
arrival_dense,132,67099.65856177217,719523.5244012467,809712.1566401358,742612.4980783636,652423.8658394745,167099.65856177217,interactive_long,True,256
arrival_dense,133,67196.38217993575,720307.773377237,810496.4056161261,743300.0234361903,653111.3911973012,167196.38217993575,interactive_long,True,256
arrival_dense,134,68781.0209150452,721092.0223532274,811280.6545921165,742499.6336770713,652311.0014381822,88781.0209150452,interactive_short,True,32
arrival_dense,135,69145.88267209117,721876.2713292177,812064.9035681068,742919.0208960157,652730.3886571266,89145.88267209117,interactive_short,True,32
arrival_dense,136,69171.64427204579,724229.0182571887,814417.6504960778,745246.006224032,655057.3739851429,89171.64427204579,interactive_short,True,32
arrival_dense,137,69314.95111351069,725797.5162091694,815986.1484480585,746671.1973345479,656482.5650956588,169314.9511135107,interactive_long,True,256
arrival_dense,138,70257.99612428322,727366.0141611501,817554.6464000392,747296.650275756,657108.0180368669,170257.99612428324,interactive_long,True,256
arrival_dense,139,70562.82379256428,728934.5121131308,819123.1443520199,748560.3205594555,658371.6883205664,90562.82379256428,interactive_short,True,32
arrival_dense,140,71371.09685488073,728934.5121131308,819123.1443520199,747752.0474971392,657563.4152582501,91371.09685488073,interactive_short,True,32
arrival_dense,141,71921.7714690968,728934.5121131308,819123.1443520199,747201.3728829231,657012.740644034,91921.7714690968,interactive_short,True,32
arrival_dense,142,74128.73462274238,729718.7610891211,819907.3933280102,745778.6587052678,655590.0264663787,94128.73462274238,interactive_short,True,32
arrival_dense,143,74581.22745860655,730503.0100651114,820691.6423040006,746110.414845394,655921.7826065049,174581.22745860653,interactive_long,True,256
arrival_dense,144,76079.48983678088,746972.2385609086,837160.8707997977,761081.3809630168,670892.7487241277,96079.48983678088,interactive_short,True,32
arrival_dense,145,77189.65115054013,779126.4465765125,869315.0788154016,792125.4276648615,701936.7954259724,97189.65115054013,interactive_short,True,32
arrival_dense,146,77663.86744977381,789321.683264387,879510.3155032761,801846.4480535022,711657.8158146131,97663.86744977381,interactive_short,True,32
arrival_dense,147,78299.05546796502,804222.4138082034,894411.0460470925,816111.9905791276,725923.3583402385,98299.05546796502,interactive_short,True,32
arrival_dense,148,78650.43020043183,809712.1566401358,899900.7888790249,821250.3586785931,731061.726439704,98650.43020043183,interactive_short,True,32
arrival_dense,149,79538.08545863265,810496.4056161261,900685.0378550153,821146.9523963826,730958.3201574935,99538.08545863265,interactive_short,True,32
arrival_dense,150,79934.98038071344,811280.6545921165,901469.2868310056,821534.3064502921,731345.674211403,179934.98038071344,interactive_long,True,256
arrival_dense,151,81072.50475786056,812064.9035681068,902253.5358069959,821181.0310491354,730992.3988102463,101072.50475786056,interactive_short,True,32
arrival_dense,152,81753.1211630551,814417.6504960778,904606.282734967,822853.1615719119,732664.5293330228,101753.1211630551,interactive_short,True,32
arrival_dense,153,82074.98970717941,815986.1484480585,906174.7806869476,824099.7909797683,733911.1587408792,102074.98970717941,interactive_short,True,32
arrival_dense,154,82224.99630070727,817554.6464000392,907743.2786389283,825518.2823382211,735329.650099332,102224.99630070727,interactive_short,True,32
arrival_dense,155,82367.00053989809,819123.1443520199,909311.776590909,826944.7760510109,736756.1438121218,102367.00053989809,interactive_short,True,32
arrival_dense,156,82874.58866325446,819123.1443520199,909311.776590909,826437.1879276545,736248.5556887654,102874.58866325446,interactive_short,True,32
arrival_dense,157,83600.4077929984,819123.1443520199,909311.776590909,825711.3687979106,735522.7365590215,103600.4077929984,interactive_short,True,32
arrival_dense,158,83968.74818878995,819907.3933280102,910096.0255668993,826127.2773781094,735938.6451392203,103968.74818878995,interactive_short,True,32
arrival_dense,159,84461.49951628041,820691.6423040006,910880.2745428897,826418.7750266093,736230.1427877202,104461.49951628041,interactive_short,True,32
arrival_dense,160,84622.01378257456,837160.8707997977,927349.5030386868,842727.4892561123,752538.8570172231,104622.01378257456,interactive_short,True,32
arrival_dense,161,84662.33871189416,869315.0788154016,959503.7110542908,874841.3723423966,784652.7401035075,104662.33871189416,interactive_short,True,32
arrival_dense,162,84830.58453590318,879510.3155032761,969698.9477421652,884868.363206262,794679.7309673729,104830.58453590318,interactive_short,True,32
arrival_dense,163,84989.11602135918,894411.0460470925,984599.6782859816,899610.5622646224,809421.9300257333,184989.11602135916,interactive_long,True,256
arrival_dense,164,85181.73375472365,899900.7888790249,990089.421117914,904907.6873631903,814719.0551243012,185181.73375472365,interactive_long,True,256
arrival_dense,165,85570.16363611515,900685.0378550153,990873.6700939044,905303.5064577892,815114.8742189001,105570.16363611515,interactive_short,True,32
arrival_dense,166,85644.6306604025,901469.2868310056,991657.9190698947,906013.2884094922,815824.6561706031,105644.6306604025,interactive_short,True,32
arrival_dense,167,85776.13285687883,902253.5358069959,992442.168045885,906666.0351890062,816477.4029501171,105776.13285687883,interactive_short,True,32
arrival_dense,168,86368.13594607066,904606.282734967,994794.9149738561,908426.7790277854,818238.1467888963,106368.13594607066,interactive_short,True,32
arrival_dense,169,86980.93703650791,906174.7806869476,996363.4129258367,909382.4758893289,819193.8436504398,106980.93703650791,interactive_short,True,32
arrival_dense,170,87014.12920202049,907743.2786389283,997931.9108778174,910917.781675797,820729.1494369078,187014.12920202047,interactive_long,True,256
arrival_dense,171,87275.9152682983,909311.776590909,999500.4088297981,912224.4935614998,822035.8613226106,107275.9152682983,interactive_short,True,32
arrival_dense,172,87667.02594521933,909311.776590909,999500.4088297981,911833.3828845788,821644.7506456897,107667.02594521933,interactive_short,True,32
arrival_dense,173,87935.75983792882,909311.776590909,999500.4088297981,911564.6489918693,821376.0167529802,187935.7598379288,interactive_long,True,256
arrival_dense,174,88051.62145727403,910096.0255668993,1000284.6578057884,912233.0363485144,822044.4041096253,188051.621457274,interactive_long,True,256
arrival_dense,175,88324.10878252305,910880.2745428897,1001068.9067817788,912744.7979992557,822556.1657603666,108324.10878252305,interactive_short,True,32
arrival_dense,176,89500.19858409047,927349.5030386868,1017538.1352775759,928037.9366934855,837849.3044545964,109500.19858409047,interactive_short,True,32
arrival_dense,177,89938.82905232742,959503.7110542908,1049692.3432931798,959753.5142408523,869564.8820019633,109938.82905232742,interactive_short,True,32
arrival_dense,178,90533.40889432828,969698.9477421652,1059887.5799810542,969354.1710867259,879165.5388478369,110533.40889432828,interactive_short,True,32
arrival_dense,179,91504.92814548327,984599.6782859816,1074788.3105248706,983283.3823793874,893094.7501404984,111504.92814548327,interactive_short,True,32
arrival_dense,180,92230.27968654275,990089.421117914,1080278.053356803,988047.7736702603,897859.1414313712,112230.27968654275,interactive_short,True,32
arrival_dense,181,92469.60496286812,990873.6700939044,1081062.3023327934,988592.6973699252,898404.0651310362,112469.60496286812,interactive_short,True,32
arrival_dense,182,92472.56172992403,991657.9190698947,1081846.5513087837,989373.9895788596,899185.3573399707,192472.56172992403,interactive_long,True,256
arrival_dense,183,92689.30794681743,992442.168045885,1082630.800284774,989941.4923379566,899752.8600990677,112689.30794681743,interactive_short,True,32
arrival_dense,184,93389.45413584379,994794.9149738561,1084983.547212745,991594.0930769013,901405.4608380123,113389.45413584379,interactive_short,True,32
arrival_dense,185,94349.64144954704,996363.4129258367,1086552.0451647257,992202.4037151787,902013.7714762897,114349.64144954704,interactive_short,True,32
arrival_dense,186,95883.04444454715,997931.9108778174,1088120.5431167064,992237.4986721593,902048.8664332703,195883.04444454715,interactive_long,True,256
arrival_dense,187,96154.56502146393,999500.4088297981,1089689.041068687,993534.4760472232,903345.8438083342,116154.56502146393,interactive_short,True,32
arrival_dense,188,96842.76806523936,999500.4088297981,1089689.041068687,992846.2730034478,902657.6407645587,116842.76806523936,interactive_short,True,32
arrival_dense,189,97237.74284251282,999500.4088297981,1089689.041068687,992451.2982261743,902262.6659872853,117237.74284251282,interactive_short,True,32
arrival_dense,190,97699.97056499714,1000284.6578057884,1090473.2900446774,992773.3194796803,902584.6872407913,117699.97056499714,interactive_short,True,32
arrival_dense,191,97824.54668081932,1001068.9067817788,1091257.5390206678,993432.9923398484,903244.3601009594,117824.54668081932,interactive_short,True,32
arrival_dense,192,97948.40675081649,1017538.1352775759,1107726.767516465,1009778.3607656484,919589.7285267594,117948.40675081649,interactive_short,True,32
arrival_dense,193,98234.6118743927,1049692.3432931798,1139880.9755320689,1041646.3636576761,951457.731418787,198234.61187439272,interactive_long,True,256
arrival_dense,194,98249.33906051255,1059887.5799810542,1150076.2122199433,1051826.8731594307,961638.2409205416,118249.33906051255,interactive_short,True,32
arrival_dense,195,98454.1731827479,1074788.3105248706,1164976.9427637598,1066522.769581012,976334.1373421227,198454.1731827479,interactive_long,True,256
arrival_dense,196,99022.5513142485,1080278.053356803,1170466.6855956921,1071444.1342814437,981255.5020425546,119022.5513142485,interactive_short,True,32
arrival_dense,197,99281.57435283644,1081062.3023327934,1171250.9345716825,1071969.360218846,981780.7279799569,119281.57435283644,interactive_short,True,32
arrival_dense,198,99371.76291577135,1081846.5513087837,1172035.1835476728,1072663.4206319014,982474.7883930124,199371.76291577134,interactive_long,True,256
arrival_dense,199,99686.74597084758,1082630.800284774,1172819.4325236632,1073132.6865528156,982944.0543139265,199686.74597084758,interactive_long,True,256
arrival_dense,200,99755.0155249287,1084983.547212745,1175172.1794516342,1075417.1639267055,985228.5316878164,199755.0155249287,interactive_long,True,256
arrival_dense,201,100241.78607765964,1086552.0451647257,1176740.6774036149,1076498.8913259553,986310.2590870662,200241.78607765964,interactive_long,True,256
arrival_dense,202,100255.45443684058,1088120.5431167064,1178309.1753555955,1078053.720918755,987865.0886798658,200255.45443684058,interactive_long,True,256
arrival_dense,203,100505.90879672789,1089689.041068687,1179877.6733075762,1079371.7645108483,989183.1322719592,120505.90879672789,interactive_short,True,32
arrival_dense,204,100921.4150385529,1089689.041068687,1179877.6733075762,1078956.2582690234,988767.6260301342,120921.4150385529,interactive_short,True,32
arrival_dense,205,100935.15307872482,1089689.041068687,1179877.6733075762,1078942.5202288514,988753.8879899622,120935.15307872482,interactive_short,True,32
arrival_dense,206,101449.812317172,1090473.2900446774,1180661.9222835666,1079212.1099663945,989023.4777275054,121449.812317172,interactive_short,True,32
arrival_dense,207,101522.7296946453,1091257.5390206678,1181446.171259557,1079923.4415649115,989734.8093260225,121522.7296946453,interactive_short,True,32
arrival_dense,208,101832.39787611211,1107726.767516465,1197915.399755354,1096083.001879242,1005894.3696403528,121832.39787611211,interactive_short,True,32
arrival_dense,209,101858.19435285182,1139880.9755320689,1230069.607770958,1128211.4134181063,1038022.781179217,201858.19435285183,interactive_long,True,256
arrival_dense,210,102096.49008493083,1150076.2122199433,1240264.8444588324,1138168.3543739016,1047979.7221350125,122096.49008493083,interactive_short,True,32
arrival_dense,211,102215.4031702405,1164976.9427637598,1255165.5750026489,1152950.1718324083,1062761.5395935192,202215.40317024052,interactive_long,True,256
arrival_dense,212,102413.29359999309,1170466.6855956921,1260655.3178345812,1158242.0242345883,1068053.3919956991,122413.29359999309,interactive_short,True,32
arrival_dense,213,103129.42025505258,1171250.9345716825,1261439.5668105716,1158310.146555519,1068121.5143166299,123129.42025505258,interactive_short,True,32
arrival_dense,214,103367.73398674298,1172035.1835476728,1262223.815786562,1158856.081799819,1068667.4495609298,203367.73398674297,interactive_long,True,256
arrival_dense,215,104064.91705909783,1172819.4325236632,1263008.0647625523,1158943.1477034544,1068754.5154645653,204064.91705909785,interactive_long,True,256
arrival_dense,216,104956.58741785116,1175172.1794516342,1265360.8116905233,1160404.224272672,1070215.592033783,124956.58741785116,interactive_short,True,32
arrival_dense,217,105101.94510650923,1176740.6774036149,1266929.309642504,1161827.3645359948,1071638.7322971057,125101.94510650923,interactive_short,True,32
arrival_dense,218,105144.67298181758,1178309.1753555955,1268497.8075944846,1163353.1346126671,1073164.502373778,125144.67298181758,interactive_short,True,32
arrival_dense,219,105154.45978497482,1179877.6733075762,1270066.3055464653,1164911.8457614905,1074723.2135226014,125154.45978497482,interactive_short,True,32
arrival_dense,220,105542.0931084934,1179877.6733075762,1270066.3055464653,1164524.212437972,1074335.5801990828,205542.0931084934,interactive_long,True,256
arrival_dense,221,110188.0229513581,1179877.6733075762,1270066.3055464653,1159878.2825951073,1069689.6503562182,130188.0229513581,interactive_short,True,32
arrival_dense,222,110403.3839055042,1180661.9222835666,1270850.5545224557,1160447.1706169515,1070258.5383780624,130403.3839055042,interactive_short,True,32
arrival_dense,223,110928.5008576382,1181446.171259557,1271634.803498446,1160706.3026408078,1070517.6704019187,130928.5008576382,interactive_short,True,32
arrival_dense,224,111688.37499226487,1197915.399755354,1288104.0319942432,1176415.6570019783,1086227.0247630891,131688.37499226487,interactive_short,True,32
arrival_dense,225,112215.7990092379,1230069.607770958,1320258.240009847,1208042.4410006092,1117853.80876172,132215.7990092379,interactive_short,True,32
arrival_dense,226,112917.48509756419,1240264.8444588324,1330453.4766977215,1217535.9916001572,1127347.359361268,132917.48509756417,interactive_short,True,32
arrival_dense,227,114411.48355905867,1255165.5750026489,1345354.207241538,1230942.7236824792,1140754.0914435901,214411.4835590587,interactive_long,True,256
arrival_dense,228,114522.65592076635,1260655.3178345812,1350843.9500734704,1236321.294152704,1146132.661913815,134522.65592076635,interactive_short,True,32
arrival_dense,229,114532.9511984147,1261439.5668105716,1351628.1990494607,1237095.247851046,1146906.615612157,214532.9511984147,interactive_long,True,256
arrival_dense,230,114615.61401057977,1262223.815786562,1352412.448025451,1237796.8340148712,1147608.201775982,134615.61401057977,interactive_short,True,32
arrival_dense,231,114683.07789405865,1263008.0647625523,1353196.6970014414,1238513.6191073828,1148324.9868684937,134683.07789405866,interactive_short,True,32
arrival_dense,232,115236.58994548043,1265360.8116905233,1355549.4439294124,1240312.853983932,1150124.2217450428,135236.58994548043,interactive_short,True,32
arrival_dense,233,115651.61158140597,1266929.309642504,1357117.941881393,1241466.330299987,1151277.6980610979,135651.61158140597,interactive_short,True,32
arrival_dense,234,115774.53917908373,1268497.8075944846,1358686.4398333738,1242911.90065429,1152723.268415401,135774.53917908372,interactive_short,True,32
arrival_dense,235,116375.63466086773,1270066.3055464653,1360254.9377853544,1243879.3031244867,1153690.6708855976,136375.63466086774,interactive_short,True,32
arrival_dense,236,117103.77444832464,1270066.3055464653,1360254.9377853544,1243151.1633370297,1152962.5310981406,217103.77444832464,interactive_long,True,256
arrival_dense,237,117195.60916673344,1270066.3055464653,1360254.9377853544,1243059.328618621,1152870.6963797319,137195.60916673345,interactive_short,True,32
arrival_dense,238,117662.89697720333,1270850.5545224557,1361039.1867613448,1243376.2897841414,1153187.6575452522,137662.89697720332,interactive_short,True,32
arrival_dense,239,118351.91257873364,1271634.803498446,1361823.4357373351,1243471.5231586015,1153282.8909197124,138351.91257873364,interactive_short,True,32
arrival_dense,240,118412.7325508719,1288104.0319942432,1378292.6642331323,1259879.9316822605,1169691.2994433714,138412.7325508719,interactive_short,True,32
arrival_dense,241,119268.19434091335,1320258.240009847,1410446.8722487362,1291178.677907823,1200990.0456689338,139268.19434091335,interactive_short,True,32
arrival_dense,242,120940.42482065367,1330453.4766977215,1420642.1089366106,1299701.684115957,1209513.051877068,140940.4248206537,interactive_short,True,32
arrival_dense,243,120997.624749866,1345354.207241538,1435542.839480427,1314545.214730561,1224356.582491672,220997.624749866,interactive_long,True,256
arrival_dense,244,121010.63168546757,1350843.9500734704,1441032.5823123595,1320021.9506268918,1229833.3183880027,141010.63168546755,interactive_short,True,32
arrival_dense,245,121197.58383456984,1351628.1990494607,1441816.8312883498,1320619.24745378,1230430.6152148908,141197.58383456984,interactive_short,True,32
arrival_dense,246,121763.17319740976,1352412.448025451,1442601.0802643402,1320837.9070669303,1230649.2748280412,141763.17319740978,interactive_short,True,32
arrival_dense,247,123350.27787080762,1353196.6970014414,1443385.3292403305,1320035.051369523,1229846.4191306338,143350.27787080762,interactive_short,True,32
arrival_dense,248,123602.91046126564,1355549.4439294124,1445738.0761683015,1322135.165707036,1231946.5334681468,143602.91046126565,interactive_short,True,32
arrival_dense,249,124230.56930962036,1357117.941881393,1447306.5741202822,1323076.0048106618,1232887.3725717727,144230.56930962036,interactive_short,True,32
arrival_dense,250,124270.08900736514,1358686.4398333738,1448875.0720722629,1324604.9830648978,1234416.3508260087,144270.08900736514,interactive_short,True,32
arrival_dense,251,124856.67247492446,1360254.9377853544,1450443.5700242436,1325586.897549319,1235398.26531043,224856.67247492447,interactive_long,True,256
arrival_dense,252,125350.08593729614,1360254.9377853544,1450443.5700242436,1325093.4840869475,1234904.8518480584,145350.08593729616,interactive_short,True,32
arrival_dense,253,125403.82359323137,1360254.9377853544,1450443.5700242436,1325039.7464310122,1234851.114192123,145403.82359323138,interactive_short,True,32
arrival_dense,254,126144.08410419556,1361039.1867613448,1451227.819000234,1325083.7348960384,1234895.1026571493,226144.08410419556,interactive_long,True,256
arrival_dense,255,127093.62251695,1361823.4357373351,1452012.0679762242,1324918.4454592743,1234729.8132203852,227093.62251695,interactive_long,True,256
arrival_dense,256,127552.28266631918,1378292.6642331323,1468481.2964720214,1340929.013805702,1250740.381566813,147552.28266631917,interactive_short,True,32
arrival_dense,257,127616.7991805127,1410446.8722487362,1500635.5044876253,1373018.7053071125,1282830.0730682234,147616.7991805127,interactive_short,True,32
arrival_dense,258,129679.54195003705,1420642.1089366106,1510830.7411754997,1381151.1992254627,1290962.5669865736,149679.54195003706,interactive_short,True,32
arrival_dense,259,130442.6314021725,1435542.839480427,1525731.4717193162,1395288.8403171436,1305100.2080782545,230442.6314021725,interactive_long,True,256
arrival_dense,260,130655.8765238148,1441032.5823123595,1531221.2145512486,1400565.3380274337,1310376.7057885446,230655.8765238148,interactive_long,True,256
arrival_dense,261,130935.5152079981,1441816.8312883498,1532005.463527239,1401069.948319241,1310881.3160803518,230935.5152079981,interactive_long,True,256
arrival_dense,262,131166.9862195622,1442601.0802643402,1532789.7125032293,1401622.7262836671,1311434.094044778,151166.9862195622,interactive_short,True,32
arrival_dense,263,131519.5564154726,1443385.3292403305,1533573.9614792196,1402054.405063747,1311865.7728248578,151519.5564154726,interactive_short,True,32
arrival_dense,264,131728.24771670968,1445738.0761683015,1535926.7084071906,1404198.460690481,1314009.8284515918,231728.24771670968,interactive_long,True,256
arrival_dense,265,132675.39512974554,1447306.5741202822,1537495.2063591713,1404819.8112294257,1314631.1789905366,152675.39512974554,interactive_short,True,32
arrival_dense,266,133539.31140441404,1448875.0720722629,1539063.704311152,1405524.392906738,1315335.7606678489,153539.31140441404,interactive_short,True,32
arrival_dense,267,133595.0783204847,1450443.5700242436,1540632.2022631327,1407037.123942648,1316848.491703759,233595.0783204847,interactive_long,True,256
arrival_dense,268,135214.4590302736,1450443.5700242436,1540632.2022631327,1405417.743232859,1315229.11099397,155214.4590302736,interactive_short,True,32
arrival_dense,269,135719.1901512949,1450443.5700242436,1540632.2022631327,1404913.0121118377,1314724.3798729486,155719.1901512949,interactive_short,True,32
arrival_dense,270,136601.38092833833,1451227.819000234,1541416.451239123,1404815.0703107847,1314626.4380718956,236601.38092833833,interactive_long,True,256
arrival_dense,271,137215.69923666838,1452012.0679762242,1542200.7002151133,1404985.000978445,1314796.3687395558,157215.69923666838,interactive_short,True,32
arrival_dense,272,137501.59529831857,1468481.2964720214,1558669.9287109105,1421168.3334125918,1330979.7011737027,157501.59529831857,interactive_short,True,32
arrival_dense,273,138163.34016449633,1500635.5044876253,1590824.1367265144,1452660.796562018,1362472.164323129,238163.34016449633,interactive_long,True,256
arrival_dense,274,139846.35758013828,1510830.7411754997,1601019.3734143889,1461173.0158342505,1370984.3835953614,159846.35758013828,interactive_short,True,32
arrival_dense,275,140003.76939162516,1525731.4717193162,1615920.1039582053,1475916.3345665801,1385727.702327691,160003.76939162516,interactive_short,True,32
arrival_dense,276,140829.41841341698,1531221.2145512486,1621409.8467901377,1480580.4283767208,1390391.7961378316,160829.41841341698,interactive_short,True,32
arrival_dense,277,141215.70077058361,1532005.463527239,1622194.095766128,1480978.3949955443,1390789.7627566552,161215.70077058361,interactive_short,True,32
arrival_dense,278,141546.03834942429,1532789.7125032293,1622978.3447421184,1481432.3063926941,1391243.674153805,161546.03834942429,interactive_short,True,32
arrival_dense,279,141832.01178287735,1533573.9614792196,1623762.5937181087,1481930.5819352313,1391741.9496963422,161832.01178287735,interactive_short,True,32
arrival_dense,280,142488.58246041604,1535926.7084071906,1626115.3406460797,1483626.7581856637,1393438.1259467746,162488.58246041604,interactive_short,True,32
arrival_dense,281,142644.84009221112,1537495.2063591713,1627683.8385980604,1485038.9985058494,1394850.3662669603,162644.84009221112,interactive_short,True,32
arrival_dense,282,143599.14347868544,1539063.704311152,1629252.336550041,1485653.1930713556,1395464.5608324665,163599.14347868544,interactive_short,True,32
arrival_dense,283,144487.27659124596,1540632.2022631327,1630820.8345020218,1486333.5579107758,1396144.9256718867,164487.27659124596,interactive_short,True,32
arrival_dense,284,144532.60171227608,1540632.2022631327,1630820.8345020218,1486288.2327897458,1396099.6005508567,164532.60171227608,interactive_short,True,32
arrival_dense,285,145599.5766970882,1540632.2022631327,1630820.8345020218,1485221.2578049335,1395032.6255660444,245599.5766970882,interactive_long,True,256
arrival_dense,286,145739.34333865045,1541416.451239123,1631507.0523560133,1485767.709017363,1395677.1079004726,245739.34333865045,interactive_long,True,256
arrival_dense,287,146051.81521778315,1542200.7002151133,1632144.2546490054,1486092.4394312222,1396148.8849973301,166051.81521778315,interactive_short,True,32
arrival_dense,288,146523.0449304966,1558669.9287109105,1644573.147285258,1498050.1023547612,1412146.8837804138,166523.0449304966,interactive_short,True,32
arrival_dense,289,146761.2484172821,1590824.1367265144,1666816.919423948,1520055.671006666,1444062.8883092324,166761.2484172821,interactive_short,True,32
arrival_dense,290,146775.80836542114,1601019.3734143889,1673228.6497521736,1526452.8413867524,1454243.5650489677,166775.80836542114,interactive_short,True,32
arrival_dense,291,147727.5546095749,1615920.1039582053,1681662.5411839164,1533934.9865743415,1468192.5493486305,247727.5546095749,interactive_long,True,256
arrival_dense,292,147827.90320352226,1621409.8467901377,1684424.5173253058,1536596.6141217835,1473581.9435866154,167827.90320352226,interactive_short,True,32
arrival_dense,293,147947.1078509365,1622194.095766128,1684769.7643429795,1536822.656492043,1474246.9879151916,167947.1078509365,interactive_short,True,32
arrival_dense,294,148746.43685547588,1622978.3447421184,1685070.8645482808,1536324.427692805,1474231.9078866425,168746.43685547588,interactive_short,True,32
arrival_dense,295,148954.45134274074,1623762.5937181087,1685321.7813860318,1536367.330043291,1474808.142375368,168954.45134274074,interactive_short,True,32
arrival_dense,296,150015.9181405525,1626115.3406460797,1685923.8271370223,1535907.9089964698,1476099.4225055273,170015.9181405525,interactive_short,True,32
arrival_dense,297,150619.88136260773,1627683.8385980604,1686259.164123224,1535639.2827606164,1477063.9572354527,170619.88136260773,interactive_short,True,32
arrival_dense,298,150781.54882081208,1629252.336550041,1686482.7221140251,1535701.1732932131,1478470.787729229,170781.54882081208,interactive_short,True,32
arrival_dense,299,150786.6503149878,1630820.8345020218,1686627.545479218,1535840.8951642301,1480034.184187034,250786.6503149878,interactive_long,True,256
exact_bucket,0,0.0,0.0,4007.92256959108,4007.92256959108,0.0,20000.0,interactive_short,False,32
exact_bucket,1,1171.331658964187,1173.4005003992934,5272.111020309592,4100.779361345405,2.0688414351063784,21171.331658964187,interactive_short,False,32
exact_bucket,2,1565.7096795727393,1580.2398761559743,5580.599633060773,4014.889953488034,14.53019658323501,21565.70967957274,interactive_short,False,32
exact_bucket,3,2465.3888732375417,2473.2694324979093,6523.380130880617,4057.991257643075,7.8805592603675905,22465.38887323754,interactive_short,False,32
exact_bucket,4,2902.135697588422,2911.950618069386,7181.401909237832,4279.26621164941,9.814920480964247,22902.135697588423,interactive_short,False,32
exact_bucket,5,2982.2751151728585,2990.2865440642927,7259.737835232739,4277.462720059881,8.011428891434207,22982.27511517286,interactive_short,False,32
exact_bucket,6,3050.4402075585945,7259.737835232739,25175.268391284557,22124.828183725964,4209.297627674145,103050.4402075586,interactive_long,False,256
exact_bucket,7,3234.7115731194913,3272.2958776459564,25315.78818207459,22081.0766089551,37.584304526465075,23234.71157311949,interactive_short,True,32
exact_bucket,8,4380.9373226986045,4383.935014366632,26955.18574129164,22574.248418593037,2.9976916680270733,24380.937322698606,interactive_short,True,32
exact_bucket,9,5176.054822046136,5190.751386177412,28547.743370245345,23371.68854819921,14.696564131276318,25176.054822046135,interactive_short,True,32
exact_bucket,10,6161.626789000866,6238.621411417988,29625.061766302264,23463.434977301396,76.99462241712263,26161.626789000868,interactive_short,True,32
exact_bucket,11,7307.571222693039,25175.268391284557,30561.86037156915,23254.28914887611,17867.69716859152,27307.57122269304,interactive_short,True,32
exact_bucket,12,7425.480833787537,25175.268391284557,30561.86037156915,23136.379537781613,17749.78755749702,27425.480833787537,interactive_short,True,32
exact_bucket,13,7569.008461074401,25175.268391284557,30561.86037156915,22992.851910494748,17606.259930210155,27569.0084610744,interactive_short,True,32
exact_bucket,14,7623.243144680727,25175.268391284557,30561.86037156915,22938.617226888422,17552.02524660383,27623.243144680728,interactive_short,True,32
exact_bucket,15,8380.57126688595,25175.268391284557,30561.86037156915,22181.2891046832,16794.697124398605,28380.57126688595,interactive_short,True,32
exact_bucket,16,9458.234757895287,25175.268391284557,30561.86037156915,21103.625613673863,15717.03363338927,29458.234757895287,interactive_short,True,32
exact_bucket,17,9718.990506869739,25175.268391284557,30561.86037156915,20842.86986469941,15456.277884414818,29718.99050686974,interactive_short,True,32
exact_bucket,18,10203.653686584274,10228.616821686377,53090.707547426086,42887.053860841814,24.96313510210348,110203.65368658428,interactive_long,False,256
exact_bucket,19,10287.598785380122,25175.268391284557,30561.86037156915,20274.26158618903,14887.669605904435,30287.59878538012,interactive_short,True,32
exact_bucket,20,11616.379637436165,11681.743761893234,63285.94423530051,51669.564597864344,65.36412445706992,111616.37963743617,interactive_long,False,256
exact_bucket,21,12616.161631916308,25175.268391284557,30561.86037156915,17945.698739652842,12559.10675936825,32616.161631916308,interactive_short,False,32
exact_bucket,22,14485.323239382093,25175.268391284557,30561.86037156915,16076.537132187057,10689.945151902464,34485.323239382094,interactive_short,False,32
exact_bucket,23,15317.723820262268,25175.268391284557,30561.86037156915,15244.136551306881,9857.544571022288,35317.72382026227,interactive_short,False,32
exact_bucket,24,16383.791537594923,16544.13006181618,86029.16453902036,69645.37300142544,160.3385242212571,116383.79153759492,interactive_long,False,256
exact_bucket,25,16396.340895587342,25175.268391284557,30561.86037156915,14165.519475981808,8778.927495697215,36396.340895587346,interactive_short,False,32
exact_bucket,26,17063.31420335273,25315.78818207459,86169.6843298104,69106.37012645768,8252.47397872186,37063.314203352726,interactive_short,True,32
exact_bucket,27,17265.18659866415,26955.18574129164,87809.08188902758,70543.89529036343,9689.99914262749,37265.18659866415,interactive_short,True,32
exact_bucket,28,18600.678603606862,18751.631148781384,96435.82062492133,77835.14202131446,150.95254517452122,118600.67860360687,interactive_long,False,256
exact_bucket,29,19411.01686580571,28547.743370245345,98028.37825387515,78617.36138806945,9136.726504439637,39411.01686580571,interactive_short,True,32
exact_bucket,30,20408.802516297103,20508.04901303833,103518.12108580754,83109.31856951043,99.24649674122702,120408.8025162971,interactive_long,False,256
exact_bucket,31,21241.14390401677,29625.061766302264,104595.43948186454,83354.29557784776,8383.917862285492,41241.143904016775,interactive_short,True,32
exact_bucket,32,21396.316179153477,86029.16453902036,105532.2380871315,84135.92190797802,64632.84835986688,41396.31617915348,interactive_short,True,32
exact_bucket,33,22170.4276389915,22314.650244845474,110237.73194307354,88067.30430408203,144.22260585397453,122170.4276389915,interactive_long,False,256
exact_bucket,34,22227.625817309778,86029.16453902036,105532.2380871315,83304.61226982172,63801.53872171059,42227.625817309774,interactive_short,True,32
exact_bucket,35,23256.140245383693,86029.16453902036,105532.2380871315,82276.0978417478,62773.02429363667,43256.14024538369,interactive_short,True,32
exact_bucket,36,24234.197644985197,24386.13235088757,114943.22579901558,90709.02815403038,151.9347059023712,124234.1976449852,interactive_long,False,256
exact_bucket,37,24359.990838893827,86029.16453902036,105532.2380871315,81172.24724823766,61669.173700126536,44359.99083889383,interactive_short,True,32
exact_bucket,38,25207.997182895815,30561.86037156915,116511.72375099626,91303.72656810045,5353.863188673335,125207.99718289581,interactive_long,False,256
exact_bucket,39,25516.371104321515,86029.16453902036,105532.2380871315,80015.86698280998,60512.79343469885,45516.371104321515,interactive_short,True,32
exact_bucket,40,25698.430154521036,86029.16453902036,105532.2380871315,79833.80793261046,60330.73438449933,45698.43015452103,interactive_short,True,32
exact_bucket,41,26491.646196213445,86029.16453902036,105532.2380871315,79040.59189091805,59537.518342806914,46491.64619621345,interactive_short,True,32
exact_bucket,42,26620.769639286056,86029.16453902036,105532.2380871315,78911.46844784544,59408.39489973431,46620.76963928605,interactive_short,True,32
exact_bucket,43,26632.7441066642,86029.16453902036,105532.2380871315,78899.49398046729,59396.420432356164,46632.7441066642,interactive_short,True,32
exact_bucket,44,26740.040332569013,86029.16453902036,105532.2380871315,78792.19775456248,59289.12420645135,46740.04033256901,interactive_short,True,32
exact_bucket,45,26938.983743960976,86029.16453902036,105532.2380871315,78593.25434317053,59090.18079505939,46938.98374396098,interactive_short,True,32
exact_bucket,46,27937.833208212847,86029.16453902036,105532.2380871315,77594.40487891865,58091.331330807516,47937.83320821285,interactive_short,True,32
exact_bucket,47,29641.779642182315,86169.6843298104,116652.2435417863,87010.46389960399,56527.90468762809,49641.779642182315,interactive_short,True,32
exact_bucket,48,29805.424400657474,96435.82062492133,118291.64110100348,88486.216700346,66630.39622426385,49805.42440065747,interactive_short,True,32
exact_bucket,49,30318.31224161087,103518.12108580754,119884.19872995731,89565.88648834644,73199.80884419667,50318.31224161087,interactive_short,True,32
exact_bucket,50,30573.45711226591,104595.43948186454,120961.51712601431,90388.0600137484,74021.98236959863,50573.45711226591,interactive_short,True,32
exact_bucket,51,32559.069997750434,116511.72375099626,121898.31573128127,89339.24573353084,83952.65375324583,52559.069997750434,interactive_short,True,32
exact_bucket,52,32943.237885531045,116511.72375099626,121898.31573128127,88955.07784575023,83568.48586546522,52943.237885531045,interactive_short,True,32
exact_bucket,53,34343.62615416367,34507.54057355409,129740.80549118467,95397.17933702099,163.91441939042124,134343.62615416368,interactive_long,False,256
exact_bucket,54,34404.90308858237,116511.72375099626,121898.31573128127,87493.41264269891,82106.8206624139,54404.90308858237,interactive_short,True,32
exact_bucket,55,36164.90386883638,116511.72375099626,121898.31573128127,85733.41186244489,80346.81988215988,56164.90386883638,interactive_short,True,32
exact_bucket,56,36263.2568171127,116511.72375099626,121898.31573128127,85635.05891416856,80248.46693388355,56263.2568171127,interactive_short,True,32
exact_bucket,57,37905.42174307683,116511.72375099626,121898.31573128127,83992.89398820444,78606.30200791942,57905.42174307683,interactive_short,True,32
exact_bucket,58,38059.6814870708,116511.72375099626,121898.31573128127,83838.63424421047,78452.04226392545,58059.6814870708,interactive_short,True,32
exact_bucket,59,38117.05175425955,116511.72375099626,121898.31573128127,83781.26397702172,78394.67199673671,58117.05175425955,interactive_short,True,32
exact_bucket,60,38402.130622771125,38502.541778063845,136799.04627509773,98396.9156523266,100.41115529272065,138402.13062277113,interactive_long,False,256
exact_bucket,61,39054.110184089855,116511.72375099626,121898.31573128127,82844.2055471914,77457.6135669064,59054.110184089855,interactive_short,True,32
exact_bucket,62,39242.3138712813,116511.72375099626,121898.31573128127,82656.00185999996,77269.40987971495,59242.3138712813,interactive_short,True,32
exact_bucket,63,39708.28116866232,116511.72375099626,121898.31573128127,82190.03456261895,76803.44258233394,59708.28116866232,interactive_short,True,32
exact_bucket,64,40066.41032699541,40475.38187905632,139936.0421790591,99869.63185206369,408.97155206090974,140066.41032699542,interactive_long,False,256
exact_bucket,65,40309.6357467324,40475.38187905632,139936.0421790591,99626.4064323267,165.74613232391857,140309.6357467324,interactive_long,False,256
exact_bucket,66,40739.3405874416,116511.72375099626,121898.31573128127,81158.97514383966,75772.38316355465,60739.3405874416,interactive_short,True,32
exact_bucket,67,40886.3399149278,116652.2435417863,140076.56196984914,99190.22205492134,75765.9036268585,60886.3399149278,interactive_short,True,32
exact_bucket,68,41503.18712875418,118291.64110100348,141715.9595290663,100212.77240031213,76788.45397224929,61503.18712875418,interactive_short,True,32
exact_bucket,69,41504.033483776315,119884.19872995731,143308.51715802014,101804.48367424382,78380.16524618099,61504.033483776315,interactive_short,True,32
exact_bucket,70,42803.01628166911,120961.51712601431,144385.83555407714,101582.81927240803,78158.5008443452,62803.01628166911,interactive_short,True,32
exact_bucket,71,43189.600889409885,43434.64203054502,148307.08043402885,105117.47954461895,245.04114113513788,143189.6008894099,interactive_long,True,256
exact_bucket,72,43825.06690327878,44071.844323537174,149091.32941001919,105266.2625067404,246.7774202583969,143825.06690327878,interactive_long,True,256
exact_bucket,73,44502.36801129497,139936.0421790591,150028.12801528614,105525.76000399116,95433.67416776411,64502.36801129497,interactive_short,True,32
exact_bucket,74,45057.65251098892,139936.0421790591,150028.12801528614,104970.47550429722,94878.38966807017,65057.65251098892,interactive_short,True,32
exact_bucket,75,45284.1050121679,139936.0421790591,150028.12801528614,104744.02300311824,94651.93716689119,65284.1050121679,interactive_short,True,32
exact_bucket,76,45320.37627874394,45444.28003152027,151596.62596726682,106276.24968852289,123.90375277632847,145320.37627874393,interactive_long,True,256
exact_bucket,77,45866.05216119919,139936.0421790591,150028.12801528614,104162.07585408696,94069.9900178599,65866.05216119919,interactive_short,True,32
exact_bucket,78,46066.4402474157,139936.0421790591,150028.12801528614,103961.68776787043,93869.60193164338,66066.44024741571,interactive_short,True,32
exact_bucket,79,46254.81759363009,139936.0421790591,150028.12801528614,103773.31042165606,93681.22458542901,66254.81759363008,interactive_short,True,32
exact_bucket,80,47196.80523675841,139936.0421790591,150028.12801528614,102831.32277852774,92739.23694230069,67196.8052367584,interactive_short,True,32
exact_bucket,81,47832.84945106527,139936.0421790591,150028.12801528614,102195.27856422088,92103.19272799382,67832.84945106527,interactive_short,True,32
exact_bucket,82,48011.41716761854,139936.0421790591,150028.12801528614,102016.7108476676,91924.62501144054,68011.41716761855,interactive_short,True,32
exact_bucket,83,48196.43091610786,48385.213691484045,154733.62187122818,106537.19095512031,188.78277537618123,148196.43091610787,interactive_long,True,256
exact_bucket,84,48458.88719682506,139936.0421790591,150028.12801528614,101569.24081846108,91477.15498223403,68458.88719682506,interactive_short,True,32
exact_bucket,85,48716.304343250406,139936.0421790591,150028.12801528614,101311.82367203574,91219.73783580869,68716.3043432504,interactive_short,True,32
exact_bucket,86,48891.547980041694,53090.707547426086,159439.11572717023,110547.56774712853,4199.159567384391,148891.5479800417,interactive_long,True,256
exact_bucket,87,48959.622702156186,139936.0421790591,150028.12801528614,101068.50531312995,90976.4194769029,68959.6227021562,interactive_short,True,32
exact_bucket,88,49232.371208495235,140076.56196984914,159579.63551796027,110347.26430946504,90844.19076135391,69232.37120849523,interactive_short,True,32
exact_bucket,89,50642.116378047685,141715.9595290663,161219.03307717745,110576.91669912977,91073.84315101863,70642.11637804768,interactive_short,True,32
exact_bucket,90,51207.66027366786,143308.51715802014,162811.59070613128,111603.93043246341,92100.85688435228,71207.66027366786,interactive_short,True,32
exact_bucket,91,52373.181085670556,149091.32941001919,163888.90910218828,111515.72801651772,96718.14832434863,72373.18108567056,interactive_short,True,32
exact_bucket,92,52851.106227620774,63285.94423530051,174084.1457900627,121233.03956244193,10434.838007679733,152851.10622762077,interactive_long,True,256
exact_bucket,93,53030.12264217715,159439.11572717023,175020.94439532966,121990.8217531525,106408.99308499307,73030.12264217716,interactive_short,True,32
exact_bucket,94,53427.089742079675,159439.11572717023,175020.94439532966,121593.85465324999,106012.02598509056,73427.08974207967,interactive_short,True,32
exact_bucket,95,53427.29275313623,159439.11572717023,175020.94439532966,121593.65164219344,106011.822974034,73427.29275313622,interactive_short,True,32
exact_bucket,96,53596.36917897643,87809.08188902758,197764.16469904952,144167.7955200731,34212.71271005116,153596.36917897643,interactive_long,True,256
exact_bucket,97,53877.3305336343,159439.11572717023,175020.94439532966,121143.61386169537,105561.78519353594,73877.33053363429,interactive_short,True,32
exact_bucket,98,54311.06270019071,98028.37825387515,206390.90343494326,152079.84073475254,43717.31555368444,154311.0627001907,interactive_long,True,256
exact_bucket,99,54842.74168076337,105532.2380871315,211880.64626687564,157037.90458611227,50689.496406368125,154842.74168076337,interactive_long,True,256
exact_bucket,100,55155.47490977593,159439.11572717023,175020.94439532966,119865.46948555374,104283.6408173943,75155.47490977592,interactive_short,True,32
exact_bucket,101,55447.31627792467,159439.11572717023,175020.94439532966,119573.628117405,103991.79944924556,75447.31627792466,interactive_short,True,32
exact_bucket,102,55567.52560879221,159439.11572717023,175020.94439532966,119453.41878653746,103871.59011837802,75567.5256087922,interactive_short,True,32
exact_bucket,103,55887.9796521969,159439.11572717023,175020.94439532966,119132.96474313276,103551.13607497333,75887.9796521969,interactive_short,True,32
exact_bucket,104,57045.21146344357,159439.11572717023,175020.94439532966,117975.73293188609,102393.90426372665,77045.21146344357,interactive_short,True,32
exact_bucket,105,57840.08979628094,159439.11572717023,175020.94439532966,117180.85459904872,101599.02593088929,77840.08979628094,interactive_short,True,32
exact_bucket,106,57933.06871402434,159439.11572717023,175020.94439532966,117087.87568130532,101506.04701314589,77933.06871402434,interactive_short,True,32
exact_bucket,107,57977.372604793556,159439.11572717023,175020.94439532966,117043.57179053611,101461.74312237668,77977.37260479355,interactive_short,True,32
exact_bucket,108,58339.64200570052,159579.63551796027,212021.1660576657,153681.52405196516,101239.99351225974,78339.64200570053,interactive_short,True,32
exact_bucket,109,58840.75814968067,110237.73194307354,216726.65991360773,157885.90176392708,51396.97379339287,158840.75814968068,interactive_long,True,256
exact_bucket,110,59044.8838343036,114943.22579901558,221432.15376954977,162387.26993524618,55898.34196471198,159044.8838343036,interactive_long,True,256
exact_bucket,111,59897.922849887065,161219.03307717745,223071.55132876695,163173.62847887987,101321.11022729038,79897.92284988707,interactive_short,True,32
exact_bucket,112,60593.35150273642,162811.59070613128,224664.10895772077,164070.75745498436,102218.23920339486,80593.35150273642,interactive_short,True,32
exact_bucket,113,61151.936724010215,174084.1457900627,225741.42735377778,164589.49062976756,112932.20906605248,81151.93672401021,interactive_short,True,32
exact_bucket,114,61279.15107416356,121898.31573128127,227309.92530575846,166030.7742315949,60619.16465711771,161279.15107416356,interactive_long,True,256
exact_bucket,115,61390.17935327033,129740.80549118467,235152.41506566186,173762.23571239153,68350.62613791434,161390.17935327033,interactive_long,True,256
exact_bucket,116,61402.54367109993,211880.64626687564,236089.21367092882,174686.66999982888,150478.1025957757,81402.54367109993,interactive_short,True,32
exact_bucket,117,61542.95817139354,211880.64626687564,236089.21367092882,174546.25549953527,150337.6880954821,81542.95817139355,interactive_short,True,32
exact_bucket,118,61865.26654809012,211880.64626687564,236089.21367092882,174223.9471228387,150015.37971878552,81865.26654809012,interactive_short,True,32
exact_bucket,119,62812.9529528822,211880.64626687564,236089.21367092882,173276.26071804663,149067.69331399346,82812.9529528822,interactive_short,True,32
exact_bucket,120,62850.76116940531,136799.04627509773,243147.45445484188,180296.69328543657,73948.28510569243,162850.7611694053,interactive_long,True,256
exact_bucket,121,63118.35534501975,211880.64626687564,236089.21367092882,172970.85832590907,148762.2909218559,83118.35534501975,interactive_short,True,32
exact_bucket,122,63615.16452911471,144385.83555407714,246284.45035880324,182669.28582968854,80770.67102496244,163615.1645291147,interactive_long,True,256
exact_bucket,123,63723.27036825511,211880.64626687564,236089.21367092882,172365.9433026737,148157.37589862052,83723.27036825511,interactive_short,True,32
exact_bucket,124,64319.217145619754,211880.64626687564,236089.21367092882,171769.99652530905,147561.42912125587,84319.21714561975,interactive_short,True,32
exact_bucket,125,64660.19928608958,211880.64626687564,236089.21367092882,171429.01438483925,147220.44698078607,84660.19928608957,interactive_short,True,32
exact_bucket,126,64800.04594631269,211880.64626687564,236089.21367092882,171289.16772461613,147080.60032056295,84800.04594631269,interactive_short,True,32
exact_bucket,127,65333.687082703895,144385.83555407714,246284.45035880324,180950.76327609934,79052.14847137325,165333.6870827039,interactive_long,True,256
exact_bucket,128,65336.46720655622,148307.08043402885,250205.69523875494,184869.22803219873,82970.61322747263,165336.46720655623,interactive_long,True,256
exact_bucket,129,66031.5470708113,150028.12801528614,250989.94421474528,184958.39714393398,83996.58094447484,166031.5470708113,interactive_long,True,256
exact_bucket,130,66766.48547586781,211880.64626687564,236089.21367092882,169322.728195061,145114.16079100783,86766.48547586781,interactive_short,True,32
exact_bucket,131,66822.83880134864,211880.64626687564,236089.21367092882,169266.37486958018,145057.807465527,86822.83880134864,interactive_short,True,32
exact_bucket,132,67099.65856177217,151596.62596726682,252558.44216672596,185458.7836049538,84496.96740549465,167099.65856177217,interactive_long,True,256
exact_bucket,133,67196.38217993575,154733.62187122818,255695.43807068732,188499.05589075157,87537.23969129243,167196.38217993575,interactive_long,True,256
exact_bucket,134,68781.0209150452,211880.64626687564,236089.21367092882,167308.19275588362,143099.62535183044,88781.0209150452,interactive_short,True,32
exact_bucket,135,69145.88267209117,221432.15376954977,255835.95786147736,186690.0751893862,152286.2710974586,89145.88267209117,interactive_short,True,32
exact_bucket,136,69171.64427204579,223071.55132876695,257475.35542069454,188303.71114864876,153899.90705672116,89171.64427204579,interactive_short,True,32
exact_bucket,137,69314.95111351069,163888.90910218828,262180.8492766366,192865.8981631259,94573.95798867759,169314.9511135107,interactive_long,True,256
exact_bucket,138,70257.99612428322,175020.94439532966,272376.08596451103,202118.0898402278,104762.94827104644,170257.99612428324,interactive_long,True,256
exact_bucket,139,70562.82379256428,224664.10895772077,273968.64359346486,203405.8198009006,154101.2851651565,90562.82379256428,interactive_short,True,32
exact_bucket,140,71371.09685488073,235152.41506566186,275045.96198952186,203674.86513464112,163781.31821078114,91371.09685488073,interactive_short,True,32
exact_bucket,141,71921.7714690968,255695.43807068732,275982.7605947888,204060.98912569202,183773.66660159052,91921.7714690968,interactive_short,True,32
exact_bucket,142,74128.73462274238,255695.43807068732,275982.7605947888,201854.02597204642,181566.70344794495,94128.73462274238,interactive_short,True,32
exact_bucket,143,74581.22745860655,197764.16469904952,298725.9808985087,224144.75343990215,123182.93724044297,174581.22745860653,interactive_long,True,256
exact_bucket,144,76079.48983678088,255695.43807068732,275982.7605947888,199903.27075800794,179615.94823390644,96079.48983678088,interactive_short,True,32
exact_bucket,145,77189.65115054013,255695.43807068732,275982.7605947888,198793.1094442487,178505.7869201472,97189.65115054013,interactive_short,True,32
exact_bucket,146,77663.86744977381,255695.43807068732,275982.7605947888,198318.893145015,178031.57062091352,97663.86744977381,interactive_short,True,32
exact_bucket,147,78299.05546796502,255695.43807068732,275982.7605947888,197683.7051268238,177396.3826027223,98299.05546796502,interactive_short,True,32
exact_bucket,148,78650.43020043183,255695.43807068732,275982.7605947888,197332.33039435698,177045.0078702555,98650.43020043183,interactive_short,True,32
exact_bucket,149,79538.08545863265,255695.43807068732,275982.7605947888,196444.67513615618,176157.35261205467,99538.08545863265,interactive_short,True,32
exact_bucket,150,79934.98038071344,206390.90343494326,307352.7196344024,227417.73925368898,126455.92305422982,179934.98038071344,interactive_long,True,256
exact_bucket,151,81072.50475786056,255695.43807068732,275982.7605947888,194910.25583692826,174622.93331282676,101072.50475786056,interactive_short,True,32
exact_bucket,152,81753.1211630551,255695.43807068732,275982.7605947888,194229.63943173373,173942.31690763222,101753.1211630551,interactive_short,True,32
exact_bucket,153,82074.98970717941,255695.43807068732,275982.7605947888,193907.7708876094,173620.44836350792,102074.98970717941,interactive_short,True,32
exact_bucket,154,82224.99630070727,255695.43807068732,275982.7605947888,193757.76429408154,173470.44176998007,102224.99630070727,interactive_short,True,32
exact_bucket,155,82367.00053989809,255835.95786147736,307493.23942519247,225126.23888529438,173468.95732157928,102367.00053989809,interactive_short,True,32
exact_bucket,156,82874.58866325446,272376.08596451103,309132.63698440965,226258.0483211552,189501.49730125658,102874.58866325446,interactive_short,True,32
exact_bucket,157,83600.4077929984,273968.64359346486,310725.1946133635,227124.78682036506,190368.23580046644,103600.4077929984,interactive_short,True,32
exact_bucket,158,83968.74818878995,275045.96198952186,311802.5130094205,227833.76482063055,191077.21380073193,103968.74818878995,interactive_short,True,32
exact_bucket,159,84461.49951628041,307352.7196344024,312739.31161468744,228277.812098407,222891.220118122,104461.49951628041,interactive_short,True,32
exact_bucket,160,84622.01378257456,307352.7196344024,312739.31161468744,228117.29783211288,222730.70585182786,104622.01378257456,interactive_short,True,32
exact_bucket,161,84662.33871189416,307352.7196344024,312739.31161468744,228076.97290279326,222690.38092250825,104662.33871189416,interactive_short,True,32
exact_bucket,162,84830.58453590318,307352.7196344024,312739.31161468744,227908.72707878426,222522.13509849925,104830.58453590318,interactive_short,True,32
exact_bucket,163,84989.11602135918,212021.1660576657,318229.0544466198,233239.93842526065,127032.05003630651,184989.11602135916,interactive_long,True,256
exact_bucket,164,85181.73375472365,216726.65991360773,322934.54830256186,237752.8145478382,131544.92615888407,185181.73375472365,interactive_long,True,256
exact_bucket,165,85570.16363611515,307352.7196344024,312739.31161468744,227169.1479785723,221782.55599828728,105570.16363611515,interactive_short,True,32
exact_bucket,166,85644.6306604025,307352.7196344024,312739.31161468744,227094.68095428494,221708.08897399993,105644.6306604025,interactive_short,True,32
exact_bucket,167,85776.13285687883,307352.7196344024,312739.31161468744,226963.1787578086,221576.5867775236,105776.13285687883,interactive_short,True,32
exact_bucket,168,86368.13594607066,307352.7196344024,312739.31161468744,226371.17566861678,220984.58368833177,106368.13594607066,interactive_short,True,32
exact_bucket,169,86980.93703650791,307352.7196344024,312739.31161468744,225758.37457817953,220371.78259789452,106980.93703650791,interactive_short,True,32
exact_bucket,170,87014.12920202049,225741.42735377778,327640.0421585039,240625.91295648343,138727.29815175728,187014.12920202047,interactive_long,True,256
exact_bucket,171,87275.9152682983,307352.7196344024,312739.31161468744,225463.39634638914,220076.80436610413,107275.9152682983,interactive_short,True,32
exact_bucket,172,87667.02594521933,307352.7196344024,312739.31161468744,225072.2856694681,219685.6936891831,107667.02594521933,interactive_short,True,32
exact_bucket,173,87935.75983792882,227309.92530575846,329208.5401104846,241272.78027255577,139374.16546782962,187935.7598379288,interactive_long,True,256
exact_bucket,174,88051.62145727403,236089.21367092882,337051.029870388,248999.40841311397,148037.59221365477,188051.621457274,interactive_long,True,256
exact_bucket,175,88324.10878252305,307352.7196344024,312739.31161468744,224415.2028321644,219028.61085187938,108324.10878252305,interactive_short,True,32
exact_bucket,176,89500.19858409047,307493.23942519247,337191.549661178,247691.35107708757,217993.04084110202,109500.19858409047,interactive_short,True,32
exact_bucket,177,89938.82905232742,309132.63698440965,338830.9472203952,248892.11816806777,219193.8079320822,109938.82905232742,interactive_short,True,32
exact_bucket,178,90533.40889432828,310725.1946133635,340423.50484934903,249890.09595502075,220191.7857190352,110533.40889432828,interactive_short,True,32
exact_bucket,179,91504.92814548327,311802.5130094205,341500.82324540603,249995.89509992278,220297.58486393723,111504.92814548327,interactive_short,True,32
exact_bucket,180,92230.27968654275,337051.029870388,342437.621850673,250207.34216413024,244820.75018384523,112230.27968654275,interactive_short,True,32
exact_bucket,181,92469.60496286812,337051.029870388,342437.621850673,249968.01688780487,244581.42490751986,112469.60496286812,interactive_short,True,32
exact_bucket,182,92472.56172992403,243147.45445484188,349495.86263458605,257023.30090466203,150674.89272491785,192472.56172992403,interactive_long,True,256
exact_bucket,183,92689.30794681743,337051.029870388,342437.621850673,249748.31390385557,244361.72192357056,112689.30794681743,interactive_short,True,32
exact_bucket,184,93389.45413584379,337051.029870388,342437.621850673,249048.1677148292,243661.5757345442,113389.45413584379,interactive_short,True,32
exact_bucket,185,94349.64144954704,337051.029870388,342437.621850673,248087.98040112597,242701.38842084096,114349.64144954704,interactive_short,True,32
exact_bucket,186,95883.04444454715,246284.45035880324,352632.8585385474,256749.81409400026,150401.4059142561,195883.04444454715,interactive_long,True,256
exact_bucket,187,96154.56502146393,337051.029870388,342437.621850673,246283.05682920906,240896.46484892405,116154.56502146393,interactive_short,True,32
exact_bucket,188,96842.76806523936,337051.029870388,342437.621850673,245594.85378543363,240208.26180514862,116842.76806523936,interactive_short,True,32
exact_bucket,189,97237.74284251282,337051.029870388,342437.621850673,245199.87900816018,239813.28702787517,117237.74284251282,interactive_short,True,32
exact_bucket,190,97699.97056499714,337051.029870388,342437.621850673,244737.65128567585,239351.05930539084,117699.97056499714,interactive_short,True,32
exact_bucket,191,97824.54668081932,337051.029870388,342437.621850673,244613.0751698537,239226.48318956868,117824.54668081932,interactive_short,True,32
exact_bucket,192,97948.40675081649,337051.029870388,342437.621850673,244489.2150998565,239102.62311957148,117948.40675081649,interactive_short,True,32
exact_bucket,193,98234.6118743927,246284.45035880324,352632.8585385474,254398.2466641547,148049.83848441055,198234.61187439272,interactive_long,True,256
exact_bucket,194,98249.33906051255,337051.029870388,342437.621850673,244188.28279016045,238801.69080987544,118249.33906051255,interactive_short,True,32
exact_bucket,195,98454.1731827479,250205.69523875494,356554.1034184991,258099.9302357512,151751.52205600706,198454.1731827479,interactive_long,True,256
exact_bucket,196,99022.5513142485,337191.549661178,356694.62320928916,257672.07189504066,238168.99834692953,119022.5513142485,interactive_short,True,32
exact_bucket,197,99281.57435283644,338830.9472203952,358334.02076850634,259052.4464156699,239549.37286755876,119281.57435283644,interactive_short,True,32
exact_bucket,198,99371.76291577135,250989.94421474528,359118.2697444967,259746.50682872534,151618.1812989739,199371.76291577134,interactive_long,True,256
exact_bucket,199,99686.74597084758,252558.44216672596,360686.76769647736,261000.02172562978,152871.69619587838,199686.74597084758,interactive_long,True,256
exact_bucket,200,99755.0155249287,257475.35542069454,363823.7636004387,264068.74807551,157720.33989576582,199755.0155249287,interactive_long,True,256
exact_bucket,201,100241.78607765964,262180.8492766366,368529.25745638076,268287.4713787211,161939.06319897698,200241.78607765964,interactive_long,True,256
exact_bucket,202,100255.45443684058,275982.7605947888,378724.4941442552,278469.0397074146,175727.30615794825,200255.45443684058,interactive_long,True,256
exact_bucket,203,100505.90879672789,340423.50484934903,380317.051773209,279811.1429764811,239917.59605262114,120505.90879672789,interactive_short,True,32
exact_bucket,204,100921.4150385529,341500.82324540603,381394.370169266,280472.9551307131,240579.40820685314,120921.4150385529,interactive_short,True,32
exact_bucket,205,100935.15307872482,356554.1034184991,382331.16877453297,281396.01569580816,255618.9503397743,120935.15307872482,interactive_short,True,32
exact_bucket,206,101449.812317172,356554.1034184991,382331.16877453297,280881.35645736096,255104.2911013271,121449.812317172,interactive_short,True,32
exact_bucket,207,101522.7296946453,356554.1034184991,382331.16877453297,280808.4390798877,255031.37372385382,121522.7296946453,interactive_short,True,32
exact_bucket,208,101832.39787611211,356554.1034184991,382331.16877453297,280498.77089842083,254721.705542387,121832.39787611211,interactive_short,True,32
exact_bucket,209,101858.19435285182,298725.9808985087,405074.38907825283,303216.194725401,196867.78654565685,201858.19435285183,interactive_long,True,256
exact_bucket,210,102096.49008493083,356554.1034184991,382331.16877453297,280234.6786896021,254457.61333356827,122096.49008493083,interactive_short,True,32
exact_bucket,211,102215.4031702405,312739.31161468744,413701.1278141466,311485.72464390605,210523.90844444692,202215.40317024052,interactive_long,True,256
exact_bucket,212,102413.29359999309,356554.1034184991,382331.16877453297,279917.87517453986,254140.809818506,122413.29359999309,interactive_short,True,32
exact_bucket,213,103129.42025505258,356554.1034184991,382331.16877453297,279201.7485194804,253424.68316344655,123129.42025505258,interactive_short,True,32
exact_bucket,214,103367.73398674298,318229.0544466198,419190.87064607895,315823.136659336,214861.32045987685,203367.73398674297,interactive_long,True,256
exact_bucket,215,104064.91705909783,322934.54830256186,423896.364502021,319831.44744292315,218869.631243464,204064.91705909785,interactive_long,True,256
exact_bucket,216,104956.58741785116,356554.1034184991,382331.16877453297,277374.5813566818,251597.51600064797,124956.58741785116,interactive_short,True,32
exact_bucket,217,105101.94510650923,356554.1034184991,382331.16877453297,277229.2236680237,251452.1583119899,125101.94510650923,interactive_short,True,32
exact_bucket,218,105144.67298181758,356554.1034184991,382331.16877453297,277186.4957927154,251409.43043668155,125144.67298181758,interactive_short,True,32
exact_bucket,219,105154.45978497482,356554.1034184991,382331.16877453297,277176.70898955816,251399.6436335243,125154.45978497482,interactive_short,True,32
exact_bucket,220,105542.0931084934,327640.0421585039,428601.85835796304,323059.76524946967,222097.9490500105,205542.0931084934,interactive_long,True,256
exact_bucket,221,110188.0229513581,356554.1034184991,382331.16877453297,272143.14582317485,246366.080467141,130188.0229513581,interactive_short,True,32
exact_bucket,222,110403.3839055042,356694.62320928916,428742.3781487531,318338.9942432489,246291.23930378497,130403.3839055042,interactive_short,True,32
exact_bucket,223,110928.5008576382,378724.4941442552,430381.77570797026,319453.27485033206,267795.993286617,130928.5008576382,interactive_short,True,32
exact_bucket,224,111688.37499226487,380317.051773209,431974.3333369241,320285.9583446592,268628.6767809441,131688.37499226487,interactive_short,True,32
exact_bucket,225,112215.7990092379,381394.370169266,433051.6517329811,320835.8527237432,269178.5711600281,132215.7990092379,interactive_short,True,32
exact_bucket,226,112917.48509756419,428601.85835796304,433988.45033824805,321070.9652406839,315684.37326039886,132917.48509756417,interactive_short,True,32
exact_bucket,227,114411.48355905867,329208.5401104846,435556.9482902287,321145.46473117004,214797.0565514259,214411.4835590587,interactive_long,True,256
exact_bucket,228,114522.65592076635,428601.85835796304,433988.45033824805,319465.7944174817,314079.2024371967,134522.65592076635,interactive_short,True,32
exact_bucket,229,114532.9511984147,342437.621850673,443399.4380501321,328866.48685171746,227904.6706522583,214532.9511984147,interactive_long,True,256
exact_bucket,230,114615.61401057977,428601.85835796304,433988.45033824805,319372.8363276683,313986.24434738327,134615.61401057977,interactive_short,True,32
exact_bucket,231,114683.07789405865,428601.85835796304,433988.45033824805,319305.3724441894,313918.7804639044,134683.07789405866,interactive_short,True,32
exact_bucket,232,115236.58994548043,428601.85835796304,433988.45033824805,318751.8603927676,313365.2684124826,135236.58994548043,interactive_short,True,32
exact_bucket,233,115651.61158140597,428601.85835796304,433988.45033824805,318336.8387568421,312950.24677655706,135651.61158140597,interactive_short,True,32
exact_bucket,234,115774.53917908373,428601.85835796304,433988.45033824805,318213.91115916433,312827.3191788793,135774.53917908372,interactive_short,True,32
exact_bucket,235,116375.63466086773,428601.85835796304,433988.45033824805,317612.8156773803,312226.2236970953,136375.63466086774,interactive_short,True,32
exact_bucket,236,117103.77444832464,349495.86263458605,450457.6788340452,333353.90438572055,232392.08818626142,217103.77444832464,interactive_long,True,256
exact_bucket,237,117195.60916673344,428601.85835796304,433988.45033824805,316792.8411715146,311406.2491912296,137195.60916673345,interactive_short,True,32
exact_bucket,238,117662.89697720333,428601.85835796304,433988.45033824805,316325.55336104473,310938.9613807597,137662.89697720332,interactive_short,True,32
exact_bucket,239,118351.91257873364,428601.85835796304,433988.45033824805,315636.5377595144,310249.9457792294,138351.91257873364,interactive_short,True,32
exact_bucket,240,118412.7325508719,428601.85835796304,433988.45033824805,315575.71778737614,310189.1258070911,138412.7325508719,interactive_short,True,32
exact_bucket,241,119268.19434091335,428742.3781487531,450598.19862483523,331330.0042839219,309474.18380783976,139268.19434091335,interactive_short,True,32
exact_bucket,242,120940.42482065367,430381.77570797026,452237.5961840524,331297.1713633987,309441.35088731657,140940.4248206537,interactive_short,True,32
exact_bucket,243,120997.624749866,352632.8585385474,455178.5298440162,334180.9050941502,231635.23378868142,220997.624749866,interactive_long,True,256
exact_bucket,244,121010.63168546757,431974.3333369241,456771.08747297,335760.45578750246,310963.70165145653,141010.63168546755,interactive_short,True,32
exact_bucket,245,121197.58383456984,433051.6517329811,457848.405869027,336650.8220344572,311854.06789841125,141197.58383456984,interactive_short,True,32
exact_bucket,246,121763.17319740976,450457.6788340452,458785.204474294,337022.0312768842,328694.5056366354,141763.17319740978,interactive_short,True,32
exact_bucket,247,123350.27787080762,450457.6788340452,458785.204474294,335434.92660348635,327107.40096323757,143350.27787080762,interactive_short,True,32
exact_bucket,248,123602.91046126564,450457.6788340452,458785.204474294,335182.2940130283,326854.76837277954,143602.91046126565,interactive_short,True,32
exact_bucket,249,124230.56930962036,450457.6788340452,458785.204474294,334554.6351646736,326227.1095244248,144230.56930962036,interactive_short,True,32
exact_bucket,250,124270.08900736514,450457.6788340452,458785.204474294,334515.1154669288,326187.58982668,144270.08900736514,interactive_short,True,32
exact_bucket,251,124856.67247492446,352632.8585385474,455178.5298440162,330321.8573690917,227776.18606362294,224856.67247492447,interactive_long,True,256
exact_bucket,252,125350.08593729614,450457.6788340452,458785.204474294,333435.1185369978,325107.59289674903,145350.08593729616,interactive_short,True,32
exact_bucket,253,125403.82359323137,450457.6788340452,458785.204474294,333381.3808810626,325053.8552408138,145403.82359323138,interactive_short,True,32
exact_bucket,254,126144.08410419556,358334.02076850634,461971.21593925473,335827.13183505915,232189.93666431078,226144.08410419556,interactive_long,True,256
exact_bucket,255,127093.62251695,359118.2697444967,462563.0679695525,335469.44545260246,232024.64722754667,227093.62251695,interactive_long,True,256
exact_bucket,256,127552.28266631918,450457.6788340452,458785.204474294,331232.9218079748,322905.396167726,147552.28266631917,interactive_short,True,32
exact_bucket,257,127616.7991805127,450457.6788340452,458785.204474294,331168.4052937813,322840.8796535325,147616.7991805127,interactive_short,True,32
exact_bucket,258,129679.54195003705,450457.6788340452,458785.204474294,329105.6625242569,320778.1368840081,149679.54195003706,interactive_short,True,32
exact_bucket,259,130442.6314021725,360686.76769647736,463648.13002509833,333205.49862292584,230244.13629430486,230442.6314021725,interactive_long,True,256
exact_bucket,260,130655.8765238148,363823.7636004387,465620.9701260908,334965.093602276,233167.8870766239,230655.8765238148,interactive_long,True,256
exact_bucket,261,130935.5152079981,368529.25745638076,468284.30426243064,337348.78905443253,237593.74224838265,230935.5152079981,interactive_long,True,256
exact_bucket,262,131166.9862195622,450457.6788340452,458785.204474294,327618.21825473174,319290.69261448295,151166.9862195622,interactive_short,True,32
exact_bucket,263,131519.5564154726,450457.6788340452,458785.204474294,327265.6480588214,318938.1224185726,151519.5564154726,interactive_short,True,32
exact_bucket,264,131728.24771670968,382331.16877453297,473413.68852501106,341685.4408083014,250602.9210578233,231728.24771670968,interactive_long,True,256
exact_bucket,265,132675.39512974554,450598.19862483523,473554.2083158011,340878.8131860556,317922.8034950897,152675.39512974554,interactive_short,True,32
exact_bucket,266,133539.31140441404,455178.5298440162,475193.6058750183,341654.2944706043,321639.2184396022,153539.31140441404,interactive_short,True,32
exact_bucket,267,133595.0783204847,405074.38907825283,485205.7693875551,351610.69106707035,271479.3107577681,233595.0783204847,interactive_long,True,256
exact_bucket,268,135214.4590302736,456771.08747297,486798.3270165089,351583.8679862353,321556.6284426964,155214.4590302736,interactive_short,True,32
exact_bucket,269,135719.1901512949,457848.405869027,487875.6454125659,352156.455261271,322129.2157177321,155719.1901512949,interactive_short,True,32
exact_bucket,270,136601.38092833833,413701.1278141466,491187.747670879,354586.3667425407,277099.74688580824,236601.38092833833,interactive_long,True,256
exact_bucket,271,137215.69923666838,473413.68852501106,492124.54627614596,354908.84703947755,336197.98928834265,157215.69923666838,interactive_short,True,32
exact_bucket,272,137501.59529831857,473413.68852501106,492124.54627614596,354622.9509778274,335912.0932266925,157501.59529831857,interactive_short,True,32
exact_bucket,273,138163.34016449633,419190.87064607895,493880.9641404029,355717.6239759066,281027.5304815826,238163.34016449633,interactive_long,True,256
exact_bucket,274,139846.35758013828,473413.68852501106,492124.54627614596,352278.1886960077,333567.3309448728,159846.35758013828,interactive_short,True,32
exact_bucket,275,140003.76939162516,473413.68852501106,492124.54627614596,352120.7768845208,333409.9191333859,160003.76939162516,interactive_short,True,32
exact_bucket,276,140829.41841341698,473413.68852501106,492124.54627614596,351295.127862729,332584.2701115941,160829.41841341698,interactive_short,True,32
exact_bucket,277,141215.70077058361,473413.68852501106,492124.54627614596,350908.8455055624,332197.9877544275,161215.70077058361,interactive_short,True,32
exact_bucket,278,141546.03834942429,473413.68852501106,492124.54627614596,350578.5079267217,331867.6501755868,161546.03834942429,interactive_short,True,32
exact_bucket,279,141832.01178287735,473413.68852501106,492124.54627614596,350292.5344932686,331581.6767421337,161832.01178287735,interactive_short,True,32
exact_bucket,280,142488.58246041604,473413.68852501106,492124.54627614596,349635.96381572995,330925.10606459505,162488.58246041604,interactive_short,True,32
exact_bucket,281,142644.84009221112,473413.68852501106,492124.54627614596,349479.7061839348,330768.8484327999,162644.84009221112,interactive_short,True,32
exact_bucket,282,143599.14347868544,473413.68852501106,492124.54627614596,348525.40279746056,329814.54504632566,163599.14347868544,interactive_short,True,32
exact_bucket,283,144487.27659124596,473413.68852501106,492124.54627614596,347637.2696849,328926.4119337651,164487.27659124596,interactive_short,True,32
exact_bucket,284,144532.60171227608,473554.2083158011,494003.0035916011,349470.40187932504,329021.606603525,164532.60171227608,interactive_short,True,32
exact_bucket,285,145599.5766970882,423896.364502021,495207.0950935821,349607.5183964939,278296.7878049328,245599.5766970882,interactive_long,True,256
exact_bucket,286,145739.34333865045,433988.45033824805,496213.10605218686,350473.7627135364,288249.1069995976,245739.34333865045,interactive_long,True,256
exact_bucket,287,146051.81521778315,485205.7693875551,497518.25018305704,351466.4349652739,339153.9541697719,166051.81521778315,interactive_short,True,32
exact_bucket,288,146523.0449304966,486798.3270165089,498670.8449999301,352147.8000694335,340275.2820860123,166523.0449304966,interactive_short,True,32
exact_bucket,289,146761.2484172821,491187.747670879,499372.5718443197,352611.32342703757,344426.4992535969,166761.2484172821,interactive_short,True,32
exact_bucket,290,146775.80836542114,493880.9641404029,499914.9694052009,353139.1610397798,347105.1557749818,166775.80836542114,interactive_short,True,32
exact_bucket,291,147727.5546095749,435556.9482902287,500138.52739600197,352410.97278642707,287829.3936806538,247727.5546095749,interactive_long,True,256
exact_bucket,292,147827.90320352226,493880.9641404029,499914.9694052009,352087.06620167865,346053.06093688065,167827.90320352226,interactive_short,True,32
exact_bucket,293,147947.1078509365,493880.9641404029,499914.9694052009,351967.86155426444,345933.8562894664,167947.1078509365,interactive_short,True,32
exact_bucket,294,148746.43685547588,493880.9641404029,499914.9694052009,351168.53254972503,345134.527284927,168746.43685547588,interactive_short,True,32
exact_bucket,295,148954.45134274074,493880.9641404029,499914.9694052009,350960.5180624602,344926.5127976622,168954.45134274074,interactive_short,True,32
exact_bucket,296,150015.9181405525,493880.9641404029,499914.9694052009,349899.05126464844,343865.0459998504,170015.9181405525,interactive_short,True,32
exact_bucket,297,150619.88136260773,493880.9641404029,499914.9694052009,349295.0880425932,343261.08277779515,170619.88136260773,interactive_short,True,32
exact_bucket,298,150781.54882081208,493880.9641404029,499914.9694052009,349133.42058438883,343099.41531959083,170781.54882081208,interactive_short,True,32
exact_bucket,299,150786.6503149878,443399.4380501321,500862.6442219663,350075.99390697846,292612.7877351443,250786.6503149878,interactive_long,True,256
exact_bucket_wait,0,0.0,2000.0,5716.6109945938815,5716.6109945938815,2000.0,20000.0,interactive_short,False,32
exact_bucket_wait,1,1171.331658964187,2000.0,5716.6109945938815,4545.279335629694,828.668341035813,21171.331658964187,interactive_short,False,32
exact_bucket_wait,2,1565.7096795727393,2000.0,5716.6109945938815,4150.901315021142,434.29032042726067,21565.70967957274,interactive_short,False,32
exact_bucket_wait,3,2465.3888732375417,2470.0155559694394,6305.276017006083,3839.887143768541,4.626682731897745,22465.38887323754,interactive_short,False,32
exact_bucket_wait,4,2902.135697588422,2908.6967415409163,6963.297795363298,4061.162097774876,6.561043952494401,22902.135697588423,interactive_short,False,32
exact_bucket_wait,5,2982.2751151728585,2987.032667535823,7041.633721358205,4059.358606185346,4.757552362964361,22982.27511517286,interactive_short,False,32
exact_bucket_wait,6,3050.4402075585945,7041.633721358205,24040.01626712864,20989.57605957005,3991.19351379961,103050.4402075586,interactive_long,False,256
exact_bucket_wait,7,3234.7115731194913,3269.0420011174865,24180.536057918674,20945.824484799185,34.33042799799523,23234.71157311949,interactive_short,True,32
exact_bucket_wait,8,4380.9373226986045,4384.346985679448,26382.012780295856,22001.075457597253,3.4096629808436774,24380.937322698606,interactive_short,True,32
exact_bucket_wait,9,5176.054822046136,5197.943327001248,27787.210688196184,22611.15586615005,21.888504955111785,25176.054822046135,interactive_short,True,32
exact_bucket_wait,10,6161.626789000866,6186.626550563321,28817.68915398976,22656.062364988895,24.999761562455205,26161.626789000868,interactive_short,True,32
exact_bucket_wait,11,7307.571222693039,24040.01626712864,29426.608247413234,22119.037024720194,16732.445044435604,27307.57122269304,interactive_short,True,32
exact_bucket_wait,12,7425.480833787537,24040.01626712864,29426.608247413234,22001.127413625698,16614.535433341105,27425.480833787537,interactive_short,True,32
exact_bucket_wait,13,7569.008461074401,24040.01626712864,29426.608247413234,21857.599786338833,16471.00780605424,27569.0084610744,interactive_short,True,32
exact_bucket_wait,14,7623.243144680727,24040.01626712864,29426.608247413234,21803.365102732507,16416.773122447914,27623.243144680728,interactive_short,True,32
exact_bucket_wait,15,8380.57126688595,24040.01626712864,29426.608247413234,21046.036980527286,15659.445000242691,28380.57126688595,interactive_short,True,32
exact_bucket_wait,16,9458.234757895287,24040.01626712864,29426.608247413234,19968.373489517948,14581.781509233355,29458.234757895287,interactive_short,False,32
exact_bucket_wait,17,9718.990506869739,24040.01626712864,29426.608247413234,19707.617740543494,14321.025760258903,29718.99050686974,interactive_short,False,32
exact_bucket_wait,18,10203.653686584274,10227.747755601133,53139.15948386565,42935.50579728138,24.094069016859066,110203.65368658428,interactive_long,False,256
exact_bucket_wait,19,10287.598785380122,24040.01626712864,29426.608247413234,19139.009462033115,13752.41748174852,30287.59878538012,interactive_short,False,32
exact_bucket_wait,20,11616.379637436165,11680.87469580799,63334.396171740074,51718.01653430391,64.49505837182551,111616.37963743617,interactive_long,False,256
exact_bucket_wait,21,12616.161631916308,24040.01626712864,29426.608247413234,16810.446615496927,11423.854635212334,32616.161631916308,interactive_short,False,32
exact_bucket_wait,22,14485.323239382093,24040.01626712864,29426.608247413234,14941.285008031142,9554.693027746549,34485.323239382094,interactive_short,False,32
exact_bucket_wait,23,15317.723820262268,24040.01626712864,29426.608247413234,14108.884427150966,8722.292446866373,35317.72382026227,interactive_short,False,32
exact_bucket_wait,24,16383.791537594923,16543.260995730936,86077.61647545994,69693.82493786502,159.4694581360127,116383.79153759492,interactive_long,False,256
exact_bucket_wait,25,16396.340895587342,24040.01626712864,29426.608247413234,13030.267351825893,7643.6753715413,36396.340895587346,interactive_short,False,32
exact_bucket_wait,26,17063.31420335273,24180.536057918674,86218.13626624999,69154.82206289726,7117.221854565945,37063.314203352726,interactive_short,True,32
exact_bucket_wait,27,17265.18659866415,26382.012780295856,88419.61298862734,71154.42638996319,9116.826181631706,37265.18659866415,interactive_short,True,32
exact_bucket_wait,28,18600.678603606862,18750.76208269614,97046.35172452108,78445.67312091422,150.0834790892768,118600.67860360687,interactive_long,False,256
exact_bucket_wait,29,19411.01686580571,27787.210688196184,98451.54963242152,79040.53276661581,8376.193822390476,39411.01686580571,interactive_short,True,32
exact_bucket_wait,30,20408.802516297103,20507.179946953085,103941.2924643539,83532.4899480568,98.37743065598261,120408.8025162971,interactive_long,False,256
exact_bucket_wait,31,21241.14390401677,28817.68915398976,104971.77093014756,83730.62702613078,7576.545249972987,41241.143904016775,interactive_short,True,32
exact_bucket_wait,32,21396.316179153477,86077.61647545994,105580.69002357108,84184.3738444176,64681.300296306465,41396.31617915348,interactive_short,True,32
exact_bucket_wait,33,22170.4276389915,22313.78117876023,110286.18387951312,88115.75624052162,143.35353976873012,122170.4276389915,interactive_long,False,256
exact_bucket_wait,34,22227.625817309778,86077.61647545994,105580.69002357108,83353.0642062613,63849.99065815017,42227.625817309774,interactive_short,True,32
exact_bucket_wait,35,23256.140245383693,86077.61647545994,105580.69002357108,82324.54977818739,62821.47623007625,43256.14024538369,interactive_short,True,32
exact_bucket_wait,36,24234.197644985197,29426.608247413234,114207.42875946482,89973.23111447963,5192.410602428037,124234.1976449852,interactive_long,False,256
exact_bucket_wait,37,24359.990838893827,86077.61647545994,105580.69002357108,81220.69918467724,61717.62563656612,44359.99083889383,interactive_short,True,32
exact_bucket_wait,38,25207.997182895815,29426.608247413234,114207.42875946482,88999.43157656901,4218.611064517419,125207.99718289581,interactive_long,False,256
exact_bucket_wait,39,25516.371104321515,86077.61647545994,105580.69002357108,80064.31891924956,60561.24537113843,45516.371104321515,interactive_short,True,32
exact_bucket_wait,40,25698.430154521036,86077.61647545994,105580.69002357108,79882.25986905005,60379.18632093891,45698.43015452103,interactive_short,True,32
exact_bucket_wait,41,26491.646196213445,86077.61647545994,105580.69002357108,79089.04382735763,59585.970279246496,46491.64619621345,interactive_short,True,32
exact_bucket_wait,42,26620.769639286056,86077.61647545994,105580.69002357108,78959.92038428503,59456.84683617389,46620.76963928605,interactive_short,True,32
exact_bucket_wait,43,26632.7441066642,86077.61647545994,105580.69002357108,78947.94591690687,59444.872368795746,46632.7441066642,interactive_short,True,32
exact_bucket_wait,44,26740.040332569013,86077.61647545994,105580.69002357108,78840.64969100207,59337.57614289093,46740.04033256901,interactive_short,True,32
exact_bucket_wait,45,26938.983743960976,86077.61647545994,105580.69002357108,78641.70627961011,59138.63273149897,46938.98374396098,interactive_short,True,32
exact_bucket_wait,46,27937.833208212847,86077.61647545994,105580.69002357108,77642.85681535823,58139.7832672471,47937.83320821285,interactive_short,True,32
exact_bucket_wait,47,29641.779642182315,86218.13626624999,114347.94855025486,84706.16890807255,56576.356624067674,49641.779642182315,interactive_short,True,32
exact_bucket_wait,48,29805.424400657474,97046.35172452108,116549.42527263222,86744.00087197474,67240.92732386361,49805.42440065747,interactive_short,True,32
exact_bucket_wait,49,30318.31224161087,103941.2924643539,117954.62318053265,87636.31093892179,73622.98022274303,50318.31224161087,interactive_short,True,32
exact_bucket_wait,50,30573.45711226591,104971.77093014756,118985.10164632631,88411.6445340604,74398.31381788164,50573.45711226591,interactive_short,True,32
exact_bucket_wait,51,32559.069997750434,114207.42875946482,119594.02073974983,87034.9507419994,81648.3587617144,52559.069997750434,interactive_short,True,32
exact_bucket_wait,52,32943.237885531045,114207.42875946482,119594.02073974983,86650.78285421879,81264.19087393378,52943.237885531045,interactive_short,True,32
exact_bucket_wait,53,34343.62615416367,34555.99250999366,129789.25742762425,95445.63127346057,212.3663558299886,134343.62615416368,interactive_long,False,256
exact_bucket_wait,54,34404.90308858237,114207.42875946482,119594.02073974983,85189.11765116747,79802.52567088246,54404.90308858237,interactive_short,True,32
exact_bucket_wait,55,36164.90386883638,114207.42875946482,119594.02073974983,83429.11687091345,78042.52489062844,56164.90386883638,interactive_short,True,32
exact_bucket_wait,56,36263.2568171127,114207.42875946482,119594.02073974983,83330.76392263712,77944.17194235211,56263.2568171127,interactive_short,True,32
exact_bucket_wait,57,37905.42174307683,114207.42875946482,119594.02073974983,81688.598996673,76302.00701638799,57905.42174307683,interactive_short,True,32
exact_bucket_wait,58,38059.6814870708,114207.42875946482,119594.02073974983,81534.33925267903,76147.74727239402,58059.6814870708,interactive_short,True,32
exact_bucket_wait,59,38117.05175425955,114207.42875946482,119594.02073974983,81476.96898549028,76090.37700520527,58117.05175425955,interactive_short,True,32
exact_bucket_wait,60,38402.130622771125,38550.99371450341,136847.4982115373,98445.36758876618,148.863091732288,138402.13062277113,interactive_long,False,256
exact_bucket_wait,61,39054.110184089855,114207.42875946482,119594.02073974983,80539.91055565997,75153.31857537496,59054.110184089855,interactive_short,True,32
exact_bucket_wait,62,39242.3138712813,114207.42875946482,119594.02073974983,80351.70686846852,74965.11488818351,59242.3138712813,interactive_short,True,32
exact_bucket_wait,63,39708.28116866232,114207.42875946482,119594.02073974983,79885.73957108751,74499.1475908025,59708.28116866232,interactive_short,True,32
exact_bucket_wait,64,40066.41032699541,40523.833815495884,139984.49411549867,99918.08378850327,457.4234885004771,140066.41032699542,interactive_long,False,256
exact_bucket_wait,65,40309.6357467324,40523.833815495884,139984.49411549867,99674.85836876628,214.19806876348594,140309.6357467324,interactive_long,False,256
exact_bucket_wait,66,40739.3405874416,114207.42875946482,119594.02073974983,78854.68015230822,73468.08817202321,60739.3405874416,interactive_short,True,32
exact_bucket_wait,67,40886.3399149278,114347.94855025486,140125.01390628872,99238.67399136092,73461.60863532707,60886.3399149278,interactive_short,True,32
exact_bucket_wait,68,41503.18712875418,116549.42527263222,142326.49062866607,100823.30349991188,75046.23814387803,61503.18712875418,interactive_short,True,32
exact_bucket_wait,69,41504.033483776315,117954.62318053265,143731.6885365665,102227.65505279019,76450.58969675633,61504.033483776315,interactive_short,True,32
exact_bucket_wait,70,42803.01628166911,118985.10164632631,144762.16700236016,101959.15072069105,76182.08536465719,62803.01628166911,interactive_short,True,32
exact_bucket_wait,71,43189.600889409885,43483.09396698459,148683.41188231186,105493.81099290197,293.49307757470524,143189.6008894099,interactive_long,True,256
exact_bucket_wait,72,43825.06690327878,44120.29625997674,149467.6608583022,105642.59395502342,295.22935669796425,143825.06690327878,interactive_long,True,256
exact_bucket_wait,73,44502.36801129497,139984.49411549867,150076.57995172573,105574.21194043075,95482.1261042037,64502.36801129497,interactive_short,True,32
exact_bucket_wait,74,45057.65251098892,139984.49411549867,150076.57995172573,105018.9274407368,94926.84160450975,65057.65251098892,interactive_short,True,32
exact_bucket_wait,75,45284.1050121679,139984.49411549867,150076.57995172573,104792.47493955783,94700.38910333077,65284.1050121679,interactive_short,True,32
exact_bucket_wait,76,45320.37627874394,45492.73196795984,151645.0779037064,106324.70162496247,172.35568921589584,145320.37627874393,interactive_long,True,256
exact_bucket_wait,77,45866.05216119919,139984.49411549867,150076.57995172573,104210.52779052654,94118.44195429949,65866.05216119919,interactive_short,True,32
exact_bucket_wait,78,46066.4402474157,139984.49411549867,150076.57995172573,104010.13970431002,93918.05386808296,66066.44024741571,interactive_short,True,32
exact_bucket_wait,79,46254.81759363009,139984.49411549867,150076.57995172573,103821.76235809564,93729.67652186859,66254.81759363008,interactive_short,True,32
exact_bucket_wait,80,47196.80523675841,139984.49411549867,150076.57995172573,102879.77471496732,92787.68887874027,67196.8052367584,interactive_short,True,32
exact_bucket_wait,81,47832.84945106527,139984.49411549867,150076.57995172573,102243.73050066046,92151.6446644334,67832.84945106527,interactive_short,True,32
exact_bucket_wait,82,48011.41716761854,139984.49411549867,150076.57995172573,102065.16278410717,91973.07694788012,68011.41716761855,interactive_short,True,32
exact_bucket_wait,83,48196.43091610786,48433.66562792361,154782.07380766777,106585.6428915599,237.2347118157486,148196.43091610787,interactive_long,True,256
exact_bucket_wait,84,48458.88719682506,139984.49411549867,150076.57995172573,101617.69275490067,91525.60691867361,68458.88719682506,interactive_short,True,32
exact_bucket_wait,85,48716.304343250406,139984.49411549867,150076.57995172573,101360.27560847532,91268.18977224827,68716.3043432504,interactive_short,True,32
exact_bucket_wait,86,48891.547980041694,53139.15948386565,159487.5676636098,110596.01968356811,4247.611503823959,148891.5479800417,interactive_long,True,256
exact_bucket_wait,87,48959.622702156186,139984.49411549867,150076.57995172573,101116.95724956953,91024.87141334248,68959.6227021562,interactive_short,True,32
exact_bucket_wait,88,49232.371208495235,140125.01390628872,159628.08745439985,110395.71624590462,90892.64269779349,69232.37120849523,interactive_short,True,32
exact_bucket_wait,89,50642.116378047685,142326.49062866607,161829.5641767772,111187.44779872952,91684.37425061839,70642.11637804768,interactive_short,True,32
exact_bucket_wait,90,51207.66027366786,143731.6885365665,163234.76208467764,112027.10181100978,92524.02826289865,71207.66027366786,interactive_short,True,32
exact_bucket_wait,91,52373.181085670556,149467.6608583022,164265.2405504713,111892.05946480074,97094.47977263165,72373.18108567056,interactive_short,True,32
exact_bucket_wait,92,52851.106227620774,63334.396171740074,174460.47723834572,121609.37101072495,10483.2899441193,152851.10622762077,interactive_long,True,256
exact_bucket_wait,93,53030.12264217715,159487.5676636098,175069.39633176924,122039.27368959208,106457.44502143265,73030.12264217716,interactive_short,True,32
exact_bucket_wait,94,53427.089742079675,159487.5676636098,175069.39633176924,121642.30658968957,106060.47792153014,73427.08974207967,interactive_short,True,32
exact_bucket_wait,95,53427.29275313623,159487.5676636098,175069.39633176924,121642.10357863302,106060.27491047358,73427.29275313622,interactive_short,True,32
exact_bucket_wait,96,53596.36917897643,88419.61298862734,197812.6166354891,144216.24745651268,34823.243809650914,153596.36917897643,interactive_long,True,256
exact_bucket_wait,97,53877.3305336343,159487.5676636098,175069.39633176924,121192.06579813495,105610.23712997552,73877.33053363429,interactive_short,True,32
exact_bucket_wait,98,54311.06270019071,98451.54963242152,206439.35537138284,152128.29267119215,44140.48693223081,154311.0627001907,interactive_long,True,256
exact_bucket_wait,99,54842.74168076337,105580.69002357108,211929.09820331522,157086.35652255185,50737.94834280771,154842.74168076337,interactive_long,True,256
exact_bucket_wait,100,55155.47490977593,159487.5676636098,175069.39633176924,119913.92142199332,104332.09275383389,75155.47490977592,interactive_short,True,32
exact_bucket_wait,101,55447.31627792467,159487.5676636098,175069.39633176924,119622.08005384458,104040.25138568514,75447.31627792466,interactive_short,True,32
exact_bucket_wait,102,55567.52560879221,159487.5676636098,175069.39633176924,119501.87072297704,103920.0420548176,75567.5256087922,interactive_short,True,32
exact_bucket_wait,103,55887.9796521969,159487.5676636098,175069.39633176924,119181.41667957234,103599.58801141291,75887.9796521969,interactive_short,True,32
exact_bucket_wait,104,57045.21146344357,159487.5676636098,175069.39633176924,118024.18486832567,102442.35620016624,77045.21146344357,interactive_short,True,32
exact_bucket_wait,105,57840.08979628094,159487.5676636098,175069.39633176924,117229.3065354883,101647.47786732887,77840.08979628094,interactive_short,True,32
exact_bucket_wait,106,57933.06871402434,159487.5676636098,175069.39633176924,117136.3276177449,101554.49894958547,77933.06871402434,interactive_short,True,32
exact_bucket_wait,107,57977.372604793556,159487.5676636098,175069.39633176924,117092.02372697569,101510.19505881626,77977.37260479355,interactive_short,True,32
exact_bucket_wait,108,58339.64200570052,159628.08745439985,212069.61799410527,153729.97598840474,101288.44544869932,78339.64200570053,interactive_short,True,32
exact_bucket_wait,109,58840.75814968067,110286.18387951312,216775.1118500473,157934.35370036663,51445.42572983245,158840.75814968068,interactive_long,True,256
exact_bucket_wait,110,59044.8838343036,119594.02073974983,220696.356729999,161651.47289569542,60549.136905446234,159044.8838343036,interactive_long,True,256
exact_bucket_wait,111,59897.922849887065,161829.5641767772,222897.83345237636,162999.9106024893,101931.64132689014,79897.92284988707,interactive_short,True,32
exact_bucket_wait,112,60593.35150273642,163234.76208467764,224303.0313602768,163709.67985754038,102641.41058194122,80593.35150273642,interactive_short,True,32
exact_bucket_wait,113,61151.936724010215,174460.47723834572,225333.50982607045,164181.57310206024,113308.5405143355,81151.93672401021,interactive_short,True,32
exact_bucket_wait,114,61279.15107416356,119594.02073974983,220696.356729999,159417.20565583545,58314.86966558627,161279.15107416356,interactive_long,True,256
exact_bucket_wait,115,61390.17935327033,129789.25742762425,235528.74651394488,174138.56716067455,68399.07807435392,161390.17935327033,interactive_long,True,256
exact_bucket_wait,116,61402.54367109993,211929.09820331522,236137.6656073684,174735.12193626846,150526.5545322153,81402.54367109993,interactive_short,True,32
exact_bucket_wait,117,61542.95817139354,211929.09820331522,236137.6656073684,174594.70743597485,150386.14003192168,81542.95817139355,interactive_short,True,32
exact_bucket_wait,118,61865.26654809012,211929.09820331522,236137.6656073684,174272.39905927828,150063.8316552251,81865.26654809012,interactive_short,True,32
exact_bucket_wait,119,62812.9529528822,211929.09820331522,236137.6656073684,173324.71265448618,149116.145250433,82812.9529528822,interactive_short,True,32
exact_bucket_wait,120,62850.76116940531,136847.4982115373,243195.90639128146,180345.14522187616,73996.73704213201,162850.7611694053,interactive_long,True,256
exact_bucket_wait,121,63118.35534501975,211929.09820331522,236137.6656073684,173019.31026234865,148810.74285829547,83118.35534501975,interactive_short,True,32
exact_bucket_wait,122,63615.16452911471,144762.16700236016,246332.90229524282,182717.73776612812,81147.00247324546,163615.1645291147,interactive_long,True,256
exact_bucket_wait,123,63723.27036825511,211929.09820331522,236137.6656073684,172414.3952391133,148205.82783506013,83723.27036825511,interactive_short,True,32
exact_bucket_wait,124,64319.217145619754,211929.09820331522,236137.6656073684,171818.44846174866,147609.8810576955,84319.21714561975,interactive_short,True,32
exact_bucket_wait,125,64660.19928608958,211929.09820331522,236137.6656073684,171477.46632127883,147268.89891722566,84660.19928608957,interactive_short,True,32
exact_bucket_wait,126,64800.04594631269,211929.09820331522,236137.6656073684,171337.6196610557,147129.05225700254,84800.04594631269,interactive_short,True,32
exact_bucket_wait,127,65333.687082703895,144762.16700236016,246332.90229524282,180999.21521253893,79428.47991965627,165333.6870827039,interactive_long,True,256
exact_bucket_wait,128,65336.46720655622,148683.41188231186,250254.14717519452,184917.6799686383,83346.94467575564,165336.46720655623,interactive_long,True,256
exact_bucket_wait,129,66031.5470708113,150076.57995172573,251038.39615118486,185006.84908037356,84045.03288091443,166031.5470708113,interactive_long,True,256
exact_bucket_wait,130,66766.48547586781,211929.09820331522,236137.6656073684,169371.1801315006,145162.6127274474,86766.48547586781,interactive_short,True,32
exact_bucket_wait,131,66822.83880134864,211929.09820331522,236137.6656073684,169314.82680601976,145106.25940196658,86822.83880134864,interactive_short,True,32
exact_bucket_wait,132,67099.65856177217,151645.0779037064,252606.89410316554,185507.23554139337,84545.41934193423,167099.65856177217,interactive_long,True,256
exact_bucket_wait,133,67196.38217993575,154782.07380766777,255743.8900071269,188547.50782719115,87585.69162773201,167196.38217993575,interactive_long,True,256
exact_bucket_wait,134,68781.0209150452,211929.09820331522,236137.6656073684,167356.6446923232,143148.07728827003,88781.0209150452,interactive_short,True,32
exact_bucket_wait,135,69145.88267209117,220696.356729999,255884.40979791695,186738.52712582576,151550.47405790782,89145.88267209117,interactive_short,True,32
exact_bucket_wait,136,69171.64427204579,222897.83345237636,258085.8865202943,188914.2422482485,153726.18918033058,89171.64427204579,interactive_short,True,32
exact_bucket_wait,137,69314.95111351069,164265.2405504713,262791.38037623634,193476.42926272564,94950.28943696061,169314.9511135107,interactive_long,True,256
exact_bucket_wait,138,70257.99612428322,175069.39633176924,272986.61706411076,202728.62093982752,104811.40020748602,170257.99612428324,interactive_long,True,256
exact_bucket_wait,139,70562.82379256428,224303.0313602768,274391.8149720112,203828.99117944692,153740.20756771252,90562.82379256428,interactive_short,True,32
exact_bucket_wait,140,71371.09685488073,235528.74651394488,275422.29343780485,204051.1965829241,164157.64965906413,91371.09685488073,interactive_short,True,32
exact_bucket_wait,141,71921.7714690968,255743.8900071269,276031.2125312284,204109.44106213158,183822.1185380301,91921.7714690968,interactive_short,True,32
exact_bucket_wait,142,74128.73462274238,255743.8900071269,276031.2125312284,201902.47790848598,181615.1553843845,94128.73462274238,interactive_short,True,32
exact_bucket_wait,143,74581.22745860655,197812.6166354891,298774.43283494824,224193.2053763417,123231.38917688256,174581.22745860653,interactive_long,True,256
exact_bucket_wait,144,76079.48983678088,255743.8900071269,276031.2125312284,199951.7226944475,179664.40017034602,96079.48983678088,interactive_short,True,32
exact_bucket_wait,145,77189.65115054013,255743.8900071269,276031.2125312284,198841.56138068825,178554.23885658677,97189.65115054013,interactive_short,True,32
exact_bucket_wait,146,77663.86744977381,255743.8900071269,276031.2125312284,198367.34508145455,178080.02255735308,97663.86744977381,interactive_short,True,32
exact_bucket_wait,147,78299.05546796502,255743.8900071269,276031.2125312284,197732.15706326335,177444.83453916188,98299.05546796502,interactive_short,True,32
exact_bucket_wait,148,78650.43020043183,255743.8900071269,276031.2125312284,197380.78233079653,177093.45980669506,98650.43020043183,interactive_short,True,32
exact_bucket_wait,149,79538.08545863265,255743.8900071269,276031.2125312284,196493.12707259573,176205.80454849426,99538.08545863265,interactive_short,True,32
exact_bucket_wait,150,79934.98038071344,206439.35537138284,307401.171570842,227466.19119012853,126504.3749906694,179934.98038071344,interactive_long,True,256
exact_bucket_wait,151,81072.50475786056,255743.8900071269,276031.2125312284,194958.70777336782,174671.38524926634,101072.50475786056,interactive_short,True,32
exact_bucket_wait,152,81753.1211630551,255743.8900071269,276031.2125312284,194278.09136817328,173990.7688440718,101753.1211630551,interactive_short,True,32
exact_bucket_wait,153,82074.98970717941,255743.8900071269,276031.2125312284,193956.22282404895,173668.90029994748,102074.98970717941,interactive_short,True,32
exact_bucket_wait,154,82224.99630070727,255743.8900071269,276031.2125312284,193806.2162305211,173518.89370641962,102224.99630070727,interactive_short,True,32
exact_bucket_wait,155,82367.00053989809,255884.40979791695,307541.691361632,225174.69082173394,173517.40925801886,102367.00053989809,interactive_short,True,32
exact_bucket_wait,156,82874.58866325446,272986.61706411076,309743.1680840094,226868.57942075492,190112.0284008563,102874.58866325446,interactive_short,True,32
exact_bucket_wait,157,83600.4077929984,274391.8149720112,311148.3659919098,227547.9581989114,190791.40717901278,103600.4077929984,interactive_short,True,32
exact_bucket_wait,158,83968.74818878995,275422.29343780485,312178.84445770347,228210.09626891353,191453.54524901492,103968.74818878995,interactive_short,True,32
exact_bucket_wait,159,84461.49951628041,307401.171570842,312787.763551127,228326.26403484656,222939.67205456155,104461.49951628041,interactive_short,True,32
exact_bucket_wait,160,84622.01378257456,307401.171570842,312787.763551127,228165.74976855243,222779.15778826742,104622.01378257456,interactive_short,True,32
exact_bucket_wait,161,84662.33871189416,307401.171570842,312787.763551127,228125.42483923282,222738.8328589478,104662.33871189416,interactive_short,True,32
exact_bucket_wait,162,84830.58453590318,307401.171570842,312787.763551127,227957.1790152238,222570.5870349388,104830.58453590318,interactive_short,True,32
exact_bucket_wait,163,84989.11602135918,212069.61799410527,318277.5063830594,233288.3903617002,127080.50197274609,184989.11602135916,interactive_long,True,256
exact_bucket_wait,164,85181.73375472365,216775.1118500473,322983.0002390014,237801.26648427776,131593.37809532366,185181.73375472365,interactive_long,True,256
exact_bucket_wait,165,85570.16363611515,307401.171570842,312787.763551127,227217.59991501184,221831.00793472683,105570.16363611515,interactive_short,True,32
exact_bucket_wait,166,85644.6306604025,307401.171570842,312787.763551127,227143.1328907245,221756.54091043948,105644.6306604025,interactive_short,True,32
exact_bucket_wait,167,85776.13285687883,307401.171570842,312787.763551127,227011.63069424816,221625.03871396315,105776.13285687883,interactive_short,True,32
exact_bucket_wait,168,86368.13594607066,307401.171570842,312787.763551127,226419.62760505633,221033.03562477132,106368.13594607066,interactive_short,True,32
exact_bucket_wait,169,86980.93703650791,307401.171570842,312787.763551127,225806.82651461908,220420.23453433407,106980.93703650791,interactive_short,True,32
exact_bucket_wait,170,87014.12920202049,225333.50982607045,326904.2451189531,239890.11591693264,138319.38062404998,187014.12920202047,interactive_long,True,256
exact_bucket_wait,171,87275.9152682983,307401.171570842,312787.763551127,225511.8482828287,220125.25630254368,107275.9152682983,interactive_short,True,32
exact_bucket_wait,172,87667.02594521933,307401.171570842,312787.763551127,225120.73760590766,219734.14562562265,107667.02594521933,interactive_short,True,32
exact_bucket_wait,173,87935.75983792882,225333.50982607045,326904.2451189531,238968.4852810243,137397.74998814164,187935.7598379288,interactive_long,True,256
exact_bucket_wait,174,88051.62145727403,236137.6656073684,337099.48180682753,249047.86034955352,148086.04415009439,188051.621457274,interactive_long,True,256
exact_bucket_wait,175,88324.10878252305,307401.171570842,312787.763551127,224463.65476860394,219077.06278831893,108324.10878252305,interactive_short,True,32
exact_bucket_wait,176,89500.19858409047,307541.691361632,337240.0015976176,247739.80301352713,218041.49277754157,109500.19858409047,interactive_short,True,32
exact_bucket_wait,177,89938.82905232742,309743.1680840094,339441.47831999493,249502.6492676675,219804.33903168194,109938.82905232742,interactive_short,True,32
exact_bucket_wait,178,90533.40889432828,311148.3659919098,340846.67622789537,250313.26733356708,220614.95709758153,110533.40889432828,interactive_short,True,32
exact_bucket_wait,179,91504.92814548327,312178.84445770347,341877.154693689,250372.22654820577,220673.91631222022,111504.92814548327,interactive_short,True,32
exact_bucket_wait,180,92230.27968654275,337099.48180682753,342486.07378711255,250255.7941005698,244869.20212028478,112230.27968654275,interactive_short,True,32
exact_bucket_wait,181,92469.60496286812,337099.48180682753,342486.07378711255,250016.46882424442,244629.8768439594,112469.60496286812,interactive_short,True,32
exact_bucket_wait,182,92472.56172992403,243195.90639128146,349544.3145710256,257071.75284110158,150723.34466135743,192472.56172992403,interactive_long,True,256
exact_bucket_wait,183,92689.30794681743,337099.48180682753,342486.07378711255,249796.76584029512,244410.1738600101,112689.30794681743,interactive_short,True,32
exact_bucket_wait,184,93389.45413584379,337099.48180682753,342486.07378711255,249096.61965126876,243710.02767098375,113389.45413584379,interactive_short,True,32
exact_bucket_wait,185,94349.64144954704,337099.48180682753,342486.07378711255,248136.43233756552,242749.8403572805,114349.64144954704,interactive_short,True,32
exact_bucket_wait,186,95883.04444454715,246332.90229524282,352681.31047498697,256798.26603043982,150449.85785069567,195883.04444454715,interactive_long,True,256
exact_bucket_wait,187,96154.56502146393,337099.48180682753,342486.07378711255,246331.5087656486,240944.9167853636,116154.56502146393,interactive_short,True,32
exact_bucket_wait,188,96842.76806523936,337099.48180682753,342486.07378711255,245643.30572187318,240256.71374158817,116842.76806523936,interactive_short,True,32
exact_bucket_wait,189,97237.74284251282,337099.48180682753,342486.07378711255,245248.33094459973,239861.73896431472,117237.74284251282,interactive_short,True,32
exact_bucket_wait,190,97699.97056499714,337099.48180682753,342486.07378711255,244786.1032221154,239399.5112418304,117699.97056499714,interactive_short,True,32
exact_bucket_wait,191,97824.54668081932,337099.48180682753,342486.07378711255,244661.52710629324,239274.93512600823,117824.54668081932,interactive_short,True,32
exact_bucket_wait,192,97948.40675081649,337099.48180682753,342486.07378711255,244537.66703629604,239151.07505601103,117948.40675081649,interactive_short,True,32
exact_bucket_wait,193,98234.6118743927,246332.90229524282,352681.31047498697,254446.69860059425,148098.2904208501,198234.61187439272,interactive_long,True,256
exact_bucket_wait,194,98249.33906051255,337099.48180682753,342486.07378711255,244236.7347266,238850.142746315,118249.33906051255,interactive_short,True,32
exact_bucket_wait,195,98454.1731827479,250254.14717519452,356602.55535493867,258148.38217219076,151799.9739924466,198454.1731827479,interactive_long,True,256
exact_bucket_wait,196,99022.5513142485,337240.0015976176,356743.0751457287,257720.5238314802,238217.45028336908,119022.5513142485,interactive_short,True,32
exact_bucket_wait,197,99281.57435283644,339441.47831999493,358944.55186810606,259662.97751526962,240159.9039671585,119281.57435283644,interactive_short,True,32
exact_bucket_wait,198,99371.76291577135,251038.39615118486,359728.8008440964,260357.03792832507,151666.63323541352,199371.76291577134,interactive_long,True,256
exact_bucket_wait,199,99686.74597084758,252606.89410316554,361297.2987960771,261610.5528252295,152920.14813231796,199686.74597084758,interactive_long,True,256
exact_bucket_wait,200,99755.0155249287,258085.8865202943,364434.29470003844,264679.27917510975,158330.8709953656,199755.0155249287,interactive_long,True,256
exact_bucket_wait,201,100241.78607765964,262791.38037623634,369139.7885559805,268898.00247832085,162549.5942985767,200241.78607765964,interactive_long,True,256
exact_bucket_wait,202,100255.45443684058,276031.2125312284,379335.0252438549,279079.57080701436,175775.7580943878,200255.45443684058,interactive_long,True,256
exact_bucket_wait,203,100505.90879672789,340846.67622789537,380740.22315175534,280234.31435502745,240340.76743116748,120505.90879672789,interactive_short,True,32
exact_bucket_wait,204,100921.4150385529,341877.154693689,381770.701617549,280849.2865789961,240955.73965513613,120921.4150385529,interactive_short,True,32
exact_bucket_wait,205,100935.15307872482,356602.55535493867,382379.6207109725,281444.4676322477,255667.40227621386,120935.15307872482,interactive_short,True,32
exact_bucket_wait,206,101449.812317172,356602.55535493867,382379.6207109725,280929.8083938005,255152.74303776666,121449.812317172,interactive_short,True,32
exact_bucket_wait,207,101522.7296946453,356602.55535493867,382379.6207109725,280856.8910163272,255079.82566029337,121522.7296946453,interactive_short,True,32
exact_bucket_wait,208,101832.39787611211,356602.55535493867,382379.6207109725,280547.22283486044,254770.15747882656,121832.39787611211,interactive_short,True,32
exact_bucket_wait,209,101858.19435285182,298774.43283494824,405122.8410146924,303264.64666184055,196916.2384820964,201858.19435285183,interactive_long,True,256
exact_bucket_wait,210,102096.49008493083,356602.55535493867,382379.6207109725,280283.1306260417,254506.06527000782,122096.49008493083,interactive_short,True,32
exact_bucket_wait,211,102215.4031702405,312787.763551127,413749.5797505861,311534.1765803456,210572.36038088647,202215.40317024052,interactive_long,True,256
exact_bucket_wait,212,102413.29359999309,356602.55535493867,382379.6207109725,279966.3271109794,254189.26175494556,122413.29359999309,interactive_short,True,32
exact_bucket_wait,213,103129.42025505258,356602.55535493867,382379.6207109725,279250.20045591996,253473.1350998861,123129.42025505258,interactive_short,True,32
exact_bucket_wait,214,103367.73398674298,318277.5063830594,419239.3225825185,315871.58859577554,214909.7723963164,203367.73398674297,interactive_long,True,256
exact_bucket_wait,215,104064.91705909783,322983.0002390014,423944.81643846055,319879.8993793627,218918.08317990357,204064.91705909785,interactive_long,True,256
exact_bucket_wait,216,104956.58741785116,356602.55535493867,382379.6207109725,277423.0332931214,251645.96793708752,124956.58741785116,interactive_short,True,32
exact_bucket_wait,217,105101.94510650923,356602.55535493867,382379.6207109725,277277.6756044633,251500.61024842944,125101.94510650923,interactive_short,True,32
exact_bucket_wait,218,105144.67298181758,356602.55535493867,382379.6207109725,277234.94772915496,251457.8823731211,125144.67298181758,interactive_short,True,32
exact_bucket_wait,219,105154.45978497482,356602.55535493867,382379.6207109725,277225.1609259977,251448.09556996386,125154.45978497482,interactive_short,True,32
exact_bucket_wait,220,105542.0931084934,326904.2451189531,427866.06131841225,322323.9682099188,221362.15201045971,205542.0931084934,interactive_long,True,256
exact_bucket_wait,221,110188.0229513581,356602.55535493867,382379.6207109725,272191.5977596144,246414.53240358055,130188.0229513581,interactive_short,True,32
exact_bucket_wait,222,110403.3839055042,356743.0751457287,428006.5811092023,317603.1972036981,246339.69124022452,130403.3839055042,interactive_short,True,32
exact_bucket_wait,223,110928.5008576382,379335.0252438549,430208.05783157964,319279.55697394145,268406.5243862167,130928.5008576382,interactive_short,True,32
exact_bucket_wait,224,111688.37499226487,380740.22315175534,431613.2557394801,319924.88074721524,269051.8481594905,131688.37499226487,interactive_short,True,32
exact_bucket_wait,225,112215.7990092379,381770.701617549,432643.73420527374,320427.93519603583,269554.9026083111,132215.7990092379,interactive_short,True,32
exact_bucket_wait,226,112917.48509756419,427866.06131841225,433252.65329869726,320335.1682011331,314948.5762208481,132917.48509756417,interactive_short,True,32
exact_bucket_wait,227,114411.48355905867,326904.2451189531,427866.06131841225,313454.57775935356,212492.76155989442,214411.4835590587,interactive_long,True,256
exact_bucket_wait,228,114522.65592076635,427866.06131841225,433252.65329869726,318729.9973779309,313343.4053976459,134522.65592076635,interactive_short,True,32
exact_bucket_wait,229,114532.9511984147,342486.07378711255,443447.8899865717,328914.93878815696,227953.12258869785,214532.9511984147,interactive_long,True,256
exact_bucket_wait,230,114615.61401057977,427866.06131841225,433252.65329869726,318637.0392881175,313250.4473078325,134615.61401057977,interactive_short,True,32
exact_bucket_wait,231,114683.07789405865,427866.06131841225,433252.65329869726,318569.5754046386,313182.9834243536,134683.07789405866,interactive_short,True,32
exact_bucket_wait,232,115236.58994548043,427866.06131841225,433252.65329869726,318016.06335321686,312629.47137293185,135236.58994548043,interactive_short,True,32
exact_bucket_wait,233,115651.61158140597,427866.06131841225,433252.65329869726,317601.0417172913,312214.4497370063,135651.61158140597,interactive_short,True,32
exact_bucket_wait,234,115774.53917908373,427866.06131841225,433252.65329869726,317478.11411961354,312091.52213932853,135774.53917908372,interactive_short,True,32
exact_bucket_wait,235,116375.63466086773,427866.06131841225,433252.65329869726,316877.0186378295,311490.4266575445,136375.63466086774,interactive_short,True,32
exact_bucket_wait,236,117103.77444832464,349544.3145710256,450506.13077048474,333402.3563221601,232440.54012270097,217103.77444832464,interactive_long,True,256
exact_bucket_wait,237,117195.60916673344,427866.06131841225,433252.65329869726,316057.0441319638,310670.4521516788,137195.60916673345,interactive_short,True,32
exact_bucket_wait,238,117662.89697720333,427866.06131841225,433252.65329869726,315589.75632149394,310203.16434120893,137662.89697720332,interactive_short,True,32
exact_bucket_wait,239,118351.91257873364,427866.06131841225,433252.65329869726,314900.7407199636,309514.1487396786,138351.91257873364,interactive_short,True,32
exact_bucket_wait,240,118412.7325508719,427866.06131841225,433252.65329869726,314839.92074782535,309453.32876754034,138412.7325508719,interactive_short,True,32
exact_bucket_wait,241,119268.19434091335,428006.5811092023,450646.6505612748,331378.4562203614,308738.3867682889,139268.19434091335,interactive_short,True,32
exact_bucket_wait,242,120940.42482065367,430208.05783157964,452848.12728365214,331907.70246299845,309267.63301092596,140940.4248206537,interactive_short,True,32
exact_bucket_wait,243,120997.624749866,352681.31047498697,455789.0609436159,334791.4361937499,231683.68572512097,220997.624749866,interactive_long,True,256
exact_bucket_wait,244,121010.63168546757,431613.2557394801,457194.25885151635,336183.6271660488,310602.6240540125,141010.63168546755,interactive_short,True,32
exact_bucket_wait,245,121197.58383456984,432643.73420527374,458224.73731731,337027.15348274016,311446.1503707039,141197.58383456984,interactive_short,True,32
exact_bucket_wait,246,121763.17319740976,450506.13077048474,458833.6564107335,337070.48321332375,328742.95757307496,141763.17319740978,interactive_short,True,32
exact_bucket_wait,247,123350.27787080762,450506.13077048474,458833.6564107335,335483.3785399259,327155.8528996771,143350.27787080762,interactive_short,True,32
exact_bucket_wait,248,123602.91046126564,450506.13077048474,458833.6564107335,335230.7459494679,326903.2203092191,143602.91046126565,interactive_short,True,32
exact_bucket_wait,249,124230.56930962036,450506.13077048474,458833.6564107335,334603.08710111317,326275.5614608644,144230.56930962036,interactive_short,True,32
exact_bucket_wait,250,124270.08900736514,450506.13077048474,458833.6564107335,334563.5674033684,326236.04176311963,144270.08900736514,interactive_short,True,32
exact_bucket_wait,251,124856.67247492446,352681.31047498697,455789.0609436159,330932.38846869144,227824.6380000625,224856.67247492447,interactive_long,True,256
exact_bucket_wait,252,125350.08593729614,450506.13077048474,458833.6564107335,333483.5704734374,325156.0448331886,145350.08593729616,interactive_short,True,32
exact_bucket_wait,253,125403.82359323137,450506.13077048474,458833.6564107335,333429.83281750215,325102.30717725336,145403.82359323138,interactive_short,True,32
exact_bucket_wait,254,126144.08410419556,358944.55186810606,462019.6678756943,335875.58377149876,232800.4677639105,226144.08410419556,interactive_long,True,256
exact_bucket_wait,255,127093.62251695,359728.8008440964,462611.519905992,335517.897389042,232635.1783271464,227093.62251695,interactive_long,True,256
exact_bucket_wait,256,127552.28266631918,450506.13077048474,458833.6564107335,331281.37374441436,322953.8481041656,147552.28266631917,interactive_short,True,32
exact_bucket_wait,257,127616.7991805127,450506.13077048474,458833.6564107335,331216.8572302208,322889.331589972,147616.7991805127,interactive_short,True,32
exact_bucket_wait,258,129679.54195003705,450506.13077048474,458833.6564107335,329154.11446069647,320826.5888204477,149679.54195003706,interactive_short,True,32
exact_bucket_wait,259,130442.6314021725,361297.2987960771,463696.5819615379,333253.9505593654,230854.6673939046,230442.6314021725,interactive_long,True,256
exact_bucket_wait,260,130655.8765238148,364434.29470003844,465669.42206253036,335013.54553871555,233778.41817622364,230655.8765238148,interactive_long,True,256
exact_bucket_wait,261,130935.5152079981,369139.7885559805,468332.7561988702,337397.2409908721,238204.27334798238,230935.5152079981,interactive_long,True,256
exact_bucket_wait,262,131166.9862195622,450506.13077048474,458833.6564107335,327666.67019117135,319339.14455092256,151166.9862195622,interactive_short,True,32
exact_bucket_wait,263,131519.5564154726,450506.13077048474,458833.6564107335,327314.09999526094,318986.57435501216,151519.5564154726,interactive_short,True,32
exact_bucket_wait,264,131728.24771670968,382379.6207109725,473462.1404614506,341733.89274474094,250651.37299426284,231728.24771670968,interactive_long,True,256
exact_bucket_wait,265,132675.39512974554,450646.6505612748,473602.66025224066,340927.2651224951,317971.25543152925,152675.39512974554,interactive_short,True,32
exact_bucket_wait,266,133539.31140441404,455789.0609436159,475804.136974618,342264.82557020395,322249.74953920185,153539.31140441404,interactive_short,True,32
exact_bucket_wait,267,133595.0783204847,405122.8410146924,485816.3004871548,352221.22216667014,271527.7626942077,233595.0783204847,interactive_long,True,256
exact_bucket_wait,268,135214.4590302736,457194.25885151635,487221.49839505524,352007.03936478164,321979.79982124275,155214.4590302736,interactive_short,True,32
exact_bucket_wait,269,135719.1901512949,458224.73731731,488251.9768608489,352532.786709554,322505.54716601514,155719.1901512949,interactive_short,True,32
exact_bucket_wait,270,136601.38092833833,413749.5797505861,491564.079119162,354962.69819082366,277148.1988222478,236601.38092833833,interactive_long,True,256
exact_bucket_wait,271,137215.69923666838,473462.1404614506,492172.9982125855,354957.29897591716,336246.44122478226,157215.69923666838,interactive_short,True,32
exact_bucket_wait,272,137501.59529831857,473462.1404614506,492172.9982125855,354671.4029142669,335960.545163132,157501.59529831857,interactive_short,True,32
exact_bucket_wait,273,138163.34016449633,419239.3225825185,493929.41607684246,355766.07591234613,281075.9824180222,238163.34016449633,interactive_long,True,256
exact_bucket_wait,274,139846.35758013828,473462.1404614506,492172.9982125855,352326.6406324472,333615.7828813123,159846.35758013828,interactive_short,True,32
exact_bucket_wait,275,140003.76939162516,473462.1404614506,492172.9982125855,352169.2288209604,333458.3710698255,160003.76939162516,interactive_short,True,32
exact_bucket_wait,276,140829.41841341698,473462.1404614506,492172.9982125855,351343.5797991685,332632.7220480336,160829.41841341698,interactive_short,True,32
exact_bucket_wait,277,141215.70077058361,473462.1404614506,492172.9982125855,350957.2974420019,332246.439690867,161215.70077058361,interactive_short,True,32
exact_bucket_wait,278,141546.03834942429,473462.1404614506,492172.9982125855,350626.9598631612,331916.1021120263,161546.03834942429,interactive_short,True,32
exact_bucket_wait,279,141832.01178287735,473462.1404614506,492172.9982125855,350340.9864297082,331630.1286785733,161832.01178287735,interactive_short,True,32
exact_bucket_wait,280,142488.58246041604,473462.1404614506,492172.9982125855,349684.41575216944,330973.55800103454,162488.58246041604,interactive_short,True,32
exact_bucket_wait,281,142644.84009221112,473462.1404614506,492172.9982125855,349528.1581203744,330817.3003692395,162644.84009221112,interactive_short,True,32
exact_bucket_wait,282,143599.14347868544,473462.1404614506,492172.9982125855,348573.85473390005,329862.99698276515,163599.14347868544,interactive_short,True,32
exact_bucket_wait,283,144487.27659124596,473462.1404614506,492172.9982125855,347685.72162133956,328974.86387020466,164487.27659124596,interactive_short,True,32
exact_bucket_wait,284,144532.60171227608,473602.66025224066,494051.45552804065,349518.85381576454,329070.0585399646,164532.60171227608,interactive_short,True,32
exact_bucket_wait,285,145599.5766970882,423944.81643846055,495255.54703002167,349655.9703329335,278345.23974137235,245599.5766970882,interactive_long,True,256
exact_bucket_wait,286,145739.34333865045,433252.65329869726,496093.8894955256,350354.5461568752,287513.3099600468,245739.34333865045,interactive_long,True,256
exact_bucket_wait,287,146051.81521778315,485816.3004871548,497846.5116141227,351794.69639633957,339764.48526937165,166051.81521778315,interactive_short,True,32
exact_bucket_wait,288,146523.0449304966,487221.49839505524,498863.50704077544,352340.46211027884,340698.45346455864,166523.0449304966,interactive_short,True,32
exact_bucket_wait,289,146761.2484172821,491564.079119162,499534.72402236547,352773.4756050834,344802.8307018799,166761.2484172821,interactive_short,True,32
exact_bucket_wait,290,146775.80836542114,493929.41607684246,499887.28243693826,353111.4740715171,347153.6077114213,166775.80836542114,interactive_short,True,32
exact_bucket_wait,291,147727.5546095749,433252.65329869726,496093.8894955256,348366.3348859507,285525.09868912236,247727.5546095749,interactive_long,True,256
exact_bucket_wait,292,147827.90320352226,493929.41607684246,499887.28243693826,352059.379233416,346101.5128733202,167827.90320352226,interactive_short,True,32
exact_bucket_wait,293,147947.1078509365,493929.41607684246,499887.28243693826,351940.1745860018,345982.308225906,167947.1078509365,interactive_short,True,32
exact_bucket_wait,294,148746.43685547588,493929.41607684246,499887.28243693826,351140.8455814624,345182.9792213666,168746.43685547588,interactive_short,True,32
exact_bucket_wait,295,148954.45134274074,493929.41607684246,499887.28243693826,350932.8310941975,344974.9647341017,168954.45134274074,interactive_short,True,32
exact_bucket_wait,296,150015.9181405525,493929.41607684246,499887.28243693826,349871.3642963858,343913.49793629,170015.9181405525,interactive_short,True,32
exact_bucket_wait,297,150619.88136260773,493929.41607684246,499887.28243693826,349267.40107433056,343309.53471423476,170619.88136260773,interactive_short,True,32
exact_bucket_wait,298,150781.54882081208,493929.41607684246,499887.28243693826,349105.7336161262,343147.8672560304,170781.54882081208,interactive_short,True,32
exact_bucket_wait,299,150786.6503149878,443447.8899865717,500828.63431069185,350041.98399570404,292661.23967158387,250786.6503149878,interactive_long,True,256
split_oldest,0,0.0,0.0,6370.082676458758,6370.082676458758,0.0,20000.0,interactive_short,False,32
split_oldest,1,1171.331658964187,1173.4005003992934,10931.548129321318,9760.21647035713,2.0688414351063784,21171.331658964187,interactive_short,False,32
split_oldest,2,1565.7096795727393,1580.2398761559743,12443.761653159392,10878.051973586653,14.53019658323501,21565.70967957274,interactive_short,False,32
split_oldest,3,2465.3888732375417,2473.2694324979093,15306.909093593407,12841.520220355866,7.8805592603675905,22465.38887323754,interactive_short,False,32
split_oldest,4,2902.135697588422,2911.950618069386,16376.25663426008,13474.120936671658,9.814920480964247,22902.135697588423,interactive_short,False,32
split_oldest,5,2982.2751151728585,2990.2865440642927,16526.093072999574,13543.817957826715,8.011428891434207,22982.27511517286,interactive_short,False,32
split_oldest,6,3050.4402075585945,3178.2927664520685,16899.487502540123,13849.047294981528,127.852558893474,103050.4402075586,interactive_long,False,256
split_oldest,7,3234.7115731194913,3250.7044490484986,16940.47244152055,13705.760868401057,15.992875929007369,23234.71157311949,interactive_short,False,32
split_oldest,8,4380.9373226986045,4404.403359668289,18773.63965409199,14392.702331393384,23.466036969684865,24380.937322698606,interactive_short,False,32
split_oldest,9,5176.054822046136,5200.655844792211,20363.557647909787,15187.502825863652,24.601022746074705,25176.054822046135,interactive_short,False,32
split_oldest,10,6161.626789000866,6229.871298752179,22420.817012307365,16259.1902233065,68.24450975131367,26161.626789000868,interactive_short,False,32
split_oldest,11,7307.571222693039,7368.78826761916,24683.8023131447,17376.231090451663,61.21704492612116,27307.57122269304,interactive_short,False,32
split_oldest,12,7425.480833787537,7475.099797770665,24889.52824958446,17464.047415796922,49.61896398312729,27425.480833787537,interactive_short,False,32
split_oldest,13,7569.008461074401,7584.801312677677,25097.876559751337,17528.868098676936,15.792851603276176,27569.0084610744,interactive_short,False,32
split_oldest,14,7623.243144680727,7697.8928123401965,25339.238293814262,17715.995149133534,74.64966765946974,27623.243144680728,interactive_short,False,32
split_oldest,15,8380.57126688595,8471.17669388797,27306.45006349114,18925.87879660519,90.6054270020195,28380.57126688595,interactive_short,False,32
split_oldest,16,9458.234757895287,9491.746288079674,29900.310094045322,20442.075336150036,33.511530184387084,29458.234757895287,interactive_short,True,32
split_oldest,17,9718.990506869739,11003.959811917748,33646.99680484581,23928.00629797607,1284.9693050480091,29718.99050686974,interactive_short,True,32
split_oldest,18,10203.653686584274,12557.158274736248,38252.91432972827,28049.260643144,2353.5045881519745,110203.65368658428,interactive_long,False,256
split_oldest,19,10287.598785380122,15418.688088993935,43477.92422314722,33190.325437767104,5131.089303613813,30287.59878538012,interactive_short,True,32
split_oldest,20,11616.379637436165,16526.093072999574,45746.28775132925,34129.908113893085,4909.71343556341,111616.37963743617,interactive_long,False,256
split_oldest,21,12616.161631916308,16693.761566100366,45783.57758363983,33167.415951723524,4077.599934184058,32616.161631916308,interactive_short,True,32
split_oldest,22,14485.323239382093,16899.487502540123,46071.78425370141,31586.461014319313,2414.1642631580307,34485.323239382094,interactive_short,True,32
split_oldest,23,15317.723820262268,17052.251436921077,46356.600939007476,31038.877118745208,1734.5276166588083,35317.72382026227,interactive_short,True,32
split_oldest,24,16383.791537594923,18923.476092831483,50677.70177858387,34293.910240988946,2539.6845552365594,116383.79153759492,interactive_long,False,256
split_oldest,25,16396.340895587342,20531.22614101058,52732.438301325485,36336.09740573814,4134.8852454232365,36396.340895587346,interactive_short,True,32
split_oldest,26,17063.31420335273,22588.485505408156,55614.505001941245,38551.19079858852,5525.171302055427,37063.314203352726,interactive_short,True,32
split_oldest,27,17265.18659866415,24851.470806245492,58784.77837261858,41519.59177395443,7586.284207581342,37265.18659866415,interactive_short,True,32
split_oldest,28,18600.678603606862,25097.876559751337,59323.90188043115,40723.22327682428,6497.197956144475,118600.67860360687,interactive_long,False,256
split_oldest,29,19411.01686580571,25298.558476748174,59364.58169749724,39953.56483169153,5887.541610942466,39411.01686580571,interactive_short,True,32
split_oldest,30,20408.802516297103,25577.210043121682,59806.625348557005,39397.8228322599,5168.40752682458,120408.8025162971,interactive_long,False,256
split_oldest,31,21241.14390401677,27557.36690124213,61079.03841053449,39837.894506517725,6316.222997225359,41241.143904016775,interactive_short,True,32
split_oldest,32,21396.316179153477,30151.226931796315,62930.57183849228,41534.2556593388,8754.910752642838,41396.31617915348,interactive_short,True,32
split_oldest,33,22170.4276389915,33931.81349015188,65772.67750530988,43602.24986631838,11761.38585116038,122170.4276389915,interactive_long,False,256
split_oldest,34,22227.625817309778,38252.91432972827,67646.8296568618,45419.20383955202,16025.288512418494,42227.625817309774,interactive_short,True,32
split_oldest,35,23256.140245383693,43728.841060898216,70549.34441009998,47293.204164716284,20472.700815514523,43256.14024538369,interactive_short,True,32
split_oldest,36,24234.197644985197,45783.57758363983,71730.4709461672,47496.27330118201,21549.379938654634,124234.1976449852,interactive_long,False,256
split_oldest,37,24359.990838893827,46034.494421390824,71774.38338078909,47414.392541895264,21674.503582496996,44359.99083889383,interactive_short,True,32
split_oldest,38,25207.997182895815,46356.600939007476,71999.55899776648,46791.56181487066,21148.60375611166,125207.99718289581,interactive_long,False,256
split_oldest,39,25516.371104321515,46657.70114430867,72043.47143238837,46527.10032806685,21141.33003998715,45516.371104321515,interactive_short,True,32
split_oldest,40,25698.430154521036,50677.70177858387,73439.3608390082,47740.93068448716,24979.271624062832,45698.43015452103,interactive_short,True,32
split_oldest,41,26491.646196213445,52983.35513907648,74369.95377675474,47878.307580541295,26491.70894286303,46491.64619621345,interactive_short,True,32
split_oldest,42,26620.769639286056,55865.42183969224,75533.19494893793,48912.42530965188,29244.65220040618,46620.76963928605,interactive_short,True,32
split_oldest,43,26632.7441066642,59035.69521036957,76812.76023833944,50180.01613167524,32402.951103705374,46632.7441066642,interactive_short,True,32
split_oldest,44,26740.040332569013,59323.90188043115,76929.08435555776,50189.044022988746,32583.861547862136,46740.04033256901,interactive_short,True,32
split_oldest,45,26938.983743960976,59565.26361449408,77042.48097713462,50103.49723317364,32626.2798705331,46938.98374396098,interactive_short,True,32
split_oldest,46,27937.833208212847,59806.625348557005,77195.24491151558,49257.41170330273,31868.792140344158,47937.83320821285,interactive_short,True,32
split_oldest,47,29641.779642182315,61246.706903635284,78264.59245218227,48622.81280999996,31604.92726145297,49641.779642182315,interactive_short,True,32
split_oldest,48,29805.424400657474,63098.24033159307,79639.46786161089,49834.04346095341,33292.8159309356,49805.42440065747,interactive_short,True,32
split_oldest,49,30318.31224161087,65772.67750530988,82258.01553762752,51939.703296016654,35454.365263699015,50318.31224161087,interactive_short,True,32
split_oldest,50,30573.45711226591,67758.60865226232,85362.70465654954,54789.24754428363,37185.15153999641,50573.45711226591,interactive_short,True,32
split_oldest,51,32559.069997750434,70661.1234055005,89948.57760374517,57389.50760599474,38102.05340775007,52559.069997750434,interactive_short,True,32
split_oldest,52,32943.237885531045,71730.4709461672,91638.10974218567,58694.87185665462,38787.23306063616,52943.237885531045,interactive_short,True,32
split_oldest,53,34343.62615416367,71887.78000236595,92080.15339324543,57736.52723908176,37544.15384820228,134343.62615416368,interactive_long,False,256
split_oldest,54,34404.90308858237,71999.55899776648,92118.2108365844,57713.30774800204,37594.65590918411,54404.90308858237,interactive_short,True,32
split_oldest,55,36164.90386883638,72115.8831149848,92323.93677302416,56159.032904187785,35950.97924614842,56164.90386883638,interactive_short,True,32
split_oldest,56,36263.2568171127,73511.77252160462,95187.26415788326,58924.00734077056,37248.515704491925,56263.2568171127,interactive_short,True,32
split_oldest,57,37905.42174307683,74442.36545935117,97442.68259762165,59537.26085454482,36536.94371627434,57905.42174307683,interactive_short,True,32
split_oldest,58,38059.6814870708,75605.60663153436,100324.74929823734,62265.06781116654,37545.92514446357,58059.6814870708,interactive_short,True,32
split_oldest,59,38117.05175425955,76885.17192093587,103495.0226689146,65377.970914655045,38768.12016667632,58117.05175425955,interactive_short,True,32
split_oldest,60,38402.130622771125,77042.48097713462,104034.14617672715,65632.01555395604,38640.350354363494,138402.13062277113,interactive_long,False,256
split_oldest,61,39054.110184089855,77154.25997253515,104071.43600903773,65017.325824947875,38100.14978844529,59054.110184089855,interactive_short,True,32
split_oldest,62,39242.3138712813,77307.0239069161,104359.6426790993,65117.328807818,38064.7100356348,59242.3138712813,interactive_short,True,32
split_oldest,63,39708.28116866232,78376.3714475828,106377.08936953028,66668.80820086796,38668.090278920485,59708.28116866232,interactive_short,True,32
split_oldest,64,40066.41032699541,79789.30430035038,109221.86623783539,69155.45591083998,39722.89397335498,140066.41032699542,interactive_long,False,256
split_oldest,65,40309.6357467324,82466.3638477944,112359.56878065346,72049.93303392106,42156.728101062006,140309.6357467324,interactive_long,False,256
split_oldest,66,40739.3405874416,85563.38657354638,114866.33746126956,74126.99687382797,44824.04598610478,60739.3405874416,interactive_short,True,32
split_oldest,67,40886.3399149278,90149.25952074201,118775.13025362503,77888.79033869723,49262.91960581421,60886.3399149278,interactive_short,True,32
split_oldest,68,41503.18712875418,91838.7916591825,120431.64896816948,78928.46183941531,50335.604530428325,61503.18712875418,interactive_short,True,32
split_oldest,69,41504.033483776315,92080.15339324543,120673.01070223241,79168.9772184561,50576.11990946912,61504.033483776315,interactive_short,True,32
split_oldest,70,42803.01628166911,92285.8793296852,120914.37243629534,78111.35615462624,49482.86304801609,62803.01628166911,interactive_short,True,32
split_oldest,71,43189.600889409885,92532.28508319105,121403.26102335374,78213.66013394386,49342.68419378116,143189.6008894099,interactive_long,False,256
split_oldest,72,43825.06690327878,95425.23590719067,124299.60183210888,80474.53492883011,51600.16900391189,143825.06690327878,interactive_long,False,256
split_oldest,73,44502.36801129497,97693.59943537264,125777.74083052618,81275.37281923121,53191.23142407767,64502.36801129497,interactive_short,True,32
split_oldest,74,45057.65251098892,100575.66613598833,127835.00019492379,82777.34768393487,55518.01362499941,65057.65251098892,interactive_short,True,32
split_oldest,75,45284.1050121679,103745.93950666559,130097.98549576117,84813.88048359327,58461.834494497685,65284.1050121679,interactive_short,True,32
split_oldest,76,45320.37627874394,104071.43600903773,130471.37992530172,85151.00364655777,58751.05973029379,145320.37627874393,interactive_long,False,256
split_oldest,77,45866.05216119919,104322.35284678872,130509.43736864069,84643.38520744149,58456.30068558953,65866.05216119919,interactive_short,True,32
split_oldest,78,46066.4402474157,104610.55951685029,130715.16330508045,84648.72305766476,58544.11926943459,66066.44024741571,interactive_short,True,32
split_oldest,79,46254.81759363009,106628.00620728127,132155.24486015877,85900.42726652868,60373.18861365118,66254.81759363008,interactive_short,True,32
split_oldest,80,47196.80523675841,109221.86623783539,134006.77828811662,86809.97305135822,62025.06100107698,67196.8052367584,interactive_short,True,32
split_oldest,81,47832.84945106527,112359.56878065346,137111.46740703864,89278.61795597337,64526.71932958819,67832.84945106527,interactive_short,True,32
split_oldest,82,48011.41716761854,115034.00595437035,140249.1699498567,92237.75278223815,67022.58878675182,68011.41716761855,interactive_short,True,32
split_oldest,83,48196.43091610786,118983.47856379191,145925.77859802335,97729.34768191547,70787.04764768406,148196.43091610787,interactive_long,False,256
split_oldest,84,48458.88719682506,120632.33088516632,147692.30845070333,99233.42125387827,72173.44368834126,68458.88719682506,interactive_short,True,32
split_oldest,85,48716.304343250406,120873.69261922924,147980.5151207649,99264.2107775145,72157.38827597884,68716.3043432504,interactive_short,True,32
split_oldest,86,48891.547980041694,121152.34418560275,148519.63862857746,99628.09064853577,72260.79620556106,148891.5479800417,interactive_long,False,256
split_oldest,87,48959.622702156186,121403.26102335374,148560.31844564356,99600.69574348736,72443.63832119756,68959.6227021562,interactive_short,True,32
split_oldest,88,49232.371208495235,124299.60183210888,151456.6592543987,102224.28804590346,75067.23062361364,69232.37120849523,interactive_short,True,32
split_oldest,89,50642.116378047685,125945.40932362697,153387.55312690212,102745.43674885444,75303.29294557928,70642.11637804768,interactive_short,True,32
split_oldest,90,51207.66027366786,128002.66868802458,155801.1704675314,104593.51019386353,76795.00841435672,71207.66027366786,interactive_short,True,32
split_oldest,91,52373.181085670556,130265.65398886196,158456.1495422236,106082.96845655305,77892.4729031914,72373.18108567056,interactive_short,True,32
split_oldest,92,52851.106227620774,130509.43736864069,158898.19319328337,106047.0869656626,77658.33114101991,152851.10622762077,interactive_long,True,256
split_oldest,93,53030.12264217715,130677.10586174148,158936.25063662234,105906.12799444518,77646.98321956434,73030.12264217716,interactive_short,True,32
split_oldest,94,53427.089742079675,130882.83179818124,159144.59894678922,105717.50920470955,77455.74205610156,73427.08974207967,interactive_short,True,32
split_oldest,95,53427.29275313623,132322.91335325956,161111.81071646605,107684.51796332982,78895.62060012334,73427.29275313622,interactive_short,True,32
split_oldest,96,53596.36917897643,134215.1265982835,163956.58758477116,110360.21840579473,80618.75741930708,153596.36917897643,interactive_long,True,256
split_oldest,97,53877.3305336343,137312.14932403548,166893.60821059239,113016.2776769581,83434.81879040119,73877.33053363429,interactive_short,True,32
split_oldest,98,54311.06270019071,140487.14169916412,170231.9926704073,115920.92997021657,86176.0789989734,154311.0627001907,interactive_long,True,256
split_oldest,99,54842.74168076337,145963.06843033392,174817.86561760292,119975.12393683955,91120.32674957055,154842.74168076337,interactive_long,True,256
split_oldest,100,55155.47490977593,147943.22528845433,176306.71583904658,121151.24092927066,92787.75037867841,75155.47490977592,interactive_short,True,32
split_oldest,101,55447.31627792467,148231.4319585159,176548.0775731095,121100.76129518484,92784.11568059123,75447.31627792466,interactive_short,True,32
split_oldest,102,55567.52560879221,148519.63862857746,176789.43930717243,121221.91369838023,92952.11301978526,75567.5256087922,interactive_short,True,32
split_oldest,103,55887.9796521969,148761.0003626404,177030.80104123536,121142.82138903846,92873.0207104435,75887.9796521969,interactive_short,True,32
split_oldest,104,57045.21146344357,151657.34117139553,179927.1418499905,122881.93038654693,94612.12970795196,77045.21146344357,interactive_short,True,32
split_oldest,105,57840.08979628094,153588.23504389895,182182.5602897289,124342.47049344795,95748.14524761801,77840.08979628094,interactive_short,True,32
split_oldest,106,57933.06871402434,156001.85238452823,185064.62699034458,127131.55827632024,98068.7836705039,77933.06871402434,interactive_short,True,32
split_oldest,107,57977.372604793556,158656.83145922044,188699.44420421316,130722.0715994196,100679.45885442689,77977.37260479355,interactive_short,True,32
split_oldest,108,58339.64200570052,158898.19319328337,189034.4442570694,130694.80225136888,100558.55118758284,78339.64200570053,interactive_short,True,32
split_oldest,109,58840.75814968067,159144.59894678922,189670.54451522685,130829.78636554618,100303.84079710855,158840.75814968068,interactive_long,True,256
split_oldest,110,59044.8838343036,159382.57069609663,189958.75118528842,130913.86735098483,100337.68686179304,159044.8838343036,interactive_long,True,256
split_oldest,111,59897.922849887065,161362.72755421704,191447.60140673208,131549.678556845,101464.80470432997,79897.92284988707,interactive_short,True,32
split_oldest,112,60593.35150273642,163956.58758477116,193991.22651653204,133397.87501379562,103363.23608203474,80593.35150273642,interactive_short,True,32
split_oldest,113,61151.936724010215,167094.29012758922,198296.04383611312,137144.1071121029,105942.353403579,81151.93672401021,interactive_short,True,32
split_oldest,114,61279.15107416356,170272.67248747338,203481.98348756667,142202.8324134031,108993.52141330982,161279.15107416356,interactive_long,True,256
split_oldest,115,61390.17935327033,174858.545434669,209846.98449183546,148456.80513856513,113468.36608139868,161390.17935327033,interactive_long,True,256
split_oldest,116,61402.54367109993,176507.3977560434,211613.51434451545,150210.97067341552,115104.85408494348,81402.54367109993,interactive_short,True,32
split_oldest,117,61542.95817139354,176748.75949010634,211898.3310298215,150355.37285842796,115205.8013187128,81542.95817139355,interactive_short,True,32
split_oldest,118,61865.26654809012,176990.12122416927,212229.94109792227,150364.67454983215,115124.85467607915,81865.26654809012,interactive_short,True,32
split_oldest,119,62812.9529528822,177231.4829582322,212605.69797839553,149792.74502551334,114418.53000535,82812.9529528822,interactive_short,True,32
split_oldest,120,62850.76116940531,180165.1135992979,217460.0275617483,154609.266392343,117314.3524298926,162850.7611694053,interactive_long,True,256
split_oldest,121,63118.35534501975,182433.47712747988,219838.92777929714,156720.5724342774,119315.12178246013,83118.35534501975,interactive_short,True,32
split_oldest,122,63615.16452911471,185349.44367565063,223897.5967893309,160282.4322602162,121734.27914653593,163615.1645291147,interactive_long,True,256
split_oldest,123,63723.27036825511,189000.54440951435,227685.67545686307,163962.40508860798,125277.27404125924,83723.27036825511,interactive_short,True,32
split_oldest,124,64319.217145619754,189335.5444623706,228061.43233733633,163742.21519171656,125016.32731675085,84319.21714561975,interactive_short,True,32
split_oldest,125,64660.19928608958,189670.54451522685,228437.1892178096,163776.98993172002,125010.34522913728,84660.19928608957,interactive_short,True,32
split_oldest,126,64800.04594631269,189958.75118528842,228812.94609828285,164012.90015197016,125158.70523897573,84800.04594631269,interactive_short,True,32
split_oldest,127,65333.687082703895,191685.5731560395,231788.49127926934,166454.80419656544,126351.8860733356,165333.6870827039,interactive_long,True,256
split_oldest,128,65336.46720655622,194276.0432018381,235170.30320352866,169833.83599697246,128939.57599528188,165336.46720655623,interactive_long,True,256
split_oldest,129,66031.5470708113,198627.6539042139,239525.30389065994,173493.75681984864,132596.1068334026,166031.5470708113,interactive_long,True,256
split_oldest,130,66766.48547586781,203481.98348756667,243021.07376370934,176254.58828784153,136715.49801169886,86766.48547586781,interactive_short,True,32
split_oldest,131,66822.83880134864,209846.98449183546,248497.00049487915,181674.1616935305,143024.14569048682,86822.83880134864,interactive_short,True,32
split_oldest,132,67099.65856177217,211898.3310298215,250765.36402306112,183665.70546128895,144798.67246804934,167099.65856177217,interactive_long,True,256
split_oldest,133,67196.38217993575,212229.94109792227,251006.72575712405,183810.3435771883,145033.55891798652,167196.38217993575,interactive_long,True,256
split_oldest,134,68781.0209150452,212575.18811559596,251044.78320046302,182263.76228541782,143794.16720055076,88781.0209150452,interactive_short,True,32
split_oldest,135,69145.88267209117,212950.9449960692,251253.1315106299,182107.2488385387,143805.06232397805,89145.88267209117,interactive_short,True,32
split_oldest,136,69171.64427204579,217460.0275617483,254149.47231938504,184977.82804733925,148288.38328970253,89171.64427204579,interactive_short,True,32
split_oldest,137,69314.95111351069,220170.5378473979,256281.0481088853,186966.0969953746,150855.5867338872,169314.9511135107,interactive_long,True,256
split_oldest,138,70257.99612428322,223928.1066521305,258338.3074732829,188080.31134899968,153670.11052784725,170257.99612428324,interactive_long,True,256
split_oldest,139,70562.82379256428,228030.92247453675,259906.9317560729,189344.10796350864,157468.09868197248,90562.82379256428,interactive_short,True,32
split_oldest,140,71371.09685488073,228406.67935501,260059.69569045387,188688.59883557312,157035.5825001293,91371.09685488073,interactive_short,True,32
split_oldest,141,71921.7714690968,228782.43623548327,260212.45962483482,188290.68815573803,156860.66476638647,91921.7714690968,interactive_short,True,32
split_oldest,142,74128.73462274238,229158.19311595653,260365.22355921578,186236.48893647338,155029.45849321416,94128.73462274238,interactive_short,True,32
split_oldest,143,74581.22745860655,231819.0011420689,261546.350095283,186965.12263667647,157237.77368346235,174581.22745860653,interactive_long,True,256
split_oldest,144,76079.48983678088,235170.30320352866,262520.85546765145,186441.36563087057,159090.81336674778,96079.48983678088,interactive_short,True,32
split_oldest,145,77189.65115054013,239525.30389065994,264033.0689914896,186843.41784094946,162335.6527401198,97189.65115054013,interactive_short,True,32
split_oldest,146,77663.86744977381,243271.99060146033,265545.28251532774,187881.4150655539,165608.1231516865,97663.86744977381,interactive_short,True,32
split_oldest,147,78299.05546796502,248747.91733263014,267755.4407424758,189456.38527451077,170448.86186466512,98299.05546796502,interactive_short,True,32
split_oldest,148,78650.43020043183,250765.36402306112,268785.4209703384,190134.99076990655,172114.93382262927,98650.43020043183,interactive_short,True,32
split_oldest,149,79538.08545863265,251006.72575712405,268935.2574090779,189397.17195044525,171468.6402984914,99538.08545863265,interactive_short,True,32
split_oldest,150,79934.98038071344,251253.1315106299,269308.65183861845,189373.671457905,171318.15112991646,179934.98038071344,interactive_long,True,256
split_oldest,151,81072.50475786056,251453.81342762674,269349.6367775989,188277.13201973832,170381.30866976618,101072.50475786056,interactive_short,True,32
split_oldest,152,81753.1211630551,254350.15423638187,271182.80399017036,189429.68282711526,172597.03307332678,101753.1211630551,interactive_short,True,32
split_oldest,153,82074.98970717941,256281.0481088853,272404.915465218,190329.9257580386,174206.05840170587,102074.98970717941,interactive_short,True,32
split_oldest,154,82224.99630070727,258338.3074732829,273932.5548090276,191707.5585083203,176113.31117257563,102224.99630070727,interactive_short,True,32
split_oldest,155,82367.00053989809,260018.71075147344,276139.6506121647,193772.6500722666,177651.71021157535,102367.00053989809,interactive_short,True,32
split_oldest,156,82874.58866325446,260171.4746858544,276345.37654860446,193470.78788535,177296.88602259994,102874.58866325446,interactive_short,True,32
split_oldest,157,83600.4077929984,260324.23862023535,276551.1024850442,192950.6946920458,176723.83082723693,103600.4077929984,interactive_short,True,32
split_oldest,158,83968.74818878995,260477.0025546163,276759.4507952111,192790.70260642114,176508.25436582637,103968.74818878995,interactive_short,True,32
split_oldest,159,84461.49951628041,261546.350095283,278726.6625648879,194265.16304860747,177084.85057900258,104461.49951628041,interactive_short,True,32
split_oldest,160,84622.01378257456,262593.2671502479,281320.522595442,196698.50881286745,177971.25336767331,104622.01378257456,interactive_short,True,32
split_oldest,161,84662.33871189416,264105.480674086,285067.2093062424,200404.87059434823,179443.14196219185,104662.33871189416,interactive_short,True,32
split_oldest,162,84830.58453590318,265617.69419792417,288813.8960170428,203983.31148113962,180787.109662021,104830.58453590318,interactive_short,True,32
split_oldest,163,84989.11602135918,267868.83736405266,294540.7395859636,209551.62356460444,182879.7213426935,184989.11602135916,interactive_long,True,256
split_oldest,164,85181.73375472365,268935.2574090779,296230.2717244039,211048.53796968024,183753.52365435424,185181.73375472365,interactive_long,True,256
split_oldest,165,85570.16363611515,269102.9259021787,296268.32916774286,210698.16553162772,183532.76226606354,105570.16363611515,interactive_short,True,32
split_oldest,166,85644.6306604025,269308.65183861845,296474.0551041826,210829.42444378012,183664.02117821595,105644.6306604025,interactive_short,True,32
split_oldest,167,85776.13285687883,269461.4157729994,296682.4034143495,210906.27055747065,183685.28291612057,105776.13285687883,interactive_short,True,32
split_oldest,168,86368.13594607066,271294.5829855709,299578.74422310427,213210.6082770336,184926.44703950023,106368.13594607066,interactive_short,True,32
split_oldest,169,86980.93703650791,272516.69446061854,301509.63809560746,214528.70105909955,185535.75742411063,106980.93703650791,interactive_short,True,32
split_oldest,170,87014.12920202049,274082.3912477671,304123.9373532333,217109.8081512128,187068.2620457466,187014.12920202047,interactive_long,True,256
split_oldest,171,87275.9152682983,276307.3191052655,306578.23451092833,219302.31924263004,189031.4038369672,107275.9152682983,interactive_short,True,32
split_oldest,172,87667.02594521933,276513.04504170525,306819.59624499123,219152.5702997719,188846.01909648592,107667.02594521933,interactive_short,True,32
split_oldest,173,87935.75983792882,276759.4507952111,307261.63989605097,219325.88005812216,188823.69095728226,187935.7598379288,interactive_long,True,256
split_oldest,174,88051.62145727403,276997.4225445185,307467.36583249073,219415.74437521672,188945.80108724447,188051.621457274,interactive_long,True,256
split_oldest,175,88324.10878252305,278977.5794026389,308424.9343777569,220100.82559523385,190653.47062011584,108324.10878252305,interactive_short,True,32
split_oldest,176,89500.19858409047,281571.439433193,309799.8097871855,220299.61120309506,192071.24084910256,109500.19858409047,interactive_short,True,32
split_oldest,177,89938.82905232742,285318.1261439934,311785.74093413795,221846.91188181052,195379.29709166597,109938.82905232742,interactive_short,True,32
split_oldest,178,90533.40889432828,289064.8128547938,314404.2886101546,223870.8797158263,198531.4039604655,110533.40889432828,interactive_short,True,32
split_oldest,179,91504.92814548327,294540.7395859636,318313.08140251006,226808.1532570268,203035.81144048035,111504.92814548327,interactive_short,True,32
split_oldest,180,92230.27968654275,296230.2717244039,319969.6001170543,227739.32043051155,203999.99203786114,112230.27968654275,interactive_short,True,32
split_oldest,181,92469.60496286812,296435.99766084366,320210.9618511172,227741.35688824908,203966.39269797553,112469.60496286812,interactive_short,True,32
split_oldest,182,92472.56172992403,296682.4034143495,320653.00550217694,228180.4437722529,204209.84168442545,192472.56172992403,interactive_long,True,256
split_oldest,183,92689.30794681743,296883.0853313463,320693.685319243,228004.37737242557,204193.7773845289,112689.30794681743,interactive_short,True,32
split_oldest,184,93389.45413584379,299779.4261401011,324101.93043922767,230712.47630338388,206389.97200425732,113389.45413584379,interactive_short,True,32
split_oldest,185,94349.64144954704,301710.3200126043,326731.7474945277,232382.1060449807,207360.67856305727,114349.64144954704,interactive_short,True,32
split_oldest,186,95883.04444454715,304164.61717029935,330790.4165045612,234907.37206001405,208281.5727257522,195883.04444454715,interactive_long,True,256
split_oldest,187,96154.56502146393,306778.91642792517,334578.49517209304,238423.9301506291,210624.35140646124,116154.56502146393,interactive_short,True,32
split_oldest,188,96842.76806523936,307020.27816198807,334954.25205256627,238111.4839873269,210177.5100967487,116842.76806523936,interactive_short,True,32
split_oldest,189,97237.74284251282,307261.63989605097,335330.0089330395,238092.26609052668,210023.89705353815,117237.74284251282,interactive_short,True,32
split_oldest,190,97699.97056499714,307467.36583249073,335705.7658135127,238005.79524851558,209767.3952674936,117699.97056499714,interactive_short,True,32
split_oldest,191,97824.54668081932,308536.7133731574,338336.06397682533,240511.51729600603,210712.16669233813,117824.54668081932,interactive_short,True,32
split_oldest,192,97948.40675081649,309911.58878258604,341717.8759010844,243769.4691502679,211963.18203176954,117948.40675081649,interactive_short,True,32
split_oldest,193,98234.6118743927,311935.57737287745,346947.96236491005,248713.35049051733,213700.96549848473,198234.61187439272,interactive_long,True,256
split_oldest,194,98249.33906051255,314571.9571032554,351487.55479338835,253238.2157328758,216322.61804274283,118249.33906051255,interactive_short,True,32
split_oldest,195,98454.1731827479,318521.4297126769,358972.1825400534,260518.00935730548,220067.256529929,198454.1731827479,interactive_long,True,256
split_oldest,196,99022.5513142485,320170.28203405114,361257.2336856923,262234.68237144384,221147.73071980264,119022.5513142485,interactive_short,True,32
split_oldest,197,99281.57435283644,320411.64376811404,361632.99056616554,262351.41621332907,221130.0694152776,119281.57435283644,interactive_short,True,32
split_oldest,198,99371.76291577135,320693.685319243,362353.99446431245,262982.2315485411,221321.92240347166,199371.76291577134,interactive_long,True,256
split_oldest,199,99686.74597084758,320931.6570685504,362729.7513447857,263043.0053739381,221244.91109770283,199686.74597084758,interactive_long,True,256
split_oldest,200,99755.0155249287,324386.74712453375,367238.8339104644,267483.81838553573,224631.73159960506,199755.0155249287,interactive_long,True,256
split_oldest,201,100241.78607765964,327063.35756262846,369918.8343333147,269677.04825565504,226821.57148496882,200241.78607765964,interactive_long,True,256
split_oldest,202,100255.45443684058,330820.92636736075,372800.90103393036,272545.44659708976,230565.47193052017,200255.45443684058,interactive_long,True,256
split_oldest,203,100505.90879672789,334923.7421897667,375255.1981916254,274749.2893948975,234417.83339303883,120505.90879672789,interactive_short,True,32
split_oldest,204,100921.4150385529,335299.49907023995,375496.5599256883,274575.1448871354,234378.08403168706,120921.4150385529,interactive_short,True,32
split_oldest,205,100935.15307872482,335675.2559507132,375734.5316749957,274799.3785962709,234740.10287198838,120935.15307872482,interactive_short,True,32
split_oldest,206,101449.812317172,336051.0128311864,376022.7383450573,274572.9260278853,234601.2005140144,121449.812317172,interactive_short,True,32
split_oldest,207,101522.7296946453,338681.310994499,378040.1850354883,276517.45534084295,237158.58129985371,121522.7296946453,interactive_short,True,32
split_oldest,208,101832.39787611211,342063.1229187581,380634.0450660424,278801.6471899303,240230.72504264597,121832.39787611211,interactive_short,True,32
split_oldest,209,101858.19435285182,346978.4722277096,384631.6486145938,282773.45426174195,245120.27787485777,201858.19435285183,interactive_long,True,256
split_oldest,210,102096.49008493083,351832.80181106203,387568.66924041463,285472.1791554838,249736.31172613119,122096.49008493083,interactive_short,True,32
split_oldest,211,102215.4031702405,359002.69240285293,392355.22410460655,290139.820934366,256787.2892326124,202215.40317024052,interactive_long,True,256
split_oldest,212,102413.29359999309,361602.480703366,393844.07432605,291430.7807260569,259189.18710337288,122413.29359999309,interactive_short,True,32
split_oldest,213,103129.42025505258,361978.2375838392,394085.4360601129,290956.01580506033,258848.81732878665,123129.42025505258,interactive_short,True,32
split_oldest,214,103367.73398674298,362384.504327112,394574.3246471713,291206.59066042834,259016.77034036902,203367.73398674297,interactive_long,True,256
split_oldest,215,104064.91705909783,362760.2612075852,394815.6863812342,290750.76932213636,258695.34414848738,204064.91705909785,interactive_long,True,256
split_oldest,216,104956.58741785116,367238.8339104644,397116.72912541055,292160.1417075594,262282.2464926133,124956.58741785116,interactive_short,True,32
split_oldest,217,105101.94510650923,369918.8343333147,398762.53661692864,293660.5915104194,264816.8892268054,125101.94510650923,interactive_short,True,32
split_oldest,218,105144.67298181758,372800.90103393036,400819.79598132626,295675.1229995087,267656.2280521128,125144.67298181758,interactive_short,True,32
split_oldest,219,105154.45978497482,375455.88010862225,403082.78128216363,297928.3214971888,270301.42032364744,125154.45978497482,interactive_short,True,32
split_oldest,220,105542.0931084934,375734.5316749957,403456.1757117042,297914.0826032108,270192.4385665023,205542.0931084934,interactive_long,True,256
split_oldest,221,110188.0229513581,375985.4485127467,403494.23315504316,293306.21020368504,265797.4255613886,130188.0229513581,interactive_short,True,32
split_oldest,222,110403.3839055042,376273.6551828083,403699.9590914829,293296.5751859787,265870.2712773041,130403.3839055042,interactive_short,True,32
split_oldest,223,110928.5008576382,378291.10187323927,405140.04064656125,294211.53978892305,267362.6010156011,130928.5008576382,interactive_short,True,32
split_oldest,224,111688.37499226487,380884.9619037934,406991.5740745191,295303.1990822542,269196.5869115285,131688.37499226487,interactive_short,True,32
split_oldest,225,112215.7990092379,384631.6486145938,409666.011248236,297450.2122389981,272415.8496053559,132215.7990092379,interactive_short,True,32
split_oldest,226,112917.48509756419,387769.35115741147,412340.4484219529,299422.9633243887,274851.8660598473,132917.48509756417,interactive_short,True,32
split_oldest,227,114411.48355905867,392395.9039216726,416416.90970740916,302005.42614835047,277984.4203626139,214411.4835590587,interactive_long,True,256
split_oldest,228,114522.65592076635,394044.75624304684,417689.3227693867,303166.66684862034,279522.1003222805,134522.65592076635,interactive_short,True,32
split_oldest,229,114532.9511984147,394323.4078094203,418062.71719892725,303529.7660005125,279790.4566110056,214532.9511984147,interactive_long,True,256
split_oldest,230,114615.61401057977,394574.3246471713,418103.7021379077,303488.0881273279,279958.71063659154,134615.61401057977,interactive_short,True,32
split_oldest,231,114683.07789405865,394815.6863812342,418256.46607228863,303573.38817823,280132.60848717554,134683.07789405866,interactive_short,True,32
split_oldest,232,115236.58994548043,397284.39761851134,420089.6332848601,304853.0433393797,282047.8076730309,135236.58994548043,interactive_short,True,32
split_oldest,233,115651.61158140597,398930.20511002943,421311.7447599078,305660.1331785018,283278.59352862346,135651.61158140597,interactive_short,True,32
split_oldest,234,115774.53917908373,400987.46447442705,422839.38410371734,307064.8449246336,285212.92529534333,135774.53917908372,interactive_short,True,32
split_oldest,235,116375.63466086773,403250.4497752644,424519.78738190787,308144.1527210401,286874.8151143967,136375.63466086774,interactive_short,True,32
split_oldest,236,117103.77444832464,403494.23315504316,424837.29231374816,307733.5178654235,286390.4587067185,217103.77444832464,interactive_long,True,256
split_oldest,237,117195.60916673344,403661.90164814395,424878.2772527286,307682.66808599513,286466.2924814105,137195.60916673345,interactive_short,True,32
split_oldest,238,117662.89697720333,403867.6275845837,425031.04118710954,307368.1442099062,286204.7306073804,137662.89697720332,interactive_short,True,32
split_oldest,239,118351.91257873364,405307.70913966204,426415.2332444876,308063.32066575397,286955.7965609284,138351.91257873364,interactive_short,True,32
split_oldest,240,118412.7325508719,407159.2425676199,428554.47542715765,310141.74287628575,288746.510016748,138412.7325508719,interactive_short,True,32
split_oldest,241,119268.19434091335,409833.6797413368,431692.17796997534,312423.98362906196,290565.4854004234,139268.19434091335,interactive_short,True,32
split_oldest,242,120940.42482065367,412508.1169150537,434829.880512793,313889.45569213934,291567.6920944,140940.4248206537,interactive_short,True,32
split_oldest,243,120997.624749866,416454.9671507481,439616.43537698494,318618.8106271189,295457.34240088216,220997.624749866,interactive_long,True,256
split_oldest,244,121010.63168546757,417856.9912624875,441105.2855984284,320094.65391296084,296846.35957701993,141010.63168546755,interactive_short,True,32
split_oldest,245,121197.58383456984,418062.71719892725,441343.2573477358,320145.67351316597,296865.1333643574,141197.58383456984,interactive_short,True,32
split_oldest,246,121763.17319740976,418215.4811333082,441628.0740330419,319864.9008356321,296452.3079358984,141763.17319740978,interactive_short,True,32
split_oldest,247,123350.27787080762,418368.24506768916,441963.0740858982,318612.79621509055,295017.96719688154,143350.27787080762,interactive_short,True,32
split_oldest,248,123602.91046126564,420201.41228026064,445983.07472017355,322380.1642589079,296598.501818995,143602.91046126565,interactive_short,True,32
split_oldest,249,124230.56930962036,421423.5237553083,448944.9829515869,324714.41364196653,297192.95444568794,144230.56930962036,interactive_short,True,32
split_oldest,250,124270.08900736514,422951.16309911787,452702.5517563192,328432.4627489541,298681.07409175276,144270.08900736514,interactive_short,True,32
split_oldest,251,124856.67247492446,424669.62382064736,457181.1244591984,332324.4519842739,299812.9513457229,224856.67247492447,interactive_long,True,256
split_oldest,252,125350.08593729614,424837.29231374816,457211.63432199793,331861.5483847018,299487.206376452,145350.08593729616,interactive_short,True,32
split_oldest,253,125403.82359323137,424990.0562481291,457587.39120247116,332183.5676092398,299586.2326548977,145403.82359323138,interactive_short,True,32
split_oldest,254,126144.08410419556,425180.87762584904,458308.3951006181,332164.31099642254,299036.7935216535,226144.08410419556,interactive_long,True,256
split_oldest,255,127093.62251695,426623.58155465446,460938.6932639307,333845.07074698067,299529.95903770445,227093.62251695,interactive_long,True,256
split_oldest,256,127552.28266631918,428755.1573441545,463652.593534336,336100.31086801685,301202.8746778353,147552.28266631917,interactive_short,True,32
split_oldest,257,127616.7991805127,431892.8598869722,468007.5942214677,340390.79504095495,304276.06070645945,147616.7991805127,interactive_short,True,32
split_oldest,258,129679.54195003705,435030.56242978986,472848.28685524716,343168.7449052101,305351.0204797528,149679.54195003706,interactive_short,True,32
split_oldest,259,130442.6314021725,439657.115194051,480332.9146019122,349890.2831997397,309214.4837918785,230442.6314021725,interactive_long,True,256
split_oldest,260,130655.8765238148,441343.2573477358,482677.91497190617,352022.03844809136,310687.380823921,230655.8765238148,interactive_long,True,256
split_oldest,261,130935.5152079981,441628.0740330419,482966.12164196774,352030.60643396963,310692.5588250438,230935.5152079981,interactive_long,True,256
split_oldest,262,131166.9862195622,441929.1742383431,483006.8014590338,351839.8152394716,310762.1880187809,151166.9862195622,interactive_short,True,32
split_oldest,263,131519.5564154726,442264.17429119936,483248.1631930967,351728.6067776241,310744.6178757268,151519.5564154726,interactive_short,True,32
split_oldest,264,131728.24771670968,446314.6847882743,486345.1859188483,354616.93820213864,314586.4370715646,231728.24771670968,interactive_long,True,256
split_oldest,265,132675.39512974554,449290.2299692606,487823.3249172656,355147.9297875201,316614.83483951504,152675.39512974554,interactive_short,True,32
split_oldest,266,133539.31140441404,453047.79877399286,489880.58428166324,356341.27287724917,319508.4873695788,153539.31140441404,interactive_short,True,32
split_oldest,267,133595.0783204847,457211.63432199793,492311.2380756014,358716.1597551167,323616.55600151327,233595.0783204847,interactive_long,True,256
split_oldest,268,135214.4590302736,457556.8813396716,492352.22301458183,357137.7639843082,322342.422309398,155214.4590302736,interactive_short,True,32
split_oldest,269,135719.1901512949,457932.63822014484,492504.9869489628,356785.79679766786,322213.44806885,155719.1901512949,interactive_short,True,32
split_oldest,270,136601.38092833833,458338.9049634176,492822.4918808031,356221.11095246475,321737.5240350793,236601.38092833833,interactive_long,True,256
split_oldest,271,137215.69923666838,460938.6932639307,494094.9049427806,356879.2057061122,323722.9940272623,157215.69923666838,interactive_short,True,32
split_oldest,272,137501.59529831857,463953.6937396372,495946.43837073847,358444.84307241987,326452.0984413186,157501.59529831857,interactive_short,True,32
split_oldest,273,138163.34016449633,468339.2042895684,498788.54403755616,360625.2038730598,330175.8641250721,238163.34016449633,interactive_long,True,256
split_oldest,274,139846.35758013828,473193.53387292085,500662.6961891081,360816.3386089698,333347.17629278253,159846.35758013828,interactive_short,True,32
split_oldest,275,140003.76939162516,480332.9146019122,503565.21094234625,363561.44155072107,340329.14521028707,160003.76939162516,interactive_short,True,32
split_oldest,276,140829.41841341698,482677.91497190617,504949.4029997243,364119.9845863073,341848.49655848916,160829.41841341698,interactive_short,True,32
split_oldest,277,141215.70077058361,482966.12164196774,505155.1289361641,363939.4281655805,341750.4208713841,161215.70077058361,interactive_short,True,32
split_oldest,278,141546.03834942429,483207.48337603064,505360.85487260384,363814.8165231795,341661.4450266063,161546.03834942429,interactive_short,True,32
split_oldest,279,141832.01178287735,483448.84511009353,505566.5808090436,363734.5690261662,341616.8333272162,161832.01178287735,interactive_short,True,32
split_oldest,280,142488.58246041604,486345.1859188483,508035.29204632074,365546.7095859047,343856.60345843225,162488.58246041604,interactive_short,True,32
split_oldest,281,142644.84009221112,487990.9934103664,509681.09953783883,367036.2594456277,345346.1533181553,162644.84009221112,interactive_short,True,32
split_oldest,282,143599.14347868544,490048.252774764,511738.35890223645,368139.21542355104,346449.10929607856,163599.14347868544,interactive_short,True,32
split_oldest,283,144487.27659124596,492311.2380756014,514001.3442030738,369514.06761182786,347823.96148435544,164487.27659124596,interactive_short,True,32
split_oldest,284,144532.60171227608,492464.00200998236,514209.6925132407,369677.0908009646,347931.40029770625,164532.60171227608,interactive_short,True,32
split_oldest,285,145599.5766970882,492654.8233877023,514648.3461795449,369048.76948245673,347055.2466906141,245599.5766970882,interactive_long,True,256
split_oldest,286,145739.34333865045,492860.54932414205,514853.3045049563,369113.9611663058,347121.20598549163,245739.34333865045,interactive_long,True,256
split_oldest,287,146051.81521778315,494262.5734358814,515785.0073035335,369733.19208575034,348210.75821809826,166051.81521778315,interactive_short,True,32
split_oldest,288,146523.0449304966,496114.10686383926,517096.11689013406,370573.07195963745,349591.06193334266,166523.0449304966,interactive_short,True,32
split_oldest,289,146761.2484172821,498788.54403755616,518945.872046735,372184.6236294529,352027.29562027403,166761.2484172821,interactive_short,True,32
split_oldest,290,146775.80836542114,500774.4751845086,520751.55740151467,373975.74903609353,353998.66681908746,166775.80836542114,interactive_short,True,32
split_oldest,291,147727.5546095749,503715.04738108575,523438.00528200815,375710.45067243325,355987.49277151085,247727.5546095749,interactive_long,True,256
split_oldest,292,147827.90320352226,505117.0714928251,524038.58463060675,376210.6814270845,357289.16828930285,167827.90320352226,interactive_short,True,32
split_oldest,293,147947.1078509365,505322.7974292649,524204.9994243971,376257.89157346054,357375.6895783284,167947.1078509365,interactive_short,True,32
split_oldest,294,148746.43685547588,505528.52336570463,524355.7470329884,375609.31017751247,356782.08651022875,168746.43685547588,interactive_short,True,32
split_oldest,295,148954.45134274074,505734.2493021444,524490.8274563807,375536.37611363997,356779.79795940366,168954.45134274074,interactive_short,True,32
split_oldest,296,150015.9181405525,508202.96053942153,525923.7863147012,375907.8681741487,358187.04239886906,170015.9181405525,interactive_short,True,32
split_oldest,297,150619.88136260773,509848.7680309396,526753.442468246,376133.5611056383,359228.8866683319,170619.88136260773,interactive_short,True,32
split_oldest,298,150781.54882081208,511906.02739533724,527763.7545382101,376982.205717398,361124.47857452516,170781.54882081208,interactive_short,True,32
split_oldest,299,150786.6503149878,514209.6925132407,528632.6947293673,377846.04441437946,363423.04219825286,250786.6503149878,interactive_long,True,256
canvas_aware,0,0.0,0.0,3935.6136402627963,3935.6136402627963,0.0,20000.0,interactive_short,False,32
canvas_aware,1,1171.331658964187,1173.4005003992934,7200.962922752523,6029.631263788336,2.0688414351063784,21171.331658964187,interactive_short,False,32
canvas_aware,2,1565.7096795727393,3238.892715779366,14747.41861002178,13181.70893044904,1673.1830362066266,21565.70967957274,interactive_short,False,32
canvas_aware,3,2465.3888732375417,3238.892715779366,16108.178068944051,13642.78919570651,773.5038425418243,22465.38887323754,interactive_short,False,32
canvas_aware,4,2902.135697588422,3238.892715779366,16108.178068944051,13206.04237135563,336.7570181909441,22902.135697588423,interactive_short,False,32
canvas_aware,5,2982.2751151728585,3238.892715779366,16108.178068944051,13125.902953771192,256.6176006065075,22982.27511517286,interactive_short,False,32
canvas_aware,6,3050.4402075585945,3262.6226090679183,16180.589751540481,13130.149543981886,212.18240150932388,103050.4402075586,interactive_long,False,256
canvas_aware,7,3234.7115731194913,3238.892715779366,16108.178068944051,12873.46649582456,4.181142659874695,23234.71157311949,interactive_short,False,32
canvas_aware,8,4380.9373226986045,4383.56936201924,16397.548775892956,12016.611453194351,2.632039320635158,24380.937322698606,interactive_short,False,32
canvas_aware,9,5176.054822046136,5248.843544984083,16641.627678289504,11465.572856243369,72.78872293794666,25176.054822046135,interactive_short,False,32
canvas_aware,10,6161.626789000866,6244.159151388984,16912.826458730113,10751.199669729247,82.5323623881186,26161.626789000868,interactive_short,False,32
canvas_aware,11,7307.571222693039,7372.906165989443,17173.8552849042,9866.28406221116,65.33494329640416,27307.57122269304,interactive_short,False,32
canvas_aware,12,7425.480833787537,7475.82771138544,17197.585178192752,9772.104344405216,50.346877597902676,27425.480833787537,interactive_short,False,32
canvas_aware,13,7569.008461074401,7582.139241536945,17300.50672358875,9731.49826251435,13.130780462543953,27569.0084610744,interactive_short,False,32
canvas_aware,14,7623.243144680727,7691.840756443957,17439.40559703334,9816.162452352612,68.5976117632299,27623.243144680728,interactive_short,False,32
canvas_aware,15,8380.57126688595,8483.481254081595,18387.967817856905,10007.396550970954,102.90998719564413,28380.57126688595,interactive_short,False,32
canvas_aware,16,9458.234757895287,9477.703387500165,19031.767535400784,9573.532777505498,19.468629604878515,29458.234757895287,interactive_short,False,32
canvas_aware,17,9718.990506869739,9817.893252230733,21201.55949603822,11482.56898916848,98.90274536099423,29718.99050686974,interactive_short,False,32
canvas_aware,18,10203.653686584274,17197.585178192752,42554.79492794248,32351.141241358207,6993.931491608479,110203.65368658428,interactive_long,False,256
canvas_aware,19,10287.598785380122,17173.8552849042,42354.11301094564,32066.514225565523,6886.256499524077,30287.59878538012,interactive_short,True,32
canvas_aware,20,11616.379637436165,17300.50672358875,42785.986707738884,31169.60707030272,5684.127086152586,111616.37963743617,interactive_long,False,256
canvas_aware,21,12616.161631916308,17269.996860789182,42585.30479074205,29969.14315882574,4653.835228872875,32616.161631916308,interactive_short,True,32
canvas_aware,22,14485.323239382093,17269.996860789182,42585.30479074205,28099.981551359953,2784.6736214070897,34485.323239382094,interactive_short,True,32
canvas_aware,23,15317.723820262268,17269.996860789182,42585.30479074205,27267.58097047978,1952.273040526914,35317.72382026227,interactive_short,True,32
canvas_aware,24,16383.791537594923,19058.887413444845,44836.20286310696,28452.41132551204,2675.095875849922,116383.79153759492,interactive_long,False,256
canvas_aware,25,16396.340895587342,19031.767535400784,44635.520946110126,28239.180050522784,2635.4266398134423,36396.340895587346,interactive_short,True,32
canvas_aware,26,17063.31420335273,19031.767535400784,44635.520946110126,27572.206742757397,1968.453332048055,37063.314203352726,interactive_short,True,32
canvas_aware,27,17265.18659866415,19031.767535400784,44635.520946110126,27370.334347445976,1766.5809367366346,37265.18659866415,interactive_short,True,32
canvas_aware,28,18600.678603606862,21396.34786718307,48294.682903845875,29694.004300239012,2795.6692635762083,118600.67860360687,interactive_long,False,256
canvas_aware,29,19411.01686580571,21369.22798913901,48043.76606609488,28632.749200289174,1958.2111233333017,39411.01686580571,interactive_short,True,32
canvas_aware,30,20408.802516297103,42585.30479074205,70741.32417169819,50332.521655401084,22176.502274444945,120408.8025162971,interactive_long,False,256
canvas_aware,31,21241.14390401677,42554.79492794248,70540.64225470135,49299.498350684575,21313.651023925708,41241.143904016775,interactive_short,True,32
canvas_aware,32,21396.316179153477,42554.79492794248,70540.64225470135,49144.32607554787,21158.478748789003,41396.31617915348,interactive_short,True,32
canvas_aware,33,22170.4276389915,42813.106585782945,70947.05010813795,48776.622469146445,20642.678946791446,122170.4276389915,interactive_long,False,256
canvas_aware,34,22227.625817309778,42785.986707738884,70779.38161503716,48551.75579772738,20558.360890429107,42227.625817309774,interactive_short,True,32
canvas_aware,35,23256.140245383693,42785.986707738884,70779.38161503716,47523.241369653464,19529.84646235519,43256.14024538369,interactive_short,True,32
canvas_aware,36,24234.197644985197,44873.492695417546,72321.92551756656,48087.72787258137,20639.29505043235,124234.1976449852,interactive_long,False,256
canvas_aware,37,24359.990838893827,44836.20286310696,72210.14652216603,47850.155683272205,20476.212024213135,44359.99083889383,interactive_short,True,32
canvas_aware,38,25207.997182895815,44873.492695417546,72321.92551756656,47113.928334670745,19665.49551252173,125207.99718289581,interactive_long,False,256
canvas_aware,39,25516.371104321515,44836.20286310696,72210.14652216603,46693.77541784452,19319.831758785447,45516.371104321515,interactive_short,True,32
canvas_aware,40,25698.430154521036,44836.20286310696,72210.14652216603,46511.716367645,19137.772708585926,45698.43015452103,interactive_short,True,32
canvas_aware,41,26491.646196213445,44836.20286310696,72210.14652216603,45718.500325952584,18344.556666893517,46491.64619621345,interactive_short,True,32
canvas_aware,42,26620.769639286056,44836.20286310696,72210.14652216603,45589.37688287998,18215.433223820906,46620.76963928605,interactive_short,True,32
canvas_aware,43,26632.7441066642,44836.20286310696,72210.14652216603,45577.402415501834,18203.458756442764,46632.7441066642,interactive_short,True,32
canvas_aware,44,26740.040332569013,48294.682903845875,72647.36405409529,45907.32372152628,21554.64257127686,46740.04033256901,interactive_short,True,32
canvas_aware,45,26938.983743960976,48294.682903845875,72647.36405409529,45708.380310134315,21355.699159884898,46938.98374396098,interactive_short,True,32
canvas_aware,46,27937.833208212847,70741.32417169819,74854.24412993007,46916.41092171722,42803.49096348534,47937.83320821285,interactive_short,True,32
canvas_aware,47,29641.779642182315,70741.32417169819,74854.24412993007,45212.464487747755,41099.54452951587,49641.779642182315,interactive_short,True,32
canvas_aware,48,29805.424400657474,70741.32417169819,74854.24412993007,45048.819729272596,40935.89977104071,49805.42440065747,interactive_short,True,32
canvas_aware,49,30318.31224161087,70947.05010813795,74888.14397748515,44569.83173587428,40628.73786652708,50318.31224161087,interactive_short,True,32
canvas_aware,50,30573.45711226591,70947.05010813795,74888.14397748515,44314.686865219235,40373.59299587204,50573.45711226591,interactive_short,True,32
canvas_aware,51,32559.069997750434,70947.05010813795,74888.14397748515,42329.07397973471,38387.980110387514,52559.069997750434,interactive_short,True,32
canvas_aware,52,32943.237885531045,72647.36405409529,76907.11707106965,43963.8791855386,39704.126168564246,52943.237885531045,interactive_short,True,32
canvas_aware,53,34343.62615416367,74888.14397748515,90212.39256627433,55868.76641211066,40544.517823321476,134343.62615416368,interactive_long,False,256
canvas_aware,54,34404.90308858237,74854.24412993007,90100.6135708738,55695.71048229143,40449.3410413477,54404.90308858237,interactive_short,True,32
canvas_aware,55,36164.90386883638,74854.24412993007,90100.6135708738,53935.70970203742,38689.34026109369,56164.90386883638,interactive_short,True,32
canvas_aware,56,36263.2568171127,74854.24412993007,90100.6135708738,53837.3567537611,38590.98731281737,56263.2568171127,interactive_short,True,32
canvas_aware,57,37905.42174307683,74854.24412993007,90100.6135708738,52195.19182779697,36948.82238685324,57905.42174307683,interactive_short,True,32
canvas_aware,58,38059.6814870708,74854.24412993007,90100.6135708738,52040.932083803,36794.56264285927,58059.6814870708,interactive_short,True,32
canvas_aware,59,38117.05175425955,74854.24412993007,90100.6135708738,51983.56181661425,36737.19237567052,58117.05175425955,interactive_short,True,32
canvas_aware,60,38402.130622771125,77010.03861646564,94497.73673146107,56095.60610868995,38607.90799369451,138402.13062277113,interactive_long,False,256
canvas_aware,61,39054.110184089855,76979.52875366608,94330.06823836028,55275.95805427043,37925.41856957622,59054.110184089855,interactive_short,True,32
canvas_aware,62,39242.3138712813,76979.52875366608,94330.06823836028,55087.75436707898,37737.214882384775,59242.3138712813,interactive_short,True,32
canvas_aware,63,39708.28116866232,76979.52875366608,94330.06823836028,54621.787069697966,37271.24758500376,59708.28116866232,interactive_short,True,32
canvas_aware,64,40066.41032699541,90239.51244431839,121300.95704718697,81234.54672019156,50173.10211732298,140066.41032699542,interactive_long,False,256
canvas_aware,65,40309.6357467324,90239.51244431839,121300.95704718697,80991.32130045457,49929.87669758599,140309.6357467324,interactive_long,False,256
canvas_aware,66,40739.3405874416,90212.39256627433,121050.04020943597,80310.69962199437,49473.05197883273,60739.3405874416,interactive_short,True,32
canvas_aware,67,40886.3399149278,90212.39256627433,121050.04020943597,80163.70029450818,49326.05265134653,60886.3399149278,interactive_short,True,32
canvas_aware,68,41503.18712875418,90212.39256627433,121050.04020943597,79546.85308068179,48709.20543752015,61503.18712875418,interactive_short,True,32
canvas_aware,69,41504.033483776315,90212.39256627433,121050.04020943597,79546.00672565965,48708.35908249801,61504.033483776315,interactive_short,True,32
canvas_aware,70,42803.01628166911,90212.39256627433,121050.04020943597,78247.02392776686,47409.37628460522,62803.01628166911,interactive_short,True,32
canvas_aware,71,43189.600889409885,94535.02656377165,126536.33553195006,83346.73464254016,51345.425674361766,143189.6008894099,interactive_long,False,256
canvas_aware,72,43825.06690327878,94535.02656377165,126536.33553195006,82711.26862867127,50709.959660492874,143825.06690327878,interactive_long,False,256
canvas_aware,73,44502.36801129497,94497.73673146107,126335.65361495322,81833.28560365824,49995.3687201661,64502.36801129497,interactive_short,True,32
canvas_aware,74,45057.65251098892,94497.73673146107,126335.65361495322,81278.0011039643,49440.084220472156,65057.65251098892,interactive_short,True,32
canvas_aware,75,45284.1050121679,94497.73673146107,126335.65361495322,81051.54860278532,49213.631719293175,65284.1050121679,interactive_short,True,32
canvas_aware,76,45320.37627874394,94535.02656377165,126536.33553195006,81215.95925320612,49214.65028502771,145320.37627874393,interactive_long,False,256
canvas_aware,77,45866.05216119919,94497.73673146107,126335.65361495322,80469.60145375403,48631.68457026188,65866.05216119919,interactive_short,True,32
canvas_aware,78,46066.4402474157,94497.73673146107,126335.65361495322,80269.21336753751,48431.29648404537,66066.44024741571,interactive_short,True,32
canvas_aware,79,46254.81759363009,94497.73673146107,126335.65361495322,80080.83602132314,48242.919137830984,66254.81759363008,interactive_short,True,32
canvas_aware,80,47196.80523675841,121300.95704718697,139972.68893141978,92775.88369466137,74104.15181042856,67196.8052367584,interactive_short,True,32
canvas_aware,81,47832.84945106527,121300.95704718697,139972.68893141978,92139.83948035451,73468.1075961217,67832.84945106527,interactive_short,True,32
canvas_aware,82,48011.41716761854,121300.95704718697,139972.68893141978,91961.27176380123,73289.53987956842,68011.41716761855,interactive_short,True,32
canvas_aware,83,48196.43091610786,121338.24687949754,140084.4679268203,91888.03701071243,73141.81596338967,148196.43091610787,interactive_long,False,256
canvas_aware,84,48458.88719682506,121300.95704718697,139972.68893141978,91513.80173459472,72842.0698503619,68458.88719682506,interactive_short,True,32
canvas_aware,85,48716.304343250406,121300.95704718697,139972.68893141978,91256.38458816937,72584.65270393656,68716.3043432504,interactive_short,True,32
canvas_aware,86,48891.547980041694,126570.23537950513,143140.24314260125,94248.69516255955,77678.68739946344,148891.5479800417,interactive_long,False,256
canvas_aware,87,48959.622702156186,126536.33553195006,143028.46414720072,94068.84144504453,77576.71282979386,68959.6227021562,interactive_short,True,32
canvas_aware,88,49232.371208495235,126536.33553195006,143028.46414720072,93796.0929387055,77303.96432345483,69232.37120849523,interactive_short,True,32
canvas_aware,89,50642.116378047685,126536.33553195006,143028.46414720072,92386.34776915304,75894.21915390238,70642.11637804768,interactive_short,True,32
canvas_aware,90,51207.66027366786,126536.33553195006,143028.46414720072,91820.80387353286,75328.6752582822,71207.66027366786,interactive_short,True,32
canvas_aware,91,52373.181085670556,126536.33553195006,143028.46414720072,90655.28306153016,74163.1544462795,72373.18108567056,interactive_short,True,32
canvas_aware,92,52851.106227620774,140111.58780486436,165586.88441045355,112735.77818283279,87260.4815772436,152851.10622762077,interactive_long,True,256
canvas_aware,93,53030.12264217715,140084.4679268203,165386.20249345672,112356.07985127956,87054.34528464315,73030.12264217716,interactive_short,True,32
canvas_aware,94,53427.089742079675,140084.4679268203,165386.20249345672,111959.11275137705,86657.37818474064,73427.08974207967,interactive_short,True,32
canvas_aware,95,53427.29275313623,140084.4679268203,165386.20249345672,111958.9097403205,86657.17517368408,73427.29275313622,interactive_short,True,32
canvas_aware,96,53596.36917897643,143180.92295966734,170021.38790488231,116425.01872590589,89584.55378069091,153596.36917897643,interactive_long,True,256
canvas_aware,97,53877.3305336343,143140.24314260125,169853.71941178152,115976.38887814723,89262.91260896696,73877.33053363429,interactive_short,True,32
canvas_aware,98,54311.06270019071,143180.92295966734,170021.38790488231,115710.3252046916,88869.86025947663,154311.0627001907,interactive_long,True,256
canvas_aware,99,54842.74168076337,143180.92295966734,170021.38790488231,115178.64622411894,88338.18127890397,154842.74168076337,interactive_long,True,256
canvas_aware,100,55155.47490977593,143140.24314260125,169853.71941178152,114698.2445020056,87984.76823282533,75155.47490977592,interactive_short,True,32
canvas_aware,101,55447.31627792467,143140.24314260125,169853.71941178152,114406.40313385686,87692.92686467658,75447.31627792466,interactive_short,True,32
canvas_aware,102,55567.52560879221,143140.24314260125,169853.71941178152,114286.19380298932,87572.71753380905,75567.5256087922,interactive_short,True,32
canvas_aware,103,55887.9796521969,143140.24314260125,169853.71941178152,113965.73975958463,87252.26349040435,75887.9796521969,interactive_short,True,32
canvas_aware,104,57045.21146344357,143140.24314260125,169853.71941178152,112808.50794833795,86095.03167915768,77045.21146344357,interactive_short,True,32
canvas_aware,105,57840.08979628094,143140.24314260125,169853.71941178152,112013.62961550058,85300.15334632031,77840.08979628094,interactive_short,True,32
canvas_aware,106,57933.06871402434,143140.24314260125,169853.71941178152,111920.65069775718,85207.17442857691,77933.06871402434,interactive_short,True,32
canvas_aware,107,57977.372604793556,143140.24314260125,169853.71941178152,111876.34680698797,85162.8705378077,77977.37260479355,interactive_short,True,32
canvas_aware,108,58339.64200570052,165586.88441045355,191006.27292668895,132666.63092098842,107247.24240475302,78339.64200570053,interactive_short,True,32
canvas_aware,109,58840.75814968067,170048.50778292638,196144.0146699642,137303.25652028352,111207.74963324571,158840.75814968068,interactive_long,True,256
canvas_aware,110,59044.8838343036,170048.50778292638,196144.0146699642,137099.13083566062,111003.62394862279,159044.8838343036,interactive_long,True,256
canvas_aware,111,59897.922849887065,170021.38790488231,195943.33275296737,136045.40990308032,110123.46505499525,79897.92284988707,interactive_short,True,32
canvas_aware,112,60593.35150273642,170021.38790488231,195943.33275296737,135349.98125023095,109428.0364021459,80593.35150273642,interactive_short,True,32
canvas_aware,113,61151.936724010215,170021.38790488231,195943.33275296737,134791.39602895716,108869.4511808721,81151.93672401021,interactive_short,True,32
canvas_aware,114,61279.15107416356,170048.50778292638,196144.0146699642,134864.86359580065,108769.35670876282,161279.15107416356,interactive_long,True,256
canvas_aware,115,61390.17935327033,170048.50778292638,196144.0146699642,134753.83531669388,108658.32842965605,161390.17935327033,interactive_long,True,256
canvas_aware,116,61402.54367109993,170021.38790488231,195943.33275296737,134540.78908186744,108618.84423378238,81402.54367109993,interactive_short,True,32
canvas_aware,117,61542.95817139354,170021.38790488231,195943.33275296737,134400.37458157382,108478.42973348877,81542.95817139355,interactive_short,True,32
canvas_aware,118,61865.26654809012,170021.38790488231,195943.33275296737,134078.06620487725,108156.1213567922,81865.26654809012,interactive_short,True,32
canvas_aware,119,62812.9529528822,170021.38790488231,195943.33275296737,133130.37980008515,107208.43495200011,82812.9529528822,interactive_short,True,32
canvas_aware,120,62850.76116940531,196167.74456325275,227728.3887395111,164877.6275701058,133316.98339384745,162850.7611694053,interactive_long,True,256
canvas_aware,121,63118.35534501975,196144.0146699642,227477.47190176012,164359.11655674037,133025.65932494446,83118.35534501975,interactive_short,True,32
canvas_aware,122,63615.16452911471,196167.74456325275,227728.3887395111,164113.2242103964,132552.58003413805,163615.1645291147,interactive_long,True,256
canvas_aware,123,63723.27036825511,196144.0146699642,227477.47190176012,163754.201533505,132420.7443017091,83723.27036825511,interactive_short,True,32
canvas_aware,124,64319.217145619754,196144.0146699642,227477.47190176012,163158.25475614035,131824.79752434447,84319.21714561975,interactive_short,True,32
canvas_aware,125,64660.19928608958,196144.0146699642,227477.47190176012,162817.27261567055,131483.81538387464,84660.19928608957,interactive_short,True,32
canvas_aware,126,64800.04594631269,196144.0146699642,227477.47190176012,162677.42595544743,131343.96872365152,84800.04594631269,interactive_short,True,32
canvas_aware,127,65333.687082703895,196167.74456325275,227728.3887395111,162394.7016568072,130834.05748054886,165333.6870827039,interactive_long,True,256
canvas_aware,128,65336.46720655622,196167.74456325275,227728.3887395111,162391.9215329549,130831.27735669653,165336.46720655623,interactive_long,True,256
canvas_aware,129,66031.5470708113,196167.74456325275,227728.3887395111,161696.8416686998,130136.19749244145,166031.5470708113,interactive_long,True,256
canvas_aware,130,66766.48547586781,196144.0146699642,227477.47190176012,160710.9864258923,129377.5291940964,86766.48547586781,interactive_short,True,32
canvas_aware,131,66822.83880134864,196144.0146699642,227477.47190176012,160654.63310041148,129321.17586861557,86822.83880134864,interactive_short,True,32
canvas_aware,132,67099.65856177217,227765.67857182169,260872.1557965915,193772.49723481934,160666.0200100495,167099.65856177217,interactive_long,True,256
canvas_aware,133,67196.38217993575,227765.67857182169,260872.1557965915,193675.77361665576,160569.29639188593,167196.38217993575,interactive_long,True,256
canvas_aware,134,68781.0209150452,227728.3887395111,260621.23895884052,191840.21804379532,158947.3678244659,88781.0209150452,interactive_short,True,32
canvas_aware,135,69145.88267209117,227728.3887395111,260621.23895884052,191475.35628674936,158582.50606741995,89145.88267209117,interactive_short,True,32
canvas_aware,136,69171.64427204579,227728.3887395111,260621.23895884052,191449.59468679474,158556.74446746532,89171.64427204579,interactive_short,True,32
canvas_aware,137,69314.95111351069,227765.67857182169,260872.1557965915,191557.20468308084,158450.727458311,169314.9511135107,interactive_long,True,256
canvas_aware,138,70257.99612428322,227765.67857182169,260872.1557965915,190614.1596723083,157507.68244753848,170257.99612428324,interactive_long,True,256
canvas_aware,139,70562.82379256428,227728.3887395111,260621.23895884052,190058.41516627625,157165.56494694683,90562.82379256428,interactive_short,True,32
canvas_aware,140,71371.09685488073,227728.3887395111,260621.23895884052,189250.1421039598,156357.2918846304,91371.09685488073,interactive_short,True,32
canvas_aware,141,71921.7714690968,227728.3887395111,260621.23895884052,188699.46748974372,155806.6172704143,91921.7714690968,interactive_short,True,32
canvas_aware,142,74128.73462274238,227728.3887395111,260621.23895884052,186492.50433609815,153599.65411676874,94128.73462274238,interactive_short,True,32
canvas_aware,143,74581.22745860655,227765.67857182169,260872.1557965915,186290.92833798495,153184.45111321512,174581.22745860653,interactive_long,True,256
canvas_aware,144,76079.48983678088,227728.3887395111,260621.23895884052,184541.74912205964,151648.89890273023,96079.48983678088,interactive_short,True,32
canvas_aware,145,77189.65115054013,227728.3887395111,260621.23895884052,183431.5878083004,150538.73758897098,97189.65115054013,interactive_short,True,32
canvas_aware,146,77663.86744977381,227728.3887395111,260621.23895884052,182957.37150906672,150064.5212897373,97663.86744977381,interactive_short,True,32
canvas_aware,147,78299.05546796502,227728.3887395111,260621.23895884052,182322.1834908755,149429.3332715461,98299.05546796502,interactive_short,True,32
canvas_aware,148,78650.43020043183,260872.1557965915,273840.3555953339,195189.92539490206,182221.7255961597,98650.43020043183,interactive_short,True,32
canvas_aware,149,79538.08545863265,260872.1557965915,273840.3555953339,194302.27013670126,181334.07033795887,99538.08545863265,interactive_short,True,32
canvas_aware,150,79934.98038071344,260913.14073557194,273912.76727793034,193977.7868972169,180978.1603548585,179934.98038071344,interactive_long,True,256
canvas_aware,151,81072.50475786056,260872.1557965915,273840.3555953339,192767.85083747335,179799.65103873095,101072.50475786056,interactive_short,True,32
canvas_aware,152,81753.1211630551,260872.1557965915,273840.3555953339,192087.2344322788,179119.03463353642,101753.1211630551,interactive_short,True,32
canvas_aware,153,82074.98970717941,260872.1557965915,273840.3555953339,191765.36588815448,178797.16608941212,102074.98970717941,interactive_short,True,32
canvas_aware,154,82224.99630070727,260872.1557965915,273840.3555953339,191615.35929462663,178647.15949588426,102224.99630070727,interactive_short,True,32
canvas_aware,155,82367.00053989809,260872.1557965915,273840.3555953339,191473.35505543582,178505.15525669343,102367.00053989809,interactive_short,True,32
canvas_aware,156,82874.58866325446,260872.1557965915,273840.3555953339,190965.76693207945,177997.56713333706,102874.58866325446,interactive_short,True,32
canvas_aware,157,83600.4077929984,260872.1557965915,273840.3555953339,190239.9478023355,177271.74800359312,103600.4077929984,interactive_short,True,32
canvas_aware,158,83968.74818878995,260872.1557965915,273840.3555953339,189871.60740654398,176903.40760780155,103968.74818878995,interactive_short,True,32
canvas_aware,159,84461.49951628041,260872.1557965915,273840.3555953339,189378.85607905348,176410.65628031112,104461.49951628041,interactive_short,True,32
canvas_aware,160,84622.01378257456,260872.1557965915,273840.3555953339,189218.34181275935,176250.14201401695,104622.01378257456,interactive_short,True,32
canvas_aware,161,84662.33871189416,260872.1557965915,273840.3555953339,189178.01688343973,176209.81708469737,104662.33871189416,interactive_short,True,32
canvas_aware,162,84830.58453590318,260872.1557965915,273840.3555953339,189009.77105943073,176041.57126068833,104830.58453590318,interactive_short,True,32
canvas_aware,163,84989.11602135918,273950.0571102409,307056.53433501074,222067.41831365158,188960.94108888175,184989.11602135916,interactive_long,True,256
canvas_aware,164,85181.73375472365,273950.0571102409,307056.53433501074,221874.8005802871,188768.32335551726,185181.73375472365,interactive_long,True,256
canvas_aware,165,85570.16363611515,273912.76727793034,306805.61749725975,221235.4538611446,188342.6036418152,105570.16363611515,interactive_short,True,32
canvas_aware,166,85644.6306604025,273912.76727793034,306805.61749725975,221160.98683685725,188268.13661752784,105644.6306604025,interactive_short,True,32
canvas_aware,167,85776.13285687883,273912.76727793034,306805.61749725975,221029.48464038092,188136.6344210515,105776.13285687883,interactive_short,True,32
canvas_aware,168,86368.13594607066,273912.76727793034,306805.61749725975,220437.4815511891,187544.63133185968,106368.13594607066,interactive_short,True,32
canvas_aware,169,86980.93703650791,273912.76727793034,306805.61749725975,219824.68046075184,186931.83024142243,106980.93703650791,interactive_short,True,32
canvas_aware,170,87014.12920202049,273950.0571102409,307056.53433501074,220042.40513299027,186935.92790822044,187014.12920202047,interactive_long,True,256
canvas_aware,171,87275.9152682983,273912.76727793034,306805.61749725975,219529.70222896145,186636.85200963204,107275.9152682983,interactive_short,True,32
canvas_aware,172,87667.02594521933,273912.76727793034,306805.61749725975,219138.59155204042,186245.741332711,107667.02594521933,interactive_short,True,32
canvas_aware,173,87935.75983792882,273950.0571102409,307056.53433501074,219120.77449708193,186014.2972723121,187935.7598379288,interactive_long,True,256
canvas_aware,174,88051.62145727403,273950.0571102409,307056.53433501074,219004.91287773673,185898.4356529669,188051.621457274,interactive_long,True,256
canvas_aware,175,88324.10878252305,273912.76727793034,306805.61749725975,218481.5087147367,185588.6584954073,108324.10878252305,interactive_short,True,32
canvas_aware,176,89500.19858409047,273912.76727793034,306805.61749725975,217305.4189131693,184412.5686938399,109500.19858409047,interactive_short,True,32
canvas_aware,177,89938.82905232742,273912.76727793034,306805.61749725975,216866.78844493232,183973.9382256029,109938.82905232742,interactive_short,True,32
canvas_aware,178,90533.40889432828,273912.76727793034,306805.61749725975,216272.20860293147,183379.35838360206,110533.40889432828,interactive_short,True,32
canvas_aware,179,91504.92814548327,307056.53433501074,324477.51877326804,232972.59062778478,215551.6061895275,111504.92814548327,interactive_short,True,32
canvas_aware,180,92230.27968654275,307056.53433501074,324477.51877326804,232247.23908672528,214826.254648468,112230.27968654275,interactive_short,True,32
canvas_aware,181,92469.60496286812,307056.53433501074,324477.51877326804,232007.9138103999,214586.92937214262,112469.60496286812,interactive_short,True,32
canvas_aware,182,92472.56172992403,307097.2141520768,324589.29776866856,232116.73603874454,214624.65242215278,192472.56172992403,interactive_long,True,256
canvas_aware,183,92689.30794681743,307056.53433501074,324477.51877326804,231788.2108264506,214367.22638819332,112689.30794681743,interactive_short,True,32
canvas_aware,184,93389.45413584379,307056.53433501074,324477.51877326804,231088.06463742425,213667.08019916696,113389.45413584379,interactive_short,True,32
canvas_aware,185,94349.64144954704,307056.53433501074,324477.51877326804,230127.877323721,212706.89288546372,114349.64144954704,interactive_short,True,32
canvas_aware,186,95883.04444454715,307097.2141520768,324589.29776866856,228706.2533241214,211214.16970752965,195883.04444454715,interactive_long,True,256
canvas_aware,187,96154.56502146393,307056.53433501074,324477.51877326804,228322.9537518041,210901.9693135468,116154.56502146393,interactive_short,True,32
canvas_aware,188,96842.76806523936,307056.53433501074,324477.51877326804,227634.75070802867,210213.76626977138,116842.76806523936,interactive_short,True,32
canvas_aware,189,97237.74284251282,307056.53433501074,324477.51877326804,227239.77593075522,209818.79149249793,117237.74284251282,interactive_short,True,32
canvas_aware,190,97699.97056499714,307056.53433501074,324477.51877326804,226777.5482082709,209356.5637700136,117699.97056499714,interactive_short,True,32
canvas_aware,191,97824.54668081932,307056.53433501074,324477.51877326804,226652.97209244873,209231.98765419144,117824.54668081932,interactive_short,True,32
canvas_aware,192,97948.40675081649,307056.53433501074,324477.51877326804,226529.11202245153,209108.12758419424,117948.40675081649,interactive_short,True,32
canvas_aware,193,98234.6118743927,324619.8076314681,367801.3390230899,269566.7271486972,226385.1957570754,198234.61187439272,interactive_long,True,256
canvas_aware,194,98249.33906051255,324589.29776866856,367456.0920054162,269206.7529449037,226339.95870815602,118249.33906051255,interactive_short,True,32
canvas_aware,195,98454.1731827479,324619.8076314681,367801.3390230899,269347.165840342,226165.6344487202,198454.1731827479,interactive_long,True,256
canvas_aware,196,99022.5513142485,324589.29776866856,367456.0920054162,268433.5406911677,225566.74645442006,119022.5513142485,interactive_short,True,32
canvas_aware,197,99281.57435283644,324589.29776866856,367456.0920054162,268174.5176525798,225307.72341583212,119281.57435283644,interactive_short,True,32
canvas_aware,198,99371.76291577135,324619.8076314681,367801.3390230899,268429.5761073186,225248.04471569677,199371.76291577134,interactive_long,True,256
canvas_aware,199,99686.74597084758,324619.8076314681,367801.3390230899,268114.5930522423,224933.06166062053,199686.74597084758,interactive_long,True,256
canvas_aware,200,99755.0155249287,324619.8076314681,367801.3390230899,268046.3234981612,224864.79210653942,199755.0155249287,interactive_long,True,256
canvas_aware,201,100241.78607765964,324619.8076314681,367801.3390230899,267559.5529454303,224378.02155380847,200241.78607765964,interactive_long,True,256
canvas_aware,202,100255.45443684058,324619.8076314681,367801.3390230899,267545.88458624936,224364.35319462753,200255.45443684058,interactive_long,True,256
canvas_aware,203,100505.90879672789,324589.29776866856,367456.0920054162,266950.18320868834,224083.38897194067,120505.90879672789,interactive_short,True,32
canvas_aware,204,100921.4150385529,324589.29776866856,367456.0920054162,266534.67696686334,223667.88273011567,120921.4150385529,interactive_short,True,32
canvas_aware,205,100935.15307872482,324589.29776866856,367456.0920054162,266520.9389266914,223654.14468994376,120935.15307872482,interactive_short,True,32
canvas_aware,206,101449.812317172,324589.29776866856,367456.0920054162,266006.2796882442,223139.48545149656,121449.812317172,interactive_short,True,32
canvas_aware,207,101522.7296946453,324589.29776866856,367456.0920054162,265933.3623107709,223066.56807402326,121522.7296946453,interactive_short,True,32
canvas_aware,208,101832.39787611211,324589.29776866856,367456.0920054162,265623.69412930415,222756.89989255645,121832.39787611211,interactive_short,True,32
canvas_aware,209,101858.19435285182,367838.6288554005,400945.1060801703,299086.9117273185,265980.43450254865,201858.19435285183,interactive_long,True,256
canvas_aware,210,102096.49008493083,367801.3390230899,400694.1892424193,298597.6991574885,265704.84893815906,122096.49008493083,interactive_short,True,32
canvas_aware,211,102215.4031702405,367838.6288554005,400945.1060801703,298729.7029099298,265623.22568515997,202215.40317024052,interactive_long,True,256
canvas_aware,212,102413.29359999309,367801.3390230899,400694.1892424193,298280.8956424262,265388.0454230968,122413.29359999309,interactive_short,True,32
canvas_aware,213,103129.42025505258,367801.3390230899,400694.1892424193,297564.76898736676,264671.91876803734,123129.42025505258,interactive_short,True,32
canvas_aware,214,103367.73398674298,367838.6288554005,400945.1060801703,297577.37209342734,264470.8948686575,203367.73398674297,interactive_long,True,256
canvas_aware,215,104064.91705909783,367838.6288554005,400945.1060801703,296880.18902107247,263773.71179630264,204064.91705909785,interactive_long,True,256
canvas_aware,216,104956.58741785116,367801.3390230899,400694.1892424193,295737.6018245682,262844.75160523877,124956.58741785116,interactive_short,True,32
canvas_aware,217,105101.94510650923,367801.3390230899,400694.1892424193,295592.24413591006,262699.3939165807,125101.94510650923,interactive_short,True,32
canvas_aware,218,105144.67298181758,367801.3390230899,400694.1892424193,295549.51626060175,262656.66604127234,125144.67298181758,interactive_short,True,32
canvas_aware,219,105154.45978497482,367801.3390230899,400694.1892424193,295539.7294574445,262646.8792381151,125154.45978497482,interactive_short,True,32
canvas_aware,220,105542.0931084934,367838.6288554005,400945.1060801703,295403.0129716769,262296.5357469071,205542.0931084934,interactive_long,True,256
canvas_aware,221,110188.0229513581,367801.3390230899,400694.1892424193,290506.1662910612,257613.3160717318,130188.0229513581,interactive_short,True,32
canvas_aware,222,110403.3839055042,367801.3390230899,400694.1892424193,290290.80533691513,257397.95511758572,130403.3839055042,interactive_short,True,32
canvas_aware,223,110928.5008576382,367801.3390230899,400694.1892424193,289765.6883847811,256872.8381654517,130928.5008576382,interactive_short,True,32
canvas_aware,224,111688.37499226487,367801.3390230899,400694.1892424193,289005.8142501544,256112.96403082504,131688.37499226487,interactive_short,True,32
canvas_aware,225,112215.7990092379,400945.1060801703,424435.9202776421,312220.1212684042,288729.3070709324,132215.7990092379,interactive_short,True,32
canvas_aware,226,112917.48509756419,400945.1060801703,424435.9202776421,311518.4351800779,288027.62098260614,132917.48509756417,interactive_short,True,32
canvas_aware,227,114411.48355905867,400983.1635235093,424603.5887707429,310192.1052116842,286571.6799644506,214411.4835590587,interactive_long,True,256
canvas_aware,228,114522.65592076635,400945.1060801703,424435.9202776421,309913.26435687573,286422.45015940396,134522.65592076635,interactive_short,True,32
canvas_aware,229,114532.9511984147,400983.1635235093,424603.5887707429,310070.6375723282,286450.2123250946,214532.9511984147,interactive_long,True,256
canvas_aware,230,114615.61401057977,400945.1060801703,424435.9202776421,309820.3062670623,286329.49206959055,134615.61401057977,interactive_short,True,32
canvas_aware,231,114683.07789405865,400945.1060801703,424435.9202776421,309752.8423835834,286262.02818611165,134683.07789405866,interactive_short,True,32
canvas_aware,232,115236.58994548043,400945.1060801703,424435.9202776421,309199.3303321616,285708.5161346899,135236.58994548043,interactive_short,True,32
canvas_aware,233,115651.61158140597,400945.1060801703,424435.9202776421,308784.3086962361,285293.49449876434,135651.61158140597,interactive_short,True,32
canvas_aware,234,115774.53917908373,400945.1060801703,424435.9202776421,308661.38109855837,285170.5669010866,135774.53917908372,interactive_short,True,32
canvas_aware,235,116375.63466086773,400945.1060801703,424435.9202776421,308060.28561677434,284569.4714193026,136375.63466086774,interactive_short,True,32
canvas_aware,236,117103.77444832464,400983.1635235093,424603.5887707429,307499.81432241824,283879.38907518465,217103.77444832464,interactive_long,True,256
canvas_aware,237,117195.60916673344,400945.1060801703,424435.9202776421,307240.31111090863,283749.49691343686,137195.60916673345,interactive_short,True,32
canvas_aware,238,117662.89697720333,400945.1060801703,424435.9202776421,306773.02330043877,283282.209102967,137662.89697720332,interactive_short,True,32
canvas_aware,239,118351.91257873364,400945.1060801703,424435.9202776421,306084.00769890845,282593.1935014367,138351.91257873364,interactive_short,True,32
canvas_aware,240,118412.7325508719,400945.1060801703,424435.9202776421,306023.1877267702,282532.3735292984,138412.7325508719,interactive_short,True,32
canvas_aware,241,119268.19434091335,424603.5887707429,436367.1548086838,317098.96046777046,305335.39442982955,139268.19434091335,interactive_short,True,32
canvas_aware,242,120940.42482065367,424603.5887707429,436367.1548086838,315426.7299880301,303663.1639500892,140940.4248206537,interactive_short,True,32
canvas_aware,243,120997.624749866,424634.0986335424,436439.5664912802,315441.94174141425,303636.47388367646,220997.624749866,interactive_long,True,256
canvas_aware,244,121010.63168546757,424603.5887707429,436367.1548086838,315356.52312321623,303592.9570852753,141010.63168546755,interactive_short,True,32
canvas_aware,245,121197.58383456984,424603.5887707429,436367.1548086838,315169.57097411394,303406.00493617303,141197.58383456984,interactive_short,True,32
canvas_aware,246,121763.17319740976,424603.5887707429,436367.1548086838,314603.981611274,302840.4155733331,141763.17319740978,interactive_short,True,32
canvas_aware,247,123350.27787080762,424603.5887707429,436367.1548086838,313016.87693787616,301253.31089993526,143350.27787080762,interactive_short,True,32
canvas_aware,248,123602.91046126564,424603.5887707429,436367.1548086838,312764.24434741813,301000.6783094772,143602.91046126565,interactive_short,True,32
canvas_aware,249,124230.56930962036,424603.5887707429,436367.1548086838,312136.5854990634,300373.0194611225,144230.56930962036,interactive_short,True,32
canvas_aware,250,124270.08900736514,424603.5887707429,436367.1548086838,312097.0658013186,300333.4997633777,144270.08900736514,interactive_short,True,32
canvas_aware,251,124856.67247492446,436470.07635407976,479651.60774570156,354794.9352707771,311613.4038791553,224856.67247492447,interactive_long,True,256
canvas_aware,252,125350.08593729614,436439.5664912802,479306.3607280279,353956.2747907317,311089.48055398406,145350.08593729616,interactive_short,True,32
canvas_aware,253,125403.82359323137,436439.5664912802,479306.3607280279,353902.5371347965,311035.74289804883,145403.82359323138,interactive_short,True,32
canvas_aware,254,126144.08410419556,436470.07635407976,479651.60774570156,353507.523641506,310325.9922498842,226144.08410419556,interactive_long,True,256
canvas_aware,255,127093.62251695,436470.07635407976,479651.60774570156,352557.98522875155,309376.45383712975,227093.62251695,interactive_long,True,256
canvas_aware,256,127552.28266631918,436439.5664912802,479306.3607280279,351754.0780617087,308887.28382496105,147552.28266631917,interactive_short,True,32
canvas_aware,257,127616.7991805127,436439.5664912802,479306.3607280279,351689.5615475152,308822.76731076755,147616.7991805127,interactive_short,True,32
canvas_aware,258,129679.54195003705,436439.5664912802,479306.3607280279,349626.8187779908,306760.02454124315,149679.54195003706,interactive_short,True,32
canvas_aware,259,130442.6314021725,436470.07635407976,479651.60774570156,349208.97634352907,306027.44495190727,230442.6314021725,interactive_long,True,256
canvas_aware,260,130655.8765238148,436470.07635407976,479651.60774570156,348995.73122188676,305814.19983026496,230655.8765238148,interactive_long,True,256
canvas_aware,261,130935.5152079981,436470.07635407976,479651.60774570156,348716.09253770346,305534.56114608166,230935.5152079981,interactive_long,True,256
canvas_aware,262,131166.9862195622,436439.5664912802,479306.3607280279,348139.37450846564,305272.580271718,151166.9862195622,interactive_short,True,32
canvas_aware,263,131519.5564154726,436439.5664912802,479306.3607280279,347786.8043125553,304920.01007580763,151519.5564154726,interactive_short,True,32
canvas_aware,264,131728.24771670968,436470.07635407976,479651.60774570156,347923.3600289919,304741.8286373701,231728.24771670968,interactive_long,True,256
canvas_aware,265,132675.39512974554,436439.5664912802,479306.3607280279,346630.96559828235,303764.1713615347,152675.39512974554,interactive_short,True,32
canvas_aware,266,133539.31140441404,436439.5664912802,479306.3607280279,345767.0493236139,302900.2550868662,153539.31140441404,interactive_short,True,32
canvas_aware,267,133595.0783204847,479689.66518904053,503310.0904362741,369715.01211578946,346094.58686855587,233595.0783204847,interactive_long,True,256
canvas_aware,268,135214.4590302736,479651.60774570156,503142.42194317334,367927.96291289973,344437.14871542796,155214.4590302736,interactive_short,True,32
canvas_aware,269,135719.1901512949,479651.60774570156,503142.42194317334,367423.23179187847,343932.41759440664,155719.1901512949,interactive_short,True,32
canvas_aware,270,136601.38092833833,479689.66518904053,503310.0904362741,366708.7095079358,343088.2842607022,236601.38092833833,interactive_long,True,256
canvas_aware,271,137215.69923666838,479651.60774570156,503142.42194317334,365926.722706505,342435.90850903315,157215.69923666838,interactive_short,True,32
canvas_aware,272,137501.59529831857,479651.60774570156,503142.42194317334,365640.82664485474,342150.012447383,157501.59529831857,interactive_short,True,32
canvas_aware,273,138163.34016449633,479689.66518904053,503310.0904362741,365146.7502717778,341526.3250245442,238163.34016449633,interactive_long,True,256
canvas_aware,274,139846.35758013828,479651.60774570156,503142.42194317334,363296.064363035,339805.2501655633,159846.35758013828,interactive_short,True,32
canvas_aware,275,140003.76939162516,479651.60774570156,503142.42194317334,363138.6525515482,339647.8383540764,160003.76939162516,interactive_short,True,32
canvas_aware,276,140829.41841341698,479651.60774570156,503142.42194317334,362313.00352975633,338822.1893322846,160829.41841341698,interactive_short,True,32
canvas_aware,277,141215.70077058361,479651.60774570156,503142.42194317334,361926.7211725897,338435.906975118,161215.70077058361,interactive_short,True,32
canvas_aware,278,141546.03834942429,479651.60774570156,503142.42194317334,361596.383593749,338105.5693962773,161546.03834942429,interactive_short,True,32
canvas_aware,279,141832.01178287735,479651.60774570156,503142.42194317334,361310.410160296,337819.5959628242,161832.01178287735,interactive_short,True,32
canvas_aware,280,142488.58246041604,479651.60774570156,503142.42194317334,360653.83948275726,337163.02528528555,162488.58246041604,interactive_short,True,32
canvas_aware,281,142644.84009221112,479651.60774570156,503142.42194317334,360497.58185096225,337006.7676534904,162644.84009221112,interactive_short,True,32
canvas_aware,282,143599.14347868544,479651.60774570156,503142.42194317334,359543.27846448787,336052.46426701616,163599.14347868544,interactive_short,True,32
canvas_aware,283,144487.27659124596,503310.0904362741,526800.9046337451,382313.6280424991,358822.81384502817,164487.27659124596,interactive_short,True,32
canvas_aware,284,144532.60171227608,503310.0904362741,526800.9046337451,382268.302921469,358777.4887239981,164532.60171227608,interactive_short,True,32
canvas_aware,285,145599.5766970882,503348.1478796131,526968.5731268459,381368.9964297577,357748.5711825249,245599.5766970882,interactive_long,True,256
canvas_aware,286,145739.34333865045,503348.1478796131,526968.5731268459,381229.22978819546,357608.8045409627,245739.34333865045,interactive_long,True,256
canvas_aware,287,146051.81521778315,503310.0904362741,526800.9046337451,380749.08941596193,357258.275218491,166051.81521778315,interactive_short,True,32
canvas_aware,288,146523.0449304966,503310.0904362741,526800.9046337451,380277.8597032485,356787.0455057775,166523.0449304966,interactive_short,True,32
canvas_aware,289,146761.2484172821,503310.0904362741,526800.9046337451,380039.65621646296,356548.84201899206,166761.2484172821,interactive_short,True,32
canvas_aware,290,146775.80836542114,503310.0904362741,526800.9046337451,380025.09626832395,356534.282070853,166775.80836542114,interactive_short,True,32
canvas_aware,291,147727.5546095749,503348.1478796131,526968.5731268459,379241.018517271,355620.5932700382,247727.5546095749,interactive_long,True,256
canvas_aware,292,147827.90320352226,503310.0904362741,526800.9046337451,378973.0014302228,355482.18723275186,167827.90320352226,interactive_short,True,32
canvas_aware,293,147947.1078509365,503310.0904362741,526800.9046337451,378853.7967828086,355362.9825853376,167947.1078509365,interactive_short,True,32
canvas_aware,294,148746.43685547588,503310.0904362741,526800.9046337451,378054.4677782692,354563.65358079824,168746.43685547588,interactive_short,True,32
canvas_aware,295,148954.45134274074,503310.0904362741,526800.9046337451,377846.45329100435,354355.6390935334,168954.45134274074,interactive_short,True,32
canvas_aware,296,150015.9181405525,503310.0904362741,526800.9046337451,376784.9864931926,353294.1722957216,170015.9181405525,interactive_short,True,32
canvas_aware,297,150619.88136260773,503310.0904362741,526800.9046337451,376181.0232711374,352690.20907366637,170619.88136260773,interactive_short,True,32
canvas_aware,298,150781.54882081208,503310.0904362741,526800.9046337451,376019.355812933,352528.54161546205,170781.54882081208,interactive_short,True,32
canvas_aware,299,150786.6503149878,526968.5731268459,535295.9166254353,384509.26631044754,376181.92281185806,250786.6503149878,interactive_long,True,256
