policy,request_id,arrival_ms,first_start_ms,completion_ms,latency_ms,first_wait_ms,deadline_ms,service_class,slo_miss,canvas
arrival_dense,0,0.0,0.0,3291.245305998018,3291.245305998018,0.0,20000.0,interactive_short,False,32
arrival_dense,1,4685.326635856748,4685.326635856748,8134.444861459181,3449.118225602433,0.0,24685.32663585675,interactive_short,False,32
arrival_dense,2,6262.838718290957,6288.020002255783,9737.138227858217,3474.2995095672595,25.181283964825525,26262.838718290957,interactive_short,False,32
arrival_dense,3,9861.555492950167,9861.555492950167,22243.249781810475,12381.694288860308,0.0,29861.555492950167,interactive_short,False,32
arrival_dense,4,11608.542790353687,11635.966005749098,56596.46793484225,44987.92514448856,27.423215395410807,31608.542790353687,interactive_short,True,32
arrival_dense,5,11929.100460691434,11948.919371715776,64438.95769474565,52509.857234054216,19.818911024342015,31929.100460691436,interactive_short,True,32
arrival_dense,6,12201.760830234378,12230.92870529744,69144.45155068769,56942.69072045331,29.16787506306173,112201.76083023437,interactive_long,False,256
arrival_dense,7,12938.846292477965,13033.656373284786,72281.44745464905,59342.601162171086,94.81008080682113,32938.84629247797,interactive_short,True,32
arrival_dense,8,17523.749290794418,17550.159452802647,86397.92902247517,68874.17973168075,26.410162008229236,37523.74929079442,interactive_short,True,32
arrival_dense,9,20704.219288184544,20862.261711115745,95024.66775836892,74320.44847018438,158.04242293120114,40704.21928818454,interactive_short,True,32
arrival_dense,10,24646.507156003463,24652.05142422,104435.655470253,79789.14831424953,5.544268216537603,44646.50715600346,interactive_short,True,32
arrival_dense,11,29230.284890772156,29485.509671651555,115415.14113411776,86184.8562433456,255.22478087939817,49230.284890772156,interactive_short,True,32
arrival_dense,12,29701.92333515015,29880.07769185005,116199.3901101081,86497.46677495795,178.15435669989893,49701.923335150146,interactive_short,True,32
arrival_dense,13,30276.033844297603,30323.966714573355,116983.63908609844,86707.60524180083,47.932870275752066,50276.033844297606,interactive_short,True,32
arrival_dense,14,30492.972578722907,30817.176739821472,117767.88806208878,87274.91548336587,324.20416109856524,50492.97257872291,interactive_short,True,32
arrival_dense,15,33522.2850675438,33529.83187868612,121689.13294204048,88166.84787449669,7.5468111423178925,53522.2850675438,interactive_short,True,32
arrival_dense,16,37832.93903158115,38264.64812106805,127963.1247499632,90130.18571838205,431.7090894869034,57832.93903158115,interactive_short,True,32
arrival_dense,17,38875.962027478956,38901.8504140602,128747.37372595354,89871.41169847458,25.888386581245868,58875.962027478956,interactive_short,True,32
arrival_dense,18,40814.614746337094,40960.503976034845,131100.12065392456,90285.50590758747,145.88922969775012,140814.6147463371,interactive_long,False,256
arrival_dense,19,41150.39514152049,41695.73739102579,131884.3696299149,90733.97448839442,545.3422495053019,61150.39514152049,interactive_short,True,32
arrival_dense,20,46465.51854974466,56596.46793484225,146785.10017373136,100319.58162398671,10130.949385097592,146465.51854974465,interactive_long,True,256
arrival_dense,21,50464.64652766523,64438.95769474565,154627.58993363476,104162.94340596953,13974.311167080421,70464.64652766523,interactive_short,True,32
arrival_dense,22,57941.29295752837,69144.45155068769,159333.0837895768,101391.79083204843,11203.158593159322,77941.29295752838,interactive_short,True,32
arrival_dense,23,61270.895281049074,72281.44745464905,162470.07969353817,101199.18441248909,11010.55217359998,81270.89528104907,interactive_short,True,32
arrival_dense,24,65535.16615037969,86397.92902247517,176586.5612613643,111051.3951109846,20862.76287209548,165535.1661503797,interactive_long,True,256
arrival_dense,25,65585.36358234937,95024.66775836892,185213.29999725803,119627.93641490866,29439.30417601955,85585.36358234937,interactive_short,True,32
arrival_dense,26,68253.25681341092,104435.655470253,194624.2877091421,126371.0308957312,36182.39865684208,88253.25681341092,interactive_short,True,32
arrival_dense,27,69060.7463946566,115415.14113411776,205603.77337300687,136543.02697835027,46354.39473946116,89060.7463946566,interactive_short,True,32
arrival_dense,28,74402.71441442745,116199.3901101081,206388.0223489972,131985.30793456978,41796.67569568065,174402.71441442746,interactive_long,True,256
arrival_dense,29,77644.06746322283,116983.63908609844,207172.27132498755,129528.20386176472,39339.57162287561,97644.06746322283,interactive_short,True,32
arrival_dense,30,81635.21006518841,117767.88806208878,207956.5203009779,126321.31023578948,36132.67799690037,181635.2100651884,interactive_long,True,256
arrival_dense,31,84964.57561606709,121689.13294204048,211877.7651809296,126913.1895648625,36724.557325973394,104964.57561606709,interactive_short,True,32
arrival_dense,32,85585.2647166139,127963.1247499632,218151.7569888523,132566.49227223842,42377.860033349294,105585.2647166139,interactive_short,True,32
arrival_dense,33,88681.710555966,128747.37372595354,218936.00596484265,130254.29540887666,40065.66316998754,188681.710555966,interactive_long,True,256
arrival_dense,34,88910.50326923911,131100.12065392456,221288.75289281367,132378.24962357455,42189.61738468545,108910.50326923911,interactive_short,True,32
arrival_dense,35,93024.56098153477,131884.3696299149,222073.001868804,129048.44088726924,38859.80864838013,113024.56098153477,interactive_short,True,32
arrival_dense,36,96936.79057994079,146785.10017373136,236973.73241262048,140036.94183267967,49848.309593790575,196936.79057994077,interactive_long,True,256
arrival_dense,37,97439.96335557531,154627.58993363476,244816.22217252388,147376.25881694857,57187.626578059455,117439.96335557531,interactive_short,True,32
arrival_dense,38,100831.98873158326,159333.0837895768,249521.71602846592,148689.72729688266,58501.095057993545,200831.98873158326,interactive_long,True,256
arrival_dense,39,102065.48441728606,162470.07969353817,252658.71193242728,150593.22751514122,60404.595276252105,122065.48441728606,interactive_short,True,32
arrival_dense,40,102793.72061808415,176586.5612613643,266775.1935002534,163981.47288216924,73792.84064328014,122793.72061808415,interactive_short,True,32
arrival_dense,41,105966.58478485378,185213.29999725803,275401.9322361471,169435.34745129332,79246.71521240425,125966.58478485378,interactive_short,True,32
arrival_dense,42,106483.07855714422,194624.2877091421,284812.9199480312,178329.84139088698,88141.20915199789,126483.07855714422,interactive_short,True,32
arrival_dense,43,106530.9764266568,205603.77337300687,295792.40561189596,189261.42918523916,99072.79694635008,126530.9764266568,interactive_short,True,32
arrival_dense,44,106960.16133027605,206388.0223489972,296576.6545878863,189616.49325761024,99427.86101872116,126960.16133027605,interactive_short,True,32
arrival_dense,45,107755.9349758439,207172.27132498755,297360.90356387664,189604.96858803273,99416.33634914365,127755.9349758439,interactive_short,True,32
arrival_dense,46,111751.33283285139,207956.5203009779,298145.152539867,186393.8197070156,96205.1874681265,131751.3328328514,interactive_short,True,32
arrival_dense,47,118567.11856872926,211877.7651809296,302066.3974198187,183499.27885108942,93310.64661220033,138567.11856872926,interactive_short,True,32
arrival_dense,48,119221.6976026299,218151.7569888523,308340.3892277414,189118.6916251115,98930.05938622242,139221.6976026299,interactive_short,True,32
arrival_dense,49,121273.24896644348,218936.00596484265,309124.63820373174,187851.38923728827,97662.75699839917,141273.24896644347,interactive_short,True,32
arrival_dense,50,122293.82844906364,221288.75289281367,311477.38513170276,189183.55668263912,98994.92444375003,142293.82844906364,interactive_short,True,32
arrival_dense,51,130236.27999100173,222073.001868804,312261.6341076931,182025.35411669136,91836.72187780228,150236.27999100173,interactive_short,True,32
arrival_dense,52,131772.95154212418,236973.73241262048,327162.36465150956,195389.41310938538,105200.7808704963,151772.95154212418,interactive_short,True,32
arrival_dense,53,137374.50461665468,244816.22217252388,335004.85441141296,197630.34979475828,107441.7175558692,237374.50461665468,interactive_long,True,256
arrival_dense,54,137619.61235432947,249521.71602846592,339710.348267355,202090.73591302554,111902.10367413645,157619.61235432947,interactive_short,True,32
arrival_dense,55,144659.61547534552,252658.71193242728,342847.34417131636,198187.72869597084,107999.09645708176,164659.61547534552,interactive_short,True,32
arrival_dense,56,145053.0272684508,266775.1935002534,356963.8257391425,211910.7984706917,121722.16623180258,165053.0272684508,interactive_short,True,32
arrival_dense,57,151621.68697230733,275401.9322361471,365590.5644750362,213968.8775027289,123780.24526383978,171621.68697230733,interactive_short,True,32
arrival_dense,58,152238.7259482832,284812.9199480312,375001.5521869203,222762.82623863712,132574.193999748,172238.7259482832,interactive_short,True,32
arrival_dense,59,152468.2070170382,295792.40561189596,385981.03785078507,233512.83083374688,143324.19859485776,172468.2070170382,interactive_short,True,32
arrival_dense,60,153608.5224910845,296576.6545878863,386765.2868267754,233156.7643356909,142968.1320968018,253608.5224910845,interactive_long,True,256
arrival_dense,61,156216.44073635942,297360.90356387664,387549.53580276575,231333.09506640633,141144.4628275172,176216.44073635942,interactive_short,True,32
arrival_dense,62,156969.2554851252,298145.152539867,388333.7847787561,231364.52929363088,141175.89705474177,176969.2554851252,interactive_short,True,32
arrival_dense,63,158833.12467464927,302066.3974198187,392255.0296587078,233421.90498405852,143233.2727451694,178833.12467464927,interactive_short,True,32
arrival_dense,64,160265.64130798163,308340.3892277414,398529.0214666305,238263.38015864888,148074.74791975977,260265.64130798163,interactive_long,True,256
arrival_dense,65,161238.5429869296,309124.63820373174,399313.27044262085,238074.72745569126,147886.09521680215,261238.5429869296,interactive_long,True,256
arrival_dense,66,162957.3623497664,311477.38513170276,401666.0173705919,238708.65502082548,148520.02278193636,182957.3623497664,interactive_short,True,32
arrival_dense,67,163545.3596597112,312261.6341076931,402450.2663465822,238904.90668687102,148716.2744479819,183545.3596597112,interactive_short,True,32
arrival_dense,68,166012.74851501672,327162.36465150956,417350.9968903987,251338.24837538195,161149.61613649284,186012.74851501672,interactive_short,True,32
arrival_dense,69,166016.13393510526,335004.85441141296,425193.4866503021,259177.35271519682,168988.7204763077,186016.13393510526,interactive_short,True,32
arrival_dense,70,171212.06512667643,339710.348267355,429898.9805062441,258686.91537956768,168498.28314067857,191212.06512667643,interactive_short,True,32
arrival_dense,71,172758.40355763954,342847.34417131636,433035.9764102055,260277.57285256594,170088.94061367682,272758.40355763957,interactive_long,True,256
arrival_dense,72,175300.2676131151,356963.8257391425,447152.4579780316,271852.19036491646,181663.55812602738,275300.26761311514,interactive_long,True,256
arrival_dense,73,178009.4720451799,365590.5644750362,455779.19671392534,277769.7246687454,187581.09242985633,198009.4720451799,interactive_short,True,32
arrival_dense,74,180230.61004395568,375001.5521869203,465190.1844258094,284959.57438185374,194770.94214296463,200230.61004395568,interactive_short,True,32
arrival_dense,75,181136.4200486716,385981.03785078507,476169.6700896742,295033.2500410026,204844.61780211347,201136.4200486716,interactive_short,True,32
arrival_dense,76,181281.50511497576,386765.2868267754,476953.9190656645,295672.4139506888,205483.78171179965,281281.50511497573,interactive_long,True,256
arrival_dense,77,183464.20864479677,387549.53580276575,477738.16804165486,294273.9593968581,204085.32715796898,203464.20864479677,interactive_short,True,32
arrival_dense,78,184265.7609896628,388333.7847787561,478522.4170176452,294256.65602798236,204068.02378909328,204265.7609896628,interactive_short,True,32
arrival_dense,79,185019.27037452036,392255.0296587078,482443.6618975969,297424.39152307657,207235.75928418743,205019.27037452036,interactive_short,True,32
arrival_dense,80,188787.22094703364,398529.0214666305,488717.6537055196,299930.432758486,209741.80051959687,208787.22094703364,interactive_short,True,32
arrival_dense,81,191331.39780426107,399313.27044262085,489501.90268150996,298170.5048772489,207981.87263835978,211331.39780426107,interactive_short,True,32
arrival_dense,82,192045.66867047417,401666.0173705919,491854.649609481,299808.9809390068,209620.3487001177,212045.66867047417,interactive_short,True,32
arrival_dense,83,192785.72366443145,402450.2663465822,492638.8985854713,299853.17492103984,209664.54268215076,292785.7236644315,interactive_long,True,256
arrival_dense,84,193835.54878730024,417350.9968903987,507539.6291292878,313704.08034198754,223515.44810309843,213835.54878730024,interactive_short,True,32
arrival_dense,85,194865.21737300162,425193.4866503021,515382.1188891912,320516.90151618957,230328.26927730045,214865.21737300162,interactive_short,True,32
arrival_dense,86,195566.19192016678,429898.9805062441,520087.6127451332,324521.42082496645,234332.78858607734,295566.1919201668,interactive_long,True,256
arrival_dense,87,195838.49080862475,433035.9764102055,523224.6086490946,327386.1178404698,237197.48560158073,215838.49080862475,interactive_short,True,32
arrival_dense,88,196929.48483398094,447152.4579780316,537341.0902169207,340411.6053829398,250222.97314405066,216929.48483398094,interactive_short,True,32
arrival_dense,89,202568.46551219074,455779.19671392534,545967.8289528145,343399.36344062374,253210.7312017346,222568.46551219074,interactive_short,True,32
arrival_dense,90,204830.64109467145,465190.1844258094,555378.8166646985,350548.1755700271,260359.54333113797,224830.64109467145,interactive_short,True,32
arrival_dense,91,209492.72434268222,476169.6700896742,566358.3023285633,356865.5779858811,266676.94574699196,229492.72434268222,interactive_short,True,32
arrival_dense,92,211404.4249104831,476953.9190656645,567142.5513045536,355738.12639407057,265549.49415518146,311404.42491048307,interactive_long,True,256
arrival_dense,93,212120.4905687086,477738.16804165486,567926.800280544,355806.30971183535,265617.67747294623,232120.4905687086,interactive_short,True,32
arrival_dense,94,213708.3589683187,478522.4170176452,568711.0492565343,355002.69028821564,264814.05804932653,233708.3589683187,interactive_short,True,32
arrival_dense,95,213709.17101254492,482443.6618975969,572632.294136486,358923.1231239411,268734.490885052,233709.17101254492,interactive_short,True,32
arrival_dense,96,214385.4767159057,488717.6537055196,578906.2859444087,364520.809228503,274332.1769896139,314385.4767159057,interactive_long,True,256
arrival_dense,97,215509.3221345372,489501.90268150996,579690.5349203991,364181.2127858619,273992.5805469728,235509.3221345372,interactive_short,True,32
arrival_dense,98,217244.25080076285,491854.649609481,582043.2818483701,364799.03104760725,274610.39880871814,317244.25080076285,interactive_long,True,256
arrival_dense,99,219370.96672305348,492638.8985854713,582827.5308243604,363456.56410130695,273267.93186241784,319370.9667230535,interactive_long,True,256
arrival_dense,100,220621.8996391037,507539.6291292878,597728.2613681769,377106.3617290732,286917.7294901841,240621.8996391037,interactive_short,True,32
arrival_dense,101,221789.26511169868,515382.1188891912,605570.7511280803,383781.48601638165,293592.85377749254,241789.26511169868,interactive_short,True,32
arrival_dense,102,222270.10243516884,520087.6127451332,610276.2449840223,388006.14254885353,297817.5103099644,242270.10243516884,interactive_short,True,32
arrival_dense,103,223551.9186087876,523224.6086490946,613413.2408879837,389861.3222791961,299672.690040307,243551.9186087876,interactive_short,True,32
arrival_dense,104,228180.84585377428,537341.0902169207,627529.7224558098,399348.87660203554,309160.2443631464,248180.84585377428,interactive_short,True,32
arrival_dense,105,231360.35918512376,545967.8289528145,636156.4611917036,404796.1020065798,314607.4697676907,251360.35918512376,interactive_short,True,32
arrival_dense,106,231732.27485609736,555378.8166646985,645567.4489035876,413835.1740474903,323646.5418086012,251732.27485609736,interactive_short,True,32
arrival_dense,107,231909.49041917422,566358.3023285633,656546.9345674524,424637.4441482782,334448.8119093891,251909.49041917422,interactive_short,True,32
arrival_dense,108,233358.5680228021,567142.5513045536,657331.1835434427,423972.6155206406,333783.9832817515,253358.5680228021,interactive_short,True,32
arrival_dense,109,235363.03259872267,567926.800280544,658115.4325194331,422752.3999207104,332563.7676818213,335363.03259872267,interactive_long,True,256
arrival_dense,110,236179.5353372144,568711.0492565343,658899.6814954234,422720.14615820907,332531.51391931996,336179.53533721436,interactive_long,True,256
arrival_dense,111,239591.69139954826,572632.294136486,662820.9263753751,423229.23497582687,333040.60273693776,259591.69139954826,interactive_short,True,32
arrival_dense,112,242373.40601094568,578906.2859444087,669094.9181832979,426721.5121723522,336532.87993346306,262373.4060109457,interactive_short,True,32
arrival_dense,113,244607.74689604086,579690.5349203991,669879.1671592882,425271.42026324733,335082.7880243582,264607.74689604086,interactive_short,True,32
arrival_dense,114,245116.60429665423,582043.2818483701,672231.9140872592,427115.309790605,336926.67755171587,345116.60429665423,interactive_long,True,256
arrival_dense,115,245560.71741308132,582827.5308243604,673016.1630632496,427455.4456501682,337266.8134112791,345560.7174130813,interactive_long,True,256
arrival_dense,116,245610.1746843997,597728.2613681769,687916.893607066,442306.7189226663,352118.08668377716,265610.17468439974,interactive_short,True,32
arrival_dense,117,246171.83268557416,605570.7511280803,695759.3833669694,449587.5506813952,359398.9184425061,266171.8326855742,interactive_short,True,32
arrival_dense,118,247461.06619236048,610276.2449840223,700464.8772229115,453003.811030551,362815.17879166186,267461.0661923605,interactive_short,True,32
arrival_dense,119,251251.8118115288,613413.2408879837,703601.8731268728,452350.061315344,362161.4290764549,271251.8118115288,interactive_short,True,32
arrival_dense,120,251403.04467762125,627529.7224558098,717718.3546946989,466315.3100170777,376126.6777781886,351403.0446776212,interactive_long,True,256
arrival_dense,121,252473.421380079,636156.4611917036,726345.0934305927,473871.6720505137,383683.03981162456,272473.421380079,interactive_short,True,32
arrival_dense,122,254460.65811645883,645567.4489035876,735756.0811424768,481295.42302601796,391106.79078712885,354460.6581164588,interactive_long,True,256
arrival_dense,123,254893.08147302043,656546.9345674524,746735.5668063415,491842.4853333211,401653.853094432,274893.08147302043,interactive_short,True,32
arrival_dense,124,257276.86858247902,657331.1835434427,747519.8157823319,490242.94719985285,400054.31496096373,277276.868582479,interactive_short,True,32
arrival_dense,125,258640.7971443583,658115.4325194331,748304.0647583222,489663.2676139639,399474.6353750748,278640.7971443583,interactive_short,True,32
arrival_dense,126,259200.18378525076,658899.6814954234,749088.3137343125,489888.1299490618,399699.49771017267,279200.18378525076,interactive_short,True,32
arrival_dense,127,261334.74833081558,662820.9263753751,753009.5586142642,491674.81028344866,401486.17804455955,361334.7483308156,interactive_long,True,256
arrival_dense,128,261345.86882622488,669094.9181832979,759283.550422187,497937.6815959621,407749.049357073,361345.8688262249,interactive_long,True,256
arrival_dense,129,264126.1882832452,669879.1671592882,760067.7993981773,495941.6111149321,405752.978876043,364126.1882832452,interactive_long,True,256
arrival_dense,130,267065.94190347125,672231.9140872592,762420.5463261483,495354.6044226771,405165.97218378796,287065.94190347125,interactive_short,True,32
arrival_dense,131,267291.35520539456,673016.1630632496,763204.7953021387,495913.4400967441,405724.807857855,287291.35520539456,interactive_short,True,32
arrival_dense,132,268398.6342470887,687916.893607066,778105.5258459551,509706.89159886644,419518.2593599773,368398.6342470887,interactive_long,True,256
arrival_dense,133,268785.528719743,695759.3833669694,785948.0156058585,517162.4868861155,426973.8546472264,368785.528719743,interactive_long,True,256
arrival_dense,134,275124.0836601808,700464.8772229115,790653.5094618006,515529.4258016198,425340.79356273066,295124.0836601808,interactive_short,True,32
arrival_dense,135,276583.5306883647,703601.8731268728,793790.5053657619,517206.97467739723,427018.3424385081,296583.5306883647,interactive_short,True,32
arrival_dense,136,276686.57708818314,717718.3546946989,807906.986933588,531220.4098454049,441031.7776065158,296686.57708818314,interactive_short,True,32
arrival_dense,137,277259.80445404275,726345.0934305927,816533.7256694818,539273.921215439,449085.2889765499,377259.80445404275,interactive_long,True,256
arrival_dense,138,281031.9844971329,735756.0811424768,825944.7133813659,544912.7288842329,454724.0966453439,381031.9844971329,interactive_long,True,256
arrival_dense,139,282251.2951702571,746735.5668063415,836924.1990452306,554672.9038749735,464484.2716360844,302251.2951702571,interactive_short,True,32
arrival_dense,140,285484.3874195229,747519.8157823319,837708.448021221,552224.060601698,462035.42836280895,305484.3874195229,interactive_short,True,32
arrival_dense,141,287687.0858763872,748304.0647583222,838492.6969972113,550805.6111208241,460616.978881935,307687.0858763872,interactive_short,True,32
arrival_dense,142,296514.93849096954,749088.3137343125,839276.9459732017,542762.0074822321,452573.375243343,316514.93849096954,interactive_short,True,32
arrival_dense,143,298324.9098344262,753009.5586142642,843198.1908531534,544873.2810187272,454684.64877983805,398324.9098344262,interactive_long,True,256
arrival_dense,144,304317.9593471235,759283.550422187,849472.1826610761,545154.2233139526,454965.59107506345,324317.9593471235,interactive_short,True,32
arrival_dense,145,308758.6046021605,760067.7993981773,850256.4316370664,541497.8270349059,451309.1947960168,328758.6046021605,interactive_short,True,32
arrival_dense,146,310655.46979909524,762420.5463261483,852609.1785650374,541953.7087659421,451765.0765270531,330655.46979909524,interactive_short,True,32
arrival_dense,147,313196.2218718601,763204.7953021387,853393.4275410278,540197.2056691677,450008.5734302786,333196.2218718601,interactive_short,True,32
arrival_dense,148,314601.7208017273,778105.5258459551,868294.1580848442,553692.4372831169,463503.8050442278,334601.7208017273,interactive_short,True,32
arrival_dense,149,318152.3418345306,785948.0156058585,876136.6478447476,557984.306010217,467795.67377132794,338152.3418345306,interactive_short,True,32
arrival_dense,150,319739.9215228538,790653.5094618006,880842.1417006897,561102.2201778359,470913.5879389468,419739.9215228538,interactive_long,True,256
arrival_dense,151,324290.01903144224,793790.5053657619,883979.137604651,559689.1185732088,469500.4863343197,344290.01903144224,interactive_short,True,32
arrival_dense,152,327012.4846522204,807906.986933588,898095.6191724772,571083.1345202568,480894.50228136766,347012.4846522204,interactive_short,True,32
arrival_dense,153,328299.95882871764,816533.7256694818,906722.3579083709,578422.3990796532,488233.76684076415,348299.95882871764,interactive_short,True,32
arrival_dense,154,328899.98520282906,825944.7133813659,916133.345620255,587233.3604174259,497044.7281785368,348899.98520282906,interactive_short,True,32
arrival_dense,155,329468.00215959235,836924.1990452306,927112.8312841197,597644.8291245274,507456.1968856383,349468.00215959235,interactive_short,True,32
arrival_dense,156,331498.3546530178,837708.448021221,927897.0802601101,596398.7256070923,506210.09336820315,351498.3546530178,interactive_short,True,32
arrival_dense,157,334401.6311719936,838492.6969972113,928681.3292361004,594279.6980641067,504091.0658252177,354401.6311719936,interactive_short,True,32
arrival_dense,158,335874.9927551598,839276.9459732017,929465.5782120908,593590.585456931,503401.95321804186,355874.9927551598,interactive_short,True,32
arrival_dense,159,337845.99806512165,843198.1908531534,933386.8230920425,595540.8250269208,505352.1927880317,357845.99806512165,interactive_short,True,32
arrival_dense,160,338488.05513029825,849472.1826610761,939660.8148999652,601172.7597696669,510984.1275307778,358488.05513029825,interactive_short,True,32
arrival_dense,161,338649.35484757664,850256.4316370664,940445.0638759555,601795.7090283788,511607.0767894898,358649.35484757664,interactive_short,True,32
arrival_dense,162,339322.3381436127,852609.1785650374,942797.8108039265,603475.4726603138,513286.8404214247,359322.3381436127,interactive_short,True,32
arrival_dense,163,339956.4640854367,853393.4275410278,943582.0597799169,603625.5956944802,513436.96345559106,439956.4640854367,interactive_long,True,256
arrival_dense,164,340726.9350188946,868294.1580848442,958482.7903237334,617755.8553048387,527567.2230659496,440726.9350188946,interactive_long,True,256
arrival_dense,165,342280.6545444606,876136.6478447476,966325.2800836368,624044.6255391762,533855.993300287,362280.6545444606,interactive_short,True,32
arrival_dense,166,342578.52264161,880842.1417006897,971030.7739395788,628452.2512979688,538263.6190590797,362578.52264161,interactive_short,True,32
arrival_dense,167,343104.5314275153,883979.137604651,974167.7698435402,631063.2384160248,540874.6061771357,363104.5314275153,interactive_short,True,32
arrival_dense,168,345472.54378428264,898095.6191724772,988284.2514113663,642811.7076270836,552623.0753881945,365472.54378428264,interactive_short,True,32
arrival_dense,169,347923.74814603163,906722.3579083709,996910.99014726,648987.2420012284,558798.6097623393,367923.74814603163,interactive_short,True,32
arrival_dense,170,348056.51680808194,916133.345620255,1006321.9778591441,658265.4610510622,568076.8288121731,448056.51680808194,interactive_long,True,256
arrival_dense,171,349103.6610731932,927112.8312841197,1017301.4635230089,668197.8024498157,578009.1702109266,369103.6610731932,interactive_short,True,32
arrival_dense,172,350668.1037808773,927897.0802601101,1018085.7124989992,667417.6087181219,577228.9764792328,370668.1037808773,interactive_short,True,32
arrival_dense,173,351743.0393517153,928681.3292361004,1018869.9614749895,667126.9221232743,576938.2898843852,451743.0393517153,interactive_long,True,256
arrival_dense,174,352206.4858290961,929465.5782120908,1019654.2104509799,667447.7246218838,577259.0923829947,452206.4858290961,interactive_long,True,256
arrival_dense,175,353296.4351300922,933386.8230920425,1023575.4553309316,670279.0202008394,580090.3879619503,373296.4351300922,interactive_short,True,32
arrival_dense,176,358000.79433636187,939660.8148999652,1029849.4471388543,671848.6528024925,581660.0205636034,378000.79433636187,interactive_short,True,32
arrival_dense,177,359755.3162093097,940445.0638759555,1030633.6961148446,670878.3799055349,580689.7476666458,379755.3162093097,interactive_short,True,32
arrival_dense,178,362133.63557731314,942797.8108039265,1032986.4430428157,670852.8074655025,580664.1752266134,382133.63557731314,interactive_short,True,32
arrival_dense,179,366019.71258193307,943582.0597799169,1033770.692018806,667750.979436873,577562.3471979839,386019.71258193307,interactive_short,True,32
arrival_dense,180,368921.118746171,958482.7903237334,1048671.4225626225,679750.3038164515,589561.6715775623,388921.118746171,interactive_short,True,32
arrival_dense,181,369878.4198514725,966325.2800836368,1056513.9123225259,686635.4924710534,596446.8602321643,389878.4198514725,interactive_short,True,32
arrival_dense,182,369890.2469196961,971030.7739395788,1061219.406178468,691329.1592587718,601140.5270198827,469890.2469196961,interactive_long,True,256
arrival_dense,183,370757.2317872697,974167.7698435402,1064356.4020824293,693599.1702951596,603410.5380562705,390757.2317872697,interactive_short,True,32
arrival_dense,184,373557.81654337514,988284.2514113663,1078472.8836502554,704915.0671068802,614726.4348679911,393557.81654337514,interactive_short,True,32
arrival_dense,185,377398.56579818815,996910.99014726,1087099.6223861491,709701.056587961,619512.4243490719,397398.56579818815,interactive_short,True,32
arrival_dense,186,383532.1777781886,1006321.9778591441,1096510.6100980332,712978.4323198446,622789.8000809555,483532.1777781886,interactive_long,True,256
arrival_dense,187,384618.2600858557,1017301.4635230089,1107490.095761898,722871.8356760422,632683.2034371531,404618.2600858557,interactive_short,True,32
arrival_dense,188,387371.07226095744,1018085.7124989992,1108274.3447378883,720903.2724769309,630714.6402380418,407371.07226095744,interactive_short,True,32
arrival_dense,189,388950.97137005127,1018869.9614749895,1109058.5937138787,720107.6223438274,629918.9901049383,408950.97137005127,interactive_short,True,32
arrival_dense,190,390799.8822599886,1019654.2104509799,1109842.842689869,719042.9604298804,628854.3281909913,410799.8822599886,interactive_short,True,32
arrival_dense,191,391298.18672327726,1023575.4553309316,1113764.0875698207,722465.9008465435,632277.2686076544,411298.18672327726,interactive_short,True,32
arrival_dense,192,391793.62700326595,1029849.4471388543,1120038.0793777434,728244.4523744774,638055.8201355883,411793.62700326595,interactive_short,True,32
arrival_dense,193,392938.4474975708,1030633.6961148446,1120822.3283537338,727883.8808561629,637695.2486172738,492938.4474975708,interactive_long,True,256
arrival_dense,194,392997.3562420502,1032986.4430428157,1123175.0752817048,730177.7190396546,639989.0868007655,412997.3562420502,interactive_short,True,32
arrival_dense,195,393816.6927309916,1033770.692018806,1123959.324257695,730142.6315267035,639953.9992878144,493816.6927309916,interactive_long,True,256
arrival_dense,196,396090.205256994,1048671.4225626225,1138860.0548015116,742769.8495445176,652581.2173056285,416090.205256994,interactive_short,True,32
arrival_dense,197,397126.29741134576,1056513.9123225259,1146702.544561415,749576.2471500692,659387.6149111801,417126.29741134576,interactive_short,True,32
arrival_dense,198,397487.0516630854,1061219.406178468,1151408.038417357,753920.9867542717,663732.3545153826,497487.0516630854,interactive_long,True,256
arrival_dense,199,398746.9838833903,1064356.4020824293,1154545.0343213184,755798.0504379281,665609.418199039,498746.9838833903,interactive_long,True,256
arrival_dense,200,399020.0620997148,1078472.8836502554,1168661.5158891445,769641.4537894297,679452.8215505406,499020.0620997148,interactive_long,True,256
arrival_dense,201,400967.14431063854,1087099.6223861491,1177288.2546250382,776321.1103143997,686132.4780755106,500967.14431063854,interactive_long,True,256
arrival_dense,202,401021.8177473623,1096510.6100980332,1186699.2423369223,785677.42458956,695488.7923506709,501021.8177473623,interactive_long,True,256
arrival_dense,203,402023.63518691156,1107490.095761898,1197678.728000787,795655.0928138755,705466.4605749864,422023.63518691156,interactive_short,True,32
arrival_dense,204,403685.6601542116,1108274.3447378883,1198462.9769767774,794777.3168225659,704588.6845836767,423685.6601542116,interactive_short,True,32
arrival_dense,205,403740.6123148993,1109058.5937138787,1199247.2259527678,795506.6136378685,705317.9813989794,423740.6123148993,interactive_short,True,32
arrival_dense,206,405799.249268688,1109842.842689869,1200031.474928758,794232.2256600701,704043.593421181,425799.249268688,interactive_short,True,32
arrival_dense,207,406090.9187785812,1113764.0875698207,1203952.7198087098,797861.8010301286,707673.1687912395,426090.9187785812,interactive_short,True,32
arrival_dense,208,407329.59150444844,1120038.0793777434,1210226.7116166325,802897.1201121841,712708.487873295,427329.59150444844,interactive_short,True,32
arrival_dense,209,407432.77741140727,1120822.3283537338,1211010.9605926229,803578.1831812155,713389.5509423264,507432.77741140727,interactive_long,True,256
arrival_dense,210,408385.96033972333,1123175.0752817048,1213363.707520594,804977.7471808705,714789.1149419814,428385.96033972333,interactive_short,True,32
arrival_dense,211,408861.612680962,1123959.324257695,1214147.9564965842,805286.3438156222,715097.711576733,508861.612680962,interactive_long,True,256
arrival_dense,212,409653.17439997237,1138860.0548015116,1229048.6870404007,819395.5126404283,729206.8804015392,429653.17439997237,interactive_short,True,32
arrival_dense,213,412517.6810202103,1146702.544561415,1236891.176800304,824373.4957800938,734184.8635412047,432517.6810202103,interactive_short,True,32
arrival_dense,214,413470.93594697193,1151408.038417357,1241596.6706562461,828125.7347092743,737937.1024703851,513470.93594697193,interactive_long,True,256
arrival_dense,215,416259.6682363913,1154545.0343213184,1244733.6665602075,828473.9983238161,738285.366084927,516259.6682363913,interactive_long,True,256
arrival_dense,216,419826.34967140463,1168661.5158891445,1258850.1481280336,839023.798456629,748835.1662177399,439826.34967140463,interactive_short,True,32
arrival_dense,217,420407.7804260369,1177288.2546250382,1267476.8868639274,847069.1064378904,756880.4741990013,440407.7804260369,interactive_short,True,32
arrival_dense,218,420578.6919272703,1186699.2423369223,1276887.8745758114,856309.1826485412,766120.5504096521,440578.6919272703,interactive_short,True,32
arrival_dense,219,420617.8391398993,1197678.728000787,1287867.3602396762,867249.521099777,777060.8888608878,440617.8391398993,interactive_short,True,32
arrival_dense,220,422168.3724339736,1198462.9769767774,1288651.6092156665,866483.236781693,776294.6045428038,522168.3724339736,interactive_long,True,256
arrival_dense,221,440752.0918054324,1199247.2259527678,1289435.8581916569,848683.7663862244,758495.1341473353,460752.0918054324,interactive_short,True,32
arrival_dense,222,441613.5356220168,1200031.474928758,1290220.1071676472,848606.5715456305,758417.9393067413,461613.5356220168,interactive_short,True,32
arrival_dense,223,443714.0034305528,1203952.7198087098,1294141.352047599,850427.3486170461,760238.716378157,463714.0034305528,interactive_short,True,32
arrival_dense,224,446753.4999690595,1210226.7116166325,1300415.3438555216,853661.8438864622,763473.211647573,466753.4999690595,interactive_short,True,32
arrival_dense,225,448863.1960369516,1211010.9605926229,1301199.592831512,852336.3967945604,762147.7645556713,468863.1960369516,interactive_short,True,32
arrival_dense,226,451669.94039025676,1213363.707520594,1303552.339759483,851882.3993692263,761693.7671303372,471669.94039025676,interactive_short,True,32
arrival_dense,227,457645.9342362347,1214147.9564965842,1304336.5887354733,846690.6544992386,756502.0222603495,557645.9342362348,interactive_long,True,256
arrival_dense,228,458090.6236830654,1229048.6870404007,1319237.3192792898,861146.6955962244,770958.0633573353,478090.6236830654,interactive_short,True,32
arrival_dense,229,458131.8047936588,1236891.176800304,1327079.8090391932,868948.0042455344,778759.3720066453,558131.8047936588,interactive_long,True,256
arrival_dense,230,458462.45604231907,1241596.6706562461,1331785.3028951352,873322.8468528162,783134.2146139271,478462.45604231907,interactive_short,True,32
arrival_dense,231,458732.3115762346,1244733.6665602075,1334922.2987990966,876189.987222862,786001.3549839729,478732.3115762346,interactive_short,True,32
arrival_dense,232,460946.3597819217,1258850.1481280336,1349038.7803669227,888092.420585001,797903.7883461119,480946.3597819217,interactive_short,True,32
arrival_dense,233,462606.4463256239,1267476.8868639274,1357665.5191028165,895059.0727771926,804870.4405383035,482606.4463256239,interactive_short,True,32
arrival_dense,234,463098.1567163349,1276887.8745758114,1367076.5068147006,903978.3500983657,813789.7178594766,483098.1567163349,interactive_short,True,32
arrival_dense,235,465502.5386434709,1287867.3602396762,1378055.9924785653,912553.4538350943,822364.8215962052,485502.5386434709,interactive_short,True,32
arrival_dense,236,468415.09779329854,1288651.6092156665,1378840.2414545557,910425.1436612571,820236.511422368,568415.0977932985,interactive_long,True,256
arrival_dense,237,468782.43666693376,1289435.8581916569,1379624.490430546,910842.0537636122,820653.4215247231,488782.43666693376,interactive_short,True,32
arrival_dense,238,470651.5879088133,1290220.1071676472,1380408.7394065363,909757.1514977231,819568.519258834,490651.5879088133,interactive_short,True,32
arrival_dense,239,473407.65031493455,1294141.352047599,1384329.984286488,910922.3339715535,820733.7017326644,493407.65031493455,interactive_short,True,32
arrival_dense,240,473650.9302034876,1300415.3438555216,1390603.9760944108,916953.0458909231,826764.413652034,493650.9302034876,interactive_short,True,32
arrival_dense,241,477072.7773636534,1301199.592831512,1391388.225070401,914315.4477067477,824126.8154678586,497072.7773636534,interactive_short,True,32
arrival_dense,242,483761.6992826147,1303552.339759483,1393740.971998372,909979.2727157574,819790.6404768683,503761.6992826147,interactive_short,True,32
arrival_dense,243,483990.498999464,1304336.5887354733,1394525.2209743625,910534.7219748985,820346.0897360094,583990.498999464,interactive_long,True,256
arrival_dense,244,484042.5267418703,1319237.3192792898,1409425.951518179,925383.4247763087,835194.7925374196,504042.5267418703,interactive_short,True,32
arrival_dense,245,484790.3353382794,1327079.8090391932,1417268.4412780823,932478.105939803,842289.4737009138,504790.3353382794,interactive_short,True,32
arrival_dense,246,487052.69278963906,1331785.3028951352,1421973.9351340244,934921.2423443852,844732.6101054961,507052.69278963906,interactive_short,True,32
arrival_dense,247,493401.1114832305,1334922.2987990966,1425110.9310379857,931709.8195547552,841521.1873158661,513401.1114832305,interactive_short,True,32
arrival_dense,248,494411.64184506255,1349038.7803669227,1439227.4126058118,944815.7707607492,854627.1385218601,514411.64184506255,interactive_short,True,32
arrival_dense,249,496922.27723848145,1357665.5191028165,1447854.1513417056,950931.8741032241,860743.241864335,516922.27723848145,interactive_short,True,32
arrival_dense,250,497080.35602946056,1367076.5068147006,1457265.1390535897,960184.7830241291,869996.15078524,517080.35602946056,interactive_short,True,32
arrival_dense,251,499426.68989969784,1378055.9924785653,1468244.6247174544,968817.9348177565,878629.3025788674,599426.6898996979,interactive_long,True,256
arrival_dense,252,501400.34374918457,1378840.2414545557,1469028.8736934448,967628.5299442601,877439.897705371,521400.34374918457,interactive_short,True,32
arrival_dense,253,501615.2943729255,1379624.490430546,1469813.122669435,968197.8282965096,878009.1960576205,521615.2943729255,interactive_short,True,32
arrival_dense,254,504576.33641678223,1380408.7394065363,1470597.3716454254,966021.0352286432,875832.4029897541,604576.3364167822,interactive_long,True,256
arrival_dense,255,508374.4900678,1384329.984286488,1474518.6165253771,966144.1264575771,875955.494218688,608374.4900678,interactive_long,True,256
arrival_dense,256,510209.1306652767,1390603.9760944108,1480792.6083332999,970583.4776680232,880394.8454291341,530209.1306652767,interactive_short,True,32
arrival_dense,257,510467.1967220508,1391388.225070401,1481576.8573092902,971109.6605872394,880921.0283483503,530467.1967220508,interactive_short,True,32
arrival_dense,258,518718.1678001482,1393740.971998372,1483929.6042372612,965211.436437113,875022.8041982239,538718.1678001483,interactive_short,True,32
arrival_dense,259,521770.52560869,1394525.2209743625,1484713.8532132516,962943.3276045616,872754.6953656725,621770.52560869,interactive_long,True,256
arrival_dense,260,522623.5060952592,1409425.951518179,1499614.583757068,976991.0776618088,886802.4454229197,622623.5060952592,interactive_long,True,256
arrival_dense,261,523742.0608319924,1417268.4412780823,1507457.0735169714,983715.012684979,893526.3804460899,623742.0608319924,interactive_long,True,256
arrival_dense,262,524667.9448782488,1421973.9351340244,1512162.5673729135,987494.6224946646,897305.9902557755,544667.9448782488,interactive_short,True,32
arrival_dense,263,526078.2256618903,1425110.9310379857,1515299.5632768748,989221.3376149845,899032.7053760954,546078.2256618903,interactive_short,True,32
arrival_dense,264,526912.9908668387,1439227.4126058118,1529416.044844701,1002503.0539778622,912314.4217389731,626912.9908668387,interactive_long,True,256
arrival_dense,265,530701.5805189821,1447854.1513417056,1538042.7835805947,1007341.2030616126,917152.5708227234,550701.5805189821,interactive_short,True,32
arrival_dense,266,534157.2456176562,1457265.1390535897,1547453.7712924788,1013296.5256748226,923107.8934359335,554157.2456176562,interactive_short,True,32
arrival_dense,267,534380.3132819388,1468244.6247174544,1558433.2569563435,1024052.9436744048,933864.3114355156,634380.3132819388,interactive_long,True,256
arrival_dense,268,540857.8361210944,1469028.8736934448,1559217.5059323339,1018359.6698112395,928171.0375723504,560857.8361210944,interactive_short,True,32
arrival_dense,269,542876.7606051796,1469813.122669435,1560001.7549083242,1017124.9943031446,926936.3620642555,562876.7606051796,interactive_short,True,32
arrival_dense,270,546405.5237133533,1470597.3716454254,1560786.0038843146,1014380.4801709612,924191.8479320721,646405.5237133533,interactive_long,True,256
arrival_dense,271,548862.7969466735,1474518.6165253771,1564707.2487642663,1015844.4518175927,925655.8195787036,568862.7969466735,interactive_short,True,32
arrival_dense,272,550006.3811932743,1480792.6083332999,1570981.240572189,1020974.8593789147,930786.2271400256,570006.3811932743,interactive_short,True,32
arrival_dense,273,552653.3606579853,1481576.8573092902,1571765.4895481793,1019112.128890194,928923.4966513049,652653.3606579853,interactive_long,True,256
arrival_dense,274,559385.4303205531,1483929.6042372612,1574118.2364761503,1014732.8061555972,924544.1739167081,579385.4303205531,interactive_short,True,32
arrival_dense,275,560015.0775665006,1484713.8532132516,1574902.4854521407,1014887.40788564,924698.7756467509,580015.0775665006,interactive_short,True,32
arrival_dense,276,563317.6736536679,1499614.583757068,1589803.2159959571,1026485.5423422892,936296.9101034001,583317.6736536679,interactive_short,True,32
arrival_dense,277,564862.8030823345,1507457.0735169714,1597645.7057558605,1032782.9026735261,942594.270434637,584862.8030823345,interactive_short,True,32
arrival_dense,278,566184.1533976971,1512162.5673729135,1602351.1996118026,1036167.0462141054,945978.4139752163,586184.1533976971,interactive_short,True,32
arrival_dense,279,567328.0471315094,1515299.5632768748,1605488.195515764,1038160.1483842545,947971.5161453654,587328.0471315094,interactive_short,True,32
arrival_dense,280,569954.3298416642,1529416.044844701,1619604.67708359,1049650.347241926,959461.7150030368,589954.3298416642,interactive_short,True,32
arrival_dense,281,570579.3603688445,1538042.7835805947,1628231.4158194838,1057652.0554506392,967463.4232117502,590579.3603688445,interactive_short,True,32
arrival_dense,282,574396.5739147417,1547453.7712924788,1637642.403531368,1063245.8296166263,973057.197377737,594396.5739147417,interactive_short,True,32
arrival_dense,283,577949.1063649838,1558433.2569563435,1648621.8891952327,1070672.7828302488,980484.1505913597,597949.1063649838,interactive_short,True,32
arrival_dense,284,578130.4068491043,1559217.5059323339,1649406.138171223,1071275.7313221185,981087.0990832296,598130.4068491043,interactive_short,True,32
arrival_dense,285,582398.3067883528,1560001.7549083242,1650141.3715862138,1067743.064797861,977603.4481199714,682398.3067883528,interactive_long,True,256
arrival_dense,286,582957.3733546018,1560786.0038843146,1650827.5894402054,1067870.2160856035,977828.6305297128,682957.3733546018,interactive_long,True,256
arrival_dense,287,584207.2608711326,1564707.2487642663,1654013.6009051665,1069806.3400340339,980499.9878931337,604207.2608711326,interactive_short,True,32
arrival_dense,288,586092.1797219864,1570981.240572189,1658748.4171475484,1072656.237425562,984889.0608502026,606092.1797219864,interactive_short,True,32
arrival_dense,289,587044.9936691284,1571765.4895481793,1659290.9481753213,1072245.9545061928,984720.4958790509,607044.9936691284,interactive_short,True,32
arrival_dense,290,587103.2334616845,1574118.2364761503,1660770.5782510657,1073667.3447893811,987015.0030144658,607103.2334616845,interactive_short,True,32
arrival_dense,291,590910.2184382996,1574902.4854521407,1661214.467273789,1070304.2488354894,983992.2670138411,690910.2184382996,interactive_long,True,256
arrival_dense,292,591311.612814089,1589803.2159959571,1668711.2596575604,1077399.6468434713,998491.6031818681,611311.612814089,interactive_short,True,32
arrival_dense,293,591788.431403746,1597645.7057558605,1672163.7298342972,1080375.2984305513,1005857.2743521145,611788.431403746,interactive_short,True,32
arrival_dense,294,594985.7474219035,1602351.1996118026,1673970.331066105,1078984.5836442015,1007365.452189899,614985.7474219035,interactive_short,True,32
arrival_dense,295,595817.805370963,1605488.195515764,1674973.9984171088,1079156.1930461458,1009670.390144801,615817.805370963,interactive_short,True,32
arrival_dense,296,600063.67256221,1619604.67708359,1678586.2729230518,1078522.600360842,1019541.0045213801,620063.67256221,interactive_short,True,32
arrival_dense,297,602479.5254504309,1628231.4158194838,1680430.6263471618,1077951.100896731,1025751.8903690529,622479.5254504309,interactive_short,True,32
arrival_dense,298,603126.1952832483,1637642.403531368,1681771.9742919682,1078645.7790087198,1034516.2082481196,623126.1952832483,interactive_short,True,32
arrival_dense,299,603146.6012599512,1648621.8891952327,1682785.7378483182,1079639.136588367,1045475.2879352814,703146.6012599512,interactive_long,True,256
exact_bucket,0,0.0,0.0,3291.245305998018,3291.245305998018,0.0,20000.0,interactive_short,False,32
exact_bucket,1,4685.326635856748,4685.326635856748,8134.444861459181,3449.118225602433,0.0,24685.32663585675,interactive_short,False,32
exact_bucket,2,6262.838718290957,6288.020002255783,9737.138227858217,3474.2995095672595,25.181283964825525,26262.838718290957,interactive_short,False,32
exact_bucket,3,9861.555492950167,9861.555492950167,14298.997151562973,4437.441658612806,0.0,29861.555492950167,interactive_short,False,32
exact_bucket,4,11608.542790353687,11635.966005749098,17213.093598573498,5604.55080821981,27.423215395410807,31608.542790353687,interactive_short,False,32
exact_bucket,5,11929.100460691434,11948.919371715776,17526.046964540175,5596.9465038487415,19.818911024342015,31929.100460691436,interactive_short,False,32
exact_bucket,6,12201.760830234378,17526.046964540175,25853.390463129646,13651.629632895269,5324.2861343057975,112201.76083023437,interactive_long,False,256
exact_bucket,7,12938.846292477965,12982.953594848543,27232.102760640002,14293.256468162037,44.1073023705776,32938.84629247797,interactive_short,False,32
exact_bucket,8,17523.749290794418,25853.390463129646,31344.23697845571,13820.48768766129,8329.641172335228,37523.74929079442,interactive_short,False,32
exact_bucket,9,20704.219288184544,25853.390463129646,31344.23697845571,10640.017690271165,5149.171174945102,40704.21928818454,interactive_short,False,32
exact_bucket,10,24646.507156003463,25853.390463129646,31344.23697845571,6697.729822452246,1206.8833071261834,44646.50715600346,interactive_short,False,32
exact_bucket,11,29230.284890772156,29253.16965130859,35887.72068616029,6657.435795388134,22.88476053643535,49230.284890772156,interactive_short,False,32
exact_bucket,12,29701.92333515015,29754.519577675994,36389.07061252769,6687.147277377542,52.59624252584399,49701.923335150146,interactive_short,False,32
exact_bucket,13,30276.033844297603,30302.87105964034,36718.0815017063,6442.047657408697,26.83721534273718,50276.033844297606,interactive_short,False,32
exact_bucket,14,30492.972578722907,30584.880393222003,36811.9675114963,6318.994932773396,91.90781449909628,50492.97257872291,interactive_short,False,32
exact_bucket,15,33522.2850675438,33537.64290631309,38812.42582439238,5290.140756848581,15.357838769290538,53522.2850675438,interactive_short,False,32
exact_bucket,16,37832.93903158115,37842.27038989568,41574.562632924906,3741.623601343759,9.331358314535464,57832.93903158115,interactive_short,False,32
exact_bucket,17,38875.962027478956,38898.28439759233,42638.60407721161,3762.6420497326544,22.322370113375655,58875.962027478956,interactive_short,False,32
exact_bucket,18,40814.614746337094,42638.60407721161,53406.720969655114,12592.10622331802,1823.9893308745159,140814.6147463371,interactive_long,False,256
exact_bucket,19,41150.39514152049,41151.54863255241,55659.985204615194,14509.590063094707,1.1534910319242044,61150.39514152049,interactive_short,False,32
exact_bucket,20,46465.51854974466,46476.42325482241,59497.80438222599,13032.285832481335,10.904705077751714,146465.51854974465,interactive_long,False,256
exact_bucket,21,50464.64652766523,53406.720969655114,60843.50385588271,10378.857328217477,2942.074441989884,70464.64652766523,interactive_short,False,32
exact_bucket,22,57941.29295752837,59497.80438222599,63056.63090789251,5115.337950364141,1556.5114246976227,77941.29295752838,interactive_short,False,32
exact_bucket,23,61270.895281049074,61272.79672188245,64716.56332309151,3445.668042042438,1.9014408333750907,81270.89528104907,interactive_short,False,32
exact_bucket,24,65535.16615037969,65535.16615037969,73862.50964896916,8327.343498589471,0.0,165535.1661503797,interactive_long,False,256
exact_bucket,25,65585.36358234937,73862.50964896916,79800.37283938308,14215.009257033715,8277.146066619796,85585.36358234937,interactive_short,False,32
exact_bucket,26,68253.25681341092,73862.50964896916,79800.37283938308,11547.116025972166,5609.252835558247,88253.25681341092,interactive_short,False,32
exact_bucket,27,69060.7463946566,73862.50964896916,79800.37283938308,10739.626444726484,4801.763254312566,89060.7463946566,interactive_short,False,32
exact_bucket,28,74402.71441442745,79800.37283938308,93084.53411774407,18681.81970331662,5397.658424955633,174402.71441442746,interactive_long,False,256
exact_bucket,29,77644.06746322283,77669.63565232162,99821.42375330604,22177.356290083204,25.568189098790754,97644.06746322283,interactive_short,True,32
exact_bucket,30,81635.21006518841,81683.07658689027,104808.05962795147,23172.849562763062,47.86652170185698,181635.2100651884,interactive_long,False,256
exact_bucket,31,84964.57561606709,93084.53411774407,105614.87599976204,20650.30038369495,8119.958501676985,104964.57561606709,interactive_short,True,32
exact_bucket,32,85585.2647166139,93084.53411774407,105614.87599976204,20029.61128314813,7499.269401130165,105585.2647166139,interactive_short,True,32
exact_bucket,33,88681.710555966,88725.1532971235,116177.99106511188,27496.280509145887,43.44274115750159,188681.710555966,interactive_long,False,256
exact_bucket,34,88910.50326923911,93084.53411774407,105614.87599976204,16704.372730522926,4174.030848504961,108910.50326923911,interactive_short,False,32
exact_bucket,35,93024.56098153477,93084.53411774407,105614.87599976204,12590.315018227266,59.97313620930072,113024.56098153477,interactive_short,False,32
exact_bucket,36,96936.79057994079,99821.42375330604,119084.2449455256,22147.45436558481,2884.633173365248,196936.79057994077,interactive_long,False,256
exact_bucket,37,97439.96335557531,97471.34597345884,121155.52563114038,23715.56227556507,31.382617883529747,117439.96335557531,interactive_short,True,32
exact_bucket,38,100831.98873158326,100995.10320501158,121662.40740931539,20830.41867773213,163.11447342831525,200831.98873158326,interactive_long,False,256
exact_bucket,39,102065.48441728606,104808.05962795147,122621.77309512392,20556.28867783786,2742.575210665411,122065.48441728606,interactive_short,True,32
exact_bucket,40,102793.72061808415,104808.05962795147,122621.77309512392,19828.052477039775,2014.3390098673262,122793.72061808415,interactive_short,False,32
exact_bucket,41,105966.58478485378,119084.2449455256,123774.36791199651,17807.783127142728,13117.660160671818,125966.58478485378,interactive_short,False,32
exact_bucket,42,106483.07855714422,119084.2449455256,123774.36791199651,17291.289354852284,12601.166388381374,126483.07855714422,interactive_short,False,32
exact_bucket,43,106530.9764266568,119084.2449455256,123774.36791199651,17243.391485339715,12553.268518868805,126530.9764266568,interactive_short,False,32
exact_bucket,44,106960.16133027605,119084.2449455256,123774.36791199651,16814.206581720457,12124.083615249547,126960.16133027605,interactive_short,False,32
exact_bucket,45,107755.9349758439,119084.2449455256,123774.36791199651,16018.432936152603,11328.309969681693,127755.9349758439,interactive_short,False,32
exact_bucket,46,111751.33283285139,119084.2449455256,123774.36791199651,12023.03507914512,7332.91211267421,131751.3328328514,interactive_short,False,32
exact_bucket,47,118567.11856872926,119084.2449455256,123774.36791199651,5207.249343267249,517.1263767963392,138567.11856872926,interactive_short,False,32
exact_bucket,48,119221.6976026299,119253.74418330098,124009.37568998123,4787.678087351334,32.046580671085394,139221.6976026299,interactive_short,False,32
exact_bucket,49,121273.24896644348,121662.40740931539,125605.43785641128,4332.1888899678015,389.158442871907,141273.24896644347,interactive_short,False,32
exact_bucket,50,122293.82844906364,122296.33455859519,126091.96977121099,3798.1413221473485,2.5061095315468265,142293.82844906364,interactive_short,False,32
exact_bucket,51,130236.27999100173,130236.27999100173,133690.74984099754,3454.469849995803,0.0,150236.27999100173,interactive_short,False,32
exact_bucket,52,131772.95154212418,131781.7343086008,135236.2041585966,3463.252616472426,8.782766476622783,151772.95154212418,interactive_short,False,32
exact_bucket,53,137374.50461665468,137374.50461665468,145701.84811524415,8327.343498589471,0.0,237374.50461665468,interactive_long,False,256
exact_bucket,54,137619.61235432947,145701.84811524415,151107.0270088927,13487.41465456324,8082.235760914686,157619.61235432947,interactive_short,False,32
exact_bucket,55,144659.61547534552,145701.84811524415,151107.0270088927,6447.411533547187,1042.2326398986334,164659.61547534552,interactive_short,False,32
exact_bucket,56,145053.0272684508,145701.84811524415,151107.0270088927,6053.999740441912,648.8208467933582,165053.0272684508,interactive_short,False,32
exact_bucket,57,151621.68697230733,151621.68697230733,156606.5207578147,4984.833785507362,0.0,171621.68697230733,interactive_short,False,32
exact_bucket,58,152238.7259482832,152251.31650910695,157859.8955737332,5621.169625450013,12.590560823766282,172238.7259482832,interactive_short,False,32
exact_bucket,59,152468.2070170382,152470.38386528363,158188.9064629118,5720.699445873615,2.1768482454353943,172468.2070170382,interactive_short,False,32
exact_bucket,60,153608.5224910845,158188.9064629118,174469.43757674232,20860.91508565782,4580.383971827308,253608.5224910845,interactive_long,False,256
exact_bucket,61,156216.44073635942,156230.50831303914,176639.0278202672,20422.58708390777,14.067576679721242,176216.44073635942,interactive_short,True,32
exact_bucket,62,156969.2554851252,156982.53320259025,176971.24632630683,20001.99084118163,13.277717465040041,176969.2554851252,interactive_short,True,32
exact_bucket,63,158833.12467464927,174469.43757674232,178312.8527002304,19479.728025581135,15636.31290209305,178833.12467464927,interactive_short,False,32
exact_bucket,64,160265.64130798163,160288.84525820828,184835.91718369685,24570.27587571522,23.20395022665616,260265.64130798163,interactive_long,False,256
exact_bucket,65,161238.5429869296,161294.85621681303,186642.05443666838,25403.511449738784,56.31322988343891,261238.5429869296,interactive_long,False,256
exact_bucket,66,162957.3623497664,174469.43757674232,178312.8527002304,15355.49035046401,11512.075226975925,182957.3623497664,interactive_short,False,32
exact_bucket,67,163545.3596597112,174469.43757674232,178312.8527002304,14767.493040519214,10924.077917031129,183545.3596597112,interactive_short,False,32
exact_bucket,68,166012.74851501672,174469.43757674232,178312.8527002304,12300.104185213684,8456.6890617256,186012.74851501672,interactive_short,False,32
exact_bucket,69,166016.13393510526,174469.43757674232,178312.8527002304,12296.718765125144,8453.30364163706,186016.13393510526,interactive_short,False,32
exact_bucket,70,171212.06512667643,174469.43757674232,178312.8527002304,7100.787573553971,3257.3724500658864,191212.06512667643,interactive_short,False,32
exact_bucket,71,172758.40355763954,172863.98224076763,200171.83859887123,27413.435041231685,105.57868312808569,272758.40355763957,interactive_long,False,256
exact_bucket,72,175300.2676131151,178312.8527002304,201777.29393484592,26477.02632173081,3012.5850871152943,275300.26761311514,interactive_long,False,256
exact_bucket,73,178009.4720451799,178099.2836606335,206148.04492754457,28138.57288236468,89.81161545359646,198009.4720451799,interactive_short,True,32
exact_bucket,74,180230.61004395568,201777.29393484592,206516.90937836844,26286.29933441276,21546.683890890243,200230.61004395568,interactive_short,True,32
exact_bucket,75,181136.4200486716,201777.29393484592,206516.90937836844,25380.489329696837,20640.87388617432,201136.4200486716,interactive_short,True,32
exact_bucket,76,181281.50511497576,181323.08145518295,209031.9367748803,27750.43165990454,41.57634020718979,281281.50511497573,interactive_long,False,256
exact_bucket,77,183464.20864479677,201777.29393484592,206516.90937836844,23052.700733571663,18313.085290049145,203464.20864479677,interactive_short,True,32
exact_bucket,78,184265.7609896628,201777.29393484592,206516.90937836844,22251.148388705624,17511.532945183106,204265.7609896628,interactive_short,True,32
exact_bucket,79,185019.27037452036,201777.29393484592,206516.90937836844,21497.639003848075,16758.023560325557,205019.27037452036,interactive_short,True,32
exact_bucket,80,188787.22094703364,201777.29393484592,206516.90937836844,17729.6884313348,12990.07298781228,208787.22094703364,interactive_short,False,32
exact_bucket,81,191331.39780426107,201777.29393484592,206516.90937836844,15185.511574107368,10445.89613058485,211331.39780426107,interactive_short,False,32
exact_bucket,82,192045.66867047417,201777.29393484592,206516.90937836844,14471.240707894263,9731.625264371745,212045.66867047417,interactive_short,False,32
exact_bucket,83,192785.72366443145,192845.78868139765,218824.15541396782,26038.431749536365,60.06501696619671,292785.7236644315,interactive_long,False,256
exact_bucket,84,193835.54878730024,201777.29393484592,206516.90937836844,12681.360591068194,7941.745147545676,213835.54878730024,interactive_short,False,32
exact_bucket,85,194865.21737300162,201777.29393484592,206516.90937836844,11651.692005366815,6912.0765618442965,214865.21737300162,interactive_short,False,32
exact_bucket,86,195566.19192016678,195655.33551935336,222186.28638021924,26620.094460052467,89.14359918658738,295566.1919201668,interactive_long,False,256
exact_bucket,87,195838.49080862475,201777.29393484592,206516.90937836844,10678.418569743691,5938.803126221173,215838.49080862475,interactive_short,False,32
exact_bucket,88,196929.48483398094,201777.29393484592,206516.90937836844,9587.424544387497,4847.809100864979,216929.48483398094,interactive_short,False,32
exact_bucket,89,202568.46551219074,202576.5002449643,222888.01322460908,20319.547712418338,8.034732773550786,222568.46551219074,interactive_short,True,32
exact_bucket,90,204830.64109467145,204830.6718888879,224677.92517551678,19847.284080845333,0.030794216465437785,224830.64109467145,interactive_short,False,32
exact_bucket,91,209492.72434268222,222186.28638021924,225867.80982470023,16375.08548201801,12693.56203753702,229492.72434268222,interactive_short,False,32
exact_bucket,92,211404.4249104831,211491.0746736919,239866.49481741566,28462.069906932564,86.64976320881397,311404.42491048307,interactive_long,False,256
exact_bucket,93,212120.4905687086,222186.28638021924,225867.80982470023,13747.319255991635,10065.795811510645,232120.4905687086,interactive_short,False,32
exact_bucket,94,213708.3589683187,222186.28638021924,225867.80982470023,12159.450856381533,8477.927411900542,233708.3589683187,interactive_short,False,32
exact_bucket,95,213709.17101254492,222186.28638021924,225867.80982470023,12158.638812155317,8477.115367674327,233709.17101254492,interactive_short,False,32
exact_bucket,96,214385.4767159057,214509.10754950615,244382.99789693352,29997.521181027812,123.63083360044402,314385.4767159057,interactive_long,False,256
exact_bucket,97,215509.3221345372,222186.28638021924,225867.80982470023,10358.487690163049,6676.964245682058,235509.3221345372,interactive_short,False,32
exact_bucket,98,217244.25080076285,217318.65438746187,248096.36088283238,30852.11008206953,74.40358669901616,317244.25080076285,interactive_long,False,256
exact_bucket,99,219370.96672305348,219426.20116495833,250354.6124225913,30983.645699537825,55.23444190484588,319370.9667230535,interactive_long,False,256
exact_bucket,100,220621.8996391037,222186.28638021924,225867.80982470023,5245.910185596527,1564.386741115537,240621.8996391037,interactive_short,False,32
exact_bucket,101,221789.26511169868,222186.28638021924,225867.80982470023,4078.5447130015527,397.02126852056244,241789.26511169868,interactive_short,False,32
exact_bucket,102,222270.10243516884,222277.81596861797,250468.78475260822,28198.68231743938,7.713533449132228,242270.10243516884,interactive_short,True,32
exact_bucket,103,223551.9186087876,223559.23020619975,252043.52996070945,28491.611351921863,7.311597412161063,243551.9186087876,interactive_short,True,32
exact_bucket,104,228180.84585377428,250354.6124225913,254812.51199211364,26631.66613833935,22173.766568817024,248180.84585377428,interactive_short,True,32
exact_bucket,105,231360.35918512376,250354.6124225913,254812.51199211364,23452.152806989878,18994.25323746755,251360.35918512376,interactive_short,True,32
exact_bucket,106,231732.27485609736,250354.6124225913,254812.51199211364,23080.23713601628,18622.337566493952,251732.27485609736,interactive_short,True,32
exact_bucket,107,231909.49041917422,250354.6124225913,254812.51199211364,22903.02157293941,18445.122003417084,251909.49041917422,interactive_short,True,32
exact_bucket,108,233358.5680228021,250354.6124225913,254812.51199211364,21453.943969311542,16996.044399789214,253358.5680228021,interactive_short,True,32
exact_bucket,109,235363.03259872267,235500.5418405484,279636.1664403954,44273.13384167274,137.50924182572635,335363.03259872267,interactive_long,False,256
exact_bucket,110,236179.5353372144,236253.29235380137,281263.7595237142,45084.22418649981,73.75701658698381,336179.53533721436,interactive_long,False,256
exact_bucket,111,239591.69139954826,250354.6124225913,254812.51199211364,15220.820592565375,10762.921023043047,259591.69139954826,interactive_short,False,32
exact_bucket,112,242373.40601094568,250354.6124225913,254812.51199211364,12439.105981167959,7981.206411645631,262373.4060109457,interactive_short,False,32
exact_bucket,113,244607.74689604086,250354.6124225913,254812.51199211364,10204.765096072777,5746.865526550449,264607.74689604086,interactive_short,False,32
exact_bucket,114,245116.60429665423,245185.72556492087,299808.4564730434,54691.85217638919,69.12126826663734,345116.60429665423,interactive_long,False,256
exact_bucket,115,245560.71741308132,245687.55924042285,300893.5185285893,55332.80111550796,126.84182734153,345560.7174130813,interactive_long,False,256
exact_bucket,116,245610.1746843997,250354.6124225913,254812.51199211364,9202.337307713926,4744.437738191598,265610.17468439974,interactive_short,False,32
exact_bucket,117,246171.83268557416,250354.6124225913,254812.51199211364,8640.679306539474,4182.7797370171465,266171.8326855742,interactive_short,False,32
exact_bucket,118,247461.06619236048,250354.6124225913,254812.51199211364,7351.445799753157,2893.5462302308297,267461.0661923605,interactive_short,False,32
exact_bucket,119,251251.8118115288,251282.38109393005,301903.5045248927,50651.69271336391,30.569282401236705,271251.8118115288,interactive_short,True,32
exact_bucket,120,251403.04467762125,254812.51199211364,310288.0749541107,58885.03027648947,3409.4673144923872,351403.0446776212,interactive_long,False,256
exact_bucket,121,252473.421380079,252491.00794843645,311740.1127922745,59266.691412195505,17.58656835745205,272473.421380079,interactive_short,True,32
exact_bucket,122,254460.65811645883,254812.51199211364,310288.0749541107,55827.416837651894,351.8538756548078,354460.6581164588,interactive_long,False,256
exact_bucket,123,254893.08147302043,300893.5185285893,314597.34853833873,59704.2670653183,46000.43705556885,274893.08147302043,interactive_short,True,32
exact_bucket,124,257276.86858247902,300893.5185285893,314597.34853833873,57320.479955859715,43616.649946110265,277276.868582479,interactive_short,True,32
exact_bucket,125,258640.7971443583,300893.5185285893,314597.34853833873,55956.55139398042,42252.72138423097,278640.7971443583,interactive_short,True,32
exact_bucket,126,259200.18378525076,300893.5185285893,314597.34853833873,55397.16475308797,41693.33474333852,279200.18378525076,interactive_short,True,32
exact_bucket,127,261334.74833081558,261436.71650873983,323672.4130029041,62337.66467208852,101.96817792425281,361334.7483308156,interactive_long,False,256
exact_bucket,128,261345.86882622488,261436.71650873983,323672.4130029041,62326.54417667922,90.84768251495552,361345.8688262249,interactive_long,False,256
exact_bucket,129,264126.1882832452,264198.6926501293,326089.1421266199,61962.95384337468,72.50436688412447,364126.1882832452,interactive_long,False,256
exact_bucket,130,267065.94190347125,300893.5185285893,314597.34853833873,47531.40663486748,33827.57662511803,287065.94190347125,interactive_short,True,32
exact_bucket,131,267291.35520539456,300893.5185285893,314597.34853833873,47305.99333294417,33602.16332319472,287291.35520539456,interactive_short,True,32
exact_bucket,132,268398.6342470887,268637.5828773624,329100.1441796318,60701.50993254309,238.94863027369138,368398.6342470887,interactive_long,False,256
exact_bucket,133,268785.528719743,269130.7929026105,329351.0610173828,60565.53229763976,345.2641828674823,368785.528719743,interactive_long,False,256
exact_bucket,134,275124.0836601808,300893.5185285893,314597.34853833873,39473.264878157934,25769.434868408483,295124.0836601808,interactive_short,True,32
exact_bucket,135,276583.5306883647,300893.5185285893,314597.34853833873,38013.81784997403,24309.98784022458,296583.5306883647,interactive_short,True,32
exact_bucket,136,276686.57708818314,300893.5185285893,314597.34853833873,37910.77145015559,24206.94144040614,296686.57708818314,interactive_short,True,32
exact_bucket,137,277259.80445404275,277268.75831920444,332361.2897723353,55101.48531829257,8.953865161689464,377259.80445404275,interactive_long,False,256
exact_bucket,138,281031.9844971329,281263.7595237142,333534.96922404086,52502.98472690798,231.77502658130834,381031.9844971329,interactive_long,False,256
exact_bucket,139,282251.2951702571,300893.5185285893,314597.34853833873,32346.05336808163,18642.22335833218,302251.2951702571,interactive_short,True,32
exact_bucket,140,285484.3874195229,300893.5185285893,314597.34853833873,29112.961118815816,15409.131109066366,305484.3874195229,interactive_short,True,32
exact_bucket,141,287687.0858763872,300893.5185285893,314597.34853833873,26910.262661951536,13206.432652202086,307687.0858763872,interactive_short,True,32
exact_bucket,142,296514.93849096954,300893.5185285893,314597.34853833873,18082.410047369194,4378.580037619744,316514.93849096954,interactive_short,False,32
exact_bucket,143,298324.9098344262,298624.75241244794,337111.89707685774,38786.987242431554,299.84257802175125,398324.9098344262,interactive_long,False,256
exact_bucket,144,304317.9593471235,310288.0749541107,338069.1881516149,33751.2288044914,5970.115606987209,324317.9593471235,interactive_short,True,32
exact_bucket,145,308758.6046021605,310288.0749541107,338069.1881516149,29310.5835494544,1529.4703519502073,328758.6046021605,interactive_short,True,32
exact_bucket,146,310655.46979909524,311740.1127922745,339348.5037469326,28693.033947837364,1084.6429931792663,330655.46979909524,interactive_short,True,32
exact_bucket,147,313196.2218718601,337111.89707685774,342027.1622588678,28830.940387007722,23915.67520499765,333196.2218718601,interactive_short,True,32
exact_bucket,148,314601.7208017273,337111.89707685774,342027.1622588678,27425.441457140492,22510.17627513042,334601.7208017273,interactive_short,True,32
exact_bucket,149,318152.3418345306,337111.89707685774,342027.1622588678,23874.82042433723,18959.55524232716,338152.3418345306,interactive_short,True,32
exact_bucket,150,319739.9215228538,320121.30082111765,347895.5595173955,28155.63799454173,381.3792982638697,419739.9215228538,interactive_long,False,256
exact_bucket,151,324290.01903144224,337111.89707685774,342027.1622588678,17737.14322742558,12821.878045415506,344290.01903144224,interactive_short,False,32
exact_bucket,152,327012.4846522204,337111.89707685774,342027.1622588678,15014.677606647427,10099.412424637354,347012.4846522204,interactive_short,False,32
exact_bucket,153,328299.95882871764,337111.89707685774,342027.1622588678,13727.20343015017,8811.938248140097,348299.95882871764,interactive_short,False,32
exact_bucket,154,328899.98520282906,337111.89707685774,342027.1622588678,13127.177056038752,8211.91187402868,348899.98520282906,interactive_short,False,32
exact_bucket,155,329468.00215959235,337111.89707685774,342027.1622588678,12559.160099275468,7643.894917265396,349468.00215959235,interactive_short,False,32
exact_bucket,156,331498.3546530178,337111.89707685774,342027.1622588678,10528.807605849986,5613.542423839914,351498.3546530178,interactive_short,False,32
exact_bucket,157,334401.6311719936,337111.89707685774,342027.1622588678,7625.531086874194,2710.2659048641217,354401.6311719936,interactive_short,False,32
exact_bucket,158,335874.9927551598,337111.89707685774,342027.1622588678,6152.169503708021,1236.904321697948,355874.9927551598,interactive_short,False,32
exact_bucket,159,337845.99806512165,337849.6259785055,348437.9570782764,10591.95901315473,3.6279133838252164,357845.99806512165,interactive_short,False,32
exact_bucket,160,338488.05513029825,338525.87747168256,348898.9950050254,10410.939874727163,37.82234138430795,358488.05513029825,interactive_short,False,32
exact_bucket,161,338649.35484757664,338689.8172276043,348993.9145781797,10344.559730603069,40.4623800276313,358649.35484757664,interactive_short,False,32
exact_bucket,162,339322.3381436127,339348.5037469326,349490.40941331896,10168.07126970624,26.165603319881484,359322.3381436127,interactive_short,False,32
exact_bucket,163,339956.4640854367,342027.1622588678,368297.8097667872,28341.345681350504,2070.6981734310975,439956.4640854367,interactive_long,False,256
exact_bucket,164,340726.9350188946,342027.1622588678,368297.8097667872,27570.87474789261,1300.2272399732028,440726.9350188946,interactive_long,False,256
exact_bucket,165,342280.6545444606,347895.5595173955,370719.82170292706,28439.167158466473,5614.904972934921,362280.6545444606,interactive_short,True,32
exact_bucket,166,342578.52264161,347895.5595173955,370719.82170292706,28141.299061317055,5317.036875785503,362578.52264161,interactive_short,True,32
exact_bucket,167,343104.5314275153,347895.5595173955,370719.82170292706,27615.29027541174,4791.028089880187,363104.5314275153,interactive_short,True,32
exact_bucket,168,345472.54378428264,347895.5595173955,370719.82170292706,25247.277918644424,2423.015733112872,365472.54378428264,interactive_short,True,32
exact_bucket,169,347923.74814603163,347949.79927348363,370787.62139803724,22863.873252005607,26.051127451995853,367923.74814603163,interactive_short,True,32
exact_bucket,170,348056.51680808194,349490.40941331896,377811.4884929265,29754.971684844582,1433.8926052370225,448056.51680808194,interactive_long,False,256
exact_bucket,171,349103.6610731932,349181.9208005675,379398.00135850295,30294.340285309765,78.25972737430129,369103.6610731932,interactive_short,True,32
exact_bucket,172,350668.1037808773,368297.8097667872,379882.76917854045,29214.665397663135,17629.70598590991,370668.1037808773,interactive_short,True,32
exact_bucket,173,351743.0393517153,351837.76831673004,382230.1280819515,30487.088730236224,94.72896501474315,451743.0393517153,interactive_long,False,256
exact_bucket,174,352206.4858290961,352239.1321507237,382453.6860727526,30247.200243656465,32.64632162760245,452206.4858290961,interactive_long,False,256
exact_bucket,175,353296.4351300922,368297.8097667872,379882.76917854045,26586.334048448247,15001.374636695022,373296.4351300922,interactive_short,True,32
exact_bucket,176,358000.79433636187,368297.8097667872,379882.76917854045,21881.974842178577,10297.015430425352,378000.79433636187,interactive_short,True,32
exact_bucket,177,359755.3162093097,368297.8097667872,379882.76917854045,20127.45296923077,8542.493557477545,379755.3162093097,interactive_short,True,32
exact_bucket,178,362133.63557731314,368297.8097667872,379882.76917854045,17749.13360122731,6164.174189474084,382133.63557731314,interactive_short,False,32
exact_bucket,179,366019.71258193307,368297.8097667872,379882.76917854045,13863.056596607377,2278.097184854152,386019.71258193307,interactive_short,False,32
exact_bucket,180,368921.118746171,368948.6868398442,383707.0608886711,14785.942142500076,27.56809367320966,388921.118746171,interactive_short,False,32
exact_bucket,181,369878.4198514725,369900.1229233185,385430.451260559,15552.031409086543,21.703071845986415,389878.4198514725,interactive_short,False,32
exact_bucket,182,369890.2469196961,370787.62139803724,392584.3069661928,22694.060046496685,897.3744783411385,469890.2469196961,interactive_long,False,256
exact_bucket,183,370757.2317872697,377811.4884929265,393282.64382582717,22525.412038557464,7054.256705656822,390757.2317872697,interactive_short,True,32
exact_bucket,184,373557.81654337514,377811.4884929265,393282.64382582717,19724.827282452025,4253.671949551383,393557.81654337514,interactive_short,False,32
exact_bucket,185,377398.56579818815,377811.4884929265,393282.64382582717,15884.078027639014,412.92269473837223,397398.56579818815,interactive_short,False,32
exact_bucket,186,383532.1777781886,385430.451260559,404888.89633904333,21356.71856085473,1898.2734823704232,483532.1777781886,interactive_long,False,256
exact_bucket,187,384618.2600858557,384647.09200060996,408327.5409050104,23709.280819154694,28.831914754235186,404618.2600858557,interactive_short,True,32
exact_bucket,188,387371.07226095744,392584.3069661928,408760.8102599464,21389.737998988945,5213.234705235343,407371.07226095744,interactive_short,True,32
exact_bucket,189,388950.97137005127,392584.3069661928,408760.8102599464,19809.838889895123,3633.335596141522,408950.97137005127,interactive_short,False,32
exact_bucket,190,390799.8822599886,392584.3069661928,408760.8102599464,17960.927999957814,1784.4247062042123,410799.8822599886,interactive_short,False,32
exact_bucket,191,391298.18672327726,392584.3069661928,408760.8102599464,17462.623536669125,1286.1202429155237,411298.18672327726,interactive_short,False,32
exact_bucket,192,391793.62700326595,392584.3069661928,408760.8102599464,16967.183256680437,790.6799629268353,411793.62700326595,interactive_short,False,32
exact_bucket,193,392938.4474975708,393282.64382582717,443828.04305508756,50889.59555751673,344.19632825633744,492938.4474975708,interactive_long,False,256
exact_bucket,194,392997.3562420502,393011.44504538644,444483.80207877443,51486.44583672425,14.088803336257115,412997.3562420502,interactive_short,True,32
exact_bucket,195,393816.6927309916,393841.5388028298,447196.4572176391,53379.7644866475,24.846071838226635,493816.6927309916,interactive_long,False,256
exact_bucket,196,396090.205256994,404888.89633904333,447571.17665974586,51480.971402751864,8798.691082049336,416090.205256994,interactive_short,True,32
exact_bucket,197,397126.29741134576,404888.89633904333,447571.17665974586,50444.8792484001,7762.598927697574,417126.29741134576,interactive_short,True,32
exact_bucket,198,397487.0516630854,397530.2456510472,458471.11821772926,60984.066554643854,43.1939879618003,497487.0516630854,interactive_long,False,256
exact_bucket,199,398746.9838833903,398935.01907002507,462268.8354121398,63521.85152874945,188.03518663474824,498746.9838833903,interactive_long,False,256
exact_bucket,200,399020.0620997148,399185.93590777606,462762.0454373879,63741.98333767307,165.87380806123838,499020.0620997148,interactive_long,False,256
exact_bucket,201,400967.14431063854,400992.5371395832,465425.3795737277,64458.235263089184,25.39282894466305,500967.14431063854,interactive_long,False,256
exact_bucket,202,401021.8177473623,401337.7841572569,465819.9475939262,64798.12984656391,315.96640989457956,501021.8177473623,interactive_long,False,256
exact_bucket,203,402023.63518691156,404888.89633904333,447571.17665974586,45547.5414728343,2865.261152131774,422023.63518691156,interactive_short,True,32
exact_bucket,204,403685.6601542116,404888.89633904333,447571.17665974586,43885.51650553424,1203.2361848317087,423685.6601542116,interactive_short,True,32
exact_bucket,205,403740.6123148993,404888.89633904333,447571.17665974586,43830.564344846585,1148.2840241440572,423740.6123148993,interactive_short,True,32
exact_bucket,206,405799.249268688,405824.53213156277,466897.2659899832,61098.01672129519,25.282862874737475,425799.249268688,interactive_short,True,32
exact_bucket,207,406090.9187785812,406090.93423493556,467225.14550182666,61134.22672324546,0.015456354361958802,426090.9187785812,interactive_short,True,32
exact_bucket,208,407329.59150444844,407361.46734332887,468677.18333999044,61347.591835542,31.87583888042718,427329.59150444844,interactive_short,True,32
exact_bucket,209,407432.77741140727,408760.8102599464,472228.2955217769,64795.51811036962,1328.032848539122,507432.77741140727,interactive_long,False,256
exact_bucket,210,408385.96033972333,408409.5107829713,473352.45384809724,64966.49350837391,23.55044324795017,428385.96033972333,interactive_short,True,32
exact_bucket,211,408861.612680962,409155.3782801449,473697.7008657709,64836.088184808905,293.7655991828651,508861.612680962,interactive_long,False,256
exact_bucket,212,409653.17439997237,443828.04305508756,474072.4203078777,64419.24590790534,34174.86865511519,429653.17439997237,interactive_short,True,32
exact_bucket,213,412517.6810202103,443828.04305508756,474072.4203078777,61554.739287667384,31310.36203487724,432517.6810202103,interactive_short,True,32
exact_bucket,214,413470.93594697193,413594.26850737794,477083.4223608896,63612.48641391768,123.33256040600827,513470.93594697193,interactive_long,False,256
exact_bucket,215,416259.6682363913,416553.52865886665,478588.92338739557,62329.25515100424,293.8604224753217,516259.6682363913,interactive_long,False,256
exact_bucket,216,419826.34967140463,443828.04305508756,474072.4203078777,54246.07063647307,24001.693383682927,439826.34967140463,interactive_short,True,32
exact_bucket,217,420407.7804260369,443828.04305508756,474072.4203078777,53664.63988184079,23420.262629050645,440407.7804260369,interactive_short,True,32
exact_bucket,218,420578.6919272703,443828.04305508756,474072.4203078777,53493.72838060738,23249.351127817237,440578.6919272703,interactive_short,True,32
exact_bucket,219,420617.8391398993,443828.04305508756,474072.4203078777,53454.58116797841,23210.203915188264,440617.8391398993,interactive_short,True,32
exact_bucket,220,422168.3724339736,422521.3699643689,480796.42447436077,58628.05204038718,352.9975303952815,522168.3724339736,interactive_long,False,256
exact_bucket,221,440752.0918054324,447196.4572176391,481452.18349804764,40700.09169261524,6444.36541220668,460752.0918054324,interactive_short,True,32
exact_bucket,222,441613.5356220168,465819.9475939262,481826.9029401544,40213.36731813761,24206.4119719094,461613.5356220168,interactive_short,True,32
exact_bucket,223,443714.0034305528,465819.9475939262,481826.9029401544,38112.899509601644,22105.94416337344,463714.0034305528,interactive_short,True,32
exact_bucket,224,446753.4999690595,465819.9475939262,481826.9029401544,35073.40297109494,19066.447624866734,466753.4999690595,interactive_short,True,32
exact_bucket,225,448863.1960369516,465819.9475939262,481826.9029401544,32963.70690320281,16956.751556974603,468863.1960369516,interactive_short,True,32
exact_bucket,226,451669.94039025676,465819.9475939262,481826.9029401544,30156.962549897667,14150.007203669462,471669.94039025676,interactive_short,True,32
exact_bucket,227,457645.9342362347,457928.58718995634,493840.0072833097,36194.07304707501,282.6529537216411,557645.9342362348,interactive_long,False,256
exact_bucket,228,458090.6236830654,466897.2659899832,494917.3256793667,36826.7019963013,8806.642306917813,478090.6236830654,interactive_short,True,32
exact_bucket,229,458131.8047936588,458471.11821772926,495084.9941724675,36953.18937880872,339.31342407048214,558131.8047936588,interactive_long,False,256
exact_bucket,230,458462.45604231907,467225.14550182666,495412.87368431094,36950.417641991866,8762.689459507586,478462.45604231907,interactive_short,True,32
exact_bucket,231,458732.3115762346,472228.2955217769,496864.9115224747,38132.59994624014,13495.983945542306,478732.3115762346,interactive_short,True,32
exact_bucket,232,460946.3597819217,473697.7008657709,497983.21485751215,37036.85507559043,12751.341083849198,480946.3597819217,interactive_short,True,32
exact_bucket,233,462606.4463256239,480796.42447436077,498357.93429961894,35751.48797399504,18189.978148736875,482606.4463256239,interactive_short,True,32
exact_bucket,234,463098.1567163349,480796.42447436077,498357.93429961894,35259.77758328401,17698.267758025846,483098.1567163349,interactive_short,True,32
exact_bucket,235,465502.5386434709,480796.42447436077,498357.93429961894,32855.39565614803,15293.885830889863,485502.5386434709,interactive_short,True,32
exact_bucket,236,468415.09779329854,468677.18333999044,500314.06671912817,31898.968925829628,262.085546691902,568415.0977932985,interactive_long,False,256
exact_bucket,237,468782.43666693376,480796.42447436077,498357.93429961894,29575.497632685176,12013.98780742701,488782.43666693376,interactive_short,True,32
exact_bucket,238,470651.5879088133,480796.42447436077,498357.93429961894,27706.346390805615,10144.836565547448,490651.5879088133,interactive_short,True,32
exact_bucket,239,473407.65031493455,480796.42447436077,498357.93429961894,24950.283984684385,7388.774159426219,493407.65031493455,interactive_short,True,32
exact_bucket,240,473650.9302034876,481452.18349804764,500788.66458489944,27137.734381411865,7801.253294560069,493650.9302034876,interactive_short,True,32
exact_bucket,241,477072.7773636534,493840.0072833097,501032.7434872958,23959.9661236424,16767.229919656296,497072.7773636534,interactive_short,True,32
exact_bucket,242,483761.6992826147,493840.0072833097,501032.7434872958,17271.044204681122,10078.308000695019,503761.6992826147,interactive_short,False,32
exact_bucket,243,483990.498999464,484006.5933504647,507627.70421592693,23637.205216462957,16.094351000734605,583990.498999464,interactive_long,False,256
exact_bucket,244,484042.5267418703,493840.0072833097,501032.7434872958,16990.21674542554,9797.480541439436,504042.5267418703,interactive_short,False,32
exact_bucket,245,484790.3353382794,493840.0072833097,501032.7434872958,16242.408149016439,9049.671945030335,504790.3353382794,interactive_short,False,32
exact_bucket,246,487052.69278963906,493840.0072833097,501032.7434872958,13980.050697656756,6787.314493670652,507052.69278963906,interactive_short,False,32
exact_bucket,247,493401.1114832305,495084.9941724675,509789.77577338635,16388.664290155866,1683.8826892370125,513401.1114832305,interactive_short,False,32
exact_bucket,248,494411.64184506255,495412.87368431094,510353.7944405497,15942.152595487132,1001.2318392483867,514411.64184506255,interactive_short,False,32
exact_bucket,249,496922.27723848145,496952.7363917185,513424.56273955,16502.285501068574,30.459153237054124,516922.27723848145,interactive_short,False,32
exact_bucket,250,497080.35602946056,497983.21485751215,515147.95311143796,18067.59708197741,902.8588280515978,517080.35602946056,interactive_short,False,32
exact_bucket,251,499426.68989969784,499475.7242536242,527268.2537628976,27841.563863199728,49.034353926370386,599426.6898996979,interactive_long,False,256
exact_bucket,252,501400.34374918457,507627.70421592693,527980.1505615548,26579.806812370254,6227.360466742364,521400.34374918457,interactive_short,True,32
exact_bucket,253,501615.2943729255,507627.70421592693,527980.1505615548,26364.856188629346,6012.4098430014565,521615.2943729255,interactive_short,True,32
exact_bucket,254,504576.33641678223,504609.6713401127,539783.0603432863,35206.723926504026,33.334923330461606,604576.3364167822,interactive_long,False,256
exact_bucket,255,508374.4900678,515147.95311143796,545202.8640387077,36828.373970907705,6773.463043637981,608374.4900678,interactive_long,False,256
exact_bucket,256,510209.1306652767,510259.7913293558,546087.6500598945,35878.51939461782,50.66066407907056,530209.1306652767,interactive_short,True,32
exact_bucket,257,510467.1967220508,510510.4662925395,546169.0096940266,35701.81297197577,43.269570488715544,530467.1967220508,interactive_short,True,32
exact_bucket,258,518718.1678001482,527268.2537628976,547426.694038321,28708.52623817284,8550.085962749377,538718.1678001483,interactive_short,True,32
exact_bucket,259,521770.52560869,521854.6928354696,560441.9321225635,38671.40651387349,84.16722677962389,621770.52560869,interactive_long,False,256
exact_bucket,260,522623.5060952592,522657.42050345696,561646.3329437682,39022.82684850902,33.91440819774289,622623.5060952592,interactive_long,False,256
exact_bucket,261,523742.0608319924,523912.0046922119,562900.9171325229,39158.85630053049,169.9438602195005,623742.0608319924,interactive_long,False,256
exact_bucket,262,524667.9448782488,527268.2537628976,547426.694038321,22758.749160072184,2600.3088846487226,544667.9448782488,interactive_short,True,32
exact_bucket,263,526078.2256618903,527268.2537628976,547426.694038321,21348.468376430683,1190.0281010072213,546078.2256618903,interactive_short,True,32
exact_bucket,264,526912.9908668387,526923.0067452239,564907.7363024913,37994.745435652556,10.015878385165706,626912.9908668387,interactive_long,False,256
exact_bucket,265,530701.5805189821,545202.8640387077,565924.731729144,35223.15121016186,14501.283519725548,550701.5805189821,interactive_short,True,32
exact_bucket,266,534157.2456176562,545202.8640387077,565924.731729144,31767.486111487844,11045.618421051535,554157.2456176562,interactive_short,True,32
exact_bucket,267,534380.3132819388,534604.355078181,569781.1070704622,35400.79378852341,224.04179624223616,634380.3132819388,interactive_long,False,256
exact_bucket,268,540857.8361210944,545202.8640387077,565924.731729144,25066.895608049585,4345.027917613275,560857.8361210944,interactive_short,True,32
exact_bucket,269,542876.7606051796,545202.8640387077,565924.731729144,23047.97112396441,2326.1034335281,562876.7606051796,interactive_short,True,32
exact_bucket,270,546405.5237133533,547426.694038321,573469.8139186796,27064.29020532628,1021.1703249677084,646405.5237133533,interactive_long,False,256
exact_bucket,271,548862.7969466735,564907.7363024913,576544.5300919283,27681.73314525478,16044.93935581774,568862.7969466735,interactive_short,True,32
exact_bucket,272,550006.3811932743,564907.7363024913,576544.5300919283,26538.148898654035,14901.355109216995,570006.3811932743,interactive_short,True,32
exact_bucket,273,552653.3606579853,552846.4977337425,577847.9403786641,25194.57972067874,193.13707575714216,652653.3606579853,interactive_long,False,256
exact_bucket,274,559385.4303205531,564907.7363024913,576544.5300919283,17159.099771375186,5522.305981938145,579385.4303205531,interactive_short,False,32
exact_bucket,275,560015.0775665006,564907.7363024913,576544.5300919283,16529.45252542768,4892.658735990641,580015.0775665006,interactive_short,False,32
exact_bucket,276,563317.6736536679,564907.7363024913,576544.5300919283,13226.856438260409,1590.0626488233684,583317.6736536679,interactive_short,False,32
exact_bucket,277,564862.8030823345,564907.7363024913,576544.5300919283,11681.727009593858,44.9332201568177,584862.8030823345,interactive_short,False,32
exact_bucket,278,566184.1533976971,573469.8139186796,578809.5956785446,12625.442280847463,7285.660520982463,586184.1533976971,interactive_short,False,32
exact_bucket,279,567328.0471315094,573469.8139186796,578809.5956785446,11481.5485470352,6141.7667871702,587328.0471315094,interactive_short,False,32
exact_bucket,280,569954.3298416642,573469.8139186796,578809.5956785446,8855.265836880426,3515.484077015426,589954.3298416642,interactive_short,False,32
exact_bucket,281,570579.3603688445,573469.8139186796,578809.5956785446,8230.235309700132,2890.4535498351324,590579.3603688445,interactive_short,False,32
exact_bucket,282,574396.5739147417,574419.0096502221,580125.639235259,5729.065320517286,22.435735480394214,594396.5739147417,interactive_short,False,32
exact_bucket,283,577949.1063649838,578004.6122306539,581972.0640944624,4022.9577294785995,55.50586567004211,597949.1063649838,interactive_short,False,32
exact_bucket,284,578130.4068491043,578192.6184530417,582029.3031432624,3898.8962941580685,62.21160393732134,598130.4068491043,interactive_short,False,32
exact_bucket,285,582398.3067883528,582398.3067883528,596949.9746741902,14551.667885837378,0.0,682398.3067883528,interactive_long,False,256
exact_bucket,286,582957.3733546018,582977.6002491242,597844.2066373944,14886.833282792591,20.226894522435032,682957.3733546018,interactive_long,False,256
exact_bucket,287,584207.2608711326,597844.2066373944,601074.8621093876,16867.60123825504,13636.945766261779,604207.2608711326,interactive_short,False,32
exact_bucket,288,586092.1797219864,597844.2066373944,601074.8621093876,14982.682387401233,11752.026915407972,606092.1797219864,interactive_short,False,32
exact_bucket,289,587044.9936691284,597844.2066373944,601074.8621093876,14029.868440259248,10799.212968265987,607044.9936691284,interactive_short,False,32
exact_bucket,290,587103.2334616845,597844.2066373944,601074.8621093876,13971.628647703095,10740.973175709834,607103.2334616845,interactive_short,False,32
exact_bucket,291,590910.2184382996,590913.9089225617,607869.5187115063,16959.300273206667,3.69048426207155,690910.2184382996,interactive_long,False,256
exact_bucket,292,591311.612814089,597844.2066373944,601074.8621093876,9763.249295298592,6532.593823305331,611311.612814089,interactive_short,False,32
exact_bucket,293,591788.431403746,597844.2066373944,601074.8621093876,9286.43070564163,6055.775233648368,611788.431403746,interactive_short,False,32
exact_bucket,294,594985.7474219035,597844.2066373944,601074.8621093876,6089.114687484107,2858.459215490846,614985.7474219035,interactive_short,False,32
exact_bucket,295,595817.805370963,597844.2066373944,601074.8621093876,5257.056738424697,2026.401266431436,615817.805370963,interactive_short,False,32
exact_bucket,296,600063.67256221,600068.0366370026,611723.6462704557,11659.97370824567,4.3640747925965115,620063.67256221,interactive_short,False,32
exact_bucket,297,602479.5254504309,607869.5187115063,612756.3923781457,10276.866927714786,5389.993261075346,622479.5254504309,interactive_short,False,32
exact_bucket,298,603126.1952832483,607869.5187115063,612756.3923781457,9630.19709489739,4743.323428257951,623126.1952832483,interactive_short,False,32
exact_bucket,299,603146.6012599512,603174.8009046841,618042.4452076851,14895.843947733869,28.199644732871093,703146.6012599512,interactive_long,False,256
exact_bucket_wait,0,0.0,2000.0,5347.437362128403,5347.437362128403,2000.0,20000.0,interactive_short,False,32
exact_bucket_wait,1,4685.326635856748,4690.23529359838,9627.088275943519,4941.761640086771,4.9086577416319415,24685.32663585675,interactive_short,False,32
exact_bucket_wait,2,6262.838718290957,6685.326635856748,10260.208034703377,3997.3693164124197,422.48791756579067,26262.838718290957,interactive_short,False,32
exact_bucket_wait,3,9861.555492950167,9884.663995543364,17971.640619148995,8110.085126198828,23.108502593197045,29861.555492950167,interactive_short,False,32
exact_bucket_wait,4,11608.542790353687,11861.555492950167,18723.665508700098,7115.122718346411,253.01270259647936,31608.542790353687,interactive_short,False,32
exact_bucket_wait,5,11929.100460691434,11955.44150274017,18864.67017549093,6935.569714799496,26.3410420487362,31929.100460691436,interactive_short,False,32
exact_bucket_wait,6,12201.760830234378,18864.67017549093,27192.0136740804,14990.252843846023,6662.909345256552,112201.76083023437,interactive_long,False,256
exact_bucket_wait,7,12938.846292477965,12942.474170275993,28508.05723079483,15569.210938316866,3.627877798027839,32938.84629247797,interactive_short,False,32
exact_bucket_wait,8,17523.749290794418,17579.960989174462,31470.715375896143,13946.966085101725,56.211698380044254,37523.74929079442,interactive_short,False,32
exact_bucket_wait,9,20704.219288184544,27192.0136740804,33350.7775997739,12646.558311589357,6487.794385895857,40704.21928818454,interactive_short,False,32
exact_bucket_wait,10,24646.507156003463,27192.0136740804,33350.7775997739,8704.270443770438,2545.506518076938,44646.50715600346,interactive_short,False,32
exact_bucket_wait,11,29230.284890772156,29260.082120345935,36202.2053059885,6971.920415216344,29.797229573778168,49230.284890772156,interactive_short,False,32
exact_bucket_wait,12,29701.92333515015,29761.432046713337,36703.5552323559,7001.6318972057525,59.50871156318681,49701.923335150146,interactive_short,False,32
exact_bucket_wait,13,30276.033844297603,30309.783528677683,37032.56612153451,6756.532277236907,33.74968438008,50276.033844297606,interactive_short,False,32
exact_bucket_wait,14,30492.972578722907,30497.78975106546,37095.156794727845,6602.184216004938,4.817172342551203,50492.97257872291,interactive_short,False,32
exact_bucket_wait,15,33522.2850675438,33538.78382216168,39091.31209580188,5569.027028258075,16.49875461787451,53522.2850675438,interactive_short,False,32
exact_bucket_wait,16,37832.93903158115,37839.2644291274,42776.691395533955,4943.752363952808,6.325397546250315,57832.93903158115,interactive_short,False,32
exact_bucket_wait,17,38875.962027478956,38903.3058734141,43840.73283982066,4964.770812341703,27.34384593514551,58875.962027478956,interactive_short,False,32
exact_bucket_wait,18,40814.614746337094,43840.73283982066,55238.72673712972,14424.111990792626,3026.1180934835647,140814.6147463371,interactive_long,False,256
exact_bucket_wait,19,41150.39514152049,41178.63850523786,56709.607557173105,15559.212415652619,28.24336371737445,61150.39514152049,interactive_short,False,32
exact_bucket_wait,20,46465.51854974466,46519.965095888576,59388.83981324102,12923.321263496364,54.44654614391766,146465.51854974465,interactive_long,False,256
exact_bucket_wait,21,50464.64652766523,55238.72673712972,61626.86623481636,11162.219707151133,4774.08020946449,70464.64652766523,interactive_short,False,32
exact_bucket_wait,22,57941.29295752837,59388.83981324102,63097.74705485975,5156.454097331378,1447.5468557126514,77941.29295752838,interactive_short,False,32
exact_bucket_wait,23,61270.895281049074,61297.855345637756,65016.68626944802,3745.7909883989487,26.960064588682144,81270.89528104907,interactive_short,False,32
exact_bucket_wait,24,65535.16615037969,67535.1661503797,76649.85590505111,11114.689754671417,2000.0,165535.1661503797,interactive_long,False,256
exact_bucket_wait,25,65585.36358234937,76649.85590505111,83512.08302220493,17926.71943985556,11064.492322701743,85585.36358234937,interactive_short,False,32
exact_bucket_wait,26,68253.25681341092,76649.85590505111,83512.08302220493,15258.82620879401,8396.599091640193,88253.25681341092,interactive_short,False,32
exact_bucket_wait,27,69060.7463946566,76649.85590505111,83512.08302220493,14451.336627548328,7589.109510394512,89060.7463946566,interactive_short,False,32
exact_bucket_wait,28,74402.71441442745,74414.27599704056,96813.7834748677,22411.069060440248,11.561582613110659,174402.71441442746,interactive_long,False,256
exact_bucket_wait,29,77644.06746322283,77683.89012818388,98756.51443954138,21112.446976318548,39.82266496104421,97644.06746322283,interactive_short,True,32
exact_bucket_wait,30,81635.21006518841,83512.08302220493,102340.97826882952,20705.768203641113,1876.872957016516,181635.2100651884,interactive_long,False,256
exact_bucket_wait,31,84964.57561606709,96813.7834748677,104899.22443419101,19934.648818123926,11849.207858800612,104964.57561606709,interactive_short,False,32
exact_bucket_wait,32,85585.2647166139,96813.7834748677,104899.22443419101,19313.959717577105,11228.518758253791,105585.2647166139,interactive_short,False,32
exact_bucket_wait,33,88681.710555966,88765.69580602972,112779.6436099282,24097.933053962202,83.98525006372074,188681.710555966,interactive_long,False,256
exact_bucket_wait,34,88910.50326923911,96813.7834748677,104899.22443419101,15988.721164951901,7903.280205628587,108910.50326923911,interactive_short,False,32
exact_bucket_wait,35,93024.56098153477,96813.7834748677,104899.22443419101,11874.663452656241,3789.222493332927,113024.56098153477,interactive_short,False,32
exact_bucket_wait,36,96936.79057994079,98756.51443954138,118145.03538915352,21208.24480921273,1819.7238596005918,196936.79057994077,interactive_long,False,256
exact_bucket_wait,37,97439.96335557531,97440.47088282695,118389.11429155001,20949.1509359747,0.5075272516405676,117439.96335557531,interactive_short,True,32
exact_bucket_wait,38,100831.98873158326,100936.20484985167,119330.4661653036,18498.47743372034,104.21611826840672,200831.98873158326,interactive_long,False,256
exact_bucket_wait,39,102065.48441728606,102340.97826882952,119805.06403107467,17739.579613788606,275.49385154346237,122065.48441728606,interactive_short,False,32
exact_bucket_wait,40,102793.72061808415,102810.99382479896,119957.61334507247,17163.892726988328,17.273206714817206,122793.72061808415,interactive_short,False,32
exact_bucket_wait,41,105966.58478485378,118145.03538915352,122493.32194219192,16526.73715733814,12178.450604299738,125966.58478485378,interactive_short,False,32
exact_bucket_wait,42,106483.07855714422,118145.03538915352,122493.32194219192,16010.243385047695,11661.956832009295,126483.07855714422,interactive_short,False,32
exact_bucket_wait,43,106530.9764266568,118145.03538915352,122493.32194219192,15962.345515535126,11614.058962496725,126530.9764266568,interactive_short,False,32
exact_bucket_wait,44,106960.16133027605,118145.03538915352,122493.32194219192,15533.160611915868,11184.874058877467,126960.16133027605,interactive_short,False,32
exact_bucket_wait,45,107755.9349758439,118145.03538915352,122493.32194219192,14737.386966348015,10389.100413309614,127755.9349758439,interactive_short,False,32
exact_bucket_wait,46,111751.33283285139,118145.03538915352,122493.32194219192,10741.989109340531,6393.702556302131,131751.3328328514,interactive_short,False,32
exact_bucket_wait,47,118567.11856872926,119330.4661653036,122994.67186855932,4427.553299830062,763.3475965743419,138567.11856872926,interactive_short,False,32
exact_bucket_wait,48,119221.6976026299,119330.4661653036,122994.67186855932,3772.974265929428,108.76856267370749,139221.6976026299,interactive_short,False,32
exact_bucket_wait,49,121273.24896644348,121286.48736923146,125401.33185501689,4128.082888573408,13.238402787974337,141273.24896644347,interactive_short,False,32
exact_bucket_wait,50,122293.82844906364,122323.82270441654,126374.3956846163,4080.567235552662,29.99425535289629,142293.82844906364,interactive_short,False,32
exact_bucket_wait,51,130236.27999100173,132236.27999100173,135835.24369961853,5598.963708616793,2000.0,150236.27999100173,interactive_short,False,32
exact_bucket_wait,52,131772.95154212418,132236.27999100173,135835.24369961853,4062.2921574943466,463.32844887755346,151772.95154212418,interactive_short,False,32
exact_bucket_wait,53,137374.50461665468,139374.50461665468,147701.84811524415,10327.343498589471,2000.0,237374.50461665468,interactive_long,False,256
exact_bucket_wait,54,137619.61235432947,147701.84811524415,154203.7299728214,16584.11761849193,10082.235760914686,157619.61235432947,interactive_short,False,32
exact_bucket_wait,55,144659.61547534552,147701.84811524415,154203.7299728214,9544.114497475879,3042.2326398986334,164659.61547534552,interactive_short,False,32
exact_bucket_wait,56,145053.0272684508,147701.84811524415,154203.7299728214,9150.702704370604,2648.820846793358,165053.0272684508,interactive_short,False,32
exact_bucket_wait,57,151621.68697230733,151649.97878538744,159326.8995328883,7705.212560580956,28.29181308011175,171621.68697230733,interactive_short,False,32
exact_bucket_wait,58,152238.7259482832,152276.6661933467,160110.25879283735,7871.532844554167,37.94024506350979,172238.7259482832,interactive_short,False,32
exact_bucket_wait,59,152468.2070170382,152511.67397133142,160298.26501522513,7830.057998186938,43.46695429322426,172468.2070170382,interactive_short,False,32
exact_bucket_wait,60,153608.5224910845,160298.26501522513,181504.27102476716,27895.748533682665,6689.742524140631,253608.5224910845,interactive_long,False,256
exact_bucket_wait,61,156216.44073635942,156224.79686349,183806.07067375645,27589.629937397025,8.356127130566165,176216.44073635942,interactive_short,True,32
exact_bucket_wait,62,156969.2554851252,156976.8217530411,184253.54866148336,27284.29317635816,7.566267915884964,176969.2554851252,interactive_short,True,32
exact_bucket_wait,63,158833.12467464927,158856.88397691885,185155.28460644823,26322.15993179896,23.759302269580076,178833.12467464927,interactive_short,True,32
exact_bucket_wait,64,160265.64130798163,160298.26501522513,181504.27102476716,21238.629716785537,32.623707243503304,260265.64130798163,interactive_long,False,256
exact_bucket_wait,65,161238.5429869296,161304.27597382988,186961.42185941976,25722.878872490168,65.73298690028605,261238.5429869296,interactive_long,False,256
exact_bucket_wait,66,162957.3623497664,181504.27102476716,187632.63884101014,24675.27649124374,18546.90867500077,182957.3623497664,interactive_short,True,32
exact_bucket_wait,67,163545.3596597112,181504.27102476716,187632.63884101014,24087.279181298945,17958.911365055974,183545.3596597112,interactive_short,True,32
exact_bucket_wait,68,166012.74851501672,181504.27102476716,187632.63884101014,21619.890325993416,15491.522509750444,186012.74851501672,interactive_short,True,32
exact_bucket_wait,69,166016.13393510526,181504.27102476716,187632.63884101014,21616.504905904876,15488.137089661905,186016.13393510526,interactive_short,True,32
exact_bucket_wait,70,171212.06512667643,181504.27102476716,187632.63884101014,16420.573714333703,10292.205898090731,191212.06512667643,interactive_short,False,32
exact_bucket_wait,71,172758.40355763954,172873.40199778447,201661.9130711142,28903.50951347465,114.99844014493283,272758.40355763957,interactive_long,False,256
exact_bucket_wait,72,175300.2676131151,175482.26691874335,204270.77799207307,28970.51037895796,181.9993056282401,275300.26761311514,interactive_long,False,256
exact_bucket_wait,73,178009.4720451799,181504.27102476716,187632.63884101014,9623.166795830242,3494.798979587271,198009.4720451799,interactive_short,False,32
exact_bucket_wait,74,180230.61004395568,181504.27102476716,187632.63884101014,7402.02879705446,1273.6609808114881,200230.61004395568,interactive_short,False,32
exact_bucket_wait,75,181136.4200486716,181504.27102476716,187632.63884101014,6496.218792338535,367.85097609556396,201136.4200486716,interactive_short,False,32
exact_bucket_wait,76,181281.50511497576,185155.28460644823,208294.82182649206,27013.316711516294,3873.7794914724655,281281.50511497573,interactive_long,False,256
exact_bucket_wait,77,183464.20864479677,183480.63213722772,210390.5375352711,26926.32889047434,16.423492430942133,203464.20864479677,interactive_short,True,32
exact_bucket_wait,78,184265.7609896628,184287.44850903843,211244.81369365903,26979.052703996218,21.687519375613192,204265.7609896628,interactive_short,True,32
exact_bucket_wait,79,185019.27037452036,185033.24515524996,211990.61033987056,26971.3399653502,13.974780729593476,205019.27037452036,interactive_short,True,32
exact_bucket_wait,80,188787.22094703364,208294.82182649206,212760.1368793706,23972.915932336968,19507.60087945842,208787.22094703364,interactive_short,True,32
exact_bucket_wait,81,191331.39780426107,208294.82182649206,212760.1368793706,21428.739075109537,16963.42402223099,211331.39780426107,interactive_short,True,32
exact_bucket_wait,82,192045.66867047417,208294.82182649206,212760.1368793706,20714.468208896433,16249.153156017885,212045.66867047417,interactive_short,True,32
exact_bucket_wait,83,192785.72366443145,192830.36212713466,221612.3216252015,28826.597960770043,44.63846270320937,292785.7236644315,interactive_long,False,256
exact_bucket_wait,84,193835.54878730024,208294.82182649206,212760.1368793706,18924.588092070364,14459.273039191816,213835.54878730024,interactive_short,False,32
exact_bucket_wait,85,194865.21737300162,208294.82182649206,212760.1368793706,17894.919506368984,13429.604453490436,214865.21737300162,interactive_short,False,32
exact_bucket_wait,86,195566.19192016678,195639.90896509038,225125.1573537154,29558.965433548612,73.71704492360004,295566.1919201668,interactive_long,False,256
exact_bucket_wait,87,195838.49080862475,208294.82182649206,212760.1368793706,16921.64607074586,12456.331017867313,215838.49080862475,interactive_short,False,32
exact_bucket_wait,88,196929.48483398094,208294.82182649206,212760.1368793706,15830.652045389666,11365.336992511118,216929.48483398094,interactive_short,False,32
exact_bucket_wait,89,202568.46551219074,208294.82182649206,212760.1368793706,10191.671367179864,5726.356314301316,222568.46551219074,interactive_short,False,32
exact_bucket_wait,90,204830.64109467145,208294.82182649206,212760.1368793706,7929.49578469916,3464.180731820612,224830.64109467145,interactive_short,False,32
exact_bucket_wait,91,209492.72434268222,209515.2163384748,226040.45323770266,16547.72889502044,22.491995792574016,229492.72434268222,interactive_short,False,32
exact_bucket_wait,92,211404.4249104831,212760.1368793706,239537.35610812006,28132.931197636964,1355.71196888751,311404.42491048307,interactive_long,False,256
exact_bucket_wait,93,212120.4905687086,212126.2097300908,242318.47696750634,30197.986398797744,5.7191613822069485,232120.4905687086,interactive_short,True,32
exact_bucket_wait,94,213708.3589683187,225125.1573537154,243009.36593889073,29301.006970572023,11416.798385396687,233708.3589683187,interactive_short,True,32
exact_bucket_wait,95,213709.17101254492,225125.1573537154,243009.36593889073,29300.19492634581,11415.986341170472,233709.17101254492,interactive_short,True,32
exact_bucket_wait,96,214385.4767159057,214436.82181037852,245568.71768395085,31183.24096804514,51.34509447281016,314385.4767159057,interactive_long,False,256
exact_bucket_wait,97,215509.3221345372,225125.1573537154,243009.36593889073,27500.04380435354,9615.835219178203,235509.3221345372,interactive_short,True,32
exact_bucket_wait,98,217244.25080076285,217246.36864833423,249784.12055816752,32539.869757404667,2.117847571382299,317244.25080076285,interactive_long,False,256
exact_bucket_wait,99,219370.96672305348,219504.62018809316,252142.73883302684,32771.77210997336,133.65346503967885,319370.9667230535,interactive_long,False,256
exact_bucket_wait,100,220621.8996391037,225125.1573537154,243009.36593889073,22387.46629978702,4503.257714611682,240621.8996391037,interactive_short,True,32
exact_bucket_wait,101,221789.26511169868,225125.1573537154,243009.36593889073,21220.100827192044,3335.8922420167073,241789.26511169868,interactive_short,True,32
exact_bucket_wait,102,222270.10243516884,225125.1573537154,243009.36593889073,20739.263503721886,2855.0549185465497,242270.10243516884,interactive_short,True,32
exact_bucket_wait,103,223551.9186087876,225125.1573537154,243009.36593889073,19457.44733010314,1573.238744927803,243551.9186087876,interactive_short,False,32
exact_bucket_wait,104,228180.84585377428,239537.35610812006,253308.06349674004,25127.217642965756,11356.510254345776,248180.84585377428,interactive_short,True,32
exact_bucket_wait,105,231360.35918512376,239537.35610812006,253308.06349674004,21947.704311616282,8176.996922996303,251360.35918512376,interactive_short,True,32
exact_bucket_wait,106,231732.27485609736,239537.35610812006,253308.06349674004,21575.788640642684,7805.081252022705,251732.27485609736,interactive_short,True,32
exact_bucket_wait,107,231909.49041917422,239537.35610812006,253308.06349674004,21398.573077565816,7627.865688945836,251909.49041917422,interactive_short,True,32
exact_bucket_wait,108,233358.5680228021,239537.35610812006,253308.06349674004,19949.495473937946,6178.788085317967,253358.5680228021,interactive_short,False,32
exact_bucket_wait,109,235363.03259872267,235472.503336554,281462.9584299711,46099.92583124846,109.47073783131782,335363.03259872267,interactive_long,False,256
exact_bucket_wait,110,236179.5353372144,236225.25384980696,283238.51452086435,47058.979183649964,45.71851259257528,336179.53533721436,interactive_long,False,256
exact_bucket_wait,111,239591.69139954826,239613.470994798,283332.19438139105,43740.50298184279,21.77959524973994,259591.69139954826,interactive_short,True,32
exact_bucket_wait,112,242373.40601094568,242394.59185418428,286517.3096392987,44143.90362835303,21.18584323860705,262373.4060109457,interactive_short,True,32
exact_bucket_wait,113,244607.74689604086,252142.73883302684,287219.9085932489,42612.16169720807,7534.991936985985,264607.74689604086,interactive_short,True,32
exact_bucket_wait,114,245116.60429665423,245267.61747864966,298070.5291487075,52953.924852053286,151.01318199542584,345116.60429665423,interactive_long,False,256
exact_bucket_wait,115,245560.71741308132,245568.71768395085,298563.73917395563,53003.02176087431,8.000270869524684,345560.7174130813,interactive_long,False,256
exact_bucket_wait,116,245610.1746843997,252142.73883302684,287219.9085932489,41609.733908849215,6532.564148627134,265610.17468439974,interactive_short,True,32
exact_bucket_wait,117,246171.83268557416,252142.73883302684,287219.9085932489,41048.07590767476,5970.9061474526825,266171.8326855742,interactive_short,True,32
exact_bucket_wait,118,247461.06619236048,252142.73883302684,287219.9085932489,39758.84240088845,4681.672640666366,267461.0661923605,interactive_short,True,32
exact_bucket_wait,119,251251.8118115288,252142.73883302684,287219.9085932489,35968.096781720116,890.9270214980352,271251.8118115288,interactive_short,True,32
exact_bucket_wait,120,251403.04467762125,251540.53842242446,308921.1497041661,57518.10502654486,137.4937448032142,351403.0446776212,interactive_long,False,256
exact_bucket_wait,121,252473.421380079,252508.85718662167,309342.70907653624,56869.287696457235,35.43580654266407,272473.421380079,interactive_short,True,32
exact_bucket_wait,122,254460.65811645883,254562.647685495,312449.9322355994,57989.27411914055,101.98956903617363,354460.6581164588,interactive_long,False,256
exact_bucket_wait,123,254893.08147302043,283238.51452086435,313433.5707711297,58540.489298109256,28345.433047843922,274893.08147302043,interactive_short,True,32
exact_bucket_wait,124,257276.86858247902,283238.51452086435,313433.5707711297,56156.70218865067,25961.645938385336,277276.868582479,interactive_short,True,32
exact_bucket_wait,125,258640.7971443583,283238.51452086435,313433.5707711297,54792.77362677138,24597.717376506043,278640.7971443583,interactive_short,True,32
exact_bucket_wait,126,259200.18378525076,283238.51452086435,313433.5707711297,54233.386985878926,24038.330735613592,279200.18378525076,interactive_short,True,32
exact_bucket_wait,127,261334.74833081558,261487.9524074224,322853.88225336873,61519.133922553156,153.2040766068094,361334.7483308156,interactive_long,False,256
exact_bucket_wait,128,261345.86882622488,261487.9524074224,322853.88225336873,61508.01342714386,142.0835811975121,361345.8688262249,interactive_long,False,256
exact_bucket_wait,129,264126.1882832452,264249.9285488118,325270.6113770845,61144.423093839316,123.74026556662284,364126.1882832452,interactive_long,False,256
exact_bucket_wait,130,267065.94190347125,283238.51452086435,313433.5707711297,46367.62886765844,16172.572617393103,287065.94190347125,interactive_short,True,32
exact_bucket_wait,131,267291.35520539456,283238.51452086435,313433.5707711297,46142.215565735125,15947.159315469791,287291.35520539456,interactive_short,True,32
exact_bucket_wait,132,268398.6342470887,268688.8187760449,328281.6134300964,59882.97918300773,290.18452895618975,368398.6342470887,interactive_long,False,256
exact_bucket_wait,133,268785.528719743,269182.028801293,328532.5302678474,59747.001548104396,396.5000815499807,368785.528719743,interactive_long,False,256
exact_bucket_wait,134,275124.0836601808,283238.51452086435,313433.5707711297,38309.48711094889,8114.430860683555,295124.0836601808,interactive_short,True,32
exact_bucket_wait,135,276583.5306883647,283238.51452086435,313433.5707711297,36850.04008276499,6654.983832499653,296583.5306883647,interactive_short,True,32
exact_bucket_wait,136,276686.57708818314,283332.19438139105,328614.50014580827,51927.92305762513,6645.617293207906,296686.57708818314,interactive_short,True,32
exact_bucket_wait,137,277259.80445404275,277319.99421788694,331624.7289007608,54364.92444671807,60.18976384418784,377259.80445404275,interactive_long,False,256
exact_bucket_wait,138,281031.9844971329,281462.9584299711,332798.40835246636,51766.42385533347,430.97393283824204,381031.9844971329,interactive_long,False,256
exact_bucket_wait,139,282251.2951702571,286517.3096392987,335983.523610374,53732.228440116916,4266.0144690416055,302251.2951702571,interactive_short,True,32
exact_bucket_wait,140,285484.3874195229,308921.1497041661,336686.12256432424,51201.73514480132,23436.76228464319,305484.3874195229,interactive_short,True,32
exact_bucket_wait,141,287687.0858763872,308921.1497041661,336686.12256432424,48999.03668793704,21234.06382777891,307687.0858763872,interactive_short,True,32
exact_bucket_wait,142,296514.93849096954,308921.1497041661,336686.12256432424,40171.1840733547,12406.21121319657,316514.93849096954,interactive_short,True,32
exact_bucket_wait,143,298324.9098344262,298563.73917395563,339368.8184539369,41043.90861951071,238.82933952944586,398324.9098344262,interactive_long,False,256
exact_bucket_wait,144,304317.9593471235,308921.1497041661,336686.12256432424,32368.163217200723,4603.190357042593,324317.9593471235,interactive_short,True,32
exact_bucket_wait,145,308758.6046021605,308921.1497041661,336686.12256432424,27927.51796216372,162.54510200559162,328758.6046021605,interactive_short,True,32
exact_bucket_wait,146,310655.46979909524,312449.9322355994,339790.377826307,29134.908027211786,1794.4624365041382,330655.46979909524,interactive_short,True,32
exact_bucket_wait,147,313196.2218718601,328532.5302678474,340712.5389533667,27516.317081506597,15336.308395987318,333196.2218718601,interactive_short,True,32
exact_bucket_wait,148,314601.7208017273,328532.5302678474,340712.5389533667,26110.818151639367,13930.809466120088,334601.7208017273,interactive_short,True,32
exact_bucket_wait,149,318152.3418345306,328532.5302678474,340712.5389533667,22560.197118836106,10380.188433316827,338152.3418345306,interactive_short,True,32
exact_bucket_wait,150,319739.9215228538,319746.6590943056,348034.06315210124,28294.14162924746,6.737571451812983,419739.9215228538,interactive_long,False,256
exact_bucket_wait,151,324290.01903144224,328532.5302678474,340712.5389533667,16422.519921924453,4242.511236405175,344290.01903144224,interactive_short,False,32
exact_bucket_wait,152,327012.4846522204,328532.5302678474,340712.5389533667,13700.054301146301,1520.045615627023,347012.4846522204,interactive_short,False,32
exact_bucket_wait,153,328299.95882871764,328532.5302678474,340712.5389533667,12412.580124649045,232.57143912976608,348299.95882871764,interactive_short,False,32
exact_bucket_wait,154,328899.98520282906,332798.40835246636,348116.0330300621,19216.047827233037,3898.423149637296,348899.98520282906,interactive_short,False,32
exact_bucket_wait,155,329468.00215959235,332798.40835246636,348116.0330300621,18648.030870469753,3330.406192874012,349468.00215959235,interactive_short,False,32
exact_bucket_wait,156,331498.3546530178,332798.40835246636,348116.0330300621,16617.67837704427,1300.05369944853,351498.3546530178,interactive_short,False,32
exact_bucket_wait,157,334401.6311719936,335983.523610374,350782.86388097494,16381.232708981319,1581.892438380397,354401.6311719936,interactive_short,False,32
exact_bucket_wait,158,335874.9927551598,339368.8184539369,351393.0611369659,15518.068381806079,3493.825698777102,355874.9927551598,interactive_short,False,32
exact_bucket_wait,159,337845.99806512165,339368.8184539369,351393.0611369659,13547.063071844226,1522.8203888152493,357845.99806512165,interactive_short,False,32
exact_bucket_wait,160,338488.05513029825,339368.8184539369,351393.0611369659,12905.006006667623,880.7633236386464,358488.05513029825,interactive_short,False,32
exact_bucket_wait,161,338649.35484757664,339368.8184539369,351393.0611369659,12743.706289389229,719.463606360252,358649.35484757664,interactive_short,False,32
exact_bucket_wait,162,339322.3381436127,339368.8184539369,351393.0611369659,12070.722993353149,46.480310324172024,359322.3381436127,interactive_short,False,32
exact_bucket_wait,163,339956.4640854367,340712.5389533667,368857.9417418274,28901.477656390693,756.0748679299722,439956.4640854367,interactive_long,False,256
exact_bucket_wait,164,340726.9350188946,340824.3179487672,369058.62365882425,28331.688639929635,97.38292987260502,440726.9350188946,interactive_long,False,256
exact_bucket_wait,165,342280.6545444606,348034.06315210124,370223.766924125,27943.11237966444,5753.408607640653,362280.6545444606,interactive_short,True,32
exact_bucket_wait,166,342578.52264161,348034.06315210124,370223.766924125,27645.24428251502,5455.540510491235,362578.52264161,interactive_short,True,32
exact_bucket_wait,167,343104.5314275153,348034.06315210124,370223.766924125,27119.235496609705,4929.531724585919,363104.5314275153,interactive_short,True,32
exact_bucket_wait,168,345472.54378428264,348034.06315210124,370223.766924125,24751.22313984239,2561.519367818604,365472.54378428264,interactive_short,True,32
exact_bucket_wait,169,347923.74814603163,348034.06315210124,370223.766924125,22300.018778093392,110.31500606960617,367923.74814603163,interactive_short,True,32
exact_bucket_wait,170,348056.51680808194,351393.0611369659,378853.089354989,30796.57254690706,3336.5443288839306,448056.51680808194,interactive_long,False,256
exact_bucket_wait,171,349103.6610731932,349122.85850244766,380032.8040499048,30929.14297671162,19.197429254476447,369103.6610731932,interactive_short,True,32
exact_bucket_wait,172,350668.1037808773,350668.691550958,381449.8176777067,30781.713896829402,0.5877700807177462,370668.1037808773,interactive_short,True,32
exact_bucket_wait,173,351743.0393517153,351896.06661626825,381952.8231570091,30209.783805293788,153.0272645529476,451743.0393517153,interactive_long,False,256
exact_bucket_wait,174,352206.4858290961,352297.4304502619,382176.38114781014,29969.89531871403,90.9446211658069,452206.4858290961,interactive_long,False,256
exact_bucket_wait,175,353296.4351300922,369058.62365882425,382786.5784038018,29490.143273709575,15762.188528732047,373296.4351300922,interactive_short,True,32
exact_bucket_wait,176,358000.79433636187,369058.62365882425,382786.5784038018,24785.784067439905,11057.829322462378,378000.79433636187,interactive_short,True,32
exact_bucket_wait,177,359755.3162093097,369058.62365882425,382786.5784038018,23031.262194492097,9303.30744951457,379755.3162093097,interactive_short,True,32
exact_bucket_wait,178,362133.63557731314,369058.62365882425,382786.5784038018,20652.942826488637,6924.98808151111,382133.63557731314,interactive_short,True,32
exact_bucket_wait,179,366019.71258193307,369058.62365882425,382786.5784038018,16766.865821868705,3038.911076891178,386019.71258193307,interactive_short,False,32
exact_bucket_wait,180,368921.118746171,369058.62365882425,382786.5784038018,13865.459657630767,137.50491265323944,388921.118746171,interactive_short,False,32
exact_bucket_wait,181,369878.4198514725,369895.8874122816,384165.29070131213,14286.870849839645,17.467560809105635,389878.4198514725,interactive_short,False,32
exact_bucket_wait,182,369890.2469196961,370223.766924125,391654.4833931475,21764.23647345137,333.52000442892313,469890.2469196961,interactive_long,False,256
exact_bucket_wait,183,370757.2317872697,378853.089354989,391878.22238701093,21120.990599741228,8095.8575677193,390757.2317872697,interactive_short,True,32
exact_bucket_wait,184,373557.81654337514,378853.089354989,391878.22238701093,18320.40584363579,5295.2728116138605,393557.81654337514,interactive_short,False,32
exact_bucket_wait,185,377398.56579818815,378853.089354989,391878.22238701093,14479.656588822778,1454.5235568008502,397398.56579818815,interactive_short,False,32
exact_bucket_wait,186,383532.1777781886,384165.29070131213,398149.3821883695,14617.204410180915,633.1129231235245,483532.1777781886,interactive_long,False,256
exact_bucket_wait,187,384618.2600858557,391654.4833931475,401413.937507921,16795.677422065288,7036.223307291744,404618.2600858557,interactive_short,False,32
exact_bucket_wait,188,387371.07226095744,391654.4833931475,401413.937507921,14042.86524696357,4283.411132190027,407371.07226095744,interactive_short,False,32
exact_bucket_wait,189,388950.97137005127,391654.4833931475,401413.937507921,12462.96613786975,2703.5120230962057,408950.97137005127,interactive_short,False,32
exact_bucket_wait,190,390799.8822599886,391654.4833931475,401413.937507921,10614.05524793244,854.6011331588961,410799.8822599886,interactive_short,False,32
exact_bucket_wait,191,391298.18672327726,391654.4833931475,401413.937507921,10115.750784643751,356.29666987020755,411298.18672327726,interactive_short,False,32
exact_bucket_wait,192,391793.62700326595,391817.20266141184,401789.94995269657,9996.322949430614,23.575658145884518,411793.62700326595,interactive_short,False,32
exact_bucket_wait,193,392938.4474975708,392964.3976259574,442726.38204829034,49787.93455071951,25.950128386553843,492938.4474975708,interactive_long,False,256
exact_bucket_wait,194,392997.3562420502,398149.3821883695,442820.06190881704,49822.70566676685,5152.025946319336,412997.3562420502,interactive_short,True,32
exact_bucket_wait,195,393816.6927309916,393858.6295891616,447160.3101310005,53343.617400008894,41.936858170025516,493816.6927309916,interactive_long,False,256
exact_bucket_wait,196,396090.205256994,398149.3821883695,442820.06190881704,46729.85665182304,2059.1769313755212,416090.205256994,interactive_short,True,32
exact_bucket_wait,197,397126.29741134576,398149.3821883695,442820.06190881704,45693.764497471275,1023.0847770237597,417126.29741134576,interactive_short,True,32
exact_bucket_wait,198,397487.0516630854,397547.336437379,458010.93068645906,60523.87902337365,60.284774293599185,497487.0516630854,interactive_long,False,256
exact_bucket_wait,199,398746.9838833903,401789.94995269657,459589.20276725304,60842.21888386272,3042.966069306247,498746.9838833903,interactive_long,False,256
exact_bucket_wait,200,399020.0620997148,401789.94995269657,459589.20276725304,60569.14066753822,2769.887852981745,499020.0620997148,interactive_long,False,256
exact_bucket_wait,201,400967.14431063854,401789.94995269657,459589.20276725304,58622.0584566145,822.8056420580251,500967.14431063854,interactive_long,False,256
exact_bucket_wait,202,401021.8177473623,401789.94995269657,459589.20276725304,58567.38501989073,768.1322053342592,501021.8177473623,interactive_long,False,256
exact_bucket_wait,203,402023.63518691156,442726.38204829034,464882.11488701135,62858.47970009979,40702.74686137878,422023.63518691156,interactive_short,True,32
exact_bucket_wait,204,403685.6601542116,442726.38204829034,464882.11488701135,61196.45473279973,39040.72189407871,423685.6601542116,interactive_short,True,32
exact_bucket_wait,205,403740.6123148993,442726.38204829034,464882.11488701135,61141.50257211208,38985.76973339106,423740.6123148993,interactive_short,True,32
exact_bucket_wait,206,405799.249268688,442726.38204829034,464882.11488701135,59082.865618323325,36927.13277960231,425799.249268688,interactive_short,True,32
exact_bucket_wait,207,406090.9187785812,442726.38204829034,464882.11488701135,58791.19610843016,36635.463269709144,426090.9187785812,interactive_short,True,32
exact_bucket_wait,208,407329.59150444844,442726.38204829034,464882.11488701135,57552.52338256291,35396.7905438419,427329.59150444844,interactive_short,True,32
exact_bucket_wait,209,407432.77741140727,407659.14925314917,471047.2402026128,63614.46279120556,226.37184174190043,507432.77741140727,interactive_long,False,256
exact_bucket_wait,210,408385.96033972333,442726.38204829034,464882.11488701135,56496.154547288024,34340.42170856701,428385.96033972333,interactive_short,True,32
exact_bucket_wait,211,408861.612680962,409237.42133394314,472428.22827330756,63566.61559234554,375.8086529811262,508861.612680962,interactive_long,False,256
exact_bucket_wait,212,409653.17439997237,442726.38204829034,464882.11488701135,55228.940487038984,33073.20764831797,429653.17439997237,interactive_short,True,32
exact_bucket_wait,213,412517.6810202103,442726.38204829034,464882.11488701135,52364.43386680103,30208.701028080017,432517.6810202103,interactive_short,True,32
exact_bucket_wait,214,413470.93594697193,413676.3115611762,475439.23032631946,61968.29437934753,205.37561420426937,513470.93594697193,interactive_long,False,256
exact_bucket_wait,215,416259.6682363913,416635.5717126649,476944.7313528254,60685.06311643409,375.9034762735828,516259.6682363913,interactive_long,False,256
exact_bucket_wait,216,419826.34967140463,442726.38204829034,464882.11488701135,45055.76521560672,22900.032376885705,439826.34967140463,interactive_short,True,32
exact_bucket_wait,217,420407.7804260369,442726.38204829034,464882.11488701135,44474.33446097444,22318.601622253424,440407.7804260369,interactive_short,True,32
exact_bucket_wait,218,420578.6919272703,442726.38204829034,464882.11488701135,44303.42295974103,22147.690121020016,440578.6919272703,interactive_short,True,32
exact_bucket_wait,219,420617.8391398993,442726.38204829034,464882.11488701135,44264.27574711206,22108.542908391042,440617.8391398993,interactive_short,True,32
exact_bucket_wait,220,422168.3724339736,422603.41301816714,479152.2324397906,56983.86000581703,435.0405841935426,522168.3724339736,interactive_long,False,256
exact_bucket_wait,221,440752.0918054324,459589.20276725304,479245.9123003173,38493.820494884916,18837.11096182064,460752.0918054324,interactive_short,True,32
exact_bucket_wait,222,441613.5356220168,459589.20276725304,479245.9123003173,37632.3766783005,17975.66714523622,461613.5356220168,interactive_short,True,32
exact_bucket_wait,223,443714.0034305528,459589.20276725304,479245.9123003173,35531.908869764535,15875.199336700258,463714.0034305528,interactive_short,True,32
exact_bucket_wait,224,446753.4999690595,479152.2324397906,484237.2923690053,37483.79239994584,32398.732470731135,466753.4999690595,interactive_short,True,32
exact_bucket_wait,225,448863.1960369516,479152.2324397906,484237.2923690053,35374.09633205371,30289.036402839003,468863.1960369516,interactive_short,True,32
exact_bucket_wait,226,451669.94039025676,479152.2324397906,484237.2923690053,32567.35197874857,27482.292049533862,471669.94039025676,interactive_short,True,32
exact_bucket_wait,227,457645.9342362347,458010.93068645906,497080.9350568029,39435.00082056818,364.99645022436744,557645.9342362348,interactive_long,False,256
exact_bucket_wait,228,458090.6236830654,479152.2324397906,484237.2923690053,26146.66868593992,21061.60875672521,478090.6236830654,interactive_short,True,32
exact_bucket_wait,229,458131.8047936588,458504.1407117072,497248.60354990367,39116.79875624488,372.3359180483967,558131.8047936588,interactive_long,False,256
exact_bucket_wait,230,458462.45604231907,479152.2324397906,484237.2923690053,25774.836326686258,20689.77639747155,478462.45604231907,interactive_short,True,32
exact_bucket_wait,231,458732.3115762346,479152.2324397906,484237.2923690053,25504.980792770744,20419.920863556035,478732.3115762346,interactive_short,True,32
exact_bucket_wait,232,460946.3597819217,479152.2324397906,484237.2923690053,23290.932587083604,18205.872657868895,480946.3597819217,interactive_short,True,32
exact_bucket_wait,233,462606.4463256239,479152.2324397906,484237.2923690053,21630.846043381433,16545.786114166724,482606.4463256239,interactive_short,True,32
exact_bucket_wait,234,463098.1567163349,479152.2324397906,484237.2923690053,21139.135652670404,16054.075723455695,483098.1567163349,interactive_short,True,32
exact_bucket_wait,235,465502.5386434709,479152.2324397906,484237.2923690053,18734.75372553442,13649.693796319712,485502.5386434709,interactive_short,False,32
exact_bucket_wait,236,468415.09779329854,468679.83208142186,498701.7304901105,30286.632696811983,264.73428812331986,568415.0977932985,interactive_long,False,256
exact_bucket_wait,237,468782.43666693376,479152.2324397906,484237.2923690053,15454.855702071567,10369.795772856858,488782.43666693376,interactive_short,False,32
exact_bucket_wait,238,470651.5879088133,479152.2324397906,484237.2923690053,13585.704460192006,8500.644530977297,490651.5879088133,interactive_short,False,32
exact_bucket_wait,239,473407.65031493455,479152.2324397906,484237.2923690053,10829.642054070777,5744.582124856068,493407.65031493455,interactive_short,False,32
exact_bucket_wait,240,473650.9302034876,479245.9123003173,498769.5301852207,25118.599981733132,5594.982096829743,493650.9302034876,interactive_short,True,32
exact_bucket_wait,241,477072.7773636534,479245.9123003173,498769.5301852207,21696.752821567294,2173.134936663904,497072.7773636534,interactive_short,True,32
exact_bucket_wait,242,483761.6992826147,483768.89306637185,501579.8275475364,17818.128264921717,7.193783757160418,503761.6992826147,interactive_short,False,32
exact_bucket_wait,243,483990.498999464,484237.2923690053,506274.54535435856,22284.046354894585,246.79336954135215,583990.498999464,interactive_long,False,256
exact_bucket_wait,244,484042.5267418703,498701.7304901105,506579.643982354,22537.117240483756,14659.203748240252,504042.5267418703,interactive_short,True,32
exact_bucket_wait,245,484790.3353382794,498701.7304901105,506579.643982354,21789.308644074656,13911.395151831151,504790.3353382794,interactive_short,True,32
exact_bucket_wait,246,487052.69278963906,498701.7304901105,506579.643982354,19526.951192714972,11649.037700471468,507052.69278963906,interactive_short,False,32
exact_bucket_wait,247,493401.1114832305,498701.7304901105,506579.643982354,13178.53249912354,5300.619006880035,513401.1114832305,interactive_short,False,32
exact_bucket_wait,248,494411.64184506255,498701.7304901105,506579.643982354,12168.002137291478,4290.088645047974,514411.64184506255,interactive_short,False,32
exact_bucket_wait,249,496922.27723848145,498701.7304901105,506579.643982354,9657.366743872582,1779.4532516290783,516922.27723848145,interactive_short,False,32
exact_bucket_wait,250,497080.35602946056,498701.7304901105,506579.643982354,9499.287952893472,1621.3744606499677,517080.35602946056,interactive_short,False,32
exact_bucket_wait,251,499426.68989969784,501579.8275475364,518707.66498331126,19280.97508361342,2153.1376478385646,599426.6898996979,interactive_long,False,256
exact_bucket_wait,252,501400.34374918457,501427.2782335387,526323.749913937,24923.406164752378,26.934484354103915,521400.34374918457,interactive_short,True,32
exact_bucket_wait,253,501615.2943729255,506274.54535435856,526793.7654699064,25178.47109698091,4659.250981433084,521615.2943729255,interactive_short,True,32
exact_bucket_wait,254,504576.33641678223,504597.86042335065,534917.4344578608,30341.09804107854,21.52400656841928,604576.3364167822,interactive_long,False,256
exact_bucket_wait,255,508374.4900678,508479.886904163,543047.1400009929,34672.64993319294,105.39683636301197,608374.4900678,interactive_long,False,256
exact_bucket_wait,256,510209.1306652767,518707.66498331126,543352.2386289884,33143.10796371166,8498.534318034537,530209.1306652767,interactive_short,True,32
exact_bucket_wait,257,510467.1967220508,518707.66498331126,543352.2386289884,32885.04190693761,8240.468261260481,530467.1967220508,interactive_short,True,32
exact_bucket_wait,258,518718.1678001482,518770.3337241072,543375.968522277,24657.80072212877,52.16592395899352,538718.1678001483,interactive_short,True,32
exact_bucket_wait,259,521770.52560869,526793.7654699064,562326.808013926,40556.28240523604,5023.239861216396,621770.52560869,interactive_long,False,256
exact_bucket_wait,260,522623.5060952592,526793.7654699064,562326.808013926,39703.30191866681,4170.259374647168,622623.5060952592,interactive_long,False,256
exact_bucket_wait,261,523742.0608319924,526793.7654699064,562326.808013926,38584.747181933606,3051.7046379139647,623742.0608319924,interactive_long,False,256
exact_bucket_wait,262,524667.9448782488,524723.86409972,565076.0856506451,40408.14077239623,55.91922147118021,544667.9448782488,interactive_short,True,32
exact_bucket_wait,263,526078.2256618903,526133.9107676283,565635.4331353046,39557.20747341425,55.68510573799722,546078.2256618903,interactive_short,True,32
exact_bucket_wait,264,526912.9908668387,527044.6823076573,565836.1150523014,38923.124185462715,131.6914408185985,626912.9908668387,interactive_long,False,256
exact_bucket_wait,265,530701.5805189821,543047.1400009929,566283.5930400287,35582.01252104656,12345.55948201078,550701.5805189821,interactive_short,True,32
exact_bucket_wait,266,534157.2456176562,543047.1400009929,566283.5930400287,32126.34742237255,8889.894383336767,554157.2456176562,interactive_short,True,32
exact_bucket_wait,267,534380.3132819388,534572.1874401871,570475.3053675485,36094.9920856097,191.87415824830532,634380.3132819388,interactive_long,False,256
exact_bucket_wait,268,540857.8361210944,543047.1400009929,566283.5930400287,25425.75691893429,2189.303879898507,560857.8361210944,interactive_short,True,32
exact_bucket_wait,269,542876.7606051796,543047.1400009929,566283.5930400287,23406.832434849115,170.37939581333194,562876.7606051796,interactive_short,True,32
exact_bucket_wait,270,546405.5237133533,546637.8874130391,575058.2441789701,28652.72046561679,232.3636996857822,646405.5237133533,interactive_long,False,256
exact_bucket_wait,271,548862.7969466735,562326.808013926,575468.4323343871,26605.635387713555,13464.01106725249,568862.7969466735,interactive_short,True,32
exact_bucket_wait,272,550006.3811932743,562326.808013926,575468.4323343871,25462.05114111281,12320.426820651744,570006.3811932743,interactive_short,True,32
exact_bucket_wait,273,552653.3606579853,552659.8915190629,576916.6659863157,24263.305328330374,6.530861077597365,652653.3606579853,interactive_long,False,256
exact_bucket_wait,274,559385.4303205531,562326.808013926,575468.4323343871,16083.00201383396,2941.377693372895,579385.4303205531,interactive_short,False,32
exact_bucket_wait,275,560015.0775665006,562326.808013926,575468.4323343871,15453.354767886456,2311.7304474253906,580015.0775665006,interactive_short,False,32
exact_bucket_wait,276,563317.6736536679,563343.8034405787,577628.562784973,14310.88913130504,26.129786910838448,583317.6736536679,interactive_short,False,32
exact_bucket_wait,277,564862.8030823345,564872.6865653148,578987.670808844,14124.867726509576,9.883482980309054,584862.8030823345,interactive_short,False,32
exact_bucket_wait,278,566184.1533976971,566209.0133754074,579723.2975007899,13539.144103092724,24.859977710293606,586184.1533976971,interactive_short,False,32
exact_bucket_wait,279,567328.0471315094,575058.2441789701,579911.3037231776,12583.256591668236,7730.197047460708,587328.0471315094,interactive_short,False,32
exact_bucket_wait,280,569954.3298416642,575058.2441789701,579911.3037231776,9956.973881513462,5103.914337305934,589954.3298416642,interactive_short,False,32
exact_bucket_wait,281,570579.3603688445,575058.2441789701,579911.3037231776,9331.943354333169,4478.883810125641,590579.3603688445,interactive_short,False,32
exact_bucket_wait,282,574396.5739147417,575058.2441789701,579911.3037231776,5514.729808435892,661.6702642283635,594396.5739147417,interactive_short,False,32
exact_bucket_wait,283,577949.1063649838,578004.5752297485,581357.3965118339,3408.2901468500495,55.46886476466898,597949.1063649838,interactive_short,False,32
exact_bucket_wait,284,578130.4068491043,578146.95458948,581529.1136582338,3398.7068091294495,16.547740375623107,598130.4068491043,interactive_short,False,32
exact_bucket_wait,285,582398.3067883528,584398.3067883528,600382.7031306282,17984.39634227543,2000.0,682398.3067883528,interactive_long,False,256
exact_bucket_wait,286,582957.3733546018,584398.3067883528,600382.7031306282,17425.329776026425,1440.9334337509936,682957.3733546018,interactive_long,False,256
exact_bucket_wait,287,584207.2608711326,600382.7031306282,604138.8062397308,19931.545368598192,16175.442259495612,604207.2608711326,interactive_short,False,32
exact_bucket_wait,288,586092.1797219864,600382.7031306282,604138.8062397308,18046.626517744386,14290.523408641806,606092.1797219864,interactive_short,False,32
exact_bucket_wait,289,587044.9936691284,600382.7031306282,604138.8062397308,17093.8125706024,13337.70946149982,607044.9936691284,interactive_short,False,32
exact_bucket_wait,290,587103.2334616845,600382.7031306282,604138.8062397308,17035.572778046248,13279.469668943668,607103.2334616845,interactive_short,False,32
exact_bucket_wait,291,590910.2184382996,590993.2675169839,610733.7669683619,19823.54853006231,83.04907868430018,690910.2184382996,interactive_long,False,256
exact_bucket_wait,292,591311.612814089,600382.7031306282,604138.8062397308,12827.193425641744,9071.090316539165,611311.612814089,interactive_short,False,32
exact_bucket_wait,293,591788.431403746,600382.7031306282,604138.8062397308,12350.374835984781,8594.271726882202,611788.431403746,interactive_short,False,32
exact_bucket_wait,294,594985.7474219035,600382.7031306282,604138.8062397308,9153.05881782726,5396.955708724679,614985.7474219035,interactive_short,False,32
exact_bucket_wait,295,595817.805370963,600382.7031306282,604138.8062397308,8321.00086876785,4564.897759665269,615817.805370963,interactive_short,False,32
exact_bucket_wait,296,600063.67256221,600382.7031306282,604138.8062397308,4075.133677520789,319.03056841820944,620063.67256221,interactive_short,False,32
exact_bucket_wait,297,602479.5254504309,602487.8836637969,612893.145193532,10413.619743101066,8.358213366009295,622479.5254504309,interactive_short,False,32
exact_bucket_wait,298,603126.1952832483,603131.9807673437,613436.9161571317,10310.720873883343,5.785484095336869,623126.1952832483,interactive_short,False,32
exact_bucket_wait,299,603146.6012599512,604138.8062397308,617491.9703825318,14345.369122580509,992.204979779548,703146.6012599512,interactive_long,False,256
split_oldest,0,0.0,0.0,3291.245305998018,3291.245305998018,0.0,20000.0,interactive_short,False,32
split_oldest,1,4685.326635856748,4685.326635856748,8134.444861459181,3449.118225602433,0.0,24685.32663585675,interactive_short,False,32
split_oldest,2,6262.838718290957,6288.020002255783,9737.138227858217,3474.2995095672595,25.181283964825525,26262.838718290957,interactive_short,False,32
split_oldest,3,9861.555492950167,9861.555492950167,17062.489577024273,7200.934084074106,0.0,29861.555492950167,interactive_short,False,32
split_oldest,4,11608.542790353687,11635.966005749098,26048.49605011058,14439.953259756894,27.423215395410807,31608.542790353687,interactive_short,False,32
split_oldest,5,11929.100460691434,11948.919371715776,27555.97213602395,15626.871675332515,19.818911024342015,31929.100460691436,interactive_short,False,32
split_oldest,6,12201.760830234378,12277.930260894384,28438.866358974512,16237.105528740134,76.16943066000567,112201.76083023437,interactive_long,False,256
split_oldest,7,12938.846292477965,12947.408134457684,28814.878803750064,15876.032511272098,8.561841979719247,32938.84629247797,interactive_short,False,32
split_oldest,8,17523.749290794418,17612.5542123942,30759.442692344397,13235.69340154998,88.80492159978166,37523.74929079442,interactive_short,False,32
split_oldest,9,20704.219288184544,20719.403950418375,32921.51424980382,12217.294961619275,15.18466223383075,40704.21928818454,interactive_short,False,32
split_oldest,10,24646.507156003463,24789.589382384467,35334.26077044694,10687.753614443478,143.08222638100415,44646.50715600346,interactive_short,False,32
split_oldest,11,29230.284890772156,29237.89280412256,38499.03218064117,9268.74728986901,7.607913350402669,49230.284890772156,interactive_short,False,32
split_oldest,12,29701.92333515015,29739.24273048996,39172.72114419736,9470.797809047213,37.31939533981131,49701.923335150146,interactive_short,False,32
split_oldest,13,30276.033844297603,30287.594212454307,39721.07262616171,9445.038781864107,11.560368156704499,50276.033844297606,interactive_short,False,32
split_oldest,14,30492.972578722907,30569.60354603597,39909.078848549485,9416.106269826578,76.63096731306359,50492.97257872291,interactive_short,False,32
split_oldest,15,33522.2850675438,33548.20165776307,43296.22476674974,9773.939699205941,25.916590219268983,53522.2850675438,interactive_short,False,32
split_oldest,16,37832.93903158115,37841.01040228395,50331.11542191016,12498.176390329012,8.071370702804415,57832.93903158115,interactive_short,False,32
split_oldest,17,38875.962027478956,38890.7118106157,52220.77581487954,13344.813787400584,14.749783136743645,58875.962027478956,interactive_short,False,32
split_oldest,18,40814.614746337094,40896.11151608531,57054.00776618751,16239.393019850417,81.49676974821341,140814.6147463371,interactive_long,False,256
split_oldest,19,41150.39514152049,41207.349675068486,57292.717141170375,16142.321999649888,56.954533547999745,61150.39514152049,interactive_short,False,32
split_oldest,20,46465.51854974466,46520.382197970845,61767.59363269791,15302.075082953255,54.86364822618634,146465.51854974465,interactive_long,False,256
split_oldest,21,50464.64652766523,50585.96874930788,62989.634078218456,12524.987550553225,121.32222164265113,70464.64652766523,interactive_short,False,32
split_oldest,22,57941.29295752837,57971.31606574528,64648.28691784185,6706.993960313477,30.023108216912078,77941.29295752838,interactive_short,False,32
split_oldest,23,61270.895281049074,61289.94067992442,65564.1116986413,4293.216417592223,19.04539887534338,81270.89528104907,interactive_short,False,32
split_oldest,24,65535.16615037969,65564.1116986413,80243.24651308832,14708.080362708628,28.945548261603108,165535.1661503797,interactive_long,False,256
split_oldest,25,65585.36358234937,65636.52338123773,80305.91525388425,14720.551671534879,51.15979888835864,85585.36358234937,interactive_short,False,32
split_oldest,26,68253.25681341092,68263.33476314446,83961.80182616934,15708.545012758419,10.07794973354612,88253.25681341092,interactive_short,False,32
split_oldest,27,69060.7463946566,69092.99091668925,85122.10270114717,16061.356306490576,32.24452203264809,89060.7463946566,interactive_short,False,32
split_oldest,28,74402.71441442745,74513.58819098803,93937.46922861444,19534.754814186992,110.87377656057652,174402.71441442746,interactive_long,False,256
split_oldest,29,77644.06746322283,77800.97820633798,98088.66312891603,20444.595665693196,156.91074311514967,97644.06746322283,interactive_short,True,32
split_oldest,30,81635.21006518841,81738.87411220474,104757.8011708917,23122.591105703294,103.66404701632564,181635.2100651884,interactive_long,False,256
split_oldest,31,84964.57561606709,85075.10114555023,108990.73632466483,24026.160708597745,110.52552948314406,104964.57561606709,interactive_short,True,32
split_oldest,32,85585.2647166139,85663.10469253929,109810.5696263103,24225.304909696395,77.83997592538071,105585.2647166139,interactive_short,True,32
split_oldest,33,88681.710555966,88885.71726808566,114046.89476483894,25365.184208872946,204.00671211966255,188681.710555966,interactive_long,False,256
split_oldest,34,88910.50326923911,89053.38576118645,114084.18459714952,25173.68132791041,142.8824919473409,108910.50326923911,interactive_short,True,32
split_oldest,35,93024.56098153477,93199.45597132735,116706.40377035039,23681.842788815615,174.8949897925777,113024.56098153477,interactive_short,True,32
split_oldest,36,96936.79057994079,97057.6438969363,119548.79094959669,22612.0003696559,120.85331699550443,196936.79057994077,interactive_long,False,256
split_oldest,37,97439.96335557531,97471.31680913278,119695.78229681427,22255.818941238962,31.353453557472676,117439.96335557531,interactive_short,True,32
split_oldest,38,100831.98873158326,101040.7161580644,121256.55540153179,20424.56666994853,208.72742648114217,200831.98873158326,interactive_long,False,256
split_oldest,39,102065.48441728606,102078.45160403647,121402.3247460186,19336.840328732535,12.967186750407564,122065.48441728606,interactive_short,False,32
split_oldest,40,102793.72061808415,102962.50668860864,121504.02428868382,18710.30367059968,168.7860705244966,122793.72061808415,interactive_short,False,32
split_oldest,41,105966.58478485378,106097.58987561706,121961.67223067724,15995.087445823461,131.00509076328308,125966.58478485378,interactive_short,False,32
split_oldest,42,106483.07855714422,106487.16661790677,122015.91198676536,15532.83342962114,4.088060762544046,126483.07855714422,interactive_short,False,32
split_oldest,43,106530.9764266568,106685.34497380712,122039.64188005391,15508.665453397116,154.36854715032678,126530.9764266568,interactive_short,False,32
split_oldest,44,106960.16133027605,107088.48165511886,122227.64810244169,15267.486772165634,128.32032484280353,126960.16133027605,interactive_short,False,32
split_oldest,45,107755.9349758439,107908.31495676433,122587.99336201826,14832.05838617435,152.37998092042108,127755.9349758439,interactive_short,False,32
split_oldest,46,111751.33283285139,111792.3531853139,124076.37595592148,12325.043123070092,41.020352462510346,131751.3328328514,interactive_short,False,32
split_oldest,47,118567.11856872926,118667.93792235207,126771.13181014627,8204.013241417008,100.81935362280637,138567.11856872926,interactive_short,False,32
split_oldest,48,119221.6976026299,119250.65329417448,126959.13803253404,7737.440429904149,28.955691544586443,139221.6976026299,interactive_short,False,32
split_oldest,49,121273.24896644348,121290.45524908687,127553.74942787073,6280.5004614272475,17.20628264338302,141273.24896644347,interactive_short,False,32
split_oldest,50,122293.82844906364,122305.9840284366,128326.47658667027,6032.648137606622,12.155579372949433,142293.82844906364,interactive_short,False,32
split_oldest,51,130236.27999100173,130236.27999100173,133690.74984099754,3454.469849995803,0.0,150236.27999100173,interactive_short,False,32
split_oldest,52,131772.95154212418,131781.7343086008,135236.2041585966,3463.252616472426,8.782766476622783,151772.95154212418,interactive_short,False,32
split_oldest,53,137374.50461665468,137374.50461665468,149569.45372671654,12194.949110061862,0.0,237374.50461665468,interactive_long,False,256
split_oldest,54,137619.61235432947,137664.1513470404,149757.45994910432,12137.847594774852,44.53899271093542,157619.61235432947,interactive_short,False,32
split_oldest,55,144659.61547534552,144736.3358367893,152105.19570087382,7445.580225528305,76.72036144378944,164659.61547534552,interactive_short,False,32
split_oldest,56,145053.0272684508,145151.1639135617,152230.3770472605,7177.349778809701,98.1366451109061,165053.0272684508,interactive_short,False,32
split_oldest,57,151621.68697230733,151635.18014490439,164376.78972610965,12755.102753802319,13.493172597052762,171621.68697230733,interactive_short,False,32
split_oldest,58,152238.7259482832,152258.99657166048,167295.22530852692,15056.499360243732,20.270623377291486,172238.7259482832,interactive_short,False,32
split_oldest,59,152468.2070170382,152478.06392783715,168658.74390654088,16190.536889502691,9.856910798960598,172468.2070170382,interactive_short,False,32
split_oldest,60,153608.5224910845,153700.1043733577,173784.10557202547,20175.583080940967,91.58188227319624,253608.5224910845,interactive_long,False,256
split_oldest,61,156216.44073635942,156280.19405801498,178337.73572427104,22121.29498791162,63.753321655560285,176216.44073635942,interactive_short,True,32
split_oldest,62,156969.2554851252,157090.67659836911,179704.54649451643,22735.29100939122,121.42111324390862,176969.2554851252,interactive_short,True,32
split_oldest,63,158833.12467464927,158899.64790146516,182652.66765704588,23819.54298239661,66.52322681588703,178833.12467464927,interactive_short,True,32
split_oldest,64,160265.64130798163,160491.3841567719,185443.2047692629,25177.563461281272,225.74284879027982,260265.64130798163,interactive_long,False,256
split_oldest,65,161238.5429869296,161520.29468974398,186633.06351579996,25394.520528870373,281.75170281439205,261238.5429869296,interactive_long,False,256
split_oldest,66,162957.3623497664,162996.32120431817,187695.14497516738,24737.782625400985,38.95885455177631,182957.3623497664,interactive_short,True,32
split_oldest,67,163545.3596597112,163570.51636348618,188299.84999713494,24754.490337423747,25.15670377499191,183545.3596597112,interactive_short,True,32
split_oldest,68,166012.74851501672,166075.64531032514,190913.45845615005,24900.709941133333,62.89679530842113,186012.74851501672,interactive_short,True,32
split_oldest,69,166016.13393510526,166075.64531032514,190913.45845615005,24897.324521044793,59.5113752198813,186016.13393510526,interactive_short,True,32
split_oldest,70,171212.06512667643,171314.59142270306,196967.88163142372,25755.816504747287,102.52629602662637,191212.06512667643,interactive_short,True,32
split_oldest,71,172758.40355763954,172900.01826990594,199474.2169089131,26715.813351273566,141.61471226639696,272758.40355763957,interactive_long,False,256
split_oldest,72,175300.2676131151,175369.53241922834,202370.55771766824,27070.290104553133,69.26480611323495,275300.26761311514,interactive_long,False,256
split_oldest,73,178009.4720451799,178076.03408167505,204671.6004618446,26662.128416664695,66.56203649516101,198009.4720451799,interactive_short,True,32
split_oldest,74,180230.61004395568,180354.05203208403,206728.8598262422,26498.249782286526,123.44198812835384,200230.61004395568,interactive_short,True,32
split_oldest,75,181136.4200486716,181265.25921224762,207551.76357200125,26415.343523329648,128.83916357601993,201136.4200486716,interactive_short,True,32
split_oldest,76,181281.50511497576,181526.9608548436,207927.78037526892,26646.275260293158,245.4557398678444,281281.50511497573,interactive_long,False,256
split_oldest,77,183464.20864479677,183737.69464218203,209035.67187960134,25571.46323480457,273.4859973852581,203464.20864479677,interactive_short,True,32
split_oldest,78,184265.7609896628,184300.54804328317,209333.80953502355,25068.04854536074,34.78705362035544,204265.7609896628,interactive_short,True,32
split_oldest,79,185019.27037452036,185154.99809920133,209777.62603340135,24758.355658880988,135.7277246809681,205019.27037452036,interactive_short,True,32
split_oldest,80,188787.22094703364,188863.87520203646,212540.3938216587,23753.172874625074,76.65425500282436,208787.22094703364,interactive_short,True,32
split_oldest,81,191331.39780426107,191470.70369154055,215314.06227796117,23982.664473700104,139.30588727947907,211331.39780426107,interactive_short,True,32
split_oldest,82,192045.66867047417,192065.23875924165,216038.14748014996,23992.478809675784,19.57008876747568,212045.66867047417,interactive_short,True,32
split_oldest,83,192785.72366443145,192905.41196942012,217190.71639437645,24404.992729944992,119.68830498866737,292785.7236644315,interactive_long,False,256
split_oldest,84,193835.54878730024,194044.42094462455,218146.87980002063,24311.331012720388,208.87215732430923,213835.54878730024,interactive_short,True,32
split_oldest,85,194865.21737300162,194996.3079418542,219085.20685822822,24219.9894852266,131.09056885258178,214865.21737300162,interactive_short,True,32
split_oldest,86,195566.19192016678,197205.85338073113,221782.05409844796,26215.862178281182,1639.6614605643554,295566.1919201668,interactive_long,False,256
split_oldest,87,195838.49080862475,199474.2169089131,223498.7061149325,27660.215306307742,3635.7261002883606,215838.49080862475,interactive_short,True,32
split_oldest,88,196929.48483398094,202370.55771766824,226395.04692368762,29465.562089706684,5441.072883687302,216929.48483398094,interactive_short,True,32
split_oldest,89,202568.46551219074,204839.26895494538,229267.65783915416,26699.192326963414,2270.803442754637,222568.46551219074,interactive_short,True,32
split_oldest,90,204830.64109467145,206896.528319343,231654.15530173932,26823.51420706787,2065.8872246715473,224830.64109467145,interactive_short,True,32
split_oldest,91,209492.72434268222,209591.26737337967,235515.94304674616,26023.21870406394,98.54303069744492,229492.72434268222,interactive_short,True,32
split_oldest,92,211404.4249104831,211525.77214886842,238854.32750656107,27449.90259607797,121.34723838532227,311404.42491048307,interactive_long,False,256
split_oldest,93,212120.4905687086,212298.14566393677,239509.56275921932,27389.07219051072,177.65509522816865,232120.4905687086,interactive_short,True,32
split_oldest,94,213708.3589683187,213715.90401803877,241166.08147376377,27457.72250544507,7.545049720065435,233708.3589683187,interactive_short,True,32
split_oldest,95,213709.17101254492,213715.90401803877,241166.08147376377,27456.910461218853,6.733005493850214,233709.17101254492,interactive_short,True,32
split_oldest,96,214385.4767159057,214589.9770757724,242519.59007100688,28134.113355101174,204.5003598666808,314385.4767159057,interactive_long,False,256
split_oldest,97,215509.3221345372,215514.744194958,243284.35509026176,27775.03295572457,5.422060420823982,235509.3221345372,interactive_short,True,32
split_oldest,98,217244.25080076285,217432.9645520984,245398.98095598444,28154.730155221594,188.71375133554102,317244.25080076285,interactive_long,False,256
split_oldest,99,219370.96672305348,219547.59041782105,247571.2365625508,28200.269839497312,176.6236947675643,319370.9667230535,interactive_long,False,256
split_oldest,100,220621.8996391037,220642.78735722374,248336.00158180567,27714.101942701964,20.88771812003688,240621.8996391037,interactive_short,True,32
split_oldest,101,221789.26511169868,222016.63586299986,249542.8102521203,27753.54514042163,227.37075130117591,241789.26511169868,interactive_short,True,32
split_oldest,102,222270.10243516884,222492.57936161468,250025.53372024617,27755.431285077328,222.47692644584458,242270.10243516884,interactive_short,True,32
split_oldest,103,223551.9186087876,223699.38803192932,251232.3423905608,27680.42378177322,147.46942314173793,243551.9186087876,interactive_short,True,32
split_oldest,104,228180.84585377428,228261.53108583635,255818.21533775644,27637.369483982155,80.68523206206737,248180.84585377428,interactive_short,True,32
split_oldest,105,231360.35918512376,231372.1137506103,259514.66712780268,28154.30794267892,11.754565486538922,251360.35918512376,interactive_short,True,32
split_oldest,106,231732.27485609736,231854.83721873615,260091.0804679258,28358.80561182846,122.56236263879691,251732.27485609736,interactive_short,True,32
split_oldest,107,231909.49041917422,235716.624963743,265400.89794607594,33491.40752690172,3807.1345445687766,251909.49041917422,interactive_short,True,32
split_oldest,108,233358.5680228021,238854.32750656107,269755.8986332076,36397.33061040551,5495.759483758971,253358.5680228021,interactive_short,True,32
split_oldest,109,235363.03259872267,239717.9110693862,271396.9990499339,36033.96645121125,4354.878470663534,335363.03259872267,interactive_long,False,256
split_oldest,110,236179.5353372144,241404.05322307118,273414.4457403649,37234.91040315051,5224.517885856796,336179.53533721436,interactive_long,False,256
split_oldest,111,239591.69139954826,241366.7633907606,273163.5289026139,33571.837503065646,1775.071991212346,259591.69139954826,interactive_short,True,32
split_oldest,112,242373.40601094568,242519.59007100688,274316.3555828602,31942.949571914505,146.18406006120495,262373.4060109457,interactive_short,True,32
split_oldest,113,244607.74689604086,244674.89575379566,277281.1726910165,32673.425794975657,67.1488577548007,264607.74689604086,interactive_short,True,32
split_oldest,114,245116.60429665423,245439.66077305053,278709.5435377374,33592.939241083164,323.0564763963048,345116.60429665423,interactive_long,False,256
split_oldest,115,245560.71741308132,247611.9163796169,281724.5440134439,36163.826600362605,2051.198966535565,345560.7174130813,interactive_long,False,256
split_oldest,116,245610.1746843997,248536.6834988025,282626.4538559392,37016.2791715395,2926.5088144027977,265610.17468439974,interactive_short,True,32
split_oldest,117,246171.83268557416,249743.49216911715,284251.2707526704,38079.43806709626,3571.659483542986,266171.8326855742,interactive_short,True,32
split_oldest,118,247461.06619236048,250226.215637243,284958.6377012444,37497.571508883906,2765.149444882525,267461.0661923605,interactive_short,True,32
split_oldest,119,251251.8118115288,251433.02430755764,286837.42210361053,35585.61029208172,181.21249602883472,271251.8118115288,interactive_short,True,32
split_oldest,120,251403.04467762125,256056.18708706385,294322.04985027557,42919.00517265432,4653.142409442604,351403.0446776212,interactive_long,False,256
split_oldest,121,252473.421380079,259765.58396555367,298375.95033210603,45902.52895202703,7292.162585474667,272473.421380079,interactive_short,True,32
split_oldest,122,254460.65811645883,260375.89715323187,299428.5642983537,44967.906181894854,5915.23903677304,354460.6581164588,interactive_long,False,256
split_oldest,123,254893.08147302043,265701.99815137713,305095.42736825167,50202.345895231236,10808.916678356705,274893.08147302043,interactive_short,True,32
split_oldest,124,257276.86858247902,270056.9988385088,309980.26681440364,52703.39823192463,12780.130256029777,277276.868582479,interactive_short,True,32
split_oldest,125,258640.7971443583,271396.9990499339,311483.29433629656,52842.49719193825,12756.20190557561,278640.7971443583,interactive_short,True,32
split_oldest,126,259200.18378525076,273414.4457403649,314113.59249960916,54913.408714358404,14214.26195511414,279200.18378525076,interactive_short,True,32
split_oldest,127,261334.74833081558,273451.7355726755,314458.83951728285,53124.09118646727,12116.987241859897,361334.7483308156,interactive_long,False,256
split_oldest,128,261345.86882622488,274601.17226816626,315961.86703917576,54615.998212950886,13255.303441941389,361345.8688262249,interactive_long,False,256
split_oldest,129,264126.1882832452,277612.78275911725,318976.8675148823,54850.6792316371,13486.594475872058,364126.1882832452,interactive_long,False,256
split_oldest,130,267065.94190347125,278709.5435377374,319590.570687316,52524.62878384476,11643.601634266146,287065.94190347125,interactive_short,True,32
split_oldest,131,267291.35520539456,281724.5440134439,322184.4307178701,54893.07551247557,14433.188808049366,287291.35520539456,interactive_short,True,32
split_oldest,132,268398.6342470887,282911.2705412453,323588.1742358674,55189.539988778706,14512.636294156604,368398.6342470887,interactive_long,False,256
split_oldest,133,268785.528719743,284582.88082077116,324794.9829061819,56009.454186438874,15797.35210102814,368785.528719743,interactive_long,False,256
split_oldest,134,275124.0836601808,285303.88471891807,325038.7662859606,49914.682625779824,10179.80105873727,295124.0836601808,interactive_short,True,32
split_oldest,135,276583.5306883647,287182.6691212842,326212.56153237907,49629.03084401437,10599.138432919513,296583.5306883647,interactive_short,True,32
split_oldest,136,276686.57708818314,294322.04985027557,330798.43447957415,54111.85739139101,17635.472762092424,296686.57708818314,interactive_short,True,32
split_oldest,137,277259.80445404275,298707.56040020677,334136.8189393887,56877.01448534592,21447.75594616402,377259.80445404275,interactive_long,False,256
split_oldest,138,281031.9844971329,299459.0741611532,334548.2708122682,53516.28631513531,18427.089664020343,381031.9844971329,interactive_long,False,256
split_oldest,139,282251.2951702571,305440.67438592535,336880.714766963,54629.41959670588,23189.379215668247,302251.2951702571,interactive_short,True,32
split_oldest,140,285484.3874195229,310325.5138320773,338866.6459139154,53382.2584943925,24841.12641255441,305484.3874195229,interactive_short,True,32
split_oldest,141,287687.0858763872,311828.54135397024,339477.70165143925,51790.61577505205,24141.455477583047,307687.0858763872,interactive_short,True,32
split_oldest,142,296514.93849096954,314458.83951728285,340547.04919210594,44032.11070113641,17943.90102631331,316514.93849096954,interactive_short,True,32
split_oldest,143,298324.9098344262,314489.3493800824,340658.8281875065,42333.918353080284,16164.439545656205,398324.9098344262,interactive_long,False,256
split_oldest,144,304317.9593471235,315961.86703917576,341051.7129737833,36733.7536266598,11643.90769205225,324317.9593471235,interactive_short,True,32
split_oldest,145,308758.6046021605,318976.8675148823,342098.6300287482,33340.02542658767,10218.26291272178,328758.6046021605,interactive_short,True,32
split_oldest,146,310655.46979909524,319841.487525067,342447.60238040314,31792.132581307902,9186.01772597176,330655.46979909524,interactive_short,True,32
split_oldest,147,313196.2218718601,322435.3475556211,343494.519435368,30298.29756350792,9239.125683761027,333196.2218718601,interactive_short,True,32
split_oldest,148,314601.7208017273,323588.1742358674,344066.20786008774,29464.48705836042,8986.453434140072,334601.7208017273,interactive_short,True,32
split_oldest,149,318152.3418345306,324794.9829061819,345038.9480445863,26886.606210055703,6642.6410716513055,338152.3418345306,interactive_short,True,32
split_oldest,150,319739.9215228538,325247.1145961275,345618.0684105666,25878.14688771282,5507.193073273695,419739.9215228538,interactive_long,False,256
split_oldest,151,324290.01903144224,326413.2434493759,346270.10908707086,21980.09005562862,2123.2244179336703,344290.01903144224,interactive_short,True,32
split_oldest,152,327012.4846522204,330999.116396571,349172.62384030904,22160.13918808865,3986.6317443505977,347012.4846522204,interactive_short,True,32
split_oldest,153,328299.95882871764,334136.8189393887,351158.5549872615,22858.596158543834,5836.860110671027,348299.95882871764,interactive_short,True,32
split_oldest,154,328899.98520282906,334548.2708122682,351464.0828560234,22564.09765319433,5648.285609439132,348899.98520282906,interactive_short,True,32
split_oldest,155,329468.00215959235,336992.4937623635,354699.8083413593,25231.806181766966,7524.491602771159,349468.00215959235,interactive_short,True,32
split_oldest,156,331498.3546530178,338978.42490931595,357374.2455150762,25875.890862058382,7480.070256298117,351498.3546530178,interactive_short,True,32
split_oldest,157,334401.6311719936,339589.4806468398,358197.14926083526,23795.518088841636,5187.849474846153,354401.6311719936,interactive_short,True,32
split_oldest,158,335874.9927551598,340658.8281875065,359853.6679753795,23978.67522021971,4783.835432346677,355874.9927551598,interactive_short,True,32
split_oldest,159,337845.99806512165,340658.8281875065,359853.6679753795,22007.669910257857,2812.830122384825,357845.99806512165,interactive_short,True,32
split_oldest,160,338488.05513029825,341124.12465637975,360956.2597348716,22468.204604573373,2636.0695260814973,358488.05513029825,interactive_short,True,32
split_oldest,161,338649.35484757664,342171.0417113446,363550.11976542574,24900.764917849097,3521.6868637679727,358649.35484757664,interactive_short,True,32
split_oldest,162,339322.3381436127,342520.0140629996,364414.73977561045,25092.401631997724,3197.6759193868493,359322.3381436127,interactive_short,True,32
split_oldest,163,339956.4640854367,343607.9160569449,367259.51664391556,27303.05255847884,3651.451971508155,439956.4640854367,interactive_long,False,256
split_oldest,164,340726.9350188946,344216.04429882724,368224.96358016715,27498.028561272542,3489.109279932629,440726.9350188946,interactive_long,False,256
split_oldest,165,342280.6545444606,345206.6165376871,369096.41426417354,26815.75971971295,2925.9619932264904,362280.6545444606,interactive_short,True,32
split_oldest,166,342578.52264161,345618.0684105666,369513.11088450724,26934.58824289724,3039.5457689565956,362578.52264161,interactive_short,True,32
split_oldest,167,343104.5314275153,346381.8880824714,370617.4892983781,27512.957870862796,3277.3566549560637,363104.5314275153,interactive_short,True,32
split_oldest,168,345472.54378428264,349284.40283570957,375203.3622455732,29730.81846129056,3811.859051426931,365472.54378428264,interactive_short,True,32
split_oldest,169,347923.74814603163,351270.333982662,378341.0647883909,30417.31664235925,3346.585836630373,367923.74814603163,interactive_short,True,32
split_oldest,170,348056.51680808194,351613.9192947629,379024.4701735135,30967.953365431575,3557.4024866809486,448056.51680808194,interactive_long,False,256
split_oldest,171,349103.6610731932,354867.4768344601,382190.3746430824,33086.713569889194,5763.8157612669165,369103.6610731932,interactive_short,True,32
split_oldest,172,350668.1037808773,357541.914008177,385059.6933863174,34391.589605440095,6873.810227299691,370668.1037808773,interactive_short,True,32
split_oldest,173,351743.0393517153,358405.4975710021,386212.2623005439,34469.222948828596,6662.458219286811,451743.0393517153,interactive_long,False,256
split_oldest,174,352206.4858290961,360091.6397246869,387650.36056317895,35443.87473408284,7885.153895590804,452206.4858290961,interactive_long,False,256
split_oldest,175,353296.4351300922,360054.34989237634,387482.69207007816,34186.256939985964,6757.914762284141,373296.4351300922,interactive_short,True,32
split_oldest,176,358000.79433636187,361207.1765726226,388134.85687862284,30134.062542260974,3206.382236260746,378000.79433636187,interactive_short,True,32
split_oldest,177,359755.3162093097,363801.03660317673,389459.52640424535,29704.210194935673,4045.7203938670573,379755.3162093097,interactive_short,True,32
split_oldest,178,362133.63557731314,364665.65661336144,389896.5629331122,27762.927355799067,2532.0210360483034,382133.63557731314,interactive_short,True,32
split_oldest,179,366019.71258193307,367259.51664391556,391187.3326111795,25167.620029246435,1239.8040619824897,386019.71258193307,interactive_short,True,32
split_oldest,180,368921.118746171,369058.35682083457,392366.3232938464,23445.204547675385,137.23807466356084,388921.118746171,interactive_short,True,32
split_oldest,181,369878.4198514725,369885.7377030194,392949.03866566886,23070.61881419638,7.317851546918973,389878.4198514725,interactive_short,True,32
split_oldest,182,369890.2469196961,370134.7658302523,393262.3860017253,23372.13908202917,244.51891055621672,469890.2469196961,interactive_long,False,256
split_oldest,183,370757.2317872697,370818.17121537495,393587.6435351916,22830.4117479219,60.939428105251864,390757.2317872697,interactive_short,True,32
split_oldest,184,373557.81654337514,375404.04416257003,397264.98319518624,23707.1666518111,1846.2276191948913,393557.81654337514,interactive_short,True,32
split_oldest,185,377398.56579818815,378541.7467053877,400800.84564884513,23402.27985065698,1143.1809071995667,397398.56579818815,interactive_short,True,32
split_oldest,186,383532.1777781886,383625.08292096196,410120.1109855038,26587.933207315218,92.90514277335024,483532.1777781886,interactive_long,False,256
split_oldest,187,384618.2600858557,384777.65183518844,411653.6483701963,27035.38828434056,159.39174933271715,404618.2600858557,interactive_short,True,32
split_oldest,188,387371.07226095744,387442.0122530121,416162.73093587504,28791.65867491759,70.93999205465661,407371.07226095744,interactive_short,True,32
split_oldest,189,388950.97137005127,388975.03008880146,419920.2997406073,30969.32837055606,24.058718750195112,408950.97137005127,interactive_short,True,32
split_oldest,190,390799.8822599886,390862.0750777132,424805.1391867593,34005.25692677073,62.1928177246009,410799.8822599886,interactive_short,True,32
split_oldest,191,391298.18672327726,391299.11160658003,425932.409828179,34634.22310490173,0.9248833027668297,411298.18672327726,interactive_short,True,32
split_oldest,192,391793.62700326595,391881.8269784025,427435.4373500719,35641.810346805956,88.19997513655107,411793.62700326595,interactive_short,True,32
split_oldest,193,392938.4474975708,393094.7175086245,430786.7394115314,37848.291913960595,156.27001105365343,492938.4474975708,interactive_long,False,256
split_oldest,194,392997.3562420502,393060.8176610694,430441.49239385774,37444.13615180756,63.461419019207824,412997.3562420502,interactive_short,True,32
split_oldest,195,393816.6927309916,393872.22125159175,432665.52381389757,38848.83108290599,55.52852060017176,493816.6927309916,interactive_long,False,256
split_oldest,196,396090.205256994,396219.85165959626,436829.35936190264,40739.15410490864,129.6464026022586,416090.205256994,interactive_short,True,32
split_oldest,197,397126.29741134576,397227.69336287567,438708.1437642688,41581.84635292302,101.3959515299066,417126.29741134576,interactive_short,True,32
split_oldest,198,397487.0516630854,397668.119876498,439804.9045428889,42317.85287980351,181.06821341259638,497487.0516630854,interactive_long,False,256
split_oldest,199,398746.9838833903,398841.02869925764,441683.68894525507,42936.70506186475,94.04481586732436,498746.9838833903,interactive_long,False,256
split_oldest,200,399020.0620997148,399125.8453845637,442059.4458257283,43039.383726013475,105.78328484890517,499020.0620997148,interactive_long,False,256
split_oldest,201,400967.14431063854,401132.4557169459,444069.446142866,43102.301832227444,165.3114063073299,500967.14431063854,interactive_long,False,256
split_oldest,202,401021.8177473623,410150.62084830337,450986.40622434363,49964.58847698133,9128.803100941062,501021.8177473623,interactive_long,False,256
split_oldest,203,402023.63518691156,411998.89538786997,451992.5329776613,49968.89779074973,9975.260200958408,422023.63518691156,interactive_short,True,32
split_oldest,204,403685.6601542116,416507.9779535487,454888.8737864161,51203.21363220445,12822.317799337092,423685.6601542116,interactive_short,True,32
split_oldest,205,403740.6123148993,420265.546758281,457720.7055662776,53980.093251378334,16524.93444338173,423740.6123148993,interactive_short,True,32
split_oldest,206,405799.249268688,425150.386204433,461467.392277078,55668.143008389976,19351.13693574496,425799.249268688,interactive_short,True,32
split_oldest,207,406090.9187785812,426277.6568458527,462332.0122872627,56241.093508681515,20186.73806727148,426090.9187785812,interactive_short,True,32
split_oldest,208,407329.59150444844,427780.6843677456,463484.838967509,56155.24746306054,20451.092863297148,427329.59150444844,interactive_short,True,32
split_oldest,209,407432.77741140727,430817.24927433097,466041.4091657525,58608.63175434526,23384.471862923703,507432.77741140727,interactive_long,False,256
split_oldest,210,408385.96033972333,430786.7394115314,465790.49232800154,57404.531988278206,22400.779071808094,428385.96033972333,interactive_short,True,32
split_oldest,211,408861.612680962,432696.0336766971,467248.217836067,58386.605155105004,23834.420995735098,508861.612680962,interactive_long,False,256
split_oldest,212,409653.17439997237,437174.6063795763,469943.876727825,60290.7023278526,27521.43197960395,429653.17439997237,interactive_short,True,32
split_oldest,213,412517.6810202103,439053.39078194246,471150.68539813947,58633.004377929145,26535.70976173214,432517.6810202103,interactive_short,True,32
split_oldest,214,413470.93594697193,439835.41440568847,471927.78065525944,58456.84470828751,26364.478458716534,513470.93594697193,interactive_long,False,256
split_oldest,215,416259.6682363913,441714.1988080546,473134.58932557394,56874.92108918261,25454.530571663287,516259.6682363913,interactive_long,False,256
split_oldest,216,419826.34967140463,442059.4458257283,473172.6467689129,53346.29709750827,22233.096154323663,439826.34967140463,interactive_short,True,32
split_oldest,217,420407.7804260369,444069.446142866,474407.0023875515,53999.22196151456,23661.66571682907,440407.7804260369,interactive_short,True,32
split_oldest,218,420578.6919272703,450986.40622434363,479344.42486210575,58765.732934835425,30407.71429707331,440578.6919272703,interactive_short,True,32
split_oldest,219,420617.8391398993,452193.21489465813,480373.05454430456,59755.21540440526,31575.375754758832,440617.8391398993,interactive_short,True,32
split_oldest,220,422168.3724339736,455126.8455357235,483009.4342746825,60841.06184070889,32958.4731017499,522168.3724339736,interactive_long,False,256
split_oldest,221,440752.0918054324,457971.6224040286,484899.0251459793,44146.93334054691,17219.530598596204,460752.0918054324,interactive_short,True,32
split_oldest,222,441613.5356220168,461718.309114829,487573.4623196962,45959.92669767939,20104.77349281218,461613.5356220168,interactive_short,True,32
split_oldest,223,443714.0034305528,462582.9291250137,488190.6401290155,44476.63669846271,18868.925694460922,463714.0034305528,interactive_short,True,32
split_oldest,224,446753.4999690595,463735.75580526,489013.54387477454,42260.04390571505,16982.255836200493,466753.4999690595,interactive_short,True,32
split_oldest,225,448863.1960369516,466041.4091657525,490659.3513662926,41796.15532934101,17178.21312880091,468863.1960369516,interactive_short,True,32
split_oldest,226,451669.94039025676,466041.4091657525,490659.3513662926,38989.41097603587,14371.46877549577,471669.94039025676,interactive_short,True,32
split_oldest,227,457645.9342362347,467288.8976531331,491855.6495415922,34209.71530535753,9642.96341689839,557645.9342362348,interactive_long,False,256
split_oldest,228,458090.6236830654,470144.5586448218,494156.6922857686,36066.06860270316,12053.9349617564,478090.6236830654,interactive_short,True,32
split_oldest,229,458131.8047936588,471388.6571474469,495352.99046106817,37221.18566740939,13256.852353788097,558131.8047936588,interactive_long,False,256
split_oldest,230,458462.45604231907,471927.78065525944,495546.73933442956,37084.283292110485,13465.32461294037,478462.45604231907,interactive_short,True,32
split_oldest,231,458732.3115762346,473134.58932557394,496310.55900633434,37578.24743009976,14402.277749339351,478732.3115762346,interactive_short,True,32
split_oldest,232,460946.3597819217,473340.3152620137,496463.3229407153,35516.96315879357,12393.955480091972,480946.3597819217,interactive_short,True,32
split_oldest,233,462606.4463256239,474574.67088065227,497379.90654700104,34773.46022137714,11968.22455502837,482606.4463256239,interactive_short,True,32
split_oldest,234,463098.1567163349,479512.09335520654,501046.240972144,37948.08425580908,16413.936638871615,483098.1567163349,interactive_short,True,32
split_oldest,235,465502.5386434709,480540.72303740535,501810.0606440488,36307.52200057788,15038.18439393444,485502.5386434709,interactive_short,True,32
split_oldest,236,468415.09779329854,483047.49171802145,504390.55087672645,35975.453083427914,14632.393924722914,568415.0977932985,interactive_long,False,256
split_oldest,237,468782.43666693376,485066.6936390801,505806.4112251355,37023.974558201735,16284.256972146337,488782.43666693376,interactive_short,True,32
split_oldest,238,470651.5879088133,487741.130812797,507792.34237208794,37140.754463274614,17089.542903983674,490651.5879088133,interactive_short,True,32
split_oldest,239,473407.65031493455,488358.3086221163,508353.63068370696,34945.980368772405,14950.65830718173,493407.65031493455,interactive_short,True,32
split_oldest,240,473650.9302034876,489181.2123678753,509286.0641960625,35635.133992574934,15530.282164387754,493650.9302034876,interactive_short,True,32
split_oldest,241,477072.7773636534,490827.0198593934,511203.39812954376,34130.620765890344,13754.242495740007,497072.7773636534,interactive_short,True,32
split_oldest,242,483761.6992826147,490827.0198593934,511203.39812954376,27441.698846929066,7065.320576778729,503761.6992826147,interactive_short,True,32
split_oldest,243,483990.498999464,491893.7069849312,512593.93879307766,28603.43979361368,7903.207985467219,583990.498999464,interactive_long,False,256
split_oldest,244,484042.5267418703,494324.36077886936,514885.7702049133,30843.243463043007,10281.834036999091,504042.5267418703,interactive_short,True,32
split_oldest,245,484790.3353382794,495352.99046106817,515893.6119081927,31103.276569913316,10562.655122788798,504790.3353382794,interactive_short,True,32
split_oldest,246,487052.69278963906,495658.5183298301,516289.96861999336,29237.27583035431,8605.825540191028,507052.69278963906,interactive_short,True,32
split_oldest,247,493401.1114832305,496422.33800173487,517263.9104757176,23862.798992487136,3021.22651850438,513401.1114832305,interactive_short,True,32
split_oldest,248,494411.64184506255,496575.1019361158,517455.308862107,23043.66701704444,2163.4600910532754,514411.64184506255,interactive_short,True,32
split_oldest,249,496922.27723848145,497491.68554240157,518955.06526996975,22032.788031488308,569.4083039201214,516922.27723848145,interactive_short,True,32
split_oldest,250,497080.35602946056,501158.01996754453,526033.1932623567,28952.837232896127,4077.663938083977,517080.35602946056,interactive_short,True,32
split_oldest,251,499426.68989969784,501959.8970827883,528090.8843977242,28664.194498026336,2533.207183090446,599426.6898996979,interactive_long,False,256
split_oldest,252,501400.34374918457,504390.55087672645,531697.9153297665,30297.57158058189,2990.2071275418857,521400.34374918457,interactive_short,True,32
split_oldest,253,501615.2943729255,505918.190220536,535000.5330823029,33385.238709377416,4302.895847610547,521615.2943729255,interactive_short,True,32
split_oldest,254,504576.33641678223,507942.17881082743,540142.4799424859,35566.143525703694,3365.842394045205,604576.3364167822,interactive_long,False,256
split_oldest,255,508374.4900678,508561.9789938738,541116.9702382552,32742.480170455237,187.48892607382732,608374.4900678,interactive_long,False,256
split_oldest,256,510209.1306652767,510438.633110289,543093.73711162,32884.6064463433,229.5024450122728,530209.1306652767,interactive_short,True,32
split_oldest,257,510467.1967220508,511404.0800465406,544205.8839748002,33738.687252749456,936.8833244898124,530467.1967220508,interactive_short,True,32
split_oldest,258,518718.1678001482,518931.3353766812,555554.3542552945,36836.18645514635,213.16757653298555,538718.1678001483,interactive_short,True,32
split_oldest,259,521770.52560869,522095.1245215059,560374.7839910915,38604.258382401546,324.5989128159126,621770.52560869,interactive_long,False,256
split_oldest,260,522623.5060952592,522979.1796060781,561379.7841496604,38756.27805440116,355.67351081885863,622623.5060952592,interactive_long,False,256
split_oldest,261,523742.0608319924,524013.9394529127,562234.2342055787,38492.173373586265,271.87862092029536,623742.0608319924,interactive_long,False,256
split_oldest,262,524667.9448782488,524710.142974709,562502.7158176857,37834.77093943686,42.19809646019712,544667.9448782488,interactive_short,True,32
split_oldest,263,526078.2256618903,526334.2934676579,563665.4546861787,37587.22902428836,256.067805767525,546078.2256618903,interactive_short,True,32
split_oldest,264,526912.9908668387,527007.683558126,564328.5201627683,37415.52929592959,94.69269128725864,626912.9908668387,interactive_long,False,256
split_oldest,265,530701.5805189821,531014.3552850321,566576.2817727826,35874.70125380042,312.7747660499299,550701.5805189821,interactive_short,True,32
split_oldest,266,534157.2456176562,534272.826225196,568615.6950726302,34458.449454974034,115.58060753985774,554157.2456176562,interactive_short,True,32
split_oldest,267,534380.3132819388,534628.1661865852,568984.9319063869,34604.61862444808,247.85290464642458,634380.3132819388,interactive_long,False,256
split_oldest,268,540857.8361210944,541116.9702382552,571556.3918097864,30698.555688692024,259.13411716080736,560857.8361210944,interactive_short,True,32
split_oldest,269,542876.7606051796,543063.2272488205,572599.8736037646,29723.112998584984,186.46664364088792,562876.7606051796,interactive_short,True,32
split_oldest,270,546405.5237133533,546677.7045541559,574608.8675423437,28203.343828990357,272.1808408026118,646405.5237133533,interactive_long,False,256
split_oldest,271,548862.7969466735,548927.7853509957,575304.3664640967,26441.569517423166,64.98840432218276,568862.7969466735,interactive_short,True,32
split_oldest,272,550006.3811932743,550240.6656843765,575729.6125847028,25723.231391428504,234.28449110221118,570006.3811932743,interactive_short,True,32
split_oldest,273,552653.3606579853,552924.0560919819,576625.396630467,23972.03597248171,270.6954339966178,652653.3606579853,interactive_long,False,256
split_oldest,274,559385.4303205531,559623.2702301451,577174.5741608589,17789.14384030574,237.8399095919449,579385.4303205531,interactive_short,False,32
split_oldest,275,560015.0775665006,560374.7839910915,577228.8139169469,17213.73635044624,359.7064245908987,580015.0775665006,interactive_short,False,32
split_oldest,276,563317.6736536679,563396.9730740717,577489.8427431212,14172.169089453295,79.29942040378228,583317.6736536679,interactive_short,False,32
split_oldest,277,564862.8030823345,564923.0552304693,578007.3180856678,13144.515003333334,60.25214813486673,584862.8030823345,interactive_short,False,32
split_oldest,278,566184.1533976971,566334.0336150605,578313.9737744984,12129.820376801305,149.8802173633594,586184.1533976971,interactive_short,False,32
split_oldest,279,567328.0471315094,567348.655287851,578783.9893304679,11455.94219895848,20.608156341593713,587328.0471315094,interactive_short,False,32
split_oldest,280,569954.3298416642,570004.6838070762,579959.0282203915,10004.698378727306,50.35396541201044,589954.3298416642,interactive_short,False,32
split_oldest,281,570579.3603688445,570600.9591179208,580209.7031835752,9630.342814730713,21.598749076365493,590579.3603688445,interactive_short,False,32
split_oldest,282,574396.5739147417,574459.7987146325,581431.7436290957,7035.169714353979,63.224799890769646,594396.5739147417,interactive_short,False,32
split_oldest,283,577949.1063649838,577959.8582990906,585787.8366813,7838.730316316127,10.75193410681095,597949.1063649838,interactive_short,False,32
split_oldest,284,578130.4068491043,578195.3243080556,586391.5464472893,8261.139598184964,64.9174589512404,598130.4068491043,interactive_short,False,32
split_oldest,285,582398.3067883528,582433.1944001891,603674.7225776486,21276.415789295803,34.88761183631141,682398.3067883528,interactive_long,False,256
split_oldest,286,582957.3733546018,583055.4365153477,604904.4725301171,21947.09917551535,98.06316074589267,682957.3733546018,interactive_long,False,256
split_oldest,287,584207.2608711326,584311.8101667258,606134.3129841171,21927.05211298447,104.54929559316952,604207.2608711326,interactive_short,True,32
split_oldest,288,586092.1797219864,586185.7643406949,607882.4590995845,21790.279377598083,93.58461870846804,606092.1797219864,interactive_short,True,32
split_oldest,289,587044.9936691284,587075.6227706786,608736.1922487849,21691.198579656542,30.629101550206542,607044.9936691284,interactive_short,True,32
split_oldest,290,587103.2334616845,587234.4033216761,608875.0911222295,21771.85766054492,131.1698599915253,607103.2334616845,interactive_short,True,32
split_oldest,291,590910.2184382996,591134.922258794,611968.0656687903,21057.847230490646,224.70382049435284,690910.2184382996,interactive_long,False,256
split_oldest,292,591311.612814089,591532.9279857915,612087.9371379638,20776.324323874782,221.31517170241568,611311.612814089,interactive_short,True,32
split_oldest,293,591788.431403746,592024.9368239829,612420.7667255445,20632.335321798455,236.5054202368483,611788.431403746,interactive_short,True,32
split_oldest,294,594985.7474219035,595164.996075519,614229.7380286405,19243.990606736974,179.24865361547563,614985.7474219035,interactive_short,False,32
split_oldest,295,595817.805370963,595930.5896210765,614770.0597222099,18952.254351246986,112.78425011353102,615817.805370963,interactive_short,False,32
split_oldest,296,600063.67256221,600215.933786262,617397.1509624642,17333.478400254156,152.26122405193746,620063.67256221,interactive_short,False,32
split_oldest,297,602479.5254504309,602594.074057066,618641.6351927813,16162.10974235041,114.54860663507134,622479.5254504309,interactive_short,False,32
split_oldest,298,603126.1952832483,603198.7790790336,618944.7288137706,15818.533530522254,72.58379578532185,623126.1952832483,interactive_short,False,32
split_oldest,299,603146.6012599512,603236.0689113443,619017.140496367,15870.53923641576,89.4676513930317,703146.6012599512,interactive_long,False,256
canvas_aware,0,0.0,0.0,3291.245305998018,3291.245305998018,0.0,20000.0,interactive_short,False,32
canvas_aware,1,4685.326635856748,4685.326635856748,8134.444861459181,3449.118225602433,0.0,24685.32663585675,interactive_short,False,32
canvas_aware,2,6262.838718290957,6288.020002255783,9737.138227858217,3474.2995095672595,25.181283964825525,26262.838718290957,interactive_short,False,32
canvas_aware,3,9861.555492950167,9861.555492950167,13294.61884537249,3433.063352422323,0.0,29861.555492950167,interactive_short,False,32
canvas_aware,4,11608.542790353687,11635.966005749098,15234.929714365891,3626.386924012204,27.423215395410807,31608.542790353687,interactive_short,False,32
canvas_aware,5,11929.100460691434,13294.61884537249,16751.764507564978,4822.664046873544,1365.518384681056,31929.100460691436,interactive_short,False,32
canvas_aware,6,12201.760830234378,16780.38403196496,30621.878151704506,18420.117321470127,4578.623201730583,112201.76083023437,interactive_long,False,256
canvas_aware,7,12938.846292477965,16751.764507564978,30549.466469108076,17610.62017663011,3812.918215087013,32938.84629247797,interactive_short,False,32
canvas_aware,8,17523.749290794418,17560.01416353628,30811.717298012933,13287.968007218515,36.264872741863655,37523.74929079442,interactive_short,False,32
canvas_aware,9,20704.219288184544,20774.931758522318,31781.872732509633,11077.65344432509,70.712470337774,40704.21928818454,interactive_short,False,32
canvas_aware,10,24646.507156003463,24715.568618903664,32814.61884019967,8168.111684196207,69.06146290020115,44646.50715600346,interactive_short,False,32
canvas_aware,11,29230.284890772156,29308.30301424375,34848.815718983074,5618.530828210918,78.01812347159284,49230.284890772156,interactive_short,False,32
canvas_aware,12,29701.92333515015,29760.54584001776,35975.447836463114,6273.524501312964,58.62250486760968,49701.923335150146,interactive_short,False,32
canvas_aware,13,30276.033844297603,30426.20501517903,38134.82606163319,7858.792217335587,150.17117088142913,50276.033844297606,interactive_short,False,32
canvas_aware,14,30492.972578722907,30522.346591064015,39292.7535157099,8799.78093698699,29.374012341108028,50492.97257872291,interactive_short,False,32
canvas_aware,15,33522.2850675438,38134.82606163319,41733.78977024998,8211.504702706181,4612.540994089388,53522.2850675438,interactive_short,False,32
canvas_aware,16,37832.93903158115,39292.7535157099,42891.71722432669,5058.7781927455435,1459.8144841287503,57832.93903158115,interactive_short,False,32
canvas_aware,17,38875.962027478956,41733.78977024998,45124.040127525346,6248.07810004639,2857.8277427710273,58875.962027478956,interactive_short,False,32
canvas_aware,18,40814.614746337094,45152.65965192533,61228.18619569019,20413.571449353098,4338.0449055882345,140814.6147463371,interactive_long,False,256
canvas_aware,19,41150.39514152049,45124.040127525346,61116.407200289665,19966.012058769178,3973.6449860048597,61150.39514152049,interactive_short,False,32
canvas_aware,20,46465.51854974466,46567.09654987511,62884.265311397154,16418.746761652495,101.57800013045198,146465.51854974465,interactive_long,False,256
canvas_aware,21,50464.64652766523,50469.635579889415,63760.53473610385,13295.88820843862,4.989052224183979,70464.64652766523,interactive_short,False,32
canvas_aware,22,57941.29295752837,58052.57517574076,65419.18757572724,7477.894618198872,111.28221821239276,77941.29295752838,interactive_short,False,32
canvas_aware,23,61270.895281049074,61331.89321488329,66821.54427132639,5550.648990277317,60.99793383421638,81270.89528104907,interactive_short,False,32
canvas_aware,24,65535.16615037969,66850.16379572637,81324.11712067272,15788.950970293023,1314.9976453466807,165535.1661503797,interactive_long,False,256
canvas_aware,25,65585.36358234937,66821.54427132639,81212.33812527219,15626.97454292282,1236.1806889770232,85585.36358234937,interactive_short,False,32
canvas_aware,26,68253.25681341092,68337.01237627259,81793.54716962273,13540.290356211815,83.7555628616683,88253.25681341092,interactive_short,False,32
canvas_aware,27,69060.7463946566,69062.96151062427,81993.88384042261,12933.137445766013,2.215115967672318,89060.7463946566,interactive_short,False,32
canvas_aware,28,74402.71441442745,77723.38340134313,98429.76912919851,24027.05471477106,3320.6689869156835,174402.71441442746,interactive_long,False,256
canvas_aware,29,77644.06746322283,77660.71466054721,98229.08721220167,20585.01974897884,16.647197324375156,97644.06746322283,interactive_short,True,32
canvas_aware,30,81635.21006518841,82022.5033648226,102093.17158932402,20457.961524135608,387.2932996341842,181635.2100651884,interactive_long,False,256
canvas_aware,31,84964.57561606709,85082.65127603384,102781.66899445071,17817.093378383623,118.07565996675112,104964.57561606709,interactive_short,False,32
canvas_aware,32,85585.2647166139,85654.94860402262,102896.14709205064,17310.882375436733,69.6838874087116,105585.2647166139,interactive_short,False,32
canvas_aware,33,88681.710555966,93195.97042689868,118389.8711410563,29708.1605850903,4514.259870932685,188681.710555966,interactive_long,False,256
canvas_aware,34,88910.50326923911,93117.63450090378,118222.2026479555,29311.699378716396,4207.131231664665,108910.50326923911,interactive_short,True,32
canvas_aware,35,93024.56098153477,93117.63450090378,118222.2026479555,25197.641666420735,93.07351936900523,113024.56098153477,interactive_short,True,32
canvas_aware,36,96936.79057994079,97639.71715582022,124209.37676937465,27272.58618943386,702.9265758794354,196936.79057994077,interactive_long,False,256
canvas_aware,37,97439.96335557531,97545.71404462634,124097.59777397412,26657.63441839881,105.75068905102671,117439.96335557531,interactive_short,True,32
canvas_aware,38,100831.98873158326,102974.48301804555,124548.65126836221,23716.662536778953,2142.4942864622863,200831.98873158326,interactive_long,False,256
canvas_aware,39,102065.48441728606,102896.14709205064,124476.23958576578,22410.75516847972,830.6626747645787,122065.48441728606,interactive_short,True,32
canvas_aware,40,102793.72061808415,102896.14709205064,124476.23958576578,21682.518967681637,102.42647396649409,122793.72061808415,interactive_short,True,32
canvas_aware,41,105966.58478485378,106094.20454029471,124901.209682935,18934.624898081223,127.61975544093002,125966.58478485378,interactive_short,False,32
canvas_aware,42,106483.07855714422,106617.54774888407,124955.44943902313,18472.370881878902,134.46919173984497,126483.07855714422,interactive_short,False,32
canvas_aware,43,106530.9764266568,106617.54774888407,124955.44943902313,18424.473012366332,86.57132222727523,126530.9764266568,interactive_short,False,32
canvas_aware,44,106960.16133027605,107007.12449117377,125002.90922560022,18042.747895324166,46.96316089772154,126960.16133027605,interactive_short,False,32
canvas_aware,45,107755.9349758439,107799.83791477518,125128.09057198689,17372.155596142984,43.902938931278186,127755.9349758439,interactive_short,False,32
canvas_aware,46,111751.33283285139,111831.20472789253,125753.99730392025,14002.664471068856,79.87189504114212,131751.3328328514,interactive_short,False,32
canvas_aware,47,118567.11856872926,118674.44885745647,126943.22009459362,8376.10152586436,107.33028872721479,138567.11856872926,interactive_short,False,32
canvas_aware,48,119221.6976026299,119257.16422927889,127694.30817291365,8472.610570283752,35.46662664899486,139221.6976026299,interactive_short,False,32
canvas_aware,49,121273.24896644348,121344.12781723434,129728.50505169705,8455.256085253568,70.87885079086118,141273.24896644347,interactive_short,False,32
canvas_aware,50,122293.82844906364,122411.33950450068,130713.08653984676,8419.258090783114,117.51105543703306,142293.82844906364,interactive_short,False,32
canvas_aware,51,130236.27999100173,130243.65649089674,133740.9393360395,3504.6593450377695,7.376499895006418,150236.27999100173,interactive_short,False,32
canvas_aware,52,131772.95154212418,131800.6284670461,135257.7741292386,3484.8225871144095,27.676924921921454,151772.95154212418,interactive_short,False,32
canvas_aware,53,137374.50461665468,137374.50461665468,149569.45372671654,12194.949110061862,0.0,237374.50461665468,interactive_long,False,256
canvas_aware,54,137619.61235432947,137664.1513470404,149694.6350731032,12075.022718773747,44.53899271093542,157619.61235432947,interactive_short,False,32
canvas_aware,55,144659.61547534552,144736.3358367893,151885.30863486996,7225.693159524439,76.72036144378944,164659.61547534552,interactive_short,False,32
canvas_aware,56,145053.0272684508,145151.1639135617,152135.6713276433,7082.644059192506,98.1366451109061,165053.0272684508,interactive_short,False,32
canvas_aware,57,151621.68697230733,151885.30863486996,155473.5690947,3851.882122392679,263.6216625626257,171621.68697230733,interactive_short,False,32
canvas_aware,58,152238.7259482832,152250.14942524323,155849.11313386002,3610.3871855768375,11.423476960044354,172238.7259482832,interactive_short,False,32
canvas_aware,59,152468.2070170382,155473.5690947,158796.92414705825,6328.717130020057,3005.362077661819,172468.2070170382,interactive_short,False,32
canvas_aware,60,153608.5224910845,158828.21948365492,176492.4679112769,22883.94542019241,5219.696992570418,253608.5224910845,interactive_long,False,256
canvas_aware,61,156216.44073635942,158796.92414705825,176324.79941817612,20108.358681816695,2580.4834106988274,176216.44073635942,interactive_short,True,32
canvas_aware,62,156969.2554851252,158796.92414705825,176324.79941817612,19355.54393305091,1827.668661933043,176969.2554851252,interactive_short,False,32
canvas_aware,63,158833.12467464927,158900.63116625135,176586.4710224708,17753.346347821527,67.50649160207831,178833.12467464927,interactive_short,False,32
canvas_aware,64,160265.64130798163,166089.15535114234,190844.84468245273,30579.203374471108,5823.514043160714,260265.64130798163,interactive_long,False,256
canvas_aware,65,161238.5429869296,166089.15535114234,190844.84468245273,29606.301695523143,4850.6123642127495,261238.5429869296,interactive_long,False,256
canvas_aware,66,162957.3623497664,166065.4254578538,190593.92784470174,27636.56549493535,3108.063108087401,182957.3623497664,interactive_short,True,32
canvas_aware,67,163545.3596597112,166065.4254578538,190593.92784470174,27048.568184990552,2520.0657981426048,183545.3596597112,interactive_short,True,32
canvas_aware,68,166012.74851501672,166065.4254578538,190593.92784470174,24581.179329685023,52.67694283707533,186012.74851501672,interactive_short,True,32
canvas_aware,69,166016.13393510526,166065.4254578538,190593.92784470174,24577.793909596483,49.2915227485355,186016.13393510526,interactive_short,True,32
canvas_aware,70,171212.06512667643,171233.1818903659,196291.36847605143,25079.303349374997,21.116763689467916,191212.06512667643,interactive_short,True,32
canvas_aware,71,172758.40355763954,180334.16341767312,207676.72261049668,34918.31905285714,7575.759860033577,272758.40355763957,interactive_long,False,256
canvas_aware,72,175300.2676131151,180334.16341767312,207676.72261049668,32376.454997381574,5033.8958045580075,275300.26761311514,interactive_long,False,256
canvas_aware,73,178009.4720451799,180310.43352438457,207476.04069349985,29466.568648319953,2300.9614792046777,198009.4720451799,interactive_short,True,32
canvas_aware,74,180230.61004395568,180310.43352438457,207476.04069349985,27245.43064954417,79.82348042889498,200230.61004395568,interactive_short,True,32
canvas_aware,75,181136.4200486716,181208.0807655261,207988.87723144016,26852.457182768558,71.66071685450152,201136.4200486716,interactive_short,True,32
canvas_aware,76,181281.50511497576,185118.00111353194,210823.53214056563,29542.027025589865,3836.4959985561727,281281.50511497573,interactive_long,False,256
canvas_aware,77,183464.20864479677,185080.71128122136,210655.86364746484,27191.655002668063,1616.502636424586,203464.20864479677,interactive_short,True,32
canvas_aware,78,184265.7609896628,185080.71128122136,210655.86364746484,26390.102657802025,814.9502915585472,204265.7609896628,interactive_short,True,32
canvas_aware,79,185019.27037452036,185080.71128122136,210655.86364746484,25636.593272944476,61.44090670099831,205019.27037452036,interactive_short,True,32
canvas_aware,80,188787.22094703364,190844.84468245273,213625.33000427688,24838.109057243244,2057.623735419096,208787.22094703364,interactive_short,True,32
canvas_aware,81,191331.39780426107,191429.2097958873,214052.1965788772,22720.798774616123,97.81199162622215,211331.39780426107,interactive_short,True,32
canvas_aware,82,192045.66867047417,192221.92321948876,214607.79207265555,22562.123402181373,176.2545490145858,212045.66867047417,interactive_short,True,32
canvas_aware,83,192785.72366443145,195084.5598057368,217158.7310644594,24373.007400027942,2298.8361413053353,292785.7236644315,interactive_long,False,256
canvas_aware,84,193835.54878730024,195043.8799886707,217046.95206905887,23211.403281758627,1208.3312013704563,213835.54878730024,interactive_short,True,32
canvas_aware,85,194865.21737300162,195043.8799886707,217046.95206905887,22181.734696057247,178.66261566907633,214865.21737300162,interactive_short,True,32
canvas_aware,86,195566.19192016678,209627.23396526603,226048.25896491305,30482.067044746276,14061.042045099253,295566.1919201668,interactive_long,False,256
canvas_aware,87,195838.49080862475,209589.17652192706,225936.47996951253,30097.98916088778,13750.685713302315,215838.49080862475,interactive_short,True,32
canvas_aware,88,196929.48483398094,209589.17652192706,225936.47996951253,29006.995135531586,12659.69168794612,216929.48483398094,interactive_short,True,32
canvas_aware,89,202568.46551219074,209589.17652192706,225936.47996951253,23368.014457321784,7020.711009736318,222568.46551219074,interactive_short,True,32
canvas_aware,90,204830.64109467145,209589.17652192706,225936.47996951253,21105.83887484108,4758.535427255614,224830.64109467145,interactive_short,True,32
canvas_aware,91,209492.72434268222,209589.17652192706,225936.47996951253,16443.7556268303,96.45217924483586,229492.72434268222,interactive_short,False,32
canvas_aware,92,211404.4249104831,217185.85094250346,238069.55869790431,26665.13378742122,5781.426032020361,311404.42491048307,interactive_long,False,256
canvas_aware,93,212120.4905687086,217158.7310644594,237868.87678090748,25748.38621219888,5038.240495750797,232120.4905687086,interactive_short,True,32
canvas_aware,94,213708.3589683187,217158.7310644594,237868.87678090748,24160.517812588776,3450.3720961406943,233708.3589683187,interactive_short,True,32
canvas_aware,95,213709.17101254492,217158.7310644594,237868.87678090748,24159.70576836256,3449.560051914479,233709.17101254492,interactive_short,True,32
canvas_aware,96,214385.4767159057,226075.3788429571,250969.9324998789,36584.455783973186,11689.902127051406,314385.4767159057,interactive_long,False,256
canvas_aware,97,215509.3221345372,226048.25896491305,250802.2640067781,35292.94187224092,10538.936830375867,235509.3221345372,interactive_short,True,32
canvas_aware,98,217244.25080076285,226075.3788429571,250969.9324998789,33725.681699116045,8831.128042194265,317244.25080076285,interactive_long,False,256
canvas_aware,99,219370.96672305348,226075.3788429571,250969.9324998789,31598.96577682541,6704.412119903631,319370.9667230535,interactive_long,False,256
canvas_aware,100,220621.8996391037,226048.25896491305,250802.2640067781,30180.364367674396,5426.359325809346,240621.8996391037,interactive_short,True,32
canvas_aware,101,221789.26511169868,226048.25896491305,250802.2640067781,29012.99889507942,4258.9938532143715,241789.26511169868,interactive_short,True,32
canvas_aware,102,222270.10243516884,226048.25896491305,250802.2640067781,28532.161571609264,3778.156529744214,242270.10243516884,interactive_short,True,32
canvas_aware,103,223551.9186087876,226048.25896491305,250802.2640067781,27250.345397990517,2496.340356125467,243551.9186087876,interactive_short,True,32
canvas_aware,104,228180.84585377428,228326.27691532203,252247.14223892425,24066.296385149966,145.43106154774432,248180.84585377428,interactive_short,True,32
canvas_aware,105,231360.35918512376,231562.9618324718,254144.26668057128,22783.90749544752,202.60264734804514,251360.35918512376,interactive_short,True,32
canvas_aware,106,231732.27485609736,231797.5435970237,254287.34101256847,22555.06615647112,65.26874092634534,251732.27485609736,interactive_short,True,32
canvas_aware,107,231909.49041917422,232035.5153463311,254318.63634916514,22409.14592999092,126.02492715689004,251909.49041917422,interactive_short,True,32
canvas_aware,108,233358.5680228021,238069.55869790431,260040.80110323164,26682.23308042955,4710.990675102221,253358.5680228021,interactive_short,True,32
canvas_aware,109,235363.03259872267,250997.05237792296,274828.25068878,39465.218090057315,15634.019779200287,335363.03259872267,interactive_long,False,256
canvas_aware,110,236179.5353372144,250997.05237792296,274828.25068878,38648.715351565595,14817.517040708568,336179.53533721436,interactive_long,False,256
canvas_aware,111,239591.69139954826,250969.9324998789,274627.56877178315,35035.877372234885,11378.241100330633,259591.69139954826,interactive_short,True,32
canvas_aware,112,242373.40601094568,250969.9324998789,274627.56877178315,32254.16276083747,8596.526488933217,262373.4060109457,interactive_short,True,32
canvas_aware,113,244607.74689604086,250969.9324998789,274627.56877178315,30019.821875742287,6362.185603838036,264607.74689604086,interactive_short,True,32
canvas_aware,114,245116.60429665423,254345.7562272092,280376.8534038932,35260.24910723895,9229.151930554974,345116.60429665423,interactive_long,False,256
canvas_aware,115,245560.71741308132,254345.7562272092,280376.8534038932,34816.13599081186,8785.038814127882,345560.7174130813,interactive_long,False,256
canvas_aware,116,245610.1746843997,254318.63634916514,280176.17148689635,34565.99680249664,8708.461664765433,265610.17468439974,interactive_short,True,32
canvas_aware,117,246171.83268557416,254318.63634916514,280176.17148689635,34004.338801322185,8146.803663590981,266171.8326855742,interactive_short,True,32
canvas_aware,118,247461.06619236048,254318.63634916514,280176.17148689635,32715.105294535868,6857.570156804664,267461.0661923605,interactive_short,True,32
canvas_aware,119,251251.8118115288,254318.63634916514,280176.17148689635,28924.359675367537,3066.824537636334,271251.8118115288,interactive_short,True,32
canvas_aware,120,251403.04467762125,274858.76055157953,305369.7059284938,53966.66125087257,23455.71587395828,351403.0446776212,interactive_long,False,256
canvas_aware,121,252473.421380079,274828.25068878,305118.7890907428,52645.36771066382,22354.82930870098,272473.421380079,interactive_short,True,32
canvas_aware,122,254460.65811645883,274858.76055157953,305369.7059284938,50909.04781203499,20398.1024351207,354460.6581164588,interactive_long,False,256
canvas_aware,123,254893.08147302043,274828.25068878,305118.7890907428,50225.70761772239,19935.169215759553,274893.08147302043,interactive_short,True,32
canvas_aware,124,257276.86858247902,274828.25068878,305118.7890907428,47841.92050826381,17551.382106300967,277276.868582479,interactive_short,True,32
canvas_aware,125,258640.7971443583,274828.25068878,305118.7890907428,46477.991946384514,16187.453544421674,278640.7971443583,interactive_short,True,32
canvas_aware,126,259200.18378525076,274828.25068878,305118.7890907428,45918.60530549206,15628.066903529223,279200.18378525076,interactive_short,True,32
canvas_aware,127,261334.74833081558,280400.58329718176,314387.8710598513,53053.122729035735,19065.83496636618,361334.7483308156,interactive_long,False,256
canvas_aware,128,261345.86882622488,280400.58329718176,314387.8710598513,53042.00223362644,19054.714470956882,361345.8688262249,interactive_long,False,256
canvas_aware,129,264126.1882832452,280400.58329718176,314387.8710598513,50261.68277660612,16274.395013936562,364126.1882832452,interactive_long,False,256
canvas_aware,130,267065.94190347125,280376.8534038932,314042.62404217763,46976.68213870638,13310.911500421935,287065.94190347125,interactive_short,True,32
canvas_aware,131,267291.35520539456,280376.8534038932,314042.62404217763,46751.26883678307,13085.498198498623,287291.35520539456,interactive_short,True,32
canvas_aware,132,268398.6342470887,305400.21579129336,340614.67803545407,72216.04378836538,37001.58154420467,368398.6342470887,interactive_long,False,256
canvas_aware,133,268785.528719743,305400.21579129336,340614.67803545407,71829.14931571105,36614.68707155035,368785.528719743,interactive_long,False,256
canvas_aware,134,275124.0836601808,305369.7059284938,340363.7611977031,65239.67753752228,30245.622268313018,295124.0836601808,interactive_short,True,32
canvas_aware,135,276583.5306883647,305369.7059284938,340363.7611977031,63780.23050933838,28786.175240129116,296583.5306883647,interactive_short,True,32
canvas_aware,136,276686.57708818314,305369.7059284938,340363.7611977031,63677.184109519934,28683.128840310674,296686.57708818314,interactive_short,True,32
canvas_aware,137,277259.80445404275,305400.21579129336,340614.67803545407,63354.87358141132,28140.41133725061,377259.80445404275,interactive_long,False,256
canvas_aware,138,281031.9844971329,305400.21579129336,340614.67803545407,59582.69353832118,24368.231294160476,381031.9844971329,interactive_long,False,256
canvas_aware,139,282251.2951702571,305369.7059284938,340363.7611977031,58112.466027445975,23118.410758236714,302251.2951702571,interactive_short,True,32
canvas_aware,140,285484.3874195229,305369.7059284938,340363.7611977031,54879.37377818016,19885.3185089709,305484.3874195229,interactive_short,True,32
canvas_aware,141,287687.0858763872,305369.7059284938,340363.7611977031,52676.67532131588,17682.62005210662,307687.0858763872,interactive_short,True,32
canvas_aware,142,296514.93849096954,305369.7059284938,340363.7611977031,43848.82270673354,8854.767437524279,316514.93849096954,interactive_short,True,32
canvas_aware,143,298324.9098344262,314425.1608921619,344281.01246059703,45956.10262617085,16100.251057735702,398324.9098344262,interactive_long,False,256
canvas_aware,144,304317.9593471235,314387.8710598513,344169.2334651965,39851.27411807299,10069.9117127278,324317.9593471235,interactive_short,True,32
canvas_aware,145,308758.6046021605,314387.8710598513,344169.2334651965,35410.62886303599,5629.266457690799,328758.6046021605,interactive_short,True,32
canvas_aware,146,310655.46979909524,314387.8710598513,344169.2334651965,33513.763666101266,3732.4012607560726,330655.46979909524,interactive_short,True,32
canvas_aware,147,313196.2218718601,314387.8710598513,344169.2334651965,30973.011593336414,1191.649187991221,333196.2218718601,interactive_short,True,32
canvas_aware,148,314601.7208017273,340614.67803545407,354527.6933414948,39925.97253976751,26012.957233726745,334601.7208017273,interactive_short,True,32
canvas_aware,149,318152.3418345306,340614.67803545407,354527.6933414948,36375.351506964245,22462.336200923484,338152.3418345306,interactive_short,True,32
canvas_aware,150,319739.9215228538,340655.6629744345,354600.10502409126,34860.18350123748,20915.741451580718,419739.9215228538,interactive_long,False,256
canvas_aware,151,324290.01903144224,340614.67803545407,354527.6933414948,30237.674310052593,16324.659004011832,344290.01903144224,interactive_short,True,32
canvas_aware,152,327012.4846522204,340614.67803545407,354527.6933414948,27515.20868927444,13602.19338323368,347012.4846522204,interactive_short,True,32
canvas_aware,153,328299.95882871764,340614.67803545407,354527.6933414948,26227.734512777184,12314.719206736423,348299.95882871764,interactive_short,True,32
canvas_aware,154,328899.98520282906,340614.67803545407,354527.6933414948,25627.708138665766,11714.692832625005,348899.98520282906,interactive_short,True,32
canvas_aware,155,329468.00215959235,340614.67803545407,354527.6933414948,25059.691181902483,11146.675875861722,349468.00215959235,interactive_short,True,32
canvas_aware,156,331498.3546530178,340614.67803545407,354527.6933414948,23029.338688477,9116.32338243624,351498.3546530178,interactive_short,True,32
canvas_aware,157,334401.6311719936,340614.67803545407,354527.6933414948,20126.06216950121,6213.046863460448,354401.6311719936,interactive_short,True,32
canvas_aware,158,335874.9927551598,340614.67803545407,354527.6933414948,18652.700586335035,4739.685280294274,355874.9927551598,interactive_short,False,32
canvas_aware,159,337845.99806512165,344281.01246059703,357903.2586254925,20057.260560370865,6435.014395475388,357845.99806512165,interactive_short,True,32
canvas_aware,160,338488.05513029825,344281.01246059703,357903.2586254925,19415.203495194262,5792.957330298785,358488.05513029825,interactive_short,False,32
canvas_aware,161,338649.35484757664,344281.01246059703,357903.2586254925,19253.903777915868,5631.65761302039,358649.35484757664,interactive_short,False,32
canvas_aware,162,339322.3381436127,344281.01246059703,357903.2586254925,18580.920481879788,4958.67431698431,359322.3381436127,interactive_short,False,32
canvas_aware,163,339956.4640854367,354630.6148868908,383246.6418817299,43290.17779629317,14674.150801454089,439956.4640854367,interactive_long,False,256
canvas_aware,164,340726.9350188946,354630.6148868908,383246.6418817299,42519.70686283527,13903.679867996194,440726.9350188946,interactive_long,False,256
canvas_aware,165,342280.6545444606,354600.10502409126,382995.7250439789,40715.070499518304,12319.450479630672,362280.6545444606,interactive_short,True,32
canvas_aware,166,342578.52264161,354600.10502409126,382995.7250439789,40417.20240236889,12021.582382481254,362578.52264161,interactive_short,True,32
canvas_aware,167,343104.5314275153,354600.10502409126,382995.7250439789,39891.19361646357,11495.573596575938,363104.5314275153,interactive_short,True,32
canvas_aware,168,345472.54378428264,354600.10502409126,382995.7250439789,37523.181259696255,9127.561239808623,365472.54378428264,interactive_short,True,32
canvas_aware,169,347923.74814603163,354600.10502409126,382995.7250439789,35071.97689794726,6676.356878059625,367923.74814603163,interactive_short,True,32
canvas_aware,170,348056.51680808194,358038.7675141816,389039.32349923946,40982.806691157515,9982.250706099672,448056.51680808194,interactive_long,False,256
canvas_aware,171,349103.6610731932,358015.03762089304,388838.6415822426,39734.980509049434,8911.376547699852,369103.6610731932,interactive_short,True,32
canvas_aware,172,350668.1037808773,358015.03762089304,388838.6415822426,38170.53780136531,7346.9338400157285,370668.1037808773,interactive_short,True,32
canvas_aware,173,351743.0393517153,359962.9213323418,390394.4123861305,38651.373034415185,8219.881980626495,451743.0393517153,interactive_long,False,256
canvas_aware,174,352206.4858290961,359962.9213323418,390394.4123861305,38187.92655703437,7756.435503245681,452206.4858290961,interactive_long,False,256
canvas_aware,175,353296.4351300922,359929.0214847867,390282.63339072996,36986.19826063776,6632.586354694504,373296.4351300922,interactive_short,True,32
canvas_aware,176,358000.79433636187,359929.0214847867,390282.63339072996,32281.839054368087,1928.227148424834,378000.79433636187,interactive_short,True,32
canvas_aware,177,359755.3162093097,359929.0214847867,390282.63339072996,30527.31718142028,173.7052754770266,379755.3162093097,interactive_short,True,32
canvas_aware,178,362133.63557731314,362207.55496723537,391210.5477532883,29076.912175975158,73.91938992223004,382133.63557731314,interactive_short,True,32
canvas_aware,179,366019.71258193307,383246.6418817299,402326.4811243274,36306.76854239433,17226.929299796815,386019.71258193307,interactive_short,True,32
canvas_aware,180,368921.118746171,383246.6418817299,402326.4811243274,33405.362378156395,14325.523135558877,388921.118746171,interactive_short,True,32
canvas_aware,181,369878.4198514725,383246.6418817299,402326.4811243274,32448.061272854917,13368.222030257399,389878.4198514725,interactive_short,True,32
canvas_aware,182,369890.2469196961,383287.32169879595,403861.14870172867,33970.90178203257,13397.074779099843,469890.2469196961,interactive_long,False,256
canvas_aware,183,370757.2317872697,383246.6418817299,403749.36970632814,32992.13791905844,12489.410094460181,390757.2317872697,interactive_short,True,32
canvas_aware,184,373557.81654337514,383246.6418817299,403749.36970632814,30191.553162953,9688.825338354742,393557.81654337514,interactive_short,True,32
canvas_aware,185,377398.56579818815,383246.6418817299,403749.36970632814,26350.80390813999,5848.076083541731,397398.56579818815,interactive_short,True,32
canvas_aware,186,383532.1777781886,390912.4100978661,407790.90647371265,24258.72869552404,7380.232319677481,483532.1777781886,interactive_long,False,256
canvas_aware,187,384618.2600858557,390875.1202655555,407679.1274783121,23060.867392456392,6256.860179699783,404618.2600858557,interactive_short,True,32
canvas_aware,188,387371.07226095744,390875.1202655555,407679.1274783121,20308.055217354675,3504.0480045980657,407371.07226095744,interactive_short,True,32
canvas_aware,189,388950.97137005127,390875.1202655555,407679.1274783121,18728.156108260853,1924.1488955042441,408950.97137005127,interactive_short,False,32
canvas_aware,190,390799.8822599886,390875.1202655555,407679.1274783121,16879.245218323544,75.23800556693459,410799.8822599886,interactive_short,False,32
canvas_aware,191,391298.18672327726,391322.3267486888,407884.79248350265,16586.605760225386,24.140025411557872,411298.18672327726,interactive_short,False,32
canvas_aware,192,391793.62700326595,391918.60205953324,409042.5729877219,17248.94598445593,124.97505626728525,411793.62700326595,interactive_short,False,32
canvas_aware,193,392938.4474975708,403884.87859501725,440199.88420420035,47261.43670662952,10946.431097446417,492938.4474975708,interactive_long,False,256
canvas_aware,194,392997.3562420502,403861.14870172867,439854.63718652667,46857.280944476486,10863.792459678487,412997.3562420502,interactive_short,True,32
canvas_aware,195,393816.6927309916,407915.3023463022,449718.26662121265,55901.57389022107,14098.60961531062,493816.6927309916,interactive_long,False,256
canvas_aware,196,396090.205256994,407884.79248350265,449417.16641591146,53326.96115891746,11794.587226508651,416090.205256994,interactive_short,True,32
canvas_aware,197,397126.29741134576,407884.79248350265,449417.16641591146,52290.8690045657,10758.49507215689,417126.29741134576,interactive_short,True,32
canvas_aware,198,397487.0516630854,407915.3023463022,449718.26662121265,52231.21495812724,10428.250683216786,497487.0516630854,interactive_long,False,256
canvas_aware,199,398746.9838833903,407915.3023463022,449718.26662121265,50971.28273782233,9168.318462911877,498746.9838833903,interactive_long,False,256
canvas_aware,200,399020.0620997148,407915.3023463022,449718.26662121265,50698.20452149783,8895.240246587375,499020.0620997148,interactive_long,False,256
canvas_aware,201,400967.14431063854,407915.3023463022,449718.26662121265,48751.12231057411,6948.158035663655,500967.14431063854,interactive_long,False,256
canvas_aware,202,401021.8177473623,407915.3023463022,449718.26662121265,48696.44887385034,6893.484598939889,501021.8177473623,interactive_long,False,256
canvas_aware,203,402023.63518691156,407884.79248350265,449417.16641591146,47393.5312289999,5861.157296591089,422023.63518691156,interactive_short,True,32
canvas_aware,204,403685.6601542116,407884.79248350265,449417.16641591146,45731.50626169983,4199.132329291024,423685.6601542116,interactive_short,True,32
canvas_aware,205,403740.6123148993,407884.79248350265,449417.16641591146,45676.55410101218,4144.180168603372,423740.6123148993,interactive_short,True,32
canvas_aware,206,405799.249268688,407884.79248350265,449417.16641591146,43617.91714722343,2085.543214814621,425799.249268688,interactive_short,True,32
canvas_aware,207,406090.9187785812,407884.79248350265,449417.16641591146,43326.24763733026,1793.8737049214542,426090.9187785812,interactive_short,True,32
canvas_aware,208,407329.59150444844,409387.82000539557,450620.17646370793,43290.58495925949,2058.2285009471234,427329.59150444844,interactive_short,True,32
canvas_aware,209,407432.77741140727,449755.5564535232,482862.03367829305,75429.25626688579,42322.77904211596,507432.77741140727,interactive_long,False,256
canvas_aware,210,408385.96033972333,449718.26662121265,482611.11684054206,74225.15650081873,41332.30628148932,428385.96033972333,interactive_short,True,32
canvas_aware,211,408861.612680962,449755.5564535232,482862.03367829305,74000.42099733104,40893.94377256121,508861.612680962,interactive_long,False,256
canvas_aware,212,409653.17439997237,449718.26662121265,482611.11684054206,72957.94244056969,40065.09222124028,429653.17439997237,interactive_short,True,32
canvas_aware,213,412517.6810202103,449718.26662121265,482611.11684054206,70093.43582033174,37200.58560100233,432517.6810202103,interactive_short,True,32
canvas_aware,214,413470.93594697193,449755.5564535232,482862.03367829305,69391.09773132112,36284.62050655129,513470.93594697193,interactive_long,False,256
canvas_aware,215,416259.6682363913,449755.5564535232,482862.03367829305,66602.36544190173,33495.8882171319,516259.6682363913,interactive_long,False,256
canvas_aware,216,419826.34967140463,449718.26662121265,482611.11684054206,62784.76716913743,29891.916949808015,439826.34967140463,interactive_short,True,32
canvas_aware,217,420407.7804260369,449718.26662121265,482611.11684054206,62203.336414505146,29310.486195175734,440407.7804260369,interactive_short,True,32
canvas_aware,218,420578.6919272703,449718.26662121265,482611.11684054206,62032.42491327174,29139.574693942326,440578.6919272703,interactive_short,True,32
canvas_aware,219,420617.8391398993,449718.26662121265,482611.11684054206,61993.277700642764,29100.427481313352,440617.8391398993,interactive_short,True,32
canvas_aware,220,422168.3724339736,449755.5564535232,482862.03367829305,60693.66124431946,27587.184019549633,522168.3724339736,interactive_long,False,256
canvas_aware,221,440752.0918054324,449718.26662121265,482611.11684054206,41859.02503510966,8966.17481578025,460752.0918054324,interactive_short,True,32
canvas_aware,222,441613.5356220168,449718.26662121265,482611.11684054206,40997.58121852524,8104.730999195832,461613.5356220168,interactive_short,True,32
canvas_aware,223,443714.0034305528,449718.26662121265,482611.11684054206,38897.11340998928,6004.263190659869,463714.0034305528,interactive_short,True,32
canvas_aware,224,446753.4999690595,450871.0933014589,483332.970054715,36579.470085655514,4117.5933323994395,466753.4999690595,interactive_short,True,32
canvas_aware,225,448863.1960369516,482862.03367829305,506112.65950182825,57249.46346487664,33998.83764134144,468863.1960369516,interactive_short,True,32
canvas_aware,226,451669.94039025676,482862.03367829305,506112.65950182825,54442.719111571496,31192.093288036296,471669.94039025676,interactive_short,True,32
canvas_aware,227,457645.9342362347,482895.93352584814,506280.32799492904,48634.39375869435,25249.99928961345,557645.9342362348,interactive_long,False,256
canvas_aware,228,458090.6236830654,482862.03367829305,506112.65950182825,48022.035818762844,24771.409995227645,478090.6236830654,interactive_short,True,32
canvas_aware,229,458131.8047936588,482895.93352584814,506280.32799492904,48148.52320127026,24764.12873218936,558131.8047936588,interactive_long,False,256
canvas_aware,230,458462.45604231907,482862.03367829305,506112.65950182825,47650.20345950918,24399.577635973983,478462.45604231907,interactive_short,True,32
canvas_aware,231,458732.3115762346,482862.03367829305,506112.65950182825,47380.34792559367,24129.72210205847,478732.3115762346,interactive_short,True,32
canvas_aware,232,460946.3597819217,482862.03367829305,506112.65950182825,45166.29971990653,21915.67389637133,480946.3597819217,interactive_short,True,32
canvas_aware,233,462606.4463256239,482862.03367829305,506112.65950182825,43506.21317620436,20255.587352669158,482606.4463256239,interactive_short,True,32
canvas_aware,234,463098.1567163349,482862.03367829305,506112.65950182825,43014.50278549333,19763.87696195813,483098.1567163349,interactive_short,True,32
canvas_aware,235,465502.5386434709,482862.03367829305,506112.65950182825,40610.120858357346,17359.495034822146,485502.5386434709,interactive_short,True,32
canvas_aware,236,468415.09779329854,483482.8064934545,506879.67374988704,38464.575956588495,15067.708700155956,568415.0977932985,interactive_long,False,256
canvas_aware,237,468782.43666693376,483444.7490501155,506767.8947544865,37985.458087552746,14662.312383181765,488782.43666693376,interactive_short,True,32
canvas_aware,238,470651.5879088133,483444.7490501155,506767.8947544865,36116.306845673185,12793.161141302204,490651.5879088133,interactive_short,True,32
canvas_aware,239,473407.65031493455,483444.7490501155,506767.8947544865,33360.244439551956,10037.098735180974,493407.65031493455,interactive_short,True,32
canvas_aware,240,473650.9302034876,483444.7490501155,506767.8947544865,33116.964550998935,9793.818846627953,493650.9302034876,interactive_short,True,32
canvas_aware,241,477072.7773636534,506280.32799492904,518231.55360624404,41158.776242590626,29207.550631275633,497072.7773636534,interactive_short,True,32
canvas_aware,242,483761.6992826147,506280.32799492904,518231.55360624404,34469.85432362935,22518.628712314356,503761.6992826147,interactive_short,True,32
canvas_aware,243,483990.498999464,506318.385438268,518303.96528884047,34313.46628937649,22327.88643880404,583990.498999464,interactive_long,False,256
canvas_aware,244,484042.5267418703,506280.32799492904,518231.55360624404,34189.026864373765,22237.801253058773,504042.5267418703,interactive_short,True,32
canvas_aware,245,484790.3353382794,506280.32799492904,518231.55360624404,33441.218267964665,21489.992656649672,504790.3353382794,interactive_short,True,32
canvas_aware,246,487052.69278963906,506280.32799492904,518231.55360624404,31178.86081660498,19227.63520528999,507052.69278963906,interactive_short,True,32
canvas_aware,247,493401.1114832305,506280.32799492904,518231.55360624404,24830.44212301355,12879.216511698556,513401.1114832305,interactive_short,True,32
canvas_aware,248,494411.64184506255,506280.32799492904,518231.55360624404,23819.911761181487,11868.686149866495,514411.64184506255,interactive_short,True,32
canvas_aware,249,496922.27723848145,506280.32799492904,518231.55360624404,21309.27636776259,9358.0507564476,516922.27723848145,interactive_short,True,32
canvas_aware,250,497080.35602946056,506280.32799492904,518231.55360624404,21151.19757678348,9199.971965468489,517080.35602946056,interactive_short,True,32
canvas_aware,251,499426.68989969784,518366.6340296364,556538.181817731,57111.49191803316,18939.94412993855,599426.6898996979,interactive_long,False,256
canvas_aware,252,501400.34374918457,518303.96528884047,556192.9348000573,54792.591050872754,16903.6215396559,521400.34374918457,interactive_short,True,32
canvas_aware,253,501615.2943729255,518303.96528884047,556192.9348000573,54577.640427131846,16688.67091591499,521615.2943729255,interactive_short,True,32
canvas_aware,254,504576.33641678223,518366.6340296364,556538.181817731,51961.845400948776,13790.297612854163,604576.3364167822,interactive_long,False,256
canvas_aware,255,508374.4900678,518366.6340296364,556538.181817731,48163.69174993102,9992.14396183641,608374.4900678,interactive_long,False,256
canvas_aware,256,510209.1306652767,518303.96528884047,556192.9348000573,45983.8041347806,8094.834623563744,530209.1306652767,interactive_short,True,32
canvas_aware,257,510467.1967220508,518303.96528884047,556192.9348000573,45725.73807800654,7836.768566789688,530467.1967220508,interactive_short,True,32
canvas_aware,258,518718.1678001482,518764.6397566339,556900.3017486313,38182.1339484831,46.47195648570778,538718.1678001483,interactive_short,True,32
canvas_aware,259,521770.52560869,526168.5022227934,567048.0044542883,45277.47884559829,4397.97661410342,621770.52560869,interactive_long,False,256
canvas_aware,260,522623.5060952592,526168.5022227934,567048.0044542883,44424.498359029065,3544.996127534192,622623.5060952592,interactive_long,False,256
canvas_aware,261,523742.0608319924,526168.5022227934,567048.0044542883,43305.94362229586,2426.4413908009883,623742.0608319924,interactive_long,False,256
canvas_aware,262,524667.9448782488,526144.7723295048,566746.9042489871,42078.959370738245,1476.8274512559874,544667.9448782488,interactive_short,True,32
canvas_aware,263,526078.2256618903,526144.7723295048,566746.9042489871,40668.67858709674,66.54666761448607,546078.2256618903,interactive_short,True,32
canvas_aware,264,526912.9908668387,531044.3436863953,570661.6504957209,43748.65962888219,4131.352819556603,626912.9908668387,interactive_long,False,256
canvas_aware,265,530701.5805189821,531017.2238083513,570460.9685787241,39759.388059741934,315.64328936918173,550701.5805189821,interactive_short,True,32
canvas_aware,266,534157.2456176562,534368.5258698105,572345.5154305774,38188.269812921295,211.28025215433445,554157.2456176562,interactive_short,True,32
canvas_aware,267,534380.3132819388,556568.6916805306,584677.2379108922,50296.92462895345,22188.37839859177,634380.3132819388,interactive_long,False,256
canvas_aware,268,540857.8361210944,556538.181817731,584509.5694177914,43651.73329669703,15680.345696636592,560857.8361210944,interactive_short,True,32
canvas_aware,269,542876.7606051796,556538.181817731,584509.5694177914,41632.80881261185,13661.421212551417,562876.7606051796,interactive_short,True,32
canvas_aware,270,546405.5237133533,556568.6916805306,584677.2379108922,38271.71419753891,10163.167967177229,646405.5237133533,interactive_long,False,256
canvas_aware,271,548862.7969466735,556538.181817731,584509.5694177914,35646.7724711179,7675.3848710574675,568862.7969466735,interactive_short,True,32
canvas_aware,272,550006.3811932743,556538.181817731,584509.5694177914,34503.18822451716,6531.800624456722,570006.3811932743,interactive_short,True,32
canvas_aware,273,552653.3606579853,567085.2942865989,588187.6863879183,35534.325729932985,14431.933628613595,652653.3606579853,interactive_long,False,256
canvas_aware,274,559385.4303205531,567048.0044542883,588115.2747053219,28729.844384768745,7662.57413373515,579385.4303205531,interactive_short,True,32
canvas_aware,275,560015.0775665006,567048.0044542883,588115.2747053219,28100.19713882124,7032.926887787646,580015.0775665006,interactive_short,True,32
canvas_aware,276,563317.6736536679,567048.0044542883,588115.2747053219,24797.601051653968,3730.3308006203733,583317.6736536679,interactive_short,True,32
canvas_aware,277,564862.8030823345,567048.0044542883,588115.2747053219,23252.471622987418,2185.2013719538227,584862.8030823345,interactive_short,True,32
canvas_aware,278,566184.1533976971,567048.0044542883,588115.2747053219,21931.121307624737,863.851056591142,586184.1533976971,interactive_short,True,32
canvas_aware,279,567328.0471315094,567523.9479529032,588367.265078429,21039.217946919613,195.9008213938214,587328.0471315094,interactive_short,True,32
canvas_aware,280,569954.3298416642,570661.6504957209,590217.02023503,20262.690393365803,707.3206540567335,589954.3298416642,interactive_short,True,32
canvas_aware,281,570579.3603688445,570661.6504957209,590217.02023503,19637.65986618551,82.2901268764399,590579.3603688445,interactive_short,False,32
canvas_aware,282,574396.5739147417,574596.6670253468,592791.6891201229,18395.115205381182,200.0931106050266,594396.5739147417,interactive_short,False,32
canvas_aware,283,577949.1063649838,584677.2379108922,594436.9396087602,16487.833243776346,6728.1315459084,597949.1063649838,interactive_short,False,32
canvas_aware,284,578130.4068491043,584677.2379108922,594436.9396087602,16306.532759655849,6546.831061787903,598130.4068491043,interactive_short,False,32
canvas_aware,285,582398.3067883528,588221.5862354734,610547.013271872,28148.70648351917,5823.279447120614,682398.3067883528,interactive_long,False,256
canvas_aware,286,582957.3733546018,588221.5862354734,610547.013271872,27589.639917270164,5264.212880871608,682957.3733546018,interactive_long,False,256
canvas_aware,287,584207.2608711326,588187.6863879183,610379.3447787712,26172.08390763856,3980.4255167857045,604207.2608711326,interactive_short,True,32
canvas_aware,288,586092.1797219864,588187.6863879183,610379.3447787712,24287.165056784754,2095.506665931898,606092.1797219864,interactive_short,True,32
canvas_aware,289,587044.9936691284,588187.6863879183,610379.3447787712,23334.35110964277,1142.6927187899128,607044.9936691284,interactive_short,True,32
canvas_aware,290,587103.2334616845,588187.6863879183,610379.3447787712,23276.111317086616,1084.45292623376,607103.2334616845,interactive_short,True,32
canvas_aware,291,590910.2184382996,595158.4604468346,614200.3931555022,23290.17471720255,4248.242008534959,690910.2184382996,interactive_long,False,256
canvas_aware,292,591311.612814089,595134.730553546,614127.9814729057,22816.368658816675,3823.1177394569386,611311.612814089,interactive_short,True,32
canvas_aware,293,591788.431403746,595134.730553546,614127.9814729057,22339.55006915971,3346.2991497999756,611788.431403746,interactive_short,True,32
canvas_aware,294,594985.7474219035,595134.730553546,614127.9814729057,19142.23405100219,148.98313164245337,614985.7474219035,interactive_short,False,32
canvas_aware,295,595817.805370963,595900.3240991035,614325.5745018888,18507.76913092588,82.51872814050876,615817.805370963,interactive_short,False,32
canvas_aware,296,600063.67256221,600185.6682642889,615014.0719070155,14950.399344805512,121.9957020789152,620063.67256221,interactive_short,False,32
canvas_aware,297,602479.5254504309,602563.808535093,615514.7972925622,13035.271842131275,84.28308466204908,622479.5254504309,interactive_short,False,32
canvas_aware,298,603126.1952832483,603168.5135570606,616230.2854025618,13104.090119313449,42.318273812299594,623126.1952832483,interactive_short,False,32
canvas_aware,299,603146.6012599512,616230.2854025618,624557.6289011512,21411.027641199995,13083.684142610524,703146.6012599512,interactive_long,False,256
