policy,request_id,arrival_ms,first_start_ms,completion_ms,latency_ms,first_wait_ms,deadline_ms,service_class,slo_miss,canvas
arrival_dense,0,0.0,0.0,3291.245305998018,3291.245305998018,0.0,20000.0,interactive_short,False,32
arrival_dense,1,4685.326635856748,4685.326635856748,8134.444861459181,3449.118225602433,0.0,24685.32663585675,interactive_short,False,32
arrival_dense,2,6262.838718290957,6288.020002255783,9737.138227858217,3474.2995095672595,25.181283964825525,26262.838718290957,interactive_short,False,32
arrival_dense,3,9861.555492950167,9861.555492950167,16358.432821550552,6496.877328600385,0.0,29861.555492950167,interactive_short,False,32
arrival_dense,4,11608.542790353687,11635.966005749098,22927.908880865463,11319.366090511776,27.423215395410807,61608.54279035369,interactive_medium,False,64
arrival_dense,5,11929.100460691434,11929.808385398966,23662.514829990134,11733.4143692987,0.7079247075325839,31929.100460691436,interactive_short,False,32
arrival_dense,6,12201.760830234378,12244.639506452397,24082.289658061374,11880.528827826996,42.87867621801888,62201.76083023438,interactive_medium,False,64
arrival_dense,7,12938.846292477965,13000.23419698063,24505.30365843387,11566.457365955905,61.38790450266424,32938.84629247797,interactive_short,False,32
arrival_dense,8,17523.749290794418,17533.802340150025,26588.84412089191,9065.094830097492,10.053049355607072,37523.74929079442,interactive_short,False,32
arrival_dense,9,20704.219288184544,20787.057257702138,27558.99955538861,6854.780267204067,82.83796951759359,40704.21928818454,interactive_short,False,32
arrival_dense,10,24646.507156003463,24661.78034141721,28789.63910458787,4143.131948584407,15.273185413745523,44646.50715600346,interactive_short,False,32
arrival_dense,11,29230.284890772156,29230.284890772156,35638.31020236349,6408.0253115913365,0.0,49230.284890772156,interactive_short,False,32
arrival_dense,12,29701.92333515015,29716.816805571863,36703.67879589422,7001.7554607440725,14.893470421713573,49701.923335150146,interactive_short,False,32
arrival_dense,13,30276.033844297603,30280.132864311883,37549.70679663921,7273.672952341611,4.099020014280541,50276.033844297606,interactive_short,False,32
arrival_dense,14,30492.972578722907,30515.140642296603,37706.18347962255,7213.210900899645,22.16806357369569,50492.97257872291,interactive_short,False,32
arrival_dense,15,33522.2850675438,33523.240200501015,39352.04276528194,5829.7576977381395,0.955132957213209,53522.2850675438,interactive_short,False,32
arrival_dense,16,37832.93903158115,37849.281101622466,42795.865277260156,4962.926245679009,16.342070041318948,57832.93903158115,interactive_short,False,32
arrival_dense,17,38875.962027478956,38882.0272093125,44873.750676212796,5997.78864873384,6.065181833546376,58875.962027478956,interactive_short,False,32
arrival_dense,18,40814.614746337094,40822.92358532533,47665.253282886544,6850.63853654945,8.30883898823231,90814.61474633709,interactive_medium,False,64
arrival_dense,19,41150.39514152049,41200.72093058944,47917.11817972929,6766.723038208802,50.32578906895651,61150.39514152049,interactive_short,False,32
arrival_dense,20,46465.51854974466,46468.89502288351,52804.707158153135,6339.188608408476,3.376473138850997,96465.51854974465,interactive_medium,False,64
arrival_dense,21,50464.64652766523,50495.94560376131,54521.8786221521,4057.2320944868698,31.29907609608199,70464.64652766523,interactive_short,False,32
arrival_dense,22,57941.29295752837,57941.29295752837,61232.53826352639,3291.245305998018,0.0,77941.29295752838,interactive_short,False,32
arrival_dense,23,61270.895281049074,61270.895281049074,64562.14058704709,3291.245305998018,0.0,81270.89528104907,interactive_short,False,32
arrival_dense,24,65535.16615037969,65535.16615037969,77949.65125055923,12414.485100179532,0.0,115535.1661503797,interactive_medium,False,128
arrival_dense,25,65585.36358234937,65590.96354375916,78054.59495757704,12469.231375227668,5.599961409796379,85585.36358234937,interactive_short,False,32
arrival_dense,26,68253.25681341092,68284.48662711043,80825.10882284722,12571.852009436305,31.229813699508668,88253.25681341092,interactive_short,False,32
arrival_dense,27,69060.7463946566,69139.8109300705,81454.77106495408,12394.024670297484,79.06453541389783,89060.7463946566,interactive_short,False,32
arrival_dense,28,74402.71441442745,74499.84322862027,84309.23989583852,9906.525481411067,97.12881419282348,124402.71441442745,interactive_medium,False,64
arrival_dense,29,77644.06746322283,77778.58638996721,85421.6431902273,7777.5757270044705,134.5189267443784,97644.06746322283,interactive_short,False,32
arrival_dense,30,81635.21006518841,81664.6584789897,88485.99943514736,6850.789369958948,29.44841380129219,131635.2100651884,interactive_medium,False,64
arrival_dense,31,84964.57561606709,84980.8796207525,95053.79750118617,10089.221885119085,16.30400468541484,134964.5756160671,interactive_medium,False,64
arrival_dense,32,85585.2647166139,85589.5531214558,96308.27314552761,10723.008428913701,4.2884048418927705,105585.2647166139,interactive_short,False,32
arrival_dense,33,88681.710555966,88695.88684918298,103675.0264164382,14993.315860472198,14.176293216980412,138681.710555966,interactive_medium,False,128
arrival_dense,34,88910.50326923911,88952.484140071,103858.13265959568,14947.629390356567,41.98087083188875,108910.50326923911,interactive_short,False,32
arrival_dense,35,93024.56098153477,93058.04079427934,107376.6407788963,14352.079797361526,33.479812744568335,113024.56098153477,interactive_short,False,32
arrival_dense,36,96936.79057994079,96992.53258789566,110210.42787538124,13273.63729544045,55.74200795487559,146936.79057994077,interactive_medium,False,64
arrival_dense,37,97439.96335557531,97448.70554947437,110524.32429222266,13084.360936647354,8.742193899059203,117439.96335557531,interactive_short,False,32
arrival_dense,38,100831.98873158326,100870.00276131465,112250.75458485032,11418.765853267061,38.01402973139193,150831.98873158326,interactive_medium,False,64
arrival_dense,39,102065.48441728606,102067.45678545875,112739.03789993691,10673.553482650852,1.9723681726900395,122065.48441728606,interactive_short,False,32
arrival_dense,40,102793.72061808415,102817.65594658247,112983.17955748022,10189.458939396078,23.935328498322633,152793.72061808413,interactive_medium,False,64
arrival_dense,41,105966.58478485378,105998.984282759,115239.25422613353,9272.669441279751,32.39949790522223,125966.58478485378,interactive_short,False,32
arrival_dense,42,106483.07855714422,106487.26759784562,115865.94163409279,9382.86307694856,4.18904070139979,126483.07855714422,interactive_short,False,32
arrival_dense,43,106530.9764266568,106557.02235714371,115928.61037488871,9397.633948231916,26.045930486914585,126530.9764266568,interactive_short,False,32
arrival_dense,44,106960.16133027605,107027.86698240585,116210.61970847037,9250.458378194322,67.70565212979272,126960.16133027605,interactive_short,False,32
arrival_dense,45,107755.9349758439,107769.01129994808,116492.27773784038,8736.342761996479,13.076324104171363,127755.9349758439,interactive_short,False,32
arrival_dense,46,111751.33283285139,111779.90995958819,117923.25395783952,6171.921124988134,28.577126736796345,131751.3328328514,interactive_short,False,32
arrival_dense,47,118567.11856872926,118567.11856872926,122575.5690316254,4008.450462896144,0.0,138567.11856872926,interactive_short,False,32
arrival_dense,48,119221.6976026299,119225.36762992886,123656.60481035511,4434.90720772522,3.6700272989692166,139221.6976026299,interactive_short,False,32
arrival_dense,49,121273.24896644348,121290.85984530894,125722.09702573519,4448.848059291704,17.610878865452833,141273.24896644347,interactive_short,False,32
arrival_dense,50,122293.82844906364,122324.8940684417,126351.72656253481,4057.898113471165,31.065619378059637,142293.82844906364,interactive_short,False,32
arrival_dense,51,130236.27999100173,130236.27999100173,133690.74984099754,3454.469849995803,0.0,150236.27999100173,interactive_short,False,32
arrival_dense,52,131772.95154212418,131781.7343086008,135236.2041585966,3463.252616472426,8.782766476622783,151772.95154212418,interactive_short,False,32
arrival_dense,53,137374.50461665468,137374.50461665468,147267.45970156754,9892.955084912857,0.0,187374.50461665468,interactive_medium,False,128
arrival_dense,54,137619.61235432947,137653.49158355204,147502.46747955226,9882.855125222792,33.87922922256985,157619.61235432947,interactive_short,False,32
arrival_dense,55,144659.61547534552,144672.97598258866,150193.8664268657,5534.250951520167,13.360507243138272,164659.61547534552,interactive_short,False,32
arrival_dense,56,145053.0272684508,145100.6381340687,150336.9640488656,5283.936780414806,47.610865617898526,165053.0272684508,interactive_short,False,32
arrival_dense,57,151621.68697230733,151621.68697230733,199089.07613951716,47467.389167209825,0.0,201621.68697230733,interactive_medium,False,64
arrival_dense,58,152238.7259482832,152284.81402420122,206147.31692343022,53908.59097514703,46.08807591802906,172238.7259482832,interactive_short,True,32
arrival_dense,59,152468.2070170382,152494.70143823684,210068.56180338192,57600.35478634373,26.494421198643977,172468.2070170382,interactive_short,True,32
arrival_dense,60,153608.5224910845,153628.09347402919,224185.04337120804,70576.52088012354,19.570982944685966,253608.5224910845,interactive_long,False,256
arrival_dense,61,156216.44073635942,156236.95839498806,228997.65027512188,72781.20953876246,20.517658628639765,176216.44073635942,interactive_short,True,32
arrival_dense,62,156969.2554851252,156989.70890824104,230108.25186833277,73138.99638320756,20.453423115832265,176969.2554851252,interactive_short,True,32
arrival_dense,63,158833.12467464927,159097.41034534937,232699.65558582483,73866.53091117556,264.2856707001047,178833.12467464927,interactive_short,True,32
arrival_dense,64,160265.64130798163,160478.3984160441,234180.457710106,73914.81640212439,212.75710806247662,210265.64130798163,interactive_medium,True,64
arrival_dense,65,161238.5429869296,161267.5344564411,234920.8587722466,73682.31578531701,28.991469511500327,211238.5429869296,interactive_medium,True,64
arrival_dense,66,162957.3623497664,163043.09054733432,236401.66089652778,73444.29854676139,85.7281975679216,182957.3623497664,interactive_short,True,32
arrival_dense,67,163545.3596597112,164029.51059783055,237142.06195866838,73596.70229895719,484.15093811936094,183545.3596597112,interactive_short,True,32
arrival_dense,68,166012.74851501672,166199.63470892227,238622.86408294956,72610.11556793284,186.8861939055496,186012.74851501672,interactive_short,True,32
arrival_dense,69,166016.13393510526,166199.63470892227,238622.86408294956,72606.7301478443,183.50077381700976,186016.13393510526,interactive_short,True,32
arrival_dense,70,171212.06512667643,171297.25305285948,241584.46833151192,70372.40320483549,85.18792618304724,191212.06512667643,interactive_short,True,32
arrival_dense,71,172758.40355763954,173355.90661483412,243937.21525948294,71178.8117018434,597.5030571945827,222758.40355763954,interactive_medium,True,128
arrival_dense,72,175300.2676131151,175561.60685980695,246289.96218745396,70989.69457433885,261.3392466918449,225300.2676131151,interactive_medium,True,64
arrival_dense,73,178009.4720451799,199089.07613951716,269817.4314671642,91807.9594219843,21079.604094337265,198009.4720451799,interactive_short,True,32
arrival_dense,74,180230.61004395568,206147.31692343022,276875.67225107725,96645.06220712158,25916.706879474543,200230.61004395568,interactive_short,True,32
arrival_dense,75,181136.4200486716,210068.56180338192,280796.91713102895,99660.49708235735,28932.14175471032,201136.4200486716,interactive_short,True,32
arrival_dense,76,181281.50511497576,224185.04337120804,294913.3986988551,113631.89358387931,42903.53825623228,231281.50511497576,interactive_medium,True,128
arrival_dense,77,183464.20864479677,228997.65027512188,305108.6353867295,121644.42674193272,45533.441630325106,203464.20864479677,interactive_short,True,32
arrival_dense,78,184265.7609896628,230108.25186833277,307461.3823147005,123195.6213250377,45842.49087866995,204265.7609896628,interactive_short,True,32
arrival_dense,79,185019.27037452036,232699.65558582483,312951.1251466329,127931.85477211254,47680.38521130447,205019.27037452036,interactive_short,True,32
arrival_dense,80,188787.22094703364,234180.457710106,316088.12105059426,127300.90010356062,45393.236763072375,208787.22094703364,interactive_short,True,32
arrival_dense,81,191331.39780426107,234920.8587722466,317656.61900257494,126325.22119831387,43589.460967985535,211331.39780426107,interactive_short,True,32
arrival_dense,82,192045.66867047417,236401.66089652778,320793.6149065363,128747.94623606213,44355.99222605361,212045.66867047417,interactive_short,True,32
arrival_dense,83,192785.72366443145,237142.06195866838,322362.112858517,129576.38919408552,44356.33829423692,242785.72366443145,interactive_medium,True,64
arrival_dense,84,193835.54878730024,238622.86408294956,325499.10876247834,131663.5599751781,44787.315295649314,213835.54878730024,interactive_short,True,32
arrival_dense,85,194865.21737300162,238622.86408294956,325499.10876247834,130633.89138947672,43757.646709947934,214865.21737300162,interactive_short,True,32
arrival_dense,86,195566.19192016678,241584.46833151192,331773.10057040106,136206.90865023428,46018.27641134514,295566.1919201668,interactive_long,True,256
arrival_dense,87,195838.49080862475,243937.21525948294,334125.8474983721,138287.35668974734,48098.72445085819,215838.49080862475,interactive_short,True,32
arrival_dense,88,196929.48483398094,246289.96218745396,336478.5944263431,139549.10959236216,49360.47735347302,216929.48483398094,interactive_short,True,32
arrival_dense,89,202568.46551219074,269817.4314671642,360006.0637060533,157437.59819386256,67248.96595497345,222568.46551219074,interactive_short,True,32
arrival_dense,90,204830.64109467145,276875.67225107725,367064.30448996637,162233.66339529492,72045.0311564058,224830.64109467145,interactive_short,True,32
arrival_dense,91,209492.72434268222,280796.91713102895,370985.54936991807,161492.82502723584,71304.19278834673,229492.72434268222,interactive_short,True,32
arrival_dense,92,211404.4249104831,294913.3986988551,385102.0309377442,173697.6060272611,83508.97378837198,261404.4249104831,interactive_medium,True,64
arrival_dense,93,212120.4905687086,305108.6353867295,395297.2676256186,183176.77705691,92988.1448180209,232120.4905687086,interactive_short,True,32
arrival_dense,94,213708.3589683187,307461.3823147005,397650.01455358963,183941.65558527093,93753.02334638181,233708.3589683187,interactive_short,True,32
arrival_dense,95,213709.17101254492,312951.1251466329,403139.757385522,189430.5863729771,99241.95413408798,233709.17101254492,interactive_short,True,32
arrival_dense,96,214385.4767159057,316088.12105059426,406276.7532894834,191891.27657357766,101702.64433468855,314385.4767159057,interactive_long,True,256
arrival_dense,97,215509.3221345372,317656.61900257494,407017.15435162396,191507.83221708678,102147.29686803775,235509.3221345372,interactive_short,True,32
arrival_dense,98,217244.25080076285,320793.6149065363,408497.95647590514,191253.7056751423,103549.36410577345,267244.25080076285,interactive_medium,True,128
arrival_dense,99,219370.96672305348,322362.112858517,409238.35753804573,189867.39081499225,102991.1461354635,269370.9667230535,interactive_medium,True,64
arrival_dense,100,220621.8996391037,325499.10876247834,410719.1596623269,190097.2600232232,104877.20912337463,240621.8996391037,interactive_short,True,32
arrival_dense,101,221789.26511169868,325499.10876247834,410719.1596623269,188929.89455062823,103709.84365077966,271789.26511169865,interactive_medium,True,64
arrival_dense,102,222270.10243516884,331773.10057040106,413680.7639108893,191410.66147572044,109502.99813523222,242270.10243516884,interactive_short,True,32
arrival_dense,103,223551.9186087876,334125.8474983721,414791.36550410016,191239.44689531258,110573.9288895845,243551.9186087876,interactive_short,True,32
arrival_dense,104,228180.84585377428,336478.5944263431,415901.96709731105,187721.12124353676,108297.74857256882,248180.84585377428,interactive_short,True,32
arrival_dense,105,231360.35918512376,360006.0637060533,427007.9830294199,195647.62384429615,128645.70452092955,251360.35918512376,interactive_short,True,32
arrival_dense,106,231732.27485609736,367064.30448996637,430339.78780905256,198607.5129529552,135332.029633869,251732.27485609736,interactive_short,True,32
arrival_dense,107,231909.49041917422,370985.54936991807,432190.79046440404,200281.30004522981,139076.05895074384,251909.49041917422,interactive_short,True,32
arrival_dense,108,233358.5680228021,385102.0309377442,438854.40002366935,205495.83200086726,151743.4629149421,253358.5680228021,interactive_short,True,32
arrival_dense,109,235363.03259872267,395297.2676256186,443667.0069275832,208303.97432886052,159934.23502689594,285363.03259872267,interactive_medium,True,128
arrival_dense,110,236179.5353372144,397650.01455358963,444777.6085207941,208598.0731835797,161470.47921637524,286179.53533721436,interactive_medium,True,64
arrival_dense,111,239591.69139954826,403139.757385522,447369.01223828614,207777.32083873788,163548.06598597375,259591.69139954826,interactive_short,True,32
arrival_dense,112,242373.40601094568,406276.7532894834,448849.8143625673,206476.40835162165,163903.3472785377,262373.4060109457,interactive_short,True,32
arrival_dense,113,244607.74689604086,407017.15435162396,449590.2154247079,204982.46852866706,162409.4074555831,264607.74689604086,interactive_short,True,32
arrival_dense,114,245116.60429665423,408497.95647590514,451071.0175489891,205954.41325233487,163381.3521792509,295116.60429665423,interactive_medium,True,128
arrival_dense,115,245560.71741308132,409238.35753804573,451811.4186111297,206250.70119804837,163677.6401249644,295560.7174130813,interactive_medium,True,64
arrival_dense,116,245610.1746843997,410719.1596623269,453292.22073541087,207682.04605101116,165108.9849779272,265610.17468439974,interactive_short,True,32
arrival_dense,117,246171.83268557416,410719.1596623269,453292.22073541087,207120.3880498367,164547.32697675275,266171.8326855742,interactive_short,True,32
arrival_dense,118,247461.06619236048,413680.7639108893,456253.82498397323,208792.75879161275,166219.6977185288,267461.0661923605,interactive_short,True,32
arrival_dense,119,251251.8118115288,414791.36550410016,457364.4265771841,206112.6147656553,163539.55369257135,271251.8118115288,interactive_short,True,32
arrival_dense,120,251403.04467762125,415901.96709731105,458475.028170395,207071.98349277375,164498.9224196898,301403.0446776212,interactive_medium,True,64
arrival_dense,121,252473.421380079,427007.9830294199,469581.04410250386,217107.62272242486,174534.5616493409,272473.421380079,interactive_short,True,32
arrival_dense,122,254460.65811645883,430339.78780905256,472912.8488821365,218452.1907656777,175879.12969259373,304460.6581164588,interactive_medium,True,64
arrival_dense,123,254893.08147302043,432190.79046440404,474763.851537488,219870.77006446756,177297.7089913836,274893.08147302043,interactive_short,True,32
arrival_dense,124,257276.86858247902,438854.40002366935,481427.4610967533,224150.5925142743,181577.53144119034,277276.868582479,interactive_short,True,32
arrival_dense,125,258640.7971443583,443667.0069275832,486240.06800066715,227599.27085630884,185026.20978322488,278640.7971443583,interactive_short,True,32
arrival_dense,126,259200.18378525076,444777.6085207941,487350.66959387803,228150.48580862727,185577.42473554332,279200.18378525076,interactive_short,True,32
arrival_dense,127,261334.74833081558,447369.01223828614,489942.0733113701,228607.32498055452,186034.26390747057,311334.7483308156,interactive_medium,True,128
arrival_dense,128,261345.86882622488,448849.8143625673,491422.8754356513,230077.0066094264,187503.94553634245,311345.8688262249,interactive_medium,True,64
arrival_dense,129,264126.1882832452,449590.2154247079,492163.27649779187,228037.08821454667,185464.02714146272,314126.1882832452,interactive_medium,True,64
arrival_dense,130,267065.94190347125,451071.0175489891,493644.07862207305,226578.1367186018,184005.07564551785,287065.94190347125,interactive_short,True,32
arrival_dense,131,267291.35520539456,451811.4186111297,494384.47968421364,227093.12447881908,184520.06340573513,287291.35520539456,interactive_short,True,32
arrival_dense,132,268398.6342470887,453292.22073541087,495865.2818084948,227466.64756140613,184893.58648832218,318398.6342470887,interactive_medium,True,64
arrival_dense,133,268785.528719743,453292.22073541087,495865.2818084948,227079.7530887518,184506.69201566785,318785.528719743,interactive_medium,True,128
arrival_dense,134,275124.0836601808,456253.82498397323,496829.09383028955,221705.01017010876,181129.74132379243,295124.0836601808,interactive_short,True,32
arrival_dense,135,276583.5306883647,457364.4265771841,499181.8407582606,222598.31006989587,180780.89588881942,296583.5306883647,interactive_short,True,32
arrival_dense,136,276686.57708818314,458475.028170395,501534.5876862316,224848.01059804845,181788.45108221186,296686.57708818314,interactive_short,True,32
arrival_dense,137,277259.80445404275,469581.04410250386,525062.0569659418,247802.25251189905,192321.2396484611,327259.80445404275,interactive_medium,True,64
arrival_dense,138,281031.9844971329,472912.8488821365,532120.2977498549,251088.31325272197,191880.86438500363,331031.9844971329,interactive_medium,True,64
arrival_dense,139,282251.2951702571,474763.851537488,536041.5426298066,253790.24745954946,192512.5563672309,302251.2951702571,interactive_short,True,32
arrival_dense,140,285484.3874195229,481427.4610967533,550158.0241976327,264673.63677810977,195943.0736772304,305484.3874195229,interactive_short,True,32
arrival_dense,141,287687.0858763872,486240.06800066715,560353.2608855071,272666.1750091199,198552.98212427995,307687.0858763872,interactive_short,True,32
arrival_dense,142,296514.93849096954,487350.66959387803,562706.0078134781,266191.0693225086,190835.7311029085,316514.93849096954,interactive_short,True,32
arrival_dense,143,298324.9098344262,489942.0733113701,568195.7506454105,269870.8408109843,191617.1634769439,348324.9098344262,interactive_medium,True,64
arrival_dense,144,304317.9593471235,491422.8754356513,571332.7465493719,267014.78720224835,187104.91608852777,324317.9593471235,interactive_short,True,32
arrival_dense,145,308758.6046021605,492163.27649779187,572901.2445013525,264142.639899192,183404.67189563136,328758.6046021605,interactive_short,True,32
arrival_dense,146,310655.46979909524,493644.07862207305,576038.2404053139,265382.77060621866,182988.6088229778,330655.46979909524,interactive_short,True,32
arrival_dense,147,313196.2218718601,494384.47968421364,577606.7383572946,264410.5164854345,181188.25781235355,363196.2218718601,interactive_medium,True,64
arrival_dense,148,314601.7208017273,495865.2818084948,580743.734261256,266142.0134595286,181263.5610067675,334601.7208017273,interactive_short,True,32
arrival_dense,149,318152.3418345306,495865.2818084948,580743.734261256,262591.39242672536,177712.93997396424,338152.3418345306,interactive_short,True,32
arrival_dense,150,319739.9215228538,496829.09383028955,587017.7260691787,267277.8045463249,177089.17230743577,419739.9215228538,interactive_long,True,256
arrival_dense,151,324290.01903144224,499181.8407582606,588128.3276623897,263838.3086309475,174891.82172681834,344290.01903144224,interactive_short,True,32
arrival_dense,152,327012.4846522204,501534.5876862316,589238.9292556008,262226.4446033804,174522.1030340112,347012.4846522204,interactive_short,True,32
arrival_dense,153,328299.95882871764,525062.0569659418,600344.9451877114,272044.98635899374,196762.09813722415,348299.95882871764,interactive_short,True,32
arrival_dense,154,328899.98520282906,532120.2977498549,603676.7499673446,274776.7647645155,203220.3125470258,348899.98520282906,interactive_short,True,32
arrival_dense,155,329468.00215959235,536041.5426298066,605527.7526226963,276059.750463104,206573.5404702142,349468.00215959235,interactive_short,True,32
arrival_dense,156,331498.3546530178,550158.0241976327,612191.3621819627,280693.0075289449,218659.66954461485,351498.3546530178,interactive_short,True,32
arrival_dense,157,334401.6311719936,560353.2608855071,617003.9690858773,282602.3379138837,225951.62971351348,354401.6311719936,interactive_short,True,32
arrival_dense,158,335874.9927551598,562706.0078134781,618114.5706790884,282239.57792392856,226831.01505831833,355874.9927551598,interactive_short,True,32
arrival_dense,159,337845.99806512165,568195.7506454105,620705.9743965808,282859.9763314592,230349.75258028886,357845.99806512165,interactive_short,True,32
arrival_dense,160,338488.05513029825,571332.7465493719,622186.7765208622,283698.721390564,232844.6914190736,358488.05513029825,interactive_short,True,32
arrival_dense,161,338649.35484757664,572901.2445013525,622927.177583003,284277.8227354263,234251.8896537759,358649.35484757664,interactive_short,True,32
arrival_dense,162,339322.3381436127,576038.2404053139,624407.9797072844,285085.64156367164,236715.90226170118,359322.3381436127,interactive_short,True,32
arrival_dense,163,339956.4640854367,577606.7383572946,625148.3807694251,285191.91668398835,237650.27427185787,389956.4640854367,interactive_medium,True,128
arrival_dense,164,340726.9350188946,580743.734261256,626629.1828937065,285902.2478748119,240016.79924236133,390726.9350188946,interactive_medium,True,64
arrival_dense,165,342280.6545444606,580743.734261256,626629.1828937065,284348.5283492459,238463.07971679536,362280.6545444606,interactive_short,True,32
arrival_dense,166,342578.52264161,587017.7260691787,629590.7871422693,287012.2645006593,244439.20342756866,362578.52264161,interactive_short,True,32
arrival_dense,167,343104.5314275153,588128.3276623897,631943.5340702403,288839.002642725,245023.7962348744,363104.5314275153,interactive_short,True,32
arrival_dense,168,345472.54378428264,589238.9292556008,634296.2809982114,288823.7372139287,243766.38547131815,365472.54378428264,interactive_short,True,32
arrival_dense,169,347923.74814603163,600344.9451877114,657823.7502779216,309900.0021318899,252421.19704167976,367923.74814603163,interactive_short,True,32
arrival_dense,170,348056.51680808194,603676.7499673446,664881.9910618346,316825.4742537527,255620.23315926263,398056.51680808194,interactive_medium,True,128
arrival_dense,171,349103.6610731932,605527.7526226963,668803.2359417863,319699.57486859313,256424.09154950315,369103.6610731932,interactive_short,True,32
arrival_dense,172,350668.1037808773,612191.3621819627,682919.7175096124,332251.61372873513,261523.2584010854,370668.1037808773,interactive_short,True,32
arrival_dense,173,351743.0393517153,617003.9690858773,693114.9541974869,341371.91484577156,265260.929734162,401743.0393517153,interactive_medium,True,64
arrival_dense,174,352206.4858290961,618114.5706790884,695467.7011254579,343261.21529636177,265908.08484999224,402206.4858290961,interactive_medium,True,64
arrival_dense,175,353296.4351300922,620705.9743965808,700957.4439573903,347661.00882729806,267409.53926648863,373296.4351300922,interactive_short,True,32
arrival_dense,176,358000.79433636187,622186.7765208622,704094.4398613516,346093.64552498976,264185.9821845004,378000.79433636187,interactive_short,True,32
arrival_dense,177,359755.3162093097,622927.177583003,705662.9378133323,345907.6216040226,263171.8613736933,379755.3162093097,interactive_short,True,32
arrival_dense,178,362133.63557731314,624407.9797072844,708799.9337172937,346666.2981399805,262274.3441299712,382133.63557731314,interactive_short,True,32
arrival_dense,179,366019.71258193307,625148.3807694251,710368.4316692743,344348.7190873413,259128.668187492,386019.71258193307,interactive_short,True,32
arrival_dense,180,368921.118746171,626629.1828937065,713505.4275732357,344584.3088270647,257708.06414753548,418921.118746171,interactive_medium,True,64
arrival_dense,181,369878.4198514725,626629.1828937065,713505.4275732357,343627.0077217632,256750.763042234,389878.4198514725,interactive_short,True,32
arrival_dense,182,369890.2469196961,629590.7871422693,719779.4193811584,349889.1724614623,259700.5402225732,469890.2469196961,interactive_long,True,256
arrival_dense,183,370757.2317872697,631943.5340702403,722132.1663091294,351374.93452185974,261186.30228297063,390757.2317872697,interactive_short,True,32
arrival_dense,184,373557.81654337514,634296.2809982114,724484.9132371005,350927.0966937253,260738.4644548362,393557.81654337514,interactive_short,True,32
arrival_dense,185,377398.56579818815,657823.7502779216,748012.3825168107,370613.8167186225,280425.1844797334,397398.56579818815,interactive_short,True,32
arrival_dense,186,383532.1777781886,664881.9910618346,755070.6233007237,371538.4455225351,281349.813283646,433532.1777781886,interactive_medium,True,64
arrival_dense,187,384618.2600858557,668803.2359417863,758991.8681806754,374373.6080948197,284184.9758559306,404618.2600858557,interactive_short,True,32
arrival_dense,188,387371.07226095744,682919.7175096124,773108.3497485016,385737.2774875441,295548.645248655,407371.07226095744,interactive_short,True,32
arrival_dense,189,388950.97137005127,693114.9541974869,783303.586436376,394352.6150663247,304163.9828274356,408950.97137005127,interactive_short,True,32
arrival_dense,190,390799.8822599886,695467.7011254579,785656.333364347,394856.4511043584,304667.8188654693,410799.8822599886,interactive_short,True,32
arrival_dense,191,391298.18672327726,700957.4439573903,791146.0761962794,399847.8894730021,309659.257234113,411298.18672327726,interactive_short,True,32
arrival_dense,192,391793.62700326595,704094.4398613516,794283.0721002407,402489.4450969748,312300.8128580857,411793.62700326595,interactive_short,True,32
arrival_dense,193,392938.4474975708,705662.9378133323,795851.5700522214,402913.1225546506,312724.4903157615,442938.4474975708,interactive_medium,True,128
arrival_dense,194,392997.3562420502,708799.9337172937,798988.5659561828,405991.2097141326,315802.5774752435,412997.3562420502,interactive_short,True,32
arrival_dense,195,393816.6927309916,710368.4316692743,800557.0639081635,406740.3711771719,316551.73893828277,443816.6927309916,interactive_medium,True,64
arrival_dense,196,396090.205256994,713505.4275732357,803694.0598121248,407603.8545551308,317415.2223162417,416090.205256994,interactive_short,True,32
arrival_dense,197,397126.29741134576,713505.4275732357,803694.0598121248,406567.76240077906,316379.13016188995,417126.29741134576,interactive_short,True,32
arrival_dense,198,397487.0516630854,719779.4193811584,809968.0516200475,412480.9999569621,322292.367718073,497487.0516630854,interactive_long,True,256
arrival_dense,199,398746.9838833903,722132.1663091294,812320.7985480186,413573.81466462824,323385.1824257391,448746.9838833903,interactive_medium,True,64
arrival_dense,200,399020.0620997148,724484.9132371005,814673.5454759896,415653.48337627476,325464.85113738565,449020.0620997148,interactive_medium,True,128
arrival_dense,201,400967.14431063854,748012.3825168107,838201.0147556998,437233.87044506124,347045.23820617213,450967.14431063854,interactive_medium,True,128
arrival_dense,202,401021.8177473623,755070.6233007237,845259.2555396128,444237.43779225054,354048.8055533614,451021.8177473623,interactive_medium,True,64
arrival_dense,203,402023.63518691156,758991.8681806754,849180.5004195645,447156.865232653,356968.2329937639,422023.63518691156,interactive_short,True,32
arrival_dense,204,403685.6601542116,773108.3497485016,863296.9819873907,459611.32183317904,369422.6895942899,423685.6601542116,interactive_short,True,32
arrival_dense,205,403740.6123148993,783303.586436376,873492.2186752651,469751.6063603658,379562.9741214767,423740.6123148993,interactive_short,True,32
arrival_dense,206,405799.249268688,785656.333364347,875844.9656032361,470045.7163345481,379857.08409565897,425799.249268688,interactive_short,True,32
arrival_dense,207,406090.9187785812,791146.0761962794,881334.7084351685,475243.7896565873,385055.1574176982,426090.9187785812,interactive_short,True,32
arrival_dense,208,407329.59150444844,794283.0721002407,884471.7043391299,477142.1128346814,386953.4805957923,427329.59150444844,interactive_short,True,32
arrival_dense,209,407432.77741140727,795851.5700522214,886040.2022911105,478607.42487970326,388418.79264081415,507432.77741140727,interactive_long,True,256
arrival_dense,210,408385.96033972333,798988.5659561828,889177.1981950719,480791.23785534856,390602.60561645945,428385.96033972333,interactive_short,True,32
arrival_dense,211,408861.612680962,800557.0639081635,890745.6961470526,481884.08346609055,391695.45122720144,458861.612680962,interactive_medium,True,64
arrival_dense,212,409653.17439997237,803694.0598121248,893882.6920510139,484229.51765104156,394040.88541215245,429653.17439997237,interactive_short,True,32
arrival_dense,213,412517.6810202103,803694.0598121248,893882.6920510139,481365.0110308036,391176.3787919145,432517.6810202103,interactive_short,True,32
arrival_dense,214,413470.93594697193,809968.0516200475,900156.6838589367,486685.7479119647,396497.1156730756,463470.93594697193,interactive_medium,True,128
arrival_dense,215,416259.6682363913,812320.7985480186,902509.4307869077,486249.76255051635,396061.13031162723,516259.6682363913,interactive_long,True,256
arrival_dense,216,419826.34967140463,814673.5454759896,903620.0323801187,483793.6827087141,394847.19580458495,439826.34967140463,interactive_short,True,32
arrival_dense,217,420407.7804260369,838201.0147556998,914726.0483122293,494318.2678861924,417793.23432966287,470407.7804260369,interactive_medium,True,64
arrival_dense,218,420578.6919272703,845259.2555396128,918057.8530918625,497479.1611645922,424680.5636123425,440578.6919272703,interactive_short,True,32
arrival_dense,219,420617.8391398993,849180.5004195645,919908.8557472143,499291.016607315,428562.66127966525,440617.8391398993,interactive_short,True,32
arrival_dense,220,422168.3724339736,863296.9819873907,926572.4653064806,504404.09287250706,441128.6095534171,472168.3724339736,interactive_medium,True,128
arrival_dense,221,440752.0918054324,873492.2186752651,931385.0722103952,490632.98040496284,432740.1268698327,460752.0918054324,interactive_short,True,32
arrival_dense,222,441613.5356220168,875844.9656032361,932495.6738036063,490882.1381815895,434231.4299812193,461613.5356220168,interactive_short,True,32
arrival_dense,223,443714.0034305528,881334.7084351685,935087.0775210988,491373.074090546,437620.7050046157,493714.0034305528,interactive_medium,True,64
arrival_dense,224,446753.4999690595,884471.7043391299,936567.8796453802,489814.3796763207,437718.20437007037,466753.4999690595,interactive_short,True,32
arrival_dense,225,448863.1960369516,886040.2022911105,937308.2807075209,488445.0846705693,437177.0062541589,468863.1960369516,interactive_short,True,32
arrival_dense,226,451669.94039025676,889177.1981950719,938789.0828318023,487119.14244154555,437507.25780481513,471669.94039025676,interactive_short,True,32
arrival_dense,227,457645.9342362347,890745.6961470526,939529.483893943,481883.5496577083,433099.7619108179,507645.9342362347,interactive_medium,True,64
arrival_dense,228,458090.6236830654,893882.6920510139,941010.2860182244,482919.662335159,435792.0683679485,478090.6236830654,interactive_short,True,32
arrival_dense,229,458131.8047936588,893882.6920510139,941010.2860182244,482878.48122456565,435750.88725735515,508131.8047936588,interactive_medium,True,128
arrival_dense,230,458462.45604231907,900156.6838589367,943971.8902667873,485509.4342244682,441694.2278166176,478462.45604231907,interactive_short,True,32
arrival_dense,231,458732.3115762346,902509.4307869077,945082.4918599983,486350.18028376374,443777.1192106731,478732.3115762346,interactive_short,True,32
arrival_dense,232,460946.3597819217,903620.0323801187,946193.0934532094,485246.73367128766,442673.672598197,480946.3597819217,interactive_short,True,32
arrival_dense,233,462606.4463256239,914726.0483122293,957299.10938532,494692.6630596961,452119.60198660544,482606.4463256239,interactive_short,True,32
arrival_dense,234,463098.1567163349,918057.8530918625,960630.9141649532,497532.75744861824,454959.6963755276,483098.1567163349,interactive_short,True,32
arrival_dense,235,465502.5386434709,919908.8557472143,962481.9168203049,496979.378176834,454406.3171037434,485502.5386434709,interactive_short,True,32
arrival_dense,236,468415.09779329854,926572.4653064806,969145.5263795713,500730.42858627276,458157.3675131821,518415.09779329854,interactive_medium,True,64
arrival_dense,237,468782.43666693376,931385.0722103952,973958.1332834859,505175.69661655213,462602.6355434615,488782.43666693376,interactive_short,True,32
arrival_dense,238,470651.5879088133,932495.6738036063,975068.734876697,504417.14696788363,461844.085894793,490651.5879088133,interactive_short,True,32
arrival_dense,239,473407.65031493455,935087.0775210988,980558.4777086293,507150.8273936948,461679.4272061642,493407.65031493455,interactive_short,True,32
arrival_dense,240,473650.9302034876,936567.8796453802,983695.4736125907,510044.5434091031,462916.9494418926,493650.9302034876,interactive_short,True,32
arrival_dense,241,477072.7773636534,937308.2807075209,985263.9715645714,508191.19420091796,460235.5033438675,497072.7773636534,interactive_short,True,32
arrival_dense,242,483761.6992826147,938789.0828318023,988400.9674685327,504639.26818591804,455027.3835491876,503761.6992826147,interactive_short,True,32
arrival_dense,243,483990.498999464,939529.483893943,989969.4654205134,505978.96642104944,455538.98489447904,533990.498999464,interactive_medium,True,128
arrival_dense,244,484042.5267418703,941010.2860182244,993106.4613244748,509063.9345826045,456967.75927635416,504042.5267418703,interactive_short,True,32
arrival_dense,245,484790.3353382794,941010.2860182244,993106.4613244748,508316.1259861954,456219.95067994506,534790.3353382794,interactive_medium,True,64
arrival_dense,246,487052.69278963906,943971.8902667873,999380.4531323975,512327.76034275844,456919.1974771482,507052.69278963906,interactive_short,True,32
arrival_dense,247,493401.1114832305,945082.4918599983,1001733.2000603685,508332.088577138,451681.38037676783,513401.1114832305,interactive_short,True,32
arrival_dense,248,494411.64184506255,946193.0934532094,1004085.9469883395,509674.305143277,451781.45160814683,514411.64184506255,interactive_short,True,32
arrival_dense,249,496922.27723848145,957299.10938532,1027613.4162680497,530691.1390295683,460376.83214683854,516922.27723848145,interactive_short,True,32
arrival_dense,250,497080.35602946056,960630.9141649532,1034671.6570519628,537591.3010225022,463550.5581354926,517080.35602946056,interactive_short,True,32
arrival_dense,251,499426.68989969784,962481.9168203049,1038592.9019319145,539166.2120322166,463055.2269206071,549426.6898996979,interactive_medium,True,64
arrival_dense,252,501400.34374918457,969145.5263795713,1052709.3834997406,551309.039750556,467745.1826303867,521400.34374918457,interactive_short,True,32
arrival_dense,253,501615.2943729255,973958.1332834859,1062904.620187615,561289.3258146895,472342.8389105604,521615.2943729255,interactive_short,True,32
arrival_dense,254,504576.33641678223,975068.734876697,1065257.367115586,560681.0306988038,470492.3984599147,604576.3364167822,interactive_long,True,256
arrival_dense,255,508374.4900678,980558.4777086293,1070747.1099475184,562372.6198797184,472183.98764082935,608374.4900678,interactive_long,True,256
arrival_dense,256,510209.1306652767,983695.4736125907,1073884.1058514798,563674.9751862031,473486.34294731397,530209.1306652767,interactive_short,True,32
arrival_dense,257,510467.1967220508,985263.9715645714,1075452.6038034605,564985.4070814097,474796.7748425206,530467.1967220508,interactive_short,True,32
arrival_dense,258,518718.1678001482,988400.9674685327,1078589.5997074218,559871.4319072736,469682.79966838454,538718.1678001483,interactive_short,True,32
arrival_dense,259,521770.52560869,989969.4654205134,1080158.0976594025,558387.5720507125,468198.9398118234,571770.52560869,interactive_medium,True,128
arrival_dense,260,522623.5060952592,993106.4613244748,1083295.093563364,560671.5874681047,470482.95522921556,572623.5060952592,interactive_medium,True,64
arrival_dense,261,523742.0608319924,993106.4613244748,1083295.093563364,559553.0327313715,469364.40049248235,573742.0608319924,interactive_medium,True,64
arrival_dense,262,524667.9448782488,999380.4531323975,1089569.0853712866,564901.1404930378,474712.50825414865,544667.9448782488,interactive_short,True,32
arrival_dense,263,526078.2256618903,1001733.2000603685,1091921.8322992576,565843.6066373673,475654.97439847817,546078.2256618903,interactive_short,True,32
arrival_dense,264,526912.9908668387,1004085.9469883395,1094274.5792272286,567361.5883603899,477172.9561215008,576912.9908668387,interactive_medium,True,64
arrival_dense,265,530701.5805189821,1027613.4162680497,1117802.0485069389,587100.4679879567,496911.8357490676,580701.5805189821,interactive_medium,True,64
arrival_dense,266,534157.2456176562,1034671.6570519628,1124860.289290852,590703.0436731958,500514.41143430665,554157.2456176562,interactive_short,True,32
arrival_dense,267,534380.3132819388,1038592.9019319145,1128781.5341708036,594401.2208888648,504212.5886499757,634380.3132819388,interactive_long,True,256
arrival_dense,268,540857.8361210944,1052709.3834997406,1135445.14373007,594587.3076089756,511851.5473786462,560857.8361210944,interactive_short,True,32
arrival_dense,269,542876.7606051796,1062904.620187615,1140257.7506339846,597380.990028805,520027.85958243546,562876.7606051796,interactive_short,True,32
arrival_dense,270,546405.5237133533,1065257.367115586,1141368.3522271956,594962.8285138423,518851.84340223274,596405.5237133533,interactive_medium,True,64
arrival_dense,271,548862.7969466735,1070747.1099475184,1143959.755944688,595096.9589980146,521884.3130008449,568862.7969466735,interactive_short,True,32
arrival_dense,272,550006.3811932743,1073884.1058514798,1145440.5580689695,595434.1768756952,523877.7246582055,570006.3811932743,interactive_short,True,32
arrival_dense,273,552653.3606579853,1075452.6038034605,1146180.9591311102,593527.5984731249,522799.24314547516,602653.3606579853,interactive_medium,True,128
arrival_dense,274,559385.4303205531,1078589.5997074218,1147661.7612553916,588276.3309348385,519204.1693868687,579385.4303205531,interactive_short,True,32
arrival_dense,275,560015.0775665006,1080158.0976594025,1148402.1623175323,588387.0847510317,520143.0200929019,580015.0775665006,interactive_short,True,32
arrival_dense,276,563317.6736536679,1083295.093563364,1149882.9644418138,586565.2907881459,519977.419909696,583317.6736536679,interactive_short,True,32
arrival_dense,277,564862.8030823345,1083295.093563364,1149882.9644418138,585020.1613594793,518432.2904810294,584862.8030823345,interactive_short,True,32
arrival_dense,278,566184.1533976971,1089569.0853712866,1152844.5686903766,586660.4152926794,523384.93197358947,586184.1533976971,interactive_short,True,32
arrival_dense,279,567328.0471315094,1091921.8322992576,1153955.1702835876,586627.1231520782,524593.7851677482,587328.0471315094,interactive_short,True,32
arrival_dense,280,569954.3298416642,1094274.5792272286,1155065.7718767987,585111.4420351345,524320.2493855645,619954.3298416642,interactive_medium,True,64
arrival_dense,281,570579.3603688445,1117802.0485069389,1166171.7878089093,595592.4274400648,547222.6881380944,590579.3603688445,interactive_short,True,32
arrival_dense,282,574396.5739147417,1124860.289290852,1169503.5925885425,595107.0186738007,550463.7153761102,594396.5739147417,interactive_short,True,32
arrival_dense,283,577949.1063649838,1128781.5341708036,1171354.5952438943,593405.4888789104,550832.4278058198,597949.1063649838,interactive_short,True,32
arrival_dense,284,578130.4068491043,1135445.14373007,1178018.2048031606,599887.7979540563,557314.7368809656,598130.4068491043,interactive_short,True,32
arrival_dense,285,582398.3067883528,1140257.7506339846,1182530.0237755785,600131.7169872257,557859.4438456318,632398.3067883528,interactive_medium,True,128
arrival_dense,286,582957.3733546018,1141368.3522271956,1182846.2745952297,599888.9012406279,558410.9788725938,632957.3733546018,interactive_medium,True,64
arrival_dense,287,584207.2608711326,1143959.755944688,1183531.484704474,599324.2238333414,559752.4950735555,604207.2608711326,interactive_short,True,32
arrival_dense,288,586092.1797219864,1145440.5580689695,1183950.013260262,597857.8335382757,559348.3783469831,606092.1797219864,interactive_short,True,32
arrival_dense,289,587044.9936691284,1146180.9591311102,1184141.838848332,597096.8451792035,559135.9654619818,607044.9936691284,interactive_short,True,32
arrival_dense,290,587103.2334616845,1147661.7612553916,1184490.6126448223,597387.3791831378,560558.5277937071,607103.2334616845,interactive_short,True,32
arrival_dense,291,590910.2184382996,1148402.1623175323,1184647.5608532429,593737.3424149433,557491.9438792327,640910.2184382996,interactive_medium,True,64
arrival_dense,292,591311.612814089,1149882.9644418138,1184926.5798904356,593614.9670763465,558571.3516277247,611311.612814089,interactive_short,True,32
arrival_dense,293,591788.431403746,1149882.9644418138,1184926.5798904356,593138.1484866895,558094.5330380677,611788.431403746,interactive_short,True,32
arrival_dense,294,594985.7474219035,1152844.5686903766,1185934.0394778065,590948.292055903,557858.821268473,644985.7474219035,interactive_medium,True,64
arrival_dense,295,595817.805370963,1153955.1702835876,1186248.8705988596,590431.0652278967,558137.3649126247,615817.805370963,interactive_short,True,32
arrival_dense,296,600063.67256221,1155065.7718767987,1186500.7354957024,586437.0629334924,555002.0993145887,620063.67256221,interactive_short,True,32
arrival_dense,297,602479.5254504309,1166171.7878089093,1188389.7222220264,585910.1967715955,563692.2623584784,622479.5254504309,interactive_short,True,32
arrival_dense,298,603126.1952832483,1169503.5925885425,1188767.5195672906,585641.3242840422,566377.3973052942,623126.1952832483,interactive_short,True,32
arrival_dense,299,603146.6012599512,1171354.5952438943,1189135.9234850092,585989.322225058,568207.993983943,653146.6012599512,interactive_medium,True,64
exact_bucket,0,0.0,0.0,3291.245305998018,3291.245305998018,0.0,20000.0,interactive_short,False,32
exact_bucket,1,4685.326635856748,4685.326635856748,8134.444861459181,3449.118225602433,0.0,24685.32663585675,interactive_short,False,32
exact_bucket,2,6262.838718290957,6288.020002255783,9737.138227858217,3474.2995095672595,25.181283964825525,26262.838718290957,interactive_short,False,32
exact_bucket,3,9861.555492950167,9861.555492950167,13422.247101211717,3560.69160826155,0.0,29861.555492950167,interactive_short,False,32
exact_bucket,4,11608.542790353687,13422.247101211717,18249.65762403098,6641.114833677293,1813.7043108580292,61608.54279035369,interactive_medium,False,64
exact_bucket,5,11929.100460691434,11950.780774148909,21994.114886587515,10065.01442589608,21.680313457474767,31929.100460691436,interactive_short,False,32
exact_bucket,6,12201.760830234378,13422.247101211717,18249.65762403098,6047.896793796603,1220.4862709773388,62201.76083023438,interactive_medium,False,64
exact_bucket,7,12938.846292477965,12952.231545242277,23498.16466568972,10559.318373211756,13.3852527643121,32938.84629247797,interactive_short,False,32
exact_bucket,8,17523.749290794418,18249.65762403098,23811.1180316564,6287.368740861981,725.9083332365626,37523.74929079442,interactive_short,False,32
exact_bucket,9,20704.219288184544,20740.74007066901,25389.49650537924,4685.277217194696,36.5207824844656,40704.21928818454,interactive_short,False,32
exact_bucket,10,24646.507156003463,24669.70376365588,28022.492750177655,3375.9855941741916,23.196607652418606,44646.50715600346,interactive_short,False,32
exact_bucket,11,29230.284890772156,29230.284890772156,35638.31020236349,6408.0253115913365,0.0,49230.284890772156,interactive_short,False,32
exact_bucket,12,29701.92333515015,29716.816805571863,36703.67879589422,7001.7554607440725,14.893470421713573,49701.923335150146,interactive_short,False,32
exact_bucket,13,30276.033844297603,30280.132864311883,37549.70679663921,7273.672952341611,4.099020014280541,50276.033844297606,interactive_short,False,32
exact_bucket,14,30492.972578722907,30515.140642296603,37706.18347962255,7213.210900899645,22.16806357369569,50492.97257872291,interactive_short,False,32
exact_bucket,15,33522.2850675438,33523.240200501015,39352.04276528194,5829.7576977381395,0.955132957213209,53522.2850675438,interactive_short,False,32
exact_bucket,16,37832.93903158115,37849.281101622466,41825.19406624589,3992.2550346647404,16.342070041318948,57832.93903158115,interactive_short,False,32
exact_bucket,17,38875.962027478956,38882.0272093125,42857.940173935924,3981.978146456968,6.065181833546376,58875.962027478956,interactive_short,False,32
exact_bucket,18,40814.614746337094,42857.940173935924,49238.812432850944,8424.19768651385,2043.3254275988293,90814.61474633709,interactive_medium,False,64
exact_bucket,19,41150.39514152049,41167.17228788867,51251.8353969669,10101.44025544641,16.77714636818564,61150.39514152049,interactive_short,False,32
exact_bucket,20,46465.51854974466,46468.29856758076,54862.19379061173,8396.675240867073,2.7800178360994323,96465.51854974465,interactive_medium,False,64
exact_bucket,21,50464.64652766523,50469.4519820502,57437.95098661018,6973.304458944949,4.8054543849721085,70464.64652766523,interactive_short,False,32
exact_bucket,22,57941.29295752837,57941.29295752837,61232.53826352639,3291.245305998018,0.0,77941.29295752838,interactive_short,False,32
exact_bucket,23,61270.895281049074,61270.895281049074,64562.14058704709,3291.245305998018,0.0,81270.89528104907,interactive_short,False,32
exact_bucket,24,65535.16615037969,65535.16615037969,71951.86638901886,6416.700238639169,0.0,115535.1661503797,interactive_medium,False,128
exact_bucket,25,65585.36358234937,71951.86638901886,77357.04528266742,11771.681700318048,6366.502806669494,85585.36358234937,interactive_short,False,32
exact_bucket,26,68253.25681341092,71951.86638901886,77357.04528266742,9103.788469256499,3698.609575607945,88253.25681341092,interactive_short,False,32
exact_bucket,27,69060.7463946566,71951.86638901886,77357.04528266742,8296.298888010817,2891.1199943622632,89060.7463946566,interactive_short,False,32
exact_bucket,28,74402.71441442745,77357.04528266742,84054.95054894935,9652.236134521896,2954.3308682399656,124402.71441442745,interactive_medium,False,64
exact_bucket,29,77644.06746322283,84054.95054894935,87509.42039894515,9865.352935722316,6410.883085726513,97644.06746322283,interactive_short,False,32
exact_bucket,30,81635.21006518841,81704.2115117504,89986.09188456547,8350.881819377057,69.00144656198972,131635.2100651884,interactive_medium,False,64
exact_bucket,31,84964.57561606709,87509.42039894515,94112.21576301711,9147.640146950027,2544.8447828780627,134964.5756160671,interactive_medium,False,64
exact_bucket,32,85585.2647166139,85600.40486654842,96650.29976525209,11065.03504863818,15.140149934508372,105585.2647166139,interactive_short,False,32
exact_bucket,33,88681.710555966,96650.29976525209,103067.00000389125,14385.289447925257,7968.589209286089,138681.710555966,interactive_medium,False,128
exact_bucket,34,88910.50326923911,94112.21576301711,106726.89155628391,17816.3882870448,5201.712493778003,108910.50326923911,interactive_short,False,32
exact_bucket,35,93024.56098153477,94112.21576301711,106726.89155628391,13702.33057474914,1087.6547814823425,113024.56098153477,interactive_short,False,32
exact_bucket,36,96936.79057994079,106726.89155628391,113968.0073405128,17031.216760572017,9790.100976343121,146936.79057994077,interactive_medium,False,64
exact_bucket,37,97439.96335557531,103067.00000389125,115432.4807548921,17992.517399316785,5627.036648315945,117439.96335557531,interactive_short,False,32
exact_bucket,38,100831.98873158326,106726.89155628391,113968.0073405128,13136.018608929546,5894.90282470065,150831.98873158326,interactive_medium,False,64
exact_bucket,39,102065.48441728606,103067.00000389125,115432.4807548921,13366.996337606033,1001.5155866051937,122065.48441728606,interactive_short,False,32
exact_bucket,40,102793.72061808415,106726.89155628391,113968.0073405128,11174.28672242866,3933.1709381997644,152793.72061808413,interactive_medium,False,64
exact_bucket,41,105966.58478485378,106012.43082129974,118937.07514823538,12970.4903633816,45.846036445960635,125966.58478485378,interactive_short,False,32
exact_bucket,42,106483.07855714422,106560.78230326409,119384.27727287657,12901.198715732346,77.70374611986335,126483.07855714422,interactive_short,False,32
exact_bucket,43,106530.9764266568,106560.78230326409,119384.27727287657,12853.300846219776,29.805876607293612,126530.9764266568,interactive_short,False,32
exact_bucket,44,106960.16133027605,113968.0073405128,119932.62875484092,12972.467424564864,7007.8460102367535,126960.16133027605,interactive_short,False,32
exact_bucket,45,107755.9349758439,113968.0073405128,119932.62875484092,12176.69377899701,6212.0723646689,127755.9349758439,interactive_short,False,32
exact_bucket,46,111751.33283285139,113968.0073405128,119932.62875484092,8181.295921989527,2216.674507661417,131751.3328328514,interactive_short,False,32
exact_bucket,47,118567.11856872926,118628.58653548428,123753.74348993668,5186.624921207418,61.467966755022644,138567.11856872926,interactive_short,False,32
exact_bucket,48,119221.6976026299,119313.08759301093,124552.76993508473,5331.072332454831,91.38999038103793,139221.6976026299,interactive_short,False,32
exact_bucket,49,121273.24896644348,121278.32822849763,126211.42277470812,4938.173808264633,5.079262054146966,141273.24896644347,interactive_short,False,32
exact_bucket,50,122293.82844906364,122312.3624516304,126841.05231150774,4547.223862444094,18.53400256675377,142293.82844906364,interactive_short,False,32
exact_bucket,51,130236.27999100173,130236.27999100173,133690.74984099754,3454.469849995803,0.0,150236.27999100173,interactive_short,False,32
exact_bucket,52,131772.95154212418,131781.7343086008,135236.2041585966,3463.252616472426,8.782766476622783,151772.95154212418,interactive_short,False,32
exact_bucket,53,137374.50461665468,137374.50461665468,143791.20485529385,6416.700238639169,0.0,187374.50461665468,interactive_medium,False,128
exact_bucket,54,137619.61235432947,143791.20485529385,148438.0661538333,10818.453799503826,6171.592500964383,157619.61235432947,interactive_short,False,32
exact_bucket,55,144659.61547534552,144678.41011169332,149408.22158833,4748.606112984475,18.794636347796768,164659.61547534552,interactive_short,False,32
exact_bucket,56,145053.0272684508,145053.95415085333,149751.6558811298,4698.628612678993,0.9268824025348295,165053.0272684508,interactive_short,False,32
exact_bucket,57,151621.68697230733,151621.68697230733,160094.9770798403,8473.290107532957,0.0,201621.68697230733,interactive_medium,False,64
exact_bucket,58,152238.7259482832,160094.9770798403,165265.97732559047,13027.251377307286,7856.251131557103,172238.7259482832,interactive_short,False,32
exact_bucket,59,152468.2070170382,160094.9770798403,165265.97732559047,12797.77030855228,7626.7700628020975,172468.2070170382,interactive_short,False,32
exact_bucket,60,153608.5224910845,165265.97732559047,173593.32082417994,19984.798333095445,11657.454834505974,253608.5224910845,interactive_long,False,256
exact_bucket,61,156216.44073635942,160094.9770798403,165265.97732559047,9049.536589231051,3878.536343480868,176216.44073635942,interactive_short,False,32
exact_bucket,62,156969.2554851252,160094.9770798403,165265.97732559047,8296.721840465267,3125.7215947150835,176969.2554851252,interactive_short,False,32
exact_bucket,63,158833.12467464927,160094.9770798403,165265.97732559047,6432.852650941204,1261.8524051910208,178833.12467464927,interactive_short,False,32
exact_bucket,64,160265.64130798163,173593.32082417994,179973.8982108628,19708.25690288117,13327.679516198317,210265.64130798163,interactive_medium,False,64
exact_bucket,65,161238.5429869296,173593.32082417994,179973.8982108628,18735.355223933206,12354.777837250353,211238.5429869296,interactive_medium,False,64
exact_bucket,66,162957.3623497664,162993.40634165183,181062.72391625502,18105.36156648863,36.04399188543903,182957.3623497664,interactive_short,False,32
exact_bucket,67,163545.3596597112,163557.42500881516,181275.37649389164,17730.016834180453,12.06534910397022,183545.3596597112,interactive_short,False,32
exact_bucket,68,166012.74851501672,179973.8982108628,184728.1157812389,18715.367266222194,13961.149695846078,186012.74851501672,interactive_short,False,32
exact_bucket,69,166016.13393510526,179973.8982108628,184728.1157812389,18711.981846133654,13957.764275757538,186016.13393510526,interactive_short,False,32
exact_bucket,70,171212.06512667643,179973.8982108628,184728.1157812389,13516.050654562481,8761.833084186364,191212.06512667643,interactive_short,False,32
exact_bucket,71,172758.40355763954,184728.1157812389,194114.63561715998,21356.232059520436,11969.712223599374,222758.40355763954,interactive_medium,False,128
exact_bucket,72,175300.2676131151,175314.39761927203,195835.71241225206,20535.444799136952,14.13000615691999,225300.2676131151,interactive_medium,False,64
exact_bucket,73,178009.4720451799,179973.8982108628,184728.1157812389,6718.643736059021,1964.426165682904,198009.4720451799,interactive_short,False,32
exact_bucket,74,180230.61004395568,180255.90754444446,195944.19192442828,15713.5818804726,25.297500488784863,200230.61004395568,interactive_short,False,32
exact_bucket,75,181136.4200486716,181156.7270274489,197147.636512633,16011.216463961406,20.306978777312906,201136.4200486716,interactive_short,False,32
exact_bucket,76,181281.50511497576,184728.1157812389,194114.63561715998,12833.130502184213,3446.61066626315,231281.50511497576,interactive_medium,False,128
exact_bucket,77,183464.20864479677,183531.45116254495,198130.7320917298,14666.523446933017,67.24251774817822,203464.20864479677,interactive_short,False,32
exact_bucket,78,184265.7609896628,184267.07785448988,199076.53783851664,14810.776848853828,1.3168648270657286,204265.7609896628,interactive_short,False,32
exact_bucket,79,185019.27037452036,195835.71241225206,199537.57576526568,14518.305390745314,10816.4420377317,205019.27037452036,interactive_short,False,32
exact_bucket,80,188787.22094703364,195835.71241225206,199537.57576526568,10750.354818232037,7048.491465218423,208787.22094703364,interactive_short,False,32
exact_bucket,81,191331.39780426107,195835.71241225206,199537.57576526568,8206.177961004607,4504.314607990993,211331.39780426107,interactive_short,False,32
exact_bucket,82,192045.66867047417,195835.71241225206,199537.57576526568,7491.9070947915025,3790.0437417778885,212045.66867047417,interactive_short,False,32
exact_bucket,83,192785.72366443145,194114.63561715998,204989.95374750427,12204.23008307282,1328.911952728522,242785.72366443145,interactive_medium,False,64
exact_bucket,84,193835.54878730024,195835.71241225206,199537.57576526568,5702.026977965434,2000.1636249518197,213835.54878730024,interactive_short,False,32
exact_bucket,85,194865.21737300162,195835.71241225206,199537.57576526568,4672.358392264054,970.4950392504397,214865.21737300162,interactive_short,False,32
exact_bucket,86,195566.19192016678,204989.95374750427,213317.29724609375,17751.10532592697,9423.761827337497,295566.1919201668,interactive_long,False,256
exact_bucket,87,195838.49080862475,195869.61225980712,213411.30035728763,17572.809548662888,31.121451182378223,215838.49080862475,interactive_short,False,32
exact_bucket,88,196929.48483398094,196961.18735108012,214389.08107334655,17459.59623936561,31.70251709918375,216929.48483398094,interactive_short,False,32
exact_bucket,89,202568.46551219074,213317.29724609375,217178.21093787142,14609.745425680681,10748.831733903004,222568.46551219074,interactive_short,False,32
exact_bucket,90,204830.64109467145,213317.29724609375,217178.21093787142,12347.569843199977,8486.6561514223,224830.64109467145,interactive_short,False,32
exact_bucket,91,209492.72434268222,213317.29724609375,217178.21093787142,7685.486595189199,3824.572903411521,229492.72434268222,interactive_short,False,32
exact_bucket,92,211404.4249104831,217178.21093787142,223523.4165006861,12118.99159020299,5773.786027388327,261404.4249104831,interactive_medium,False,64
exact_bucket,93,212120.4905687086,213317.29724609375,217178.21093787142,5057.720369162824,1196.806677385146,232120.4905687086,interactive_short,False,32
exact_bucket,94,213708.3589683187,213724.64406126726,223977.76487145654,10269.405903137842,16.285092948557576,233708.3589683187,interactive_short,False,32
exact_bucket,95,213709.17101254492,213724.64406126726,223977.76487145654,10268.593858911627,15.473048722342355,233709.17101254492,interactive_short,False,32
exact_bucket,96,214385.4767159057,223977.76487145654,232305.10837004601,17919.631654140307,9592.288155550836,314385.4767159057,interactive_long,False,256
exact_bucket,97,215509.3221345372,215517.1184076732,233393.29347656397,17883.97134202678,7.79627313601668,235509.3221345372,interactive_short,False,32
exact_bucket,98,217244.25080076285,233393.29347656397,241850.1306559446,24605.87985518176,16149.042675801116,267244.25080076285,interactive_medium,False,128
exact_bucket,99,219370.96672305348,219388.63444418437,243739.1173822652,24368.150659211708,17.667721130885184,269370.9667230535,interactive_medium,False,64
exact_bucket,100,220621.8996391037,223523.4165006861,246311.02866002455,25689.12902092084,2901.5168615823786,240621.8996391037,interactive_short,True,32
exact_bucket,101,221789.26511169868,221823.32844699756,249963.06966424434,28173.804552545655,34.0633352988807,271789.26511169865,interactive_medium,False,64
exact_bucket,102,222270.10243516884,223523.4165006861,246311.02866002455,24040.926224855706,1253.3140655172465,242270.10243516884,interactive_short,True,32
exact_bucket,103,223551.9186087876,223601.752426681,250003.74948131043,26451.83087252284,49.833817893406376,243551.9186087876,interactive_short,True,32
exact_bucket,104,228180.84585377428,232305.10837004601,250152.90881055273,21972.06295677845,4124.26251627173,248180.84585377428,interactive_short,True,32
exact_bucket,105,231360.35918512376,232305.10837004601,250152.90881055273,18792.549625428976,944.749184922257,251360.35918512376,interactive_short,False,32
exact_bucket,106,231732.27485609736,232305.10837004601,250152.90881055273,18420.633954455378,572.833513948659,251732.27485609736,interactive_short,False,32
exact_bucket,107,231909.49041917422,232305.10837004601,250152.90881055273,18243.41839137851,395.6179508717905,251909.49041917422,interactive_short,False,32
exact_bucket,108,233358.5680228021,233362.7836137644,251078.37464880603,17719.806626003934,4.215590962296119,253358.5680228021,interactive_short,False,32
exact_bucket,109,235363.03259872267,235401.99963822492,254016.7634670074,18653.730868284736,38.96703950225492,285363.03259872267,interactive_medium,False,128
exact_bucket,110,236179.5353372144,241850.1306559446,256115.6376073636,19936.10227014922,5670.595318730222,286179.53533721436,interactive_medium,False,64
exact_bucket,111,239591.69139954826,243739.1173822652,256146.14747016318,16554.45607061492,4147.42598271693,259591.69139954826,interactive_short,False,32
exact_bucket,112,242373.40601094568,243739.1173822652,256146.14747016318,13772.741459217505,1365.711371319514,262373.4060109457,interactive_short,False,32
exact_bucket,113,244607.74689604086,244620.5134186968,256763.12469566538,12155.377799624519,12.766522655932931,264607.74689604086,interactive_short,False,32
exact_bucket,114,245116.60429665423,251078.37464880603,261171.1187726436,16054.51447598936,5961.770352151798,295116.60429665423,interactive_medium,False,128
exact_bucket,115,245560.71741308132,246311.02866002455,263626.8015168604,18066.084103779052,750.3112469432235,295560.7174130813,interactive_medium,False,64
exact_bucket,116,245610.1746843997,245627.33889108236,264450.56781244813,18840.393128048425,17.16420668264618,265610.17468439974,interactive_short,False,32
exact_bucket,117,246171.83268557416,246196.85633000763,264830.246105065,18658.413419490826,25.023644433473237,266171.8326855742,interactive_short,False,32
exact_bucket,118,247461.06619236048,249963.06966424434,264901.4357849307,17440.369592570234,2502.003471883858,267461.0661923605,interactive_short,False,32
exact_bucket,119,251251.8118115288,256115.6376073636,267679.5681059323,16427.756294403516,4863.825795834797,271251.8118115288,interactive_short,False,32
exact_bucket,120,251403.04467762125,254016.7634670074,273577.40444033325,22174.359762712003,2613.7187893861555,301403.0446776212,interactive_medium,False,64
exact_bucket,121,252473.421380079,256115.6376073636,267679.5681059323,15206.146725853323,3642.2162272846035,272473.421380079,interactive_short,False,32
exact_bucket,122,254460.65811645883,254520.4932606929,274249.04416524724,19788.38604878841,59.8351442340645,304460.6581164588,interactive_medium,False,64
exact_bucket,123,254893.08147302043,256115.6376073636,267679.5681059323,12786.486632911896,1222.5561343431764,274893.08147302043,interactive_short,False,32
exact_bucket,124,257276.86858247902,263626.8015168604,276599.12194509443,19322.253362615418,6349.932934381359,277276.868582479,interactive_short,False,32
exact_bucket,125,258640.7971443583,263626.8015168604,276599.12194509443,17958.324800736125,4986.004372502066,278640.7971443583,interactive_short,False,32
exact_bucket,126,259200.18378525076,263626.8015168604,276599.12194509443,17398.938159843674,4426.617731609615,279200.18378525076,interactive_short,False,32
exact_bucket,127,261334.74833081558,276599.12194509443,285985.6417810155,24650.893450199917,15264.373614278855,311334.7483308156,interactive_medium,False,128
exact_bucket,128,261345.86882622488,261360.01744527565,288294.4033354073,26948.534509182442,14.14861905077123,311345.8688262249,interactive_medium,False,64
exact_bucket,129,264126.1882832452,267679.5681059323,290561.187406992,26434.99912374682,3553.3798226871295,314126.1882832452,interactive_medium,False,64
exact_bucket,130,267065.94190347125,267157.510453584,292405.33911398816,25339.39721051691,91.56855011277366,287065.94190347125,interactive_short,True,32
exact_bucket,131,267291.35520539456,267299.8898133155,292547.7184737196,25256.363268325047,8.534607920912094,287291.35520539456,interactive_short,True,32
exact_bucket,132,268398.6342470887,268435.16279646056,293114.4144916158,24715.780244527094,36.5285493718693,318398.6342470887,interactive_medium,False,64
exact_bucket,133,268785.528719743,276599.12194509443,285985.6417810155,17200.11306127248,7813.593225351418,318785.528719743,interactive_medium,False,128
exact_bucket,134,275124.0836601808,275189.0752771861,295558.49538265687,20434.41172247607,64.9916170053184,295124.0836601808,interactive_short,True,32
exact_bucket,135,276583.5306883647,290561.187406992,296764.8686429784,20181.33795461373,13977.656718627317,296583.5306883647,interactive_short,True,32
exact_bucket,136,276686.57708818314,290561.187406992,296764.8686429784,20078.291554795287,13874.610318808875,296686.57708818314,interactive_short,True,32
exact_bucket,137,277259.80445404275,285985.6417810155,299556.3712496522,22296.566795609426,8725.837326972745,327259.80445404275,interactive_medium,False,64
exact_bucket,138,281031.9844971329,285985.6417810155,299556.3712496522,18524.38675251929,4953.6572838826105,331031.9844971329,interactive_medium,False,64
exact_bucket,139,282251.2951702571,290561.187406992,296764.8686429784,14513.573472721328,8309.892236734915,302251.2951702571,interactive_short,False,32
exact_bucket,140,285484.3874195229,290561.187406992,296764.8686429784,11280.481223455514,5076.799987469101,305484.3874195229,interactive_short,False,32
exact_bucket,141,287687.0858763872,290561.187406992,296764.8686429784,9077.782766591234,2874.101530604821,307687.0858763872,interactive_short,False,32
exact_bucket,142,296514.93849096954,296576.86242059065,302790.37750685023,6275.439015880693,61.92392962111626,316514.93849096954,interactive_short,False,32
exact_bucket,143,298324.9098344262,298360.01298964914,309863.73272705445,11538.82289262826,35.10315522295423,348324.9098344262,interactive_medium,False,64
exact_bucket,144,304317.9593471235,309863.73272705445,314938.8858526907,10620.926505567215,5545.773379930935,324317.9593471235,interactive_short,False,32
exact_bucket,145,308758.6046021605,309863.73272705445,314938.8858526907,6180.281250530214,1105.128124893934,328758.6046021605,interactive_short,False,32
exact_bucket,146,310655.46979909524,310677.4114785678,315752.5646042041,5097.094805108849,21.941679472569376,330655.46979909524,interactive_short,False,32
exact_bucket,147,313196.2218718601,315752.5646042041,324225.8547117404,11029.632839880302,2556.3427323439973,363196.2218718601,interactive_medium,False,64
exact_bucket,148,314601.7208017273,314625.5421487111,328518.5463548574,13916.825553130067,23.82134698377922,334601.7208017273,interactive_short,False,32
exact_bucket,149,318152.3418345306,324225.8547117404,331103.6319126893,12951.290078158723,6073.5128772098105,338152.3418345306,interactive_short,False,32
exact_bucket,150,319739.9215228538,331103.6319126893,339430.9754112788,19691.053888424998,11363.710389835527,419739.9215228538,interactive_long,False,256
exact_bucket,151,324290.01903144224,324319.7407215304,339553.01486247696,15262.995831034728,29.721690088161267,344290.01903144224,interactive_short,False,32
exact_bucket,152,327012.4846522204,327045.83094615315,341715.8251364904,14703.340484270011,33.34629393275827,347012.4846522204,interactive_short,False,32
exact_bucket,153,328299.95882871764,328361.8745028676,342441.28187416925,14141.323045451602,61.915674149931874,348299.95882871764,interactive_short,False,32
exact_bucket,154,328899.98520282906,328957.22754042887,342759.940441187,13859.955238357943,57.24233759980416,348899.98520282906,interactive_short,False,32
exact_bucket,155,329468.00215959235,329505.5790223932,342997.23937407264,13529.237214480294,37.576862800866365,349468.00215959235,interactive_short,False,32
exact_bucket,156,331498.3546530178,339430.9754112788,343559.976843487,12061.622190469177,7932.6207582609495,351498.3546530178,interactive_short,False,32
exact_bucket,157,334401.6311719936,339430.9754112788,343559.976843487,9158.345671493385,5029.3442392851575,354401.6311719936,interactive_short,False,32
exact_bucket,158,335874.9927551598,339430.9754112788,343559.976843487,7684.984088327212,3555.982656118984,355874.9927551598,interactive_short,False,32
exact_bucket,159,337845.99806512165,339430.9754112788,343559.976843487,5713.978778365359,1584.9773461571313,357845.99806512165,interactive_short,False,32
exact_bucket,160,338488.05513029825,339430.9754112788,343559.976843487,5071.921713188756,942.9202809805283,358488.05513029825,interactive_short,False,32
exact_bucket,161,338649.35484757664,339430.9754112788,343559.976843487,4910.621995910362,781.620563702134,358649.35484757664,interactive_short,False,32
exact_bucket,162,339322.3381436127,339430.9754112788,343559.976843487,4237.638699874282,108.63726766605396,359322.3381436127,interactive_short,False,32
exact_bucket,163,339956.4640854367,343559.976843487,350854.71070218977,10898.246616753051,3603.5127580502885,389956.4640854367,interactive_medium,False,128
exact_bucket,164,340726.9350188946,350854.71070218977,358025.22834371345,17298.293324818835,10127.775683295156,390726.9350188946,interactive_medium,False,64
exact_bucket,165,342280.6545444606,342292.12254492694,360476.1873219445,18195.532777483924,11.46800046635326,362280.6545444606,interactive_short,False,32
exact_bucket,166,342578.52264161,342610.7811119447,360750.77608714043,18172.253445530427,32.25847033469472,362578.52264161,interactive_short,False,32
exact_bucket,167,343104.5314275153,343119.2788252708,361157.57425780135,18053.042830286024,14.747397755505517,363104.5314275153,interactive_short,False,32
exact_bucket,168,345472.54378428264,358025.22834371345,361466.0628705528,15993.519086270186,12552.68455943081,365472.54378428264,interactive_short,False,32
exact_bucket,169,347923.74814603163,358025.22834371345,361466.0628705528,13542.314724521188,10101.480197681813,367923.74814603163,interactive_short,False,32
exact_bucket,170,348056.51680808194,348079.5657072218,365985.6517342876,17929.134926205676,23.048899139859714,398056.51680808194,interactive_medium,False,128
exact_bucket,171,349103.6610731932,358025.22834371345,361466.0628705528,12362.401797359635,8921.56727052026,369103.6610731932,interactive_short,False,32
exact_bucket,172,350668.1037808773,358025.22834371345,361466.0628705528,10797.95908967551,7357.124562836136,370668.1037808773,interactive_short,False,32
exact_bucket,173,351743.0393517153,351812.5608882591,366531.35901078023,14788.319659064931,69.52153654379072,401743.0393517153,interactive_medium,False,64
exact_bucket,174,352206.4858290961,352232.33571633033,367268.16684621817,15061.681017122057,25.84988723421702,402206.4858290961,interactive_medium,False,64
exact_bucket,175,353296.4351300922,358025.22834371345,361466.0628705528,8169.627740460623,4728.793213621248,373296.4351300922,interactive_short,False,32
exact_bucket,176,358000.79433636187,358025.22834371345,361466.0628705528,3465.268534190953,24.434007351577748,378000.79433636187,interactive_short,False,32
exact_bucket,177,359755.3162093097,359764.2905232876,369962.92270044296,10207.60649113328,8.97431397793116,379755.3162093097,interactive_short,False,32
exact_bucket,178,362133.63557731314,367268.16684621817,373331.36751822394,11197.731940910802,5134.531268905033,382133.63557731314,interactive_short,False,32
exact_bucket,179,366019.71258193307,367268.16684621817,373331.36751822394,7311.65493629087,1248.454264285101,386019.71258193307,interactive_short,False,32
exact_bucket,180,368921.118746171,373331.36751822394,381804.65762576024,12883.538879589236,4410.248772052932,418921.118746171,interactive_medium,False,64
exact_bucket,181,369878.4198514725,369900.25395964703,385486.44614752085,15608.026296048367,21.83410817454569,389878.4198514725,interactive_short,False,32
exact_bucket,182,369890.2469196961,385486.44614752085,393813.7896461103,23923.54272641422,15596.199227824749,469890.2469196961,interactive_long,False,256
exact_bucket,183,370757.2317872697,370761.949145591,394423.98690210195,23666.755114832253,4.717358321300708,390757.2317872697,interactive_short,True,32
exact_bucket,184,373557.81654337514,381804.65762576024,395674.89127688337,22117.074733508227,8246.8410823851,393557.81654337514,interactive_short,True,32
exact_bucket,185,377398.56579818815,381804.65762576024,395674.89127688337,18276.325478695217,4406.091827572091,397398.56579818815,interactive_short,False,32
exact_bucket,186,383532.1777781886,395674.89127688337,401467.7839042665,17935.60612607788,12142.713498694764,433532.1777781886,interactive_medium,False,64
exact_bucket,187,384618.2600858557,384624.7509615769,402928.86733389023,18310.607248034503,6.490875721152406,404618.2600858557,interactive_short,False,32
exact_bucket,188,387371.07226095744,393813.7896461103,403264.47582468524,15893.4035637278,6442.717385152879,407371.07226095744,interactive_short,False,32
exact_bucket,189,388950.97137005127,393813.7896461103,403264.47582468524,14313.504454633978,4862.818276059057,408950.97137005127,interactive_short,False,32
exact_bucket,190,390799.8822599886,393813.7896461103,403264.47582468524,12464.593564696668,3013.9073861217475,410799.8822599886,interactive_short,False,32
exact_bucket,191,391298.18672327726,393813.7896461103,403264.47582468524,11966.28910140798,2515.602922833059,411298.18672327726,interactive_short,False,32
exact_bucket,192,391793.62700326595,393813.7896461103,403264.47582468524,11470.848821419291,2020.1626428443706,411793.62700326595,interactive_short,False,32
exact_bucket,193,392938.4474975708,403264.47582468524,413100.70530872606,20162.25781115523,10326.028327114414,442938.4474975708,interactive_medium,False,128
exact_bucket,194,392997.3562420502,393813.7896461103,403264.47582468524,10267.11958263506,816.4334040601389,412997.3562420502,interactive_short,False,32
exact_bucket,195,393816.6927309916,395674.89127688337,401467.7839042665,7651.091173274908,1858.1985458917916,443816.6927309916,interactive_medium,False,64
exact_bucket,196,396090.205256994,401467.7839042665,415300.80541505007,19210.60015805607,5377.578647272487,416090.205256994,interactive_short,False,32
exact_bucket,197,397126.29741134576,401467.7839042665,415300.80541505007,18174.508003704308,4341.486492920725,417126.29741134576,interactive_short,False,32
exact_bucket,198,397487.0516630854,415300.80541505007,434079.6766423387,36592.624979253276,17813.753751964658,497487.0516630854,interactive_long,False,256
exact_bucket,199,398746.9838833903,398781.22500461055,440292.34409779304,41545.360214402725,34.2411212202278,448746.9838833903,interactive_medium,False,64
exact_bucket,200,399020.0620997148,403264.47582468524,413100.70530872606,14080.643209011236,4244.413724970422,449020.0620997148,interactive_medium,False,128
exact_bucket,201,400967.14431063854,403264.47582468524,413100.70530872606,12133.560998087516,2297.331514046702,450967.14431063854,interactive_medium,False,128
exact_bucket,202,401021.8177473623,401048.00907619525,442559.12816937774,41537.310422015435,26.19132883293787,451021.8177473623,interactive_medium,False,64
exact_bucket,203,402023.63518691156,402047.4712974579,443337.8420100059,41314.20682309434,23.83611054631183,422023.63518691156,interactive_short,True,32
exact_bucket,204,403685.6601542116,413100.70530872606,444745.9674135478,41060.30725933617,9415.045154514431,423685.6601542116,interactive_short,True,32
exact_bucket,205,403740.6123148993,413100.70530872606,444745.9674135478,41005.35509864852,9360.09299382678,423740.6123148993,interactive_short,True,32
exact_bucket,206,405799.249268688,413100.70530872606,444745.9674135478,38946.71814485977,7301.456040038029,425799.249268688,interactive_short,True,32
exact_bucket,207,406090.9187785812,413100.70530872606,444745.9674135478,38655.0486349666,7009.786530144862,426090.9187785812,interactive_short,True,32
exact_bucket,208,407329.59150444844,413100.70530872606,444745.9674135478,37416.375909099355,5771.113804277615,427329.59150444844,interactive_short,True,32
exact_bucket,209,407432.77741140727,415300.80541505007,434079.6766423387,26646.89923093142,7868.028003642801,507432.77741140727,interactive_long,False,256
exact_bucket,210,408385.96033972333,413100.70530872606,444745.9674135478,36360.00707382447,4714.744969002728,428385.96033972333,interactive_short,True,32
exact_bucket,211,408861.612680962,434079.6766423387,445060.7985346012,36199.18585363921,25218.06396137667,458861.612680962,interactive_medium,False,64
exact_bucket,212,409653.17439997237,413100.70530872606,444745.9674135478,35092.79301357543,3447.530908753688,429653.17439997237,interactive_short,True,32
exact_bucket,213,412517.6810202103,413100.70530872606,444745.9674135478,32228.286393337476,583.024288515735,432517.6810202103,interactive_short,True,32
exact_bucket,214,413470.93594697193,445060.7985346012,454447.3183705223,40976.382423550356,31589.862587629294,463470.93594697193,interactive_medium,False,128
exact_bucket,215,416259.6682363913,416306.8163736548,455099.02351389016,38839.355277498835,47.148137263488024,516259.6682363913,interactive_long,False,256
exact_bucket,216,419826.34967140463,442559.12816937774,456699.09631848976,36872.74664708512,22732.778497973108,439826.34967140463,interactive_short,True,32
exact_bucket,217,420407.7804260369,434079.6766423387,445060.7985346012,24653.018108564313,13671.896216301771,470407.7804260369,interactive_medium,False,64
exact_bucket,218,420578.6919272703,442559.12816937774,456699.09631848976,36120.40439121943,21980.43624210742,440578.6919272703,interactive_short,True,32
exact_bucket,219,420617.8391398993,442559.12816937774,456699.09631848976,36081.25717859046,21941.289029478445,440617.8391398993,interactive_short,True,32
exact_bucket,220,422168.3724339736,445060.7985346012,454447.3183705223,32278.9459365487,22892.426100627636,472168.3724339736,interactive_medium,False,128
exact_bucket,221,440752.0918054324,442559.12816937774,456699.09631848976,15947.004513057356,1807.0363639453426,460752.0918054324,interactive_short,False,32
exact_bucket,222,441613.5356220168,442559.12816937774,456699.09631848976,15085.560696472938,945.5925473609241,461613.5356220168,interactive_short,False,32
exact_bucket,223,443714.0034305528,444745.9674135478,461728.7623368501,18014.758906297327,1031.9639829950174,493714.0034305528,interactive_medium,False,64
exact_bucket,224,446753.4999690595,455099.02351389016,463122.04607136454,16368.54610230506,8345.523544830678,466753.4999690595,interactive_short,False,32
exact_bucket,225,448863.1960369516,455099.02351389016,463122.04607136454,14258.850034412928,6235.827476938546,468863.1960369516,interactive_short,False,32
exact_bucket,226,451669.94039025676,455099.02351389016,463122.04607136454,11452.105681107787,3429.083123633405,471669.94039025676,interactive_short,False,32
exact_bucket,227,457645.9342362347,457656.9465045591,464448.30017515284,6802.365938918141,11.012268324382603,507645.9342362347,interactive_medium,False,64
exact_bucket,228,458090.6236830654,461728.7623368501,466691.6424940425,8601.018810977112,3638.1386537846993,478090.6236830654,interactive_short,False,32
exact_bucket,229,458131.8047936588,466691.6424940425,473108.34273267834,14976.53793901956,8559.837700383738,508131.8047936588,interactive_medium,False,128
exact_bucket,230,458462.45604231907,461728.7623368501,466691.6424940425,8229.18645172345,3266.3062945310376,478462.45604231907,interactive_short,False,32
exact_bucket,231,458732.3115762346,461728.7623368501,466691.6424940425,7959.330917807936,2996.450760615524,478732.3115762346,interactive_short,False,32
exact_bucket,232,460946.3597819217,461728.7623368501,466691.6424940425,5745.282712120796,782.4025549283833,480946.3597819217,interactive_short,False,32
exact_bucket,233,462606.4463256239,462606.7683885274,474415.5925688969,11809.14624327299,0.3220629034913145,482606.4463256239,interactive_short,False,32
exact_bucket,234,463098.1567163349,464448.30017515284,476201.65168158076,13103.49496524583,1350.1434588179109,483098.1567163349,interactive_short,False,32
exact_bucket,235,465502.5386434709,465576.3375094795,477141.68279351963,11639.144150048727,73.79886600858299,485502.5386434709,interactive_short,False,32
exact_bucket,236,468415.09779329854,477141.68279351963,485266.23659295257,16851.13879965403,8726.585000221094,518415.09779329854,interactive_medium,False,64
exact_bucket,237,468782.43666693376,473108.34273267834,486381.5415775156,17599.10491058184,4325.906065744581,488782.43666693376,interactive_short,False,32
exact_bucket,238,470651.5879088133,473108.34273267834,486381.5415775156,15729.953668702277,2456.7548238650197,490651.5879088133,interactive_short,False,32
exact_bucket,239,473407.65031493455,473421.68643665797,486694.8852814952,13287.234966560674,14.036121723416727,493407.65031493455,interactive_short,False,32
exact_bucket,240,473650.9302034876,473703.69577023963,486882.891503883,13231.96130039543,52.765566752059385,493650.9302034876,interactive_short,False,32
exact_bucket,241,477072.7773636534,485266.23659295257,490643.0159516385,13570.238587985106,8193.459229299158,497072.7773636534,interactive_short,False,32
exact_bucket,242,483761.6992826147,485266.23659295257,490643.0159516385,6881.316669023829,1504.5373103378806,503761.6992826147,interactive_short,False,32
exact_bucket,243,483990.498999464,490643.0159516385,497059.71619027434,13069.217190810363,6652.516952174541,533990.498999464,interactive_medium,False,128
exact_bucket,244,484042.5267418703,485266.23659295257,490643.0159516385,6600.489209768246,1223.709851082298,504042.5267418703,interactive_short,False,32
exact_bucket,245,484790.3353382794,484804.4842820742,502471.58332652535,17681.247988245974,14.14894379483303,534790.3353382794,interactive_medium,False,64
exact_bucket,246,487052.69278963906,487070.8977262708,503847.9171372627,16795.224347623647,18.204936631722376,507052.69278963906,interactive_short,False,32
exact_bucket,247,493401.1114832305,502471.58332652535,509206.0944753143,15804.982992083824,9070.471843294858,513401.1114832305,interactive_short,False,32
exact_bucket,248,494411.64184506255,502471.58332652535,509206.0944753143,14794.452630251762,8059.941481462796,514411.64184506255,interactive_short,False,32
exact_bucket,249,496922.27723848145,502471.58332652535,509206.0944753143,12283.817236832867,5549.306088043901,516922.27723848145,interactive_short,False,32
exact_bucket,250,497080.35602946056,502471.58332652535,509206.0944753143,12125.738445853756,5391.22729706479,517080.35602946056,interactive_short,False,32
exact_bucket,251,499426.68989969784,499491.18204721954,512448.04895124125,13021.359051543404,64.49214752169792,549426.6898996979,interactive_medium,False,64
exact_bucket,252,501400.34374918457,502471.58332652535,509206.0944753143,7805.750726129743,1071.239577340777,521400.34374918457,interactive_short,False,32
exact_bucket,253,501615.2943729255,502471.58332652535,509206.0944753143,7590.8001023888355,856.2889535998693,521615.2943729255,interactive_short,False,32
exact_bucket,254,504576.33641678223,512448.04895124125,525302.6334223018,20726.29700551962,7871.712534459017,604576.3364167822,interactive_long,False,256
exact_bucket,255,508374.4900678,512448.04895124125,525302.6334223018,16928.143354501866,4073.558883441263,608374.4900678,interactive_long,False,256
exact_bucket,256,510209.1306652767,525302.6334223018,534107.5915041293,23898.460838852625,15093.502757025126,530209.1306652767,interactive_short,True,32
exact_bucket,257,510467.1967220508,525302.6334223018,534107.5915041293,23640.39478207857,14835.43670025107,530467.1967220508,interactive_short,True,32
exact_bucket,258,518718.1678001482,525302.6334223018,534107.5915041293,15389.423703981156,6584.465622153657,538718.1678001483,interactive_short,False,32
exact_bucket,259,521770.52560869,534107.5915041293,540524.2917427719,18753.766134081874,12337.065895439358,571770.52560869,interactive_medium,False,128
exact_bucket,260,522623.5060952592,540524.2917427719,551102.6174101671,28479.111314907903,17900.785647512646,572623.5060952592,interactive_medium,False,64
exact_bucket,261,523742.0608319924,540524.2917427719,551102.6174101671,27360.5565781747,16782.230910779443,573742.0608319924,interactive_medium,False,64
exact_bucket,262,524667.9448782488,525302.6334223018,534107.5915041293,9439.646625880501,634.6885440530023,544667.9448782488,interactive_short,False,32
exact_bucket,263,526078.2256618903,526117.3270526489,552324.6578556877,26246.432193797315,39.101390758529305,546078.2256618903,interactive_short,True,32
exact_bucket,264,526912.9908668387,540524.2917427719,551102.6174101671,24189.6265433284,13611.300875933142,576912.9908668387,interactive_medium,False,64
exact_bucket,265,530701.5805189821,540524.2917427719,551102.6174101671,20401.03689118498,9822.711223789724,580701.5805189821,interactive_medium,False,64
exact_bucket,266,534157.2456176562,551102.6174101671,560135.8952548304,25978.64963717421,16945.371792510967,554157.2456176562,interactive_short,True,32
exact_bucket,267,534380.3132819388,560135.8952548304,568463.2387534198,34082.92547148105,25755.58197289158,634380.3132819388,interactive_long,False,256
exact_bucket,268,540857.8361210944,551102.6174101671,560135.8952548304,19278.05913373595,10244.781289072707,560857.8361210944,interactive_short,False,32
exact_bucket,269,542876.7606051796,551102.6174101671,560135.8952548304,17259.134649650776,8225.856804987532,562876.7606051796,interactive_short,False,32
exact_bucket,270,546405.5237133533,546485.0943013835,572109.4093481945,25703.885634841165,79.57058803015389,596405.5237133533,interactive_medium,False,64
exact_bucket,271,548862.7969466735,551102.6174101671,560135.8952548304,11273.098308156827,2239.820463493583,568862.7969466735,interactive_short,False,32
exact_bucket,272,550006.3811932743,551102.6174101671,560135.8952548304,10129.514061556081,1096.2362168928375,570006.3811932743,interactive_short,False,32
exact_bucket,273,552653.3606579853,572109.4093481945,578526.109586837,25872.74892885168,19456.048690209165,602653.3606579853,interactive_medium,False,128
exact_bucket,274,559385.4303205531,559453.2271212242,582051.6937325664,22666.2634120133,67.7968006710289,579385.4303205531,interactive_short,True,32
exact_bucket,275,560015.0775665006,560017.2457883875,582234.7529093637,22219.675342863076,2.168221886851825,580015.0775665006,interactive_short,True,32
exact_bucket,276,563317.6736536679,578526.109586837,582370.3522995837,19052.678645915817,15208.435933169094,583317.6736536679,interactive_short,False,32
exact_bucket,277,564862.8030823345,578526.109586837,582370.3522995837,17507.549217249267,13663.306504502543,584862.8030823345,interactive_short,False,32
exact_bucket,278,566184.1533976971,578526.109586837,582370.3522995837,16186.198901886586,12341.956189139863,586184.1533976971,interactive_short,False,32
exact_bucket,279,567328.0471315094,578526.109586837,582370.3522995837,15042.305168074323,11198.0624553276,587328.0471315094,interactive_short,False,32
exact_bucket,280,569954.3298416642,570010.5352078383,585352.5150879397,15398.185246275505,56.20536617410835,619954.3298416642,interactive_medium,False,64
exact_bucket,281,570579.3603688445,578526.109586837,582370.3522995837,11790.991930739256,7946.749217992532,590579.3603688445,interactive_short,False,32
exact_bucket,282,574396.5739147417,578526.109586837,582370.3522995837,7973.778384841979,4129.535672095255,594396.5739147417,interactive_short,False,32
exact_bucket,283,577949.1063649838,578526.109586837,582370.3522995837,4421.245934599894,577.0032218531705,597949.1063649838,interactive_short,False,32
exact_bucket,284,578130.4068491043,578526.109586837,582370.3522995837,4239.945450479398,395.702737732674,598130.4068491043,interactive_short,False,32
exact_bucket,285,582398.3067883528,585352.5150879397,591769.2153265822,9370.908538229414,2954.2082995868986,632398.3067883528,interactive_medium,False,128
exact_bucket,286,582957.3733546018,582959.7985679336,594203.9093293954,11246.535974793602,2.425213331822306,632957.3733546018,interactive_medium,False,64
exact_bucket,287,584207.2608711326,594203.9093293954,598197.7649798772,13990.504108744557,9996.648458262789,604207.2608711326,interactive_short,False,32
exact_bucket,288,586092.1797219864,594203.9093293954,598197.7649798772,12105.58525789075,8111.729607408983,606092.1797219864,interactive_short,False,32
exact_bucket,289,587044.9936691284,594203.9093293954,598197.7649798772,11152.771310748765,7158.915660266997,607044.9936691284,interactive_short,False,32
exact_bucket,290,587103.2334616845,594203.9093293954,598197.7649798772,11094.531518192613,7100.675867710845,607103.2334616845,interactive_short,False,32
exact_bucket,291,590910.2184382996,591769.2153265822,600590.4814998832,9680.263061583624,858.9968882825924,640910.2184382996,interactive_medium,False,64
exact_bucket,292,591311.612814089,594203.9093293954,598197.7649798772,6886.152165788109,2892.2965153063415,611311.612814089,interactive_short,False,32
exact_bucket,293,591788.431403746,594203.9093293954,598197.7649798772,6409.333576131146,2415.4779256493784,611788.431403746,interactive_short,False,32
exact_bucket,294,594985.7474219035,598197.7649798772,604134.7910284778,9149.043606574298,3212.017557973624,644985.7474219035,interactive_medium,False,64
exact_bucket,295,595817.805370963,595895.9653308854,605262.8283628045,9445.022991841543,78.15995992242824,615817.805370963,interactive_short,False,32
exact_bucket,296,600063.67256221,604134.7910284778,609821.979255708,9758.306693498045,4071.118466267828,620063.67256221,interactive_short,False,32
exact_bucket,297,602479.5254504309,604134.7910284778,609821.979255708,7342.453805277124,1655.2655780469067,622479.5254504309,interactive_short,False,32
exact_bucket,298,603126.1952832483,604134.7910284778,609821.979255708,6695.783972459729,1008.5957452295115,623126.1952832483,interactive_short,False,32
exact_bucket,299,603146.6012599512,603169.308923914,616600.6113417317,13454.010081780492,22.707663962733932,653146.6012599512,interactive_medium,False,64
exact_bucket_wait,0,0.0,2000.0,5347.437362128403,5347.437362128403,2000.0,20000.0,interactive_short,False,32
exact_bucket_wait,1,4685.326635856748,4690.23529359838,9627.088275943519,4941.761640086771,4.9086577416319415,24685.32663585675,interactive_short,False,32
exact_bucket_wait,2,6262.838718290957,6685.326635856748,10260.208034703377,3997.3693164124197,422.48791756579067,26262.838718290957,interactive_short,False,32
exact_bucket_wait,3,9861.555492950167,9884.663995543364,16144.970617835672,6283.415124885505,23.108502593197045,29861.555492950167,interactive_short,False,32
exact_bucket_wait,4,11608.542790353687,16144.970617835672,20972.381140654936,9363.838350301248,4536.427827481984,61608.54279035369,interactive_medium,False,64
exact_bucket_wait,5,11929.100460691434,11947.414066150115,21912.412252593815,9983.31179190238,18.313605458681195,31929.100460691436,interactive_short,False,32
exact_bucket_wait,6,12201.760830234378,16144.970617835672,20972.381140654936,8770.620310420558,3943.209787601294,62201.76083023438,interactive_medium,False,64
exact_bucket_wait,7,12938.846292477965,12948.864837243484,23416.46203169602,10477.615739218056,10.018544765518527,32938.84629247797,interactive_short,False,32
exact_bucket_wait,8,17523.749290794418,20972.381140654936,25984.319052277162,8460.569761482744,3448.631849860518,37523.74929079442,interactive_short,False,32
exact_bucket_wait,9,20704.219288184544,20972.381140654936,25984.319052277162,5280.099764092618,268.16185247039175,40704.21928818454,interactive_short,False,32
exact_bucket_wait,10,24646.507156003463,24668.27549556273,29136.405778801964,4489.898622798501,21.768339559268497,44646.50715600346,interactive_short,False,32
exact_bucket_wait,11,29230.284890772156,30492.972578722907,38906.25103057588,9675.96613980372,1262.6876879507508,49230.284890772156,interactive_short,False,32
exact_bucket_wait,12,29701.92333515015,30492.972578722907,38906.25103057588,9204.327695425727,791.0492435727574,49701.923335150146,interactive_short,False,32
exact_bucket_wait,13,30276.033844297603,30492.972578722907,38906.25103057588,8630.217186278274,216.93873442530457,50276.033844297606,interactive_short,False,32
exact_bucket_wait,14,30492.972578722907,30492.972578722907,38906.25103057588,8413.27845185297,0.0,50492.97257872291,interactive_short,False,32
exact_bucket_wait,15,33522.2850675438,33563.74087772325,41224.99444002511,7702.709372481309,41.455810179446416,53522.2850675438,interactive_short,False,32
exact_bucket_wait,16,37832.93903158115,37872.21680744311,43810.07999785703,5977.1409662758815,39.277775861963164,57832.93903158115,interactive_short,False,32
exact_bucket_wait,17,38875.962027478956,38906.25103057588,44154.328700420374,5278.366672941418,30.28900309692108,58875.962027478956,interactive_short,False,32
exact_bucket_wait,18,40814.614746337094,44154.328700420374,49996.24484681238,9181.630100475282,3339.7139540832795,90814.61474633709,interactive_medium,False,64
exact_bucket_wait,19,41150.39514152049,41162.325699229186,51452.932196108784,10302.537054588298,11.93055770869978,61150.39514152049,interactive_short,False,32
exact_bucket_wait,20,46465.51854974466,46512.11377382108,53810.71726950949,7345.198719764834,46.59522407642362,96465.51854974465,interactive_medium,False,64
exact_bucket_wait,21,50464.64652766523,50482.776761612084,56214.757319108045,5750.110791442814,18.130233946852968,70464.64652766523,interactive_short,False,32
exact_bucket_wait,22,57941.29295752837,59941.29295752837,63414.49349290097,5473.200535372598,2000.0,77941.29295752838,interactive_short,False,32
exact_bucket_wait,23,61270.895281049074,61286.41060432756,64759.61113970016,3488.715858651085,15.515323278486903,81270.89528104907,interactive_short,False,32
exact_bucket_wait,24,65535.16615037969,67535.1661503797,73951.86638901886,8416.700238639169,2000.0,115535.1661503797,interactive_medium,False,128
exact_bucket_wait,25,65585.36358234937,73951.86638901886,79921.06394983074,14335.700367481375,8366.502806669494,85585.36358234937,interactive_short,False,32
exact_bucket_wait,26,68253.25681341092,73951.86638901886,79921.06394983074,11667.807136419826,5698.609575607945,88253.25681341092,interactive_short,False,32
exact_bucket_wait,27,69060.7463946566,73951.86638901886,79921.06394983074,10860.317555174144,4891.119994362263,89060.7463946566,interactive_short,False,32
exact_bucket_wait,28,74402.71441442745,79921.06394983074,85761.21858717248,11358.50417274503,5518.349535403293,124402.71441442745,interactive_medium,False,64
exact_bucket_wait,29,77644.06746322283,77664.98928117743,88233.55017830923,10589.4827150864,20.921817954600556,97644.06746322283,interactive_short,False,32
exact_bucket_wait,30,81635.21006518841,81689.40275488145,89241.00976568021,7605.7997004918,54.19268969303812,131635.2100651884,interactive_medium,False,64
exact_bucket_wait,31,84964.57561606709,85005.62389664425,95061.79166563878,10097.216049571696,41.04828057716077,134964.5756160671,interactive_medium,False,64
exact_bucket_wait,32,85585.2647166139,85761.21858717248,96753.84766712876,11168.582950514858,175.95387055857282,105585.2647166139,interactive_short,False,32
exact_bucket_wait,33,88681.710555966,96753.84766712876,103170.54790576793,14488.837349801935,8072.137111162767,138681.710555966,interactive_medium,False,128
exact_bucket_wait,34,88910.50326923911,95061.79166563878,107210.20970513929,18299.70643590018,6151.288396399672,108910.50326923911,interactive_short,False,32
exact_bucket_wait,35,93024.56098153477,95061.79166563878,107210.20970513929,14185.648723604521,2037.2306841040117,113024.56098153477,interactive_short,False,32
exact_bucket_wait,36,96936.79057994079,107210.20970513929,114451.32548936819,17514.5349094274,10273.419125198503,146936.79057994077,interactive_medium,False,64
exact_bucket_wait,37,97439.96335557531,103170.54790576793,115427.64109895438,17987.67774337907,5730.584550192623,117439.96335557531,interactive_short,False,32
exact_bucket_wait,38,100831.98873158326,107210.20970513929,114451.32548936819,13619.336757784928,6378.220973556032,150831.98873158326,interactive_medium,False,64
exact_bucket_wait,39,102065.48441728606,103170.54790576793,115427.64109895438,13362.156681668319,1105.063488481872,122065.48441728606,interactive_short,False,32
exact_bucket_wait,40,102793.72061808415,107210.20970513929,114451.32548936819,11657.604871284042,4416.489087055146,152793.72061808413,interactive_medium,False,64
exact_bucket_wait,41,105966.58478485378,105990.64124158457,118884.77570572057,12918.190920866793,24.05645673078834,125966.58478485378,interactive_short,False,32
exact_bucket_wait,42,106483.07855714422,106538.99272354892,119331.97783036176,12848.89927321754,55.91416640469106,126483.07855714422,interactive_short,False,32
exact_bucket_wait,43,106530.9764266568,106538.99272354892,119331.97783036176,12801.00140370497,8.016296892121318,126530.9764266568,interactive_short,False,32
exact_bucket_wait,44,106960.16133027605,106966.13080274274,120742.02449827008,13781.86316799403,5.9694724666915135,126960.16133027605,interactive_short,False,32
exact_bucket_wait,45,107755.9349758439,114451.32548936819,121306.04316543341,13550.108189589504,6695.390513524282,127755.9349758439,interactive_short,False,32
exact_bucket_wait,46,111751.33283285139,114451.32548936819,121306.04316543341,9554.71033258202,2699.992656516799,131751.3328328514,interactive_short,False,32
exact_bucket_wait,47,118567.11856872926,118623.74687954657,125348.17694677059,6781.058378041329,56.628310817308375,138567.11856872926,interactive_short,False,32
exact_bucket_wait,48,119221.6976026299,119260.78815049613,126053.20028072475,6831.502678094854,39.090547866231645,139221.6976026299,interactive_short,False,32
exact_bucket_wait,49,121273.24896644348,121306.04316543341,126992.06037862478,5718.811412181298,32.79419898992637,141273.24896644347,interactive_short,False,32
exact_bucket_wait,50,122293.82844906364,122340.07738856618,127621.6899154244,5327.861466360759,46.248939502533176,142293.82844906364,interactive_short,False,32
exact_bucket_wait,51,130236.27999100173,132236.27999100173,135835.24369961853,5598.963708616793,2000.0,150236.27999100173,interactive_short,False,32
exact_bucket_wait,52,131772.95154212418,132236.27999100173,135835.24369961853,4062.2921574943466,463.32844887755346,151772.95154212418,interactive_short,False,32
exact_bucket_wait,53,137374.50461665468,139374.50461665468,145791.20485529385,8416.700238639169,2000.0,187374.50461665468,interactive_medium,False,128
exact_bucket_wait,54,137619.61235432947,145791.20485529385,151196.3837489424,13576.771394612937,8171.592500964383,157619.61235432947,interactive_short,False,32
exact_bucket_wait,55,144659.61547534552,145791.20485529385,151196.3837489424,6536.768273596885,1131.589379948331,164659.61547534552,interactive_short,False,32
exact_bucket_wait,56,145053.0272684508,145791.20485529385,151196.3837489424,6143.35648049161,738.1775868430559,165053.0272684508,interactive_short,False,32
exact_bucket_wait,57,151621.68697230733,153621.68697230733,161376.07534496803,9754.388372660702,2000.0,201621.68697230733,interactive_medium,False,64
exact_bucket_wait,58,152238.7259482832,161376.07534496803,165673.37906741645,13434.653119133261,9137.349396684847,172238.7259482832,interactive_short,False,32
exact_bucket_wait,59,152468.2070170382,161376.07534496803,165673.37906741645,13205.172050378256,8907.868327929842,172468.2070170382,interactive_short,False,32
exact_bucket_wait,60,153608.5224910845,165673.37906741645,174000.72256600592,20392.20007492142,12064.85657633195,253608.5224910845,interactive_long,False,256
exact_bucket_wait,61,156216.44073635942,161376.07534496803,165673.37906741645,9456.938331057027,5159.634608608612,176216.44073635942,interactive_short,False,32
exact_bucket_wait,62,156969.2554851252,161376.07534496803,165673.37906741645,8704.123582291242,4406.819859842828,176969.2554851252,interactive_short,False,32
exact_bucket_wait,63,158833.12467464927,161376.07534496803,165673.37906741645,6840.2543927671795,2542.9506703187653,178833.12467464927,interactive_short,False,32
exact_bucket_wait,64,160265.64130798163,160326.63827478993,179079.99798566793,18814.3566776863,60.99696680830675,210265.64130798163,interactive_medium,False,64
exact_bucket_wait,65,161238.5429869296,161250.14289654666,180003.50260742466,18764.959620495065,11.599909617070807,211238.5429869296,interactive_medium,False,64
exact_bucket_wait,66,162957.3623497664,163021.12979086107,180712.65002020015,17755.287670433754,63.76744109467836,182957.3623497664,interactive_short,False,32
exact_bucket_wait,67,163545.3596597112,163585.1484580244,181206.39546945813,17661.035809746943,39.788798313209554,183545.3596597112,interactive_short,False,32
exact_bucket_wait,68,166012.74851501672,180003.50260742466,185180.2759471933,19167.527432176576,13990.754092407937,186012.74851501672,interactive_short,False,32
exact_bucket_wait,69,166016.13393510526,180003.50260742466,185180.2759471933,19164.142012088036,13987.368672319397,186016.13393510526,interactive_short,False,32
exact_bucket_wait,70,171212.06512667643,180003.50260742466,185180.2759471933,13968.210820516862,8791.437480748224,191212.06512667643,interactive_short,False,32
exact_bucket_wait,71,172758.40355763954,185180.2759471933,194566.79578311436,21808.392225474818,12421.872389553755,222758.40355763954,interactive_medium,False,128
exact_bucket_wait,72,175300.2676131151,175302.02453302676,195952.05271574945,20651.78510263434,1.7569199116551317,225300.2676131151,interactive_medium,False,64
exact_bucket_wait,73,178009.4720451799,180003.50260742466,185180.2759471933,7170.803902013402,1994.0305622447631,198009.4720451799,interactive_short,False,32
exact_bucket_wait,74,180230.61004395568,180285.51194100632,196063.92221268118,15833.312168725504,54.90189705064404,200230.61004395568,interactive_short,False,32
exact_bucket_wait,75,181136.4200486716,181182.6655761696,196843.6187064476,15707.198657775996,46.245527497987496,201136.4200486716,interactive_short,False,32
exact_bucket_wait,76,181281.50511497576,185180.2759471933,194566.79578311436,13285.290668138594,3898.7708322175313,231281.50511497576,interactive_medium,False,128
exact_bucket_wait,77,183464.20864479677,183556.47324930533,197714.84478861274,14250.636143815966,92.26460450855666,203464.20864479677,interactive_short,False,32
exact_bucket_wait,78,184265.7609896628,184268.3700479617,198630.1406726,14364.3796829372,2.6090582988981623,204265.7609896628,interactive_short,False,32
exact_bucket_wait,79,185019.27037452036,185027.72663319542,199389.49725783372,14370.226883313357,8.456258675054414,205019.27037452036,interactive_short,False,32
exact_bucket_wait,80,188787.22094703364,195952.05271574945,199508.14672427645,10720.92577724281,7164.831768715812,208787.22094703364,interactive_short,False,32
exact_bucket_wait,81,191331.39780426107,195952.05271574945,199508.14672427645,8176.74892001538,4620.654911488382,211331.39780426107,interactive_short,False,32
exact_bucket_wait,82,192045.66867047417,195952.05271574945,199508.14672427645,7462.478053802275,3906.3840452752775,212045.66867047417,interactive_short,False,32
exact_bucket_wait,83,192785.72366443145,194566.79578311436,205549.97097486517,12764.247310433711,1781.0721186829032,242785.72366443145,interactive_medium,False,64
exact_bucket_wait,84,193835.54878730024,195952.05271574945,199508.14672427645,5672.597936976206,2116.5039284492086,213835.54878730024,interactive_short,False,32
exact_bucket_wait,85,194865.21737300162,195952.05271574945,199508.14672427645,4642.929351274826,1086.8353427478287,214865.21737300162,interactive_short,False,32
exact_bucket_wait,86,195566.19192016678,205549.97097486517,213877.31447345464,18311.12255328786,9983.779054698389,295566.1919201668,interactive_long,False,256
exact_bucket_wait,87,195838.49080862475,195952.05271574945,199508.14672427645,3669.6559156517033,113.56190712470561,215838.49080862475,interactive_short,False,32
exact_bucket_wait,88,196929.48483398094,196935.14829484632,214565.48137882247,17635.99654484153,5.663460865383968,216929.48483398094,interactive_short,False,32
exact_bucket_wait,89,202568.46551219074,213877.31447345464,217379.2575985962,14810.792086405447,11308.848961263895,222568.46551219074,interactive_short,False,32
exact_bucket_wait,90,204830.64109467145,213877.31447345464,217379.2575985962,12548.616503924743,9046.67337878319,224830.64109467145,interactive_short,False,32
exact_bucket_wait,91,209492.72434268222,213877.31447345464,217379.2575985962,7886.533255913964,4384.5901307724125,229492.72434268222,interactive_short,False,32
exact_bucket_wait,92,211404.4249104831,217379.2575985962,223745.01152555182,12340.586615068722,5974.832688113092,261404.4249104831,interactive_medium,False,64
exact_bucket_wait,93,212120.4905687086,213877.31447345464,217379.2575985962,5258.767029887589,1756.8239047460374,232120.4905687086,interactive_short,False,32
exact_bucket_wait,94,213708.3589683187,213877.31447345464,217379.2575985962,3670.8986302774865,168.9555051359348,233708.3589683187,interactive_short,False,32
exact_bucket_wait,95,213709.17101254492,213877.31447345464,217379.2575985962,3670.0865860512713,168.14346090971958,233709.17101254492,interactive_short,False,32
exact_bucket_wait,96,214385.4767159057,223745.01152555182,232072.3550241413,17686.87830823558,9359.53480964611,314385.4767159057,interactive_long,False,256
exact_bucket_wait,97,215509.3221345372,215599.51560195524,233157.15014590372,17647.82801136654,90.19346741805202,235509.3221345372,interactive_short,False,32
exact_bucket_wait,98,217244.25080076285,233157.15014590372,241510.68925233543,24266.438451572583,15912.899345140875,267244.25080076285,interactive_medium,False,128
exact_bucket_wait,99,219370.96672305348,219442.3195378216,243273.74353023464,23902.77680718116,71.35281476812088,269370.9667230535,interactive_medium,False,64
exact_bucket_wait,100,220621.8996391037,232072.3550241413,245962.0014413514,25340.101802247693,11450.455385037581,240621.8996391037,interactive_short,True,32
exact_bucket_wait,101,221789.26511169868,221793.05857502055,249488.10999714982,27698.844885451137,3.7934633218683302,271789.26511169865,interactive_medium,False,64
exact_bucket_wait,102,222270.10243516884,232072.3550241413,245962.0014413514,23691.89900618256,9802.25258897245,242270.10243516884,interactive_short,True,32
exact_bucket_wait,103,223551.9186087876,232072.3550241413,245962.0014413514,22410.082832563814,8520.436415353703,243551.9186087876,interactive_short,True,32
exact_bucket_wait,104,228180.84585377428,232072.3550241413,245962.0014413514,17781.155587577116,3891.509170367004,248180.84585377428,interactive_short,False,32
exact_bucket_wait,105,231360.35918512376,232072.3550241413,245962.0014413514,14601.642256227642,711.9958390175307,251360.35918512376,interactive_short,False,32
exact_bucket_wait,106,231732.27485609736,232072.3550241413,245962.0014413514,14229.726585254044,340.08016804393264,251732.27485609736,interactive_short,False,32
exact_bucket_wait,107,231909.49041917422,232072.3550241413,245962.0014413514,14052.511022177176,162.86460496706422,251909.49041917422,interactive_short,False,32
exact_bucket_wait,108,233358.5680228021,243273.74353023464,250437.30572869166,17078.737705889565,9915.175507432548,253358.5680228021,interactive_short,False,32
exact_bucket_wait,109,235363.03259872267,235389.04588108257,253702.18219335985,18339.149594637187,26.013282359897858,285363.03259872267,interactive_medium,False,128
exact_bucket_wait,110,236179.5353372144,241510.68925233543,256031.93248915524,19852.39715194085,5331.153915121045,286179.53533721436,interactive_medium,False,64
exact_bucket_wait,111,239591.69139954826,243273.74353023464,250437.30572869166,10845.614329143398,3682.052130686381,259591.69139954826,interactive_short,False,32
exact_bucket_wait,112,242373.40601094568,243273.74353023464,250437.30572869166,8063.899717745982,900.3375192889653,262373.4060109457,interactive_short,False,32
exact_bucket_wait,113,244607.74689604086,244629.7374324371,256981.12822069708,12373.38132465622,21.99053639624617,264607.74689604086,interactive_short,False,32
exact_bucket_wait,114,245116.60429665423,250437.30572869166,261165.9327241574,16049.328427503176,5320.701432037429,295116.60429665423,interactive_medium,False,128
exact_bucket_wait,115,245560.71741308132,245962.0014413514,263453.70553714567,17892.988124064344,401.2840282700781,295560.7174130813,interactive_medium,False,64
exact_bucket_wait,116,245610.1746843997,245636.56290482267,264277.4718327334,18667.297148333717,26.38822042295942,265610.17468439974,interactive_short,False,32
exact_bucket_wait,117,246171.83268557416,249488.10999714982,264494.4308570859,18322.598171511752,3316.277311575657,266171.8326855742,interactive_short,False,32
exact_bucket_wait,118,247461.06619236048,249488.10999714982,264494.4308570859,17033.364664725435,2027.0438047893404,267461.0661923605,interactive_short,False,32
exact_bucket_wait,119,251251.8118115288,256031.93248915524,267428.2266137551,16176.414802226296,4780.12067762643,271251.8118115288,interactive_short,False,32
exact_bucket_wait,120,251403.04467762125,253702.18219335985,273053.2093099097,21650.164632288477,2299.1375157386065,301403.0446776212,interactive_medium,False,64
exact_bucket_wait,121,252473.421380079,256031.93248915524,267428.2266137551,14954.805233676103,3558.5111090762366,272473.421380079,interactive_short,False,32
exact_bucket_wait,122,254460.65811645883,254520.74310809877,274144.62386289495,19683.965746436123,60.084991639945656,304460.6581164588,interactive_medium,False,64
exact_bucket_wait,123,254893.08147302043,256031.93248915524,267428.2266137551,12535.145140734676,1138.8510161348095,274893.08147302043,interactive_short,False,32
exact_bucket_wait,124,257276.86858247902,263453.70553714567,276961.9693536601,19685.10077118111,6176.836954666651,277276.868582479,interactive_short,False,32
exact_bucket_wait,125,258640.7971443583,263453.70553714567,276961.9693536601,18321.172209301818,4812.908392787358,278640.7971443583,interactive_short,False,32
exact_bucket_wait,126,259200.18378525076,263453.70553714567,276961.9693536601,17761.785568409367,4253.521751894907,279200.18378525076,interactive_short,False,32
exact_bucket_wait,127,261334.74833081558,276961.9693536601,286348.4891895812,25013.74085876561,15627.221022844547,311334.7483308156,interactive_medium,False,128
exact_bucket_wait,128,261345.86882622488,261354.83139678946,288552.3070369552,27206.438210730324,8.962570564588532,311345.8688262249,interactive_medium,False,64
exact_bucket_wait,129,264126.1882832452,267428.2266137551,290651.1811773114,26524.992894066207,3302.0383305099094,314126.1882832452,interactive_medium,False,64
exact_bucket_wait,130,267065.94190347125,267126.5179705148,292359.73349408724,25293.79159061599,60.576067043526564,287065.94190347125,interactive_short,True,32
exact_bucket_wait,131,267291.35520539456,267292.6272235348,292525.84274710726,25234.487541712704,1.2720181402401067,287291.35520539456,interactive_short,True,32
exact_bucket_wait,132,268398.6342470887,268435.6862011261,293281.4374376355,24882.80319054681,37.05195403739344,318398.6342470887,interactive_medium,False,64
exact_bucket_wait,133,268785.528719743,276961.9693536601,286348.4891895812,17562.960469838174,8176.440633917111,318785.528719743,interactive_medium,False,128
exact_bucket_wait,134,275124.0836601808,275162.99090082874,294973.4934391255,19849.409778944682,38.907240647939034,295124.0836601808,interactive_short,False,32
exact_bucket_wait,135,276583.5306883647,276667.04067993094,296226.868255044,19643.337566679285,83.50999156624312,296583.5306883647,interactive_short,False,32
exact_bucket_wait,136,276686.57708818314,276690.7705732195,296289.5369958399,19602.95990765677,4.193485036375932,296686.57708818314,interactive_short,False,32
exact_bucket_wait,137,277259.80445404275,286348.4891895812,298850.1634470745,21590.358993031725,9088.684735538438,327259.80445404275,interactive_medium,False,64
exact_bucket_wait,138,281031.9844971329,286348.4891895812,298850.1634470745,17818.17894994159,5316.504692448303,331031.9844971329,interactive_medium,False,64
exact_bucket_wait,139,282251.2951702571,290651.1811773114,299476.8508550337,17225.555684776627,8399.886007054301,302251.2951702571,interactive_short,False,32
exact_bucket_wait,140,285484.3874195229,290651.1811773114,299476.8508550337,13992.463435510814,5166.793757788488,305484.3874195229,interactive_short,False,32
exact_bucket_wait,141,287687.0858763872,290651.1811773114,299476.8508550337,11789.764978646534,2964.0953009242075,307687.0858763872,interactive_short,False,32
exact_bucket_wait,142,296514.93849096954,298850.1634470745,302481.9009170319,5966.962426062382,2335.2249561049393,316514.93849096954,interactive_short,False,32
exact_bucket_wait,143,298324.9098344262,298346.433653389,310365.7447562179,12040.834921791684,21.52381896279985,348324.9098344262,interactive_medium,False,64
exact_bucket_wait,144,304317.9593471235,310365.7447562179,315942.87234904227,11624.913001918758,6047.785409094358,324317.9593471235,interactive_short,False,32
exact_bucket_wait,145,308758.6046021605,310365.7447562179,315942.87234904227,7184.2677468817565,1607.140154057357,328758.6046021605,interactive_short,False,32
exact_bucket_wait,146,310655.46979909524,310678.69812218455,316255.82571500895,5600.355915913708,23.228323089308105,330655.46979909524,interactive_short,False,32
exact_bucket_wait,147,313196.2218718601,316255.82571500895,324729.11582254525,11532.89395068516,3059.603843148856,363196.2218718601,interactive_medium,False,64
exact_bucket_wait,148,314601.7208017273,314626.82879232784,329538.9416786325,14937.220876905194,25.10799060051795,334601.7208017273,interactive_short,False,32
exact_bucket_wait,149,318152.3418345306,324729.11582254525,331750.3059465899,13597.96411205933,6576.773988014669,338152.3418345306,interactive_short,False,32
exact_bucket_wait,150,319739.9215228538,331750.3059465899,340077.6494451794,20337.727922325605,12010.384423736134,419739.9215228538,interactive_long,False,256
exact_bucket_wait,151,324290.01903144224,324729.11582254525,331750.3059465899,7460.286915147677,439.0967911030166,344290.01903144224,interactive_short,False,32
exact_bucket_wait,152,327012.4846522204,327032.1920467955,341904.85122839763,14892.366576177243,19.707394575118087,347012.4846522204,interactive_short,False,32
exact_bucket_wait,153,328299.95882871764,328348.23560350994,342650.6478746094,14350.689045891748,48.27677479229169,348299.95882871764,interactive_short,False,32
exact_bucket_wait,154,328899.98520282906,328974.9230114692,342948.966533094,14048.981330264942,74.9378086401266,348899.98520282906,interactive_short,False,32
exact_bucket_wait,155,329468.00215959235,329538.9416786325,343155.75560318003,13687.753443587688,70.93951904017013,349468.00215959235,interactive_short,False,32
exact_bucket_wait,156,331498.3546530178,331513.00701370416,343867.65240183694,12369.29774881911,14.65236068633385,351498.3546530178,interactive_short,False,32
exact_bucket_wait,157,334401.6311719936,340077.6494451794,344172.7510298324,9771.119857838785,5676.018273185764,354401.6311719936,interactive_short,False,32
exact_bucket_wait,158,335874.9927551598,340077.6494451794,344172.7510298324,8297.758274672611,4202.65669001959,355874.9927551598,interactive_short,False,32
exact_bucket_wait,159,337845.99806512165,340077.6494451794,344172.7510298324,6326.7529647107585,2231.6513800577377,357845.99806512165,interactive_short,False,32
exact_bucket_wait,160,338488.05513029825,340077.6494451794,344172.7510298324,5684.695899534156,1589.5943148811348,358488.05513029825,interactive_short,False,32
exact_bucket_wait,161,338649.35484757664,340077.6494451794,344172.7510298324,5523.396182255761,1428.2945976027404,358649.35484757664,interactive_short,False,32
exact_bucket_wait,162,339322.3381436127,340077.6494451794,344172.7510298324,4850.412886219681,755.3113015666604,359322.3381436127,interactive_short,False,32
exact_bucket_wait,163,339956.4640854367,344172.7510298324,351751.55458914506,11795.090503708343,4216.286944395688,389956.4640854367,interactive_medium,False,128
exact_bucket_wait,164,340726.9350188946,351751.55458914506,358761.7942179348,18034.859199040162,11024.619570250448,390726.9350188946,interactive_medium,False,64
exact_bucket_wait,165,342280.6545444606,342311.6493990587,360717.81542186235,18437.160877401766,30.994854598131496,362280.6545444606,interactive_short,False,32
exact_bucket_wait,166,342578.52264161,342609.96805754333,360961.8943242587,18383.37168264872,31.44541593332542,362578.52264161,interactive_short,False,32
exact_bucket_wait,167,343104.5314275153,343118.46577086946,361341.5726168756,18237.041189360258,13.934343354136217,363104.5314275153,interactive_short,False,32
exact_bucket_wait,168,345472.54378428264,358761.7942179348,362100.92920211,16628.385417827347,13289.250433652138,365472.54378428264,interactive_short,False,32
exact_bucket_wait,169,347923.74814603163,358761.7942179348,362100.92920211,14177.181056078349,10838.04607190314,367923.74814603163,interactive_short,False,32
exact_bucket_wait,170,348056.51680808194,348078.56856639334,366006.7467386709,17950.229930588976,22.05175831139786,398056.51680808194,interactive_medium,False,128
exact_bucket_wait,171,349103.6610731932,358761.7942179348,362100.92920211,12997.268128916796,9658.133144741587,369103.6610731932,interactive_short,False,32
exact_bucket_wait,172,350668.1037808773,358761.7942179348,362100.92920211,11432.825421232672,8093.690437057463,370668.1037808773,interactive_short,False,32
exact_bucket_wait,173,351743.0393517153,351751.55458914506,358761.7942179348,7018.754866219475,8.515237429761328,401743.0393517153,interactive_medium,False,64
exact_bucket_wait,174,352206.4858290961,352213.3069000234,366817.23535765265,14610.749528556538,6.821070927311666,402206.4858290961,interactive_medium,False,64
exact_bucket_wait,175,353296.4351300922,358761.7942179348,362100.92920211,8804.494072017784,5465.359087842575,373296.4351300922,interactive_short,False,32
exact_bucket_wait,176,358000.79433636187,358761.7942179348,362100.92920211,4100.134865748114,760.999881572905,378000.79433636187,interactive_short,False,32
exact_bucket_wait,177,359755.3162093097,359768.6196903198,368368.2866923518,8612.970483042125,13.303481010138057,379755.3162093097,interactive_short,False,32
exact_bucket_wait,178,362133.63557731314,366817.23535765265,371672.1501130734,9538.514535760274,4683.599780339515,382133.63557731314,interactive_short,False,32
exact_bucket_wait,179,366019.71258193307,366817.23535765265,371672.1501130734,5652.437531140342,797.5227757195826,386019.71258193307,interactive_short,False,32
exact_bucket_wait,180,368921.118746171,371672.1501130734,380145.4402206097,11224.321474438708,2751.0313669024035,418921.118746171,interactive_medium,False,64
exact_bucket_wait,181,369878.4198514725,369901.7581855885,385440.9488178654,15562.528966392914,23.338334116037004,389878.4198514725,interactive_short,False,32
exact_bucket_wait,182,369890.2469196961,385440.9488178654,393768.29231645487,23878.045396758767,15550.701898169296,469890.2469196961,interactive_long,False,256
exact_bucket_wait,183,370757.2317872697,370794.78774193046,394412.3894200016,23655.15763273189,37.55595466075465,390757.2317872697,interactive_short,True,32
exact_bucket_wait,184,373557.81654337514,380145.4402206097,394839.52749919525,21281.710955820105,6587.623677234573,393557.81654337514,interactive_short,True,32
exact_bucket_wait,185,377398.56579818815,380145.4402206097,394839.52749919525,17440.961701007094,2746.8744224215625,397398.56579818815,interactive_short,False,32
exact_bucket_wait,186,383532.1777781886,394839.52749919525,400107.7015914893,16575.523813300708,11307.349721006642,433532.1777781886,interactive_medium,False,64
exact_bucket_wait,187,384618.2600858557,384657.58955791633,402334.92157585657,17716.661490000843,39.32947206060635,404618.2600858557,interactive_short,False,32
exact_bucket_wait,188,387371.07226095744,393768.29231645487,402640.02020385204,15268.947942894592,6397.220055497426,407371.07226095744,interactive_short,False,32
exact_bucket_wait,189,388950.97137005127,393768.29231645487,402640.02020385204,13689.04883380077,4817.3209464036045,408950.97137005127,interactive_short,False,32
exact_bucket_wait,190,390799.8822599886,393768.29231645487,402640.02020385204,11840.137943863461,2968.410056466295,410799.8822599886,interactive_short,False,32
exact_bucket_wait,191,391298.18672327726,393768.29231645487,402640.02020385204,11341.833480574773,2470.1055931776064,411298.18672327726,interactive_short,False,32
exact_bucket_wait,192,391793.62700326595,393768.29231645487,402640.02020385204,10846.393200586084,1974.665313188918,411793.62700326595,interactive_short,False,32
exact_bucket_wait,193,392938.4474975708,402640.02020385204,412476.24968789285,19537.80219032202,9701.572706281208,442938.4474975708,interactive_medium,False,128
exact_bucket_wait,194,392997.3562420502,393768.29231645487,402640.02020385204,9642.663961801853,770.9360744046862,412997.3562420502,interactive_short,False,32
exact_bucket_wait,195,393816.6927309916,394839.52749919525,400107.7015914893,6291.008860497735,1022.8347682036692,443816.6927309916,interactive_medium,False,64
exact_bucket_wait,196,396090.205256994,400107.7015914893,413700.0341846309,17609.828927636903,4017.496334495314,416090.205256994,interactive_short,False,32
exact_bucket_wait,197,397126.29741134576,400107.7015914893,413700.0341846309,16573.73677328514,2981.4041801435524,417126.29741134576,interactive_short,False,32
exact_bucket_wait,198,397487.0516630854,413700.0341846309,431696.4524441158,34209.40078103042,16212.982521545491,497487.0516630854,interactive_long,False,256
exact_bucket_wait,199,398746.9838833903,398785.4108830649,439588.21921185515,40841.23532846483,38.42699967458611,448746.9838833903,interactive_medium,False,64
exact_bucket_wait,200,399020.0620997148,402640.02020385204,412476.24968789285,13456.187588178029,3619.958104137215,449020.0620997148,interactive_medium,False,128
exact_bucket_wait,201,400967.14431063854,402640.02020385204,412476.24968789285,11509.10537725431,1672.8758932134951,450967.14431063854,interactive_medium,False,128
exact_bucket_wait,202,401021.8177473623,431696.4524441158,440910.50992027955,39888.692172917246,30674.63469675352,451021.8177473623,interactive_medium,False,64
exact_bucket_wait,203,402023.63518691156,402029.82294786075,443436.9386588589,41413.30347194732,6.187760949193034,422023.63518691156,interactive_short,True,32
exact_bucket_wait,204,403685.6601542116,412476.24968789285,444160.0300822993,40474.36992808769,8790.589533681225,423685.6601542116,interactive_short,True,32
exact_bucket_wait,205,403740.6123148993,412476.24968789285,444160.0300822993,40419.41776740004,8735.637372993573,423740.6123148993,interactive_short,True,32
exact_bucket_wait,206,405799.249268688,412476.24968789285,444160.0300822993,38360.78081361129,6677.000419204822,425799.249268688,interactive_short,True,32
exact_bucket_wait,207,406090.9187785812,412476.24968789285,444160.0300822993,38069.11130371812,6385.330909311655,426090.9187785812,interactive_short,True,32
exact_bucket_wait,208,407329.59150444844,412476.24968789285,444160.0300822993,36830.43857785087,5146.658183444408,427329.59150444844,interactive_short,True,32
exact_bucket_wait,209,407432.77741140727,413700.0341846309,431696.4524441158,24263.67503270856,6267.256773223635,507432.77741140727,interactive_long,False,256
exact_bucket_wait,210,408385.96033972333,412476.24968789285,444160.0300822993,35774.069742575986,4090.289348169521,428385.96033972333,interactive_short,True,32
exact_bucket_wait,211,408861.612680962,431696.4524441158,440910.50992027955,32048.897239317535,22834.83976315381,458861.612680962,interactive_medium,False,64
exact_bucket_wait,212,409653.17439997237,412476.24968789285,444160.0300822993,34506.85568232695,2823.075287920481,429653.17439997237,interactive_short,True,32
exact_bucket_wait,213,412517.6810202103,412544.04938300303,444348.0363046871,31830.35528447677,26.368362792709377,432517.6810202103,interactive_short,True,32
exact_bucket_wait,214,413470.93594697193,444348.0363046871,453734.55614060815,40263.62019363622,30877.100357715157,463470.93594697193,interactive_medium,False,128
exact_bucket_wait,215,416259.6682363913,416270.95107884303,455400.02484032605,39140.35660393472,11.282842451706529,516259.6682363913,interactive_long,False,256
exact_bucket_wait,216,419826.34967140463,440910.50992027955,456240.74105969194,36414.3913882873,21084.16024887492,439826.34967140463,interactive_short,True,32
exact_bucket_wait,217,420407.7804260369,431696.4524441158,440910.50992027955,20502.729494242638,11288.672018078913,470407.7804260369,interactive_medium,False,64
exact_bucket_wait,218,420578.6919272703,440910.50992027955,456240.74105969194,35662.04913242161,20331.81799300923,440578.6919272703,interactive_short,True,32
exact_bucket_wait,219,420617.8391398993,440910.50992027955,456240.74105969194,35622.90191979264,20292.670780380256,440617.8391398993,interactive_short,True,32
exact_bucket_wait,220,422168.3724339736,444348.0363046871,453734.55614060815,31566.18370663456,22179.6638707135,472168.3724339736,interactive_medium,False,128
exact_bucket_wait,221,440752.0918054324,440910.50992027955,456240.74105969194,15488.649254259537,158.41811484715436,460752.0918054324,interactive_short,False,32
exact_bucket_wait,222,441613.5356220168,441633.60134372,457431.4471348145,15817.911512797698,20.0657217031694,461613.5356220168,interactive_short,False,32
exact_bucket_wait,223,443714.0034305528,457431.4471348145,462353.9675598438,18639.96412929101,13717.443704261736,493714.0034305528,interactive_medium,False,64
exact_bucket_wait,224,446753.4999690595,455400.02484032605,464201.5092515949,17448.009282535408,8646.524871266563,466753.4999690595,interactive_short,False,32
exact_bucket_wait,225,448863.1960369516,455400.02484032605,464201.5092515949,15338.313214643276,6536.828803374432,468863.1960369516,interactive_short,False,32
exact_bucket_wait,226,451669.94039025676,455400.02484032605,464201.5092515949,12531.568861338135,3730.084450069291,471669.94039025676,interactive_short,False,32
exact_bucket_wait,227,457645.9342362347,457652.4894854459,464422.5516022263,6776.61736599158,6.555249211203773,507645.9342362347,interactive_medium,False,64
exact_bucket_wait,228,458090.6236830654,462353.9675598438,466452.3248815188,8361.701198453375,4263.343876778381,478090.6236830654,interactive_short,False,32
exact_bucket_wait,229,458131.8047936588,466452.3248815188,472869.0251201546,14737.220326495823,8320.52008786,508131.8047936588,interactive_medium,False,128
exact_bucket_wait,230,458462.45604231907,462353.9675598438,466452.3248815188,7989.868839199713,3891.5115175247192,478462.45604231907,interactive_short,False,32
exact_bucket_wait,231,458732.3115762346,462353.9675598438,466452.3248815188,7720.013305284199,3621.6559836092056,478732.3115762346,interactive_short,False,32
exact_bucket_wait,232,460946.3597819217,462353.9675598438,466452.3248815188,5505.965099597059,1407.607777922065,480946.3597819217,interactive_short,False,32
exact_bucket_wait,233,462606.4463256239,462614.9963860181,473723.1158289892,11116.669503365294,8.550060394220054,482606.4463256239,interactive_short,False,32
exact_bucket_wait,234,463098.1567163349,463103.1541908112,475415.1718304792,12317.015114144247,4.997474476287607,483098.1567163349,interactive_short,False,32
exact_bucket_wait,235,465502.5386434709,465550.58893655293,479582.6430934082,14080.104449937295,48.05029308202211,485502.5386434709,interactive_short,False,32
exact_bucket_wait,236,468415.09779329854,479582.6430934082,486660.98796853103,18245.89017523249,11167.545300109661,518415.09779329854,interactive_medium,False,64
exact_bucket_wait,237,468782.43666693376,472869.0251201546,487633.9135933621,18851.476926428324,4086.588453220844,488782.43666693376,interactive_short,False,32
exact_bucket_wait,238,470651.5879088133,472869.0251201546,487633.9135933621,16982.325684548763,2217.437211341283,490651.5879088133,interactive_short,False,32
exact_bucket_wait,239,473407.65031493455,473417.37660211895,488291.9353717193,14884.285056784749,9.726287184399553,493407.65031493455,interactive_short,False,32
exact_bucket_wait,240,473650.9302034876,473699.3859357006,488526.943149704,14876.012946216448,48.45573221304221,493650.9302034876,interactive_short,False,32
exact_bucket_wait,241,477072.7773636534,477138.5622023671,491096.36152233696,14023.584158683545,65.78483871370554,497072.7773636534,interactive_short,False,32
exact_bucket_wait,242,483761.6992826147,486660.98796853103,492318.4019678575,8556.70268524281,2899.288685916341,503761.6992826147,interactive_short,False,32
exact_bucket_wait,243,483990.498999464,492318.4019678575,498735.1022064933,14744.603207029344,8327.902968393522,533990.498999464,interactive_medium,False,128
exact_bucket_wait,244,484042.5267418703,486660.98796853103,492318.4019678575,8275.875225987227,2618.4612266607583,504042.5267418703,interactive_short,False,32
exact_bucket_wait,245,484790.3353382794,484813.9787250176,502032.5364931658,17242.201154886454,23.643386738200206,534790.3353382794,interactive_medium,False,64
exact_bucket_wait,246,487052.69278963906,487064.3961544368,502435.9446790716,15383.251889432548,11.70336479775142,507052.69278963906,interactive_short,False,32
exact_bucket_wait,247,493401.1114832305,502032.5364931658,510611.10123127035,17209.989748039865,8631.425009935338,513401.1114832305,interactive_short,False,32
exact_bucket_wait,248,494411.64184506255,502032.5364931658,510611.10123127035,16199.459386207804,7620.894648103276,514411.64184506255,interactive_short,False,32
exact_bucket_wait,249,496922.27723848145,502032.5364931658,510611.10123127035,13688.823992788908,5110.259254684381,516922.27723848145,interactive_short,False,32
exact_bucket_wait,250,497080.35602946056,502032.5364931658,510611.10123127035,13530.745201809797,4952.18046370527,517080.35602946056,interactive_short,False,32
exact_bucket_wait,251,499426.68989969784,499471.91004193126,514589.8635426352,15163.173642937385,45.2201422334183,549426.6898996979,interactive_medium,False,64
exact_bucket_wait,252,501400.34374918457,502032.5364931658,510611.10123127035,9210.757482085784,632.1927439812571,521400.34374918457,interactive_short,False,32
exact_bucket_wait,253,501615.2943729255,502032.5364931658,510611.10123127035,8995.806858344877,417.2421202403493,521615.2943729255,interactive_short,False,32
exact_bucket_wait,254,504576.33641678223,514589.8635426352,527444.4480136959,22868.11159691366,10013.527125852997,604576.3364167822,interactive_long,False,256
exact_bucket_wait,255,508374.4900678,514589.8635426352,527444.4480136959,19069.957945895905,6215.3734748352435,608374.4900678,interactive_long,False,256
exact_bucket_wait,256,510209.1306652767,510238.2029081643,535497.3812059723,25288.25054069556,29.072242887574248,530209.1306652767,interactive_short,True,32
exact_bucket_wait,257,510467.1967220508,510475.50184105005,536280.7404659213,25813.54374387057,8.305118999269325,530467.1967220508,interactive_short,True,32
exact_bucket_wait,258,518718.1678001482,527444.4480136959,536594.084169901,17875.916369752784,8726.280213547696,538718.1678001483,interactive_short,False,32
exact_bucket_wait,259,521770.52560869,536594.084169901,543010.7844085435,21240.258799853502,14823.558561210986,571770.52560869,interactive_medium,False,128
exact_bucket_wait,260,522623.5060952592,543010.7844085435,554218.7723180456,31595.26622278639,20387.278313284274,572623.5060952592,interactive_medium,False,64
exact_bucket_wait,261,523742.0608319924,543010.7844085435,554218.7723180456,30476.711486053187,19268.72357655107,573742.0608319924,interactive_medium,False,64
exact_bucket_wait,262,524667.9448782488,527444.4480136959,536594.084169901,11926.139291652129,2776.503135447041,544667.9448782488,interactive_short,False,32
exact_bucket_wait,263,526078.2256618903,527444.4480136959,536594.084169901,10515.858508010628,1366.2223518055398,546078.2256618903,interactive_short,False,32
exact_bucket_wait,264,526912.9908668387,543010.7844085435,554218.7723180456,27305.781451206887,16097.79354170477,576912.9908668387,interactive_medium,False,64
exact_bucket_wait,265,530701.5805189821,543010.7844085435,554218.7723180456,23517.19179906347,12309.203889561351,580701.5805189821,interactive_medium,False,64
exact_bucket_wait,266,534157.2456176562,534181.3376492579,560355.4538248181,26198.20820716198,24.0920316017,554157.2456176562,interactive_short,True,32
exact_bucket_wait,267,534380.3132819388,560355.4538248181,568682.7973234076,34302.48404146882,25975.14054287935,634380.3132819388,interactive_long,False,256
exact_bucket_wait,268,540857.8361210944,554218.7723180456,569665.8929025052,28808.05678141082,13360.936196951196,560857.8361210944,interactive_short,True,32
exact_bucket_wait,269,542876.7606051796,554218.7723180456,569665.8929025052,26789.132297325647,11342.01171286602,562876.7606051796,interactive_short,True,32
exact_bucket_wait,270,546405.5237133533,546452.9379987277,571513.7829005438,25108.259187190444,47.41428537433967,596405.5237133533,interactive_medium,False,64
exact_bucket_wait,271,548862.7969466735,554218.7723180456,569665.8929025052,20803.095955831697,5355.975371372071,568862.7969466735,interactive_short,True,32
exact_bucket_wait,272,550006.3811932743,554218.7723180456,569665.8929025052,19659.511709230952,4212.391124771326,570006.3811932743,interactive_short,False,32
exact_bucket_wait,273,552653.3606579853,571513.7829005438,577930.4831391863,25277.12248120096,18860.422242558445,602653.3606579853,interactive_medium,False,128
exact_bucket_wait,274,559385.4303205531,559388.9434337094,580140.7531997779,20755.322879224783,3.5131131563102826,579385.4303205531,interactive_short,True,32
exact_bucket_wait,275,560015.0775665006,560046.9652120667,580354.3222393747,20339.244672874105,31.887645566021092,580015.0775665006,interactive_short,True,32
exact_bucket_wait,276,563317.6736536679,568682.7973234076,580706.8806539468,17389.207000278868,5365.123669739696,583317.6736536679,interactive_short,False,32
exact_bucket_wait,277,564862.8030823345,568682.7973234076,580706.8806539468,15844.077571612317,3819.9942410731455,584862.8030823345,interactive_short,False,32
exact_bucket_wait,278,566184.1533976971,568682.7973234076,580706.8806539468,14522.727256249636,2498.643925710465,586184.1533976971,interactive_short,False,32
exact_bucket_wait,279,567328.0471315094,568682.7973234076,580706.8806539468,13378.833522437373,1354.7501918982016,587328.0471315094,interactive_short,False,32
exact_bucket_wait,280,569954.3298416642,569960.6160366802,584963.9266357374,15009.596794073237,6.28619501600042,619954.3298416642,interactive_medium,False,64
exact_bucket_wait,281,570579.3603688445,577930.4831391863,587180.696180265,16601.335811420577,7351.122770341812,590579.3603688445,interactive_short,False,32
exact_bucket_wait,282,574396.5739147417,577930.4831391863,587180.696180265,12784.1222655233,3533.9092244445346,594396.5739147417,interactive_short,False,32
exact_bucket_wait,283,577949.1063649838,577957.6030172303,587274.6992914589,9325.592926475103,8.496652246452868,597949.1063649838,interactive_short,False,32
exact_bucket_wait,284,578130.4068491043,578140.6621940276,587744.7148474284,9614.307998324046,10.255344923236407,598130.4068491043,interactive_short,False,32
exact_bucket_wait,285,582398.3067883528,587744.7148474284,594161.4150860709,11763.108297718107,5346.408059075591,632398.3067883528,interactive_medium,False,128
exact_bucket_wait,286,582957.3733546018,582990.9849438026,598023.3435043263,15065.970149724511,33.6115892007947,632957.3733546018,interactive_medium,False,64
exact_bucket_wait,287,584207.2608711326,584963.9266357374,599898.0050741237,15690.744202991133,756.6657646048116,604207.2608711326,interactive_short,False,32
exact_bucket_wait,288,586092.1797219864,586138.965525661,600394.499909263,14302.320187276579,46.78580367460381,606092.1797219864,interactive_short,False,32
exact_bucket_wait,289,587044.9936691284,587078.9966375999,601334.5310212019,14289.537352073472,34.0029684714973,607044.9936691284,interactive_short,False,32
exact_bucket_wait,290,587103.2334616845,587126.456424177,601491.2028731917,14387.969411507132,23.222962492494844,607103.2334616845,interactive_short,False,32
exact_bucket_wait,291,590910.2184382996,594161.4150860709,603611.0657549514,12700.847316651838,3251.196647771285,640910.2184382996,interactive_medium,False,64
exact_bucket_wait,292,591311.612814089,598023.3435043263,604457.0937556964,13145.480941607384,6711.730690237251,611311.612814089,interactive_short,False,32
exact_bucket_wait,293,591788.431403746,598023.3435043263,604457.0937556964,12668.662351950421,6234.912100580288,611788.431403746,interactive_short,False,32
exact_bucket_wait,294,594985.7474219035,595000.9647422134,605296.6434118389,10310.89598993538,15.217320309835486,644985.7474219035,interactive_medium,False,64
exact_bucket_wait,295,595817.805370963,598023.3435043263,604457.0937556964,8639.288384733489,2205.538133363356,615817.805370963,interactive_short,False,32
exact_bucket_wait,296,600063.67256221,600086.0112965115,609103.7694151914,9040.096852981369,22.33873430150561,620063.67256221,interactive_short,False,32
exact_bucket_wait,297,602479.5254504309,603611.0657549514,609886.1528301081,7406.627379677142,1131.5403045205167,622479.5254504309,interactive_short,False,32
exact_bucket_wait,298,603126.1952832483,603611.0657549514,609886.1528301081,6759.957546859747,484.87047170312144,623126.1952832483,interactive_short,False,32
exact_bucket_wait,299,603146.6012599512,603170.3021854766,616370.0617819568,13223.460522005567,23.70092552539427,653146.6012599512,interactive_medium,False,64
split_oldest,0,0.0,0.0,3291.245305998018,3291.245305998018,0.0,20000.0,interactive_short,False,32
split_oldest,1,4685.326635856748,4685.326635856748,8134.444861459181,3449.118225602433,0.0,24685.32663585675,interactive_short,False,32
split_oldest,2,6262.838718290957,6288.020002255783,9737.138227858217,3474.2995095672595,25.181283964825525,26262.838718290957,interactive_short,False,32
split_oldest,3,9861.555492950167,9861.555492950167,16240.770422182992,6379.214929232825,0.0,29861.555492950167,interactive_short,False,32
split_oldest,4,11608.542790353687,11664.585530149081,21673.447229828467,10064.90443947478,56.04273979539357,61608.54279035369,interactive_medium,False,64
split_oldest,5,11929.100460691434,11942.866929580363,22008.815019303787,10079.714558612353,13.766468888929012,31929.100460691436,interactive_short,False,32
split_oldest,6,12201.760830234378,12289.09062659835,22444.542820269708,10242.78199003533,87.32979636397249,62201.76083023438,interactive_medium,False,64
split_oldest,7,12938.846292477965,12990.5234840396,22914.558376239147,9975.712083761182,51.67719156163548,32938.84629247797,interactive_short,False,32
split_oldest,8,17523.749290794418,17528.385834854576,24604.506552459206,7080.7572616647885,4.636544060158485,37523.74929079442,interactive_short,False,32
split_oldest,9,20704.219288184544,20731.631217401024,25725.787045545876,5021.567757361332,27.41192921647962,40704.21928818454,interactive_short,False,32
split_oldest,10,24646.507156003463,24661.745601259172,28043.96852194448,3397.461365941017,15.238445255708939,44646.50715600346,interactive_short,False,32
split_oldest,11,29230.284890772156,29230.284890772156,35638.31020236349,6408.0253115913365,0.0,49230.284890772156,interactive_short,False,32
split_oldest,12,29701.92333515015,29716.816805571863,36703.67879589422,7001.7554607440725,14.893470421713573,49701.923335150146,interactive_short,False,32
split_oldest,13,30276.033844297603,30280.132864311883,37549.70679663921,7273.672952341611,4.099020014280541,50276.033844297606,interactive_short,False,32
split_oldest,14,30492.972578722907,30515.140642296603,37706.18347962255,7213.210900899645,22.16806357369569,50492.97257872291,interactive_short,False,32
split_oldest,15,33522.2850675438,33523.240200501015,39352.04276528194,5829.7576977381395,0.955132957213209,53522.2850675438,interactive_short,False,32
split_oldest,16,37832.93903158115,37849.281101622466,43703.47640429835,5870.537372717205,16.342070041318948,57832.93903158115,interactive_short,False,32
split_oldest,17,38875.962027478956,38882.0272093125,46977.46856451298,8101.5065370340235,6.065181833546376,58875.962027478956,interactive_short,False,32
split_oldest,18,40814.614746337094,40854.218921921994,51064.88195569867,10250.267209361577,39.60417558490008,90814.61474633709,interactive_medium,False,64
split_oldest,19,41150.39514152049,41242.828065887086,51411.10565271666,10260.710511196172,92.43292436659976,61150.39514152049,interactive_short,False,32
split_oldest,20,46465.51854974466,46537.83164809023,56292.90090961691,9827.382359872252,72.31309834557032,96465.51854974465,interactive_medium,False,64
split_oldest,21,50464.64652766523,50478.69940046834,57895.594276015945,7430.947748350714,14.052872803105856,70464.64652766523,interactive_short,False,32
split_oldest,22,57941.29295752837,57941.29295752837,61232.53826352639,3291.245305998018,0.0,77941.29295752838,interactive_short,False,32
split_oldest,23,61270.895281049074,61270.895281049074,64562.14058704709,3291.245305998018,0.0,81270.89528104907,interactive_short,False,32
split_oldest,24,65535.16615037969,65535.16615037969,78159.09358258256,12623.927432202865,0.0,115535.1661503797,interactive_medium,False,128
split_oldest,25,65585.36358234937,65590.96354375916,78221.76232337848,12636.398741029116,5.599961409796379,85585.36358234937,interactive_short,False,32
split_oldest,26,68253.25681341092,68292.30491270169,81988.48727367166,13735.230460260747,39.04809929076873,88253.25681341092,interactive_short,False,32
split_oldest,27,69060.7463946566,69076.13948248693,82647.94264830579,13587.196253649192,15.393087830336299,89060.7463946566,interactive_short,False,32
split_oldest,28,74402.71441442745,74468.68638485746,86791.86033891037,12389.145924482917,65.97197043000779,124402.71441442745,interactive_medium,False,64
split_oldest,29,77644.06746322283,77774.7997471442,88142.06642477529,10497.998961552454,130.7322839213739,97644.06746322283,interactive_short,False,32
split_oldest,30,81635.21006518841,81721.55015845946,91656.28584148147,10021.075776293059,86.34009327105014,131635.2100651884,interactive_medium,False,64
split_oldest,31,84964.57561606709,85048.24089334742,99345.45427774587,14380.878661678784,83.66527728033543,134964.5756160671,interactive_medium,False,64
split_oldest,32,85585.2647166139,85660.72160922212,100616.80191823632,15031.537201622414,75.45689260821382,105585.2647166139,interactive_short,False,32
split_oldest,33,88681.710555966,88819.41697244637,107278.08561408382,18596.375058117817,137.70641648037417,138681.710555966,interactive_medium,False,128
split_oldest,34,88910.50326923911,89001.60876641242,107395.29159438262,18484.788325143512,91.10549717331014,108910.50326923911,interactive_short,False,32
split_oldest,35,93024.56098153477,93159.0448565402,110084.31472300297,17059.7537414682,134.48387500543322,113024.56098153477,interactive_short,False,32
split_oldest,36,96936.79057994079,97088.60052758142,112064.76548646331,15127.974906522519,151.80994764063507,146936.79057994077,interactive_medium,False,64
split_oldest,37,97439.96335557531,97475.9282673351,112230.08008620974,14790.116730634429,35.964911759787356,117439.96335557531,interactive_short,False,32
split_oldest,38,100831.98873158326,100969.76138327671,113586.20509093026,12754.216359347003,137.772651693449,150831.98873158326,interactive_medium,False,64
split_oldest,39,102065.48441728606,102080.97128194808,114291.80972204509,12226.325304759026,15.48686466201616,122065.48441728606,interactive_short,False,32
split_oldest,40,102793.72061808415,102945.8581076566,115203.9099792772,12410.189361193057,152.13748957245843,152793.72061808413,interactive_medium,False,64
split_oldest,41,105966.58478485378,105967.53945942408,116801.9628695733,10835.378084719516,0.9546745702973567,125966.58478485378,interactive_short,False,32
split_oldest,42,106483.07855714422,106558.83809017927,117036.97064755802,10553.892090413792,75.75953303504502,126483.07855714422,interactive_short,False,32
split_oldest,43,106530.9764266568,106558.83809017927,117036.97064755802,10505.994220901222,27.861663522475283,126530.9764266568,interactive_short,False,32
split_oldest,44,106960.16133027605,106986.31862281538,117177.97531434885,10217.813984072796,26.15729253932659,126960.16133027605,interactive_short,False,32
split_oldest,45,107755.9349758439,107805.04228859024,117428.33800712219,9672.403031278285,49.107312746331445,127755.9349758439,interactive_short,False,32
split_oldest,46,111751.33283285139,111794.50717969907,118729.59566610484,6978.262833253451,43.17434684767795,131751.3328328514,interactive_short,False,32
split_oldest,47,118567.11856872926,118573.1189831215,122626.32191120033,4059.203342471068,6.00041439224151,138567.11856872926,interactive_short,False,32
split_oldest,48,119221.6976026299,119244.74710530453,123707.35768993004,4485.660087300144,23.049502674635733,139221.6976026299,interactive_short,False,32
split_oldest,49,121273.24896644348,121278.94398408793,125741.55456871344,4468.30560226996,5.695017644451582,141273.24896644347,interactive_short,False,32
split_oldest,50,122293.82844906364,122312.9782072207,126371.18410551306,4077.355656449421,19.149758157058386,142293.82844906364,interactive_short,False,32
split_oldest,51,130236.27999100173,130236.27999100173,133690.74984099754,3454.469849995803,0.0,150236.27999100173,interactive_short,False,32
split_oldest,52,131772.95154212418,131781.7343086008,135236.2041585966,3463.252616472426,8.782766476622783,151772.95154212418,interactive_short,False,32
split_oldest,53,137374.50461665468,137374.50461665468,147357.13628660853,9982.631669953844,0.0,187374.50461665468,interactive_medium,False,128
split_oldest,54,137619.61235432947,137653.49158355204,147592.14406459325,9972.531710263778,33.87922922256985,157619.61235432947,interactive_short,False,32
split_oldest,55,144659.61547534552,144660.0957592467,150189.65700211667,5530.0415267711505,0.4802839011827018,164659.61547534552,interactive_short,False,32
split_oldest,56,145053.0272684508,145095.5594091274,150332.75462411658,5279.727355665789,42.53214067660156,165053.0272684508,interactive_short,False,32
split_oldest,57,151621.68697230733,151621.68697230733,170623.30834610804,19001.621373800706,0.0,201621.68697230733,interactive_medium,False,64
split_oldest,58,152238.7259482832,152284.81402420122,171902.3720409065,19663.646092623327,46.08807591802906,172238.7259482832,interactive_short,False,32
split_oldest,59,152468.2070170382,152489.4146400887,172192.17009731277,19723.96308027458,21.207623050519032,172468.2070170382,interactive_short,False,32
split_oldest,60,153608.5224910845,153749.1280817739,174253.7404942964,20645.218003211892,140.60559068940347,253608.5224910845,interactive_long,False,256
split_oldest,61,156216.44073635942,156304.9690026864,176134.33063858745,19917.889902228024,88.52826632698998,176216.44073635942,interactive_short,False,32
split_oldest,62,156969.2554851252,157077.34508963497,176704.30468210226,19735.049196977052,108.08960450976156,176969.2554851252,interactive_short,False,32
split_oldest,63,158833.12467464927,158956.19595206005,178408.38558744264,19575.26091279337,123.07127741078148,178833.12467464927,interactive_short,False,32
split_oldest,64,160265.64130798163,160381.10223086557,179747.9521843576,19482.310876375966,115.46092288393993,210265.64130798163,interactive_medium,False,64
split_oldest,65,161238.5429869296,161344.72768785787,180566.29568544932,19327.752698519733,106.1847009282792,211238.5429869296,interactive_medium,False,64
split_oldest,66,162957.3623497664,162976.10242427915,181783.48843909634,18826.126089329948,18.74007451275247,182957.3623497664,interactive_short,False,32
split_oldest,67,163545.3596597112,163664.24547828216,182320.5862044434,18775.2265447322,118.8858185709687,183545.3596597112,interactive_short,False,32
split_oldest,68,166012.74851501672,166050.8624797171,185314.2877808441,19301.539265827392,38.11396470037289,186012.74851501672,interactive_short,False,32
split_oldest,69,166016.13393510526,166050.8624797171,185314.2877808441,19298.153845738852,34.72854461183306,186016.13393510526,interactive_short,False,32
split_oldest,70,171212.06512667643,171275.316141517,191087.4004130343,19875.335286357877,63.25101484055631,191212.06512667643,interactive_short,False,32
split_oldest,71,172758.40355763954,172941.69279735797,193202.8947357489,20444.49117810937,183.28923971843324,222758.40355763954,interactive_medium,False,128
split_oldest,72,175300.2676131151,175404.91316041636,195247.11295272506,19946.84533960995,104.64554730124655,225300.2676131151,interactive_medium,False,64
split_oldest,73,178009.4720451799,178099.66867239668,198806.1630026806,20796.690957500716,90.19662721679197,198009.4720451799,interactive_short,True,32
split_oldest,74,180230.61004395568,180379.0835398785,201716.9991217097,21486.389077754022,148.47349592283717,200230.61004395568,interactive_short,True,32
split_oldest,75,181136.4200486716,181234.92535967592,203162.2472269577,22025.827178286097,98.50531100432272,201136.4200486716,interactive_short,True,32
split_oldest,76,181281.50511497576,181492.32407623105,203530.90509571118,22249.399980735412,210.81896125528147,231281.50511497576,interactive_medium,False,128
split_oldest,77,183464.20864479677,183473.1121250213,205301.21725094167,21837.008606144896,8.903480224515079,203464.20864479677,interactive_short,True,32
split_oldest,78,184265.7609896628,184368.27506726637,206218.12874319553,21952.367753532715,102.51407760355505,204265.7609896628,interactive_short,True,32
split_oldest,79,185019.27037452036,185097.9653600845,206938.09799797655,21918.827623456193,78.69498556412873,205019.27037452036,interactive_short,True,32
split_oldest,80,188787.22094703364,188871.20965653588,210670.47679900014,21883.255851966504,83.98870950224227,208787.22094703364,interactive_short,True,32
split_oldest,81,191331.39780426107,191421.7356966438,212874.5296213046,21543.131817043526,90.33789238272584,211331.39780426107,interactive_short,True,32
split_oldest,82,192045.66867047417,192151.42598946192,213454.12573411711,21408.45706364294,105.75731898774393,212045.66867047417,interactive_short,True,32
split_oldest,83,192785.72366443145,192925.18608410168,214082.4792992477,21296.755634816247,139.4624196702207,242785.72366443145,interactive_medium,False,64
split_oldest,84,193835.54878730024,193844.31843067976,215426.21396278712,21590.66517548688,8.769643379520858,213835.54878730024,interactive_short,True,32
split_oldest,85,194865.21737300162,194897.71622061302,217181.09097478195,22315.87360178033,32.49884761139401,214865.21737300162,interactive_short,True,32
split_oldest,86,195566.19192016678,195803.21437380597,218725.38592934294,23159.194009176164,237.02245363919064,295566.1919201668,interactive_long,False,256
split_oldest,87,195838.49080862475,195875.6260564024,218755.89579214252,22917.404983517772,37.135247777652694,215838.49080862475,interactive_short,True,32
split_oldest,88,196929.48483398094,197088.47443933118,219837.53787848787,22908.05304450693,158.98960535024526,216929.48483398094,interactive_short,True,32
split_oldest,89,202568.46551219074,202636.4280567201,224668.13063941963,22099.665127228887,67.96254452934954,222568.46551219074,interactive_short,True,32
split_oldest,90,204830.64109467145,204886.992867463,227106.66743226742,22276.026337595977,56.35177279156051,224830.64109467145,interactive_short,True,32
split_oldest,91,209492.72434268222,209556.62306927354,232894.21156319606,23401.487220513838,63.89872659131652,229492.72434268222,interactive_short,True,32
split_oldest,92,211404.4249104831,211553.488443699,235470.29424487555,24065.869334392453,149.06353321589995,261404.4249104831,interactive_medium,False,64
split_oldest,93,212120.4905687086,212247.47372191507,236482.648641314,24362.15807260541,126.98315320647089,232120.4905687086,interactive_short,True,32
split_oldest,94,213708.3589683187,213710.02394296828,238789.83321638513,25081.474248066428,1.664974649582291,233708.3589683187,interactive_short,True,32
split_oldest,95,213709.17101254492,213710.02394296828,238789.83321638513,25080.662203840213,0.85293042336707,233709.17101254492,interactive_short,True,32
split_oldest,96,214385.4767159057,214622.45624033347,240230.17266903335,25844.695953127637,236.97952442776295,314385.4767159057,interactive_long,False,256
split_oldest,97,215509.3221345372,215611.6737417314,240978.02445011822,25468.70231558103,102.35160719422856,235509.3221345372,interactive_short,True,32
split_oldest,98,217244.25080076285,217470.7414000696,242523.39657496134,25279.145774198492,226.49059930673684,267244.25080076285,interactive_medium,False,128
split_oldest,99,219370.96672305348,219442.9250048337,243688.90690274362,24317.940179690137,71.95828178021475,269370.9667230535,interactive_medium,False,64
split_oldest,100,220621.8996391037,220783.39024555718,244568.6524861281,23946.752847024385,161.49060645347345,240621.8996391037,interactive_short,True,32
split_oldest,101,221789.26511169868,221994.34874456376,245426.5028296224,23637.23771792371,205.08363286507665,271789.26511169865,interactive_medium,False,64
split_oldest,102,222270.10243516884,222403.819222981,245734.6171162652,23464.514681096363,133.7167878121545,242270.10243516884,interactive_short,True,32
split_oldest,103,223551.9186087876,223733.93020089797,246693.1725071606,23141.25389837302,182.01159211038612,243551.9186087876,interactive_short,True,32
split_oldest,104,228180.84585377428,228389.31862360725,250054.89634480554,21874.05049103126,208.47276983296615,248180.84585377428,interactive_short,True,32
split_oldest,105,231360.35918512376,231492.91090541353,252388.55933281643,21028.200147692667,132.5517202897754,251360.35918512376,interactive_short,True,32
split_oldest,106,231732.27485609736,231943.06120089683,252752.31526909236,21020.040412995004,210.78634479947505,251732.27485609736,interactive_short,True,32
split_oldest,107,231909.49041917422,233085.38686338265,253644.75518600462,21735.264766830398,1175.8964442084252,251909.49041917422,interactive_short,True,32
split_oldest,108,233358.5680228021,235598.50332085145,255710.32555834457,22351.757535542478,2239.935298049357,253358.5680228021,interactive_short,True,32
split_oldest,109,235363.03259872267,236732.10251521473,256856.33613572817,21493.3035370055,1369.069916492066,285363.03259872267,interactive_medium,False,128
split_oldest,110,236179.5353372144,239016.35415620496,258526.89085357005,22347.35551635566,2836.8188189905777,286179.53533721436,interactive_medium,False,64
split_oldest,111,239591.69139954826,239728.37333707558,258928.69499430605,19337.003594757785,136.68193752731895,259591.69139954826,interactive_short,False,32
split_oldest,112,242373.40601094568,242523.39657496134,261262.71677330602,18889.310762360343,149.99056401566486,262373.4060109457,interactive_short,False,32
split_oldest,113,244607.74689604086,244666.4273623147,264208.0543854558,19600.307489414932,58.68046627382864,264607.74689604086,interactive_short,False,32
split_oldest,114,245116.60429665423,245269.0035876435,265241.933188423,20125.32889176876,152.3992909892695,295116.60429665423,interactive_medium,False,128
split_oldest,115,245560.71741308132,245734.6171162652,265759.88868463394,20199.171271552623,173.89970318388077,295560.7174130813,interactive_medium,False,64
split_oldest,116,245610.1746843997,245697.32728395463,265654.94497761613,20044.770293216425,87.15259955491638,265610.17468439974,interactive_short,True,32
split_oldest,117,246171.83268557416,246173.2149946468,266176.55043013295,20004.717744558788,1.382309072650969,266171.8326855742,interactive_short,True,32
split_oldest,118,247461.06619236048,247604.2681114789,267671.62059396174,20210.554401601257,143.2019191184081,267461.0661923605,interactive_short,True,32
split_oldest,119,251251.8118115288,251280.9904330816,272300.67168289033,21048.85987136152,29.178621552797267,271251.8118115288,interactive_short,True,32
split_oldest,120,251403.04467762125,251479.1694921266,272615.91090183123,21212.86622420998,76.1248145053396,301403.0446776212,interactive_medium,False,64
split_oldest,121,252473.421380079,252533.14746864382,273667.79655933415,21194.37517925515,59.726088564813836,272473.421380079,interactive_short,True,32
split_oldest,122,254460.65811645883,254520.24517913946,276185.4920901898,21724.833973730943,59.58706268062815,304460.6581164588,interactive_medium,False,64
split_oldest,123,254893.08147302043,255077.99553643147,276630.86993808247,21737.78846506204,184.9140634110372,274893.08147302043,interactive_short,True,32
split_oldest,124,257276.86858247902,257367.12280110805,278859.2760357684,21582.407453289372,90.2542186290375,277276.868582479,interactive_short,True,32
split_oldest,125,258640.7971443583,258735.35171209474,280373.7301999246,21732.933055566304,94.554567736428,278640.7971443583,interactive_short,True,32
split_oldest,126,259200.18378525076,259352.78554218664,281433.03889502754,22232.855109776778,152.60175693588099,279200.18378525076,interactive_short,True,32
split_oldest,127,261334.74833081558,261499.3352040655,285219.99644583435,23885.248115018767,164.5868732499075,311334.7483308156,interactive_medium,False,128
split_oldest,128,261345.86882622488,261415.38023845124,285138.37453421764,23792.505707992765,69.51141222636215,311345.8688262249,interactive_medium,False,64
split_oldest,129,264126.1882832452,264404.1411254863,287756.9792724995,23630.79098925431,277.9528422410949,314126.1882832452,interactive_medium,False,64
split_oldest,130,267065.94190347125,267133.71405053796,289882.26548280165,22816.323579330405,67.77214706671657,287065.94190347125,interactive_short,True,32
split_oldest,131,267291.35520539456,267300.5862875757,290024.75899368036,22733.403788285796,9.231082181155216,287291.35520539456,interactive_short,True,32
split_oldest,132,268398.6342470887,268505.9817791505,291577.09231937915,23178.458072290465,107.34753206180176,318398.6342470887,interactive_medium,False,64
split_oldest,133,268785.528719743,268986.6474430509,292016.4456875195,23230.916967776488,201.11872330791084,318785.528719743,interactive_medium,False,128
split_oldest,134,275124.0836601808,275131.2733786893,295917.9054307417,20793.821770560928,7.18971850851085,295124.0836601808,interactive_short,True,32
split_oldest,135,276583.5306883647,276603.7500600384,296927.4142567549,20343.883568390214,20.219371673709247,296583.5306883647,interactive_short,True,32
split_oldest,136,276686.57708818314,276775.45807390986,297047.72766555694,20361.150577373803,88.88098572671879,296686.57708818314,interactive_short,True,32
split_oldest,137,277259.80445404275,277317.7019935683,297403.6438191732,20143.839365130465,57.897539525525644,327259.80445404275,interactive_medium,False,64
split_oldest,138,281031.9844971329,281152.47016519913,299613.84517278784,18581.860675654956,120.48566806624876,331031.9844971329,interactive_medium,False,64
split_oldest,139,282251.2951702571,282414.3091475503,300221.91201094264,17970.616840685543,163.01397729321616,302251.2951702571,interactive_short,False,32
split_oldest,140,285484.3874195229,285687.5073862095,301670.1000806315,16185.712661108584,203.11996668658685,305484.3874195229,interactive_short,False,32
split_oldest,141,287687.0858763872,287812.77666587895,303034.7896424575,15347.703766070306,125.6907894917531,307687.0858763872,interactive_short,False,32
split_oldest,142,296514.93849096954,296561.449957559,309259.0958603856,12744.15736941609,46.51146658946527,316514.93849096954,interactive_short,False,32
split_oldest,143,298324.9098344262,298420.7592303472,310818.14854489616,12493.238710469974,95.84939592098817,348324.9098344262,interactive_medium,False,64
split_oldest,144,304317.9593471235,304336.0741213266,313503.5941142187,9185.63476709521,18.11477420310257,324317.9593471235,interactive_short,False,32
split_oldest,145,308758.6046021605,308850.04728736647,318582.87406286463,9824.26946070412,91.44268520595506,328758.6046021605,interactive_short,False,32
split_oldest,146,310655.46979909524,310697.4662057554,321141.3556064322,10485.885807336948,41.9964066601824,330655.46979909524,interactive_short,False,32
split_oldest,147,313196.2218718601,313262.22943593725,331077.15135530935,17880.92948344926,66.0075640771538,363196.2218718601,interactive_medium,False,64
split_oldest,148,314601.7208017273,314627.03609916713,332357.5017046138,17755.780902886472,25.31529743981082,334601.7208017273,interactive_short,False,32
split_oldest,149,318152.3418345306,318247.50627338927,335272.2588439633,17119.917009432742,95.16443885868648,338152.3418345306,interactive_short,False,32
split_oldest,150,319739.9215228538,319863.3782378158,336518.70934571273,16778.787822858954,123.45671496202704,419739.9215228538,interactive_long,False,256
split_oldest,151,324290.01903144224,324303.0407190996,337196.70629681426,12906.68726537202,13.021687657339498,344290.01903144224,interactive_short,False,32
split_oldest,152,327012.4846522204,327199.4510451571,337552.6546961429,10540.170043922495,186.96639293670887,347012.4846522204,interactive_short,False,32
split_oldest,153,328299.95882871764,328452.018286774,337976.1269274956,9676.16809877794,152.05945805634838,348299.95882871764,interactive_short,False,32
split_oldest,154,328899.98520282906,328900.87507104425,338164.13314988336,9264.147947054298,0.8898682151921093,348899.98520282906,interactive_short,False,32
split_oldest,155,329468.00215959235,329621.1618030466,338399.1409278681,8931.138768275734,153.15964345424436,349468.00215959235,interactive_short,False,32
split_oldest,156,331498.3546530178,331534.1293414458,339386.6318263841,7888.277173366281,35.7746884279768,351498.3546530178,interactive_short,False,32
split_oldest,157,334401.6311719936,334448.88648079534,343964.6855111668,9563.054339173192,47.25530880171573,354401.6311719936,interactive_short,False,32
split_oldest,158,335874.9927551598,335921.5199818698,346333.9962442092,10459.003489049384,46.527226709993556,355874.9927551598,interactive_short,False,32
split_oldest,159,337845.99806512165,337928.66714091843,355214.29632484535,17368.2982597237,82.66907579678809,357845.99806512165,interactive_short,False,32
split_oldest,160,338488.05513029825,338524.47840945993,356851.19803808705,18363.142907788802,36.42327916168142,358488.05513029825,interactive_short,False,32
split_oldest,161,338649.35484757664,338681.15026144974,357208.174004852,18558.81915727537,31.795413873100188,358649.35484757664,interactive_short,False,32
split_oldest,162,339322.3381436127,339339.17203980696,358444.0299495072,19121.691805894487,16.83389619423542,359322.3381436127,interactive_short,False,32
split_oldest,163,339956.4640854367,340138.6567159352,360171.2800424881,20214.81595705141,182.19263049849542,389956.4640854367,interactive_medium,False,128
split_oldest,164,340726.9350188946,340887.65923880186,360878.7999748348,20151.864955940167,160.7242199072498,390726.9350188946,interactive_medium,False,64
split_oldest,165,342280.6545444606,342358.02514442784,361758.54555821925,19477.891013758664,77.37059996725293,362280.6545444606,interactive_short,False,32
split_oldest,166,342578.52264161,342664.44128485146,362015.1150361915,19436.592394581472,85.91864324145718,362578.52264161,interactive_short,False,32
split_oldest,167,343104.5314275153,343134.23544975335,362396.57926839433,19292.047840879008,29.70402223803103,363104.5314275153,interactive_short,False,32
split_oldest,168,345472.54378428264,345503.5461827957,364270.00058185373,18797.456797571096,31.00239851308288,365472.54378428264,interactive_short,False,32
split_oldest,169,347923.74814603163,348029.4549708054,366220.85686296696,18297.108716935327,105.70682477374794,367923.74814603163,interactive_short,False,32
split_oldest,170,348056.51680808194,348293.6336568715,366440.13650862867,18383.619700546726,237.11684878956294,398056.51680808194,interactive_medium,False,128
split_oldest,171,349103.6610731932,349118.5058003284,366726.69590630004,17623.034833106853,14.844727135205176,369103.6610731932,interactive_short,False,32
split_oldest,172,350668.1037808773,350821.3286847687,367950.52125230915,17282.417471431836,153.22490389138693,370668.1037808773,interactive_short,False,32
split_oldest,173,351743.0393517153,351821.58115443465,368594.0657791264,16851.026427411125,78.54180271935184,401743.0393517153,interactive_medium,False,64
split_oldest,174,352206.4858290961,352304.24883463787,369050.1159077425,16843.630078646413,97.76300554175396,402206.4858290961,interactive_medium,False,64
split_oldest,175,353296.4351300922,355358.88446067274,371965.26252417255,18668.82739408035,2062.449330580537,373296.4351300922,interactive_short,False,32
split_oldest,176,358000.79433636187,358053.15413518716,375004.5104409417,17003.716104579857,52.359798825287726,378000.79433636187,interactive_short,False,32
split_oldest,177,359755.3162093097,359814.30407572316,377405.46621428285,17650.15000497317,58.98786641348852,379755.3162093097,interactive_short,False,32
split_oldest,178,362133.63557731314,362237.78466660867,381487.09102896275,19353.455451649614,104.14908929553349,382133.63557731314,interactive_short,False,32
split_oldest,179,366019.71258193307,366068.8422306923,387818.4571791495,21798.744597216428,49.12964875920443,386019.71258193307,interactive_short,True,32
split_oldest,180,368921.118746171,369128.45183373743,391695.2870815858,22774.168335414783,207.3330875664251,418921.118746171,interactive_medium,False,64
split_oldest,181,369878.4198514725,369962.2161649747,392698.17019545834,22819.750343985856,83.79631350224372,389878.4198514725,interactive_short,True,32
split_oldest,182,369890.2469196961,370129.9000597124,392844.26266159856,22954.01574190246,239.6531400163076,469890.2469196961,interactive_long,False,256
split_oldest,183,370757.2317872697,370922.5984743112,393305.7192196981,22548.487432428403,165.3666870414745,390757.2317872697,interactive_short,True,32
split_oldest,184,373557.81654337514,373792.02403165156,395228.51876845036,21670.70222507522,234.20748827641364,393557.81654337514,interactive_short,True,32
split_oldest,185,377398.56579818815,377551.55868042307,397524.0841311786,20125.51833299047,152.9928822349175,397398.56579818815,interactive_short,True,32
split_oldest,186,383532.1777781886,383731.37495031406,403707.88991826685,20175.71214007825,199.1971721254522,433532.1777781886,interactive_medium,False,64
split_oldest,187,384618.2600858557,384809.3895727099,405153.4448934722,20535.18480761646,191.12948685418814,404618.2600858557,interactive_short,True,32
split_oldest,188,387371.07226095744,387518.48916847666,408421.9074922069,21050.835231249453,147.4169075192185,407371.07226095744,interactive_short,True,32
split_oldest,189,388950.97137005127,388974.80772754026,410433.26909142826,21482.297721376992,23.836357488995418,408950.97137005127,interactive_short,True,32
split_oldest,190,390799.8822599886,390908.4745492301,413953.15189006564,23153.269630077062,108.59228924149647,410799.8822599886,interactive_short,True,32
split_oldest,191,391298.18672327726,391333.0016795729,414707.41248977365,23409.225766496384,34.814956295653246,411298.18672327726,interactive_short,True,32
split_oldest,192,391793.62700326595,391944.301093122,415713.0932893843,23919.466286118375,150.67408985603834,411793.62700326595,interactive_short,True,32
split_oldest,193,392938.4474975708,393052.64395428525,417370.11314330704,24431.66564573621,114.19645671441685,442938.4474975708,interactive_medium,False,128
split_oldest,194,392997.3562420502,393108.4413476647,417473.034688703,24475.678446652833,111.08510561450385,412997.3562420502,interactive_short,True,32
split_oldest,195,393816.6927309916,393945.67137858924,418970.385883051,25153.69315205945,128.97864759765798,443816.6927309916,interactive_medium,False,64
split_oldest,196,396090.205256994,396200.5569242513,424071.2055513347,27981.000294340716,110.35166725731688,416090.205256994,interactive_short,True,32
split_oldest,197,397126.29741134576,397226.8348361402,426366.22150355444,29239.924092208676,100.53742479445646,417126.29741134576,interactive_short,True,32
split_oldest,198,397487.0516630854,397621.8590073652,427196.3426228373,29709.290959751874,134.80734427977586,497487.0516630854,interactive_long,False,256
split_oldest,199,398746.9838833903,398928.9590822564,428798.33990926354,30051.356025873218,181.97519886610098,448746.9838833903,interactive_medium,False,64
split_oldest,200,399020.0620997148,399213.6104694532,429114.30379805865,30094.24169834383,193.54836973838974,449020.0620997148,interactive_medium,False,128
split_oldest,201,400967.14431063854,401193.68791924015,431268.5296970942,30301.385386455688,226.5436086016125,450967.14431063854,interactive_medium,False,128
split_oldest,202,401021.8177473623,403896.34389395884,434121.599369718,33099.78162235569,2874.5261465965305,451021.8177473623,interactive_medium,False,64
split_oldest,203,402023.63518691156,405374.3552305753,435560.6841102969,33537.04892338533,3350.7200436637504,422023.63518691156,interactive_short,True,32
split_oldest,204,403685.6601542116,408642.81782931,438769.6522609666,35083.99210675497,4957.157675098395,423685.6601542116,interactive_short,True,32
split_oldest,205,403740.6123148993,410654.1794285314,440898.0536417649,37157.441326865635,6913.567113632103,423740.6123148993,interactive_short,True,32
split_oldest,206,405799.249268688,414174.06222716876,444667.9489650772,38868.69969638914,8374.812958480732,425799.249268688,interactive_short,True,32
split_oldest,207,406090.9187785812,414928.32282687677,445475.7836772155,39384.86489863432,8837.404048295575,426090.9187785812,interactive_short,True,32
split_oldest,208,407329.59150444844,415934.00362648745,446602.3029119218,39272.71140747337,8604.412122039008,427329.59150444844,interactive_short,True,32
split_oldest,209,407432.77741140727,417617.6228245304,448579.9320073145,41147.154595907254,10184.845413123141,507432.77741140727,interactive_long,False,256
split_oldest,210,408385.96033972333,417729.40181993094,448610.44187011407,40224.48153039074,9343.441480207606,428385.96033972333,interactive_short,True,32
split_oldest,211,408861.612680962,419194.2966528678,449907.5665156861,41045.95383472409,10332.68397190579,458861.612680962,interactive_medium,False,64
split_oldest,212,409653.17439997237,424327.57268256263,453976.8657971909,44323.69139721856,14674.398282590264,429653.17439997237,interactive_short,True,32
split_oldest,213,412517.6810202103,426622.58863478235,455789.0333157494,43271.35229553905,14104.907614572032,432517.6810202103,interactive_short,True,32
split_oldest,214,413470.93594697193,427289.8187098475,456358.89462030184,42887.95867332991,13818.882762875583,463470.93594697193,interactive_medium,False,128
split_oldest,215,416259.6682363913,429114.30379805865,457812.4513606877,41552.783124296344,12854.635561667325,516259.6682363913,interactive_long,False,256
split_oldest,216,419826.34967140463,429226.0827934592,457839.57123873173,38013.2215673271,9399.733122054546,439826.34967140463,interactive_short,True,32
split_oldest,217,420407.7804260369,431414.20854004985,459219.06792773533,38811.28750169842,11006.428114012931,470407.7804260369,interactive_medium,False,64
split_oldest,218,420578.6919272703,434289.17575849796,460909.5821066963,40330.890179426,13710.48383122764,440578.6919272703,interactive_short,True,32
split_oldest,219,420617.8391398993,435770.237981884,461854.57755856984,41236.738418670546,15152.398841984686,440617.8391398993,interactive_short,True,32
split_oldest,220,422168.3724339736,439055.0834629159,464025.66709871934,41857.29466474574,16886.711028942314,472168.3724339736,interactive_medium,False,128
split_oldest,221,440752.0918054324,441133.43203158927,465008.4098905099,24256.31808507751,381.3402261568699,460752.0918054324,interactive_short,True,32
split_oldest,222,441613.5356220168,444903.3273549015,466885.75587044796,25272.220248431142,3289.7917328847107,461613.5356220168,interactive_short,True,32
split_oldest,223,443714.0034305528,445741.6719298394,467322.75752448005,23608.754093927273,2027.6684992866358,493714.0034305528,interactive_medium,False,64
split_oldest,224,446753.4999690595,446858.67004314973,467902.58883884957,21149.08886979008,105.17007409024518,466753.4999690595,interactive_short,True,32
split_oldest,225,448863.1960369516,449071.56138500577,469062.45992319623,20199.26388624462,208.3653480541543,468863.1960369516,interactive_short,True,32
split_oldest,226,451669.94039025676,451873.7676284577,470601.8767910296,18931.93640077283,203.82723820093088,471669.94039025676,interactive_short,False,32
split_oldest,227,457645.9342362347,457839.57123873173,474138.0520892614,16492.11785302672,193.63700249703834,507645.9342362347,interactive_medium,False,64
split_oldest,228,458090.6236830654,458100.82836720056,474397.90732418525,16307.283641119837,10.204684135154821,478090.6236830654,interactive_short,False,32
split_oldest,229,458131.8047936588,458336.7979650895,474690.7635255868,16558.958731928025,204.99317143071676,508131.8047936588,interactive_medium,False,128
split_oldest,230,458462.45604231907,458590.12789057766,474832.2440042408,16369.787961921713,127.67184825858567,478462.45604231907,interactive_short,False,32
split_oldest,231,458732.3115762346,458765.2258892046,474936.4346505841,16204.12307434954,32.91431297000963,478732.3115762346,interactive_short,False,32
split_oldest,232,460946.3597819217,461033.18150112015,476347.6439128141,15401.284130892367,86.82171919842949,480946.3597819217,interactive_short,False,32
split_oldest,233,462606.4463256239,462748.72323911055,477432.7212969921,14826.274971368199,142.27691348665394,482606.4463256239,interactive_short,False,32
split_oldest,234,463098.1567163349,463221.2209650473,477724.9533274892,14626.796611154277,123.06424871238414,483098.1567163349,interactive_short,False,32
split_oldest,235,465502.5386434709,465632.8836616631,480575.5795380298,15073.040894558886,130.3450181921944,485502.5386434709,interactive_short,False,32
split_oldest,236,468415.09779329854,468542.5409977407,483689.5945123476,15274.496719049057,127.44320444215555,518415.09779329854,interactive_medium,False,64
split_oldest,237,468782.43666693376,468896.8853518995,483955.9366607303,15173.499993796519,114.44868496572599,488782.43666693376,interactive_short,False,32
split_oldest,238,470651.5879088133,470699.65166721615,486352.2992688628,15700.711360049492,48.06375840282999,490651.5879088133,interactive_short,False,32
split_oldest,239,473407.65031493455,473521.91592491063,491221.8860518426,17814.235736908042,114.26560997607885,493407.65031493455,interactive_short,False,32
split_oldest,240,473650.9302034876,473653.5906486523,491429.70015476074,17778.769951273163,2.6604451647144742,493650.9302034876,interactive_short,False,32
split_oldest,241,477072.7773636534,477103.19943418447,497628.1343059124,20555.356942259008,30.422070531058125,497072.7773636534,interactive_short,True,32
split_oldest,242,483761.6992826147,483767.9304383425,503588.15803806484,19826.45875545015,6.231155727815349,503761.6992826147,interactive_short,False,32
split_oldest,243,483990.498999464,484112.6085127201,504060.6171769433,20070.118177479308,122.10951325611677,533990.498999464,interactive_medium,False,128
split_oldest,244,484042.5267418703,484168.40590609954,504087.73705498734,20045.210313117073,125.87916422926355,504042.5267418703,interactive_short,True,32
split_oldest,245,484790.3353382794,485011.4115401601,504458.25141827296,19667.916079993593,221.07620188069995,534790.3353382794,interactive_medium,False,64
split_oldest,246,487052.69278963906,487105.2197545405,505865.5591812279,18812.866391588817,52.526964901422616,507052.69278963906,interactive_short,False,32
split_oldest,247,493401.1114832305,493480.6475088756,512943.53342882585,19542.421945595357,79.53602564509492,513401.1114832305,interactive_short,False,32
split_oldest,248,494411.64184506255,494519.7180234663,513989.4817899903,19577.83994492778,108.07617840374587,514411.64184506255,interactive_short,False,32
split_oldest,249,496922.27723848145,496978.01219275466,517063.57358151063,20141.296343029186,55.73495427321177,516922.27723848145,interactive_short,True,32
split_oldest,250,497080.35602946056,497131.22026296647,517327.36928644986,20247.013256989303,50.864233505912125,517080.35602946056,interactive_short,True,32
split_oldest,251,499426.68989969784,499466.63114845415,521279.64971808717,21852.959818389325,39.941248756309506,549426.6898996979,interactive_medium,False,64
split_oldest,252,501400.34374918457,501508.482336243,525902.0236609359,24501.67991175136,108.13858705840539,521400.34374918457,interactive_short,True,32
split_oldest,253,501615.2943729255,501633.3770904736,526205.580643717,24590.28627079149,18.082717548124492,521615.2943729255,interactive_short,True,32
split_oldest,254,504576.33641678223,504750.4834487701,535051.9663500497,30475.629933267483,174.14703198784264,604576.3364167822,interactive_long,False,256
split_oldest,255,508374.4900678,508580.2913154469,541201.3135127313,32826.82344493136,205.80124764691573,608374.4900678,interactive_long,False,256
split_oldest,256,510209.1306652767,510368.8476516767,542640.4070152924,32431.276350015716,159.71698639995884,530209.1306652767,interactive_short,True,32
split_oldest,257,510467.1967220508,510578.0373239096,542946.5741680765,32479.377446025726,110.84060185879935,530467.1967220508,interactive_short,True,32
split_oldest,258,518718.1678001482,518753.4716640954,552801.2012373431,34083.03343719494,35.303863947221544,538718.1678001483,interactive_short,True,32
split_oldest,259,521770.52560869,521849.99448227347,556380.2531902127,34609.72758152266,79.46887358347885,571770.52560869,interactive_medium,False,128
split_oldest,260,522623.5060952592,522833.643741373,557351.9865019624,34728.480406703195,210.13764611375518,572623.5060952592,interactive_medium,False,64
split_oldest,261,523742.0608319924,524112.01613464765,558295.5622414774,34553.501409485005,369.9553026552312,573742.0608319924,interactive_medium,False,64
split_oldest,262,524667.9448782488,524897.3496013989,558877.3115976923,34209.36671944347,229.40472315007355,544667.9448782488,interactive_short,True,32
split_oldest,263,526078.2256618903,526111.5775325231,559877.4788074037,33799.25314551336,33.351870632730424,546078.2256618903,interactive_short,True,32
split_oldest,264,526912.9908668387,527069.2500364631,560585.16061204,33672.169745201245,156.25916962441988,576912.9908668387,interactive_medium,False,64
split_oldest,265,530701.5805189821,531084.6710432762,563106.0744889711,32404.49396998901,383.0905242940644,580701.5805189821,interactive_medium,False,64
split_oldest,266,534157.2456176562,534305.0079211731,565325.8810658198,31168.635448163608,147.76230351696722,554157.2456176562,interactive_short,True,32
split_oldest,267,534380.3132819388,534884.2978569489,565756.7806629031,31376.467380964314,503.98457501013763,634380.3132819388,interactive_long,False,256
split_oldest,268,540857.8361210944,540926.0522650485,568524.0371247677,27666.201003673254,68.2161439540796,560857.8361210944,interactive_short,True,32
split_oldest,269,542876.7606051796,543158.7382096667,569963.9294822727,27087.16887709312,281.97760448709596,562876.7606051796,interactive_short,True,32
split_oldest,270,546405.5237133533,546620.5800014853,571435.1824556421,25029.658742288826,215.05628813197836,596405.5237133533,interactive_medium,False,64
split_oldest,271,548862.7969466735,549143.8240437924,572641.4059898807,23778.609043207136,281.027097118902,568862.7969466735,interactive_short,True,32
split_oldest,272,550006.3811932743,550171.3547489217,573267.7982097496,23261.417016475345,164.97355564741883,570006.3811932743,interactive_short,True,32
split_oldest,273,552653.3606579853,552906.144944361,574939.5270430573,22286.166385071934,252.7842863756232,602653.3606579853,interactive_medium,False,128
split_oldest,274,559385.4303205531,559638.8437206399,577486.6634607947,18101.233140241588,253.4134000868071,579385.4303205531,interactive_short,False,32
split_oldest,275,560015.0775665006,560068.6541075903,577681.4848144593,17666.407247958705,53.576541089685634,580015.0775665006,interactive_short,False,32
split_oldest,276,563317.6736536679,563459.9033177553,579525.4725429952,16207.798889327329,142.22966408741195,583317.6736536679,interactive_short,False,32
split_oldest,277,564862.8030823345,565062.971480701,580207.3472808214,15344.544198486954,200.16839836654253,584862.8030823345,interactive_short,False,32
split_oldest,278,566184.1533976971,566226.5748278048,581213.4506492472,15029.297251550015,42.42143010767177,586184.1533976971,interactive_short,False,32
split_oldest,279,567328.0471315094,567346.4911058643,582277.5676160177,14949.520484508248,18.44397435488645,587328.0471315094,interactive_short,False,32
split_oldest,280,569954.3298416642,570120.52753724,585172.3442304471,15218.014388782904,166.19769557577092,619954.3298416642,interactive_medium,False,64
split_oldest,281,570579.3603688445,570592.9866761185,585929.9198585759,15350.559489731444,13.626307273982093,590579.3603688445,interactive_short,False,32
split_oldest,282,574396.5739147417,574469.7328781555,590240.965880321,15844.391965579242,73.15896341379266,594396.5739147417,interactive_short,False,32
split_oldest,283,577949.1063649838,578090.5333874783,594813.5521843613,16864.445819377434,141.42702249449212,597949.1063649838,interactive_short,False,32
split_oldest,284,578130.4068491043,578187.9440643106,594935.0569538365,16804.650104732136,57.53721520630643,598130.4068491043,interactive_short,False,32
split_oldest,285,582398.3067883528,582623.9474482407,600304.5875671564,17906.28077880363,225.64065988792572,632398.3067883528,interactive_medium,False,128
split_oldest,286,582957.3733546018,583126.7074178545,600574.8458739205,17617.47251931869,169.33406325266697,632957.3733546018,interactive_medium,False,64
split_oldest,287,584207.2608711326,584347.5876129189,601085.6472779224,16878.386406789767,140.32674178632442,604207.2608711326,interactive_short,False,32
split_oldest,288,586092.1797219864,586251.5449532183,601742.7210388794,15650.541316892952,159.36523123190273,606092.1797219864,interactive_short,False,32
split_oldest,289,587044.9936691284,587082.8013648909,602286.6434148834,15241.649745755014,37.80769576248713,607044.9936691284,interactive_short,False,32
split_oldest,290,587103.2334616845,587306.282653008,602406.9568236854,15303.723362000892,203.04919132345822,607103.2334616845,interactive_short,False,32
split_oldest,291,590910.2184382996,591134.8910327895,605823.6262759835,14913.407837683917,224.67259448987897,640910.2184382996,interactive_medium,False,64
split_oldest,292,591311.612814089,591424.4438963566,606053.6099811784,14741.997167089372,112.83108226757031,611311.612814089,interactive_short,False,32
split_oldest,293,591788.431403746,591788.9582047822,606414.5502075845,14626.1188038385,0.5268010362051427,611788.431403746,interactive_short,False,32
split_oldest,294,594985.7474219035,595126.834941217,609177.3295040709,14191.582082167384,141.0875193134416,644985.7474219035,interactive_medium,False,64
split_oldest,295,595817.805370963,595883.8987451594,609649.0468178858,13831.241446922882,66.09337419643998,615817.805370963,interactive_short,False,32
split_oldest,296,600063.67256221,600158.7040715222,613269.5169921062,13205.844429896213,95.03150931221899,620063.67256221,interactive_short,False,32
split_oldest,297,602479.5254504309,602553.5805300956,616208.8483560375,13729.32290560659,74.05507966468576,622479.5254504309,interactive_short,False,32
split_oldest,298,603126.1952832483,603155.1475741058,616720.3498957561,13594.154612507788,28.952290857443586,623126.1952832483,interactive_short,False,32
split_oldest,299,603146.6012599512,603249.1506852997,616794.0306792998,13647.429419348598,102.54942534840666,653146.6012599512,interactive_medium,False,64
canvas_aware,0,0.0,0.0,3291.245305998018,3291.245305998018,0.0,20000.0,interactive_short,False,32
canvas_aware,1,4685.326635856748,4685.326635856748,8134.444861459181,3449.118225602433,0.0,24685.32663585675,interactive_short,False,32
canvas_aware,2,6262.838718290957,6288.020002255783,9737.138227858217,3474.2995095672595,25.181283964825525,26262.838718290957,interactive_short,False,32
canvas_aware,3,9861.555492950167,9861.555492950167,15494.7935899976,5633.238097047433,0.0,29861.555492950167,interactive_short,False,32
canvas_aware,4,11608.542790353687,11635.966005749098,20613.697321849206,9005.154531495518,27.423215395410807,61608.54279035369,interactive_medium,False,64
canvas_aware,5,11929.100460691434,12223.650765048835,21201.382081148942,9272.281620457508,294.5503043574008,31929.100460691436,interactive_short,False,32
canvas_aware,6,12201.760830234378,12254.946101645502,21201.382081148942,8999.621250914564,53.18527141112463,62201.76083023438,interactive_medium,False,64
canvas_aware,7,12938.846292477965,12956.378959086753,21952.47015946897,9013.623866991004,17.532666608787622,32938.84629247797,interactive_short,False,32
canvas_aware,8,17523.749290794418,17588.410016110895,23736.30434547903,6212.555054684613,64.6607253164766,37523.74929079442,interactive_short,False,32
canvas_aware,9,20704.219288184544,21952.47015946897,25465.80787779184,4761.588589607298,1248.2508712844246,40704.21928818454,interactive_short,False,32
canvas_aware,10,24646.507156003463,24652.12912627848,28012.945549390308,3366.438393386845,5.621970275016793,44646.50715600346,interactive_short,False,32
canvas_aware,11,29230.284890772156,29230.284890772156,32783.759792045304,3553.474901273148,0.0,49230.284890772156,interactive_short,False,32
canvas_aware,12,29701.92333515015,29716.816805571863,33315.78051418866,3613.8571790385067,14.893470421713573,49701.923335150146,interactive_short,False,32
canvas_aware,13,30276.033844297603,32783.759792045304,36382.7235006621,6106.689656364495,2507.725947747702,50276.033844297606,interactive_short,False,32
canvas_aware,14,30492.972578722907,33315.78051418866,36914.74422280545,6421.7716440825425,2822.8079354657493,50492.97257872291,interactive_short,False,32
canvas_aware,15,33522.2850675438,36382.7235006621,39893.385406788286,6371.100339244484,2860.4384331182955,53522.2850675438,interactive_short,False,32
canvas_aware,16,37832.93903158115,37859.18852800488,41458.152236621674,3625.213205040527,26.249496423733945,57832.93903158115,interactive_short,False,32
canvas_aware,17,38875.962027478956,39893.385406788286,44186.688619084736,5310.72659160578,1017.4233793093299,58875.962027478956,interactive_short,False,32
canvas_aware,18,40814.614746337094,41458.152236621674,46285.56275944094,5470.948013103844,643.5374902845797,90814.61474633709,interactive_medium,False,64
canvas_aware,19,41150.39514152049,44186.688619084736,48920.59343305401,7770.198291533525,3036.2934775642498,61150.39514152049,interactive_short,False,32
canvas_aware,20,46465.51854974466,46485.89943024082,51979.07926852969,5513.560718785033,20.38088049615908,96465.51854974465,interactive_medium,False,64
canvas_aware,21,50464.64652766523,50467.889887473226,54240.02169612833,3775.375168463099,3.243359807995148,70464.64652766523,interactive_short,False,32
canvas_aware,22,57941.29295752837,57941.29295752837,61232.53826352639,3291.245305998018,0.0,77941.29295752838,interactive_short,False,32
canvas_aware,23,61270.895281049074,61270.895281049074,64562.14058704709,3291.245305998018,0.0,81270.89528104907,interactive_short,False,32
canvas_aware,24,65535.16615037969,65535.16615037969,76438.53630739596,10903.370157016267,0.0,115535.1661503797,interactive_medium,False,128
canvas_aware,25,65585.36358234937,65590.96354375916,76469.83164399263,10884.46806164326,5.599961409796379,85585.36358234937,interactive_short,False,32
canvas_aware,26,68253.25681341092,68284.48662711043,77502.57775168266,9249.320938271747,31.229813699508668,88253.25681341092,interactive_short,False,32
canvas_aware,27,69060.7463946566,69139.8109300705,77964.33006256103,8903.58366790443,79.06453541389783,89060.7463946566,interactive_short,False,32
canvas_aware,28,74402.71441442745,77502.57775168266,82329.98827450193,7927.273860074478,3099.863337255214,124402.71441442745,interactive_medium,False,64
canvas_aware,29,77644.06746322283,77964.33006256103,82791.74058538029,5147.673122157459,320.2625993381953,97644.06746322283,interactive_short,False,32
canvas_aware,30,81635.21006518841,82329.98827450193,88108.49781942085,6473.287754232442,694.7782093135174,131635.2100651884,interactive_medium,False,64
canvas_aware,31,84964.57561606709,85002.16409169367,89829.57461451294,4864.998998445852,37.58847562658775,134964.5756160671,interactive_medium,False,64
canvas_aware,32,85585.2647166139,88108.49781942085,96724.77173553267,11139.507018918768,2523.2331028069457,105585.2647166139,interactive_short,False,32
canvas_aware,33,88681.710555966,89829.57461451294,100287.39877104844,11605.688215082439,1147.8640585469402,138681.710555966,interactive_medium,False,128
canvas_aware,34,88910.50326923911,89829.57461451294,100287.39877104844,11376.895501809326,919.0713452738273,108910.50326923911,interactive_short,False,32
canvas_aware,35,93024.56098153477,93079.8069657612,102748.59880183093,9724.037820296158,55.24598422643612,113024.56098153477,interactive_short,False,32
canvas_aware,36,96936.79057994079,100287.39877104844,108288.79774650809,11352.007166567302,3350.608191107647,146936.79057994077,interactive_medium,False,64
canvas_aware,37,97439.96335557531,100833.10604754105,109101.01615294468,11661.052797369368,3393.142691965739,117439.96335557531,interactive_short,False,32
canvas_aware,38,100831.98873158326,100864.40138413772,109142.9936357518,8311.004904168542,32.412652554456145,150831.98873158326,interactive_medium,False,64
canvas_aware,39,102065.48441728606,102078.74397740551,110180.59568031087,8115.11126302481,13.259560119447997,122065.48441728606,interactive_short,False,32
canvas_aware,40,102793.72061808415,106527.49007423143,113057.48372908396,10263.763110999818,3733.769456147289,152793.72061808413,interactive_medium,False,64
canvas_aware,41,105966.58478485378,106527.49007423143,113057.48372908396,7090.898944230183,560.9052893776534,125966.58478485378,interactive_short,False,32
canvas_aware,42,106483.07855714422,106527.49007423143,114246.70651975734,7763.6279626131145,44.411517087210086,126483.07855714422,interactive_short,False,32
canvas_aware,43,106530.9764266568,106588.52548861726,114434.47853933735,7903.502112680551,57.54906196046795,126530.9764266568,interactive_short,False,32
canvas_aware,44,106960.16133027605,108288.79774650809,116249.60806194408,9289.446731668024,1328.6364162320388,126960.16133027605,interactive_short,False,32
canvas_aware,45,107755.9349758439,108288.79774650809,116437.38008152408,8681.445105680177,532.8627706641855,127755.9349758439,interactive_short,False,32
canvas_aware,46,111751.33283285139,111775.74002698158,118990.68378727947,7239.350954428082,24.40719413019542,131751.3328328514,interactive_short,False,32
canvas_aware,47,118567.11856872926,118583.84441152279,122158.72581036942,3591.6072416401585,16.72584279353032,138567.11856872926,interactive_short,False,32
canvas_aware,48,119221.6976026299,119248.25950687932,122847.22321549611,3625.525612866215,26.561904249421787,139221.6976026299,interactive_short,False,32
canvas_aware,49,121273.24896644348,122158.72581036942,125757.68951898621,4484.440552542728,885.4768439259351,141273.24896644347,interactive_short,False,32
canvas_aware,50,122293.82844906364,122847.22321549611,126387.31905578583,4093.490606722189,553.394766432466,142293.82844906364,interactive_short,False,32
canvas_aware,51,130236.27999100173,130236.27999100173,133690.74984099754,3454.469849995803,0.0,150236.27999100173,interactive_short,False,32
canvas_aware,52,131772.95154212418,131781.7343086008,135236.2041585966,3463.252616472426,8.782766476622783,151772.95154212418,interactive_short,False,32
canvas_aware,53,137374.50461665468,137374.50461665468,147053.81816462058,9679.313547965896,0.0,187374.50461665468,interactive_medium,False,128
canvas_aware,54,137619.61235432947,137653.49158355204,147210.29484760392,9590.68249327445,33.87922922256985,157619.61235432947,interactive_short,False,32
canvas_aware,55,144659.61547534552,144672.97598258866,149901.69379491734,5242.078319571825,13.360507243138272,164659.61547534552,interactive_short,False,32
canvas_aware,56,145053.0272684508,145100.6381340687,150187.88903891717,5134.8617704663775,47.610865617898526,165053.0272684508,interactive_short,False,32
canvas_aware,57,151621.68697230733,151621.68697230733,156734.42720175636,5112.740229449031,0.0,201621.68697230733,interactive_medium,False,64
canvas_aware,58,152238.7259482832,152284.81402420122,157016.08523112637,4777.3592828431865,46.08807591802906,172238.7259482832,interactive_short,False,32
canvas_aware,59,152468.2070170382,156734.42720175636,165805.86262714615,13337.655610107962,4266.220184718171,172468.2070170382,interactive_short,False,32
canvas_aware,60,153608.5224910845,158910.4035335212,176176.1985762224,22567.676085137908,5301.881042436697,253608.5224910845,interactive_long,False,256
canvas_aware,61,156216.44073635942,158847.73479272527,176061.80941081885,19845.36867445943,2631.2940563658485,176216.44073635942,interactive_short,False,32
canvas_aware,62,156969.2554851252,158847.73479272527,176061.80941081885,19092.553925693646,1878.4793076000642,176969.2554851252,interactive_short,False,32
canvas_aware,63,158833.12467464927,158847.73479272527,176061.80941081885,17228.684736169584,14.610118076001527,178833.12467464927,interactive_short,False,32
canvas_aware,64,160265.64130798163,161341.8511545836,177274.83603516704,17009.194727185415,1076.209846601967,210265.64130798163,interactive_medium,False,64
canvas_aware,65,161238.5429869296,161341.8511545836,177274.83603516704,16036.29304823745,103.30816765400232,211238.5429869296,interactive_medium,False,64
canvas_aware,66,162957.3623497664,163049.76147578246,177587.78940113372,14630.427051367325,92.3991260160692,182957.3623497664,interactive_short,False,32
canvas_aware,67,163545.3596597112,163627.93674997785,177681.67541092372,14136.315751212533,82.57709026665543,183545.3596597112,interactive_short,False,32
canvas_aware,68,166012.74851501672,166112.97688394817,178370.1728160504,12357.424301033694,100.22836893144995,186012.74851501672,interactive_short,False,32
canvas_aware,69,166016.13393510526,166112.97688394817,178464.05882584042,12447.924890735158,96.84294884291012,186016.13393510526,interactive_short,False,32
canvas_aware,70,171212.06512667643,171223.38205555588,185956.51766676086,14744.452540084429,11.316928879445186,191212.06512667643,interactive_short,False,32
canvas_aware,71,172758.40355763954,178464.05882584042,195893.5595919234,23135.156034283864,5705.655268200877,222758.40355763954,interactive_medium,False,128
canvas_aware,72,175300.2676131151,178464.05882584042,195811.9376803067,20511.67006719159,3163.7912127253076,225300.2676131151,interactive_medium,False,64
canvas_aware,73,178009.4720451799,181286.62902560865,198685.90165245248,20676.429607272585,3277.1569804287574,198009.4720451799,interactive_short,True,32
canvas_aware,74,180230.61004395568,181286.62902560865,198685.90165245248,18455.291608496802,1056.0189816529746,200230.61004395568,interactive_short,False,32
canvas_aware,75,181136.4200486716,181286.62902560865,198685.90165245248,17549.481603780878,150.20897693705047,201136.4200486716,interactive_short,False,32
canvas_aware,76,181281.50511497576,181286.62902560865,198741.69904583195,17460.193930856185,5.123910632886691,231281.50511497576,interactive_medium,False,128
canvas_aware,77,183464.20864479677,185037.62483122724,200119.3555419691,16655.146897172322,1573.4161864304624,203464.20864479677,interactive_short,False,32
canvas_aware,78,184265.7609896628,185037.62483122724,201156.9575865281,16891.19659686528,771.8638415644236,204265.7609896628,interactive_short,False,32
canvas_aware,79,185019.27037452036,185037.62483122724,201156.9575865281,16137.687212007731,18.35445670687477,205019.27037452036,interactive_short,False,32
canvas_aware,80,188787.22094703364,188925.06721613527,201344.7296061081,12557.508659074461,137.84626910163206,208787.22094703364,interactive_short,False,32
canvas_aware,81,191331.39780426107,191431.5234544215,201782.86431846145,10451.46651420038,100.12565016042208,211331.39780426107,interactive_short,False,32
canvas_aware,82,192045.66867047417,192161.2137472396,202202.6391465327,10156.970476058515,115.54507676544017,212045.66867047417,interactive_short,False,32
canvas_aware,83,192785.72366443145,192934.97384187937,204343.490769696,11557.76710526456,149.25017744791694,242785.72366443145,interactive_medium,False,64
canvas_aware,84,193835.54878730024,193983.22877964363,204938.1021650327,11102.55337773246,147.6799923433864,213835.54878730024,interactive_short,False,32
canvas_aware,85,194865.21737300162,194928.22423151697,217188.27007952312,22323.0527065215,63.00685851534945,214865.21737300162,interactive_short,True,32
canvas_aware,86,195566.19192016678,205016.4380910276,225965.82118418044,30399.629264013667,9450.246170860832,295566.1919201668,interactive_long,False,256
canvas_aware,87,195838.49080862475,204938.1021650327,225756.26731259332,29917.776503968576,9099.611356407957,215838.49080862475,interactive_short,True,32
canvas_aware,88,196929.48483398094,204938.1021650327,225756.26731259332,28826.782478612382,8008.617331051762,216929.48483398094,interactive_short,True,32
canvas_aware,89,202568.46551219074,204938.1021650327,225756.26731259332,23187.80180040258,2369.6366528419603,222568.46551219074,interactive_short,True,32
canvas_aware,90,204830.64109467145,204938.1021650327,225756.26731259332,20925.626217921876,107.46107036125613,224830.64109467145,interactive_short,True,32
canvas_aware,91,209492.72434268222,209611.27803136414,232643.49595180922,23150.771609126998,118.55368868191727,229492.72434268222,interactive_short,True,32
canvas_aware,92,211404.4249104831,212297.64462529778,236361.90429597453,24957.47938549143,893.2197148146806,261404.4249104831,interactive_medium,False,64
canvas_aware,93,212120.4905687086,212273.91473200923,236298.93807176384,24178.447503055242,153.42416330063134,232120.4905687086,interactive_short,True,32
canvas_aware,94,213708.3589683187,213802.3159668679,238187.21433300982,24478.855364691117,93.95699854919803,233708.3589683187,interactive_short,True,32
canvas_aware,95,213709.17101254492,213802.3159668679,238187.21433300982,24478.0433204649,93.14495432298281,233709.17101254492,interactive_short,True,32
canvas_aware,96,214385.4767159057,219541.19541486056,244779.68638243608,30394.20966653037,5155.71869895485,314385.4767159057,interactive_long,False,256
canvas_aware,97,215509.3221345372,219412.9106758744,244609.49982365305,29100.177689115866,3903.5885413372016,235509.3221345372,interactive_short,True,32
canvas_aware,98,217244.25080076285,219485.3980214811,244707.27469983965,27463.023899076798,2241.147220718238,267244.25080076285,interactive_medium,False,128
canvas_aware,99,219370.96672305348,219443.42053867396,244651.47730646018,25280.510583406693,72.45381562047987,269370.9667230535,interactive_medium,False,64
canvas_aware,100,220621.8996391037,220853.29308219458,245189.4955933123,24567.595954208606,231.39344309087028,240621.8996391037,interactive_short,True,32
canvas_aware,101,221789.26511169868,225992.9410622245,246619.468158923,24830.20304722432,4203.675950525823,271789.26511169865,interactive_medium,False,64
canvas_aware,102,222270.10243516884,225965.82118418044,246619.468158923,24349.365723754163,3695.718749011605,242270.10243516884,interactive_short,True,32
canvas_aware,103,223551.9186087876,225965.82118418044,246619.468158923,23067.549550135416,2413.902575392858,243551.9186087876,interactive_short,True,32
canvas_aware,104,228180.84585377428,228367.06814471757,248245.31035004454,20064.46449627026,186.2222909432894,248180.84585377428,interactive_short,True,32
canvas_aware,105,231360.35918512376,231470.66042652386,250450.299737749,19089.940552625252,110.30124140009866,251360.35918512376,interactive_short,False,32
canvas_aware,106,231732.27485609736,231920.81072200715,250758.51825219582,19026.243396098464,188.5358659097983,251732.27485609736,interactive_short,False,32
canvas_aware,107,231909.49041917422,232834.6712519958,251518.8945840463,19609.404164872074,925.1808328215848,251909.49041917422,interactive_short,False,32
canvas_aware,108,233358.5680228021,236490.11337195043,255829.98834075412,22471.420317952026,3131.545349148335,253358.5680228021,interactive_short,True,32
canvas_aware,109,235363.03259872267,246695.3454892852,267541.48536228633,32178.452763563662,11332.31289056252,285363.03259872267,interactive_medium,False,128
canvas_aware,110,236179.5353372144,246653.36800647806,267459.8634506696,31280.328113455238,10473.832669263677,286179.53533721436,interactive_medium,False,64
canvas_aware,111,239591.69139954826,246619.468158923,267375.9084850554,27784.217085507116,7027.776759374741,259591.69139954826,interactive_short,True,32
canvas_aware,112,242373.40601094568,246619.468158923,267375.9084850554,25002.5024741097,4246.062147977325,262373.4060109457,interactive_short,True,32
canvas_aware,113,244607.74689604086,246619.468158923,267375.9084850554,22768.16158901452,2011.7212628821435,264607.74689604086,interactive_short,True,32
canvas_aware,114,245116.60429665423,246695.3454892852,267541.48536228633,22424.8810656321,1578.7411926309578,295116.60429665423,interactive_medium,False,128
canvas_aware,115,245560.71741308132,246653.36800647806,267459.8634506696,21899.146037588303,1092.650593396742,295560.7174130813,interactive_medium,False,64
canvas_aware,116,245610.1746843997,246619.468158923,267375.9084850554,21765.733800655667,1009.2934745232924,265610.17468439974,interactive_short,True,32
canvas_aware,117,246171.83268557416,246619.468158923,267375.9084850554,21204.075799481216,447.6354733488406,266171.8326855742,interactive_short,True,32
canvas_aware,118,247461.06619236048,247564.46361079635,267893.7521360534,20432.685943692923,103.39741843586671,267461.0661923605,interactive_short,True,32
canvas_aware,119,251251.8118115288,251334.27546402332,269583.68580727844,18331.87399574963,82.463652494509,271251.8118115288,interactive_short,False,32
canvas_aware,120,251403.04467762125,252577.31947607704,270071.9691223652,18668.924444743927,1174.2747984557936,301403.0446776212,interactive_medium,False,64
canvas_aware,121,252473.421380079,252546.80961327747,270071.9691223652,17598.547742286173,73.38823319846415,272473.421380079,interactive_short,False,32
canvas_aware,122,254460.65811645883,255032.08144161006,270659.6538816649,16198.995765206084,571.4233251512342,304460.6581164588,interactive_medium,False,64
canvas_aware,123,254893.08147302043,254998.181594055,270659.6538816649,15766.572408644482,105.1001210345712,274893.08147302043,interactive_short,False,32
canvas_aware,124,257276.86858247902,257368.17239819877,271473.3326331783,14196.464050699258,91.30381571975886,277276.868582479,interactive_short,False,32
canvas_aware,125,258640.7971443583,267541.48536228633,273069.39479960833,14428.597655250021,8900.688217928022,278640.7971443583,interactive_short,False,32
canvas_aware,126,259200.18378525076,267541.48536228633,278767.1497965864,19566.966011335666,8341.30157703557,279200.18378525076,interactive_short,False,32
canvas_aware,127,261334.74833081558,273179.36257941596,298566.7409819918,37231.99265117623,11844.614248600381,311334.7483308156,interactive_medium,False,128
canvas_aware,128,261345.86882622488,273116.3963552053,298485.1190703751,37139.25024415023,11770.527528980398,311345.8688262249,interactive_medium,False,64
canvas_aware,129,264126.1882832452,273116.3963552053,298485.1190703751,34358.93078712991,8990.208071960078,314126.1882832452,interactive_medium,False,64
canvas_aware,130,267065.94190347125,273069.39479960833,298380.1753633573,31314.233459886047,6003.452896137082,287065.94190347125,interactive_short,True,32
canvas_aware,131,267291.35520539456,273069.39479960833,298380.1753633573,31088.820157962735,5778.039594213769,287291.35520539456,interactive_short,True,32
canvas_aware,132,268398.6342470887,273116.3963552053,298485.1190703751,30086.484823286417,4717.762108116585,318398.6342470887,interactive_medium,False,64
canvas_aware,133,268785.528719743,275349.9770160469,300146.30298516864,31360.77426542563,6564.448296303861,318785.528719743,interactive_medium,False,128
canvas_aware,134,275124.0836601808,275224.34205104026,300048.5281089821,24924.44444880128,100.25839085946791,295124.0836601808,interactive_short,True,32
canvas_aware,135,276583.5306883647,276675.1401874035,300617.1476104309,24033.616922066198,91.60949903877918,296583.5306883647,interactive_short,True,32
canvas_aware,136,276686.57708818314,276898.0642492258,300678.18302481674,23991.605936633598,211.4871610426344,296686.57708818314,interactive_short,True,32
canvas_aware,137,277259.80445404275,277469.2498544622,300800.2538535884,23540.449399545672,209.4454004194704,327259.80445404275,interactive_medium,False,64
canvas_aware,138,281031.9844971329,281206.277828845,302369.94720763416,21337.962710501277,174.2933317121351,331031.9844971329,interactive_medium,False,64
canvas_aware,139,282251.2951702571,282452.4496259972,302526.4238906175,20275.1287203604,201.1544557401212,302251.2951702571,interactive_short,True,32
canvas_aware,140,285484.3874195229,285538.70565410965,302870.67259318085,17386.285173657932,54.31823458673898,305484.3874195229,interactive_short,False,32
canvas_aware,141,287687.0858763872,287851.95628526364,303371.39797872753,15684.312102340336,164.8704088764498,307687.0858763872,interactive_short,False,32
canvas_aware,142,296514.93849096954,296613.06164908526,305638.1820503122,9123.243559342693,98.12315811571898,316514.93849096954,interactive_short,False,32
canvas_aware,143,298324.9098344262,300678.18302481674,307485.1912938257,9160.281459399499,2353.2731903905515,348324.9098344262,interactive_medium,False,64
canvas_aware,144,304317.9593471235,305638.1820503122,309586.7486433383,5268.78929621476,1320.222703188716,324317.9593471235,interactive_short,False,32
canvas_aware,145,308758.6046021605,308773.0698918249,312270.3527369677,3511.7481348071597,14.46528966439655,328758.6046021605,interactive_short,False,32
canvas_aware,146,310655.46979909524,310674.2905705376,314516.09900918795,3860.6292100927094,18.82077144237701,330655.46979909524,interactive_short,False,32
canvas_aware,147,313196.2218718601,313214.7970421671,318105.6141664597,4909.392294599616,18.57517030701274,363196.2218718601,interactive_medium,False,64
canvas_aware,148,314601.7208017273,314663.46057627554,319133.0086497564,4531.287848029053,61.73977454821579,334601.7208017273,interactive_short,False,32
canvas_aware,149,318152.3418345306,318162.8532152597,321537.0486993549,3384.706864824344,10.511380729090888,338152.3418345306,interactive_short,False,32
canvas_aware,150,319739.9215228538,321537.0486993549,333911.0926577155,14171.17113486171,1797.127176501148,419739.9215228538,interactive_long,False,256
canvas_aware,151,324290.01903144224,324361.1043206157,334957.6055888994,10667.586557457165,71.08528917346848,344290.01903144224,interactive_short,False,32
canvas_aware,152,327012.4846522204,327088.94690951885,335802.57967700943,8790.095024789043,76.46225729846628,347012.4846522204,interactive_short,False,32
canvas_aware,153,328299.95882871764,328333.43113983603,336678.8491017161,8378.890272998484,33.47231111838482,348299.95882871764,interactive_short,False,32
canvas_aware,154,328899.98520282906,328930.4973308029,337680.2998728095,8780.314669980435,30.512127973837778,348899.98520282906,interactive_short,False,32
canvas_aware,155,329468.00215959235,329470.8190243723,338674.1852005948,9206.183041002427,2.816864779975731,349468.00215959235,interactive_short,False,32
canvas_aware,156,331498.3546530178,331581.28554465104,339924.6346013392,8426.279948321346,82.93089163320838,351498.3546530178,interactive_short,False,32
canvas_aware,157,334401.6311719936,334411.8180432622,341332.9247481892,6931.293576195603,10.18687126855366,354401.6311719936,interactive_short,False,32
canvas_aware,158,335874.9927551598,338650.4553073062,342709.9195584426,6834.926803282811,2775.462552146404,355874.9927551598,interactive_short,False,32
canvas_aware,159,337845.99806512165,338650.4553073062,344118.20970529265,6272.211640171008,804.4572421845514,357845.99806512165,interactive_short,False,32
canvas_aware,160,338488.05513029825,338650.4553073062,345495.20451554604,7007.149385247787,162.4001770079485,358488.05513029825,interactive_short,False,32
canvas_aware,161,338649.35484757664,338650.4553073062,346903.4946623961,8254.139814819442,1.1004597295541316,358649.35484757664,interactive_short,False,32
canvas_aware,162,339322.3381436127,339331.3872691248,354623.30945890327,15300.971315290546,9.04912551207235,359322.3381436127,interactive_short,False,32
canvas_aware,163,339956.4640854367,346903.4946623961,367190.8667516375,27234.402666200767,6947.030576959369,389956.4640854367,interactive_medium,False,128
canvas_aware,164,340726.9350188946,346903.4946623961,367109.2448400208,26382.309821126168,6176.559643501474,390726.9350188946,interactive_medium,False,64
canvas_aware,165,342280.6545444606,346903.4946623961,367046.2786158101,24765.624071349506,4622.840117935499,362280.6545444606,interactive_short,True,32
canvas_aware,166,342578.52264161,346903.4946623961,367046.2786158101,24467.75597420009,4324.972020786081,362578.52264161,interactive_short,True,32
canvas_aware,167,343104.5314275153,346903.4946623961,367046.2786158101,23941.747188294772,3798.9632348807645,363104.5314275153,interactive_short,True,32
canvas_aware,168,345472.54378428264,346903.4946623961,367046.2786158101,21573.734831527458,1430.95087811345,365472.54378428264,interactive_short,True,32
canvas_aware,169,347923.74814603163,349154.09214576724,368591.82892621844,20668.080780186807,1230.3439997356036,367923.74814603163,interactive_short,True,32
canvas_aware,170,348056.51680808194,349251.5028225996,368689.603802405,20633.086994323065,1194.9860145176644,398056.51680808194,interactive_medium,False,128
canvas_aware,171,349103.6610731932,349154.09214576724,368591.82892621844,19488.167853025254,50.43107257405063,369103.6610731932,interactive_short,False,32
canvas_aware,172,350668.1037808773,350765.3854418089,369308.67729117576,18640.573510298447,97.28166093159234,370668.1037808773,interactive_short,False,32
canvas_aware,173,351743.0393517153,351887.0407590803,369727.20584696444,17984.16649524914,144.00140736502362,401743.0393517153,interactive_medium,False,64
canvas_aware,174,352206.4858290961,353397.6234685147,370398.59540520876,18192.10957611265,1191.1376394185936,402206.4858290961,interactive_medium,False,64
canvas_aware,175,353296.4351300922,353367.11360571516,370398.59540520876,17102.160275116563,70.67847562296083,373296.4351300922,interactive_short,False,32
canvas_aware,176,358000.79433636187,358030.34985828825,371243.5694933188,13242.775156956923,29.55552192637697,378000.79433636187,interactive_short,False,32
canvas_aware,177,359755.3162093097,359781.3298445576,371556.52285928547,11801.206649975793,26.013635247945786,379755.3162093097,interactive_short,False,32
canvas_aware,178,362133.63557731314,362280.16161191236,372839.63165974885,10705.996082435711,146.5260345992283,382133.63557731314,interactive_short,False,32
canvas_aware,179,366019.71258193307,367190.8667516375,374434.77600641956,8415.063424486492,1171.1541697044158,386019.71258193307,interactive_short,False,32
canvas_aware,180,368921.118746171,369308.67729117576,376995.4024576541,8074.28371148312,387.55854500475107,418921.118746171,interactive_medium,False,64
canvas_aware,181,369878.4198514725,369910.31209012197,381674.8571896128,11796.437338140327,31.892238649481442,389878.4198514725,interactive_short,False,32
canvas_aware,182,369890.2469196961,377487.3640644498,392028.3814146847,22138.134494988597,7597.117144753691,469890.2469196961,interactive_long,False,256
canvas_aware,183,370757.2317872697,377424.69532365387,391882.2889485445,21125.057161274774,6667.463536384166,390757.2317872697,interactive_short,True,32
canvas_aware,184,373557.81654337514,377424.69532365387,391882.2889485445,18324.472405169334,3866.8787802787265,393557.81654337514,interactive_short,False,32
canvas_aware,185,377398.56579818815,377424.69532365387,391882.2889485445,14483.723150356323,26.129525465716142,397398.56579818815,interactive_short,False,32
canvas_aware,186,383532.1777781886,390846.40486819425,398620.20616835565,15088.028390167048,7314.2270900056465,433532.1777781886,interactive_medium,False,64
canvas_aware,187,384618.2600858557,390822.6749749057,398620.20616835565,14001.946082499926,6204.414889049949,404618.2600858557,interactive_short,False,32
canvas_aware,188,387371.07226095744,390822.6749749057,398620.20616835565,11249.133907398209,3451.602713948232,407371.07226095744,interactive_short,False,32
canvas_aware,189,388950.97137005127,390822.6749749057,398620.20616835565,9669.234798304387,1871.7036048544105,408950.97137005127,interactive_short,False,32
canvas_aware,190,390799.8822599886,390822.6749749057,398620.20616835565,7820.323908367078,22.792714917100966,410799.8822599886,interactive_short,False,32
canvas_aware,191,391298.18672327726,391332.1420531921,398714.09217814566,7415.905454868393,33.955329914810136,411298.18672327726,interactive_short,False,32
canvas_aware,192,391793.62700326595,391851.7790857449,398970.6894690337,7177.062465767725,58.15208247897681,411793.62700326595,interactive_short,False,32
canvas_aware,193,392938.4474975708,398714.09217814566,423755.6765896162,30817.229092045396,5775.644680574827,442938.4474975708,interactive_medium,False,128
canvas_aware,194,392997.3562420502,398714.09217814566,423607.17793510953,30609.821693059348,5716.735936095472,412997.3562420502,interactive_short,True,32
canvas_aware,195,393816.6927309916,398970.6894690337,424406.41376740317,30589.72103641159,5153.9967380421,443816.6927309916,interactive_medium,False,64
canvas_aware,196,396090.205256994,401023.46779613785,425311.5354399363,29221.33018294233,4933.262539143849,416090.205256994,interactive_short,True,32
canvas_aware,197,397126.29741134576,401023.46779613785,425311.5354399363,28185.238028590567,3897.170384792087,417126.29741134576,interactive_short,True,32
canvas_aware,198,397487.0516630854,401218.9680062415,432196.5832965955,34709.53163351008,3731.9163431560737,497487.0516630854,interactive_long,False,256
canvas_aware,199,398746.9838833903,401070.4693517348,432003.18238957826,33256.19850618794,2323.485468344472,448746.9838833903,interactive_medium,False,64
canvas_aware,200,399020.0620997148,401133.4355759455,432084.80430119496,33064.74220148014,2113.373476230656,449020.0620997148,interactive_medium,False,128
canvas_aware,201,400967.14431063854,401133.4355759455,432084.80430119496,31117.65999055642,166.2912653069361,450967.14431063854,interactive_medium,False,128
canvas_aware,202,401021.8177473623,401070.4693517348,432003.18238957826,30981.36464221595,48.651604372484144,451021.8177473623,interactive_medium,False,64
canvas_aware,203,402023.63518691156,402095.1153669381,432508.7379175391,30485.10273062752,71.4801800265559,422023.63518691156,interactive_short,True,32
canvas_aware,204,403685.6601542116,403796.5898343324,433852.65795193444,30166.99779772281,110.929680120782,423685.6601542116,interactive_short,True,32
canvas_aware,205,403740.6123148993,403796.5898343324,433852.65795193444,30112.04563703516,55.97751943313051,423740.6123148993,interactive_short,True,32
canvas_aware,206,405799.249268688,406000.9839724115,434281.2791796982,28482.029911010177,201.73470372345764,425799.249268688,interactive_short,True,32
canvas_aware,207,406090.9187785812,406245.6242028032,434312.5745162949,28221.655737713678,154.70542422198923,426090.9187785812,interactive_short,True,32
canvas_aware,208,407329.59150444844,407485.7752785391,436902.4258232158,29572.83431876736,156.18377409066306,427329.59150444844,interactive_short,True,32
canvas_aware,209,407432.77741140727,425486.63343856327,456870.04443682183,49437.26702541456,18053.856027155998,507432.77741140727,interactive_long,False,256
canvas_aware,210,408385.96033972333,425311.5354399363,456613.6773055939,48227.71696587058,16925.575100213,428385.96033972333,interactive_short,True,32
canvas_aware,211,408861.612680962,425342.0453027359,457719.60950652434,48857.996825562324,16480.432621773856,458861.612680962,interactive_medium,False,64
canvas_aware,212,409653.17439997237,425311.5354399363,457656.64328231366,48003.46888234129,15658.361039963958,429653.17439997237,interactive_short,True,32
canvas_aware,213,412517.6810202103,425311.5354399363,457656.64328231366,45138.962262103334,12793.854419726005,432517.6810202103,interactive_short,True,32
canvas_aware,214,413470.93594697193,432660.4169152532,463803.1164522875,50332.18050531554,19189.480968281277,463470.93594697193,interactive_medium,True,128
canvas_aware,215,416259.6682363913,432716.21430863265,463875.5281348839,47615.85989849258,16456.546072241326,516259.6682363913,interactive_long,False,256
canvas_aware,216,419826.34967140463,432581.1496001355,463654.6177977808,43828.26812637615,12754.799928730878,439826.34967140463,interactive_short,True,32
canvas_aware,217,420407.7804260369,432618.4394324461,463717.58402199147,43309.80359595455,12210.659006409172,470407.7804260369,interactive_medium,False,64
canvas_aware,218,420578.6919272703,432581.1496001355,463654.6177977808,43075.92587051046,12002.457672865188,440578.6919272703,interactive_short,True,32
canvas_aware,219,420617.8391398993,432581.1496001355,463654.6177977808,43036.778657881485,11963.310460236215,440617.8391398993,interactive_short,True,32
canvas_aware,220,422168.3724339736,437247.9602888039,466795.2641093916,44626.89167541801,15079.587854830315,472168.3724339736,interactive_medium,False,128
canvas_aware,221,440752.0918054324,441064.5577070218,467571.28580658307,26819.194001150667,312.46590158942854,460752.0918054324,interactive_short,True,32
canvas_aware,222,441613.5356220168,441841.8825563606,467754.3920497406,26140.856427723775,228.3469343438046,461613.5356220168,interactive_short,True,32
canvas_aware,223,443714.0034305528,446859.8595086601,470200.4144074526,26486.410976899846,3145.8560781073174,493714.0034305528,interactive_medium,False,64
canvas_aware,224,446753.4999690595,446829.34964586055,470158.4369246455,23404.936955586018,75.84967680106638,466753.4999690595,interactive_short,True,32
canvas_aware,225,448863.1960369516,456870.04443682183,474885.83025179006,26022.634214838443,8006.848399870214,468863.1960369516,interactive_short,True,32
canvas_aware,226,451669.94039025676,456870.04443682183,474885.83025179006,23215.889861533302,5200.104046565073,471669.94039025676,interactive_short,True,32
canvas_aware,227,457645.9342362347,458127.28391860134,475603.1312770829,17957.1970408482,481.3496823666501,507645.9342362347,interactive_medium,False,64
canvas_aware,228,458090.6236830654,458096.7740558018,476159.822283759,18069.198600693606,6.150372736388817,478090.6236830654,interactive_short,False,32
canvas_aware,229,458131.8047936588,458437.7598240354,477696.19185170985,19564.38705805107,305.95503037661547,508131.8047936588,interactive_medium,False,128
canvas_aware,230,458462.45604231907,463875.5281348839,479230.79655626835,20768.340513949282,5413.072092564835,478462.45604231907,interactive_short,True,32
canvas_aware,231,458732.3115762346,463875.5281348839,479230.79655626835,20498.48498003377,5143.216558649321,478732.3115762346,interactive_short,True,32
canvas_aware,232,460946.3597819217,463875.5281348839,479230.79655626835,18284.43677434663,2929.1683529621805,480946.3597819217,interactive_short,False,32
canvas_aware,233,462606.4463256239,463875.5281348839,479230.79655626835,16624.350230644457,1269.0818092600093,482606.4463256239,interactive_short,False,32
canvas_aware,234,463098.1567163349,463875.5281348839,479230.79655626835,16132.639839933428,777.3714185489807,483098.1567163349,interactive_short,False,32
canvas_aware,235,465502.5386434709,465645.30962896236,479902.1861145126,14399.64747104171,142.7709854914574,485502.5386434709,interactive_short,False,32
canvas_aware,236,468415.09779329854,470290.11164838716,481287.4430471477,12872.34525384917,1875.0138550886186,518415.09779329854,interactive_medium,False,64
canvas_aware,237,468782.43666693376,470256.21180083207,481287.4430471477,12505.006380213948,1473.775133898307,488782.43666693376,interactive_short,False,32
canvas_aware,238,470651.5879088133,470782.9106957987,483133.8679063511,12482.279997537786,131.32278698537266,490651.5879088133,interactive_short,False,32
canvas_aware,239,473407.65031493455,473484.20486574154,483759.77463828446,10352.124323349912,76.55455080699176,493407.65031493455,interactive_short,False,32
canvas_aware,240,473650.9302034876,473761.1142522468,485668.7901706812,12017.859967193624,110.18404875922715,493650.9302034876,interactive_short,False,32
canvas_aware,241,477072.7773636534,477195.8878240084,486920.6036345479,9847.826270894497,123.11046035500476,497072.7773636534,interactive_short,False,32
canvas_aware,242,483761.6992826147,485668.7901706812,493335.53590674844,9573.83662413375,1907.0908880665083,503761.6992826147,interactive_short,False,32
canvas_aware,243,483990.498999464,486920.6036345479,496756.8331185887,12766.334119124745,2930.1046350839315,533990.498999464,interactive_medium,False,128
canvas_aware,244,484042.5267418703,486920.6036345479,496756.8331185887,12714.30637671845,2878.0768926776364,504042.5267418703,interactive_short,False,32
canvas_aware,245,484790.3353382794,493335.53590674844,500114.7815764889,15324.446238209552,8545.200568469067,534790.3353382794,interactive_medium,False,64
canvas_aware,246,487052.69278963906,496756.8331185887,501366.59504035563,14313.90225071658,9704.140328949667,507052.69278963906,interactive_short,False,32
canvas_aware,247,493401.1114832305,499443.39201824466,505034.94093873614,11633.82945550565,6042.280535014172,513401.1114832305,interactive_short,False,32
canvas_aware,248,494411.64184506255,499443.39201824466,506286.75440260285,11875.112557540298,5031.75017318211,514411.64184506255,interactive_short,False,32
canvas_aware,249,496922.27723848145,499443.39201824466,506537.1170953762,9614.839856894745,2521.1147797632148,516922.27723848145,interactive_short,False,32
canvas_aware,250,497080.35602946056,499443.39201824466,508216.21640766115,11135.860378200596,2363.035988784104,517080.35602946056,interactive_short,False,32
canvas_aware,251,499426.68989969784,499443.39201824466,508552.03627011814,9125.346370420302,16.702118546818383,549426.6898996979,interactive_medium,False,64
canvas_aware,252,501400.34374918457,501616.957733129,510148.0984365482,8747.754687363631,216.61398394440766,521400.34374918457,interactive_short,False,32
canvas_aware,253,501615.2943729255,501616.957733129,510377.05463174806,8761.760258822585,1.6633602034999058,521615.2943729255,interactive_short,False,32
canvas_aware,254,504576.33641678223,510405.67415614804,530276.4352511931,25700.098834410892,5829.337739365816,604576.3364167822,interactive_long,False,256
canvas_aware,255,508374.4900678,510405.67415614804,530276.4352511931,21901.945183393138,2031.1840883480618,608374.4900678,interactive_long,False,256
canvas_aware,256,510209.1306652767,510377.05463174806,530045.8926382024,19836.761972925684,167.92396647133864,530209.1306652767,interactive_short,False,32
canvas_aware,257,510467.1967220508,510517.4531515486,530307.7305877898,19840.53386573901,50.25642949779285,530467.1967220508,interactive_short,False,32
canvas_aware,258,518718.1678001482,518815.7644073859,541516.4249032078,22798.257103059615,97.59660723770503,538718.1678001483,interactive_short,True,32
canvas_aware,259,521770.52560869,524795.2910178953,548752.8260166479,26982.300407957868,3024.7654092053417,571770.52560869,interactive_medium,False,128
canvas_aware,260,522623.5060952592,524753.3135350882,548697.0286232684,26073.52252800914,2129.80743982899,572623.5060952592,interactive_medium,False,64
canvas_aware,261,523742.0608319924,524753.3135350882,548697.0286232684,24954.967791275936,1011.2527030957863,573742.0608319924,interactive_medium,False,64
canvas_aware,262,524667.9448782488,524690.6447942923,548613.0736576541,23945.128779405262,22.699916043435223,544667.9448782488,interactive_short,True,32
canvas_aware,263,526078.2256618903,526323.9804685907,549150.4854502635,23072.259788373136,245.75480670039542,546078.2256618903,interactive_short,True,32
canvas_aware,264,526912.9908668387,527265.9857873318,549318.395381492,22405.40451465326,352.99492049310356,576912.9908668387,interactive_medium,False,64
canvas_aware,265,530701.5805189821,530852.0276629481,549864.1026579846,19162.522139002453,150.44714396598283,580701.5805189821,interactive_medium,False,64
canvas_aware,266,534157.2456176562,534166.5965699836,550465.1126703842,16307.867052728077,9.350952327484265,554157.2456176562,interactive_short,False,32
canvas_aware,267,534380.3132819388,550496.4080069809,565860.0653531038,31479.752071165014,16116.094725042116,634380.3132819388,interactive_long,False,256
canvas_aware,268,540857.8361210944,550465.1126703842,565658.1754935841,24800.339372489718,9607.276549289818,560857.8361210944,interactive_short,True,32
canvas_aware,269,542876.7606051796,550465.1126703842,565658.1754935841,22781.414888404543,7588.352065204643,562876.7606051796,interactive_short,True,32
canvas_aware,270,546405.5237133533,560203.8685665362,577799.583322111,31394.05960875773,13798.344853182905,596405.5237133533,interactive_medium,False,64
canvas_aware,271,548862.7969466735,560109.8654553423,577757.6058393039,28894.80889263039,11247.068508668803,568862.7969466735,interactive_short,True,32
canvas_aware,272,550006.3811932743,560109.8654553423,578435.8016154557,28429.42042218137,10103.484262068057,570006.3811932743,interactive_short,True,32
canvas_aware,273,552653.3606579853,560277.54935008,578491.5990088352,25838.23835084983,7624.188692094642,602653.3606579853,interactive_medium,False,128
canvas_aware,274,559385.4303205531,560109.8654553423,578435.8016154557,19050.37129490252,724.435134789208,579385.4303205531,interactive_short,False,32
canvas_aware,275,560015.0775665006,560109.8654553423,578435.8016154557,18420.724048955017,94.78788884170353,580015.0775665006,interactive_short,False,32
canvas_aware,276,563317.6736536679,563364.6881331914,579250.1820162016,15932.508362533641,47.01447952352464,583317.6736536679,interactive_short,False,32
canvas_aware,277,564862.8030823345,564944.0264028491,579729.7459863757,14866.942904041265,81.22332051466219,584862.8030823345,interactive_short,False,32
canvas_aware,278,566184.1533976971,566195.8852155608,579973.8876439191,13789.734246221953,11.731817863648757,586184.1533976971,interactive_short,False,32
canvas_aware,279,567328.0471315094,567421.5497772553,580309.7075063761,12981.660374866682,93.50264574587345,587328.0471315094,interactive_short,False,32
canvas_aware,280,569954.3298416642,570110.8365897423,581359.1445765542,11404.81473489001,156.50674807815813,619954.3298416642,interactive_medium,False,64
canvas_aware,281,570579.3603688445,570583.2957286208,581734.6886157142,11155.328246869729,3.935359776369296,590579.3603688445,interactive_short,False,32
canvas_aware,282,574396.5739147417,574431.837898206,583455.9321285309,9059.358213789179,35.263983464217745,594396.5739147417,interactive_short,False,32
canvas_aware,283,577949.1063649838,578491.5990088352,584676.450255801,6727.343890817137,542.4926438513212,597949.1063649838,interactive_short,False,32
canvas_aware,284,578130.4068491043,579250.1820162016,593191.4962669275,15061.089417823125,1119.7751670972211,598130.4068491043,interactive_short,False,32
canvas_aware,285,582398.3067883528,584676.450255801,601016.446244843,18618.13945649017,2278.143467448186,632398.3067883528,interactive_medium,False,128
canvas_aware,286,582957.3733546018,584676.450255801,600960.6488514635,18003.275496861665,1719.0769011991797,632957.3733546018,interactive_medium,False,64
canvas_aware,287,584207.2608711326,587156.8907343869,603002.0221200073,18794.76124887471,2949.6298632542603,604207.2608711326,interactive_short,False,32
canvas_aware,288,586092.1797219864,587156.8907343869,603002.0221200073,16909.842398020905,1064.711012400454,606092.1797219864,interactive_short,False,32
canvas_aware,289,587044.9936691284,587156.8907343869,603002.0221200073,15957.02845087892,111.8970652584685,607044.9936691284,interactive_short,False,32
canvas_aware,290,587103.2334616845,587156.8907343869,603002.0221200073,15898.788658322766,53.65727270231582,607103.2334616845,interactive_short,False,32
canvas_aware,291,590910.2184382996,591173.7722562825,604482.691513337,13572.473075037356,263.5538179829018,640910.2184382996,interactive_medium,False,64
canvas_aware,292,591311.612814089,591447.6579346507,604622.2010319331,13310.588217844022,136.04512056161184,611311.612814089,interactive_short,False,32
canvas_aware,293,591788.431403746,591831.2139094117,604744.2718607048,12955.840456958744,42.78250566567294,611788.431403746,interactive_short,False,32
canvas_aware,294,594985.7474219035,595109.2761407326,606941.8425563688,11956.095134465257,123.52871882903855,644985.7474219035,interactive_medium,False,64
canvas_aware,295,595817.805370963,595866.339944675,607067.0239027555,11249.218531792518,48.534573712036945,615817.805370963,interactive_short,False,32
canvas_aware,296,600063.67256221,600141.1452710378,608005.8840006555,7942.211438445491,77.47270882781595,620063.67256221,interactive_short,False,32
canvas_aware,297,602479.5254504309,602536.5881835677,609007.3347717489,6527.809321317938,57.06273313681595,622479.5254504309,interactive_short,False,32
canvas_aware,298,603126.1952832483,603166.0704315861,610686.4340840338,7560.238800785504,39.875148337800056,623126.1952832483,interactive_short,False,32
canvas_aware,299,603146.6012599512,604482.691513337,614370.4732612206,11223.872001269367,1336.0902533857152,653146.6012599512,interactive_medium,False,64
