policy,request_id,arrival_ms,first_start_ms,completion_ms,latency_ms,first_wait_ms,deadline_ms,service_class,slo_miss,canvas
arrival_dense,0,0.0,0.0,5592.962693853934,5592.962693853934,0.0,20000.0,interactive_short,False,32
arrival_dense,1,1171.331658964187,1173.4005003992934,9526.833230286979,8355.501571322791,2.0688414351063784,21171.331658964187,interactive_short,False,32
arrival_dense,2,1565.7096795727393,1580.2398761559743,11077.968202862776,9512.258523290036,14.53019658323501,21565.70967957274,interactive_short,False,32
arrival_dense,3,2465.3888732375417,2473.2694324979093,13367.021754625119,10901.632881387577,7.8805592603675905,22465.38887323754,interactive_short,False,32
arrival_dense,4,2902.135697588422,2911.950618069386,14210.357273695456,11308.221576107033,9.814920480964247,52902.13569758842,interactive_medium,False,64
arrival_dense,5,2982.2751151728585,3016.894325087196,14330.83377641979,11348.55866124693,34.619209914337716,22982.27511517286,interactive_short,False,32
arrival_dense,6,3050.4402075585945,3142.8267735085683,14451.310279144123,11400.870071585528,92.38656594997383,53050.4402075586,interactive_medium,False,64
arrival_dense,7,3234.7115731194913,3264.8976022802235,14684.73350317252,11450.021930053028,30.186029160732232,23234.71157311949,interactive_short,False,32
arrival_dense,8,4380.9373226986045,4380.973751049643,16567.178858240233,12186.241535541629,0.03642835103892139,24380.937322698606,interactive_short,False,32
arrival_dense,9,5176.054822046136,5244.18889736349,20639.38470001352,15463.329877967386,68.13407531735356,25176.054822046135,interactive_short,False,32
arrival_dense,10,6161.626789000866,6220.755527536731,25081.791072857108,18920.16428385624,59.12873853586552,26161.626789000868,interactive_short,False,32
arrival_dense,11,7307.571222693039,7354.270366130676,29894.397976770993,22586.826754077956,46.69914343763685,27307.57122269304,interactive_short,True,32
arrival_dense,12,7425.480833787537,7450.183160165548,30264.598507841292,22839.117674053756,24.702326378010184,27425.480833787537,interactive_short,True,32
arrival_dense,13,7569.008461074401,7659.447438059814,31004.99956998189,23435.99110890749,90.43897698541332,27569.0084610744,interactive_short,True,32
arrival_dense,14,7623.243144680727,7659.447438059814,31004.99956998189,23381.756425301162,36.204293379087176,27623.243144680728,interactive_short,True,32
arrival_dense,15,8380.57126688595,8397.366017246353,33596.40328747399,25215.832020588045,16.79475036040276,28380.57126688595,interactive_short,True,32
arrival_dense,16,9458.234757895287,9526.833230286979,37298.40859817702,27840.173840281732,68.59847239169176,29458.234757895287,interactive_short,True,32
arrival_dense,17,9718.990506869739,9752.726672895104,38038.809660317624,28319.819153447883,33.73616602536458,29718.99050686974,interactive_short,True,32
arrival_dense,18,10203.653686584274,11077.968202862776,42111.01550209095,31907.36181550668,874.3145162785022,60203.65368658427,interactive_medium,False,64
arrival_dense,19,10287.598785380122,13367.021754625119,49144.8255924267,38857.22680704658,3079.422969244997,30287.59878538012,interactive_short,True,32
arrival_dense,20,11616.379637436165,14210.357273695456,51736.22930991882,40119.849672482655,2593.977636259291,61616.37963743616,interactive_medium,False,64
arrival_dense,21,12616.161631916308,14330.83377641979,52106.42984098912,39490.26820907281,1714.6721445034818,32616.161631916308,interactive_short,True,32
arrival_dense,22,14485.323239382093,14564.257000448186,52846.830903129725,38361.50766374763,78.93376106609321,34485.323239382094,interactive_short,True,32
arrival_dense,23,15317.723820262268,15362.413830996895,55438.23462062184,40120.510800359574,44.69001073462641,35317.72382026227,interactive_short,True,32
arrival_dense,24,16383.791537594923,16567.178858240233,59140.23993132487,42756.448393729945,183.38732064530996,66383.79153759492,interactive_medium,False,128
arrival_dense,25,16396.340895587342,20639.38470001352,63212.445773098196,46816.10487751085,4243.043804426179,36396.340895587346,interactive_short,True,32
arrival_dense,26,17063.31420335273,25081.791072857108,67654.85214594178,50591.53794258906,8018.476869504379,37063.314203352726,interactive_short,True,32
arrival_dense,27,17265.18659866415,29894.397976770993,72467.45904985562,55202.27245119147,12629.211378106844,37265.18659866415,interactive_short,True,32
arrival_dense,28,18600.678603606862,30264.598507841292,72837.65958092592,54236.98097731905,11663.91990423443,68600.67860360687,interactive_medium,True,64
arrival_dense,29,19411.01686580571,31004.99956998189,73578.0606430665,54167.0437772608,11593.982704176182,39411.01686580571,interactive_short,True,32
arrival_dense,30,20408.802516297103,31004.99956998189,73578.0606430665,53169.258126769404,10596.197053684788,70408.8025162971,interactive_medium,True,64
arrival_dense,31,21241.14390401677,33596.40328747399,76169.46436055857,54928.3204565418,12355.259383457222,71241.14390401678,interactive_medium,True,64
arrival_dense,32,21396.316179153477,37298.40859817702,79871.46967126153,58475.153492108046,15902.092419023542,41396.31617915348,interactive_short,True,32
arrival_dense,33,22170.4276389915,38038.809660317624,80611.87073340212,58441.44309441061,15868.382021326124,72170.4276389915,interactive_medium,True,128
arrival_dense,34,22227.625817309778,42111.01550209095,81937.11226336971,59709.486446059935,19883.389684781174,42227.625817309774,interactive_short,True,32
arrival_dense,35,23256.140245383693,49144.8255924267,84226.16581513191,60970.02556974822,25888.685347043007,43256.14024538369,interactive_short,True,32
arrival_dense,36,24234.197644985197,51736.22930991882,85069.5013342022,60835.303689217006,27502.03166493362,74234.1976449852,interactive_medium,True,64
arrival_dense,37,24359.990838893827,52106.42984098912,85189.97783692653,60829.9869980327,27746.439002095292,44359.99083889383,interactive_short,True,32
arrival_dense,38,25207.997182895815,52846.830903129725,85930.37889906712,60722.3817161713,27638.83372023391,75207.99718289581,interactive_medium,True,64
arrival_dense,39,25516.371104321515,55438.23462062184,88521.78261655918,63005.41151223767,29921.863516300327,45516.371104321515,interactive_short,True,32
arrival_dense,40,25698.430154521036,59140.23993132487,92223.78792726214,66525.3577727411,33441.80977680383,75698.43015452103,interactive_medium,True,64
arrival_dense,41,26491.646196213445,63212.445773098196,96295.99376903538,69804.34757282193,36720.79957688475,46491.64619621345,interactive_short,True,32
arrival_dense,42,26620.769639286056,67654.85214594178,100738.40014187893,74117.63050259287,41034.08250665573,46620.76963928605,interactive_short,True,32
arrival_dense,43,26632.7441066642,72467.45904985562,105551.00704579276,78918.26293912856,45834.71494319142,46632.7441066642,interactive_short,True,32
arrival_dense,44,26740.040332569013,72837.65958092592,105921.20757686306,79181.16724429405,46097.6192483569,46740.04033256901,interactive_short,True,32
arrival_dense,45,26938.983743960976,73578.0606430665,107489.70552884374,80550.72178488277,46639.07689910553,46938.98374396098,interactive_short,True,32
arrival_dense,46,27937.833208212847,73578.0606430665,107489.70552884374,79551.8723206309,45640.22743485366,47937.83320821285,interactive_short,True,32
arrival_dense,47,29641.779642182315,76169.46436055857,112979.44836077612,83337.6687185938,46527.68471837626,49641.779642182315,interactive_short,True,32
arrival_dense,48,29805.424400657474,79871.46967126153,120821.93812067952,91016.51372002205,50066.04527060405,49805.42440065747,interactive_short,True,32
arrival_dense,49,30318.31224161087,80611.87073340212,122390.4360726602,92072.12383104934,50293.55849179125,50318.31224161087,interactive_short,True,32
arrival_dense,50,30573.45711226591,81937.11226336971,131017.17480855394,100443.71769628803,51363.6551511038,50573.45711226591,interactive_short,True,32
arrival_dense,51,32559.069997750434,84226.16581513191,145917.9053523704,113358.83535461998,51667.09581738148,52559.069997750434,interactive_short,True,32
arrival_dense,52,32943.237885531045,85069.5013342022,151407.6481843028,118464.41029877175,52126.263448671154,52943.237885531045,interactive_short,True,32
arrival_dense,53,34343.62615416367,85189.97783692653,152191.89716029313,117848.27100612945,50846.351682762855,84343.62615416368,interactive_medium,True,128
arrival_dense,54,34404.90308858237,85930.37889906712,153760.3951122738,119355.49202369145,51525.47581048475,54404.90308858237,interactive_short,True,32
arrival_dense,55,36164.90386883638,88521.78261655918,159250.1379442062,123085.23407536981,52356.8787477228,56164.90386883638,interactive_short,True,32
arrival_dense,56,36263.2568171127,92223.78792726214,167092.6277041096,130829.37088699688,55960.53111014944,56263.2568171127,interactive_short,True,32
arrival_dense,57,37905.42174307683,96295.99376903538,175719.36644000333,137813.9446969265,58390.57202595855,87905.42174307683,interactive_medium,True,64
arrival_dense,58,38059.6814870708,100738.40014187893,185130.3541518874,147070.6726648166,62678.71865480813,58059.6814870708,interactive_short,True,32
arrival_dense,59,38117.05175425955,105551.00704579276,195325.59083976183,157208.53908550227,67433.95529153322,58117.05175425955,interactive_short,True,32
arrival_dense,60,38402.130622771125,105921.20757686306,196109.83981575217,157707.70919298104,67519.07695409193,138402.13062277113,interactive_long,True,256
arrival_dense,61,39054.110184089855,107489.70552884374,196850.24087789276,157796.1306938029,68435.59534475388,59054.110184089855,interactive_short,True,32
arrival_dense,62,39242.3138712813,107489.70552884374,196850.24087789276,157607.92700661145,68247.39165756243,59242.3138712813,interactive_short,True,32
arrival_dense,63,39708.28116866232,112979.44836077612,199441.64459538483,159733.36342672253,73271.1671921138,59708.28116866232,interactive_short,True,32
arrival_dense,64,40066.41032699541,120821.93812067952,203143.64990608778,163077.23957909236,80755.52779368412,90066.4103269954,interactive_medium,True,64
arrival_dense,65,40309.6357467324,122390.4360726602,203884.05096822837,163574.41522149596,82080.8003259278,90309.6357467324,interactive_medium,True,64
arrival_dense,66,40739.3405874416,131017.17480855394,207956.25681000162,167216.91622256002,90277.83422111234,60739.3405874416,interactive_short,True,32
arrival_dense,67,40886.3399149278,145917.9053523704,214990.06690033723,174103.72698540945,105031.56543744261,60886.3399149278,interactive_short,True,32
arrival_dense,68,41503.18712875418,151407.6481843028,217581.4706178293,176078.2834890751,109904.4610555486,61503.18712875418,interactive_short,True,32
arrival_dense,69,41504.033483776315,152191.89716029313,217951.6711488996,176447.63766512327,110687.8636765168,61504.033483776315,interactive_short,True,32
arrival_dense,70,42803.01628166911,153760.3951122738,218692.07221104018,175889.05592937107,110957.37883060469,62803.01628166911,interactive_short,True,32
arrival_dense,71,43189.600889409885,159250.1379442062,224181.81504297256,180992.21415356267,116060.5370547963,93189.60088940989,interactive_medium,True,128
arrival_dense,72,43825.06690327878,167092.6277041096,232024.30480287597,188199.23789959718,123267.5608008308,93825.06690327878,interactive_medium,True,64
arrival_dense,73,44502.36801129497,175719.36644000333,240651.0435387697,196148.67552747473,131216.99842870835,64502.36801129497,interactive_short,True,32
arrival_dense,74,45057.65251098892,185130.3541518874,250062.0312506538,205004.37873966485,140072.70164089848,65057.65251098892,interactive_short,True,32
arrival_dense,75,45284.1050121679,195325.59083976183,260257.2679385282,214973.16292636032,150041.48582759395,65284.1050121679,interactive_short,True,32
arrival_dense,76,45320.37627874394,196109.83981575217,261041.51691451855,215721.14063577462,150789.46353700824,95320.37627874393,interactive_medium,True,128
arrival_dense,77,45866.05216119919,196850.24087789276,262610.01486649923,216743.96270530004,150984.18871669358,65866.05216119919,interactive_short,True,32
arrival_dense,78,46066.4402474157,196850.24087789276,262610.01486649923,216543.57461908352,150783.80063047705,66066.44024741571,interactive_short,True,32
arrival_dense,79,46254.81759363009,199441.64459538483,268099.7576984316,221844.94010480153,153186.82700175475,66254.81759363008,interactive_short,True,32
arrival_dense,80,47196.80523675841,203143.64990608778,275942.247458335,228745.4422215766,155946.84466932938,67196.8052367584,interactive_short,True,32
arrival_dense,81,47832.84945106527,203884.05096822837,277510.7454103157,229677.89595925043,156051.2015171631,67832.84945106527,interactive_short,True,32
arrival_dense,82,48011.41716761854,207956.25681000162,286137.48414620943,238126.06697859088,159944.83964238307,68011.41716761855,interactive_short,True,32
arrival_dense,83,48196.43091610786,214990.06690033723,301038.2146900259,252841.78377391802,166793.63598422936,98196.43091610787,interactive_medium,True,64
arrival_dense,84,48458.88719682506,217581.4706178293,306527.9575219583,258069.07032513322,169122.58342100424,68458.88719682506,interactive_short,True,32
arrival_dense,85,48716.304343250406,217951.6711488996,307312.2064979486,258595.9021546982,169235.3668056492,68716.3043432504,interactive_short,True,32
arrival_dense,86,48891.547980041694,218692.07221104018,308880.7044499293,259989.1564698876,169800.52423099848,148891.5479800417,interactive_long,True,256
arrival_dense,87,48959.622702156186,224181.81504297256,314370.4472818617,265410.8245797055,175222.19234081637,68959.6227021562,interactive_short,True,32
arrival_dense,88,49232.371208495235,232024.30480287597,322212.9370417651,272980.56583326985,182791.93359438074,69232.37120849523,interactive_short,True,32
arrival_dense,89,50642.116378047685,240651.0435387697,330839.6757776588,280197.55939961114,190008.92716072203,70642.11637804768,interactive_short,True,32
arrival_dense,90,51207.66027366786,250062.0312506538,340250.6634895429,289043.003215875,198854.37097698593,71207.66027366786,interactive_short,True,32
arrival_dense,91,52373.181085670556,260257.2679385282,350445.9001774173,298072.7190917468,207884.08685285767,72373.18108567056,interactive_short,True,32
arrival_dense,92,52851.106227620774,261041.51691451855,351230.14915340766,298379.04292578687,208190.41068689778,102851.10622762077,interactive_medium,True,64
arrival_dense,93,53030.12264217715,262610.01486649923,352798.64710538834,299768.5244632112,209579.89222432207,73030.12264217716,interactive_short,True,32
arrival_dense,94,53427.089742079675,262610.01486649923,352798.64710538834,299371.5573633087,209182.92512441956,73427.08974207967,interactive_short,True,32
arrival_dense,95,53427.29275313623,268099.7576984316,358288.3899373207,304861.0971841845,214672.4649452954,73427.29275313622,interactive_short,True,32
arrival_dense,96,53596.36917897643,275942.247458335,366130.8796972241,312534.5105182477,222345.87827935859,153596.36917897643,interactive_long,True,256
arrival_dense,97,53877.3305336343,277510.7454103157,366871.2807593647,312993.9502257304,223633.4148766814,73877.33053363429,interactive_short,True,32
arrival_dense,98,54311.06270019071,286137.48414620943,370943.48660113796,316632.42390094727,231826.42144601874,104311.06270019071,interactive_medium,True,128
arrival_dense,99,54842.74168076337,301038.2146900259,377977.2966914736,323134.5550107102,246195.47300926253,104842.74168076337,interactive_medium,True,64
arrival_dense,100,55155.47490977593,306527.9575219583,380568.70040896564,325413.2254991897,251372.48261218236,75155.47490977592,interactive_short,True,32
arrival_dense,101,55447.31627792467,307312.2064979486,380938.90094003594,325491.58466211124,251864.89022002395,105447.31627792466,interactive_medium,True,64
arrival_dense,102,55567.52560879221,308880.7044499293,381679.3020021765,326111.7763933843,253313.1788411371,75567.5256087922,interactive_short,True,32
arrival_dense,103,55887.9796521969,314370.4472818617,384270.7057196686,328382.72606747167,258482.46762966478,75887.9796521969,interactive_short,True,32
arrival_dense,104,57045.21146344357,322212.9370417651,387972.71103037155,330927.49956692796,265167.7255783215,77045.21146344357,interactive_short,True,32
arrival_dense,105,57840.08979628094,330839.6757776588,392044.9168721448,334204.82707586384,272999.58598137787,77840.08979628094,interactive_short,True,32
arrival_dense,106,57933.06871402434,340250.6634895429,396487.32324498834,338554.254530964,282317.5947755186,77933.06871402434,interactive_short,True,32
arrival_dense,107,57977.372604793556,350445.9001774173,401299.9301489022,343322.5575441086,292468.52757262375,77977.37260479355,interactive_short,True,32
arrival_dense,108,58339.64200570052,351230.14915340766,401670.13067997247,343330.48867427197,292890.50714770716,78339.64200570053,interactive_short,True,32
arrival_dense,109,58840.75814968067,352798.64710538834,402410.53174211306,343569.7735924324,293957.88895570766,108840.75814968067,interactive_medium,True,128
arrival_dense,110,59044.8838343036,352798.64710538834,402410.53174211306,343365.64790780947,293753.76327108475,109044.88383430359,interactive_medium,True,64
arrival_dense,111,59897.922849887065,358288.3899373207,405001.9354596051,345104.0126097181,298390.4670874337,79897.92284988707,interactive_short,True,32
arrival_dense,112,60593.35150273642,366130.8796972241,408703.9407703081,348110.5892675717,305537.5281944877,80593.35150273642,interactive_short,True,32
arrival_dense,113,61151.936724010215,366871.2807593647,409444.34183244867,348292.40510843846,305719.3440353545,81151.93672401021,interactive_short,True,32
arrival_dense,114,61279.15107416356,370943.48660113796,413516.5476742219,352237.39660005836,309664.3355269744,111279.15107416356,interactive_medium,True,128
arrival_dense,115,61390.17935327033,377977.2966914736,420550.3577645575,359160.1784112872,316587.11733820324,111390.17935327033,interactive_medium,True,64
arrival_dense,116,61402.54367109993,380568.70040896564,423141.7614820496,361739.21781094966,319166.1567378657,81402.54367109993,interactive_short,True,32
arrival_dense,117,61542.95817139354,380938.90094003594,423511.9620131199,361969.00384172634,319395.9427686424,81542.95817139355,interactive_short,True,32
arrival_dense,118,61865.26654809012,381679.3020021765,424252.3630752605,362387.0965271704,319814.0354540864,81865.26654809012,interactive_short,True,32
arrival_dense,119,62812.9529528822,384270.7057196686,426843.76679275255,364030.81383987033,321457.7527667864,82812.9529528822,interactive_short,True,32
arrival_dense,120,62850.76116940531,387972.71103037155,430545.7721034555,367695.0109340502,325121.94986096624,112850.7611694053,interactive_medium,True,64
arrival_dense,121,63118.35534501975,392044.9168721448,434617.97794522875,371499.62260020897,328926.5615271251,83118.35534501975,interactive_short,True,32
arrival_dense,122,63615.16452911471,396487.32324498834,439060.3843180723,375445.21978895756,332872.1587158736,113615.1645291147,interactive_medium,True,64
arrival_dense,123,63723.27036825511,401299.9301489022,443872.9912219861,380149.72085373104,337576.6597806471,83723.27036825511,interactive_short,True,32
arrival_dense,124,64319.217145619754,401670.13067997247,444243.1917530564,379923.9746074367,337350.91353435273,84319.21714561975,interactive_short,True,32
arrival_dense,125,64660.19928608958,402410.53174211306,444983.592815197,380323.39352910744,337750.3324560235,84660.19928608957,interactive_short,True,32
arrival_dense,126,64800.04594631269,402410.53174211306,444983.592815197,380183.54686888435,337610.48579580034,84800.04594631269,interactive_short,True,32
arrival_dense,127,65333.687082703895,405001.9354596051,447574.9965326891,382241.30944998516,339668.24837690126,115333.6870827039,interactive_medium,True,128
arrival_dense,128,65336.46720655622,408703.9407703081,451277.00184339203,385940.5346368358,343367.47356375185,115336.46720655622,interactive_medium,True,64
arrival_dense,129,66031.5470708113,409444.34183244867,452017.4029055326,385985.85583472135,343412.79476163734,116031.5470708113,interactive_medium,True,64
arrival_dense,130,66766.48547586781,413516.5476742219,456089.6087473059,389323.12327143806,346750.0621983541,86766.48547586781,interactive_short,True,32
arrival_dense,131,66822.83880134864,420550.3577645575,463123.4188376415,396300.58003629284,353727.5189632089,86822.83880134864,interactive_short,True,32
arrival_dense,132,67099.65856177217,423141.7614820496,465714.82255513355,398615.1639933614,356042.1029202774,117099.65856177217,interactive_medium,True,64
arrival_dense,133,67196.38217993575,423511.9620131199,466085.02308620384,398888.6409062681,356315.57983318414,117196.38217993575,interactive_medium,True,128
arrival_dense,134,68781.0209150452,424252.3630752605,466325.9760916525,397544.95517660736,355471.34216021525,88781.0209150452,interactive_short,True,32
arrival_dense,135,69145.88267209117,426843.76679275255,471815.7189235849,402669.8362514937,357697.88412066136,89145.88267209117,interactive_short,True,32
arrival_dense,136,69171.64427204579,430545.7721034555,479658.2086834883,410486.5644114425,361374.1278314097,89171.64427204579,interactive_short,True,32
arrival_dense,137,69314.95111351069,434617.97794522875,488284.94741938205,418969.99630587135,365303.02683171805,119314.95111351069,interactive_medium,True,64
arrival_dense,138,70257.99612428322,439060.3843180723,497695.93513126613,427437.9390069829,368802.38819378905,120257.99612428322,interactive_medium,True,64
arrival_dense,139,70562.82379256428,443872.9912219861,507891.17181914055,437328.3480265763,373310.16742942185,90562.82379256428,interactive_short,True,32
arrival_dense,140,71371.09685488073,444243.1917530564,508675.4207951309,437304.32394025015,372872.0948981757,91371.09685488073,interactive_short,True,32
arrival_dense,141,71921.7714690968,444983.592815197,510243.9187471116,438322.1472780148,373061.8213461002,91921.7714690968,interactive_short,True,32
arrival_dense,142,74128.73462274238,444983.592815197,510243.9187471116,436115.1841243692,370854.8581924546,94128.73462274238,interactive_short,True,32
arrival_dense,143,74581.22745860655,447574.9965326891,515733.66157904395,441152.4341204374,372993.76907408255,124581.22745860655,interactive_medium,True,64
arrival_dense,144,76079.48983678088,451277.00184339203,523576.15133894735,447496.6615021665,375197.51200661116,96079.48983678088,interactive_short,True,32
arrival_dense,145,77189.65115054013,452017.4029055326,525144.649290928,447954.99814038794,374827.7517549925,97189.65115054013,interactive_short,True,32
arrival_dense,146,77663.86744977381,456089.6087473059,533771.3880268218,456107.52057704795,378425.74129753205,97663.86744977381,interactive_short,True,32
arrival_dense,147,78299.05546796502,463123.4188376415,548672.1185706382,470373.0631026732,384824.36336967646,128299.05546796502,interactive_medium,True,64
arrival_dense,148,78650.43020043183,465714.82255513355,554161.8614025706,475511.4312021388,387064.3923547017,98650.43020043183,interactive_short,True,32
arrival_dense,149,79538.08545863265,466085.02308620384,554946.110378561,475408.0249199283,386546.93762757117,99538.08545863265,interactive_short,True,32
arrival_dense,150,79934.98038071344,466325.9760916525,556514.6083305416,476579.62794982817,386390.99571093905,179934.98038071344,interactive_long,True,256
arrival_dense,151,81072.50475786056,471815.7189235849,559106.0120480341,478033.50729017355,390743.21416572435,101072.50475786056,interactive_short,True,32
arrival_dense,152,81753.1211630551,479658.2086834883,562808.0173587376,481054.8961956826,397905.08752043324,101753.1211630551,interactive_short,True,32
arrival_dense,153,82074.98970717941,488284.94741938205,566880.2232005115,484805.2334933321,406209.9577122026,102074.98970717941,interactive_short,True,32
arrival_dense,154,82224.99630070727,497695.93513126613,571322.6295733558,489097.6332726485,415470.93883055885,102224.99630070727,interactive_short,True,32
arrival_dense,155,82367.00053989809,507891.17181914055,576135.2364772704,493768.2359373723,425524.1712792425,102367.00053989809,interactive_short,True,32
arrival_dense,156,82874.58866325446,508675.4207951309,576505.4370083407,493630.84834508627,425800.83213187644,102874.58866325446,interactive_short,True,32
arrival_dense,157,83600.4077929984,510243.9187471116,577245.8380704814,493645.430277483,426643.51095411315,103600.4077929984,interactive_short,True,32
arrival_dense,158,83968.74818878995,510243.9187471116,577245.8380704814,493277.0898816915,426275.17055832164,103968.74818878995,interactive_short,True,32
arrival_dense,159,84461.49951628041,515733.66157904395,579837.2417879739,495375.7422716935,431272.1620627635,104461.49951628041,interactive_short,True,32
arrival_dense,160,84622.01378257456,523576.15133894735,583539.2470986774,498917.2333161029,438954.1375563728,104622.01378257456,interactive_short,True,32
arrival_dense,161,84662.33871189416,525144.649290928,584279.6481608181,499617.309448924,440482.31057903386,104662.33871189416,interactive_short,True,32
arrival_dense,162,84830.58453590318,533771.3880268218,588351.854002592,503521.26946668886,448940.8034909186,104830.58453590318,interactive_short,True,32
arrival_dense,163,84989.11602135918,548672.1185706382,595385.6640929288,510396.5480715696,463683.0025492791,134989.11602135916,interactive_medium,True,128
arrival_dense,164,85181.73375472365,554161.8614025706,597977.0678104212,512795.33405569755,468980.12764784694,135181.73375472365,interactive_medium,True,64
arrival_dense,165,85570.16363611515,554946.110378561,598347.2683414916,512777.10470537643,469375.9467424458,105570.16363611515,interactive_short,True,32
arrival_dense,166,85644.6306604025,556514.6083305416,599087.6694036323,513443.0387432298,470869.97767013917,105644.6306604025,interactive_short,True,32
arrival_dense,167,85776.13285687883,559106.0120480341,604577.4122355647,518801.27937868587,473329.8791911553,105776.13285687883,interactive_short,True,32
arrival_dense,168,86368.13594607066,562808.0173587376,612419.9019954681,526051.7660493974,476439.881412667,106368.13594607066,interactive_short,True,32
arrival_dense,169,86980.93703650791,566880.2232005115,621046.6407313618,534065.7036948539,479899.28616400366,106980.93703650791,interactive_short,True,32
arrival_dense,170,87014.12920202049,571322.6295733558,630457.6284432459,543443.4992412254,484308.5003713353,137014.12920202047,interactive_medium,True,128
arrival_dense,171,87275.9152682983,576135.2364772704,640652.8651311203,553376.949862822,488859.3212089721,107275.9152682983,interactive_short,True,32
arrival_dense,172,87667.02594521933,576505.4370083407,641437.1141071107,553770.0881618913,488838.4110631214,107667.02594521933,interactive_short,True,32
arrival_dense,173,87935.75983792882,577245.8380704814,643005.6120590913,555069.8522211625,489310.0782325526,137935.7598379288,interactive_medium,True,64
arrival_dense,174,88051.62145727403,577245.8380704814,643005.6120590913,554953.9906018173,489194.2166132074,138051.621457274,interactive_medium,True,64
arrival_dense,175,88324.10878252305,579837.2417879739,648495.3548910237,560171.2461085006,491513.1330054508,108324.10878252305,interactive_short,True,32
arrival_dense,176,89500.19858409047,583539.2470986774,656337.8446509271,566837.6460668367,494039.048514587,109500.19858409047,interactive_short,True,32
arrival_dense,177,89938.82905232742,584279.6481608181,657906.3426029078,567967.5135505804,494340.8191084907,109938.82905232742,interactive_short,True,32
arrival_dense,178,90533.40889432828,588351.854002592,666533.0813388015,575999.6724444733,497818.44510826375,110533.40889432828,interactive_short,True,32
arrival_dense,179,91504.92814548327,595385.6640929288,681433.811882618,589928.8837371347,503880.7359474455,111504.92814548327,interactive_short,True,32
arrival_dense,180,92230.27968654275,597977.0678104212,686923.5547145504,594693.2750280076,505746.7881238785,142230.27968654275,interactive_medium,True,64
arrival_dense,181,92469.60496286812,598347.2683414916,687707.8036905407,595238.1987276726,505877.66337862343,112469.60496286812,interactive_short,True,32
arrival_dense,182,92472.56172992403,599087.6694036323,689276.3016425214,596803.7399125973,506615.10767370823,192472.56172992403,interactive_long,True,256
arrival_dense,183,92689.30794681743,604577.4122355647,694766.0444744538,602076.7365276364,511888.10428874724,112689.30794681743,interactive_short,True,32
arrival_dense,184,93389.45413584379,612419.9019954681,702608.5342343572,609219.0800985134,519030.4478596243,113389.45413584379,interactive_short,True,32
arrival_dense,185,94349.64144954704,621046.6407313618,711235.2729702509,616885.6315207039,526696.9992818148,114349.64144954704,interactive_short,True,32
arrival_dense,186,95883.04444454715,630457.6284432459,720646.260682135,624763.2162375879,534574.5839986987,145883.04444454715,interactive_medium,True,64
arrival_dense,187,96154.56502146393,640652.8651311203,730841.4973700094,634686.9323485455,544498.3001096564,116154.56502146393,interactive_short,True,32
arrival_dense,188,96842.76806523936,641437.1141071107,731625.7463459998,634782.9782807603,544594.3460418712,116842.76806523936,interactive_short,True,32
arrival_dense,189,97237.74284251282,643005.6120590913,733194.2442979804,635956.5014554677,545767.8692165785,117237.74284251282,interactive_short,True,32
arrival_dense,190,97699.97056499714,643005.6120590913,733194.2442979804,635494.2737329833,545305.6414940942,117699.97056499714,interactive_short,True,32
arrival_dense,191,97824.54668081932,648495.3548910237,738683.9871299128,640859.4404490935,550670.8082102044,117824.54668081932,interactive_short,True,32
arrival_dense,192,97948.40675081649,656337.8446509271,746526.4768898162,648578.0701389997,558389.4379001106,117948.40675081649,interactive_short,True,32
arrival_dense,193,98234.6118743927,657906.3426029078,748094.9748417969,649860.3629674042,559671.7307285151,148234.61187439272,interactive_medium,True,128
arrival_dense,194,98249.33906051255,666533.0813388015,756721.7135776907,658472.3745171782,568283.742278289,118249.33906051255,interactive_short,True,32
arrival_dense,195,98454.1731827479,681433.811882618,771622.4441215071,673168.2709387592,582979.6386998701,148454.1731827479,interactive_medium,True,64
arrival_dense,196,99022.5513142485,686923.5547145504,777112.1869534395,678089.635639191,587901.0034003019,119022.5513142485,interactive_short,True,32
arrival_dense,197,99281.57435283644,687707.8036905407,777896.4359294298,678614.8615765934,588426.2293377043,119281.57435283644,interactive_short,True,32
arrival_dense,198,99371.76291577135,689276.3016425214,779464.9338814105,680093.1709656392,589904.5387267501,199371.76291577134,interactive_long,True,256
arrival_dense,199,99686.74597084758,694766.0444744538,784954.6767133429,685267.9307424953,595079.2985036062,149686.74597084758,interactive_medium,True,64
arrival_dense,200,99755.0155249287,702608.5342343572,792797.1664732463,693042.1509483176,602853.5187094285,149755.0155249287,interactive_medium,True,128
arrival_dense,201,100241.78607765964,711235.2729702509,801423.90520914,701182.1191314803,610993.4868925912,150241.78607765964,interactive_medium,True,128
arrival_dense,202,100255.45443684058,720646.260682135,810834.8929210241,710579.4384841835,620390.8062452944,150255.45443684058,interactive_medium,True,64
arrival_dense,203,100505.90879672789,730841.4973700094,821030.1296088985,720524.2208121706,630335.5885732815,120505.90879672789,interactive_short,True,32
arrival_dense,204,100921.4150385529,731625.7463459998,821814.3785848889,720892.9635463359,630704.3313074468,120921.4150385529,interactive_short,True,32
arrival_dense,205,100935.15307872482,733194.2442979804,823382.8765368696,722447.7234581447,632259.0912192556,120935.15307872482,interactive_short,True,32
arrival_dense,206,101449.812317172,733194.2442979804,823382.8765368696,721933.0642196976,631744.4319808085,121449.812317172,interactive_short,True,32
arrival_dense,207,101522.7296946453,738683.9871299128,828872.6193688019,727349.8896741567,637161.2574352676,121522.7296946453,interactive_short,True,32
arrival_dense,208,101832.39787611211,746526.4768898162,836715.1091287053,734882.7112525932,644694.0790137041,121832.39787611211,interactive_short,True,32
arrival_dense,209,101858.19435285182,748094.9748417969,838283.607080686,736425.4127278342,646236.7804889451,201858.19435285183,interactive_long,True,256
arrival_dense,210,102096.49008493083,756721.7135776907,846910.3458165798,744813.855731649,654625.2234927599,122096.49008493083,interactive_short,True,32
arrival_dense,211,102215.4031702405,771622.4441215071,861811.0763603962,759595.6731901558,669407.0409512667,152215.40317024052,interactive_medium,True,64
arrival_dense,212,102413.29359999309,777112.1869534395,867300.8191923286,764887.5255923355,674698.8933534464,122413.29359999309,interactive_short,True,32
arrival_dense,213,103129.42025505258,777896.4359294298,868085.068168319,764955.6479132663,674767.0156743772,123129.42025505258,interactive_short,True,32
arrival_dense,214,103367.73398674298,779464.9338814105,869653.5661202996,766285.8321335566,676097.1998946675,153367.73398674297,interactive_medium,True,128
arrival_dense,215,104064.91705909783,784954.6767133429,875143.308952232,771078.3918931342,680889.7596542451,204064.91705909785,interactive_long,True,256
arrival_dense,216,104956.58741785116,792797.1664732463,878845.3142629355,773888.7268450843,687840.5790553951,124956.58741785116,interactive_short,True,32
arrival_dense,217,105101.94510650923,801423.90520914,882917.5201047094,777815.5749982002,696321.9601026308,155101.94510650923,interactive_medium,True,64
arrival_dense,218,105144.67298181758,810834.8929210241,887359.9264775537,782215.253495736,705690.2199392065,125144.67298181758,interactive_short,True,32
arrival_dense,219,105154.45978497482,821030.1296088985,892172.5333814683,787018.0735964935,715875.6698239237,125154.45978497482,interactive_short,True,32
arrival_dense,220,105542.0931084934,821814.3785848889,892542.7339125386,787000.6408040453,716272.2854763955,155542.0931084934,interactive_medium,True,128
arrival_dense,221,110188.0229513581,823382.8765368696,893283.1349746793,783095.1120233212,713194.8535855114,130188.0229513581,interactive_short,True,32
arrival_dense,222,110403.3839055042,823382.8765368696,893283.1349746793,782879.7510691751,712979.4926313653,130403.3839055042,interactive_short,True,32
arrival_dense,223,110928.5008576382,828872.6193688019,895874.5386921718,784946.0378345336,717944.1185111637,160928.5008576382,interactive_medium,True,64
arrival_dense,224,111688.37499226487,836715.1091287053,899576.5440028753,787888.1690106104,725026.7341364404,131688.37499226487,interactive_short,True,32
arrival_dense,225,112215.7990092379,838283.607080686,900316.945065016,788101.1460557781,726067.8080714481,132215.7990092379,interactive_short,True,32
arrival_dense,226,112917.48509756419,846910.3458165798,904389.1509067899,791471.6658092258,733992.8607190156,132917.48509756417,interactive_short,True,32
arrival_dense,227,114411.48355905867,861811.0763603962,911422.9609971266,797011.477438068,747399.5928013376,164411.4835590587,interactive_medium,True,64
arrival_dense,228,114522.65592076635,867300.8191923286,914014.3647146191,799491.7087938527,752778.1632715622,134522.65592076635,interactive_short,True,32
arrival_dense,229,114532.9511984147,868085.068168319,914384.5652456895,799851.6140472748,753552.1169699043,164532.9511984147,interactive_medium,True,128
arrival_dense,230,114615.61401057977,869653.5661202996,915124.9663078302,800509.3522972504,755037.9521097199,134615.61401057977,interactive_short,True,32
arrival_dense,231,114683.07789405865,875143.308952232,917716.3700253227,803033.292131264,760460.2310581733,134683.07789405866,interactive_short,True,32
arrival_dense,232,115236.58994548043,878845.3142629355,921418.3753360262,806181.7853905457,763608.7243174551,135236.58994548043,interactive_short,True,32
arrival_dense,233,115651.61158140597,882917.5201047094,925490.5811778001,809838.9695963941,767265.9085233035,135651.61158140597,interactive_short,True,32
arrival_dense,234,115774.53917908373,887359.9264775537,929932.9875506443,814158.4483715605,771585.3872984699,135774.53917908372,interactive_short,True,32
arrival_dense,235,116375.63466086773,892172.5333814683,934745.5944545589,818369.9597936912,775796.8987206005,136375.63466086774,interactive_short,True,32
arrival_dense,236,117103.77444832464,892542.7339125386,935115.7949856293,818012.0205373047,775438.959464214,167103.77444832464,interactive_medium,True,64
arrival_dense,237,117195.60916673344,893283.1349746793,935856.19604777,818660.5868810365,776087.5258079459,137195.60916673345,interactive_short,True,32
arrival_dense,238,117662.89697720333,893283.1349746793,935856.19604777,818193.2990705667,775620.237997476,137662.89697720332,interactive_short,True,32
arrival_dense,239,118351.91257873364,895874.5386921718,941345.9388797024,822994.0263009687,777522.6261134382,138351.91257873364,interactive_short,True,32
arrival_dense,240,118412.7325508719,899576.5440028753,949188.4286396058,830775.6960887339,781163.8114520034,138412.7325508719,interactive_short,True,32
arrival_dense,241,119268.19434091335,900316.945065016,950756.9265915864,831488.7322506731,781048.7507241027,139268.19434091335,interactive_short,True,32
arrival_dense,242,120940.42482065367,904389.1509067899,959383.6653274802,838443.2405068266,783448.7260861363,140940.4248206537,interactive_short,True,32
arrival_dense,243,120997.624749866,911422.9609971266,974284.3958712966,853286.7711214307,790425.3362472607,170997.624749866,interactive_medium,True,128
arrival_dense,244,121010.63168546757,914014.3647146191,979774.138703229,858763.5070177615,793003.7330291516,141010.63168546755,interactive_short,True,32
arrival_dense,245,121197.58383456984,914384.5652456895,980558.3876792194,859360.8038446496,793186.9814111197,171197.58383456984,interactive_medium,True,64
arrival_dense,246,121763.17319740976,915124.9663078302,982126.8856312,860363.7124337903,793361.7931104205,141763.17319740978,interactive_short,True,32
arrival_dense,247,123350.27787080762,917716.3700253227,987616.6284631324,864266.3505923247,794366.092154515,143350.27787080762,interactive_short,True,32
arrival_dense,248,123602.91046126564,921418.3753360262,995459.1182230358,871856.2077617702,797815.4648747606,143602.91046126565,interactive_short,True,32
arrival_dense,249,124230.56930962036,925490.5811778001,1004085.8569589296,879855.2876493093,801260.0118681798,144230.56930962036,interactive_short,True,32
arrival_dense,250,124270.08900736514,929932.9875506443,1013496.8446708136,889226.7556634485,805662.8985432792,144270.08900736514,interactive_short,True,32
arrival_dense,251,124856.67247492446,934745.5944545589,1023692.0813586881,898835.4088837636,809888.9219796344,174856.67247492447,interactive_medium,True,64
arrival_dense,252,125350.08593729614,935115.7949856293,1024476.3303346784,899126.2443973823,809765.7090483331,145350.08593729616,interactive_short,True,32
arrival_dense,253,125403.82359323137,935856.19604777,1026044.8282866591,900641.0046934277,810452.3724545386,145403.82359323138,interactive_short,True,32
arrival_dense,254,126144.08410419556,935856.19604777,1026044.8282866591,899900.7441824635,809712.1119435744,226144.08410419556,interactive_long,True,256
arrival_dense,255,127093.62251695,941345.9388797024,1031534.5711185915,904440.9486016415,814252.3163627523,227093.62251695,interactive_long,True,256
arrival_dense,256,127552.28266631918,949188.4286396058,1039377.0608784949,911824.7782121757,821636.1459732866,147552.28266631917,interactive_short,True,32
arrival_dense,257,127616.7991805127,950756.9265915864,1040945.5588304756,913328.7596499629,823140.1274110738,147616.7991805127,interactive_short,True,32
arrival_dense,258,129679.54195003705,959383.6653274802,1049572.2975663692,919892.7556163322,829704.1233774432,149679.54195003706,interactive_short,True,32
arrival_dense,259,130442.6314021725,974284.3958712966,1064473.0281101856,934030.3967080131,843841.7644691241,180442.6314021725,interactive_medium,True,128
arrival_dense,260,130655.8765238148,979774.138703229,1069962.770942118,939306.8944183032,849118.2621794143,180655.8765238148,interactive_medium,True,64
arrival_dense,261,130935.5152079981,980558.3876792194,1070747.0199181084,939811.5047101103,849622.8724712213,180935.5152079981,interactive_medium,True,64
arrival_dense,262,131166.9862195622,982126.8856312,1072315.517870089,941148.5316505268,850959.8994116378,151166.9862195622,interactive_short,True,32
arrival_dense,263,131519.5564154726,987616.6284631324,1077805.2607020214,946285.7042865488,856097.0720476599,151519.5564154726,interactive_short,True,32
arrival_dense,264,131728.24771670968,995459.1182230358,1085647.7504619248,953919.5027452151,863730.8705063262,181728.24771670968,interactive_medium,True,64
arrival_dense,265,132675.39512974554,1004085.8569589296,1094274.4891978186,961599.094068073,871410.4618291841,182675.39512974554,interactive_medium,True,64
arrival_dense,266,133539.31140441404,1013496.8446708136,1103685.4769097026,970146.1655052886,879957.5332663996,153539.31140441404,interactive_short,True,32
arrival_dense,267,133595.0783204847,1023692.0813586881,1113880.713597577,980285.6352770923,890097.0030382033,233595.0783204847,interactive_long,True,256
arrival_dense,268,135214.4590302736,1024476.3303346784,1114250.9141286474,979036.4550983738,889261.8713044048,155214.4590302736,interactive_short,True,32
arrival_dense,269,135719.1901512949,1026044.8282866591,1114991.3151907881,979272.1250394932,890325.6381353642,155719.1901512949,interactive_short,True,32
arrival_dense,270,136601.38092833833,1026044.8282866591,1114991.3151907881,978389.9342624499,889443.4473583207,186601.38092833833,interactive_medium,True,64
arrival_dense,271,137215.69923666838,1031534.5711185915,1117582.7189082806,980367.0196716122,894318.871881923,157215.69923666838,interactive_short,True,32
arrival_dense,272,137501.59529831857,1039377.0608784949,1121284.7242189841,983783.1289206656,901875.4655801763,157501.59529831857,interactive_short,True,32
arrival_dense,273,138163.34016449633,1040945.5588304756,1122025.1252811248,983861.7851166285,902782.2186659792,188163.34016449633,interactive_medium,True,128
arrival_dense,274,139846.35758013828,1049572.2975663692,1126097.3311228987,986250.9735427605,909725.9399862309,159846.35758013828,interactive_short,True,32
arrival_dense,275,140003.76939162516,1064473.0281101856,1133131.1412132354,993127.3718216103,924469.2587185604,160003.76939162516,interactive_short,True,32
arrival_dense,276,140829.41841341698,1069962.770942118,1135722.544930728,994893.126517311,929133.3525287011,160829.41841341698,interactive_short,True,32
arrival_dense,277,141215.70077058361,1070747.0199181084,1136092.7454617983,994877.0446912147,929531.3191475248,161215.70077058361,interactive_short,True,32
arrival_dense,278,141546.03834942429,1072315.517870089,1136833.146523939,995287.1081745147,930769.4795206648,161546.03834942429,interactive_short,True,32
arrival_dense,279,141832.01178287735,1077805.2607020214,1139424.5502414315,997592.5384585541,935973.248919144,161832.01178287735,interactive_short,True,32
arrival_dense,280,142488.58246041604,1085647.7504619248,1143126.555552135,1000637.973091719,943159.1680015088,192488.58246041604,interactive_medium,True,64
arrival_dense,281,142644.84009221112,1094274.4891978186,1147198.7613939089,1004553.9213016977,951629.6491056074,162644.84009221112,interactive_short,True,32
arrival_dense,282,143599.14347868544,1103685.4769097026,1151641.1677667531,1008042.0242880677,960086.3334310172,163599.14347868544,interactive_short,True,32
arrival_dense,283,144487.27659124596,1113880.713597577,1156453.7746706677,1011966.4980794217,969393.437006331,164487.27659124596,interactive_short,True,32
arrival_dense,284,144532.60171227608,1114250.9141286474,1156823.975201738,1012291.373489462,969718.3124163713,164532.60171227608,interactive_short,True,32
arrival_dense,285,145599.5766970882,1114991.3151907881,1157518.1011974947,1011918.5245004065,969391.7384936999,195599.5766970882,interactive_medium,True,128
arrival_dense,286,145739.34333865045,1114991.3151907881,1157518.1011974947,1011778.7578588442,969251.9718521377,195739.34333865045,interactive_medium,True,64
arrival_dense,287,146051.81521778315,1117582.7189082806,1158203.311306739,1012151.4960889558,971530.9036904974,166051.81521778315,interactive_short,True,32
arrival_dense,288,146523.0449304966,1121284.7242189841,1159249.6326962092,1012726.5877657126,974761.6792884875,166523.0449304966,interactive_short,True,32
arrival_dense,289,146761.2484172821,1122025.1252811248,1159441.458284279,1012680.209866997,975263.8768638427,166761.2484172821,interactive_short,True,32
arrival_dense,290,146775.80836542114,1126097.3311228987,1160400.5862246277,1013624.7778592065,979321.5227574776,166775.80836542114,interactive_short,True,32
arrival_dense,291,147727.5546095749,1133131.1412132354,1161891.5942046228,1014164.039595048,985403.5866036606,197727.5546095749,interactive_medium,True,64
arrival_dense,292,147827.90320352226,1135722.544930728,1162379.87751971,1014551.9743161877,987894.6417272056,167827.90320352226,interactive_short,True,32
arrival_dense,293,147947.1078509365,1136092.7454617983,1162440.9129340958,1014493.8050831594,988145.6376108618,167947.1078509365,interactive_short,True,32
arrival_dense,294,148746.43685547588,1136833.146523939,1162692.7778309386,1013946.3409754627,988086.7096684631,198746.43685547588,interactive_medium,True,64
arrival_dense,295,148954.45134274074,1139424.5502414315,1163427.3837800627,1014472.9324373219,990470.0988986907,168954.45134274074,interactive_short,True,32
arrival_dense,296,150015.9181405525,1143126.555552135,1164266.9334362051,1014251.0152956527,993110.6374115825,170015.9181405525,interactive_short,True,32
arrival_dense,297,150619.88136260773,1147198.7613939089,1164959.561902524,1014339.6805399163,996578.8800313012,170619.88136260773,interactive_short,True,32
arrival_dense,298,150781.54882081208,1151641.1677667531,1165463.2916962095,1014681.7428753974,1000859.6189459411,170781.54882081208,interactive_short,True,32
arrival_dense,299,150786.6503149878,1156453.7746706677,1166421.141882278,1015634.4915672902,1005667.1243556798,200786.6503149878,interactive_medium,True,64
exact_bucket,0,0.0,0.0,4827.471291166554,4827.471291166554,0.0,20000.0,interactive_short,False,32
exact_bucket,1,1171.331658964187,1173.4005003992934,6081.489787618543,4910.158128654356,2.0688414351063784,21171.331658964187,interactive_short,False,32
exact_bucket,2,1565.7096795727393,1580.2398761559743,6460.25161827506,4894.54193870232,14.53019658323501,21565.70967957274,interactive_short,False,32
exact_bucket,3,2465.3888732375417,2473.2694324979093,7644.361632610477,5178.972759372935,7.8805592603675905,22465.38887323754,interactive_short,False,32
exact_bucket,4,2902.135697588422,7644.361632610477,14255.815174732512,11353.679477144091,4742.225935022055,52902.13569758842,interactive_medium,False,64
exact_bucket,5,2982.2751151728585,3037.2880996612366,14633.462112480716,11651.186997307857,55.01298448837815,22982.27511517286,interactive_short,False,32
exact_bucket,6,3050.4402075585945,7644.361632610477,14255.815174732512,11205.374967173917,4593.921425051882,53050.4402075586,interactive_medium,False,64
exact_bucket,7,3234.7115731194913,3272.2958776459564,14756.416929421994,11521.705356302502,37.584304526465075,23234.71157311949,interactive_short,False,32
exact_bucket,8,4380.9373226986045,4400.333211972611,15213.106249489592,10832.168926790988,19.39588927400655,24380.937322698606,interactive_short,False,32
exact_bucket,9,5176.054822046136,5203.483735942105,16058.237124128225,10882.182302082088,27.428913895969345,25176.054822046135,interactive_short,False,32
exact_bucket,10,6161.626789000866,6175.492898812431,17583.643751740787,11422.016962739921,13.866109811565366,26161.626789000868,interactive_short,False,32
exact_bucket,11,7307.571222693039,7400.2827302139385,18485.312409310154,11177.741186617115,92.71150752089943,27307.57122269304,interactive_short,False,32
exact_bucket,12,7425.480833787537,7447.742516791043,18561.427295988087,11135.94646220055,22.261683003505823,27425.480833787537,interactive_short,False,32
exact_bucket,13,7569.008461074401,7583.341907011343,18764.826381318526,11195.817920244124,14.333445936942553,27569.0084610744,interactive_short,False,32
exact_bucket,14,7623.243144680727,14255.815174732512,18839.406045939693,11216.162901258966,6632.572030051785,27623.243144680728,interactive_short,False,32
exact_bucket,15,8380.57126688595,14255.815174732512,18839.406045939693,10458.834779053743,5875.243907846561,28380.57126688595,interactive_short,False,32
exact_bucket,16,9458.234757895287,14255.815174732512,18839.406045939693,9381.171288044407,4797.580416837225,29458.234757895287,interactive_short,False,32
exact_bucket,17,9718.990506869739,14255.815174732512,18839.406045939693,9120.415539069954,4536.824667862773,29718.99050686974,interactive_short,False,32
exact_bucket,18,10203.653686584274,10204.988083845043,23981.647689812387,13777.994003228114,1.3343972607690375,60203.65368658427,interactive_medium,False,64
exact_bucket,19,10287.598785380122,14255.815174732512,18839.406045939693,8551.807260559572,3968.2163893523903,30287.59878538012,interactive_short,False,32
exact_bucket,20,11616.379637436165,11653.211240690822,26131.903195430124,14515.52355799396,36.83160325465724,61616.37963743616,interactive_medium,False,64
exact_bucket,21,12616.161631916308,14255.815174732512,18839.406045939693,6223.244414023386,1639.6535428162042,32616.161631916308,interactive_short,False,32
exact_bucket,22,14485.323239382093,14501.724808615067,26355.642189293627,11870.318949911534,16.401569232973998,34485.323239382094,interactive_short,False,32
exact_bucket,23,15317.723820262268,15335.14570068786,27175.670122029213,11857.946301766944,17.421880425592462,35317.72382026227,interactive_short,False,32
exact_bucket,24,16383.791537594923,27175.670122029213,36667.773962291685,20283.982424696762,10791.87858443429,66383.79153759492,interactive_medium,False,128
exact_bucket,25,16396.340895587342,16424.35547772303,37979.29200966522,21582.95111407788,28.014582135689125,36396.340895587346,interactive_short,True,32
exact_bucket,26,17063.31420335273,17071.332014485462,38775.570824142014,21712.256620789285,8.017811132733186,37063.314203352726,interactive_short,True,32
exact_bucket,27,17265.18659866415,17276.25670938759,39009.77047545872,21744.583876794568,11.070110723441758,37265.18659866415,interactive_short,True,32
exact_bucket,28,18600.678603606862,18839.406045939693,41102.41325440138,22501.734650794515,238.72744233283083,68600.67860360687,interactive_medium,False,64
exact_bucket,29,19411.01686580571,26131.903195430124,42882.33060440832,23471.313738602614,6720.886329624416,39411.01686580571,interactive_short,True,32
exact_bucket,30,20408.802516297103,20413.561651206845,44722.11238089544,24313.30986459834,4.759134909741988,70408.8025162971,interactive_medium,False,64
exact_bucket,31,21241.14390401677,21253.111307349325,45419.65997387636,24178.51606985959,11.967403332553658,71241.14390401678,interactive_medium,False,64
exact_bucket,32,21396.316179153477,26131.903195430124,42882.33060440832,21486.014425254845,4735.587016276648,41396.31617915348,interactive_short,True,32
exact_bucket,33,22170.4276389915,27175.670122029213,36667.773962291685,14497.346323300186,5005.242483037713,72170.4276389915,interactive_medium,False,128
exact_bucket,34,22227.625817309778,26131.903195430124,42882.33060440832,20654.704787098544,3904.277378120347,42227.625817309774,interactive_short,True,32
exact_bucket,35,23256.140245383693,26131.903195430124,42882.33060440832,19626.19035902463,2875.762950046432,43256.14024538369,interactive_short,False,32
exact_bucket,36,24234.197644985197,24317.46755226938,47250.72240545119,23016.524760465993,83.26990728418241,74234.1976449852,interactive_medium,False,64
exact_bucket,37,24359.990838893827,26131.903195430124,42882.33060440832,18522.339765514495,1771.912356536297,44359.99083889383,interactive_short,False,32
exact_bucket,38,25207.997182895815,25261.96091542967,48319.217407207994,23111.22022431218,53.963732533855364,75207.99718289581,interactive_medium,False,64
exact_bucket,39,25516.371104321515,26131.903195430124,42882.33060440832,17365.959500086807,615.5320911086092,45516.371104321515,interactive_short,False,32
exact_bucket,40,25698.430154521036,25765.69070911516,48822.94720089348,23124.517046372446,67.26055459412237,75698.43015452103,interactive_medium,False,64
exact_bucket,41,26491.646196213445,26525.141427069007,49338.18643379023,22846.540237576784,33.49523085556211,46491.64619621345,interactive_short,True,32
exact_bucket,42,26620.769639286056,26637.01092400076,49478.70622458025,22857.936585294196,16.241284714702488,46620.76963928605,interactive_short,True,32
exact_bucket,43,26632.7441066642,26637.01092400076,49478.70622458025,22845.962117916053,4.266817336560052,46632.7441066642,interactive_short,True,32
exact_bucket,44,26740.040332569013,26751.18325401766,49619.226015370274,22879.18568280126,11.142921448645211,46740.04033256901,interactive_short,True,32
exact_bucket,45,26938.983743960976,26956.107948919787,49853.42566668698,22914.441922726,17.12420495881088,46938.98374396098,interactive_short,True,32
exact_bucket,46,27937.833208212847,36667.773962291685,50087.62531800368,22149.792109790833,8729.940754078838,47937.83320821285,interactive_short,True,32
exact_bucket,47,29641.779642182315,36667.773962291685,50087.62531800368,20445.845675821365,7025.99432010937,49641.779642182315,interactive_short,True,32
exact_bucket,48,29805.424400657474,37979.29200966522,51399.14336537722,21593.718964719745,8173.86760900775,49805.42440065747,interactive_short,True,32
exact_bucket,49,30318.31224161087,38775.570824142014,52195.42217985401,21877.10993824314,8457.258582531143,50318.31224161087,interactive_short,True,32
exact_bucket,50,30573.45711226591,41102.41325440138,52429.62183117071,21856.1647189048,10528.956142135467,50573.45711226591,interactive_short,True,32
exact_bucket,51,32559.069997750434,48822.94720089348,54209.53918117766,21650.469183427223,16263.877203143049,52559.069997750434,interactive_short,True,32
exact_bucket,52,32943.237885531045,48822.94720089348,54209.53918117766,21266.301295646612,15879.709315362437,52943.237885531045,interactive_short,True,32
exact_bucket,53,34343.62615416367,34358.398344299494,66409.05812155658,32065.431967392906,14.772190135823621,84343.62615416368,interactive_medium,False,128
exact_bucket,54,34404.90308858237,48822.94720089348,54209.53918117766,19804.63609259529,14418.044112311116,54404.90308858237,interactive_short,False,32
exact_bucket,55,36164.90386883638,48822.94720089348,54209.53918117766,18044.635312341277,12658.043332057103,56164.90386883638,interactive_short,False,32
exact_bucket,56,36263.2568171127,48822.94720089348,54209.53918117766,17946.28236406496,12559.690383780784,56263.2568171127,interactive_short,False,32
exact_bucket,57,37905.42174307683,39009.77047545872,67041.55976085937,29136.138017782534,1104.3487323818845,87905.42174307683,interactive_medium,False,64
exact_bucket,58,38059.6814870708,48822.94720089348,54209.53918117766,16149.85769410686,10763.265713822686,58059.6814870708,interactive_short,False,32
exact_bucket,59,38117.05175425955,49338.18643379023,67556.7989937562,29439.747239496646,11221.134679530682,58117.05175425955,interactive_short,True,32
exact_bucket,60,38402.130622771125,67556.7989937562,88192.22608008505,49790.095457313924,29154.66837098507,138402.13062277113,interactive_long,False,256
exact_bucket,61,39054.110184089855,49478.70622458025,88332.7458708751,49278.63568678524,10424.596040490396,59054.110184089855,interactive_short,True,32
exact_bucket,62,39242.3138712813,49478.70622458025,88332.7458708751,49090.43199959379,10236.39235329895,59242.3138712813,interactive_short,True,32
exact_bucket,63,39708.28116866232,49619.226015370274,88473.26566166514,48764.98449300282,9910.944846707956,59708.28116866232,interactive_short,True,32
exact_bucket,64,40066.41032699541,40108.407934403614,90641.84271070301,50575.43238370761,41.99760740820784,90066.4103269954,interactive_medium,True,64
exact_bucket,65,40309.6357467324,40317.67221229789,91003.272218876,50693.6364721436,8.036465565492108,90309.6357467324,interactive_medium,True,64
exact_bucket,66,40739.3405874416,49853.42566668698,91237.47187019273,50498.131282751136,9114.085079245378,60739.3405874416,interactive_short,True,32
exact_bucket,67,40886.3399149278,50087.62531800368,91471.67152150947,50585.331606581676,9201.285403075883,60886.3399149278,interactive_short,True,32
exact_bucket,68,41503.18712875418,50087.62531800368,91471.67152150947,49968.484392755294,8584.4381892495,61503.18712875418,interactive_short,True,32
exact_bucket,69,41504.033483776315,51399.14336537722,92783.18956888322,51279.1560851069,9895.109881600903,61504.033483776315,interactive_short,True,32
exact_bucket,70,42803.01628166911,52195.42217985401,93579.46838336013,50776.45210169102,9392.405898184901,62803.01628166911,interactive_short,True,32
exact_bucket,71,43189.600889409885,54209.53918117766,100304.46800629086,57114.867116880974,11019.938291767772,93189.60088940989,interactive_medium,True,128
exact_bucket,72,43825.06690327878,43858.89723458161,103195.9040716747,59370.83716839592,33.83033130283002,93825.06690327878,interactive_medium,True,64
exact_bucket,73,44502.36801129497,52429.62183117071,103430.10372299144,58927.73571169646,7927.253819875739,64502.36801129497,interactive_short,True,32
exact_bucket,74,45057.65251098892,67041.55976085937,105210.02107299866,60152.36856200974,21983.907249870448,65057.65251098892,interactive_short,True,32
exact_bucket,75,45284.1050121679,67041.55976085937,105210.02107299866,59925.91606083076,21757.454748691467,65284.1050121679,interactive_short,True,32
exact_bucket,76,45320.37627874394,54209.53918117766,100304.46800629086,54984.09172754692,8889.162902433716,95320.37627874393,interactive_medium,True,128
exact_bucket,77,45866.05216119919,67041.55976085937,105210.02107299866,59343.968911799464,21175.507599660174,65866.05216119919,interactive_short,True,32
exact_bucket,78,46066.4402474157,67041.55976085937,105210.02107299866,59143.580825582954,20975.119513443664,66066.44024741571,interactive_short,True,32
exact_bucket,79,46254.81759363009,67041.55976085937,105210.02107299866,58955.20347936857,20786.742167229277,66254.81759363008,interactive_short,True,32
exact_bucket,80,47196.80523675841,67041.55976085937,105210.02107299866,58013.21583624025,19844.754524100957,67196.8052367584,interactive_short,True,32
exact_bucket,81,47832.84945106527,88192.22608008505,105725.26030589548,57892.41085483022,40359.37662901978,67832.84945106527,interactive_short,True,32
exact_bucket,82,48011.41716761854,88332.7458708751,105865.78009668553,57854.362929066985,40321.32870325655,68011.41716761855,interactive_short,True,32
exact_bucket,83,48196.43091610786,48258.18199282217,112973.8937574208,64777.46284131293,61.75107671430305,98196.43091610787,interactive_medium,True,64
exact_bucket,84,48458.88719682506,88332.7458708751,105865.78009668553,57406.89289986047,39873.85867405003,68458.88719682506,interactive_short,True,32
exact_bucket,85,48716.304343250406,91003.272218876,113114.41354821084,64398.109204960434,42286.96787562559,68716.3043432504,interactive_short,True,32
exact_bucket,86,48891.547980041694,67556.7989937562,88192.22608008505,39300.678100043355,18665.2510137145,148891.5479800417,interactive_long,False,256
exact_bucket,87,48959.622702156186,91237.47187019273,113348.61319952758,64388.99049737139,42277.84916803655,68959.6227021562,interactive_short,True,32
exact_bucket,88,49232.371208495235,91471.67152150947,113582.81285084432,64350.441642349084,42239.30031301424,69232.37120849523,interactive_short,True,32
exact_bucket,89,50642.116378047685,91471.67152150947,113582.81285084432,62940.69647279663,40829.55514346179,70642.11637804768,interactive_short,True,32
exact_bucket,90,51207.66027366786,92783.18956888322,114894.33089821806,63686.6706245502,41575.529295215354,71207.66027366786,interactive_short,True,32
exact_bucket,91,52373.181085670556,103195.9040716747,115690.60971269498,63317.42862702442,50822.72298600414,72373.18108567056,interactive_short,True,32
exact_bucket,92,52851.106227620774,66409.05812155658,116292.99222631661,63441.885998695834,13557.951893935802,102851.10622762077,interactive_medium,True,64
exact_bucket,93,53030.12264217715,103430.10372299144,116527.19187763335,63497.0692354562,50399.98108081429,73030.12264217716,interactive_short,True,32
exact_bucket,94,53427.089742079675,105210.02107299866,118307.10922764057,64880.01948556089,51782.93133091898,73427.08974207967,interactive_short,True,32
exact_bucket,95,53427.29275313623,105210.02107299866,118307.10922764057,64879.81647450434,51782.72831986243,73427.29275313622,interactive_short,True,32
exact_bucket,96,53596.36917897643,67556.7989937562,88192.22608008505,34595.85690110862,13960.429814779767,153596.36917897643,interactive_long,False,256
exact_bucket,97,53877.3305336343,105210.02107299866,118307.10922764057,64429.77869400627,51332.69053936436,73877.33053363429,interactive_short,True,32
exact_bucket,98,54311.06270019071,54380.60404176967,118908.6850906298,64597.62239043909,69.54134157895896,104311.06270019071,interactive_medium,True,128
exact_bucket,99,54842.74168076337,66409.05812155658,116292.99222631661,61450.25054555324,11566.316440793205,104842.74168076337,interactive_medium,True,64
exact_bucket,100,55155.47490977593,105210.02107299866,118307.10922764057,63151.63431786464,50054.54616322273,75155.47490977592,interactive_short,True,32
exact_bucket,101,55447.31627792467,66409.05812155658,116292.99222631661,60845.67594839194,10961.741843631906,105447.31627792466,interactive_medium,True,64
exact_bucket,102,55567.52560879221,105210.02107299866,118307.10922764057,62739.58361884836,49642.49546420645,75567.5256087922,interactive_short,True,32
exact_bucket,103,55887.9796521969,105210.02107299866,118307.10922764057,62419.12957544367,49322.04142080176,75887.9796521969,interactive_short,True,32
exact_bucket,104,57045.21146344357,105725.26030589548,119423.92432352663,62378.71286008306,48680.04884245191,77045.21146344357,interactive_short,True,32
exact_bucket,105,57840.08979628094,112973.8937574208,119564.44411431668,61724.35431803574,55133.803961139856,77840.08979628094,interactive_short,True,32
exact_bucket,106,57933.06871402434,112973.8937574208,119564.44411431668,61631.37540029234,55040.82504339646,77933.06871402434,interactive_short,True,32
exact_bucket,107,57977.372604793556,113114.41354821084,119704.96390510672,61727.591300313165,55137.04094341728,77977.37260479355,interactive_short,True,32
exact_bucket,108,58339.64200570052,113348.61319952758,119939.16355642346,61599.52155072294,55008.971193827056,78339.64200570053,interactive_short,True,32
exact_bucket,109,58840.75814968067,58942.333657556715,132169.2724609727,73328.51431129202,101.5755078760485,108840.75814968067,interactive_medium,True,128
exact_bucket,110,59044.8838343036,66409.05812155658,116292.99222631661,57248.10839201301,7364.174287252979,109044.88383430359,interactive_medium,True,64
exact_bucket,111,59897.922849887065,113582.81285084432,132403.47211228943,72505.54926240236,53684.89000095725,79897.92284988707,interactive_short,True,32
exact_bucket,112,60593.35150273642,113582.81285084432,132403.47211228943,71810.120609553,52989.4613481079,80593.35150273642,interactive_short,True,32
exact_bucket,113,61151.936724010215,114894.33089821806,133714.99015966317,72563.05343565295,53742.394174207846,81151.93672401021,interactive_short,True,32
exact_bucket,114,61279.15107416356,61365.75251594358,138874.66006145545,77595.50898729189,86.6014417800252,111279.15107416356,interactive_medium,True,128
exact_bucket,115,61390.17935327033,66409.05812155658,116292.99222631661,54902.81287304628,5018.878768286246,111390.17935327033,interactive_medium,True,64
exact_bucket,116,61402.54367109993,116292.99222631661,139670.93887593236,78268.39520483243,54890.44855521668,81402.54367109993,interactive_short,True,32
exact_bucket,117,61542.95817139354,116527.19187763335,139905.1385272491,78362.18035585555,54984.23370623981,81542.95817139355,interactive_short,True,32
exact_bucket,118,61865.26654809012,118908.6850906298,141685.05587725632,79819.7893291662,57043.418542539686,81865.26654809012,interactive_short,True,32
exact_bucket,119,62812.9529528822,118908.6850906298,141685.05587725632,78872.10292437412,56095.732137747604,82812.9529528822,interactive_short,True,32
exact_bucket,120,62850.76116940531,66409.05812155658,116292.99222631661,53442.231056911296,3558.296952151264,112850.7611694053,interactive_medium,True,64
exact_bucket,121,63118.35534501975,118908.6850906298,141685.05587725632,78566.70053223657,55790.329745610055,83118.35534501975,interactive_short,True,32
exact_bucket,122,63615.16452911471,66409.05812155658,116292.99222631661,52677.8276972019,2793.8935924418693,113615.1645291147,interactive_medium,True,64
exact_bucket,123,63723.27036825511,118908.6850906298,141685.05587725632,77961.78550900122,55185.4147223747,83723.27036825511,interactive_short,True,32
exact_bucket,124,64319.217145619754,118908.6850906298,141685.05587725632,77365.83873163657,54589.46794501005,84319.21714561975,interactive_short,True,32
exact_bucket,125,64660.19928608958,118908.6850906298,141685.05587725632,77024.85659116675,54248.48580454023,84660.19928608957,interactive_short,True,32
exact_bucket,126,64800.04594631269,119423.92432352663,142200.29511015315,77400.24916384046,54623.87837721394,84800.04594631269,interactive_short,True,32
exact_bucket,127,65333.687082703895,65471.30917015192,149696.8558643266,84363.16878162269,137.62208744802774,115333.6870827039,interactive_medium,True,128
exact_bucket,128,65336.46720655622,66409.05812155658,116292.99222631661,50956.52501976039,1072.5909150003572,115336.46720655622,interactive_medium,True,64
exact_bucket,129,66031.5470708113,66409.05812155658,116292.99222631661,50261.44515550531,377.5110507452773,116031.5470708113,interactive_medium,True,64
exact_bucket,130,66766.48547586781,119564.44411431668,149837.37565511663,83070.89017924882,52797.958638448865,86766.48547586781,interactive_short,True,32
exact_bucket,131,66822.83880134864,119564.44411431668,149837.37565511663,83014.53685376799,52741.60531296804,86822.83880134864,interactive_short,True,32
exact_bucket,132,67099.65856177217,88473.26566166514,150560.23467146268,83460.5761096905,21373.607099892964,117099.65856177217,interactive_medium,True,64
exact_bucket,133,67196.38217993575,93579.46838336013,152064.17432893577,84867.79214900002,26383.086203424376,117196.38217993575,interactive_medium,True,128
exact_bucket,134,68781.0209150452,119704.96390510672,152204.6941197258,83423.67320468061,50923.94299006152,88781.0209150452,interactive_short,True,32
exact_bucket,135,69145.88267209117,132169.2724609727,152438.89377104255,83293.01109895138,63023.38978888151,89145.88267209117,interactive_short,True,32
exact_bucket,136,69171.64427204579,132403.47211228943,152673.0934223593,83501.4491503135,63231.82784024364,89171.64427204579,interactive_short,True,32
exact_bucket,137,69314.95111351069,88473.26566166514,150560.23467146268,81245.28355795199,19158.31454815445,119314.95111351069,interactive_medium,True,64
exact_bucket,138,70257.99612428322,88473.26566166514,150560.23467146268,80302.23854717946,18215.269537381915,120257.99612428322,interactive_medium,True,64
exact_bucket,139,70562.82379256428,132403.47211228943,152673.0934223593,82110.26962979502,61840.64831972515,90562.82379256428,interactive_short,True,32
exact_bucket,140,71371.09685488073,138874.66006145545,153984.61146973303,82613.5146148523,67503.56320657472,91371.09685488073,interactive_short,True,32
exact_bucket,141,71921.7714690968,139670.93887593236,154780.89028420995,82859.11881511315,67749.16740683556,91921.7714690968,interactive_short,True,32
exact_bucket,142,74128.73462274238,139905.1385272491,155015.0899355267,80886.3553127843,65776.40390450672,94128.73462274238,interactive_short,True,32
exact_bucket,143,74581.22745860655,90641.84271070301,157183.66698456483,82602.43952595828,16060.615252096468,124581.22745860655,interactive_medium,True,64
exact_bucket,144,76079.48983678088,141685.05587725632,158963.58433457205,82884.09449779117,65605.56604047545,96079.48983678088,interactive_short,True,32
exact_bucket,145,77189.65115054013,141685.05587725632,158963.58433457205,81773.93318403192,64495.404726716195,97189.65115054013,interactive_short,True,32
exact_bucket,146,77663.86744977381,141685.05587725632,158963.58433457205,81299.71688479824,64021.18842748251,97663.86744977381,interactive_short,True,32
exact_bucket,147,78299.05546796502,100304.46800629086,159325.01384274507,81025.95837478005,22005.412538325836,128299.05546796502,interactive_medium,True,64
exact_bucket,148,78650.43020043183,141685.05587725632,158963.58433457205,80313.15413414022,63034.62567682449,98650.43020043183,interactive_short,True,32
exact_bucket,149,79538.08545863265,141685.05587725632,158963.58433457205,79425.4988759394,62146.97041862368,99538.08545863265,interactive_short,True,32
exact_bucket,150,79934.98038071344,79964.26748321475,188523.04733743364,108588.0669567202,29.28710250130098,179934.98038071344,interactive_long,True,256
exact_bucket,151,81072.50475786056,141685.05587725632,158963.58433457205,77891.07957671149,60612.551119395765,101072.50475786056,interactive_short,True,32
exact_bucket,152,81753.1211630551,149696.8558643266,189038.28657033047,107285.16540727537,67943.73470127149,101753.1211630551,interactive_short,True,32
exact_bucket,153,82074.98970717941,152064.17432893577,189178.8063611205,107103.8166539411,69989.18462175636,102074.98970717941,interactive_short,True,32
exact_bucket,154,82224.99630070727,152064.17432893577,189178.8063611205,106953.81006041325,69839.1780282285,102224.99630070727,interactive_short,True,32
exact_bucket,155,82367.00053989809,152204.6941197258,189319.32615191056,106952.32561201247,69837.69357982773,102367.00053989809,interactive_short,True,32
exact_bucket,156,82874.58866325446,152438.89377104255,189553.5258032273,106678.93713997284,69564.3051077881,102874.58866325446,interactive_short,True,32
exact_bucket,157,83600.4077929984,152673.0934223593,189787.72545454404,106187.31766154563,69072.68562936089,103600.4077929984,interactive_short,True,32
exact_bucket,158,83968.74818878995,152673.0934223593,189787.72545454404,105818.97726575409,68704.34523356934,103968.74818878995,interactive_short,True,32
exact_bucket,159,84461.49951628041,153984.61146973303,191099.24350191778,106637.74398563737,69523.11195345262,104461.49951628041,interactive_short,True,32
exact_bucket,160,84622.01378257456,154780.89028420995,191895.5223163947,107273.50853382013,70158.87650163539,104622.01378257456,interactive_short,True,32
exact_bucket,161,84662.33871189416,157183.66698456483,192129.72196771143,107467.38325581727,72521.32827267067,104662.33871189416,interactive_short,True,32
exact_bucket,162,84830.58453590318,188523.04733743364,193909.63931771865,109079.05478181547,103692.46280153046,104830.58453590318,interactive_short,True,32
exact_bucket,163,84989.11602135918,93579.46838336013,152064.17432893577,67075.05830757659,8590.352362000951,134989.11602135916,interactive_medium,True,128
exact_bucket,164,85181.73375472365,105865.78009668553,196801.07538310284,111619.34162837919,20684.046341961875,135181.73375472365,interactive_medium,True,64
exact_bucket,165,85570.16363611515,188523.04733743364,193909.63931771865,108339.47568160351,102952.8837013185,105570.16363611515,interactive_short,True,32
exact_bucket,166,85644.6306604025,188523.04733743364,193909.63931771865,108265.00865731615,102878.41667703114,105644.6306604025,interactive_short,True,32
exact_bucket,167,85776.13285687883,188523.04733743364,193909.63931771865,108133.50646083982,102746.91448055481,105776.13285687883,interactive_short,True,32
exact_bucket,168,86368.13594607066,188523.04733743364,193909.63931771865,107541.503371648,102154.91139136298,106368.13594607066,interactive_short,True,32
exact_bucket,169,86980.93703650791,188523.04733743364,193909.63931771865,106928.70228121075,101542.11030092573,106980.93703650791,interactive_short,True,32
exact_bucket,170,87014.12920202049,93579.46838336013,152064.17432893577,65050.04512691528,6565.339181339645,137014.12920202047,interactive_medium,True,128
exact_bucket,171,87275.9152682983,189038.28657033047,197316.31461599967,110040.39934770137,101762.37130203217,107275.9152682983,interactive_short,True,32
exact_bucket,172,87667.02594521933,189178.8063611205,197456.8344067897,109789.80846157038,101511.78041590119,107667.02594521933,interactive_short,True,32
exact_bucket,173,87935.75983792882,115690.60971269498,204564.94806752584,116629.18822959701,27754.84987476615,137935.7598379288,interactive_medium,True,64
exact_bucket,174,88051.62145727403,149837.37565511663,205167.33058114754,117115.70912387352,61785.7541978426,138051.621457274,interactive_medium,True,64
exact_bucket,175,88324.10878252305,189178.8063611205,197456.8344067897,109132.72562426666,100854.69757859746,108324.10878252305,interactive_short,True,32
exact_bucket,176,89500.19858409047,189319.32615191056,205307.8503719376,115807.65178784712,99819.12756782009,109500.19858409047,interactive_short,True,32
exact_bucket,177,89938.82905232742,189553.5258032273,205542.05002325433,115603.22097092691,99614.69675089988,109938.82905232742,interactive_short,True,32
exact_bucket,178,90533.40889432828,189787.72545454404,205776.24967457107,115242.84078024278,99254.31656021575,110533.40889432828,interactive_short,True,32
exact_bucket,179,91504.92814548327,189787.72545454404,205776.24967457107,114271.3215290878,98282.79730906077,111504.92814548327,interactive_short,True,32
exact_bucket,180,92230.27968654275,149837.37565511663,205167.33058114754,112937.05089460479,57607.09596857388,142230.27968654275,interactive_medium,True,64
exact_bucket,181,92469.60496286812,191099.24350191778,207087.7677219448,114618.16275907669,98629.63853904966,112469.60496286812,interactive_short,True,32
exact_bucket,182,92472.56172992403,159325.01384274507,221242.8954465658,128770.33371664176,66852.45211282105,192472.56172992403,interactive_long,True,256
exact_bucket,183,92689.30794681743,191895.5223163947,222039.1742610427,129349.86631422528,99206.21436957727,112689.30794681743,interactive_short,True,32
exact_bucket,184,93389.45413584379,192129.72196771143,222273.37391235944,128883.91977651566,98740.26783186765,113389.45413584379,interactive_short,True,32
exact_bucket,185,94349.64144954704,196801.07538310284,224053.29126236666,129703.64981281963,102451.4339335558,114349.64144954704,interactive_short,True,32
exact_bucket,186,95883.04444454715,149837.37565511663,205167.33058114754,109284.28613660039,53954.33121056948,145883.04444454715,interactive_medium,True,64
exact_bucket,187,96154.56502146393,196801.07538310284,224053.29126236666,127898.72624090273,100646.51036163891,116154.56502146393,interactive_short,True,32
exact_bucket,188,96842.76806523936,196801.07538310284,224053.29126236666,127210.5231971273,99958.30731786348,116842.76806523936,interactive_short,True,32
exact_bucket,189,97237.74284251282,196801.07538310284,224053.29126236666,126815.54841985385,99563.33254059003,117237.74284251282,interactive_short,True,32
exact_bucket,190,97699.97056499714,196801.07538310284,224053.29126236666,126353.32069736952,99101.1048181057,117699.97056499714,interactive_short,True,32
exact_bucket,191,97824.54668081932,196801.07538310284,224053.29126236666,126228.74458154735,98976.52870228353,117824.54668081932,interactive_short,True,32
exact_bucket,192,97948.40675081649,197316.31461599967,224568.5304952635,126620.123744447,99367.90786518318,117948.40675081649,interactive_short,True,32
exact_bucket,193,98234.6118743927,98402.17727629852,229927.09593186164,131692.48405746894,167.5654019058129,148234.61187439272,interactive_medium,True,128
exact_bucket,194,98249.33906051255,205167.33058114754,230067.61572265168,131818.27666213913,106917.991520635,118249.33906051255,interactive_short,True,32
exact_bucket,195,98454.1731827479,149837.37565511663,205167.33058114754,106713.15739839965,51383.202472368735,148454.1731827479,interactive_medium,True,64
exact_bucket,196,99022.5513142485,205167.33058114754,230067.61572265168,131045.06440840318,106144.77926689904,119022.5513142485,interactive_short,True,32
exact_bucket,197,99281.57435283644,205307.8503719376,230208.13551344172,130926.56116060528,106026.27601910115,119281.57435283644,interactive_short,True,32
exact_bucket,198,99371.76291577135,159325.01384274507,221242.8954465658,121871.13253079444,59953.25092697372,199371.76291577134,interactive_long,True,256
exact_bucket,199,99686.74597084758,149837.37565511663,205167.33058114754,105480.58461029996,50150.62968426905,149686.74597084758,interactive_medium,True,64
exact_bucket,200,99755.0155249287,100009.74690727796,231654.94818132315,131899.93265639443,254.73138234925864,149755.0155249287,interactive_medium,True,128
exact_bucket,201,100241.78607765964,118307.10922764057,231869.2907987871,131627.50472112745,18065.323149980934,150241.78607765964,interactive_medium,True,128
exact_bucket,202,100255.45443684058,149837.37565511663,205167.33058114754,104911.87614430697,49581.92121827605,150255.45443684058,interactive_medium,True,64
exact_bucket,203,100505.90879672789,205542.05002325433,232103.49045010383,131597.58165337594,105036.14122652644,120505.90879672789,interactive_short,True,32
exact_bucket,204,100921.4150385529,205776.24967457107,232337.69010142057,131416.27506286767,104854.83463601816,120921.4150385529,interactive_short,True,32
exact_bucket,205,100935.15307872482,205776.24967457107,232337.69010142057,131402.53702269576,104841.09659584625,120935.15307872482,interactive_short,True,32
exact_bucket,206,101449.812317172,221242.8954465658,233649.2081487943,132199.3958316223,119793.08312939378,121449.812317172,interactive_short,True,32
exact_bucket,207,101522.7296946453,222039.1742610427,234445.48696327122,132922.75726862592,120516.4445663974,121522.7296946453,interactive_short,True,32
exact_bucket,208,101832.39787611211,222273.37391235944,234679.68661458796,132847.28873847585,120440.97603624733,121832.39787611211,interactive_short,True,32
exact_bucket,209,101858.19435285182,159325.01384274507,221242.8954465658,119384.70109371397,57466.819489893256,201858.19435285183,interactive_long,True,256
exact_bucket,210,102096.49008493083,224053.29126236666,236459.60396459518,134363.11387966434,121956.80117743583,122096.49008493083,interactive_short,True,32
exact_bucket,211,102215.4031702405,149837.37565511663,205167.33058114754,102951.92741090704,47621.972484876125,152215.40317024052,interactive_medium,True,64
exact_bucket,212,102413.29359999309,224053.29126236666,236459.60396459518,134046.31036460208,121639.99766237357,122413.29359999309,interactive_short,True,32
exact_bucket,213,103129.42025505258,224053.29126236666,236459.60396459518,133330.18370954262,120923.87100731408,123129.42025505258,interactive_short,True,32
exact_bucket,214,103367.73398674298,118307.10922764057,231869.2907987871,128501.5568120441,14939.375240897585,153367.73398674297,interactive_medium,True,128
exact_bucket,215,104064.91705909783,159325.01384274507,221242.8954465658,117177.97838746796,55260.09678364724,204064.91705909785,interactive_long,True,256
exact_bucket,216,104956.58741785116,224053.29126236666,236459.60396459518,131503.01654674404,119096.7038445155,124956.58741785116,interactive_short,True,32
exact_bucket,217,105101.94510650923,149837.37565511663,205167.33058114754,100065.38547463831,44735.4305486074,155101.94510650923,interactive_medium,True,64
exact_bucket,218,105144.67298181758,224053.29126236666,236459.60396459518,131314.93098277762,118908.61828054908,125144.67298181758,interactive_short,True,32
exact_bucket,219,105154.45978497482,224053.29126236666,236459.60396459518,131305.14417962037,118898.83147739184,125154.45978497482,interactive_short,True,32
exact_bucket,220,105542.0931084934,118307.10922764057,231869.2907987871,126327.19769029369,12765.01611914717,155542.0931084934,interactive_medium,True,128
exact_bucket,221,110188.0229513581,229927.09593186164,236974.843197492,126786.82024613391,119739.07298050354,130188.0229513581,interactive_short,True,32
exact_bucket,222,110403.3839055042,230067.61572265168,237115.36298828205,126711.97908277785,119664.23181714748,130403.3839055042,interactive_short,True,32
exact_bucket,223,110928.5008576382,149837.37565511663,205167.33058114754,94238.82972350935,38908.874797478435,160928.5008576382,interactive_medium,True,64
exact_bucket,224,111688.37499226487,230067.61572265168,237115.36298828205,125426.98799601718,118379.24073038681,131688.37499226487,interactive_short,True,32
exact_bucket,225,112215.7990092379,231869.2907987871,237255.8827790721,125040.0837698342,119653.49178954918,132215.7990092379,interactive_short,True,32
exact_bucket,226,112917.48509756419,232103.49045010383,237490.08243038884,124572.59733282465,119186.00535253964,132917.48509756417,interactive_short,True,32
exact_bucket,227,114411.48355905867,155015.0899355267,238122.58406969154,123711.10051063287,40603.606376468015,164411.4835590587,interactive_medium,True,64
exact_bucket,228,114522.65592076635,232337.69010142057,238356.78372100828,123834.12780024193,117815.03418065421,134522.65592076635,interactive_short,True,32
exact_bucket,229,114532.9511984147,118307.10922764057,231869.2907987871,117336.33960037239,3774.158029225873,164532.9511984147,interactive_medium,True,128
exact_bucket,230,114615.61401057977,232337.69010142057,238356.78372100828,123741.16971042851,117722.0760908408,134615.61401057977,interactive_short,True,32
exact_bucket,231,114683.07789405865,233649.2081487943,239668.30176838202,124985.22387432338,118966.13025473566,134683.07789405866,interactive_short,True,32
exact_bucket,232,115236.58994548043,234445.48696327122,240464.58058285894,125227.9906373785,119208.89701779079,135236.58994548043,interactive_short,True,32
exact_bucket,233,115651.61158140597,234679.68661458796,240698.78023417568,125047.1686527697,119028.07503318199,135651.61158140597,interactive_short,True,32
exact_bucket,234,115774.53917908373,236459.60396459518,242478.6975841829,126704.15840509917,120685.06478551145,135774.53917908372,interactive_short,True,32
exact_bucket,235,116375.63466086773,236459.60396459518,242478.6975841829,126103.06292331517,120083.96930372746,136375.63466086774,interactive_short,True,32
exact_bucket,236,117103.77444832464,155015.0899355267,238122.58406969154,121018.8096213669,37911.31548720205,167103.77444832464,interactive_medium,True,64
exact_bucket,237,117195.60916673344,236459.60396459518,242478.6975841829,125283.08841744946,119263.99479786174,137195.60916673345,interactive_short,True,32
exact_bucket,238,117662.89697720333,236459.60396459518,242478.6975841829,124815.80060697957,118796.70698739185,137662.89697720332,interactive_short,True,32
exact_bucket,239,118351.91257873364,236459.60396459518,242478.6975841829,124126.78500544926,118107.69138586154,138351.91257873364,interactive_short,True,32
exact_bucket,240,118412.7325508719,236459.60396459518,242478.6975841829,124065.965033311,118046.87141372329,138412.7325508719,interactive_short,True,32
exact_bucket,241,119268.19434091335,236974.843197492,242993.93681707972,123725.74247616637,117706.64885657866,139268.19434091335,interactive_short,True,32
exact_bucket,242,120940.42482065367,237115.36298828205,243134.45660786977,122194.0317872161,116174.93816762838,140940.4248206537,interactive_short,True,32
exact_bucket,243,120997.624749866,121225.21926120699,243818.71605023782,122821.09130037183,227.594511340998,170997.624749866,interactive_medium,True,128
exact_bucket,244,121010.63168546757,237115.36298828205,243134.45660786977,122123.8249224022,116104.73130281449,141010.63168546755,interactive_short,True,32
exact_bucket,245,121197.58383456984,155015.0899355267,238122.58406969154,116925.0002351217,33817.506100956845,171197.58383456984,interactive_medium,True,64
exact_bucket,246,121763.17319740976,237255.8827790721,243959.23584102787,122196.0626436181,115492.70958166233,141763.17319740978,interactive_short,True,32
exact_bucket,247,123350.27787080762,238122.58406969154,244193.4354923446,120843.15762153699,114772.30619888392,143350.27787080762,interactive_short,True,32
exact_bucket,248,123602.91046126564,238356.78372100828,244427.63514366135,120824.72468239571,114753.87325974264,143602.91046126565,interactive_short,True,32
exact_bucket,249,124230.56930962036,238356.78372100828,244427.63514366135,120197.06583404099,114126.21441138792,144230.56930962036,interactive_short,True,32
exact_bucket,250,124270.08900736514,239668.30176838202,245739.1531910351,121469.06418366995,115398.21276101688,144270.08900736514,interactive_short,True,32
exact_bucket,251,124856.67247492446,158963.58433457205,247465.58348366275,122608.91100873829,34106.91185964759,174856.67247492447,interactive_medium,True,64
exact_bucket,252,125350.08593729614,240464.58058285894,248261.86229813966,122911.77636084352,115114.4946455628,145350.08593729616,interactive_short,True,32
exact_bucket,253,125403.82359323137,240698.78023417568,248496.0619494564,123092.23835622503,115294.9566409443,145403.82359323138,interactive_short,True,32
exact_bucket,254,126144.08410419556,159325.01384274507,221242.8954465658,95098.81134237023,33180.929738549516,226144.08410419556,interactive_long,False,256
exact_bucket,255,127093.62251695,159325.01384274507,221242.8954465658,94149.27292961579,32231.391325795077,227093.62251695,interactive_long,False,256
exact_bucket,256,127552.28266631918,242478.6975841829,250275.97929946362,122723.69663314444,114926.41491786372,147552.28266631917,interactive_short,True,32
exact_bucket,257,127616.7991805127,242478.6975841829,250275.97929946362,122659.18011895093,114861.8984036702,147616.7991805127,interactive_short,True,32
exact_bucket,258,129679.54195003705,242478.6975841829,250275.97929946362,120596.43734942657,112799.15563414585,149679.54195003706,interactive_short,True,32
exact_bucket,259,130442.6314021725,130549.64513754017,252927.48463863984,122484.85323646734,107.01373536766914,180442.6314021725,interactive_medium,True,128
exact_bucket,260,130655.8765238148,193909.63931771865,253189.06498600764,122533.18846219283,63253.76279390385,180655.8765238148,interactive_medium,True,64
exact_bucket,261,130935.5152079981,197456.8344067897,255072.44348705618,124136.92827905808,66521.3191987916,180935.5152079981,interactive_medium,True,64
exact_bucket,262,131166.9862195622,242478.6975841829,250275.97929946362,119108.99307990141,111311.71136462069,151166.9862195622,interactive_short,True,32
exact_bucket,263,131519.5564154726,242478.6975841829,250275.97929946362,118756.42288399104,110959.14116871031,151519.5564154726,interactive_short,True,32
exact_bucket,264,131728.24771670968,204564.94806752584,259187.97428564317,127459.72656893349,72836.70035081616,181728.24771670968,interactive_medium,True,64
exact_bucket,265,132675.39512974554,237490.08243038884,259493.15135757223,126817.7562278267,104814.6873006433,182675.39512974554,interactive_medium,True,64
exact_bucket,266,133539.31140441404,242478.6975841829,250275.97929946362,116736.66789504958,108939.38617976886,153539.31140441404,interactive_short,True,32
exact_bucket,267,133595.0783204847,159325.01384274507,221242.8954465658,87647.81712608109,25729.935522260377,233595.0783204847,interactive_long,False,256
exact_bucket,268,135214.4590302736,242993.93681707972,260008.39059046906,124793.93156019546,107779.47778680612,155214.4590302736,interactive_short,True,32
exact_bucket,269,135719.1901512949,243818.71605023782,260148.9103812591,124429.72022996421,108099.52589894293,155719.1901512949,interactive_short,True,32
exact_bucket,270,136601.38092833833,237490.08243038884,259493.15135757223,122891.7704292339,100888.7015020505,186601.38092833833,interactive_medium,True,64
exact_bucket,271,137215.69923666838,243818.71605023782,260148.9103812591,122933.21114459072,106603.01681356944,157215.69923666838,interactive_short,True,32
exact_bucket,272,137501.59529831857,243959.23584102787,260289.43017204915,122787.83487373058,106457.6405427093,157501.59529831857,interactive_short,True,32
exact_bucket,273,138163.34016449633,138226.80913208245,261921.86840438325,123758.52823988692,63.46896758611547,188163.34016449633,interactive_medium,True,128
exact_bucket,274,139846.35758013828,244193.4354923446,262156.0680557,122309.7104755617,104347.07791220632,159846.35758013828,interactive_short,True,32
exact_bucket,275,140003.76939162516,244427.63514366135,262390.2677070167,122386.49831539157,104423.86575203619,160003.76939162516,interactive_short,True,32
exact_bucket,276,140829.41841341698,244427.63514366135,262390.2677070167,121560.84929359975,103598.21673024437,160829.41841341698,interactive_short,True,32
exact_bucket,277,141215.70077058361,247465.58348366275,263701.78575439047,122486.08498380685,106249.88271307913,161215.70077058361,interactive_short,True,32
exact_bucket,278,141546.03834942429,248261.86229813966,264498.0645688674,122952.0262194431,106715.82394871538,161546.03834942429,interactive_short,True,32
exact_bucket,279,141832.01178287735,248496.0619494564,264717.6267419768,122885.61495909948,106664.05016657905,161832.01178287735,interactive_short,True,32
exact_bucket,280,142488.58246041604,237490.08243038884,259493.15135757223,117004.56889715619,95001.49996997279,192488.58246041604,interactive_medium,True,64
exact_bucket,281,142644.84009221112,259493.15135757223,266275.05442323314,123630.21433102203,116848.31126536112,162644.84009221112,interactive_short,True,32
exact_bucket,282,143599.14347868544,259493.15135757223,266275.05442323314,122675.91094454771,115894.0078788868,163599.14347868544,interactive_short,True,32
exact_bucket,283,144487.27659124596,259493.15135757223,266275.05442323314,121787.77783198719,115005.87476632628,164487.27659124596,interactive_short,True,32
exact_bucket,284,144532.60171227608,259493.15135757223,266275.05442323314,121742.45271095706,114960.54964529615,164532.60171227608,interactive_short,True,32
exact_bucket,285,145599.5766970882,145809.75028808857,267056.21793054533,121456.64123345714,210.1735910003772,195599.5766970882,interactive_medium,True,128
exact_bucket,286,145739.34333865045,237490.08243038884,259493.15135757223,113753.80801892179,91750.73909173839,195739.34333865045,interactive_medium,True,64
exact_bucket,287,146051.81521778315,259493.15135757223,266275.05442323314,120223.23920545,113441.33613978908,166051.81521778315,interactive_short,True,32
exact_bucket,288,146523.0449304966,259493.15135757223,266275.05442323314,119752.00949273654,112970.10642707563,166523.0449304966,interactive_short,True,32
exact_bucket,289,146761.2484172821,260008.39059046906,267354.53658903,120593.2881717479,113247.14217318696,166761.2484172821,interactive_short,True,32
exact_bucket,290,146775.80836542114,260148.9103812591,267425.7262688957,120649.91790347459,113373.10201583797,166775.80836542114,interactive_short,True,32
exact_bucket,291,147727.5546095749,237490.08243038884,259493.15135757223,111765.59674799733,89762.52782081394,197727.5546095749,interactive_medium,True,64
exact_bucket,292,147827.90320352226,260148.9103812591,267425.7262688957,119597.82306537346,112321.00717773684,167827.90320352226,interactive_short,True,32
exact_bucket,293,147947.1078509365,261921.86840438325,267660.73404688045,119713.62619594394,113974.76055344674,167947.1078509365,interactive_short,True,32
exact_bucket,294,148746.43685547588,237490.08243038884,259493.15135757223,110746.71450209635,88743.64557491295,198746.43685547588,interactive_medium,True,64
exact_bucket,295,148954.45134274074,262156.0680557,267974.0777508601,119019.62640811934,113201.61671295925,168954.45134274074,interactive_short,True,32
exact_bucket,296,150015.9181405525,262390.2677070167,268209.0855288448,118193.16738829229,112374.34956646423,170015.9181405525,interactive_short,True,32
exact_bucket,297,150619.88136260773,262390.2677070167,268209.0855288448,117589.20416623706,111770.386344409,170619.88136260773,interactive_short,True,32
exact_bucket,298,150781.54882081208,263701.78575439047,269010.4322120443,118228.88339123223,112920.23693357839,170781.54882081208,interactive_short,True,32
exact_bucket,299,150786.6503149878,237490.08243038884,259493.15135757223,108706.50104258442,86703.43211540102,200786.6503149878,interactive_medium,True,64
exact_bucket_wait,0,0.0,2000.0,6519.209792391823,6519.209792391823,2000.0,20000.0,interactive_short,False,32
exact_bucket_wait,1,1171.331658964187,2000.0,6519.209792391823,5347.8781334276355,828.668341035813,21171.331658964187,interactive_short,False,32
exact_bucket_wait,2,1565.7096795727393,2000.0,6519.209792391823,4953.500112819083,434.29032042726067,21565.70967957274,interactive_short,False,32
exact_bucket_wait,3,2465.3888732375417,2470.0155559694394,7388.967686425366,4923.578813187824,4.626682731897745,22465.38887323754,interactive_short,False,32
exact_bucket_wait,4,2902.135697588422,7388.967686425366,13727.567590301096,10825.431892712673,4486.831988836944,52902.13569758842,interactive_medium,False,64
exact_bucket_wait,5,2982.2751151728585,3034.034223132767,14096.432041124928,11114.15692595207,51.759107959908306,22982.27511517286,interactive_short,False,32
exact_bucket_wait,6,3050.4402075585945,7388.967686425366,13727.567590301096,10677.127382742501,4338.527478866772,53050.4402075586,interactive_medium,False,64
exact_bucket_wait,7,3234.7115731194913,3269.0420011174865,14210.604371141828,10975.892798022336,34.33042799799523,23234.71157311949,interactive_short,False,32
exact_bucket_wait,8,4380.9373226986045,4397.079335444141,14685.650307299287,10304.712984600683,16.142012745536704,24380.937322698606,interactive_short,False,32
exact_bucket_wait,9,5176.054822046136,5180.16581396637,15983.503917119151,10807.449095073014,4.110991920233573,25176.054822046135,interactive_short,False,32
exact_bucket_wait,10,6161.626789000866,6183.601301596589,17458.532874998233,11296.906085997367,21.974512595723354,26161.626789000868,interactive_short,False,32
exact_bucket_wait,11,7307.571222693039,7365.237793136814,18278.23165460675,10970.66043191371,57.66657044377462,27307.57122269304,interactive_short,False,32
exact_bucket_wait,12,7425.480833787537,13727.567590301096,18316.289097945715,10890.808264158179,6302.086756513559,27425.480833787537,interactive_short,False,32
exact_bucket_wait,13,7569.008461074401,13727.567590301096,18316.289097945715,10747.280636871314,6158.559129226695,27569.0084610744,interactive_short,False,32
exact_bucket_wait,14,7623.243144680727,13727.567590301096,18316.289097945715,10693.045953264987,6104.324445620369,27623.243144680728,interactive_short,False,32
exact_bucket_wait,15,8380.57126688595,13727.567590301096,18316.289097945715,9935.717831059765,5346.9963234151455,28380.57126688595,interactive_short,False,32
exact_bucket_wait,16,9458.234757895287,13727.567590301096,18316.289097945715,8858.054340050428,4269.332832405809,29458.234757895287,interactive_short,False,32
exact_bucket_wait,17,9718.990506869739,13727.567590301096,18316.289097945715,8597.298591075976,4008.577083431357,29718.99050686974,interactive_short,False,32
exact_bucket_wait,18,10203.653686584274,10243.436517309801,23584.46319023978,13380.809503655508,39.782830725527674,60203.65368658427,interactive_medium,False,64
exact_bucket_wait,19,10287.598785380122,13727.567590301096,18316.289097945715,8028.690312565594,3439.9688049209744,30287.59878538012,interactive_short,False,32
exact_bucket_wait,20,11616.379637436165,11628.693449944894,25809.269779017355,14192.89014158119,12.313812508729825,61616.37963743616,interactive_medium,False,64
exact_bucket_wait,21,12616.161631916308,13727.567590301096,18316.289097945715,5700.1274660294075,1111.4059583847884,32616.161631916308,interactive_short,False,32
exact_bucket_wait,22,14485.323239382093,14495.363090604455,26517.776592918446,12032.453353536353,10.039851222361904,34485.323239382094,interactive_short,False,32
exact_bucket_wait,23,15317.723820262268,15336.52738035672,27390.489834715198,12072.766014452929,18.803560094451313,35317.72382026227,interactive_short,False,32
exact_bucket_wait,24,16383.791537594923,27390.489834715198,36890.41471233626,20506.62317474134,11006.698297120274,66383.79153759492,interactive_medium,False,128
exact_bucket_wait,25,16396.340895587342,16430.981904846132,38201.9327597098,21805.59186412246,34.64100925879029,36396.340895587346,interactive_short,True,32
exact_bucket_wait,26,17063.31420335273,17077.958441608564,38998.21157418659,21934.897370833864,14.644238255834352,37063.314203352726,interactive_short,True,32
exact_bucket_wait,27,17265.18659866415,17282.883136510693,39232.411225503296,21967.224626839146,17.696537846542924,37265.18659866415,interactive_short,True,32
exact_bucket_wait,28,18600.678603606862,18610.131477595583,41464.56352304213,22863.88491943527,9.452873988720967,68600.67860360687,interactive_medium,False,64
exact_bucket_wait,29,19411.01686580571,25809.269779017355,42635.56177962565,23224.54491381994,6398.252913211647,39411.01686580571,interactive_short,True,32
exact_bucket_wait,30,20408.802516297103,20436.15197970548,44754.36259330514,24345.560077008035,27.349463408376323,70408.8025162971,interactive_medium,False,64
exact_bucket_wait,31,21241.14390401677,21275.70163584796,45451.910186286055,24210.766282269284,34.55773183118799,71241.14390401678,interactive_medium,False,64
exact_bucket_wait,32,21396.316179153477,25809.269779017355,42635.56177962565,21239.24560047217,4412.9535998638785,41396.31617915348,interactive_short,True,32
exact_bucket_wait,33,22170.4276389915,27390.489834715198,36890.41471233626,14719.987073344764,5220.062195723698,72170.4276389915,interactive_medium,False,128
exact_bucket_wait,34,22227.625817309778,25809.269779017355,42635.56177962565,20407.93596231587,3581.6439617075775,42227.625817309774,interactive_short,True,32
exact_bucket_wait,35,23256.140245383693,25809.269779017355,42635.56177962565,19379.421534241956,2553.1295336336625,43256.14024538369,interactive_short,False,32
exact_bucket_wait,36,24234.197644985197,24256.102915153766,47282.97261786088,23048.774972875686,21.905270168568677,74234.1976449852,interactive_medium,False,64
exact_bucket_wait,37,24359.990838893827,25809.269779017355,42635.56177962565,18275.57094073182,1449.2789401235277,44359.99083889383,interactive_short,False,32
exact_bucket_wait,38,25207.997182895815,25305.539985331867,48412.503034003515,23204.5058511077,97.54280243605172,75207.99718289581,interactive_medium,False,64
exact_bucket_wait,39,25516.371104321515,25809.269779017355,42635.56177962565,17119.190675304133,292.8986746958399,45516.371104321515,interactive_short,False,32
exact_bucket_wait,40,25698.430154521036,39232.411225503296,48916.232827689004,23217.802673167967,13533.98107098226,75698.43015452103,interactive_medium,False,64
exact_bucket_wait,41,26491.646196213445,26517.776592918446,49806.191502692476,23314.54530647903,26.13039670500075,46491.64619621345,interactive_short,True,32
exact_bucket_wait,42,26620.769639286056,26629.646089850197,49946.7112934825,23325.941654196442,8.876450564141123,46620.76963928605,interactive_short,True,32
exact_bucket_wait,43,26632.7441066642,26670.325906916285,49993.55122374584,23360.80711708164,37.581800252086396,46632.7441066642,interactive_short,True,32
exact_bucket_wait,44,26740.040332569013,26746.440793594218,50087.23108427252,23347.190751703507,6.400461025205004,46740.04033256901,interactive_short,True,32
exact_bucket_wait,45,26938.983743960976,26951.365488496347,50321.43073558922,23382.446991628247,12.381744535370672,46938.98374396098,interactive_short,True,32
exact_bucket_wait,46,27937.833208212847,36890.41471233626,50789.83003822263,22851.996830009783,8952.581504123416,47937.83320821285,interactive_short,True,32
exact_bucket_wait,47,29641.779642182315,36890.41471233626,50789.83003822263,21148.050396040315,7248.635070153949,49641.779642182315,interactive_short,True,32
exact_bucket_wait,48,29805.424400657474,38201.9327597098,52101.34808559617,22295.923684938694,8396.508359052328,49805.42440065747,interactive_short,True,32
exact_bucket_wait,49,30318.31224161087,38998.21157418659,52897.62690007296,22579.314658462088,8679.899332575722,50318.31224161087,interactive_short,True,32
exact_bucket_wait,50,30573.45711226591,41464.56352304213,53131.82655138966,22558.36943912375,10891.106410776221,50573.45711226591,interactive_short,True,32
exact_bucket_wait,51,32559.069997750434,48916.232827689004,54302.82480797318,21743.754810222745,16357.16282993857,52559.069997750434,interactive_short,True,32
exact_bucket_wait,52,32943.237885531045,48916.232827689004,54302.82480797318,21359.586922442133,15972.994942157959,52943.237885531045,interactive_short,True,32
exact_bucket_wait,53,34343.62615416367,34409.97423375206,66229.26152777516,31885.63537361149,66.34807958838792,84343.62615416368,interactive_medium,False,128
exact_bucket_wait,54,34404.90308858237,48916.232827689004,54302.82480797318,19897.92171939081,14511.329739106637,54404.90308858237,interactive_short,False,32
exact_bucket_wait,55,36164.90386883638,48916.232827689004,54302.82480797318,18137.9209391368,12751.328958852624,56164.90386883638,interactive_short,False,32
exact_bucket_wait,56,36263.2568171127,48916.232827689004,54302.82480797318,18039.56799086048,12652.976010576305,56263.2568171127,interactive_short,False,32
exact_bucket_wait,57,37905.42174307683,39232.411225503296,48916.232827689004,11010.81108461217,1326.989482426463,87905.42174307683,interactive_medium,False,64
exact_bucket_wait,58,38059.6814870708,48916.232827689004,54302.82480797318,16243.143320902382,10856.551340618207,58059.6814870708,interactive_short,False,32
exact_bucket_wait,59,38117.05175425955,49806.191502692476,67119.22020277877,29002.168448519224,11689.139748432928,58117.05175425955,interactive_short,True,32
exact_bucket_wait,60,38402.130622771125,67119.22020277877,87655.60701741949,49253.476394648365,28717.089580007647,138402.13062277113,interactive_long,False,256
exact_bucket_wait,61,39054.110184089855,49946.7112934825,87796.12680820953,48742.01662411968,10892.601109392643,59054.110184089855,interactive_short,True,32
exact_bucket_wait,62,39242.3138712813,49993.55122374584,87842.96673847288,48600.65286719158,10751.237352464537,59242.3138712813,interactive_short,True,32
exact_bucket_wait,63,39708.28116866232,50087.23108427252,87936.64659899958,48228.36543033726,10378.949915610203,59708.28116866232,interactive_short,True,32
exact_bucket_wait,64,40066.41032699541,40086.90702690488,89623.31763714015,49556.90731014474,20.496699909475865,90066.4103269954,interactive_medium,False,64
exact_bucket_wait,65,40309.6357467324,40365.92606409725,90105.22364803746,49795.58790130506,56.290317364851944,90309.6357467324,interactive_medium,False,64
exact_bucket_wait,66,40739.3405874416,50321.43073558922,90339.4232993542,49600.0827119126,9582.090148147625,60739.3405874416,interactive_short,True,32
exact_bucket_wait,67,40886.3399149278,50789.83003822263,90807.82260198767,49921.48268705988,9903.490123294832,60886.3399149278,interactive_short,True,32
exact_bucket_wait,68,41503.18712875418,50789.83003822263,90807.82260198767,49304.635473233495,9286.64290946845,61503.18712875418,interactive_short,True,32
exact_bucket_wait,69,41504.033483776315,52101.34808559617,92119.34064936142,50615.3071655851,10597.314601819853,61504.033483776315,interactive_short,True,32
exact_bucket_wait,70,42803.01628166911,52897.62690007296,92915.61946383833,50112.60318216922,10094.61061840385,62803.01628166911,interactive_short,True,32
exact_bucket_wait,71,43189.600889409885,54302.82480797318,100096.09714887991,56906.49625947003,11113.223918563293,93189.60088940989,interactive_medium,True,128
exact_bucket_wait,72,43825.06690327878,43891.1474469913,103951.34523605836,60126.278332779584,66.08054371252365,93825.06690327878,interactive_medium,True,64
exact_bucket_wait,73,44502.36801129497,53131.82655138966,104185.5448873751,59683.17687608013,8629.458540094689,64502.36801129497,interactive_short,True,32
exact_bucket_wait,74,45057.65251098892,66229.26152777516,105356.5431439588,60298.89063296988,21171.609016786242,65057.65251098892,interactive_short,True,32
exact_bucket_wait,75,45284.1050121679,66229.26152777516,105356.5431439588,60072.4381317909,20945.15651560726,65284.1050121679,interactive_short,True,32
exact_bucket_wait,76,45320.37627874394,54302.82480797318,100096.09714887991,54775.72087013597,8982.448529229237,95320.37627874393,interactive_medium,True,128
exact_bucket_wait,77,45866.05216119919,66229.26152777516,105356.5431439588,59490.490982759606,20363.209366575968,65866.05216119919,interactive_short,True,32
exact_bucket_wait,78,46066.4402474157,66229.26152777516,105356.5431439588,59290.102896543096,20162.821280359458,66066.44024741571,interactive_short,True,32
exact_bucket_wait,79,46254.81759363009,66229.26152777516,105356.5431439588,59101.72555032871,19974.44393414507,66254.81759363008,interactive_short,True,32
exact_bucket_wait,80,47196.80523675841,66229.26152777516,105356.5431439588,58159.73790720039,19032.45629101675,67196.8052367584,interactive_short,True,32
exact_bucket_wait,81,47832.84945106527,87655.60701741949,106246.50181896241,58413.65236789714,39822.75756635422,67832.84945106527,interactive_short,True,32
exact_bucket_wait,82,48011.41716761854,87796.12680820953,106387.02160975245,58375.60444213391,39784.70964059099,68011.41716761855,interactive_short,True,32
exact_bucket_wait,83,48196.43091610786,48290.43220523186,113495.13527048772,65298.70435437986,94.00128912399668,98196.43091610787,interactive_medium,True,64
exact_bucket_wait,84,48458.88719682506,87842.96673847288,113541.97520075107,65083.08800392601,39384.07954164782,68458.88719682506,interactive_short,True,32
exact_bucket_wait,85,48716.304343250406,90105.22364803746,113635.65506127776,64919.35071802736,41388.91930478705,68716.3043432504,interactive_short,True,32
exact_bucket_wait,86,48891.547980041694,67119.22020277877,87655.60701741949,38764.059037377796,18227.672222737077,148891.5479800417,interactive_long,False,256
exact_bucket_wait,87,48959.622702156186,90339.4232993542,113869.8547125945,64910.23201043832,41379.80059719801,68959.6227021562,interactive_short,True,32
exact_bucket_wait,88,49232.371208495235,90807.82260198767,114338.25401522798,65105.88280673275,41575.45139349244,69232.37120849523,interactive_short,True,32
exact_bucket_wait,89,50642.116378047685,90807.82260198767,114338.25401522798,63696.1376371803,40165.70622393999,70642.11637804768,interactive_short,True,32
exact_bucket_wait,90,51207.66027366786,92119.34064936142,115649.77206260173,64442.111788933864,40911.680375693555,71207.66027366786,interactive_short,True,32
exact_bucket_wait,91,52373.181085670556,103951.34523605836,116446.05087707864,64072.869791408084,51578.164150387805,72373.18108567056,interactive_short,True,32
exact_bucket_wait,92,52851.106227620774,87936.64659899958,117168.9098934246,64317.803665803825,35085.540371378804,102851.10622762077,interactive_medium,True,64
exact_bucket_wait,93,53030.12264217715,104185.5448873751,117403.10954474134,64372.98690256419,51155.42224519795,73030.12264217716,interactive_short,True,32
exact_bucket_wait,94,53427.089742079675,105356.5431439588,118574.10780132504,65147.01805924536,51929.453401879124,73427.08974207967,interactive_short,True,32
exact_bucket_wait,95,53427.29275313623,105356.5431439588,118574.10780132504,65146.81504818881,51929.25039082257,73427.29275313622,interactive_short,True,32
exact_bucket_wait,96,53596.36917897643,67119.22020277877,87655.60701741949,34059.23783844306,13522.851023802345,153596.36917897643,interactive_long,False,256
exact_bucket_wait,97,53877.3305336343,105356.5431439588,118574.10780132504,64696.77726769074,51479.2126103245,73877.33053363429,interactive_short,True,32
exact_bucket_wait,98,54311.06270019071,54388.357238269185,118874.89573281966,64563.83303262894,77.29453807847312,104311.06270019071,interactive_medium,True,128
exact_bucket_wait,99,54842.74168076337,87936.64659899958,117168.9098934246,62326.16821266123,33093.90491823621,104842.74168076337,interactive_medium,True,64
exact_bucket_wait,100,55155.47490977593,105356.5431439588,118574.10780132504,63418.63289154911,50201.06823418287,75155.47490977592,interactive_short,True,32
exact_bucket_wait,101,55447.31627792467,87936.64659899958,117168.9098934246,61721.59361549993,32489.330321074907,105447.31627792466,interactive_medium,True,64
exact_bucket_wait,102,55567.52560879221,105356.5431439588,118574.10780132504,63006.58219253283,49789.01753516659,75567.5256087922,interactive_short,True,32
exact_bucket_wait,103,55887.9796521969,105356.5431439588,118574.10780132504,62686.12814912814,49468.5634917619,75887.9796521969,interactive_short,True,32
exact_bucket_wait,104,57045.21146344357,106246.50181896241,119764.85440782327,62719.642944379695,49201.29035551884,77045.21146344357,interactive_short,True,32
exact_bucket_wait,105,57840.08979628094,113495.13527048772,119905.37419861331,62065.28440233237,55655.04547420678,77840.08979628094,interactive_short,True,32
exact_bucket_wait,106,57933.06871402434,113541.97520075107,119952.21412887666,62019.14541485232,55608.90648672673,77933.06871402434,interactive_short,True,32
exact_bucket_wait,107,57977.372604793556,113635.65506127776,120045.89398940335,62068.5213846098,55658.28245648421,77977.37260479355,interactive_short,True,32
exact_bucket_wait,108,58339.64200570052,113869.8547125945,120280.0936407201,61940.45163501957,55530.21270689398,78339.64200570053,interactive_short,True,32
exact_bucket_wait,109,58840.75814968067,58950.08685405623,132512.61408375995,73671.85593407929,109.32870437556267,108840.75814968067,interactive_medium,True,128
exact_bucket_wait,110,59044.8838343036,87936.64659899958,117168.9098934246,58124.026059121,28891.76276469598,109044.88383430359,interactive_medium,True,64
exact_bucket_wait,111,59897.922849887065,114338.25401522798,132981.01338639343,73083.09053650637,54440.33116534092,79897.92284988707,interactive_short,True,32
exact_bucket_wait,112,60593.35150273642,114338.25401522798,132981.01338639343,72387.66188365701,53744.902512491564,80593.35150273642,interactive_short,True,32
exact_bucket_wait,113,61151.936724010215,115649.77206260173,134292.53143376717,73140.59470975696,54497.83533859151,81151.93672401021,interactive_short,True,32
exact_bucket_wait,114,61279.15107416356,61373.5057124431,139498.47640194322,78219.32532777966,94.35463827953936,111279.15107416356,interactive_medium,True,128
exact_bucket_wait,115,61390.17935327033,87936.64659899958,117168.9098934246,55778.73054015427,26546.467245729247,111390.17935327033,interactive_medium,True,64
exact_bucket_wait,116,61402.54367109993,117168.9098934246,140294.75521642013,78892.2115453202,55766.36622232467,81402.54367109993,interactive_short,True,32
exact_bucket_wait,117,61542.95817139354,117403.10954474134,140528.95486773687,78985.99669634333,55860.1513733478,81542.95817139355,interactive_short,True,32
exact_bucket_wait,118,61865.26654809012,118874.89573281966,141699.95312432057,79834.68657623045,57009.629184729536,81865.26654809012,interactive_short,True,32
exact_bucket_wait,119,62812.9529528822,118874.89573281966,141699.95312432057,78887.00017143837,56061.94277993745,82812.9529528822,interactive_short,True,32
exact_bucket_wait,120,62850.76116940531,87936.64659899958,117168.9098934246,54318.14872401929,25085.885429594266,112850.7611694053,interactive_medium,True,64
exact_bucket_wait,121,63118.35534501975,118874.89573281966,141699.95312432057,78581.59777930082,55756.540387799905,83118.35534501975,interactive_short,True,32
exact_bucket_wait,122,63615.16452911471,87936.64659899958,117168.9098934246,53553.74536430989,24321.48206988487,113615.1645291147,interactive_medium,True,64
exact_bucket_wait,123,63723.27036825511,118874.89573281966,141699.95312432057,77976.68275606546,55151.62536456455,83723.27036825511,interactive_short,True,32
exact_bucket_wait,124,64319.217145619754,118874.89573281966,141699.95312432057,77380.73597870082,54555.6785871999,84319.21714561975,interactive_short,True,32
exact_bucket_wait,125,64660.19928608958,118874.89573281966,141699.95312432057,77039.753838231,54214.69644673008,84660.19928608957,interactive_short,True,32
exact_bucket_wait,126,64800.04594631269,119764.85440782327,142589.91179932418,77789.86585301149,54964.808461510576,84800.04594631269,interactive_short,True,32
exact_bucket_wait,127,65333.687082703895,65479.06236665144,150109.6100866895,84775.9230039856,145.3752839475419,115333.6870827039,interactive_medium,True,128
exact_bucket_wait,128,65336.46720655622,87936.64659899958,117168.9098934246,51832.44268686838,22600.17939244336,115336.46720655622,interactive_medium,True,64
exact_bucket_wait,129,66031.5470708113,87936.64659899958,117168.9098934246,51137.3628226133,21905.09952818828,116031.5470708113,interactive_medium,True,64
exact_bucket_wait,130,66766.48547586781,119905.37419861331,150250.12987747954,83483.64440161173,53138.8887227455,86766.48547586781,interactive_short,True,32
exact_bucket_wait,131,66822.83880134864,119952.21412887666,150296.9698077429,83474.13100639425,53129.37532752802,86822.83880134864,interactive_short,True,32
exact_bucket_wait,132,67099.65856177217,87936.64659899958,117168.9098934246,50069.25133165243,20836.988037227406,117099.65856177217,interactive_medium,True,64
exact_bucket_wait,133,67196.38217993575,92915.61946383833,151500.12153372137,84303.73935378561,25719.237283902577,117196.38217993575,interactive_medium,True,128
exact_bucket_wait,134,68781.0209150452,120045.89398940335,151593.80139424806,82812.78047920286,51264.873074358155,88781.0209150452,interactive_short,True,32
exact_bucket_wait,135,69145.88267209117,132512.61408375995,151828.0010455648,82682.11837347363,63366.73141166878,89145.88267209117,interactive_short,True,32
exact_bucket_wait,136,69171.64427204579,132981.01338639343,152296.40034819828,83124.7560761525,63809.369114347646,89171.64427204579,interactive_short,True,32
exact_bucket_wait,137,69314.95111351069,87936.64659899958,117168.9098934246,47853.95877991391,18621.69548548889,119314.95111351069,interactive_medium,False,64
exact_bucket_wait,138,70257.99612428322,87936.64659899958,117168.9098934246,46910.91376914138,17678.650474716356,120257.99612428322,interactive_medium,False,64
exact_bucket_wait,139,70562.82379256428,132981.01338639343,152296.40034819828,81733.576555634,62418.18959382916,90562.82379256428,interactive_short,True,32
exact_bucket_wait,140,71371.09685488073,139498.47640194322,153607.91839557202,82236.8215406913,68127.37954706249,91371.09685488073,interactive_short,True,32
exact_bucket_wait,141,71921.7714690968,140294.75521642013,154404.19721004894,82482.42574095214,68372.98374732333,91921.7714690968,interactive_short,True,32
exact_bucket_wait,142,74128.73462274238,140528.95486773687,154638.39686136568,80509.66223862329,66400.22024499449,94128.73462274238,interactive_short,True,32
exact_bucket_wait,143,74581.22745860655,89623.31763714015,156325.06789950645,81743.8404408999,15042.090178533603,124581.22745860655,interactive_medium,True,64
exact_bucket_wait,144,76079.48983678088,141699.95312432057,157496.06615609015,81416.57631930927,65620.4632875397,96079.48983678088,interactive_short,True,32
exact_bucket_wait,145,77189.65115054013,141699.95312432057,157496.06615609015,80306.41500555002,64510.30197378044,97189.65115054013,interactive_short,True,32
exact_bucket_wait,146,77663.86744977381,141699.95312432057,157496.06615609015,79832.19870631634,64036.08567454676,97663.86744977381,interactive_short,True,32
exact_bucket_wait,147,78299.05546796502,100096.09714887991,157977.9721669875,79678.91669902249,21797.04168091489,128299.05546796502,interactive_medium,True,64
exact_bucket_wait,148,78650.43020043183,141699.95312432057,157496.06615609015,78845.63595565832,63049.52292388874,98650.43020043183,interactive_short,True,32
exact_bucket_wait,149,79538.08545863265,141699.95312432057,157496.06615609015,77957.9806974575,62161.867665687925,99538.08545863265,interactive_short,True,32
exact_bucket_wait,150,79934.98038071344,80029.6941715397,188359.70972227157,108424.72934155812,94.71379082625208,179934.98038071344,interactive_long,True,256
exact_bucket_wait,151,81072.50475786056,141699.95312432057,157496.06615609015,76423.56139822959,60627.44836646001,101072.50475786056,interactive_short,True,32
exact_bucket_wait,152,81753.1211630551,150109.6100866895,189249.66839727518,107496.54723422008,68356.4889236344,101753.1211630551,interactive_short,True,32
exact_bucket_wait,153,82074.98970717941,150250.12987747954,189390.18818806522,107315.19848088581,68175.14017030013,102074.98970717941,interactive_short,True,32
exact_bucket_wait,154,82224.99630070727,151500.12153372137,189437.02811832857,107212.0318176213,69275.1252330141,102224.99630070727,interactive_short,True,32
exact_bucket_wait,155,82367.00053989809,151593.80139424806,189530.70797885527,107163.70743895718,69226.80085434997,102367.00053989809,interactive_short,True,32
exact_bucket_wait,156,82874.58866325446,151828.0010455648,189764.907630172,106890.31896691755,68953.41238231034,102874.58866325446,interactive_short,True,32
exact_bucket_wait,157,83600.4077929984,152296.40034819828,190233.30693280548,106632.89913980708,68695.99255519987,103600.4077929984,interactive_short,True,32
exact_bucket_wait,158,83968.74818878995,152296.40034819828,190233.30693280548,106264.55874401554,68327.65215940833,103968.74818878995,interactive_short,True,32
exact_bucket_wait,159,84461.49951628041,153607.91839557202,191544.82498017923,107083.32546389881,69146.41887929161,104461.49951628041,interactive_short,True,32
exact_bucket_wait,160,84622.01378257456,154404.19721004894,192341.10379465614,107719.09001208158,69782.18342747437,104622.01378257456,interactive_short,True,32
exact_bucket_wait,161,84662.33871189416,156325.06789950645,192575.30344597288,107912.96473407872,71662.72918761229,104662.33871189416,interactive_short,True,32
exact_bucket_wait,162,84830.58453590318,188359.70972227157,193746.30170255658,108915.7171666534,103529.12518636839,104830.58453590318,interactive_short,True,32
exact_bucket_wait,163,84989.11602135918,92915.61946383833,151500.12153372137,66511.00551236219,7926.503442479152,134989.11602135916,interactive_medium,True,128
exact_bucket_wait,164,85181.73375472365,106387.02160975245,197601.5497897355,112419.81603501184,21205.2878550288,135181.73375472365,interactive_medium,True,64
exact_bucket_wait,165,85570.16363611515,188359.70972227157,193746.30170255658,108176.13806644143,102789.54608615642,105570.16363611515,interactive_short,True,32
exact_bucket_wait,166,85644.6306604025,188359.70972227157,193746.30170255658,108101.67104215408,102715.07906186907,105644.6306604025,interactive_short,True,32
exact_bucket_wait,167,85776.13285687883,188359.70972227157,193746.30170255658,107970.16884567775,102583.57686539274,105776.13285687883,interactive_short,True,32
exact_bucket_wait,168,86368.13594607066,188359.70972227157,193746.30170255658,107378.16575648592,101991.57377620091,106368.13594607066,interactive_short,True,32
exact_bucket_wait,169,86980.93703650791,188359.70972227157,193746.30170255658,106765.36466604867,101378.77268576366,106980.93703650791,interactive_short,True,32
exact_bucket_wait,170,87014.12920202049,92915.61946383833,151500.12153372137,64485.99233170088,5901.490261817846,137014.12920202047,interactive_medium,True,128
exact_bucket_wait,171,87275.9152682983,189249.66839727518,198491.5084647391,111215.59319644081,101973.75312897688,107275.9152682983,interactive_short,True,32
exact_bucket_wait,172,87667.02594521933,189390.18818806522,198632.02825552915,110965.00231030982,101723.1622428459,107667.02594521933,interactive_short,True,32
exact_bucket_wait,173,87935.75983792882,116446.05087707864,205740.14191626527,117804.38207833645,28510.291039149815,137935.7598379288,interactive_medium,True,64
exact_bucket_wait,174,88051.62145727403,154638.39686136568,206463.00093261132,118411.3794753373,66586.77540409165,138051.621457274,interactive_medium,True,64
exact_bucket_wait,175,88324.10878252305,189437.02811832857,206509.84086287467,118185.73208035162,101112.91933580552,108324.10878252305,interactive_short,True,32
exact_bucket_wait,176,89500.19858409047,189530.70797885527,206603.52072340137,117103.3221393109,100030.5093947648,109500.19858409047,interactive_short,True,32
exact_bucket_wait,177,89938.82905232742,189764.907630172,206837.7203747181,116898.89132239069,99826.07857784459,109938.82905232742,interactive_short,True,32
exact_bucket_wait,178,90533.40889432828,190233.30693280548,207306.11967735158,116772.7107830233,99699.8980384772,110533.40889432828,interactive_short,True,32
exact_bucket_wait,179,91504.92814548327,190233.30693280548,207306.11967735158,115801.19153186832,98728.37878732222,111504.92814548327,interactive_short,True,32
exact_bucket_wait,180,92230.27968654275,154638.39686136568,206463.00093261132,114232.72124606857,62408.117174822924,142230.27968654275,interactive_medium,True,64
exact_bucket_wait,181,92469.60496286812,191544.82498017923,208617.63772472533,116148.0327618572,99075.2200173111,112469.60496286812,interactive_short,True,32
exact_bucket_wait,182,92472.56172992403,157977.9721669875,221737.02439632526,129264.46266640123,65505.41043706349,192472.56172992403,interactive_long,True,256
exact_bucket_wait,183,92689.30794681743,192341.10379465614,222533.30321080217,129843.99526398475,99651.79584783872,112689.30794681743,interactive_short,True,32
exact_bucket_wait,184,93389.45413584379,192575.30344597288,222767.5028621189,129378.04872627513,99185.8493101291,113389.45413584379,interactive_short,True,32
exact_bucket_wait,185,94349.64144954704,197601.5497897355,223938.5011187026,129588.85966915557,103251.90834018846,114349.64144954704,interactive_short,True,32
exact_bucket_wait,186,95883.04444454715,154638.39686136568,206463.00093261132,110579.95648806417,58755.352416818525,145883.04444454715,interactive_medium,True,64
exact_bucket_wait,187,96154.56502146393,197601.5497897355,223938.5011187026,127783.93609723868,101446.98476827156,116154.56502146393,interactive_short,True,32
exact_bucket_wait,188,96842.76806523936,197601.5497897355,223938.5011187026,127095.73305346325,100758.78172449613,116842.76806523936,interactive_short,True,32
exact_bucket_wait,189,97237.74284251282,197601.5497897355,223938.5011187026,126700.7582761898,100363.80694722268,117237.74284251282,interactive_short,True,32
exact_bucket_wait,190,97699.97056499714,197601.5497897355,223938.5011187026,126238.53055370547,99901.57922473835,117699.97056499714,interactive_short,True,32
exact_bucket_wait,191,97824.54668081932,197601.5497897355,223938.5011187026,126113.9544378833,99777.00310891618,117824.54668081932,interactive_short,True,32
exact_bucket_wait,192,97948.40675081649,198491.5084647391,224828.45979370622,126880.05304288973,100543.10171392262,117948.40675081649,interactive_short,True,32
exact_bucket_wait,193,98234.6118743927,98461.73469071748,230990.8100457941,132756.1981714014,227.12281632477243,148234.61187439272,interactive_medium,True,128
exact_bucket_wait,194,98249.33906051255,206463.00093261132,231131.32983658413,132881.9907760716,108213.66187209878,118249.33906051255,interactive_short,True,32
exact_bucket_wait,195,98454.1731827479,154638.39686136568,206463.00093261132,108008.82774986343,56184.22367861778,148454.1731827479,interactive_medium,True,64
exact_bucket_wait,196,99022.5513142485,206509.84086287467,231178.16976684748,132155.61845259898,107487.28954862617,119022.5513142485,interactive_short,True,32
exact_bucket_wait,197,99281.57435283644,206603.52072340137,231271.84962737418,131990.27527453774,107321.94637056493,119281.57435283644,interactive_short,True,32
exact_bucket_wait,198,99371.76291577135,157977.9721669875,221737.02439632526,122365.2614805539,58606.20925121616,199371.76291577134,interactive_long,True,256
exact_bucket_wait,199,99686.74597084758,154638.39686136568,206463.00093261132,106776.25496176374,54951.650890518096,149686.74597084758,interactive_medium,True,64
exact_bucket_wait,200,99755.0155249287,99801.37604986702,232477.5268506087,132722.51132568,46.360524938310846,149755.0155249287,interactive_medium,True,128
exact_bucket_wait,201,100241.78607765964,118574.10780132504,232691.86946807263,132450.083390413,18332.3217236654,150241.78607765964,interactive_medium,True,128
exact_bucket_wait,202,100255.45443684058,154638.39686136568,206463.00093261132,106207.54649577074,54382.9424245251,150255.45443684058,interactive_medium,True,64
exact_bucket_wait,203,100505.90879672789,206837.7203747181,232926.06911938937,132420.16032266148,106331.81157799021,120505.90879672789,interactive_short,True,32
exact_bucket_wait,204,100921.4150385529,207306.11967735158,233394.46842202285,132473.05338346993,106384.70463879868,120921.4150385529,interactive_short,True,32
exact_bucket_wait,205,100935.15307872482,207306.11967735158,233394.46842202285,132459.31534329802,106370.96659862676,120935.15307872482,interactive_short,True,32
exact_bucket_wait,206,101449.812317172,221737.02439632526,234705.9864693966,133256.1741522246,120287.21207915325,121449.812317172,interactive_short,True,32
exact_bucket_wait,207,101522.7296946453,222533.30321080217,235502.2652838735,133979.5355892282,121010.57351615687,121522.7296946453,interactive_short,True,32
exact_bucket_wait,208,101832.39787611211,222767.5028621189,235736.46493519025,133904.06705907814,120935.1049860068,121832.39787611211,interactive_short,True,32
exact_bucket_wait,209,101858.19435285182,157977.9721669875,221737.02439632526,119878.83004347344,56119.7778141357,201858.19435285183,interactive_long,True,256
exact_bucket_wait,210,102096.49008493083,223938.5011187026,236907.46319177395,134810.97310684313,121842.01103377178,122096.49008493083,interactive_short,True,32
exact_bucket_wait,211,102215.4031702405,154638.39686136568,206463.00093261132,104247.59776237082,52422.99369112517,152215.40317024052,interactive_medium,True,64
exact_bucket_wait,212,102413.29359999309,223938.5011187026,236907.46319177395,134494.16959178087,121525.20751870952,122413.29359999309,interactive_short,True,32
exact_bucket_wait,213,103129.42025505258,223938.5011187026,236907.46319177395,133778.04293672135,120809.08086365003,123129.42025505258,interactive_short,True,32
exact_bucket_wait,214,103367.73398674298,118574.10780132504,232691.86946807263,129324.13548132965,15206.373814582053,153367.73398674297,interactive_medium,True,128
exact_bucket_wait,215,104064.91705909783,157977.9721669875,221737.02439632526,117672.10733722743,53913.05510788968,204064.91705909785,interactive_long,True,256
exact_bucket_wait,216,104956.58741785116,223938.5011187026,236907.46319177395,131950.87577392277,118981.91370085145,124956.58741785116,interactive_short,True,32
exact_bucket_wait,217,105101.94510650923,154638.39686136568,206463.00093261132,101361.05582610209,49536.45175485645,155101.94510650923,interactive_medium,True,64
exact_bucket_wait,218,105144.67298181758,223938.5011187026,236907.46319177395,131762.79020995635,118793.82813688503,125144.67298181758,interactive_short,True,32
exact_bucket_wait,219,105154.45978497482,223938.5011187026,236907.46319177395,131753.0034067991,118784.04133372779,125154.45978497482,interactive_short,True,32
exact_bucket_wait,220,105542.0931084934,118574.10780132504,232691.86946807263,127149.77635957923,13032.014692831639,155542.0931084934,interactive_medium,True,128
exact_bucket_wait,221,110188.0229513581,230990.8100457941,237797.42186677756,127609.39891541946,120802.78709443599,130188.0229513581,interactive_short,True,32
exact_bucket_wait,222,110403.3839055042,231131.32983658413,237937.9416575676,127534.5577520634,120727.94593107993,130403.3839055042,interactive_short,True,32
exact_bucket_wait,223,110928.5008576382,154638.39686136568,206463.00093261132,95534.50007497313,43709.89600372748,160928.5008576382,interactive_medium,True,64
exact_bucket_wait,224,111688.37499226487,231178.16976684748,237984.78158783095,126296.40659556608,119489.79477458261,131688.37499226487,interactive_short,True,32
exact_bucket_wait,225,112215.7990092379,232691.86946807263,238078.46144835764,125862.66243911974,120476.07045883473,132215.7990092379,interactive_short,True,32
exact_bucket_wait,226,112917.48509756419,232926.06911938937,238312.66109967438,125395.1760021102,120008.58402182518,132917.48509756417,interactive_short,True,32
exact_bucket_wait,227,114411.48355905867,154638.39686136568,206463.00093261132,92051.51737355265,40226.913302307,164411.4835590587,interactive_medium,True,64
exact_bucket_wait,228,114522.65592076635,233394.46842202285,238781.06040230786,124258.40448154151,118871.8125012565,134522.65592076635,interactive_short,True,32
exact_bucket_wait,229,114532.9511984147,118574.10780132504,232691.86946807263,118158.91826965794,4041.1566029103415,164532.9511984147,interactive_medium,True,128
exact_bucket_wait,230,114615.61401057977,233394.46842202285,238781.06040230786,124165.4463917281,118778.85441144308,134615.61401057977,interactive_short,True,32
exact_bucket_wait,231,114683.07789405865,234705.9864693966,240092.5784496816,125409.50055562296,120022.90857533795,134683.07789405866,interactive_short,True,32
exact_bucket_wait,232,115236.58994548043,235502.2652838735,240888.85726415852,125652.26731867809,120265.67533839308,135236.58994548043,interactive_short,True,32
exact_bucket_wait,233,115651.61158140597,235736.46493519025,241123.05691547526,125471.44533406929,120084.85335378427,135651.61158140597,interactive_short,True,32
exact_bucket_wait,234,115774.53917908373,236907.46319177395,242294.05517205896,126519.51599297523,121132.92401269022,135774.53917908372,interactive_short,True,32
exact_bucket_wait,235,116375.63466086773,236907.46319177395,242294.05517205896,125918.42051119123,120531.82853090622,136375.63466086774,interactive_short,True,32
exact_bucket_wait,236,117103.77444832464,154638.39686136568,206463.00093261132,89359.22648428669,37534.62241304104,167103.77444832464,interactive_medium,True,64
exact_bucket_wait,237,117195.60916673344,236907.46319177395,242294.05517205896,125098.44600532552,119711.8540250405,137195.60916673345,interactive_short,True,32
exact_bucket_wait,238,117662.89697720333,236907.46319177395,242294.05517205896,124631.15819485563,119244.56621457062,137662.89697720332,interactive_short,True,32
exact_bucket_wait,239,118351.91257873364,236907.46319177395,242294.05517205896,123942.14259332532,118555.55061304031,138351.91257873364,interactive_short,True,32
exact_bucket_wait,240,118412.7325508719,236907.46319177395,242294.05517205896,123881.32262118706,118494.73064090205,138412.7325508719,interactive_short,True,32
exact_bucket_wait,241,119268.19434091335,237797.42186677756,243184.01384706257,123915.81950614922,118529.2275258642,139268.19434091335,interactive_short,True,32
exact_bucket_wait,242,120940.42482065367,237937.9416575676,243324.5336378526,122384.10881719894,116997.51683691393,140940.4248206537,interactive_short,True,32
exact_bucket_wait,243,120997.624749866,121244.63541930774,243780.70659943132,122783.08184956532,247.01066944174818,170997.624749866,interactive_medium,True,128
exact_bucket_wait,244,121010.63168546757,237984.78158783095,243827.54652969466,122816.9148442271,116974.14990236338,141010.63168546755,interactive_short,True,32
exact_bucket_wait,245,121197.58383456984,154638.39686136568,206463.00093261132,85265.41709804148,33440.81302679583,171197.58383456984,interactive_medium,True,64
exact_bucket_wait,246,121763.17319740976,238078.46144835764,243921.22639022136,122158.0531928116,116315.28825094788,141763.17319740978,interactive_short,True,32
exact_bucket_wait,247,123350.27787080762,238312.66109967438,244155.4260415381,120805.14817073048,114962.38322886676,143350.27787080762,interactive_short,True,32
exact_bucket_wait,248,123602.91046126564,238781.06040230786,244623.82534417158,121020.91488290594,115178.14994104223,143602.91046126565,interactive_short,True,32
exact_bucket_wait,249,124230.56930962036,238781.06040230786,244623.82534417158,120393.25603455122,114550.4910926875,144230.56930962036,interactive_short,True,32
exact_bucket_wait,250,124270.08900736514,240092.5784496816,245935.34339154532,121665.25438418018,115822.48944231647,144270.08900736514,interactive_short,True,32
exact_bucket_wait,251,124856.67247492446,157496.06615609015,247278.1225080335,122421.45003310904,32639.39368116569,174856.67247492447,interactive_medium,True,64
exact_bucket_wait,252,125350.08593729614,240888.85726415852,248074.4013225104,122724.31538521427,115538.77132686238,145350.08593729616,interactive_short,True,32
exact_bucket_wait,253,125403.82359323137,241123.05691547526,248308.60097382715,122904.77738059578,115719.23332224389,145403.82359323138,interactive_short,True,32
exact_bucket_wait,254,126144.08410419556,157977.9721669875,221737.02439632526,95592.9402921297,31833.888062791957,226144.08410419556,interactive_long,False,256
exact_bucket_wait,255,127093.62251695,157977.9721669875,221737.02439632526,94643.40187937526,30884.34965003752,227093.62251695,interactive_long,False,256
exact_bucket_wait,256,127552.28266631918,242294.05517205896,249479.59923041085,121927.31656409167,114741.77250573978,147552.28266631917,interactive_short,True,32
exact_bucket_wait,257,127616.7991805127,242294.05517205896,249479.59923041085,121862.80004989816,114677.25599154626,147616.7991805127,interactive_short,True,32
exact_bucket_wait,258,129679.54195003705,242294.05517205896,249479.59923041085,119800.0572803738,112614.51322202191,149679.54195003706,interactive_short,True,32
exact_bucket_wait,259,130442.6314021725,130569.06129564092,252131.10456958707,121688.47316741457,126.42989346841932,180442.6314021725,interactive_medium,True,128
exact_bucket_wait,260,130655.8765238148,193746.30170255658,252479.87836607746,121824.00184226266,63090.425178741774,180655.8765238148,interactive_medium,True,64
exact_bucket_wait,261,130935.5152079981,198632.02825552915,254991.04970080886,124055.53449281075,67696.51304753104,180935.5152079981,interactive_medium,True,64
exact_bucket_wait,262,131166.9862195622,242294.05517205896,249479.59923041085,118312.61301084864,111127.06895249675,151166.9862195622,interactive_short,True,32
exact_bucket_wait,263,131519.5564154726,242294.05517205896,249479.59923041085,117960.04281493826,110774.49875658637,151519.5564154726,interactive_short,True,32
exact_bucket_wait,264,131728.24771670968,205740.14191626527,259106.58049939584,127378.33278268616,74011.8941995556,181728.24771670968,interactive_medium,True,64
exact_bucket_wait,265,132675.39512974554,245935.34339154532,259472.79298571072,126797.39785596519,113259.94826179979,182675.39512974554,interactive_medium,True,64
exact_bucket_wait,266,133539.31140441404,242294.05517205896,249479.59923041085,115940.28782599681,108754.74376764492,153539.31140441404,interactive_short,True,32
exact_bucket_wait,267,133595.0783204847,157977.9721669875,221737.02439632526,88141.94607584056,24382.89384650282,233595.0783204847,interactive_long,False,256
exact_bucket_wait,268,135214.4590302736,243184.01384706257,260362.75166071433,125148.29263044073,107969.55481678896,155214.4590302736,interactive_short,True,32
exact_bucket_wait,269,135719.1901512949,243780.70659943132,260503.27145150438,124784.08130020948,108061.51644813642,155719.1901512949,interactive_short,True,32
exact_bucket_wait,270,136601.38092833833,245935.34339154532,259472.79298571072,122871.41205737239,109333.96246320699,186601.38092833833,interactive_medium,True,64
exact_bucket_wait,271,137215.69923666838,243827.54652969466,260550.11138176773,123334.41214509934,106611.84729302628,157215.69923666838,interactive_short,True,32
exact_bucket_wait,272,137501.59529831857,243921.22639022136,260643.79124229442,123142.19594397585,106419.63109190279,157501.59529831857,interactive_short,True,32
exact_bucket_wait,273,138163.34016449633,138202.7745431972,262194.6075630118,124031.26739851548,39.434378700883826,188163.34016449633,interactive_medium,True,128
exact_bucket_wait,274,139846.35758013828,244155.4260415381,262428.80721432855,122582.44963419027,104309.06846139982,159846.35758013828,interactive_short,True,32
exact_bucket_wait,275,140003.76939162516,244623.82534417158,262897.20651696203,122893.43712533687,104620.05595254642,160003.76939162516,interactive_short,True,32
exact_bucket_wait,276,140829.41841341698,244623.82534417158,262897.20651696203,122067.78810354506,103794.4069307546,160829.41841341698,interactive_short,True,32
exact_bucket_wait,277,141215.70077058361,247278.1225080335,264208.7245643358,122993.02379375216,106062.42173744988,161215.70077058361,interactive_short,True,32
exact_bucket_wait,278,141546.03834942429,248074.4013225104,265005.0033788127,123458.9650293884,106528.36297308613,161546.03834942429,interactive_short,True,32
exact_bucket_wait,279,141832.01178287735,248308.60097382715,265224.56555192213,123392.55376904478,106476.5891909498,161832.01178287735,interactive_short,True,32
exact_bucket_wait,280,142488.58246041604,245935.34339154532,259472.79298571072,116984.21052529468,103446.76093112928,192488.58246041604,interactive_medium,True,64
exact_bucket_wait,281,142644.84009221112,259472.79298571072,266249.18902643287,123604.34893422175,116827.9528934996,162644.84009221112,interactive_short,True,32
exact_bucket_wait,282,143599.14347868544,259472.79298571072,266249.18902643287,122650.04554774743,115873.64950702529,163599.14347868544,interactive_short,True,32
exact_bucket_wait,283,144487.27659124596,259472.79298571072,266249.18902643287,121761.91243518691,114985.51639446476,164487.27659124596,interactive_short,True,32
exact_bucket_wait,284,144532.60171227608,259472.79298571072,266249.18902643287,121716.58731415679,114940.19127343464,164532.60171227608,interactive_short,True,32
exact_bucket_wait,285,145599.5766970882,145898.579045765,267086.1499271245,121486.5732300363,299.00234867678955,195599.5766970882,interactive_medium,True,128
exact_bucket_wait,286,145739.34333865045,245935.34339154532,259472.79298571072,113733.44964706028,100196.00005289487,195739.34333865045,interactive_medium,True,64
exact_bucket_wait,287,146051.81521778315,259472.79298571072,266249.18902643287,120197.37380864972,113420.97776792757,166051.81521778315,interactive_short,True,32
exact_bucket_wait,288,146523.0449304966,259472.79298571072,266249.18902643287,119726.14409593627,112949.74805521412,166523.0449304966,interactive_short,True,32
exact_bucket_wait,289,146761.2484172821,260362.75166071433,267601.42760996165,120840.17919267956,113601.50324343223,166761.2484172821,interactive_short,True,32
exact_bucket_wait,290,146775.80836542114,260503.27145150438,267672.6172898274,120896.80892440624,113727.46308608324,166775.80836542114,interactive_short,True,32
exact_bucket_wait,291,147727.5546095749,245935.34339154532,259472.79298571072,111745.23837613582,98207.78878197042,197727.5546095749,interactive_medium,True,64
exact_bucket_wait,292,147827.90320352226,260550.11138176773,267766.62040102127,119938.717197499,112722.20817824546,167827.90320352226,interactive_short,True,32
exact_bucket_wait,293,147947.1078509365,262194.6075630118,267923.2922530111,119976.18440207458,114247.49971207531,167947.1078509365,interactive_short,True,32
exact_bucket_wait,294,148746.43685547588,245935.34339154532,259472.79298571072,110726.35613023484,97188.90653606944,198746.43685547588,interactive_medium,True,64
exact_bucket_wait,295,148954.45134274074,262428.80721432855,268236.6359569907,119282.18461424997,113474.35587158782,168954.45134274074,interactive_short,True,32
exact_bucket_wait,296,150015.9181405525,262897.20651696203,268706.65151296015,118690.73337240765,112881.28837640953,170015.9181405525,interactive_short,True,32
exact_bucket_wait,297,150619.88136260773,262897.20651696203,268706.65151296015,118086.77015035241,112277.3251543543,170619.88136260773,interactive_short,True,32
exact_bucket_wait,298,150781.54882081208,264208.7245643358,269507.99819615966,118726.44937534758,113427.1757435237,170781.54882081208,interactive_short,True,32
exact_bucket_wait,299,150786.6503149878,245935.34339154532,259472.79298571072,108686.14267072291,95148.69307655751,200786.6503149878,interactive_medium,True,64
split_oldest,0,0.0,0.0,5984.154373313091,5984.154373313091,0.0,20000.0,interactive_short,False,32
split_oldest,1,1171.331658964187,1173.4005003992934,9050.416035057702,7879.084376093515,2.0688414351063784,21171.331658964187,interactive_short,False,32
split_oldest,2,1565.7096795727393,1580.2398761559743,10118.61942179979,8552.909742227052,14.53019658323501,21565.70967957274,interactive_short,False,32
split_oldest,3,2465.3888732375417,2473.2694324979093,11996.091622436066,9530.702749198525,7.8805592603675905,22465.38887323754,interactive_short,False,32
split_oldest,4,2902.135697588422,2974.6193588653114,12766.22351949432,9864.087821905898,72.4836612768895,52902.13569758842,interactive_medium,False,64
split_oldest,5,2982.2751151728585,3048.3001424090844,12804.280962833287,9822.005847660428,66.02502723622592,22982.27511517286,interactive_short,False,32
split_oldest,6,3050.4402075585945,3278.6527779426706,12968.270854593626,9917.83064703503,228.21257038407612,53050.4402075586,interactive_medium,False,64
split_oldest,7,3234.7115731194913,3320.6302607497946,13006.328297932592,9771.6167248131,85.91868763030334,23234.71157311949,interactive_short,False,32
split_oldest,8,4380.9373226986045,4408.47501275789,13667.5866969183,9286.649374219696,27.537690059285524,24380.937322698606,interactive_short,False,32
split_oldest,9,5176.054822046136,5196.963525906007,14625.574447841787,9449.519625795652,20.90870385987091,25176.054822046135,interactive_short,False,32
split_oldest,10,6161.626789000866,6223.253984407244,15834.924083140422,9673.297294139556,61.62719540637863,26161.626789000868,interactive_short,False,32
split_oldest,11,7307.571222693039,7328.811758026189,17569.600639950524,10262.029417257485,21.240535333149637,27307.57122269304,interactive_short,False,32
split_oldest,12,7425.480833787537,7473.78644923957,17841.26527900164,10415.784445214103,48.305615452032725,27425.480833787537,interactive_short,False,32
split_oldest,13,7569.008461074401,7625.541109963967,18118.174665507,10549.166204432597,56.53264888956619,27569.0084610744,interactive_short,False,32
split_oldest,14,7623.243144680727,7625.541109963967,18118.174665507,10494.93152082627,2.297965283240046,27623.243144680728,interactive_short,False,32
split_oldest,15,8380.57126688595,8452.114108696102,19564.244336100553,11183.673069214603,71.542841810151,28380.57126688595,interactive_short,False,32
split_oldest,16,9458.234757895287,9505.680017230894,21737.768055620596,12279.53329772531,47.44525933560726,29458.234757895287,interactive_short,False,32
split_oldest,17,9718.990506869739,9745.784795669166,22321.690899477657,12602.700392607918,26.794288799426795,29718.99050686974,interactive_short,False,32
split_oldest,18,10203.653686584274,10278.689274091972,23703.26297686275,13499.609290278475,75.03558750769844,60203.65368658427,interactive_medium,False,64
split_oldest,19,10287.598785380122,12059.057846646752,27209.88905739709,16922.290272016966,1771.4590612666307,30287.59878538012,interactive_short,False,32
split_oldest,20,11616.379637436165,12804.280962833287,28690.181096513566,17073.801459077404,1187.9013253971225,61616.37963743616,interactive_medium,False,64
split_oldest,21,12616.161631916308,12867.247187043973,28805.70285568535,16189.541223769043,251.08555512766543,32616.161631916308,interactive_short,False,32
split_oldest,22,14485.323239382093,14502.237330902484,32795.237351406,18309.914112023907,16.914091520391594,34485.323239382094,interactive_short,False,32
split_oldest,23,15317.723820262268,15380.957766708265,35162.07890577736,19844.35508551509,63.23394644599648,35317.72382026227,interactive_short,False,32
split_oldest,24,16383.791537594923,16514.4300716447,38170.62578305496,21786.834245460035,130.63853404977635,66383.79153759492,interactive_medium,False,128
split_oldest,25,16396.340895587342,16431.772771771488,37984.06016442044,21587.7192688331,35.43187618414595,36396.340895587346,interactive_short,True,32
split_oldest,26,17063.31420335273,17124.046238034884,39050.09446425617,21986.780260903444,60.732034682154335,37063.314203352726,interactive_short,True,32
split_oldest,27,17265.18659866415,17667.375516137115,39899.05328265782,22633.86668399367,402.18891747296584,37265.18659866415,interactive_short,True,32
split_oldest,28,18600.678603606862,18644.87356047367,41510.663663282074,22909.98505967521,44.194956866806024,68600.67860360687,interactive_medium,False,64
split_oldest,29,19411.01686580571,19526.95450378997,42573.56564397841,23162.5487781727,115.93763798426153,39411.01686580571,interactive_short,True,32
split_oldest,30,20408.802516297103,20480.22512697193,43846.35503871036,23437.552522413258,71.42261067482832,70408.8025162971,interactive_medium,False,64
split_oldest,31,21241.14390401677,21348.48615971589,44731.565995231875,23490.422091215103,107.34225569911723,71241.14390401678,interactive_medium,False,64
split_oldest,32,21396.316179153477,21898.509156017873,45146.930074989934,23750.613895836457,502.19297686439677,41396.31617915348,interactive_short,True,32
split_oldest,33,22170.4276389915,22617.885569692313,45744.023996548836,23573.596357557337,447.45793070081345,72170.4276389915,interactive_medium,False,128
split_oldest,34,22227.625817309778,23784.884888479457,46287.199777636044,24059.573960326266,1557.2590711696794,42227.625817309774,interactive_short,True,32
split_oldest,35,23256.140245383693,27375.465934628046,48105.625793529725,24849.485548146033,4119.325689244353,43256.14024538369,interactive_short,True,32
split_oldest,36,24234.197644985197,28805.70285568535,48875.757690587954,24641.560045602757,4571.505210700154,74234.1976449852,interactive_medium,False,64
split_oldest,37,24359.990838893827,28971.279732916308,48916.742629568376,24556.75179067455,4611.28889402248,44359.99083889383,interactive_short,True,32
split_oldest,38,25207.997182895815,32991.32409143652,51619.56910950719,26411.571926611374,7783.326908540708,75207.99718289581,interactive_medium,False,64
split_oldest,39,25516.371104321515,35348.64452441187,53420.982600903735,27904.61149658222,9832.273420090358,45516.371104321515,interactive_short,True,32
split_oldest,40,25698.430154521036,38201.13564585453,55710.683891195156,30012.25373667412,12502.70549133349,75698.43015452103,interactive_medium,False,64
split_oldest,41,26491.646196213445,38170.62578305496,55637.003107651384,29145.35691143794,11678.979586841513,46491.64619621345,interactive_short,True,32
split_oldest,42,26620.769639286056,39231.82430605702,56489.31868716971,29868.549047883655,12611.05466677096,46620.76963928605,interactive_short,True,32
split_oldest,43,26632.7441066642,40080.78312445866,57171.17115078437,30538.427044120173,13448.039017794465,46632.7441066642,interactive_short,True,32
split_oldest,44,26740.040332569013,41566.461056661545,58364.41296211003,31624.372629541016,14826.420724092532,46740.04033256901,interactive_short,True,32
split_oldest,45,26938.983743960976,42734.30674437569,59731.68509666542,32792.70135270444,15795.323000414712,46938.98374396098,interactive_short,True,32
split_oldest,46,27937.833208212847,43902.15243208983,61171.368913817234,33233.53570560439,15964.319223876984,47937.83320821285,interactive_short,True,32
split_oldest,47,29641.779642182315,44787.363388611346,62371.105428110415,32729.3257859281,15145.58374642903,49641.779642182315,interactive_short,True,32
split_oldest,48,29805.424400657474,45265.69369258009,63090.947336686324,33285.52293602885,15460.269291922617,49805.42440065747,interactive_short,True,32
split_oldest,49,30318.31224161087,45744.023996548836,63755.24976497032,33436.93752335945,15425.711754937965,50318.31224161087,interactive_short,True,32
split_oldest,50,30573.45711226591,46350.16600184673,65105.051818549786,34531.594706283875,15776.70888958082,50573.45711226591,interactive_short,True,32
split_oldest,51,32559.069997750434,48168.59201774041,69217.42420349874,36658.35420574831,15609.522019989978,52559.069997750434,interactive_short,True,32
split_oldest,52,32943.237885531045,48875.757690587954,70816.68013097889,37873.44224544784,15932.519805056909,52943.237885531045,interactive_short,True,32
split_oldest,53,34343.62615416367,49038.75503852159,71163.9088810662,36820.28272690254,14695.128884357917,84343.62615416368,interactive_medium,False,128
split_oldest,54,34404.90308858237,51675.36650288666,74622.09713431967,40217.194045737306,17270.463414304293,54404.90308858237,interactive_short,True,32
split_oldest,55,36164.90386883638,53550.46077782698,76558.73209692496,40393.828228088576,17385.5569089906,56164.90386883638,interactive_short,True,32
split_oldest,56,36263.2568171127,55766.48128457463,79472.98142600861,43209.724608895915,19503.22446746193,56263.2568171127,interactive_short,True,32
split_oldest,57,37905.42174307683,55807.46622355505,79535.9476502193,41630.525907142466,17902.044480478216,87905.42174307683,interactive_medium,False,64
split_oldest,58,38059.6814870708,56618.796864092954,80615.30708849443,42555.625601423635,18559.115377022157,58059.6814870708,interactive_short,True,32
split_oldest,59,38117.05175425955,57300.649327707615,81529.16761848309,43412.11586422354,19183.597573448067,58117.05175425955,interactive_short,True,32
split_oldest,60,38402.130622771125,58661.42675929548,83319.59884614982,44917.468223378695,20259.296136524354,138402.13062277113,interactive_long,False,256
split_oldest,61,39054.110184089855,59933.57495618509,84266.27851915023,45212.16833506038,20879.464772095234,59054.110184089855,interactive_short,True,32
split_oldest,62,39242.3138712813,61373.25877333691,85357.54632797804,46115.232456696736,22130.944902055606,59242.3138712813,interactive_short,True,32
split_oldest,63,39708.28116866232,62572.99528763009,86266.93616866787,46558.65500000556,22864.71411896777,59708.28116866232,interactive_short,True,32
split_oldest,64,40066.41032699541,63333.51701327209,86875.53629729246,46809.12597029706,23267.106686276682,90066.4103269954,interactive_medium,False,64
split_oldest,65,40309.6357467324,63962.72615606393,87368.37393176222,47058.738185029826,23653.090409331533,90309.6357467324,interactive_medium,False,64
split_oldest,66,40739.3405874416,65296.22711873637,88454.85397921517,47715.51339177357,24556.886531294775,60739.3405874416,interactive_short,True,32
split_oldest,67,40886.3399149278,69408.59950368533,91935.33647220535,51048.996557277555,28522.25958875753,60886.3399149278,interactive_short,True,32
split_oldest,68,41503.18712875418,71007.85543116547,93116.99425337145,51613.80712461727,29504.668302411294,61503.18712875418,interactive_short,True,32
split_oldest,69,41504.033483776315,71236.32056366264,93281.27346486137,51777.239981085055,29732.287079886322,61504.033483776315,interactive_short,True,32
split_oldest,70,42803.01628166911,74757.47504112679,96566.85769465978,53763.84141299067,31954.45875945768,62803.01628166911,interactive_short,True,32
split_oldest,71,43189.600889409885,76794.36606025333,99184.35540912636,55994.75451971648,33604.76517084345,93189.60088940989,interactive_medium,True,128
split_oldest,72,43825.06690327878,79701.44655850578,101869.82090178541,58044.75399850663,35876.379655227,93825.06690327878,interactive_medium,True,64
split_oldest,73,44502.36801129497,79664.1567261952,101827.84341897829,57325.47540768331,35161.78871490023,64502.36801129497,interactive_short,True,32
split_oldest,74,45057.65251098892,80806.48238868102,102995.87663253488,57938.224121545965,35748.8298776921,65057.65251098892,interactive_short,True,32
split_oldest,75,45284.1050121679,81720.34291866967,103955.66584396949,58671.56083180159,36436.237906501774,65284.1050121679,interactive_short,True,32
split_oldest,76,45320.37627874394,83419.85490267108,105764.7751409033,60444.39886215935,38099.47862392714,95320.37627874393,interactive_medium,True,128
split_oldest,77,45866.05216119919,84410.86665497762,106637.47731055132,60771.42514935212,38544.81449377843,65866.05216119919,interactive_short,True,32
split_oldest,78,46066.4402474157,85502.13446380543,107552.15696300646,61485.71671559076,39435.694216389726,66066.44024741571,interactive_short,True,32
split_oldest,79,46254.81759363009,86411.52430449527,108314.39000671908,62059.572413088994,40156.706710865175,66254.81759363008,interactive_short,True,32
split_oldest,80,47196.80523675841,86957.15820890917,108771.72983294666,61574.92459618825,39760.35297215076,67196.8052367584,interactive_short,True,32
split_oldest,81,47832.84945106527,87449.99584337893,109315.67140596379,61482.82195489852,39617.14639231366,67832.84945106527,interactive_short,True,32
split_oldest,82,48011.41716761854,88610.15667437566,110482.28917760625,62470.8720099877,40598.73950675711,68011.41716761855,interactive_short,True,32
split_oldest,83,48196.43091610786,92131.31898443193,114911.65593719248,66715.22502108463,43934.888068324064,98196.43091610787,interactive_medium,True,64
split_oldest,84,48458.88719682506,93240.59364779528,116597.58438166925,68138.69718484419,44781.70645097022,68458.88719682506,interactive_short,True,32
split_oldest,85,48716.304343250406,93404.8728592852,116844.42808556695,68128.12374231654,44688.56851603479,68716.3043432504,interactive_short,True,32
split_oldest,86,48891.547980041694,96851.34631581801,122342.83116806929,73451.28318802759,47959.798335776315,148891.5479800417,interactive_long,False,256
split_oldest,87,48959.622702156186,99256.7670917228,124664.7723253515,75705.14962319532,50297.14438956661,68959.6227021562,interactive_short,True,32
split_oldest,88,49232.371208495235,101998.02997776131,127634.81904781463,78402.44783931939,52765.658769266076,69232.37120849523,interactive_short,True,32
split_oldest,89,50642.116378047685,101998.02997776131,127634.81904781463,76992.70266976694,51355.913599713625,70642.11637804768,interactive_short,True,32
split_oldest,90,51207.66027366786,103197.76649205456,128777.14471030045,77569.48443663259,51990.1062183867,71207.66027366786,interactive_short,True,32
split_oldest,91,52373.181085670556,104157.55570348917,129691.0052402891,77317.82415461855,51784.37461781861,72373.18108567056,interactive_short,True,32
split_oldest,92,52851.106227620774,105875.2442668387,131353.22739197992,78502.12116435915,53024.13803921792,102851.10622762077,interactive_medium,True,64
split_oldest,93,53030.12264217715,106751.86647595487,132576.4481642675,79546.32552209034,53721.74383377772,73030.12264217716,interactive_short,True,32
split_oldest,94,53427.089742079675,107666.54612841002,133950.42910201527,80523.3393599356,54239.45638633034,73427.08974207967,interactive_short,True,32
split_oldest,95,53427.29275313623,108428.77917212264,135183.93869050613,81756.6459373699,55001.48641898641,73427.29275313622,interactive_short,True,32
split_oldest,96,53596.36917897643,108968.77629822343,136153.6375068666,82557.26832789017,55372.407119247,153596.36917897643,interactive_long,False,256
split_oldest,97,53877.3305336343,109469.42788417144,136554.6832754531,82677.35274181882,55592.097350537144,73877.33053363429,interactive_short,True,32
split_oldest,98,54311.06270019071,110715.3129709316,137790.5392201083,83479.47651991759,56404.250270740886,104311.06270019071,interactive_medium,True,128
split_oldest,99,54842.74168076337,115116.52215828306,140982.720734975,86139.97905421164,60273.780477519686,104842.74168076337,interactive_medium,True,64
split_oldest,100,55155.47490977593,116807.13825325637,142192.9002877301,87037.42537795418,61651.663343480446,75155.47490977592,interactive_short,True,32
split_oldest,101,55447.31627792467,117087.88180470915,142437.74448007875,86990.42820215409,61640.56552678448,105447.31627792466,interactive_medium,True,64
split_oldest,102,55567.52560879221,122342.83116806929,145681.35122707003,90113.82561827783,66775.30555927707,75567.5256087922,interactive_short,True,32
split_oldest,103,55887.9796521969,124855.94762553809,147488.42255345915,91600.44290126226,68967.96797334119,75887.9796521969,interactive_short,True,32
split_oldest,104,57045.21146344357,127825.99434800122,149624.05230282812,92578.84083938455,70780.78288455764,77045.21146344357,interactive_short,True,32
split_oldest,105,57840.08979628094,127825.99434800122,149624.05230282812,91783.96250654718,69985.90455172028,77840.08979628094,interactive_short,True,32
split_oldest,106,57933.06871402434,128968.32001048703,150512.4534021144,92579.38468809005,71035.2512964627,77933.06871402434,interactive_short,True,32
split_oldest,107,57977.372604793556,129882.18054047569,151289.3715598549,93311.99895506134,71904.80793568213,77977.37260479355,interactive_short,True,32
split_oldest,108,58339.64200570052,131481.43646795582,152685.708633357,94346.06662765646,73141.79446225529,78339.64200570053,interactive_short,True,32
split_oldest,109,58840.75814968067,132825.90203816822,154048.14585930403,95207.38770962336,73985.14388848755,108840.75814968067,interactive_medium,True,128
split_oldest,110,59044.8838343036,134180.3400265906,155054.60161375033,96009.71777944674,75135.456192287,109044.88383430359,interactive_medium,True,64
split_oldest,111,59897.922849887065,135400.93850892995,155788.8525628209,95890.92971293382,75503.01565904288,79897.92284988707,interactive_short,True,32
split_oldest,112,60593.35150273642,136153.6375068666,156308.66194899756,95715.31044626114,75560.28600413018,80593.35150273642,interactive_short,True,32
split_oldest,113,61151.936724010215,136699.2714112805,156886.10338195204,95734.16665794182,75547.33468727028,81151.93672401021,interactive_short,True,32
split_oldest,114,61279.15107416356,137890.79527662956,158354.13314778754,97074.98207362398,76611.644202466,111279.15107416356,interactive_medium,True,128
split_oldest,115,61390.17935327033,141101.6324789023,161801.87281755023,100411.6934642799,79711.45312563196,111390.17935327033,interactive_medium,True,64
split_oldest,116,61402.54367109993,142337.4884235575,162957.21319106605,101554.66951996612,80934.94475245755,81402.54367109993,interactive_short,True,32
split_oldest,117,61542.95817139354,142519.36639169545,163130.86539761483,101587.90722622129,80976.4082203019,81542.95817139355,interactive_short,True,32
split_oldest,118,61865.26654809012,145804.95062149386,167446.55050805942,105581.2839599693,83939.68407340374,81865.26654809012,interactive_short,True,32
split_oldest,119,62812.9529528822,147612.02194788298,169834.3808038344,107021.42785095221,84799.06899500078,82812.9529528822,interactive_short,True,32
split_oldest,120,62850.76116940531,149784.94152956252,172761.3057694954,109910.5446000901,86934.18036015722,112850.7611694053,interactive_medium,True,64
split_oldest,121,63118.35534501975,149747.65169725195,172656.3620624776,109538.00671745784,86629.2963522322,83118.35534501975,interactive_short,True,32
split_oldest,122,63615.16452911471,150690.94138549684,173846.68317666586,110231.51864755116,87075.77685638214,113615.1645291147,interactive_medium,True,64
split_oldest,123,63723.27036825511,151454.94843708584,174610.0413953844,110886.7710271293,87731.67806883073,83723.27036825511,interactive_short,True,32
split_oldest,124,64319.217145619754,152851.28551058794,176129.56976542305,111810.35261980329,88532.06836496819,84319.21714561975,interactive_short,True,32
split_oldest,125,64660.19928608958,154048.14585930403,177432.0226540276,112771.82336793802,89387.94657321446,84660.19928608957,interactive_short,True,32
split_oldest,126,64800.04594631269,155110.3990071298,178734.47554263214,113934.42959631945,90310.35306081711,84800.04594631269,interactive_short,True,32
split_oldest,127,65333.687082703895,156007.8722369323,180006.4185684371,114672.73148573321,90674.18515422841,115333.6870827039,interactive_medium,True,128
split_oldest,128,65336.46720655622,156487.14993238,180587.3402888589,115250.87308230267,91150.68272582379,115336.46720655622,interactive_medium,True,64
split_oldest,129,66031.5470708113,157082.19012198257,181171.26313271592,115139.71606190462,91050.64305117127,116031.5470708113,interactive_medium,True,64
split_oldest,130,66766.48547586781,158354.13314778754,182149.56131492744,115383.07583905963,91587.64767191972,86766.48547586781,interactive_short,True,32
split_oldest,131,66822.83880134864,161857.6702109297,185336.32075840476,118513.48195705612,95034.83140958106,86822.83880134864,interactive_short,True,32
split_oldest,132,67099.65856177217,163130.86539761483,186782.7623596854,119683.10379791324,96031.20683584266,117099.65856177217,interactive_medium,True,64
split_oldest,133,67196.38217993575,163427.0600678295,187015.60194436918,119819.21976443342,96230.67788789375,117196.38217993575,interactive_medium,True,128
split_oldest,134,68781.0209150452,167633.11612669393,189424.34263236172,120643.32171731652,98852.09521164873,88781.0209150452,interactive_short,True,32
split_oldest,135,69145.88267209117,170020.94642246893,191482.1522354991,122336.26956340791,100875.06375037775,89145.88267209117,interactive_short,True,32
split_oldest,136,69171.64427204579,172842.9276811121,193999.6864822754,124828.04221022961,103671.28340906632,89171.64427204579,interactive_short,True,32
split_oldest,137,69314.95111351069,172873.43754391168,194083.64144788965,124768.69033437896,103558.486430401,119314.95111351069,interactive_medium,True,64
split_oldest,138,70257.99612428322,173958.81495108214,194963.9300672557,124705.93394297246,103700.81882679892,120257.99612428322,interactive_medium,True,64
split_oldest,139,70562.82379256428,174796.60701401893,195531.73901941866,124968.91522685438,104233.78322145465,90562.82379256428,interactive_short,True,32
split_oldest,140,71371.09685488073,176316.13538405756,196598.86528061633,125227.7684257356,104945.03852917683,91371.09685488073,interactive_short,True,32
split_oldest,141,71921.7714690968,177618.5882726621,197513.54493307148,125591.77346397468,105696.8168035653,91921.7714690968,interactive_short,True,32
split_oldest,142,74128.73462274238,178921.04116126665,198428.22458552662,124299.48996278424,104792.30653852427,94128.73462274238,interactive_short,True,32
split_oldest,143,74581.22745860655,180036.92843123668,199232.43511204637,124651.20765343982,105455.70097263013,124581.22745860655,interactive_medium,True,64
split_oldest,144,76079.48983678088,180643.13768223836,199719.98654386448,123640.4967070836,104563.64784545748,96079.48983678088,interactive_short,True,32
split_oldest,145,77189.65115054013,181227.0605260954,200281.21875922635,123091.56760868622,104037.40937555526,97189.65115054013,interactive_short,True,32
split_oldest,146,77663.86744977381,182289.31367392116,201403.6831899501,123739.81574017629,104625.44622414735,97663.86744977381,interactive_short,True,32
split_oldest,147,78299.05546796502,185509.97296495354,204844.7572656651,126545.70179770008,107210.91749698852,128299.05546796502,interactive_medium,True,64
split_oldest,148,78650.43020043183,186838.55975306488,205973.31797697995,127322.88777654812,108188.12955263305,98650.43020043183,interactive_short,True,32
split_oldest,149,79538.08545863265,187015.60194436918,206139.58449629482,126601.49903766217,107477.51648573653,99538.08545863265,interactive_short,True,32
split_oldest,150,79934.98038071344,189629.5423959008,211140.4204129872,131205.44003227376,109694.56201518734,179934.98038071344,interactive_long,True,256
split_oldest,151,81072.50475786056,191638.51888370977,212886.0365110043,131813.53175314373,110566.01412584921,101072.50475786056,interactive_short,True,32
split_oldest,152,81753.1211630551,194156.05313048608,215102.05701775194,133348.93585469684,112402.93196743098,101753.1211630551,interactive_short,True,32
split_oldest,153,82074.98970717941,194156.05313048608,215102.05701775194,133027.06731057254,112081.06342330667,102074.98970717941,interactive_short,True,32
split_oldest,154,82224.99630070727,195036.34174985212,215954.37259727027,133729.37629656302,112811.34544914485,102224.99630070727,interactive_short,True,32
split_oldest,155,82367.00053989809,195646.1281848222,216701.9886330308,134334.9880931327,113279.12764492413,102367.00053989809,interactive_short,True,32
split_oldest,156,82874.58866325446,196713.25444601988,218055.50960252687,135180.92093927242,113838.66578276543,102874.58866325446,interactive_short,True,32
split_oldest,157,83600.4077929984,197627.93409847503,219215.6704335235,135615.26264052512,114027.52630547663,103600.4077929984,interactive_short,True,32
split_oldest,158,83968.74818878995,198542.61375093018,220233.04900319967,136264.30081440974,114573.86556214023,103968.74818878995,interactive_short,True,32
split_oldest,159,84461.49951628041,199304.8467946428,221121.45010248595,136659.95058620552,114843.34727836239,104461.49951628041,interactive_short,True,32
split_oldest,160,84622.01378257456,199866.07901000467,221667.08400689985,137045.0702243253,115244.06522743011,104622.01378257456,interactive_short,True,32
split_oldest,161,84662.33871189416,200427.31122536655,222212.71791131375,137550.37919941958,115764.97251347238,104662.33871189416,interactive_short,True,32
split_oldest,162,84830.58453590318,201549.7756560903,223303.98572014156,138473.40118423838,116719.19112018711,104830.58453590318,interactive_short,True,32
split_oldest,163,84989.11602135918,204958.15388724196,226722.37728245236,141733.2612610932,119969.03786588278,134989.11602135916,interactive_medium,True,128
split_oldest,164,85181.73375472365,206139.58449629482,227782.68393166663,142600.95017694298,120957.85074157116,135181.73375472365,interactive_medium,True,64
split_oldest,165,85570.16363611515,206341.47435581448,227879.1611421122,142308.99750599705,120771.31071969934,105570.16363611515,interactive_short,True,32
split_oldest,166,85644.6306604025,211140.4204129872,231068.02983523716,145423.39917483466,125495.78975258471,105644.6306604025,interactive_short,True,32
split_oldest,167,85776.13285687883,213015.51468792753,233508.73461010953,147732.6017532307,127239.3818310487,105776.13285687883,interactive_short,True,32
split_oldest,168,86368.13594607066,215231.53519467518,236478.78133257266,150110.645386502,128863.39924860452,106368.13594607066,interactive_short,True,32
split_oldest,169,86980.93703650791,215231.53519467518,236478.78133257266,149497.84429606475,128250.59815816727,106980.93703650791,interactive_short,True,32
split_oldest,170,87014.12920202049,216195.58900107624,237739.87061264864,150725.74141062814,129181.45979905575,137014.12920202047,interactive_medium,True,128
split_oldest,171,87275.9152682983,216857.29132819126,238430.5415691194,151154.6263008211,129581.37605989297,107275.9152682983,interactive_short,True,32
split_oldest,172,87667.02594521933,218210.81229768734,239786.1369327682,152119.11098754886,130543.78635246801,107667.02594521933,interactive_short,True,32
split_oldest,173,87935.75983792882,219411.65294575007,241032.03078150997,153096.27094358113,131475.89310782123,137935.7598379288,interactive_medium,True,64
split_oldest,174,88051.62145727403,220393.93822993408,242088.3771247492,154036.75566747517,132342.31677266007,138051.621457274,interactive_medium,True,64
split_oldest,175,88324.10878252305,221266.03823831334,242808.6326856547,154484.52390313166,132941.9294557903,108324.10878252305,interactive_short,True,32
split_oldest,176,89500.19858409047,221811.67214272724,243265.97251188228,153765.7739277918,132311.4735586368,109500.19858409047,interactive_short,True,32
split_oldest,177,89938.82905232742,222357.30604714114,243723.31233810986,153784.48328578245,132418.4769948137,109938.82905232742,interactive_short,True,32
split_oldest,178,90533.40889432828,223448.57385596895,244932.71319982508,154399.3043054968,132915.16496164066,110533.40889432828,interactive_short,True,32
split_oldest,179,91504.92814548327,226722.37728245236,248728.30796510918,157223.37981962593,135217.4491369691,111504.92814548327,interactive_short,True,32
split_oldest,180,92230.27968654275,227879.1611421122,250369.54137539645,158139.2616888537,135648.88145556944,142230.27968654275,interactive_medium,True,64
split_oldest,181,92469.60496286812,227997.92475970235,250538.43026843845,158068.82530557032,135528.31979683423,112469.60496286812,interactive_short,True,32
split_oldest,182,92472.56172992403,231342.84690272805,254925.9443442038,162453.38261427978,138870.28517280403,192472.56172992403,interactive_long,True,256
split_oldest,183,92689.30794681743,233699.90991029612,257075.28791976106,164385.97997294363,141010.6019634787,112689.30794681743,interactive_short,True,32
split_oldest,184,93389.45413584379,236669.95663275925,260024.34590082063,166634.89176497684,143280.50249691546,113389.45413584379,interactive_short,True,32
split_oldest,185,94349.64144954704,236669.95663275925,260024.34590082063,165674.7044512736,142320.31518321222,114349.64144954704,interactive_short,True,32
split_oldest,186,95883.04444454715,237849.57212755564,261314.67808762827,165431.63364308112,141966.5276830085,145883.04444454715,interactive_medium,True,64
split_oldest,187,96154.56502146393,238586.90821733008,262257.3926630283,166102.8276415644,142432.34319586615,116154.56502146393,interactive_short,True,32
split_oldest,188,96842.76806523936,239942.50358097887,264017.334062347,167174.56599710765,143099.7355157395,116842.76806523936,interactive_short,True,32
split_oldest,189,97237.74284251282,241104.4424641064,265525.85526176303,168288.11241925022,143866.69962159358,117237.74284251282,interactive_short,True,32
split_oldest,190,97699.97056499714,242160.78880734564,267034.37646117905,169334.4058961819,144460.8182423485,117699.97056499714,interactive_short,True,32
split_oldest,191,97824.54668081932,242923.02185105826,268291.4774606924,170466.9307798731,145098.47517023893,117824.54668081932,interactive_short,True,32
split_oldest,192,97948.40675081649,243380.36167728584,269045.7380604004,171097.3313095839,145431.95492646936,117948.40675081649,interactive_short,True,32
split_oldest,193,98234.6118743927,243920.35880338663,269948.4973146151,171713.8854402224,145685.7469289939,148234.61187439272,interactive_medium,True,128
split_oldest,194,98249.33906051255,245102.8997586081,271485.8038301484,173236.46476963587,146853.56069809556,118249.33906051255,interactive_short,True,32
split_oldest,195,98454.1731827479,248935.78435620278,276712.5559468535,178258.38276410557,150481.6111734549,148454.1731827479,interactive_medium,True,64
split_oldest,196,99022.5513142485,250497.75045137235,278657.72868083505,179635.17736658655,151475.19913712385,119022.5513142485,interactive_short,True,32
split_oldest,197,99281.57435283644,250708.61682722147,278944.6056748625,179663.03132202607,151427.04247438503,119281.57435283644,interactive_short,True,32
split_oldest,198,99371.76291577135,255064.3990374565,284938.51268663973,185566.7497708684,155692.63612168515,199371.76291577134,interactive_long,True,256
split_oldest,199,99686.74597084758,257282.76431085466,287546.19077267667,187859.4448018291,157596.01834000708,149686.74597084758,interactive_medium,True,64
split_oldest,200,99755.0155249287,260308.99728801748,291099.73991711024,191344.72439218155,160553.98176308878,149755.0155249287,interactive_medium,True,128
split_oldest,201,100241.78607765964,260308.99728801748,291099.73991711024,190857.9538394506,160067.21121035784,150241.78607765964,interactive_medium,True,128
split_oldest,202,100255.45443684058,261503.13206332028,292366.15482645953,192110.70038961896,161247.6776264797,150255.45443684058,interactive_medium,True,64
split_oldest,203,100505.90879672789,262478.30300013145,293311.5521592431,192805.6433625152,161972.39420340356,120505.90879672789,interactive_short,True,32
split_oldest,204,100921.4150385529,264238.24439945014,295039.4580865268,194118.0430479739,163316.82936089725,120921.4150385529,interactive_short,True,32
split_oldest,205,100935.15307872482,265746.76559886616,296629.3029925662,195694.1499138414,164811.61252014135,120935.15307872482,interactive_short,True,32
split_oldest,206,101449.812317172,267255.2867982822,298244.9724168429,196795.16009967087,165805.47448111017,121449.812317172,interactive_short,True,32
split_oldest,207,101522.7296946453,268512.3877977955,299591.3636037401,198068.63390909482,166989.65810315023,121522.7296946453,interactive_short,True,32
split_oldest,208,101832.39787611211,269266.64839750354,300431.00584441895,198598.60796830684,167434.25052139143,121832.39787611211,interactive_short,True,32
split_oldest,209,101858.19435285182,270196.0069958385,301548.00395772926,199689.80960487743,168337.81264298665,201858.19435285183,interactive_long,True,256
split_oldest,210,102096.49008493083,271742.17096137634,302836.4021351789,200739.91205024807,169645.6808764455,122096.49008493083,interactive_short,True,32
split_oldest,211,102215.4031702405,276936.46671667026,307415.56234701,205200.1591767695,174721.06354642974,152215.40317024052,interactive_medium,True,64
split_oldest,212,102413.29359999309,278914.09581206297,309108.8937846517,206695.6001846586,176500.80221206986,122413.29359999309,interactive_short,True,32
split_oldest,213,103129.42025505258,279200.97280609043,309359.7934506306,206230.37319557805,176071.55255103786,123129.42025505258,interactive_short,True,32
split_oldest,214,103367.73398674298,285031.98877364997,314532.7855845114,211165.05159776844,181664.254786907,153367.73398674297,interactive_medium,True,128
split_oldest,215,104064.91705909783,287862.1546614718,317365.09359287587,213300.17653377802,183797.23760237393,204064.91705909785,interactive_long,True,256
split_oldest,216,104956.58741785116,291211.5189125108,319584.91904284206,214628.3316249909,186254.93149465963,124956.58741785116,interactive_short,True,32
split_oldest,217,105101.94510650923,291245.41876006586,319647.88526705274,214545.9401605435,186143.47365355663,155101.94510650923,interactive_medium,True,64
split_oldest,218,105144.67298181758,292533.7312152395,320427.3038416951,215282.6308598775,187389.05823342194,125144.67298181758,interactive_short,True,32
split_oldest,219,105154.45978497482,293521.1060308302,321084.42068765464,215929.96090267983,188366.64624585537,125154.45978497482,interactive_short,True,32
split_oldest,220,105542.0931084934,295324.8892884761,322357.9745625077,216815.8814540143,189782.7961799827,155542.0931084934,interactive_medium,True,128
split_oldest,221,110188.0229513581,296864.68138239055,323195.8715528547,213007.8486014966,186676.65843103244,130188.0229513581,interactive_short,True,32
split_oldest,222,110403.3839055042,298480.35080666724,324152.53216079186,213749.14825528767,188076.96690116305,130403.3839055042,interactive_short,True,32
split_oldest,223,110928.5008576382,299857.251856364,325012.7155582835,214084.2147006453,188928.75099872582,160928.5008576382,interactive_medium,True,64
split_oldest,224,111688.37499226487,300687.37297564687,325378.235034053,213689.8600417881,188998.997983382,131688.37499226487,interactive_short,True,32
split_oldest,225,112215.7990092379,301548.00395772926,325785.7319926296,213569.93298339169,189332.20494849136,132215.7990092379,interactive_short,True,32
split_oldest,226,112917.48509756419,303053.40195360273,326600.7259097828,213683.24081221863,190135.91685603856,132917.48509756417,interactive_short,True,32
split_oldest,227,114411.48355905867,307603.49578877824,329087.6851440496,214676.2015849909,193192.01222971955,164411.4835590587,interactive_medium,True,64
split_oldest,228,114522.65592076635,309325.8936030755,330341.7008117648,215819.04489099846,194803.23768230918,134522.65592076635,interactive_short,True,32
split_oldest,229,114532.9511984147,309670.2693560647,330690.3636454248,216157.41244701008,195137.31815764998,164532.9511984147,interactive_medium,True,128
split_oldest,230,114615.61401057977,314605.19726710784,333309.23515974893,218693.62114916916,199989.58325652807,134615.61401057977,interactive_short,True,32
split_oldest,231,114683.07789405865,317365.09359287587,334803.39067452983,220120.31278047117,202682.0156988172,134683.07789405866,interactive_short,True,32
split_oldest,232,115236.58994548043,319729.50717866945,336569.2108283618,221332.62088288137,204492.91723318901,135236.58994548043,interactive_short,True,32
split_oldest,233,115651.61158140597,319729.50717866945,336569.2108283618,220917.59924695583,204077.89559726347,135651.61158140597,interactive_short,True,32
split_oldest,234,115774.53917908373,320550.9032361189,337248.3724259895,221473.83324690576,204776.36405703519,135774.53917908372,interactive_short,True,32
split_oldest,235,116375.63466086773,321208.02008207847,337791.7017040916,221416.06704322388,204832.38542121073,136375.63466086774,interactive_short,True,32
split_oldest,236,117103.77444832464,322398.65437957377,338949.7832294921,221846.00878116745,205294.87993124913,167103.77444832464,interactive_medium,True,64
split_oldest,237,117195.60916673344,323314.63517044485,339722.7996638382,222527.19049710472,206119.0260037114,137195.60916673345,interactive_short,True,32
split_oldest,238,117662.89697720333,324271.295778382,340537.7935809914,222874.89660378807,206608.39880117867,137662.89697720332,interactive_short,True,32
split_oldest,239,118351.91257873364,325068.51295166294,341519.71377764025,223167.8011989066,206716.6003729293,138351.91257873364,interactive_short,True,32
split_oldest,240,118412.7325508719,325476.00991023955,342220.87757652916,223808.14502565726,207063.27735936764,138412.7325508719,interactive_short,True,32
split_oldest,241,119268.19434091335,325883.50686881616,342961.4086882222,223693.21434730882,206615.3125279028,139268.19434091335,interactive_short,True,32
split_oldest,242,120940.42482065367,326698.5007859694,344442.4709116082,223502.0460909545,205758.0759653157,140940.4248206537,interactive_short,True,32
split_oldest,243,120997.624749866,329255.2207643118,348983.4324579528,227985.80770808682,208257.5960144458,170997.624749866,interactive_medium,True,128
split_oldest,244,121010.63168546757,330497.0035069253,350613.56350904994,229602.9318235824,209486.37182145775,141010.63168546755,interactive_short,True,32
split_oldest,245,121197.58383456984,330728.42108876375,350919.9834524028,229722.39961783297,209530.8372541939,171197.58383456984,interactive_medium,True,64
split_oldest,246,121763.17319740976,333407.0100359355,356145.86643910705,234382.69324169727,211643.83683852572,141763.17319740978,interactive_short,True,32
split_oldest,247,123350.27787080762,334901.1655507164,359054.73350511026,235704.45563430263,211550.88767990877,143350.27787080762,interactive_short,True,32
split_oldest,248,123602.91046126564,336666.98570454837,362492.48549220496,238889.5750309393,213064.0752432827,143602.91046126565,interactive_short,True,32
split_oldest,249,124230.56930962036,336666.98570454837,362492.48549220496,238261.9161825846,212436.416394928,144230.56930962036,interactive_short,True,32
split_oldest,250,124270.08900736514,337346.14730217605,363948.70787860703,239678.6188712419,213076.0582948109,144270.08900736514,interactive_short,True,32
split_oldest,251,124856.67247492446,337930.15639734425,365252.2114809922,240395.53900606773,213073.48392241978,174856.67247492447,interactive_medium,True,64
split_oldest,252,125350.08593729614,339005.5806228715,367454.1521286475,242104.06619135133,213655.49468557537,145350.08593729616,interactive_short,True,32
split_oldest,253,125403.82359323137,339820.57454002474,369461.39650947874,244057.57291624736,214416.75094679336,145403.82359323138,interactive_short,True,32
split_oldest,254,126144.08410419556,340774.0231504306,371776.0617424045,245631.97763820892,214629.93904623503,226144.08410419556,interactive_long,True,256
split_oldest,255,127093.62251695,341824.9650449204,373274.2616116137,246180.63909466367,214731.34252797038,227093.62251695,interactive_long,True,256
split_oldest,256,127552.28266631918,342430.43144811626,373832.0967659997,246279.81409968052,214878.1487817971,147552.28266631917,interactive_short,True,32
split_oldest,257,127616.7991805127,343170.96255980927,374623.08470337937,247006.28552286667,215554.16337929657,147616.7991805127,interactive_short,True,32
split_oldest,258,129679.54195003705,344652.0247831953,376313.84326079214,246634.30131075508,214972.48283315822,149679.54195003706,interactive_short,True,32
split_oldest,259,130442.6314021725,349174.47876847105,381650.15810637677,251207.52670420427,218731.84736629855,180442.6314021725,interactive_medium,True,128
split_oldest,260,130655.8765238148,350857.0172281921,383439.9992335499,252784.12270973512,220201.14070437732,180655.8765238148,interactive_medium,True,64
split_oldest,261,130935.5152079981,351121.4596887379,383686.06312269514,252750.54791469703,220185.94448073977,180935.5152079981,interactive_medium,True,64
split_oldest,262,131166.9862195622,356376.4090520977,388192.39954842714,257025.41332886493,225209.4228325355,151166.9862195622,interactive_short,True,32
split_oldest,263,131519.5564154726,359285.2761181009,390705.5160058956,259185.95959042304,227765.71970262832,151519.5564154726,interactive_short,True,32
split_oldest,264,131728.24771670968,362750.1479832397,393738.52895256906,262010.28123585938,231021.90026653,181728.24771670968,interactive_medium,True,64
split_oldest,265,132675.39512974554,362750.1479832397,393738.52895256906,261063.13382282353,230074.75285349414,182675.39512974554,interactive_medium,True,64
split_oldest,266,133539.31140441404,364221.2279744048,394750.8833490072,261211.5719445932,230681.91656999078,153539.31140441404,interactive_short,True,32
split_oldest,267,133595.0783204847,365586.6601068099,395764.53541118646,262169.4570907018,231991.58178632523,233595.0783204847,interactive_long,True,256
split_oldest,268,135214.4590302736,367761.57298074197,396617.58677167865,261403.12774140504,232547.11395046837,155214.4590302736,interactive_short,True,32
split_oldest,269,135719.1901512949,369768.8173615732,397432.58068883186,261713.39053753696,234049.62721027833,155719.1901512949,interactive_short,True,32
split_oldest,270,136601.38092833833,371803.18162044854,398434.40892234107,261833.02799400274,235201.8006921102,186601.38092833833,interactive_medium,True,64
split_oldest,271,137215.69923666838,373274.2616116137,399213.8274969834,261998.12826031502,236058.5623749453,157215.69923666838,interactive_short,True,32
split_oldest,272,137501.59529831857,374065.24954899336,399706.6651314531,262205.06983313453,236563.6542506748,157501.59529831857,interactive_short,True,32
split_oldest,273,138163.34016449633,374988.3010714349,400323.1021603466,262159.76199585025,236824.9609069386,188163.34016449633,interactive_medium,True,128
split_oldest,274,139846.35758013828,376572.8205620231,401040.3212013132,261193.96362117495,236726.4629818848,159846.35758013828,interactive_short,True,32
split_oldest,275,140003.76939162516,381722.5697889732,403485.3029527729,263481.53356114775,241718.80039734804,160003.76939162516,interactive_short,True,32
split_oldest,276,140829.41841341698,383568.2083095258,404580.41825396265,263750.9998405457,242738.78989610882,160829.41841341698,interactive_short,True,32
split_oldest,277,141215.70077058361,383814.272198671,404739.86168861884,263524.1609180352,242598.5714280874,161215.70077058361,interactive_short,True,32
split_oldest,278,141546.03834942429,388383.5748486137,407928.73038174264,266382.69203231833,246837.53649918942,161546.03834942429,interactive_short,True,32
split_oldest,279,141832.01178287735,390896.6913060822,409855.205744686,268023.1939618087,249064.67952320483,161832.01178287735,interactive_short,True,32
split_oldest,280,142488.58246041604,393907.417845611,412240.7091972557,269752.12673683965,251418.83538519495,192488.58246041604,interactive_medium,True,64
split_oldest,281,142644.84009221112,393866.73802854493,412156.7542316415,269511.9141394304,251221.89793633381,162644.84009221112,interactive_short,True,32
split_oldest,282,143599.14347868544,394921.0699077902,412974.960146326,269375.8166676406,251321.9264291048,163599.14347868544,interactive_short,True,32
split_oldest,283,144487.27659124596,395764.53541118646,413612.73388495075,269125.4572937048,251277.2588199405,164487.27659124596,interactive_short,True,32
split_oldest,284,144532.60171227608,396715.3616478652,414831.04048267705,270298.43877040094,252182.75993558913,164532.60171227608,interactive_short,True,32
split_oldest,285,145599.5766970882,397613.0128648916,416012.7060809634,270413.12938387523,252013.43616780342,195599.5766970882,interactive_medium,True,128
split_oldest,286,145739.34333865045,398556.71065102384,416719.83495997946,270980.491621329,252817.3673123734,195739.34333865045,interactive_medium,True,64
split_oldest,287,146051.81521778315,399337.42689140723,417141.19909459766,271089.3838768145,253285.61167362408,166051.81521778315,interactive_short,True,32
split_oldest,288,146523.0449304966,399830.2645258769,417421.62735562836,270898.58242513175,253307.2195953803,166523.0449304966,interactive_short,True,32
split_oldest,289,146761.2484172821,400323.1021603466,417691.8856623926,270930.63724511047,253561.85374306448,166761.2484172821,interactive_short,True,32
split_oldest,290,146775.80836542114,401138.0960774998,418212.06236738816,271436.254001967,254362.28771207866,166775.80836542114,interactive_short,True,32
split_oldest,291,147727.5546095749,403623.7576460255,421100.4766288812,273372.9220193063,255896.2030364506,197727.5546095749,interactive_medium,True,64
split_oldest,292,147827.90320352226,404699.1818715528,422010.36330408114,274182.4601005589,256871.2786680305,167827.90320352226,interactive_short,True,32
split_oldest,293,147947.1078509365,404858.62530620897,422130.67671288317,274183.5688619467,256911.51745527246,167947.1078509365,interactive_short,True,32
split_oldest,294,148746.43685547588,408084.78383164335,424265.5786677513,275519.1418122754,259338.34697616746,198746.43685547588,interactive_medium,True,64
split_oldest,295,148954.45134274074,409994.9581036797,425691.7426519444,276737.29130920366,261040.50676093897,168954.45134274074,interactive_short,True,32
split_oldest,296,150015.9181405525,412296.50659063517,427260.613060774,277244.69492022146,262280.5884500827,170015.9181405525,interactive_short,True,32
split_oldest,297,150619.88136260773,412296.50659063517,427260.613060774,276640.73169816623,261676.62522802743,170619.88136260773,interactive_short,True,32
split_oldest,298,150781.54882081208,413093.7237639161,427772.1146004929,276990.5657796808,262312.17494310404,170781.54882081208,interactive_short,True,32
split_oldest,299,150786.6503149878,413768.78733485145,428140.51851821184,277353.86820322403,262982.13701986364,200786.6503149878,interactive_medium,True,64
canvas_aware,0,0.0,0.0,3984.090601811295,3984.090601811295,0.0,20000.0,interactive_short,False,32
canvas_aware,1,1171.331658964187,1173.4005003992934,6658.271608850944,5486.939949886757,2.0688414351063784,21171.331658964187,interactive_short,False,32
canvas_aware,2,1565.7096795727393,3051.1206961993594,11371.866015952575,9806.156336379836,1485.41101662662,21565.70967957274,interactive_short,False,32
canvas_aware,3,2465.3888732375417,3051.1206961993594,11371.866015952575,8906.477142715034,585.7318229618177,22465.38887323754,interactive_short,False,32
canvas_aware,4,2902.135697588422,3051.1206961993594,11413.8434987597,8511.707801171277,148.9849986109375,52902.13569758842,interactive_medium,False,64
canvas_aware,5,2982.2751151728585,3051.1206961993594,11371.866015952575,8389.590900779716,68.8455810265009,22982.27511517286,interactive_short,False,32
canvas_aware,6,3050.4402075585945,3051.1206961993594,11413.8434987597,8363.403291201104,0.6804886407649064,53050.4402075586,interactive_medium,False,64
canvas_aware,7,3234.7115731194913,3295.26235374267,11549.442888979995,8314.731315860503,60.550780623178525,23234.71157311949,interactive_short,False,32
canvas_aware,8,4380.9373226986045,4472.3739168979155,12037.600693773058,7656.663371074454,91.436594199311,24380.937322698606,interactive_short,False,32
canvas_aware,9,5176.054822046136,5230.956924264634,12308.799474213649,7132.744652167513,54.90210221849793,25176.054822046135,interactive_short,False,32
canvas_aware,10,6161.626789000866,6216.56756569978,12715.597644874535,6553.970855873669,54.940776698914306,26161.626789000868,interactive_short,False,32
canvas_aware,11,7307.571222693039,7357.322852614832,13119.00583077991,5811.434608086871,49.75162992179321,27307.57122269304,interactive_short,False,32
canvas_aware,12,7425.480833787537,7426.420213466016,13146.125708823969,5720.644875036432,0.9393796784788719,27425.480833787537,interactive_short,False,32
canvas_aware,13,7569.008461074401,7571.394904679398,13277.54046101532,5708.531999940919,2.386443604997112,27569.0084610744,interactive_short,False,32
canvas_aware,14,7623.243144680727,7647.272235041596,13389.272703120532,5766.029558439805,24.029090360869304,27623.243144680728,interactive_short,False,32
canvas_aware,15,8380.57126688595,8439.945386218655,14304.803918907946,5924.232652021996,59.37411933270414,28380.57126688595,interactive_short,False,32
canvas_aware,16,9458.234757895287,9514.490284570431,16105.654747256249,6647.419989360962,56.25552667514421,29458.234757895287,interactive_short,False,32
canvas_aware,17,9718.990506869739,9754.595063008703,16899.115134272008,7180.124627402269,35.604556138963744,29718.99050686974,interactive_short,False,32
canvas_aware,18,10203.653686584274,13146.125708823969,23823.160186962552,13619.506500378278,2942.4720222396954,60203.65368658427,interactive_medium,False,64
canvas_aware,19,10287.598785380122,13119.00583077991,23781.182704155428,13493.583918775306,2831.4070453997883,30287.59878538012,interactive_short,False,32
canvas_aware,20,11616.379637436165,13146.125708823969,23823.160186962552,12206.780549526387,1529.7460713878045,61616.37963743616,interactive_medium,False,64
canvas_aware,21,12616.161631916308,13119.00583077991,23781.182704155428,11165.02107223912,502.8441988636023,32616.161631916308,interactive_short,False,32
canvas_aware,22,14485.323239382093,14492.575938487953,27430.302295568476,12944.979056186383,7.252699105860302,34485.323239382094,interactive_short,False,32
canvas_aware,23,15317.723820262268,15347.07173988954,30371.603396026352,15053.879575764084,29.34791962727104,35317.72382026227,interactive_short,False,32
canvas_aware,24,16383.791537594923,17383.407404779882,36398.2182719776,20014.42673438268,999.6158671849589,66383.79153759492,interactive_medium,False,128
canvas_aware,25,16396.340895587342,17317.700028684205,36211.65265334309,19815.311757755746,921.3591330968629,36396.340895587346,interactive_short,False,32
canvas_aware,26,17063.31420335273,17317.700028684205,36211.65265334309,19148.33844999036,254.38582533147564,37063.314203352726,interactive_short,False,32
canvas_aware,27,17265.18659866415,17317.700028684205,36211.65265334309,18946.46605467894,52.51343002005524,37265.18659866415,interactive_short,False,32
canvas_aware,28,18600.678603606862,23909.467443141588,47803.36492702036,29202.686323413498,5308.788839534725,68600.67860360687,interactive_medium,False,64
canvas_aware,29,19411.01686580571,23878.95758034202,47677.43247859899,28266.41561279328,4467.940714536311,39411.01686580571,interactive_short,True,32
canvas_aware,30,20408.802516297103,23909.467443141588,47803.36492702036,27394.562410723258,3500.6649268444853,70408.8025162971,interactive_medium,False,64
canvas_aware,31,21241.14390401677,23909.467443141588,47803.36492702036,26562.22102300359,2668.3235391248163,71241.14390401678,interactive_medium,False,64
canvas_aware,32,21396.316179153477,23878.95758034202,47677.43247859899,26281.11629944551,2482.6414011885427,41396.31617915348,interactive_short,True,32
canvas_aware,33,22170.4276389915,23972.433667352274,47859.16232039983,25688.734681408332,1802.0060283607745,72170.4276389915,interactive_medium,False,128
canvas_aware,34,22227.625817309778,23878.95758034202,47677.43247859899,25449.80666128921,1651.3317630322417,42227.625817309774,interactive_short,True,32
canvas_aware,35,23256.140245383693,23878.95758034202,47677.43247859899,24421.292233215296,622.8173349583267,43256.14024538369,interactive_short,True,32
canvas_aware,36,24234.197644985197,24438.151423777985,48162.23332304878,23928.03567806358,203.9537787927875,74234.1976449852,interactive_medium,False,64
canvas_aware,37,24359.990838893827,24404.25157622291,48099.26709883809,23739.276259944265,44.26073732908117,44359.99083889383,interactive_short,True,32
canvas_aware,38,25207.997182895815,30567.690136056877,50643.316033577474,25435.31885068166,5359.692953161062,75207.99718289581,interactive_medium,False,64
canvas_aware,39,25516.371104321515,30537.18027325731,50601.33855077035,25084.967446448834,5020.809168935793,45516.371104321515,interactive_short,True,32
canvas_aware,40,25698.430154521036,36428.72813477717,53286.26931209251,27587.839157571474,10730.297980256135,75698.43015452103,interactive_medium,False,64
canvas_aware,41,26491.646196213445,36398.2182719776,53286.26931209251,26794.623115879065,9906.572075764157,46491.64619621345,interactive_short,True,32
canvas_aware,42,26620.769639286056,36398.2182719776,53286.26931209251,26665.499672806454,9777.448632691547,46620.76963928605,interactive_short,True,32
canvas_aware,43,26632.7441066642,36398.2182719776,53286.26931209251,26653.525205428312,9765.474165313404,46632.7441066642,interactive_short,True,32
canvas_aware,44,26740.040332569013,47859.16232039983,54750.7427264718,28010.702393902786,21119.12198783082,46740.04033256901,interactive_short,True,32
canvas_aware,45,26938.983743960976,47859.16232039983,54750.7427264718,27811.758982510823,20920.178576438855,46938.98374396098,interactive_short,True,32
canvas_aware,46,27937.833208212847,47859.16232039983,54750.7427264718,26812.90951825895,19921.329112186984,47937.83320821285,interactive_short,True,32
canvas_aware,47,29641.779642182315,47859.16232039983,54750.7427264718,25108.963084289484,18217.382678217517,49641.779642182315,interactive_short,True,32
canvas_aware,48,29805.424400657474,47859.16232039983,54750.7427264718,24945.318325814325,18053.737919742358,49805.42440065747,interactive_short,True,32
canvas_aware,49,30318.31224161087,47859.16232039983,54750.7427264718,24432.430484860928,17540.85007878896,50318.31224161087,interactive_short,True,32
canvas_aware,50,30573.45711226591,47859.16232039983,54750.7427264718,24177.285614205888,17285.70520813392,50573.45711226591,interactive_short,True,32
canvas_aware,51,32559.069997750434,47859.16232039983,54750.7427264718,22191.672728721365,15300.092322649398,52559.069997750434,interactive_short,True,32
canvas_aware,52,32943.237885531045,48162.23332304878,67582.0799786239,34638.84209309285,15218.995437517733,52943.237885531045,interactive_short,True,32
canvas_aware,53,34343.62615416367,54850.99878299307,80951.82128104955,46608.195126885876,20507.3726288294,84343.62615416368,interactive_medium,False,128
canvas_aware,54,34404.90308858237,54750.7427264718,80833.05766345939,46428.15457487702,20345.839637889432,54404.90308858237,interactive_short,True,32
canvas_aware,55,36164.90386883638,54750.7427264718,80833.05766345939,44668.15379462301,18585.83885763542,56164.90386883638,interactive_short,True,32
canvas_aware,56,36263.2568171127,54750.7427264718,80833.05766345939,44569.80084634669,18487.4859093591,56263.2568171127,interactive_short,True,32
canvas_aware,57,37905.42174307683,54788.03255878238,80896.02388767008,42990.60214459324,16882.61081570555,87905.42174307683,interactive_medium,False,64
canvas_aware,58,38059.6814870708,54750.7427264718,80833.05766345939,42773.37617638859,16691.061239401002,58059.6814870708,interactive_short,True,32
canvas_aware,59,38117.05175425955,54750.7427264718,80833.05766345939,42716.00590919984,16633.69097221225,58117.05175425955,interactive_short,True,32
canvas_aware,60,38402.130622771125,54906.79617637254,81024.23296364598,42622.10234087485,16504.665553601415,138402.13062277113,interactive_long,False,256
canvas_aware,61,39054.110184089855,54750.7427264718,80833.05766345939,41778.94747936953,15696.632542381943,59054.110184089855,interactive_short,True,32
canvas_aware,62,39242.3138712813,54750.7427264718,80833.05766345939,41590.74379217809,15508.428855190497,59242.3138712813,interactive_short,True,32
canvas_aware,63,39708.28116866232,54750.7427264718,80833.05766345939,41124.77649479707,15042.461557809482,59708.28116866232,interactive_short,True,32
canvas_aware,64,40066.41032699541,54788.03255878238,80896.02388767008,40829.61356067467,14721.622231786976,90066.4103269954,interactive_medium,False,64
canvas_aware,65,40309.6357467324,54788.03255878238,80896.02388767008,40586.38814093768,14478.396812049985,90309.6357467324,interactive_medium,False,64
canvas_aware,66,40739.3405874416,54750.7427264718,80833.05766345939,40093.71707601779,14011.4021390302,60739.3405874416,interactive_short,True,32
canvas_aware,67,40886.3399149278,54750.7427264718,80833.05766345939,39946.71774853159,13864.402811544001,60886.3399149278,interactive_short,True,32
canvas_aware,68,41503.18712875418,67773.25527881048,90264.5486241476,48761.36149539342,26270.0681500563,61503.18712875418,interactive_short,True,32
canvas_aware,69,41504.033483776315,81024.23296364598,99792.74289056298,58288.709406786664,39520.19947986966,61504.033483776315,interactive_short,True,32
canvas_aware,70,42803.01628166911,81024.23296364598,99792.74289056298,56989.72660889387,38221.21668197687,62803.01628166911,interactive_short,True,32
canvas_aware,71,43189.600889409885,81106.89026351919,99916.34228498681,56726.74139557692,37917.28937410931,93189.60088940989,interactive_medium,True,128
canvas_aware,72,43825.06690327878,81064.91278071207,99834.7203733701,56009.653470091325,37239.84587743329,93825.06690327878,interactive_medium,True,64
canvas_aware,73,44502.36801129497,81024.23296364598,99792.74289056298,55290.374879268005,36521.864952351,64502.36801129497,interactive_short,True,32
canvas_aware,74,45057.65251098892,81024.23296364598,99792.74289056298,54735.09037957406,35966.58045265706,65057.65251098892,interactive_short,True,32
canvas_aware,75,45284.1050121679,81024.23296364598,99792.74289056298,54508.63787839508,35740.127951478076,65284.1050121679,interactive_short,True,32
canvas_aware,76,45320.37627874394,81106.89026351919,99916.34228498681,54595.96600624287,35786.51398477525,95320.37627874393,interactive_medium,True,128
canvas_aware,77,45866.05216119919,81024.23296364598,99792.74289056298,53926.690729363785,35158.18080244678,65866.05216119919,interactive_short,True,32
canvas_aware,78,46066.4402474157,81024.23296364598,99792.74289056298,53726.302643147275,34957.79271623027,66066.44024741571,interactive_short,True,32
canvas_aware,79,46254.81759363009,81024.23296364598,99792.74289056298,53537.92529693289,34769.415370015886,66254.81759363008,interactive_short,True,32
canvas_aware,80,47196.80523675841,81024.23296364598,99792.74289056298,52595.93765380457,33827.42772688757,67196.8052367584,interactive_short,True,32
canvas_aware,81,47832.84945106527,81024.23296364598,99792.74289056298,51959.89343949771,33191.38351258071,67832.84945106527,interactive_short,True,32
canvas_aware,82,48011.41716761854,81024.23296364598,99792.74289056298,51781.325722944435,33012.81579602743,68011.41716761855,interactive_short,True,32
canvas_aware,83,48196.43091610786,81064.91278071207,99834.7203733701,51638.28945726224,32868.481864604204,98196.43091610787,interactive_medium,True,64
canvas_aware,84,48458.88719682506,90388.14801857143,105324.00042783402,56865.11323100896,41929.26082174637,68458.88719682506,interactive_short,True,32
canvas_aware,85,48716.304343250406,99916.34228498681,119503.79306490987,70787.48872165947,51200.0379417364,68716.3043432504,interactive_short,True,32
canvas_aware,86,48891.547980041694,99940.07217827535,119713.346936497,70821.7989564553,51048.52419823366,148891.5479800417,interactive_long,False,256
canvas_aware,87,48959.622702156186,99916.34228498681,119503.79306490987,70544.17036275368,50956.71958283062,68959.6227021562,interactive_short,True,32
canvas_aware,88,49232.371208495235,99916.34228498681,119503.79306490987,70271.42185641464,50683.97107649157,69232.37120849523,interactive_short,True,32
canvas_aware,89,50642.116378047685,99916.34228498681,119503.79306490987,68861.67668686219,49274.22590693912,70642.11637804768,interactive_short,True,32
canvas_aware,90,51207.66027366786,99916.34228498681,119503.79306490987,68296.13279124201,48708.682011318946,71207.66027366786,interactive_short,True,32
canvas_aware,91,52373.181085670556,99916.34228498681,119503.79306490987,67130.61197923931,47543.16119931625,72373.18108567056,interactive_short,True,32
canvas_aware,92,52851.106227620774,105433.70194274103,132607.65041285942,79756.54418523866,52582.59571512025,102851.10622762077,interactive_medium,True,64
canvas_aware,93,53030.12264217715,105396.41211043045,132544.68418864874,79514.56154647158,52366.2894682533,73030.12264217716,interactive_short,True,32
canvas_aware,94,53427.089742079675,105396.41211043045,132544.68418864874,79117.59444656907,51969.322368350775,73427.08974207967,interactive_short,True,32
canvas_aware,95,53427.29275313623,105396.41211043045,132544.68418864874,79117.39143551252,51969.11935729422,73427.29275313622,interactive_short,True,32
canvas_aware,96,53596.36917897643,105531.47681892762,132735.85948883533,79139.4903098589,51935.107639951195,153596.36917897643,interactive_long,False,256
canvas_aware,97,53877.3305336343,105396.41211043045,132544.68418864874,78667.35365501445,51519.081576796154,73877.33053363429,interactive_short,True,32
canvas_aware,98,54311.06270019071,105475.67942554815,132663.4478062389,78352.38510604818,51164.61672535744,104311.06270019071,interactive_medium,True,128
canvas_aware,99,54842.74168076337,105433.70194274103,132607.65041285942,77764.90873209605,50590.960261977656,104842.74168076337,interactive_medium,True,64
canvas_aware,100,55155.47490977593,105396.41211043045,132544.68418864874,77389.20927887282,50240.93720065452,75155.47490977592,interactive_short,True,32
canvas_aware,101,55447.31627792467,119750.63676880757,136738.03880356287,81290.72252563821,64303.3204908829,105447.31627792466,interactive_medium,True,64
canvas_aware,102,55567.52560879221,119713.346936497,136738.03880356287,81170.51319477067,64145.82132770478,75567.5256087922,interactive_short,True,32
canvas_aware,103,55887.9796521969,119713.346936497,136738.03880356287,80850.05915136597,63825.3672843001,75887.9796521969,interactive_short,True,32
canvas_aware,104,57045.21146344357,119713.346936497,136738.03880356287,79692.8273401193,62668.13547305342,77045.21146344357,interactive_short,True,32
canvas_aware,105,57840.08979628094,119713.346936497,136738.03880356287,78897.94900728193,61873.257140216054,77840.08979628094,interactive_short,True,32
canvas_aware,106,57933.06871402434,119713.346936497,136738.03880356287,78804.97008953853,61780.278222472654,77933.06871402434,interactive_short,True,32
canvas_aware,107,57977.372604793556,119713.346936497,136738.03880356287,78760.66619876932,61735.97433170344,77977.37260479355,interactive_short,True,32
canvas_aware,108,58339.64200570052,132796.89490322114,148940.01886306482,90600.37685736429,74457.25289752061,78339.64200570053,interactive_short,True,32
canvas_aware,109,58840.75814968067,136855.89361673218,159677.86215395454,100837.10400427388,78015.13546705151,108840.75814968067,interactive_medium,True,128
canvas_aware,110,59044.8838343036,136771.93865111793,159596.24024233784,100551.35640803425,77727.05481681434,109044.88383430359,interactive_medium,True,64
canvas_aware,111,59897.922849887065,136738.03880356287,159512.2852767236,99614.36242683652,76840.1159536758,79897.92284988707,interactive_short,True,32
canvas_aware,112,60593.35150273642,136738.03880356287,159512.2852767236,98918.93377398717,76144.68730082645,80593.35150273642,interactive_short,True,32
canvas_aware,113,61151.936724010215,136738.03880356287,159512.2852767236,98360.34855271337,75586.10207955266,81151.93672401021,interactive_short,True,32
canvas_aware,114,61279.15107416356,136855.89361673218,159677.86215395454,98398.71107979098,75576.74254256862,111279.15107416356,interactive_medium,True,128
canvas_aware,115,61390.17935327033,136771.93865111793,159596.24024233784,98206.0608890675,75381.7592978476,111390.17935327033,interactive_medium,True,64
canvas_aware,116,61402.54367109993,136738.03880356287,159512.2852767236,98109.74160562365,75335.49513246294,81402.54367109993,interactive_short,True,32
canvas_aware,117,61542.95817139354,136738.03880356287,159512.2852767236,97969.32710533004,75195.08063216932,81542.95817139355,interactive_short,True,32
canvas_aware,118,61865.26654809012,136738.03880356287,159512.2852767236,97647.01872863347,74872.77225547275,81865.26654809012,interactive_short,True,32
canvas_aware,119,62812.9529528822,136738.03880356287,159512.2852767236,96699.33232384139,73925.08585068067,82812.9529528822,interactive_short,True,32
canvas_aware,120,62850.76116940531,136771.93865111793,159596.24024233784,96745.47907293253,73921.17748171263,112850.7611694053,interactive_medium,True,64
canvas_aware,121,63118.35534501975,136738.03880356287,159512.2852767236,96393.92993170384,73619.68345854312,83118.35534501975,interactive_short,True,32
canvas_aware,122,63615.16452911471,136771.93865111793,159596.24024233784,95981.07571322314,73156.77412200323,113615.1645291147,interactive_medium,True,64
canvas_aware,123,63723.27036825511,136738.03880356287,159512.2852767236,95789.01490846848,73014.76843530776,83723.27036825511,interactive_short,True,32
canvas_aware,124,64319.217145619754,149105.59574029577,170179.17087815717,105859.95373253741,84786.37859467602,84319.21714561975,interactive_short,True,32
canvas_aware,125,64660.19928608958,159677.86215395454,181642.19391135685,116981.99462526728,95017.66286786497,84660.19928608957,interactive_short,True,32
canvas_aware,126,64800.04594631269,159677.86215395454,181642.19391135685,116842.14796504416,94877.81620764185,84800.04594631269,interactive_short,True,32
canvas_aware,127,65333.687082703895,159767.9482562093,181828.75952999137,116495.07244728747,94434.2611735054,115333.6870827039,interactive_medium,True,128
canvas_aware,128,65336.46720655622,159704.9820319986,181747.13761837466,116410.67041181844,94368.51482544238,115336.46720655622,interactive_medium,True,64
canvas_aware,129,66031.5470708113,159704.9820319986,181747.13761837466,115715.59054756336,93673.4349611873,116031.5470708113,interactive_medium,True,64
canvas_aware,130,66766.48547586781,159677.86215395454,181642.19391135685,114875.70843548904,92911.37667808673,86766.48547586781,interactive_short,True,32
canvas_aware,131,66822.83880134864,159677.86215395454,181642.19391135685,114819.35511000821,92855.0233526059,86822.83880134864,interactive_short,True,32
canvas_aware,132,67099.65856177217,159704.9820319986,181747.13761837466,114647.47905660249,92605.32347022643,117099.65856177217,interactive_medium,True,64
canvas_aware,133,67196.38217993575,159767.9482562093,181828.75952999137,114632.37735005561,92571.56607627354,117196.38217993575,interactive_medium,True,128
canvas_aware,134,68781.0209150452,159677.86215395454,181642.19391135685,112861.17299631165,90896.84123890934,88781.0209150452,interactive_short,True,32
canvas_aware,135,69145.88267209117,159677.86215395454,181642.19391135685,112496.31123926568,90531.97948186337,89145.88267209117,interactive_short,True,32
canvas_aware,136,69171.64427204579,159677.86215395454,181642.19391135685,112470.54963931107,90506.21788190876,89171.64427204579,interactive_short,True,32
canvas_aware,137,69314.95111351069,170354.26887678413,187897.7633547305,118582.81224121981,101039.31776327344,119314.95111351069,interactive_medium,True,64
canvas_aware,138,70257.99612428322,170354.26887678413,187897.7633547305,117639.76723044728,100096.27275250091,120257.99612428322,interactive_medium,True,64
canvas_aware,139,70562.82379256428,170323.75901398456,187897.7633547305,117334.93956216623,99760.93522142028,90562.82379256428,interactive_short,True,32
canvas_aware,140,71371.09685488073,170323.75901398456,187897.7633547305,116526.66649984977,98952.66215910383,91371.09685488073,interactive_short,True,32
canvas_aware,141,71921.7714690968,181828.75952999137,191338.2768049939,119416.50533589709,109906.98806089457,91921.7714690968,interactive_short,True,32
canvas_aware,142,74128.73462274238,181828.75952999137,191338.2768049939,117209.5421822515,107700.02490724898,94128.73462274238,interactive_short,True,32
canvas_aware,143,74581.22745860655,181828.75952999137,191380.254287801,116799.02682919447,107247.53207138482,124581.22745860655,interactive_medium,True,64
canvas_aware,144,76079.48983678088,181828.75952999137,191338.2768049939,115258.78696821301,105749.26969321049,96079.48983678088,interactive_short,True,32
canvas_aware,145,77189.65115054013,181828.75952999137,191338.2768049939,114148.62565445376,104639.10837945124,97189.65115054013,interactive_short,True,32
canvas_aware,146,77663.86744977381,181828.75952999137,191338.2768049939,113674.40935522008,104164.89208021756,97663.86744977381,interactive_short,True,32
canvas_aware,147,78299.05546796502,181828.75952999137,191380.254287801,113081.19881983599,103529.70406202634,128299.05546796502,interactive_medium,True,64
canvas_aware,148,78650.43020043183,181828.75952999137,191338.2768049939,112687.84660456206,103178.32932955954,98650.43020043183,interactive_short,True,32
canvas_aware,149,79538.08545863265,181828.75952999137,191338.2768049939,111800.19134636124,102290.67407135872,99538.08545863265,interactive_short,True,32
canvas_aware,150,79934.98038071344,191420.9341048671,204385.776748991,124450.79636827754,111485.95372415366,179934.98038071344,interactive_long,True,256
canvas_aware,151,81072.50475786056,191380.254287801,204313.36506639456,123240.860308534,110307.74952994045,101072.50475786056,interactive_short,True,32
canvas_aware,152,81753.1211630551,191380.254287801,204313.36506639456,122560.24390333946,109627.13312474592,101753.1211630551,interactive_short,True,32
canvas_aware,153,82074.98970717941,191380.254287801,204313.36506639456,122238.37535921515,109305.2645806216,102074.98970717941,interactive_short,True,32
canvas_aware,154,82224.99630070727,191380.254287801,204313.36506639456,122088.3687656873,109155.25798709375,102224.99630070727,interactive_short,True,32
canvas_aware,155,82367.00053989809,191380.254287801,204313.36506639456,121946.36452649647,109013.25374790293,102367.00053989809,interactive_short,True,32
canvas_aware,156,82874.58866325446,191380.254287801,204313.36506639456,121438.7764031401,108505.66562454656,102874.58866325446,interactive_short,True,32
canvas_aware,157,83600.4077929984,191380.254287801,204313.36506639456,120712.95727339615,107779.84649480261,103600.4077929984,interactive_short,True,32
canvas_aware,158,83968.74818878995,191380.254287801,204313.36506639456,120344.61687760461,107411.50609901107,103968.74818878995,interactive_short,True,32
canvas_aware,159,84461.49951628041,191380.254287801,204313.36506639456,119851.86555011415,106918.7547715206,104461.49951628041,interactive_short,True,32
canvas_aware,160,84622.01378257456,191380.254287801,204313.36506639456,119691.35128382,106758.24050522645,104622.01378257456,interactive_short,True,32
canvas_aware,161,84662.33871189416,191380.254287801,204313.36506639456,119651.0263545004,106717.91557590685,104662.33871189416,interactive_short,True,32
canvas_aware,162,84830.58453590318,191380.254287801,204313.36506639456,119482.78053049138,106549.66975189783,104830.58453590318,interactive_short,True,32
canvas_aware,163,84989.11602135918,204486.03280551225,225301.74308485724,140312.62706349808,119496.91678415307,134989.11602135916,interactive_medium,True,128
canvas_aware,164,85181.73375472365,204423.06658130157,225220.12117324054,140038.38741851688,119241.33282657791,135181.73375472365,interactive_medium,True,64
canvas_aware,165,85570.16363611515,204385.776748991,225157.15494902985,139586.9913129147,118815.61311287584,105570.16363611515,interactive_short,True,32
canvas_aware,166,85644.6306604025,204385.776748991,225157.15494902985,139512.52428862735,118741.14608858849,105644.6306604025,interactive_short,True,32
canvas_aware,167,85776.13285687883,204385.776748991,225157.15494902985,139381.02209215102,118609.64389211216,105776.13285687883,interactive_short,True,32
canvas_aware,168,86368.13594607066,204385.776748991,225157.15494902985,138789.0190029592,118017.64080292033,106368.13594607066,interactive_short,True,32
canvas_aware,169,86980.93703650791,204385.776748991,225157.15494902985,138176.21791252194,117404.83971248308,106980.93703650791,interactive_short,True,32
canvas_aware,170,87014.12920202049,204486.03280551225,225301.74308485724,138287.61388283677,117471.90360349177,137014.12920202047,interactive_medium,True,128
canvas_aware,171,87275.9152682983,204385.776748991,225157.15494902985,137881.23968073155,117109.86148069269,107275.9152682983,interactive_short,True,32
canvas_aware,172,87667.02594521933,204385.776748991,225157.15494902985,137490.12900381052,116718.75080377166,107667.02594521933,interactive_short,True,32
canvas_aware,173,87935.75983792882,204423.06658130157,225220.12117324054,137284.36133531173,116487.30674337274,137935.7598379288,interactive_medium,True,64
canvas_aware,174,88051.62145727403,204423.06658130157,225220.12117324054,137168.49971596652,116371.44512402754,138051.621457274,interactive_medium,True,64
canvas_aware,175,88324.10878252305,204385.776748991,225157.15494902985,136833.0461665068,116061.66796646794,108324.10878252305,interactive_short,True,32
canvas_aware,176,89500.19858409047,204385.776748991,225157.15494902985,135656.9563649394,114885.57816490052,109500.19858409047,interactive_short,True,32
canvas_aware,177,89938.82905232742,204385.776748991,225157.15494902985,135218.32589670242,114446.94769666357,109938.82905232742,interactive_short,True,32
canvas_aware,178,90533.40889432828,204385.776748991,225157.15494902985,134623.74605470157,113852.3678546627,110533.40889432828,interactive_short,True,32
canvas_aware,179,91504.92814548327,225301.74308485724,242630.4386565787,151125.51051109546,133796.814939374,111504.92814548327,interactive_short,True,32
canvas_aware,180,92230.27968654275,225339.03291716782,242672.41613938584,150442.1364528431,133108.75323062507,142230.27968654275,interactive_medium,True,64
canvas_aware,181,92469.60496286812,225301.74308485724,242630.4386565787,150160.8336937106,132832.13812198912,112469.60496286812,interactive_short,True,32
canvas_aware,182,92472.56172992403,225381.01039997494,242744.82782198227,150272.26609205824,132908.44867005092,192472.56172992403,interactive_long,True,256
canvas_aware,183,92689.30794681743,225301.74308485724,242630.4386565787,149941.1307097613,132612.43513803981,112689.30794681743,interactive_short,True,32
canvas_aware,184,93389.45413584379,225301.74308485724,242630.4386565787,149240.98452073493,131912.28894901345,113389.45413584379,interactive_short,True,32
canvas_aware,185,94349.64144954704,225301.74308485724,242630.4386565787,148280.7972070317,130952.1016353102,114349.64144954704,interactive_short,True,32
canvas_aware,186,95883.04444454715,225339.03291716782,242672.41613938584,146789.3716948387,129455.98847262067,145883.04444454715,interactive_medium,True,64
canvas_aware,187,96154.56502146393,225301.74308485724,242630.4386565787,146475.87363511478,129147.17806339331,116154.56502146393,interactive_short,True,32
canvas_aware,188,96842.76806523936,225301.74308485724,242630.4386565787,145787.67059133935,128458.97501961788,116842.76806523936,interactive_short,True,32
canvas_aware,189,97237.74284251282,225301.74308485724,242630.4386565787,145392.6958140659,128064.00024234442,117237.74284251282,interactive_short,True,32
canvas_aware,190,97699.97056499714,225301.74308485724,242630.4386565787,144930.46809158157,127601.7725198601,117699.97056499714,interactive_short,True,32
canvas_aware,191,97824.54668081932,225301.74308485724,242630.4386565787,144805.8919757594,127477.19640403792,117824.54668081932,interactive_short,True,32
canvas_aware,192,97948.40675081649,225301.74308485724,242630.4386565787,144682.0319057622,127353.33633404075,117948.40675081649,interactive_short,True,32
canvas_aware,193,98234.6118743927,242838.30390899253,271585.73912819516,173351.12725380244,144603.69203459984,148234.61187439272,interactive_medium,True,128
canvas_aware,194,98249.33906051255,242744.82782198227,271437.24047368846,173187.90141317592,144495.48876146972,118249.33906051255,interactive_short,True,32
canvas_aware,195,98454.1731827479,242775.33768478184,271500.20669789915,173046.03351515124,144321.16450203396,148454.1731827479,interactive_medium,True,64
canvas_aware,196,99022.5513142485,242744.82782198227,271437.24047368846,172414.68915943996,143722.27650773377,119022.5513142485,interactive_short,True,32
canvas_aware,197,99281.57435283644,242744.82782198227,271437.24047368846,172155.66612085202,143463.25346914583,119281.57435283644,interactive_short,True,32
canvas_aware,198,99371.76291577135,242923.83633928854,271658.1508107916,172286.38789502025,143552.07342351717,199371.76291577134,interactive_long,True,256
canvas_aware,199,99686.74597084758,242775.33768478184,271500.20669789915,171813.46072705157,143088.59171393426,149686.74597084758,interactive_medium,True,64
canvas_aware,200,99755.0155249287,242838.30390899253,271585.73912819516,171830.72360326647,143083.2883840638,149755.0155249287,interactive_medium,True,128
canvas_aware,201,100241.78607765964,242838.30390899253,271585.73912819516,171343.95305053552,142596.5178313329,150241.78607765964,interactive_medium,True,128
canvas_aware,202,100255.45443684058,242775.33768478184,271500.20669789915,171244.75226105857,142519.88324794127,150255.45443684058,interactive_medium,True,64
canvas_aware,203,100505.90879672789,242744.82782198227,271437.24047368846,170931.33167696057,142238.91902525438,120505.90879672789,interactive_short,True,32
canvas_aware,204,100921.4150385529,242744.82782198227,271437.24047368846,170515.82543513557,141823.41278342938,120921.4150385529,interactive_short,True,32
canvas_aware,205,100935.15307872482,242744.82782198227,271437.24047368846,170502.08739496366,141809.67474325746,120935.15307872482,interactive_short,True,32
canvas_aware,206,101449.812317172,242744.82782198227,271437.24047368846,169987.42815651646,141295.01550481026,121449.812317172,interactive_short,True,32
canvas_aware,207,101522.7296946453,242744.82782198227,271437.24047368846,169914.51077904316,141222.09812733697,121522.7296946453,interactive_short,True,32
canvas_aware,208,101832.39787611211,242744.82782198227,271437.24047368846,169604.84259757635,140912.42994587016,121832.39787611211,interactive_short,True,32
canvas_aware,209,101858.19435285182,271833.2488094185,304649.0051239501,202790.81077109824,169975.0544565667,201858.19435285183,interactive_long,True,256
canvas_aware,210,102096.49008493083,271658.1508107916,304392.63799272216,202296.1479077913,169561.66072586074,122096.49008493083,interactive_short,True,32
canvas_aware,211,102215.4031702405,271688.66067359113,304455.60421693284,202240.20104669232,169473.25750335061,152215.40317024052,interactive_medium,True,64
canvas_aware,212,102413.29359999309,271658.1508107916,304392.63799272216,201979.34439272905,169244.85721079848,122413.29359999309,interactive_short,True,32
canvas_aware,213,103129.42025505258,271658.1508107916,304392.63799272216,201263.2177376696,168528.73055573902,123129.42025505258,interactive_short,True,32
canvas_aware,214,103367.73398674298,271751.6268978018,304537.22612854955,201169.49214180658,168383.89291105885,153367.73398674297,interactive_medium,True,128
canvas_aware,215,104064.91705909783,271833.2488094185,304649.0051239501,200584.08806485223,167768.33175032068,204064.91705909785,interactive_long,True,256
canvas_aware,216,104956.58741785116,271658.1508107916,304392.63799272216,199436.050574871,166701.56339294044,124956.58741785116,interactive_short,True,32
canvas_aware,217,105101.94510650923,271688.66067359113,304455.60421693284,199353.6591104236,166586.7155670819,155101.94510650923,interactive_medium,True,64
canvas_aware,218,105144.67298181758,271658.1508107916,304392.63799272216,199247.9650109046,166513.47782897402,125144.67298181758,interactive_short,True,32
canvas_aware,219,105154.45978497482,271658.1508107916,304392.63799272216,199238.17820774735,166503.69102581678,125154.45978497482,interactive_short,True,32
canvas_aware,220,105542.0931084934,271751.6268978018,304537.22612854955,198995.13302005615,166209.53378930842,155542.0931084934,interactive_medium,True,128
canvas_aware,221,110188.0229513581,271658.1508107916,304392.63799272216,194204.61504136404,161470.12785943347,130188.0229513581,interactive_short,True,32
canvas_aware,222,110403.3839055042,271658.1508107916,304392.63799272216,193989.25408721797,161254.7669052874,130403.3839055042,interactive_short,True,32
canvas_aware,223,110928.5008576382,271688.66067359113,304455.60421693284,193527.10335929465,160760.15981595294,160928.5008576382,interactive_medium,True,64
canvas_aware,224,111688.37499226487,271658.1508107916,304392.63799272216,192704.2630004573,159969.77581852672,131688.37499226487,interactive_short,True,32
canvas_aware,225,112215.7990092379,304649.0051239501,320171.94699320017,207956.14798396226,192433.20611471217,132215.7990092379,interactive_short,True,32
canvas_aware,226,112917.48509756419,304649.0051239501,320171.94699320017,207254.461895636,191731.5200263859,132917.48509756417,interactive_short,True,32
canvas_aware,227,114411.48355905867,304687.06256728905,320213.9244760073,205802.4409169486,190275.57900823036,164411.4835590587,interactive_medium,True,64
canvas_aware,228,114522.65592076635,304649.0051239501,320171.94699320017,205649.2910724338,190126.34920318372,134522.65592076635,interactive_short,True,32
canvas_aware,229,114532.9511984147,304729.04005009617,320269.72186938673,205736.77067097204,190196.08885168147,164532.9511984147,interactive_medium,True,128
canvas_aware,230,114615.61401057977,304649.0051239501,320171.94699320017,205556.3329826204,190033.3911133703,134615.61401057977,interactive_short,True,32
canvas_aware,231,114683.07789405865,304649.0051239501,320171.94699320017,205488.8690991415,189965.92722989141,134683.07789405866,interactive_short,True,32
canvas_aware,232,115236.58994548043,304649.0051239501,320171.94699320017,204935.35704771974,189412.41517846964,135236.58994548043,interactive_short,True,32
canvas_aware,233,115651.61158140597,304649.0051239501,320171.94699320017,204520.3354117942,188997.3935425441,135651.61158140597,interactive_short,True,32
canvas_aware,234,115774.53917908373,304649.0051239501,320171.94699320017,204397.40781411645,188874.46594486636,135774.53917908372,interactive_short,True,32
canvas_aware,235,116375.63466086773,304649.0051239501,320171.94699320017,203796.31233233243,188273.37046308233,136375.63466086774,interactive_short,True,32
canvas_aware,236,117103.77444832464,304687.06256728905,320213.9244760073,203110.15002768266,187583.2881189644,167103.77444832464,interactive_medium,True,64
canvas_aware,237,117195.60916673344,304649.0051239501,320171.94699320017,202976.3378264667,187453.39595721662,137195.60916673345,interactive_short,True,32
canvas_aware,238,117662.89697720333,304649.0051239501,320171.94699320017,202509.05001599685,186986.10814674676,137662.89697720332,interactive_short,True,32
canvas_aware,239,118351.91257873364,304649.0051239501,320171.94699320017,201820.03441446653,186297.09254521644,138351.91257873364,interactive_short,True,32
canvas_aware,240,118412.7325508719,304649.0051239501,320171.94699320017,201759.21444232826,186236.27257307817,138412.7325508719,interactive_short,True,32
canvas_aware,241,119268.19434091335,320269.72186938673,335314.5402234907,216046.34588257733,201001.52752847338,139268.19434091335,interactive_short,True,32
canvas_aware,242,120940.42482065367,320269.72186938673,335314.5402234907,214374.115402837,199329.29704873305,140940.4248206537,interactive_short,True,32
canvas_aware,243,120997.624749866,320345.59919974895,335412.31509967725,214414.69034981125,199347.97444988295,170997.624749866,interactive_medium,True,128
canvas_aware,244,121010.63168546757,320269.72186938673,335314.5402234907,214303.90853802313,199259.09018391918,141010.63168546755,interactive_short,True,32
canvas_aware,245,121197.58383456984,320303.6217169418,335356.5177062978,214158.93387172796,199106.03788237198,171197.58383456984,interactive_medium,True,64
canvas_aware,246,121763.17319740976,320269.72186938673,335314.5402234907,213551.3670260809,198506.54867197695,141763.17319740978,interactive_short,True,32
canvas_aware,247,123350.27787080762,320269.72186938673,335314.5402234907,211964.26235268306,196919.4439985791,143350.27787080762,interactive_short,True,32
canvas_aware,248,123602.91046126564,320269.72186938673,335314.5402234907,211711.62976222503,196666.81140812108,143602.91046126565,interactive_short,True,32
canvas_aware,249,124230.56930962036,320269.72186938673,335314.5402234907,211083.97091387032,196039.15255976637,144230.56930962036,interactive_short,True,32
canvas_aware,250,124270.08900736514,320269.72186938673,335314.5402234907,211044.45121612554,195999.6328620216,144270.08900736514,interactive_short,True,32
canvas_aware,251,124856.67247492446,320303.6217169418,335356.5177062978,210499.84523137333,195446.94924201735,174856.67247492447,interactive_medium,True,64
canvas_aware,252,125350.08593729614,320269.72186938673,335314.5402234907,209964.45428619452,194919.63593209058,145350.08593729616,interactive_short,True,32
canvas_aware,253,125403.82359323137,320269.72186938673,335314.5402234907,209910.7166302593,194865.89827615535,145403.82359323138,interactive_short,True,32
canvas_aware,254,126144.08410419556,335579.187336715,373884.4990656096,247740.41496141403,209435.10323251944,226144.08410419556,interactive_long,True,256
canvas_aware,255,127093.62251695,335579.187336715,373884.4990656096,246790.87654865958,208485.564819765,227093.62251695,interactive_long,True,256
canvas_aware,256,127552.28266631918,335412.31509967725,373577.0782135151,246024.79554719594,207860.03243335808,147552.28266631917,interactive_short,True,32
canvas_aware,257,127616.7991805127,335412.31509967725,373577.0782135151,245960.2790330024,207795.51591916455,147616.7991805127,interactive_short,True,32
canvas_aware,258,129679.54195003705,335412.31509967725,373577.0782135151,243897.53626347805,205732.77314964018,149679.54195003706,interactive_short,True,32
canvas_aware,259,130442.6314021725,335523.38994333555,373716.8305725088,243274.1991703363,205080.75854116306,180442.6314021725,interactive_medium,True,128
canvas_aware,260,130655.8765238148,335439.4349777213,373661.03317912936,243005.15665531455,204783.5584539065,180655.8765238148,interactive_medium,True,64
canvas_aware,261,130935.5152079981,335439.4349777213,373661.03317912936,242725.51797113125,204503.9197697232,180935.5152079981,interactive_medium,True,64
canvas_aware,262,131166.9862195622,335412.31509967725,373577.0782135151,242410.0919939529,204245.32888011503,151166.9862195622,interactive_short,True,32
canvas_aware,263,131519.5564154726,335412.31509967725,373577.0782135151,242057.52179804252,203892.75868420466,151519.5564154726,interactive_short,True,32
canvas_aware,264,131728.24771670968,335439.4349777213,373661.03317912936,241932.78546241968,203711.18726101163,181728.24771670968,interactive_medium,True,64
canvas_aware,265,132675.39512974554,335439.4349777213,373661.03317912936,240985.63804938382,202764.03984797577,182675.39512974554,interactive_medium,True,64
canvas_aware,266,133539.31140441404,335412.31509967725,373577.0782135151,240037.76680910107,201873.0036952632,153539.31140441404,interactive_short,True,32
canvas_aware,267,133595.0783204847,335579.187336715,373884.4990656096,240289.4207451249,201984.1090162303,233595.0783204847,interactive_long,True,256
canvas_aware,268,135214.4590302736,335412.31509967725,373577.0782135151,238362.6191832415,200197.85606940364,155214.4590302736,interactive_short,True,32
canvas_aware,269,135719.1901512949,335412.31509967725,373577.0782135151,237857.8880622202,199693.12494838235,155719.1901512949,interactive_short,True,32
canvas_aware,270,136601.38092833833,373925.17888267565,389750.9913962824,253149.61046794406,237323.79795433732,186601.38092833833,interactive_medium,True,64
canvas_aware,271,137215.69923666838,373884.4990656096,389709.01391347527,252493.31467680688,236668.7998289412,157215.69923666838,interactive_short,True,32
canvas_aware,272,137501.59529831857,373884.4990656096,389709.01391347527,252207.4186151567,236382.90376729102,157501.59529831857,interactive_short,True,32
canvas_aware,273,138163.34016449633,373967.1563654828,389806.78878966183,251643.4486251655,235803.81620098645,188163.34016449633,interactive_medium,True,128
canvas_aware,274,139846.35758013828,373884.4990656096,389709.01391347527,249862.65633333698,234038.1414854713,159846.35758013828,interactive_short,True,32
canvas_aware,275,140003.76939162516,373884.4990656096,389709.01391347527,249705.2445218501,233880.72967398443,160003.76939162516,interactive_short,True,32
canvas_aware,276,140829.41841341698,373884.4990656096,389709.01391347527,248879.5955000583,233055.0806521926,160829.41841341698,interactive_short,True,32
canvas_aware,277,141215.70077058361,373884.4990656096,389709.01391347527,248493.31314289165,232668.79829502598,161215.70077058361,interactive_short,True,32
canvas_aware,278,141546.03834942429,373884.4990656096,389709.01391347527,248162.97556405098,232338.4607161853,161546.03834942429,interactive_short,True,32
canvas_aware,279,141832.01178287735,373884.4990656096,389709.01391347527,247877.00213059792,232052.48728273224,161832.01178287735,interactive_short,True,32
canvas_aware,280,142488.58246041604,373925.17888267565,389750.9913962824,247262.40893586635,231436.5964222596,192488.58246041604,interactive_medium,True,64
canvas_aware,281,142644.84009221112,373884.4990656096,389709.01391347527,247064.17382126415,231239.65897339847,162644.84009221112,interactive_short,True,32
canvas_aware,282,143599.14347868544,373884.4990656096,389709.01391347527,246109.87043478983,230285.35558692415,163599.14347868544,interactive_short,True,32
canvas_aware,283,144487.27659124596,373884.4990656096,389709.01391347527,245221.7373222293,229397.22247436363,164487.27659124596,interactive_short,True,32
canvas_aware,284,144532.60171227608,373884.4990656096,389709.01391347527,245176.4122011992,229351.8973533335,164532.60171227608,interactive_short,True,32
canvas_aware,285,145599.5766970882,389903.6548614276,407363.087281362,261763.51058427378,244304.07816433941,195599.5766970882,interactive_medium,True,128
canvas_aware,286,145739.34333865045,389840.6886372169,407307.28988798254,261567.9465493321,244101.34529856648,195739.34333865045,interactive_medium,True,64
canvas_aware,287,146051.81521778315,389806.78878966183,407244.32366377185,261192.5084459887,243754.97357187868,166051.81521778315,interactive_short,True,32
canvas_aware,288,146523.0449304966,389806.78878966183,407244.32366377185,260721.27873327525,243283.74385916523,166523.0449304966,interactive_short,True,32
canvas_aware,289,146761.2484172821,389806.78878966183,407244.32366377185,260483.07524648975,243045.54037237974,166761.2484172821,interactive_short,True,32
canvas_aware,290,146775.80836542114,389806.78878966183,407244.32366377185,260468.5152983507,243030.9804242407,166775.80836542114,interactive_short,True,32
canvas_aware,291,147727.5546095749,389840.6886372169,407307.28988798254,259579.73527840764,242113.13402764202,197727.5546095749,interactive_medium,True,64
canvas_aware,292,147827.90320352226,389806.78878966183,407244.32366377185,259416.4204602496,241978.88558613957,167827.90320352226,interactive_short,True,32
canvas_aware,293,147947.1078509365,389806.78878966183,407244.32366377185,259297.21581283535,241859.68093872533,167947.1078509365,interactive_short,True,32
canvas_aware,294,148746.43685547588,389840.6886372169,407307.28988798254,258560.85303250665,241094.25178174104,198746.43685547588,interactive_medium,True,64
canvas_aware,295,148954.45134274074,389806.78878966183,407244.32366377185,258289.87232103111,240852.3374469211,168954.45134274074,interactive_short,True,32
canvas_aware,296,150015.9181405525,389806.78878966183,407244.32366377185,257228.40552321935,239790.87064910933,170015.9181405525,interactive_short,True,32
canvas_aware,297,150619.88136260773,389806.78878966183,407244.32366377185,256624.44230116412,239186.9074270541,170619.88136260773,interactive_short,True,32
canvas_aware,298,150781.54882081208,389806.78878966183,407244.32366377185,256462.77484295977,239025.23996884975,170781.54882081208,interactive_short,True,32
canvas_aware,299,150786.6503149878,407363.087281362,415836.3773888983,265049.7270739105,256576.43696637417,200786.6503149878,interactive_medium,True,64
